title,url,shop_url,status,shop_name,item_url,item_id,sku,origin_price,params,img_urls,img_paths
泡泡玛特θ SKULLPANDA × 小马宝莉毛绒公仔挂件盲盒礼物,https://popmart.world.tmall.com/shop/view_shop.htm,https://popmart.world.tmall.com/shop/view_shop.htm,done,泡泡玛特旗舰店,https://detail.tmall.com/item.htm?id=1005355188353,1005355188353,"{""combos"": [{""款式描述"": {""values"": [""随机1个 不支持7天无理由退换货""], ""selected"": ""随机1个 不支持7天无理由退换货""}, ""大小"": {""values"": [""盲盒随机不指定，不支持无理由退货退款""], ""selected"": ""盲盒随机不指定，不支持无理由退货退款""}, ""_combo_price"": ""款式描述=随机1个 不支持7天无理由退换货 | 大小=盲盒随机不指定，不支持无理由退货退款 | ￥159""}, {""款式描述"": {""values"": [""随机1个 不支持7天无理由退换货"", ""整盒6个 不支持7天无理由退换货""], ""selected"": ""整盒6个 不支持7天无理由退换货""}, ""大小"": {""values"": [""盲盒随机不指定，不支持无理由退货退款""], ""selected"": ""盲盒随机不指定，不支持无理由退货退款""}, ""_combo_price"": ""款式描述=整盒6个 不支持7天无理由退换货 | 大小=盲盒随机不指定，不支持无理由退货退款 | ￥954""}]}",款式描述=随机1个 不支持7天无理由退换货 | 大小=盲盒随机不指定，不支持无理由退货退款 | ￥159 || 款式描述=整盒6个 不支持7天无理由退换货 | 大小=盲盒随机不指定，不支持无理由退货退款 | ￥954,"{""IP"": ""SKULLPANDA"", ""出售状态"": ""现货"", ""品牌"": ""POP MART/泡泡玛特"", ""系列名"": ""SKULLPANDA × 小马宝莉系列毛绒公仔挂件"", ""款式类型"": ""常规款 小隐藏 大隐藏"", ""大小"": ""盲盒随机不指定，不支持无理由退货退款"", ""款式描述"": ""随机1个 不支持7天无理由退换货 整盒6个 不支持7天无理由退换货""}",https://img.alicdn.com/imgextra/i1/2885348004/O1CN011KwY6m28ztEPQsHxm_!!4611686018427382436-0-item_pic.jpg | https://img.alicdn.com/imgextra/i1/2885348004/O1CN01E21ugG28ztEPIS77K_!!2885348004.jpg | https://img.alicdn.com/imgextra/i2/2885348004/O1CN01qj8L7i28ztEPZnMp6_!!2885348004.jpg | https://img.alicdn.com/imgextra/i1/2885348004/O1CN010RfIZN28ztEPgRMt3_!!2885348004.jpg | https://img.alicdn.com/imgextra/i1/2885348004/O1CN01F9EOLx28ztEOs8GbR_!!2885348004.jpg,imgs/1005355188353_00.jpg | imgs/1005355188353_01.jpg | imgs/1005355188353_02.jpg | imgs/1005355188353_03.jpg | imgs/1005355188353_04.jpg
POPMART泡泡玛特星星人 点亮系列场景手办盲盒玩具摆件礼物,https://popmart.world.tmall.com/shop/view_shop.htm,https://popmart.world.tmall.com/shop/view_shop.htm,done,泡泡玛特旗舰店,https://detail.tmall.com/item.htm?id=950130697805,950130697805,"{""combos"": [{""款式描述"": {""values"": [""随机1个(限购9个) 不支持7天无理由退换货""], ""selected"": ""随机1个(限购9个) 不支持7天无理由退换货""}, ""大小"": {""values"": [""盲盒随机不指定，不支持无理由退货退款""], ""selected"": ""盲盒随机不指定，不支持无理由退货退款""}, ""_combo_price"": ""款式描述=随机1个(限购9个) 不支持7天无理由退换货 | 大小=盲盒随机不指定，不支持无理由退货退款 | ￥79""}, {""款式描述"": {""values"": [""随机1个(限购9个) 不支持7天无理由退换货"", ""整盒9个(限购1盒) 不支持7天无理由退换货""], ""selected"": ""整盒9个(限购1盒) 不支持7天无理由退换货""}, ""大小"": {""values"": [""盲盒随机不指定，不支持无理由退货退款""], ""selected"": ""盲盒随机不指定，不支持无理由退货退款""}, ""_combo_price"": ""款式描述=整盒9个(限购1盒) 不支持7天无理由退换货 | 大小=盲盒随机不指定，不支持无理由退货退款 | ￥711""}]}",款式描述=随机1个(限购9个) 不支持7天无理由退换货 | 大小=盲盒随机不指定，不支持无理由退货退款 | ￥79 || 款式描述=整盒9个(限购1盒) 不支持7天无理由退换货 | 大小=盲盒随机不指定，不支持无理由退货退款 | ￥711,"{""IP"": ""星星人"", ""出售状态"": ""现货"", ""品牌"": ""POP MART/泡泡玛特"", ""系列名"": ""星星人 点亮系列场景手办"", ""款式类型"": ""常规款 隐藏款"", ""大小"": ""盲盒随机不指定，不支持无理由退货退款"", ""款式描述"": ""随机1个(限购9个) 不支持7天无理由退换货 整盒9个(限购1盒) 不支持7天无理由退换货""}",https://img.alicdn.com/imgextra/i2/2885348004/O1CN01KHiPcq28ztEXaTOKl_!!4611686018427382436-0-item_pic.jpg | https://img.alicdn.com/imgextra/i2/2885348004/O1CN012NLJeL28ztBzUgjFG_!!2885348004.jpg | https://img.alicdn.com/imgextra/i3/2885348004/O1CN01nSQUQL28ztC5HveFT_!!2885348004.jpg | https://img.alicdn.com/imgextra/i4/2885348004/O1CN01LyZY6f28ztC5p9cVA_!!2885348004.jpg | https://img.alicdn.com/imgextra/i1/2885348004/O1CN01DlOzen28ztC5HwJpi_!!2885348004.jpg,imgs/950130697805_01.jpg | imgs/950130697805_02.jpg | imgs/950130697805_03.jpg | imgs/950130697805_04.jpg | imgs/950130697805_05.jpg
POPMART泡泡玛特THE MONSTERS × 三丽鸥家族搪胶毛绒挂件盲盒,https://popmart.world.tmall.com/shop/view_shop.htm,https://popmart.world.tmall.com/shop/view_shop.htm,done,泡泡玛特旗舰店,https://detail.tmall.com/item.htm?id=1003190883489,1003190883489,"{""combos"": [{""款式描述"": {""values"": [""随机1个(限购6个) 不支持7天无理由退换货""], ""selected"": ""随机1个(限购6个) 不支持7天无理由退换货""}, ""大小"": {""values"": [""盲盒随机不指定，不支持无理由退货退款""], ""selected"": ""盲盒随机不指定，不支持无理由退货退款""}, ""_combo_price"": ""款式描述=随机1个(限购6个) 不支持7天无理由退换货 | 大小=盲盒随机不指定，不支持无理由退货退款 | ￥159""}, {""款式描述"": {""values"": [""随机1个(限购6个) 不支持7天无理由退换货"", ""整盒6个(限购1盒) 不支持7天无理由退换货""], ""selected"": ""整盒6个(限购1盒) 不支持7天无理由退换货""}, ""大小"": {""values"": [""盲盒随机不指定，不支持无理由退货退款""], ""selected"": ""盲盒随机不指定，不支持无理由退货退款""}, ""_combo_price"": ""款式描述=整盒6个(限购1盒) 不支持7天无理由退换货 | 大小=盲盒随机不指定，不支持无理由退货退款 | ￥954""}]}",款式描述=随机1个(限购6个) 不支持7天无理由退换货 | 大小=盲盒随机不指定，不支持无理由退货退款 | ￥159 || 款式描述=整盒6个(限购1盒) 不支持7天无理由退换货 | 大小=盲盒随机不指定，不支持无理由退货退款 | ￥954,"{""IP"": ""THE MONSTERS"", ""出售状态"": ""现货"", ""品牌"": ""POP MART/泡泡玛特"", ""系列名"": ""THE MONSTERS × 三丽鸥家族系列 - 搪胶毛绒挂件盲盒"", ""款式类型"": ""常规款 隐藏款"", ""大小"": ""盲盒随机不指定，不支持无理由退货退款"", ""款式描述"": ""随机1个(限购6个) 不支持7天无理由退换货 整盒6个(限购1盒) 不支持7天无理由退换货""}",https://img.alicdn.com/imgextra/i1/2885348004/O1CN01sEjdIz28ztEjR48T3_!!4611686018427382436-0-item_pic.jpg | https://img.alicdn.com/imgextra/i2/2885348004/O1CN01766xyK28ztEjHZgGI_!!2885348004.jpg | https://img.alicdn.com/imgextra/i1/2885348004/O1CN011pIA5P28ztEihITFu_!!2885348004.jpg | https://img.alicdn.com/imgextra/i1/2885348004/O1CN01sLeq9d28ztEjE4qPq_!!2885348004.jpg | https://img.alicdn.com/imgextra/i1/2885348004/O1CN01a6O3ug28ztEihKHWl_!!2885348004.jpg,imgs/1003190883489_00.jpg | imgs/1003190883489_01.jpg | imgs/1003190883489_02.jpg | imgs/1003190883489_03.jpg | imgs/1003190883489_04.jpg
POPMART泡泡玛特THE MONSTERS心底密码搪胶毛绒挂件盲盒礼物,https://popmart.world.tmall.com/shop/view_shop.htm,https://popmart.world.tmall.com/shop/view_shop.htm,done,泡泡玛特旗舰店,https://detail.tmall.com/item.htm?id=920962322771,920962322771,"{""combos"": [{""款式描述"": {""values"": [""(A-M)随机1个 不支持7天无理由退换货""], ""selected"": ""(A-M)随机1个 不支持7天无理由退换货""}, ""大小"": {""values"": [""盲盒随机不指定，不支持无理由退货退款""], ""selected"": ""盲盒随机不指定，不支持无理由退货退款""}, ""_combo_price"": ""款式描述=(A-M)随机1个 不支持7天无理由退换货 | 大小=盲盒随机不指定，不支持无理由退货退款 | ￥79""}, {""款式描述"": {""values"": [""(A-M)随机1个 不支持7天无理由退换货"", ""（A-M)整盒14个 不支持7天无理由退换货""], ""selected"": ""（A-M)整盒14个 不支持7天无理由退换货""}, ""大小"": {""values"": [""盲盒随机不指定，不支持无理由退货退款""], ""selected"": ""盲盒随机不指定，不支持无理由退货退款""}, ""_combo_price"": ""款式描述=（A-M)整盒14个 不支持7天无理由退换货 | 大小=盲盒随机不指定，不支持无理由退货退款 | ￥1106""}, {""款式描述"": {""values"": [""(A-M)随机1个 不支持7天无理由退换货"", ""（A-M)整盒14个 不支持7天无理由退换货"", ""(N-Z)随机1个 不支持7天无理由退换货""], ""selected"": ""(N-Z)随机1个 不支持7天无理由退换货""}, ""大小"": {""values"": [""盲盒随机不指定，不支持无理由退货退款""], ""selected"": ""盲盒随机不指定，不支持无理由退货退款""}, ""_combo_price"": ""款式描述=(N-Z)随机1个 不支持7天无理由退换货 | 大小=盲盒随机不指定，不支持无理由退货退款 | ￥79""}, {""款式描述"": {""values"": [""(A-M)随机1个 不支持7天无理由退换货"", ""（A-M)整盒14个 不支持7天无理由退换货"", ""(N-Z)随机1个 不支持7天无理由退换货"", ""(N-Z)整盒14个 不支持7天无理由退换货""], ""selected"": ""(N-Z)整盒14个 不支持7天无理由退换货""}, ""大小"": {""values"": [""盲盒随机不指定，不支持无理由退货退款""], ""selected"": ""盲盒随机不指定，不支持无理由退货退款""}, ""_combo_price"": ""款式描述=(N-Z)整盒14个 不支持7天无理由退换货 | 大小=盲盒随机不指定，不支持无理由退货退款 | ￥1106""}]}",款式描述=(A-M)随机1个 不支持7天无理由退换货 | 大小=盲盒随机不指定，不支持无理由退货退款 | ￥79 || 款式描述=（A-M)整盒14个 不支持7天无理由退换货 | 大小=盲盒随机不指定，不支持无理由退货退款 | ￥1106 || 款式描述=(N-Z)随机1个 不支持7天无理由退换货 | 大小=盲盒随机不指定，不支持无理由退货退款 | ￥79 || 款式描述=(N-Z)整盒14个 不支持7天无理由退换货 | 大小=盲盒随机不指定，不支持无理由退货退款 | ￥1106,"{""IP"": ""THE MONSTERS"", ""出售状态"": ""现货"", ""品牌"": ""POP MART/泡泡玛特"", ""系列名"": ""THE MONSTERS心底密码系列 - 搪胶毛绒挂件盲盒"", ""款式类型"": ""常规款 隐藏款"", ""大小"": ""盲盒随机不指定，不支持无理由退货退款"", ""款式描述"": ""(A-M)随机1个 不支持7天无理由退换货 （A-M)整盒14个 不支持7天无理由退换货 (N-Z)随机1个 不支持7天无理由退换货 (N-Z)整盒14个 不支持7天无理由退换货""}",https://img.alicdn.com/imgextra/i1/2885348004/O1CN01WRzQEW28ztGAaXu0X_!!4611686018427382436-0-item_pic.jpg | https://img.alicdn.com/imgextra/i4/2885348004/O1CN01gtiMqp28ztCD4o14V_!!2885348004.jpg | https://img.alicdn.com/imgextra/i1/2885348004/O1CN015Em5WE28ztCCQiaWj_!!2885348004.jpg | https://img.alicdn.com/imgextra/i3/2885348004/O1CN01eBRig028ztCBNRhbk_!!2885348004.jpg | https://img.alicdn.com/imgextra/i1/2885348004/O1CN01kkf1Y928ztCC0muJL_!!2885348004.jpg,imgs/920962322771_00.jpg | imgs/920962322771_01.jpg | imgs/920962322771_02.jpg | imgs/920962322771_03.jpg | imgs/920962322771_04.jpg
泡泡玛特共鸣比奇堡的居民们搞怪毛绒 第二弹盲盒挂件礼物,https://popmart.world.tmall.com/shop/view_shop.htm,https://popmart.world.tmall.com/shop/view_shop.htm,done,泡泡玛特旗舰店,https://detail.tmall.com/item.htm?id=1004621053867,1004621053867,"{""combos"": [{""款式描述"": {""values"": [""随机1个 不支持7天无理由退换货""], ""selected"": ""随机1个 不支持7天无理由退换货""}, ""大小"": {""values"": [""盲盒随机不指定，不支持无理由退货退款""], ""selected"": ""盲盒随机不指定，不支持无理由退货退款""}, ""_combo_price"": ""款式描述=随机1个 不支持7天无理由退换货 | 大小=盲盒随机不指定，不支持无理由退货退款 | ￥69""}, {""款式描述"": {""values"": [""随机1个 不支持7天无理由退换货"", ""整盒6个 不支持7天无理由退换货""], ""selected"": ""整盒6个 不支持7天无理由退换货""}, ""大小"": {""values"": [""盲盒随机不指定，不支持无理由退货退款""], ""selected"": ""盲盒随机不指定，不支持无理由退货退款""}, ""_combo_price"": ""款式描述=整盒6个 不支持7天无理由退换货 | 大小=盲盒随机不指定，不支持无理由退货退款 | ￥414""}]}",款式描述=随机1个 不支持7天无理由退换货 | 大小=盲盒随机不指定，不支持无理由退货退款 | ￥69 || 款式描述=整盒6个 不支持7天无理由退换货 | 大小=盲盒随机不指定，不支持无理由退货退款 | ￥414,"{""IP"": ""海绵宝宝"", ""出售状态"": ""现货"", ""品牌"": ""POP MART/泡泡玛特"", ""系列名"": ""比奇堡的居民们-搞怪毛绒 第二弹"", ""款式类型"": ""常规款 隐藏款"", ""大小"": ""盲盒随机不指定，不支持无理由退货退款"", ""款式描述"": ""随机1个 不支持7天无理由退换货 整盒6个 不支持7天无理由退换货""}",https://img.alicdn.com/imgextra/i4/2885348004/O1CN01IKkgm528ztF03FDjn_!!4611686018427382436-0-item_pic.jpg | https://img.alicdn.com/imgextra/i2/2885348004/O1CN01lByLON28ztEzt7VCJ_!!2885348004.jpg | https://img.alicdn.com/imgextra/i3/2885348004/O1CN01cE1E9228ztEzkA4ub_!!2885348004.jpg | https://img.alicdn.com/imgextra/i2/2885348004/O1CN01ekP70A28ztEzkBcWw_!!2885348004.jpg | https://img.alicdn.com/imgextra/i2/2885348004/O1CN01hECpf328ztF0FmQ4S_!!2885348004.jpg,imgs/1004621053867_00.jpg | imgs/1004621053867_01.jpg | imgs/1004621053867_02.jpg | imgs/1004621053867_03.jpg | imgs/1004621053867_04.jpg
POPMART泡泡玛特泡泡萌粒 海岛度假系列耳机包盲盒周边礼物,https://popmart.world.tmall.com/shop/view_shop.htm,https://popmart.world.tmall.com/shop/view_shop.htm,done,泡泡玛特旗舰店,https://detail.tmall.com/item.htm?id=1032230795580,1032230795580,"{""combos"": [{""款式描述"": {""values"": [""随机1个 不支持7天无理由退换货""], ""selected"": ""随机1个 不支持7天无理由退换货""}, ""大小"": {""values"": [""盲盒随机不指定，不支持无理由退货退款""], ""selected"": ""盲盒随机不指定，不支持无理由退货退款""}, ""_combo_price"": ""款式描述=随机1个 不支持7天无理由退换货 | 大小=盲盒随机不指定，不支持无理由退货退款 | ￥99""}, {""款式描述"": {""values"": [""随机1个 不支持7天无理由退换货"", ""整盒6个 不支持7天无理由退换货""], ""selected"": ""整盒6个 不支持7天无理由退换货""}, ""大小"": {""values"": [""盲盒随机不指定，不支持无理由退货退款""], ""selected"": ""盲盒随机不指定，不支持无理由退货退款""}, ""_combo_price"": ""款式描述=整盒6个 不支持7天无理由退换货 | 大小=盲盒随机不指定，不支持无理由退货退款 | ￥594""}]}",款式描述=随机1个 不支持7天无理由退换货 | 大小=盲盒随机不指定，不支持无理由退货退款 | ￥99 || 款式描述=整盒6个 不支持7天无理由退换货 | 大小=盲盒随机不指定，不支持无理由退货退款 | ￥594,"{""IP"": ""泡泡萌粒 海岛度假系列"", ""出售状态"": ""现货"", ""品牌"": ""POP MART/泡泡玛特"", ""系列名"": ""泡泡萌粒 海岛度假系列 耳机包"", ""款式类型"": ""常规款 隐藏款"", ""大小"": ""盲盒随机不指定，不支持无理由退货退款"", ""款式描述"": ""随机1个 不支持7天无理由退换货 整盒6个 不支持7天无理由退换货""}",https://img.alicdn.com/imgextra/i3/2885348004/O1CN01kRuRFt28ztGcIhBRp_!!4611686018427382436-0-item_pic.jpg | https://img.alicdn.com/imgextra/i3/2885348004/O1CN01BVdyBu28ztGFpLPCn_!!2885348004.jpg | https://img.alicdn.com/imgextra/i3/2885348004/O1CN017w3ViO28ztGFjt9kj_!!2885348004.jpg | https://img.alicdn.com/imgextra/i3/2885348004/O1CN01c8hLkW28ztGaksD0F_!!2885348004.jpg | https://img.alicdn.com/imgextra/i3/2885348004/O1CN01YOGyya28ztGG94YCO_!!2885348004.jpg,imgs/1032230795580_00.jpg | imgs/1032230795580_01.jpg | imgs/1032230795580_02.jpg | imgs/1032230795580_03.jpg | imgs/1032230795580_04.jpg
POPMART泡泡玛特星星人欢迎来到月球表面系列冰淇淋毛绒挂件盲盒,https://popmart.world.tmall.com/shop/view_shop.htm,https://popmart.world.tmall.com/shop/view_shop.htm,done,泡泡玛特旗舰店,https://detail.tmall.com/item.htm?id=1019284580226,1019284580226,"{""combos"": [{""款式描述"": {""values"": [""随机1个(限购4个) 不支持7天无理由退换货""], ""selected"": ""随机1个(限购4个) 不支持7天无理由退换货""}, ""大小"": {""values"": [""盲盒随机不指定，不支持无理由退货退款""], ""selected"": ""盲盒随机不指定，不支持无理由退货退款""}, ""_combo_price"": ""款式描述=随机1个(限购4个) 不支持7天无理由退换货 | 大小=盲盒随机不指定，不支持无理由退货退款 | ￥79""}, {""款式描述"": {""values"": [""随机1个(限购4个) 不支持7天无理由退换货"", ""整盒4个(限购1盒) 不支持7天无理由退换货""], ""selected"": ""整盒4个(限购1盒) 不支持7天无理由退换货""}, ""大小"": {""values"": [""盲盒随机不指定，不支持无理由退货退款""], ""selected"": ""盲盒随机不指定，不支持无理由退货退款""}, ""_combo_price"": ""款式描述=整盒4个(限购1盒) 不支持7天无理由退换货 | 大小=盲盒随机不指定，不支持无理由退货退款 | ￥316""}]}",款式描述=随机1个(限购4个) 不支持7天无理由退换货 | 大小=盲盒随机不指定，不支持无理由退货退款 | ￥79 || 款式描述=整盒4个(限购1盒) 不支持7天无理由退换货 | 大小=盲盒随机不指定，不支持无理由退货退款 | ￥316,"{""IP"": ""星星人"", ""出售状态"": ""现货"", ""品牌"": ""POP MART/泡泡玛特"", ""系列名"": ""欢迎来到月球表面系列-冰淇淋毛绒挂件盲盒"", ""款式类型"": ""常规款 隐藏款"", ""大小"": ""盲盒随机不指定，不支持无理由退货退款"", ""款式描述"": ""随机1个(限购4个) 不支持7天无理由退换货 整盒4个(限购1盒) 不支持7天无理由退换货""}",https://img.alicdn.com/imgextra/i1/2885348004/O1CN01j1DpBM28ztFB7hVSF_!!4611686018427382436-0-item_pic.jpg | https://img.alicdn.com/imgextra/i1/2885348004/O1CN01KbvAoz28ztFB7LQ6V_!!2885348004.jpg | https://img.alicdn.com/imgextra/i4/2885348004/O1CN016Xk0FR28ztFAczlIN_!!2885348004.jpg | https://img.alicdn.com/imgextra/i4/2885348004/O1CN01DwtOUQ28ztFB4Wh80_!!2885348004.jpg | https://img.alicdn.com/imgextra/i4/2885348004/O1CN01bnMawc28ztFBNhRy9_!!2885348004.jpg,imgs/1019284580226_00.jpg | imgs/1019284580226_01.jpg | imgs/1019284580226_02.jpg | imgs/1019284580226_03.jpg | imgs/1019284580226_04.jpg
POPMART泡泡玛特鬼灭之刃立志篇系列积木手办盲盒玩具摆件礼物,https://popmart.world.tmall.com/shop/view_shop.htm,https://popmart.world.tmall.com/shop/view_shop.htm,done,泡泡玛特旗舰店,https://detail.tmall.com/item.htm?id=1032230359877,1032230359877,"{""combos"": [{""款式描述"": {""values"": [""随机1个 不支持7天无理由退换货""], ""selected"": ""随机1个 不支持7天无理由退换货""}, ""大小"": {""values"": [""盲盒随机不指定，不支持无理由退货退款""], ""selected"": ""盲盒随机不指定，不支持无理由退货退款""}, ""_combo_price"": ""款式描述=随机1个 不支持7天无理由退换货 | 大小=盲盒随机不指定，不支持无理由退货退款 | ￥119""}, {""款式描述"": {""values"": [""随机1个 不支持7天无理由退换货"", ""整盒8个 不支持7天无理由退换货""], ""selected"": ""整盒8个 不支持7天无理由退换货""}, ""大小"": {""values"": [""盲盒随机不指定，不支持无理由退货退款""], ""selected"": ""盲盒随机不指定，不支持无理由退货退款""}, ""_combo_price"": ""款式描述=整盒8个 不支持7天无理由退换货 | 大小=盲盒随机不指定，不支持无理由退货退款 | ￥952""}]}",款式描述=随机1个 不支持7天无理由退换货 | 大小=盲盒随机不指定，不支持无理由退货退款 | ￥119 || 款式描述=整盒8个 不支持7天无理由退换货 | 大小=盲盒随机不指定，不支持无理由退货退款 | ￥952,"{""IP"": ""鬼灭之刃"", ""出售状态"": ""现货"", ""品牌"": ""POP MART/泡泡玛特"", ""系列名"": ""鬼灭之刃立志篇系列积木手办"", ""款式类型"": ""常规款 隐藏款"", ""大小"": ""盲盒随机不指定，不支持无理由退货退款"", ""款式描述"": ""随机1个 不支持7天无理由退换货 整盒8个 不支持7天无理由退换货""}",https://img.alicdn.com/imgextra/i4/2885348004/O1CN01F2Btxz28ztGabtU7M_!!4611686018427382436-0-item_pic.jpg | https://img.alicdn.com/imgextra/i3/2885348004/O1CN01163ec128ztG8G5yQI_!!2885348004.jpg | https://img.alicdn.com/imgextra/i1/2885348004/O1CN01TGcMuf28ztG8JIzg1_!!2885348004.jpg | https://img.alicdn.com/imgextra/i3/2885348004/O1CN01c8hLkW28ztGaksD0F_!!2885348004.jpg | https://img.alicdn.com/imgextra/i2/2885348004/O1CN01oNvT1l28ztG8EDiO3_!!2885348004.jpg,imgs/1032230359877_01.jpg | imgs/1032230359877_02.jpg | imgs/1032230359877_03.jpg | imgs/1032230359877_04.jpg | imgs/1032230359877_05.jpg
泡泡玛特拉布布THE MONSTERS寻找美人鱼拼搭积木LABUBU礼物,https://popmart.world.tmall.com/shop/view_shop.htm,https://popmart.world.tmall.com/shop/view_shop.htm,done,泡泡玛特旗舰店,https://detail.tmall.com/item.htm?id=1024284643350,1024284643350,"{""combos"": [{""商品规格"": {""values"": [""寻找美人鱼号""], ""selected"": ""寻找美人鱼号""}, ""_combo_price"": ""商品规格=寻找美人鱼号 | ￥999""}, {""商品规格"": {""values"": [""寻找美人鱼号"", ""小灯笼鱼号""], ""selected"": ""小灯笼鱼号""}, ""_combo_price"": ""商品规格=小灯笼鱼号 | ￥129""}, {""商品规格"": {""values"": [""寻找美人鱼号"", ""小灯笼鱼号"", ""小锤鲨号""], ""selected"": ""小锤鲨号""}, ""_combo_price"": ""商品规格=小锤鲨号 | ￥129""}, {""商品规格"": {""values"": [""寻找美人鱼号"", ""小灯笼鱼号"", ""小锤鲨号"", ""小海马号""], ""selected"": ""小海马号""}, ""_combo_price"": ""商品规格=小海马号 | ￥129""}, {""商品规格"": {""values"": [""寻找美人鱼号"", ""小灯笼鱼号"", ""小锤鲨号"", ""小海马号"", ""四款场景组合套装""], ""selected"": ""四款场景组合套装""}, ""_combo_price"": ""商品规格=四款场景组合套装 | ￥1386""}]}",商品规格=寻找美人鱼号 | ￥999 || 商品规格=小灯笼鱼号 | ￥129 || 商品规格=小锤鲨号 | ￥129 || 商品规格=小海马号 | ￥129 || 商品规格=四款场景组合套装 | ￥1386,"{""品牌"": ""POP MART/泡泡玛特"", ""型号"": ""THE MONSTERS寻找美人鱼系列拼搭积木"", ""产地"": ""中国大陆"", ""性别倾向"": ""男女通用""}",https://img.alicdn.com/imgextra/i2/2885348004/O1CN01QAuQpg28ztGaR0msk_!!4611686018427382436-0-item_pic.jpg | https://img.alicdn.com/imgextra/i4/2885348004/O1CN0162flSe28ztFLifv2K_!!2885348004.jpg | https://img.alicdn.com/imgextra/i1/2885348004/O1CN01XMFADL28ztFM8YRvZ_!!2885348004.jpg | https://img.alicdn.com/imgextra/i3/2885348004/O1CN01c8hLkW28ztGaksD0F_!!2885348004.jpg | https://img.alicdn.com/imgextra/i4/2885348004/O1CN01JkiLlY28ztFLosXOC_!!2885348004.jpg,imgs/1024284643350_00.jpg | imgs/1024284643350_01.jpg | imgs/1024284643350_02.jpg | imgs/1024284643350_03.jpg | imgs/1024284643350_04.jpg
POPMART泡泡玛特小野Hirono×Le Petit Prince 手办盲盒礼物,https://popmart.world.tmall.com/shop/view_shop.htm,https://popmart.world.tmall.com/shop/view_shop.htm,done,泡泡玛特旗舰店,https://detail.tmall.com/item.htm?id=820984449126,820984449126,"{""combos"": [{""款式描述"": {""values"": [""随机1个 不支持7天无理由退换货""], ""selected"": ""随机1个 不支持7天无理由退换货""}, ""大小"": {""values"": [""盲盒随机不指定，不支持无理由退货退款""], ""selected"": ""盲盒随机不指定，不支持无理由退货退款""}, ""_combo_price"": ""款式描述=随机1个 不支持7天无理由退换货 | 大小=盲盒随机不指定，不支持无理由退货退款 | ￥69""}, {""款式描述"": {""values"": [""随机1个 不支持7天无理由退换货"", ""整盒12个 不支持7天无理由退换货""], ""selected"": ""整盒12个 不支持7天无理由退换货""}, ""大小"": {""values"": [""盲盒随机不指定，不支持无理由退货退款""], ""selected"": ""盲盒随机不指定，不支持无理由退货退款""}, ""_combo_price"": ""款式描述=整盒12个 不支持7天无理由退换货 | 大小=盲盒随机不指定，不支持无理由退货退款 | ￥828""}]}",款式描述=随机1个 不支持7天无理由退换货 | 大小=盲盒随机不指定，不支持无理由退货退款 | ￥69 || 款式描述=整盒12个 不支持7天无理由退换货 | 大小=盲盒随机不指定，不支持无理由退货退款 | ￥828,"{""IP"": ""Hirono×Le Petit Prince"", ""出售状态"": ""现货"", ""品牌"": ""POP MART/泡泡玛特"", ""系列名"": ""Hirono×Le Petit Prince 系列手办"", ""款式类型"": ""常规款 隐藏款"", ""大小"": ""盲盒随机不指定，不支持无理由退货退款"", ""款式描述"": ""随机1个 不支持7天无理由退换货 整盒12个 不支持7天无理由退换货""}",https://img.alicdn.com/imgextra/i3/2885348004/O1CN014dhJbw28ztGaQuPZm_!!4611686018427382436-0-item_pic.jpg | https://img.alicdn.com/imgextra/i1/2885348004/O1CN01OCKnSX28zt6pZqWyd_!!2885348004.jpg | https://img.alicdn.com/imgextra/i3/2885348004/O1CN01n1OYfZ28zt6wFarTw_!!2885348004.jpg | https://img.alicdn.com/imgextra/i3/2885348004/O1CN01c8hLkW28ztGaksD0F_!!2885348004.jpg | https://img.alicdn.com/imgextra/i4/2885348004/O1CN01pu5dNy28zt6xNa6ui_!!2885348004.jpg,imgs/820984449126_01.jpg | imgs/820984449126_02.jpg | imgs/820984449126_03.jpg | imgs/820984449126_04.jpg | imgs/820984449126_05.jpg
POPMART泡泡玛特 DIMOO 梦响曲系列拼搭积木玩具礼物,https://popmart.world.tmall.com/shop/view_shop.htm,https://popmart.world.tmall.com/shop/view_shop.htm,done,泡泡玛特旗舰店,https://detail.tmall.com/item.htm?id=949045547095,949045547095,"{""combos"": [{""颜色分类"": {""values"": [""星河木马""], ""selected"": ""星河木马""}, ""_combo_price"": ""颜色分类=星河木马 | ￥199""}, {""颜色分类"": {""values"": [""星河木马"", ""铃兰摩天轮""], ""selected"": ""铃兰摩天轮""}, ""_combo_price"": ""颜色分类=铃兰摩天轮 | ￥199""}, {""颜色分类"": {""values"": [""星河木马"", ""铃兰摩天轮"", ""弦月飞车""], ""selected"": ""弦月飞车""}, ""_combo_price"": ""颜色分类=弦月飞车 | ￥199""}, {""颜色分类"": {""values"": [""星河木马"", ""铃兰摩天轮"", ""弦月飞车"", ""琴音舞会"", ""梦响指挥家"", ""五款场景组合套装""], ""selected"": """"}, ""_combo_price"": ""颜色分类= | ￥199""}, {""颜色分类"": {""values"": [""星河木马"", ""铃兰摩天轮"", ""弦月飞车"", ""琴音舞会"", ""梦响指挥家""], ""selected"": ""梦响指挥家""}, ""_combo_price"": ""颜色分类=梦响指挥家 | ￥199""}, {""颜色分类"": {""values"": [""星河木马"", ""铃兰摩天轮"", ""弦月飞车"", ""琴音舞会"", ""梦响指挥家"", ""五款场景组合套装""], ""selected"": """"}, ""_combo_price"": ""颜色分类= | ￥199""}]}",颜色分类=星河木马 | ￥199 || 颜色分类=铃兰摩天轮 | ￥199 || 颜色分类=弦月飞车 | ￥199 || 颜色分类= | ￥199 || 颜色分类=梦响指挥家 | ￥199 || 颜色分类= | ￥199,"{""玩具类型"": ""拼搭积木"", ""适用年龄"": ""15岁以上"", ""品牌"": ""POP MART/泡泡玛特"", ""型号"": ""DIMOO梦响曲系列拼搭积木"", ""产地"": ""中国大陆"", ""颜色分类"": ""星河木马 铃兰摩天轮 弦月飞车 琴音舞会 梦响指挥家 五款场景组合套装""}",https://img.alicdn.com/imgextra/i4/2885348004/O1CN01d2Y16g28ztGap6Y8t_!!4611686018427382436-0-item_pic.jpg | https://img.alicdn.com/imgextra/i3/2885348004/O1CN01vqEnb428ztBvmxhfH_!!2885348004.jpg | https://img.alicdn.com/imgextra/i2/2885348004/O1CN01IAWoPz28ztByIrMTw_!!2885348004.jpg | https://img.alicdn.com/imgextra/i3/2885348004/O1CN01c8hLkW28ztGaksD0F_!!2885348004.jpg | https://img.alicdn.com/imgextra/i2/2885348004/O1CN01xdj04g28ztBwInnUe_!!2885348004.jpg,imgs/949045547095_01.jpg | imgs/949045547095_02.jpg | imgs/949045547095_03.jpg | imgs/949045547095_04.jpg | imgs/949045547095_05.jpg
POPMART泡泡玛特HACIPUPU迷路汪汪系列搪胶毛绒挂件盲盒,https://popmart.world.tmall.com/shop/view_shop.htm,https://popmart.world.tmall.com/shop/view_shop.htm,done,泡泡玛特旗舰店,https://detail.tmall.com/item.htm?id=1032918650549,1032918650549,"{""combos"": [{""款式描述"": {""values"": [""随机1个 不支持7天无理由退换货""], ""selected"": ""随机1个 不支持7天无理由退换货""}, ""大小"": {""values"": [""盲盒随机不指定，不支持无理由退货退款""], ""selected"": ""盲盒随机不指定，不支持无理由退货退款""}, ""_combo_price"": ""款式描述=随机1个 不支持7天无理由退换货 | 大小=盲盒随机不指定，不支持无理由退货退款 | ￥109""}, {""款式描述"": {""values"": [""随机1个 不支持7天无理由退换货"", ""整盒6个 不支持7天无理由退换货""], ""selected"": ""整盒6个 不支持7天无理由退换货""}, ""大小"": {""values"": [""盲盒随机不指定，不支持无理由退货退款""], ""selected"": ""盲盒随机不指定，不支持无理由退货退款""}, ""_combo_price"": ""款式描述=整盒6个 不支持7天无理由退换货 | 大小=盲盒随机不指定，不支持无理由退货退款 | ￥654""}]}",款式描述=随机1个 不支持7天无理由退换货 | 大小=盲盒随机不指定，不支持无理由退货退款 | ￥109 || 款式描述=整盒6个 不支持7天无理由退换货 | 大小=盲盒随机不指定，不支持无理由退货退款 | ￥654,"{""IP"": ""HACIPUPU"", ""出售状态"": ""现货"", ""品牌"": ""POP MART/泡泡玛特"", ""系列名"": ""HACIPUPU迷路汪汪系列-搪胶毛绒挂件盲盒"", ""款式类型"": ""常规款 隐藏款"", ""大小"": ""盲盒随机不指定，不支持无理由退货退款"", ""款式描述"": ""随机1个 不支持7天无理由退换货 整盒6个 不支持7天无理由退换货""}",https://img.alicdn.com/imgextra/i4/2885348004/O1CN01Q9os8T28ztGBXEFvm_!!4611686018427382436-0-item_pic.jpg | https://img.alicdn.com/imgextra/i2/2885348004/O1CN01UBKfG428ztGBWzkoK_!!2885348004.jpg | https://img.alicdn.com/imgextra/i4/2885348004/O1CN01ocPYD428ztGFqgnLm_!!2885348004.jpg | https://img.alicdn.com/imgextra/i4/2885348004/O1CN01SmGITi28ztGFoTd1p_!!2885348004.jpg | https://img.alicdn.com/imgextra/i3/2885348004/O1CN01YiwMmX28ztGG88DH4_!!2885348004.jpg,imgs/1032918650549_00.jpg | imgs/1032918650549_01.jpg | imgs/1032918650549_02.jpg | imgs/1032918650549_03.jpg | imgs/1032918650549_04.jpg
泡泡玛特共鸣火影忍者疾风传大战晓组织主题手办盲盒礼物,https://popmart.world.tmall.com/shop/view_shop.htm,https://popmart.world.tmall.com/shop/view_shop.htm,done,泡泡玛特旗舰店,https://detail.tmall.com/item.htm?id=989864254850,989864254850,"{""combos"": [{""款式描述"": {""values"": [""随机1个 不支持7天无理由退换货""], ""selected"": ""随机1个 不支持7天无理由退换货""}, ""大小"": {""values"": [""盲盒随机不指定，不支持无理由退货退款""], ""selected"": ""盲盒随机不指定，不支持无理由退货退款""}, ""_combo_price"": ""款式描述=随机1个 不支持7天无理由退换货 | 大小=盲盒随机不指定，不支持无理由退货退款 | ￥79""}, {""款式描述"": {""values"": [""随机1个 不支持7天无理由退换货"", ""整盒10个 不支持7天无理由退换货""], ""selected"": ""整盒10个 不支持7天无理由退换货""}, ""大小"": {""values"": [""盲盒随机不指定，不支持无理由退货退款""], ""selected"": ""盲盒随机不指定，不支持无理由退货退款""}, ""_combo_price"": ""款式描述=整盒10个 不支持7天无理由退换货 | 大小=盲盒随机不指定，不支持无理由退货退款 | ￥790""}]}",款式描述=随机1个 不支持7天无理由退换货 | 大小=盲盒随机不指定，不支持无理由退货退款 | ￥79 || 款式描述=整盒10个 不支持7天无理由退换货 | 大小=盲盒随机不指定，不支持无理由退货退款 | ￥790,"{""IP"": ""火影忍者"", ""出售状态"": ""现货"", ""品牌"": ""POP MART/泡泡玛特"", ""系列名"": ""火影忍者疾风传系列大战晓组织主题手办"", ""款式类型"": ""常规款 隐藏款"", ""大小"": ""盲盒随机不指定，不支持无理由退货退款"", ""款式描述"": ""随机1个 不支持7天无理由退换货 整盒10个 不支持7天无理由退换货""}",https://img.alicdn.com/imgextra/i1/2885348004/O1CN011TioUe28ztGabsXnd_!!4611686018427382436-0-item_pic.jpg | https://img.alicdn.com/imgextra/i4/2885348004/O1CN01cy0xh028ztD9j0L4Q_!!2885348004.jpg | https://img.alicdn.com/imgextra/i3/2885348004/O1CN01SDbinh28ztD9LOGWr_!!2885348004.jpg | https://img.alicdn.com/imgextra/i3/2885348004/O1CN01c8hLkW28ztGaksD0F_!!2885348004.jpg | https://img.alicdn.com/imgextra/i2/2885348004/O1CN01QAAPF128ztDAv5q1m_!!2885348004.jpg,imgs/989864254850_00.jpg | imgs/989864254850_01.jpg | imgs/989864254850_02.jpg | imgs/989864254850_03.jpg | imgs/989864254850_04.jpg
泡泡玛特拉布布THE MONSTERS森林秘密基地拼搭积木LABUBU礼物,https://popmart.world.tmall.com/shop/view_shop.htm,https://popmart.world.tmall.com/shop/view_shop.htm,done,泡泡玛特旗舰店,https://detail.tmall.com/item.htm?id=742909290512,742909290512,"{""combos"": [{""颜色分类"": {""values"": [""咔嚓维修""], ""selected"": ""咔嚓维修""}, ""_combo_price"": ""颜色分类=咔嚓维修 | ￥199""}, {""颜色分类"": {""values"": [""咔嚓维修"", ""果酱涂鸦""], ""selected"": ""果酱涂鸦""}, ""_combo_price"": ""颜色分类=果酱涂鸦 | ￥199""}, {""颜色分类"": {""values"": [""咔嚓维修"", ""果酱涂鸦"", ""香甜酿造""], ""selected"": ""香甜酿造""}, ""_combo_price"": ""颜色分类=香甜酿造 | ￥269""}, {""颜色分类"": {""values"": [""咔嚓维修"", ""果酱涂鸦"", ""香甜酿造"", ""滚滚宝石""], ""selected"": ""滚滚宝石""}, ""_combo_price"": ""颜色分类=滚滚宝石 | ￥269""}, {""颜色分类"": {""values"": [""咔嚓维修"", ""果酱涂鸦"", ""香甜酿造"", ""滚滚宝石"", ""淘气木屋（含隐藏款概率为1:72，不支持7天无理由退换）""], ""selected"": ""淘气木屋（含隐藏款概率为1:72，不支持7天无理由退换）""}, ""_combo_price"": ""颜色分类=淘气木屋（含隐藏款概率为1:72，不支持7天无理由退换） | ￥399""}, {""颜色分类"": {""values"": [""咔嚓维修"", ""果酱涂鸦"", ""香甜酿造"", ""滚滚宝石"", ""淘气木屋（含隐藏款概率为1:72，不支持7天无理由退换）"", ""五款场景组合（淘气木屋含隐藏款概率为1:72，不支持7天无理由退换）""], ""selected"": ""五款场景组合（淘气木屋含隐藏款概率为1:72，不支持7天无理由退换）""}, ""_combo_price"": ""颜色分类=五款场景组合（淘气木屋含隐藏款概率为1:72，不支持7天无理由退换） | ￥1335""}]}",颜色分类=咔嚓维修 | ￥199 || 颜色分类=果酱涂鸦 | ￥199 || 颜色分类=香甜酿造 | ￥269 || 颜色分类=滚滚宝石 | ￥269 || 颜色分类=淘气木屋（含隐藏款概率为1:72，不支持7天无理由退换） | ￥399 || 颜色分类=五款场景组合（淘气木屋含隐藏款概率为1:72，不支持7天无理由退换） | ￥1335,"{""品牌"": ""POP MART/泡泡玛特"", ""型号"": ""THE MONSTERS 森林秘密基地系列拼搭积木"", ""产地"": ""中国大陆"", ""性别倾向"": ""男女通用"", ""颜色分类"": ""咔嚓维修 果酱涂鸦 香甜酿造 滚滚宝石 淘气木屋（含隐藏款概率为1:72，不支持7天无理由退换） 五款场景组合（淘气木屋含隐藏款概率为1:72，不支持7天无理由退换）""}",https://img.alicdn.com/imgextra/i1/2885348004/O1CN01EEBCxc28ztGab4bWV_!!4611686018427382436-0-item_pic.jpg | https://img.alicdn.com/imgextra/i1/2885348004/O1CN010CO0it28zt4UqBsCs_!!2885348004.jpg | https://img.alicdn.com/imgextra/i3/2885348004/O1CN01cxenCQ28zt4WzGi0x_!!2885348004.jpg | https://img.alicdn.com/imgextra/i3/2885348004/O1CN01c8hLkW28ztGaksD0F_!!2885348004.jpg,imgs/742909290512_01.jpg | imgs/742909290512_02.jpg | imgs/742909290512_03.jpg | imgs/742909290512_04.jpg
POPMART泡泡玛特Peach Riot 叛桃破序和弦系列手办盲盒礼物,https://popmart.world.tmall.com/shop/view_shop.htm,https://popmart.world.tmall.com/shop/view_shop.htm,done,泡泡玛特旗舰店,https://detail.tmall.com/item.htm?id=1024292099948,1024292099948,"{""combos"": [{""款式描述"": {""values"": [""随机1个 不支持7天无理由退换货""], ""selected"": ""随机1个 不支持7天无理由退换货""}, ""大小"": {""values"": [""盲盒随机不指定，不支持无理由退货退款""], ""selected"": ""盲盒随机不指定，不支持无理由退货退款""}, ""_combo_price"": ""款式描述=随机1个 不支持7天无理由退换货 | 大小=盲盒随机不指定，不支持无理由退货退款 | ￥79""}, {""款式描述"": {""values"": [""随机1个 不支持7天无理由退换货"", ""整盒12个 不支持7天无理由退换货""], ""selected"": ""整盒12个 不支持7天无理由退换货""}, ""大小"": {""values"": [""盲盒随机不指定，不支持无理由退货退款""], ""selected"": ""盲盒随机不指定，不支持无理由退货退款""}, ""_combo_price"": ""款式描述=整盒12个 不支持7天无理由退换货 | 大小=盲盒随机不指定，不支持无理由退货退款 | ￥948""}]}",款式描述=随机1个 不支持7天无理由退换货 | 大小=盲盒随机不指定，不支持无理由退货退款 | ￥79 || 款式描述=整盒12个 不支持7天无理由退换货 | 大小=盲盒随机不指定，不支持无理由退货退款 | ￥948,"{""IP"": ""Peach Riot 叛桃"", ""出售状态"": ""现货"", ""品牌"": ""POP MART/泡泡玛特"", ""系列名"": ""Peach Riot 叛桃破序和弦系列手办"", ""款式类型"": ""常规款 隐藏款"", ""大小"": ""盲盒随机不指定，不支持无理由退货退款"", ""款式描述"": ""随机1个 不支持7天无理由退换货 整盒12个 不支持7天无理由退换货""}",https://img.alicdn.com/imgextra/i1/2885348004/O1CN0139WSCb28ztGah095W_!!4611686018427382436-0-item_pic.jpg | https://img.alicdn.com/imgextra/i3/2885348004/O1CN01kIp64928ztGBDcPAw_!!2885348004.jpg | https://img.alicdn.com/imgextra/i2/2885348004/O1CN01jAJsSw28ztGAOJWbi_!!2885348004.jpg | https://img.alicdn.com/imgextra/i3/2885348004/O1CN01c8hLkW28ztGaksD0F_!!2885348004.jpg | https://img.alicdn.com/imgextra/i4/2885348004/O1CN01hzt3lq28ztG691AHq_!!2885348004.jpg,imgs/1024292099948_01.jpg | imgs/1024292099948_02.jpg | imgs/1024292099948_03.jpg | imgs/1024292099948_04.jpg | imgs/1024292099948_05.jpg
POPMART泡泡玛特星星人美味时刻系列手机挂绳盲盒周边礼物,https://popmart.world.tmall.com/shop/view_shop.htm,https://popmart.world.tmall.com/shop/view_shop.htm,done,泡泡玛特旗舰店,https://detail.tmall.com/item.htm?id=971563980424,971563980424,"{""combos"": [{""款式描述"": {""values"": [""随机1个 不支持7天无理由退换货""], ""selected"": ""随机1个 不支持7天无理由退换货""}, ""大小"": {""values"": [""盲盒随机不指定，不支持无理由退货退款""], ""selected"": ""盲盒随机不指定，不支持无理由退货退款""}, ""_combo_price"": ""款式描述=随机1个 不支持7天无理由退换货 | 大小=盲盒随机不指定，不支持无理由退货退款 | ￥59""}, {""款式描述"": {""values"": [""随机1个 不支持7天无理由退换货"", ""整盒6个 不支持7天无理由退换货""], ""selected"": ""整盒6个 不支持7天无理由退换货""}, ""大小"": {""values"": [""盲盒随机不指定，不支持无理由退货退款""], ""selected"": ""盲盒随机不指定，不支持无理由退货退款""}, ""_combo_price"": ""款式描述=整盒6个 不支持7天无理由退换货 | 大小=盲盒随机不指定，不支持无理由退货退款 | ￥354""}]}",款式描述=随机1个 不支持7天无理由退换货 | 大小=盲盒随机不指定，不支持无理由退货退款 | ￥59 || 款式描述=整盒6个 不支持7天无理由退换货 | 大小=盲盒随机不指定，不支持无理由退货退款 | ￥354,"{""IP"": ""星星人"", ""出售状态"": ""现货"", ""品牌"": ""POP MART/泡泡玛特"", ""系列名"": ""星星人美味时刻系列-手机挂绳盲盒"", ""款式类型"": ""常规款 隐藏款"", ""大小"": ""盲盒随机不指定，不支持无理由退货退款"", ""款式描述"": ""随机1个 不支持7天无理由退换货 整盒6个 不支持7天无理由退换货""}",https://img.alicdn.com/imgextra/i4/2885348004/O1CN01JIRc9B28ztET1Vgwk_!!4611686018427382436-0-item_pic.jpg | https://img.alicdn.com/imgextra/i3/2885348004/O1CN01YNgTNV28ztCa7E6BD_!!2885348004.jpg | https://img.alicdn.com/imgextra/i4/2885348004/O1CN01JjJtWa28ztCZhLRma_!!2885348004.jpg | https://img.alicdn.com/imgextra/i2/2885348004/O1CN01vAecYz28ztCZBInI2_!!2885348004.jpg | https://img.alicdn.com/imgextra/i3/2885348004/O1CN01ETKKCR28ztCYezc5k_!!2885348004.jpg,imgs/971563980424_00.jpg | imgs/971563980424_01.jpg | imgs/971563980424_02.jpg | imgs/971563980424_03.jpg | imgs/971563980424_04.jpg
POPMART泡泡玛特DIMOO玩具总动员系列1/8可动人偶盲盒礼物,https://popmart.world.tmall.com/shop/view_shop.htm,https://popmart.world.tmall.com/shop/view_shop.htm,done,泡泡玛特旗舰店,https://detail.tmall.com/item.htm?id=1033853309245,1033853309245,"{""combos"": [{""款式描述"": {""values"": [""随机1个 不支持7天无理由退换货""], ""selected"": ""随机1个 不支持7天无理由退换货""}, ""大小"": {""values"": [""盲盒随机不指定，不支持无理由退货退款""], ""selected"": ""盲盒随机不指定，不支持无理由退货退款""}, ""_combo_price"": ""款式描述=随机1个 不支持7天无理由退换货 | 大小=盲盒随机不指定，不支持无理由退货退款 | ￥399""}, {""款式描述"": {""values"": [""随机1个 不支持7天无理由退换货"", ""整盒2个 不支持7天无理由退换货""], ""selected"": ""整盒2个 不支持7天无理由退换货""}, ""大小"": {""values"": [""盲盒随机不指定，不支持无理由退货退款""], ""selected"": ""盲盒随机不指定，不支持无理由退货退款""}, ""_combo_price"": ""款式描述=整盒2个 不支持7天无理由退换货 | 大小=盲盒随机不指定，不支持无理由退货退款 | ￥798""}]}",款式描述=随机1个 不支持7天无理由退换货 | 大小=盲盒随机不指定，不支持无理由退货退款 | ￥399 || 款式描述=整盒2个 不支持7天无理由退换货 | 大小=盲盒随机不指定，不支持无理由退货退款 | ￥798,"{""IP"": ""DIMOO"", ""出售状态"": ""现货"", ""品牌"": ""POP MART/泡泡玛特"", ""系列名"": ""DIMOO玩具总动员系列1/8可动人偶"", ""款式类型"": ""常规款 隐藏款"", ""大小"": ""盲盒随机不指定，不支持无理由退货退款"", ""款式描述"": ""随机1个 不支持7天无理由退换货 整盒2个 不支持7天无理由退换货""}",https://img.alicdn.com/imgextra/i4/2885348004/O1CN01P2c78M28ztGaqiCPy_!!4611686018427382436-0-item_pic.jpg | https://img.alicdn.com/imgextra/i1/2885348004/O1CN014Ntowf28ztGLaPXdG_!!2885348004.jpg | https://img.alicdn.com/imgextra/i2/2885348004/O1CN01R8l9qy28ztGLp82JM_!!2885348004.jpg | https://img.alicdn.com/imgextra/i1/2885348004/O1CN01GBsVDg28ztGLejb8W_!!2885348004.jpg | https://img.alicdn.com/imgextra/i2/2885348004/O1CN01MePkZ128ztGLp7AFK_!!2885348004.jpg,imgs/1033853309245_00.jpg | imgs/1033853309245_01.jpg | imgs/1033853309245_02.jpg | imgs/1033853309245_03.jpg | imgs/1033853309245_04.jpg
POPMART泡泡玛特DIMOO限定时光手办盲盒玩具摆件礼物,https://popmart.world.tmall.com/shop/view_shop.htm,https://popmart.world.tmall.com/shop/view_shop.htm,done,泡泡玛特旗舰店,https://detail.tmall.com/item.htm?id=987084111657,987084111657,"{""combos"": [{""款式描述"": {""values"": [""随机1个(限购12个) 不支持7天无理由退换货""], ""selected"": ""随机1个(限购12个) 不支持7天无理由退换货""}, ""大小"": {""values"": [""盲盒随机不指定，不支持无理由退货退款""], ""selected"": ""盲盒随机不指定，不支持无理由退货退款""}, ""_combo_price"": ""款式描述=随机1个(限购12个) 不支持7天无理由退换货 | 大小=盲盒随机不指定，不支持无理由退货退款 | ￥79""}, {""款式描述"": {""values"": [""随机1个(限购12个) 不支持7天无理由退换货"", ""整盒12个(限购1盒) 不支持7天无理由退换货""], ""selected"": ""整盒12个(限购1盒) 不支持7天无理由退换货""}, ""大小"": {""values"": [""盲盒随机不指定，不支持无理由退货退款""], ""selected"": ""盲盒随机不指定，不支持无理由退货退款""}, ""_combo_price"": ""款式描述=整盒12个(限购1盒) 不支持7天无理由退换货 | 大小=盲盒随机不指定，不支持无理由退货退款 | ￥948""}]}",款式描述=随机1个(限购12个) 不支持7天无理由退换货 | 大小=盲盒随机不指定，不支持无理由退货退款 | ￥79 || 款式描述=整盒12个(限购1盒) 不支持7天无理由退换货 | 大小=盲盒随机不指定，不支持无理由退货退款 | ￥948,"{""IP"": ""DIMOO"", ""出售状态"": ""现货"", ""品牌"": ""POP MART/泡泡玛特"", ""系列名"": ""DIMOO限定时光系列手办"", ""款式类型"": ""常规款 隐藏款"", ""大小"": ""盲盒随机不指定，不支持无理由退货退款"", ""款式描述"": ""随机1个(限购12个) 不支持7天无理由退换货 整盒12个(限购1盒) 不支持7天无理由退换货""}",https://img.alicdn.com/imgextra/i4/2885348004/O1CN01Eu5cBi28ztGaNo3y2_!!4611686018427382436-0-item_pic.jpg | https://img.alicdn.com/imgextra/i1/2885348004/O1CN01wX7mUG28ztDrn6KLp_!!2885348004.jpg | https://img.alicdn.com/imgextra/i4/2885348004/O1CN01QNfOo428ztDrsqKkC_!!2885348004.jpg | https://img.alicdn.com/imgextra/i3/2885348004/O1CN01c8hLkW28ztGaksD0F_!!2885348004.jpg | https://img.alicdn.com/imgextra/i2/2885348004/O1CN01l1KNaJ28ztDs49ZJI_!!2885348004.jpg,imgs/987084111657_01.jpg | imgs/987084111657_02.jpg | imgs/987084111657_03.jpg | imgs/987084111657_04.jpg | imgs/987084111657_05.jpg
POPMART泡泡玛特咒术回战系列场景积木周边玩具礼物,https://popmart.world.tmall.com/shop/view_shop.htm,https://popmart.world.tmall.com/shop/view_shop.htm,done,泡泡玛特旗舰店,https://detail.tmall.com/item.htm?id=1032917654991,1032917654991,"{""combos"": [{""颜色分类"": {""values"": [""虎杖悠仁""], ""selected"": ""虎杖悠仁""}, ""_combo_price"": ""颜色分类=虎杖悠仁 | ￥199""}, {""颜色分类"": {""values"": [""虎杖悠仁"", ""五条悟""], ""selected"": ""五条悟""}, ""_combo_price"": ""颜色分类=五条悟 | ￥369""}, {""颜色分类"": {""values"": [""虎杖悠仁"", ""五条悟"", ""两面宿傩""], ""selected"": ""两面宿傩""}, ""_combo_price"": ""颜色分类=两面宿傩 | ￥999""}, {""颜色分类"": {""values"": [""虎杖悠仁"", ""五条悟"", ""两面宿傩"", ""三款场景组合套装""], ""selected"": ""三款场景组合套装""}, ""_combo_price"": ""颜色分类=三款场景组合套装 | ￥1567""}]}",颜色分类=虎杖悠仁 | ￥199 || 颜色分类=五条悟 | ￥369 || 颜色分类=两面宿傩 | ￥999 || 颜色分类=三款场景组合套装 | ￥1567,"{""玩具类型"": ""拼搭积木"", ""适用年龄"": ""15岁以上"", ""品牌"": ""POP MART/泡泡玛特"", ""型号"": ""咒术回战系列场景积木"", ""产地"": ""中国大陆"", ""性别倾向"": ""男女通用"", ""颜色分类"": ""虎杖悠仁 五条悟 两面宿傩 三款场景组合套装""}",https://img.alicdn.com/imgextra/i3/2885348004/O1CN01p7YRLy28ztGab9Eoo_!!4611686018427382436-0-item_pic.jpg | https://img.alicdn.com/imgextra/i1/2885348004/O1CN017DuUJD28ztGG3qpuo_!!2885348004.jpg | https://img.alicdn.com/imgextra/i2/2885348004/O1CN015h9FIO28ztGG6j2He_!!2885348004.jpg | https://img.alicdn.com/imgextra/i3/2885348004/O1CN01c8hLkW28ztGaksD0F_!!2885348004.jpg | https://img.alicdn.com/imgextra/i3/2885348004/O1CN01tsii9Q28ztGFpkH78_!!2885348004.jpg,imgs/1032917654991_00.jpg | imgs/1032917654991_01.jpg | imgs/1032917654991_02.jpg | imgs/1032917654991_03.jpg | imgs/1032917654991_04.jpg
POPMART泡泡玛特星星人随心配系列手办盲盒玩具礼物,https://popmart.world.tmall.com/shop/view_shop.htm,https://popmart.world.tmall.com/shop/view_shop.htm,done,泡泡玛特旗舰店,https://detail.tmall.com/item.htm?id=936912246628,936912246628,"{""combos"": [{""款式描述"": {""values"": [""A组 随机1个 不支持7天无理由退换货""], ""selected"": ""A组 随机1个 不支持7天无理由退换货""}, ""大小"": {""values"": [""盲盒随机不指定，不支持无理由退货退款""], ""selected"": ""盲盒随机不指定，不支持无理由退货退款""}, ""_combo_price"": ""款式描述=A组 随机1个 不支持7天无理由退换货 | 大小=盲盒随机不指定，不支持无理由退货退款 | ￥39""}, {""款式描述"": {""values"": [""A组 随机1个 不支持7天无理由退换货"", ""A组 整盒9个 不支持7天无理由退换货""], ""selected"": ""A组 整盒9个 不支持7天无理由退换货""}, ""大小"": {""values"": [""盲盒随机不指定，不支持无理由退货退款""], ""selected"": ""盲盒随机不指定，不支持无理由退货退款""}, ""_combo_price"": ""款式描述=A组 整盒9个 不支持7天无理由退换货 | 大小=盲盒随机不指定，不支持无理由退货退款 | ￥351""}, {""款式描述"": {""values"": [""A组 随机1个 不支持7天无理由退换货"", ""A组 整盒9个 不支持7天无理由退换货"", ""B组 随机1个 不支持7天无理由退换货""], ""selected"": ""B组 随机1个 不支持7天无理由退换货""}, ""大小"": {""values"": [""盲盒随机不指定，不支持无理由退货退款""], ""selected"": ""盲盒随机不指定，不支持无理由退货退款""}, ""_combo_price"": ""款式描述=B组 随机1个 不支持7天无理由退换货 | 大小=盲盒随机不指定，不支持无理由退货退款 | ￥39""}, {""款式描述"": {""values"": [""A组 随机1个 不支持7天无理由退换货"", ""A组 整盒9个 不支持7天无理由退换货"", ""B组 随机1个 不支持7天无理由退换货"", ""B组 整盒9个 不支持7天无理由退换货""], ""selected"": ""B组 整盒9个 不支持7天无理由退换货""}, ""大小"": {""values"": [""盲盒随机不指定，不支持无理由退货退款""], ""selected"": ""盲盒随机不指定，不支持无理由退货退款""}, ""_combo_price"": ""款式描述=B组 整盒9个 不支持7天无理由退换货 | 大小=盲盒随机不指定，不支持无理由退货退款 | ￥351""}]}",款式描述=A组 随机1个 不支持7天无理由退换货 | 大小=盲盒随机不指定，不支持无理由退货退款 | ￥39 || 款式描述=A组 整盒9个 不支持7天无理由退换货 | 大小=盲盒随机不指定，不支持无理由退货退款 | ￥351 || 款式描述=B组 随机1个 不支持7天无理由退换货 | 大小=盲盒随机不指定，不支持无理由退货退款 | ￥39 || 款式描述=B组 整盒9个 不支持7天无理由退换货 | 大小=盲盒随机不指定，不支持无理由退货退款 | ￥351,"{""IP"": ""星星人"", ""出售状态"": ""现货"", ""品牌"": ""POP MART/泡泡玛特"", ""系列名"": ""星星人随心配系列手办"", ""款式类型"": ""常规款 小隐藏 大隐藏"", ""大小"": ""盲盒随机不指定，不支持无理由退货退款"", ""款式描述"": ""A组 随机1个 不支持7天无理由退换货 A组 整盒9个 不支持7天无理由退换货 B组 随机1个 不支持7天无理由退换货 B组 整盒9个 不支持7天无理由退换货""}",https://img.alicdn.com/imgextra/i2/2885348004/O1CN01N3cP0x28ztE88F4I1_!!4611686018427382436-0-item_pic.jpg | https://img.alicdn.com/imgextra/i4/2885348004/O1CN0162WIOr28ztB0WoF8k_!!2885348004.jpg | https://img.alicdn.com/imgextra/i2/2885348004/O1CN015dZeiX28ztAz46uDI_!!2885348004.jpg | https://img.alicdn.com/imgextra/i1/2885348004/O1CN01AIlvyu28ztB0WqvTS_!!2885348004.jpg | https://img.alicdn.com/imgextra/i4/2885348004/O1CN01PnZveY28ztAzznRlm_!!2885348004.jpg,imgs/936912246628_01.jpg | imgs/936912246628_02.jpg | imgs/936912246628_03.jpg | imgs/936912246628_04.jpg | imgs/936912246628_05.jpg
POPMART泡泡玛特拉布布THE MONSTERS 复古理发店系列香氛喷雾盲盒,https://popmart.world.tmall.com/shop/view_shop.htm,https://popmart.world.tmall.com/shop/view_shop.htm,done,泡泡玛特旗舰店,https://detail.tmall.com/item.htm?id=1032235535075,1032235535075,"{""combos"": [{""款式描述"": {""values"": [""随机1个 不支持7天无理由退换货""], ""selected"": ""随机1个 不支持7天无理由退换货""}, ""大小"": {""values"": [""盲盒随机不指定，不支持无理由退货退款""], ""selected"": ""盲盒随机不指定，不支持无理由退货退款""}, ""_combo_price"": ""款式描述=随机1个 不支持7天无理由退换货 | 大小=盲盒随机不指定，不支持无理由退货退款 | ￥159""}, {""款式描述"": {""values"": [""随机1个 不支持7天无理由退换货"", ""整盒6个 不支持7天无理由退换货""], ""selected"": ""整盒6个 不支持7天无理由退换货""}, ""大小"": {""values"": [""盲盒随机不指定，不支持无理由退货退款""], ""selected"": ""盲盒随机不指定，不支持无理由退货退款""}, ""_combo_price"": ""款式描述=整盒6个 不支持7天无理由退换货 | 大小=盲盒随机不指定，不支持无理由退货退款 | ￥954""}]}",款式描述=随机1个 不支持7天无理由退换货 | 大小=盲盒随机不指定，不支持无理由退货退款 | ￥159 || 款式描述=整盒6个 不支持7天无理由退换货 | 大小=盲盒随机不指定，不支持无理由退货退款 | ￥954,"{""IP"": ""THE MONSTERS"", ""出售状态"": ""现货"", ""品牌"": ""POP MART/泡泡玛特"", ""系列名"": ""THE MONSTERS 复古理发店系列 - 香氛喷雾盲盒"", ""款式类型"": ""常规款 隐藏款"", ""大小"": ""盲盒随机不指定，不支持无理由退货退款"", ""款式描述"": ""随机1个 不支持7天无理由退换货 整盒6个 不支持7天无理由退换货""}",https://img.alicdn.com/imgextra/i3/2885348004/O1CN01NhxIm128ztGat29EO_!!4611686018427382436-0-item_pic.jpg | https://img.alicdn.com/imgextra/i1/2885348004/O1CN01BExNMc28ztG4BynWj_!!2885348004.jpg | https://img.alicdn.com/imgextra/i4/2885348004/O1CN01zYKLb328ztG4SgZi0_!!2885348004.jpg | https://img.alicdn.com/imgextra/i3/2885348004/O1CN01c8hLkW28ztGaksD0F_!!2885348004.jpg | https://img.alicdn.com/imgextra/i3/2885348004/O1CN01iyI53N28ztG4Gt18s_!!2885348004.jpg,imgs/1032235535075_00.jpg | imgs/1032235535075_01.jpg | imgs/1032235535075_02.jpg | imgs/1032235535075_03.jpg | imgs/1032235535075_04.jpg
POPMART泡泡玛特共鸣犬夜叉“战国之旅”系列手办盲盒玩具礼物,https://popmart.world.tmall.com/shop/view_shop.htm,https://popmart.world.tmall.com/shop/view_shop.htm,done,泡泡玛特旗舰店,https://detail.tmall.com/item.htm?id=1019295136761,1019295136761,"{""combos"": [{""款式描述"": {""values"": [""随机1个 不支持7天无理由退换货""], ""selected"": ""随机1个 不支持7天无理由退换货""}, ""大小"": {""values"": [""盲盒随机不指定，不支持无理由退货退款""], ""selected"": ""盲盒随机不指定，不支持无理由退货退款""}, ""_combo_price"": ""款式描述=随机1个 不支持7天无理由退换货 | 大小=盲盒随机不指定，不支持无理由退货退款 | ￥79""}, {""款式描述"": {""values"": [""随机1个 不支持7天无理由退换货"", ""整盒6个 不支持7天无理由退换货""], ""selected"": ""整盒6个 不支持7天无理由退换货""}, ""大小"": {""values"": [""盲盒随机不指定，不支持无理由退货退款""], ""selected"": ""盲盒随机不指定，不支持无理由退货退款""}, ""_combo_price"": ""款式描述=整盒6个 不支持7天无理由退换货 | 大小=盲盒随机不指定，不支持无理由退货退款 | ￥474""}]}",款式描述=随机1个 不支持7天无理由退换货 | 大小=盲盒随机不指定，不支持无理由退货退款 | ￥79 || 款式描述=整盒6个 不支持7天无理由退换货 | 大小=盲盒随机不指定，不支持无理由退货退款 | ￥474,"{""IP"": ""犬夜叉"", ""出售状态"": ""现货"", ""品牌"": ""POP MART/泡泡玛特"", ""系列名"": ""犬夜叉“战国之旅”系列手办"", ""款式类型"": ""常规款 隐藏款"", ""大小"": ""盲盒随机不指定，不支持无理由退货退款"", ""款式描述"": ""随机1个 不支持7天无理由退换货 整盒6个 不支持7天无理由退换货""}",https://img.alicdn.com/imgextra/i1/2885348004/O1CN01HxSL9T28ztGbJ3IXU_!!4611686018427382436-0-item_pic.jpg | https://img.alicdn.com/imgextra/i1/2885348004/O1CN01aV7fzQ28ztFiras8w_!!2885348004.jpg | https://img.alicdn.com/imgextra/i2/2885348004/O1CN01USQytg28ztFeBTeyL_!!2885348004.jpg | https://img.alicdn.com/imgextra/i3/2885348004/O1CN01c8hLkW28ztGaksD0F_!!2885348004.jpg | https://img.alicdn.com/imgextra/i1/2885348004/O1CN011CMug428ztFiyQoud_!!2885348004.jpg,imgs/1019295136761_00.jpg | imgs/1019295136761_01.jpg | imgs/1019295136761_02.jpg | imgs/1019295136761_03.jpg | imgs/1019295136761_04.jpg
泡泡玛特THE MONSTERS × FIFA开瓶器冰箱贴盲盒labubu世界杯,https://popmart.world.tmall.com/shop/view_shop.htm,https://popmart.world.tmall.com/shop/view_shop.htm,done,泡泡玛特旗舰店,https://detail.tmall.com/item.htm?id=1016994191934,1016994191934,"{""combos"": [{""款式描述"": {""values"": [""随机1个 不支持7天无理由退换货""], ""selected"": ""随机1个 不支持7天无理由退换货""}, ""大小"": {""values"": [""盲盒随机不指定，不支持无理由退货退款""], ""selected"": ""盲盒随机不指定，不支持无理由退货退款""}, ""_combo_price"": ""款式描述=随机1个 不支持7天无理由退换货 | 大小=盲盒随机不指定，不支持无理由退货退款 | ￥69""}, {""款式描述"": {""values"": [""随机1个 不支持7天无理由退换货"", ""整盒6个 不支持7天无理由退换货""], ""selected"": ""整盒6个 不支持7天无理由退换货""}, ""大小"": {""values"": [""盲盒随机不指定，不支持无理由退货退款""], ""selected"": ""盲盒随机不指定，不支持无理由退货退款""}, ""_combo_price"": ""款式描述=整盒6个 不支持7天无理由退换货 | 大小=盲盒随机不指定，不支持无理由退货退款 | ￥414""}]}",款式描述=随机1个 不支持7天无理由退换货 | 大小=盲盒随机不指定，不支持无理由退货退款 | ￥69 || 款式描述=整盒6个 不支持7天无理由退换货 | 大小=盲盒随机不指定，不支持无理由退货退款 | ￥414,"{""IP"": ""THE MONSTERS"", ""出售状态"": ""现货"", ""品牌"": ""POP MART/泡泡玛特"", ""系列名"": ""THE MONSTERS × FIFA系列 - 开瓶器冰箱贴盲盒"", ""款式类型"": ""常规款 隐藏款"", ""大小"": ""盲盒随机不指定，不支持无理由退货退款"", ""款式描述"": ""随机1个 不支持7天无理由退换货 整盒6个 不支持7天无理由退换货""}",https://img.alicdn.com/imgextra/i1/2885348004/O1CN01lQrcOc28ztGaRS9pY_!!4611686018427382436-0-item_pic.jpg | https://img.alicdn.com/imgextra/i2/2885348004/O1CN01UG9ACB28ztF0CGBwT_!!2885348004.jpg | https://img.alicdn.com/imgextra/i2/2885348004/O1CN01MEX0ZW28ztF0QHANR_!!2885348004.jpg | https://img.alicdn.com/imgextra/i3/2885348004/O1CN01c8hLkW28ztGaksD0F_!!2885348004.jpg | https://img.alicdn.com/imgextra/i1/2885348004/O1CN01YNDxal28ztF02kzJm_!!2885348004.jpg,imgs/1016994191934_00.jpg | imgs/1016994191934_01.jpg | imgs/1016994191934_02.jpg | imgs/1016994191934_03.jpg | imgs/1016994191934_04.jpg
POPMART泡泡玛特小甜豆追光记忆系列手办盲盒玩具摆件礼物,https://popmart.world.tmall.com/shop/view_shop.htm,https://popmart.world.tmall.com/shop/view_shop.htm,done,泡泡玛特旗舰店,https://detail.tmall.com/item.htm?id=1004622389800,1004622389800,"{""combos"": [{""款式描述"": {""values"": [""随机1个 不支持7天无理由退换货""], ""selected"": ""随机1个 不支持7天无理由退换货""}, ""大小"": {""values"": [""盲盒随机不指定，不支持无理由退货退款""], ""selected"": ""盲盒随机不指定，不支持无理由退货退款""}, ""_combo_price"": ""款式描述=随机1个 不支持7天无理由退换货 | 大小=盲盒随机不指定，不支持无理由退货退款 | ￥69""}, {""款式描述"": {""values"": [""随机1个 不支持7天无理由退换货"", ""整盒12个 不支持7天无理由退换货""], ""selected"": ""整盒12个 不支持7天无理由退换货""}, ""大小"": {""values"": [""盲盒随机不指定，不支持无理由退货退款""], ""selected"": ""盲盒随机不指定，不支持无理由退货退款""}, ""_combo_price"": ""款式描述=整盒12个 不支持7天无理由退换货 | 大小=盲盒随机不指定，不支持无理由退货退款 | ￥828""}]}",款式描述=随机1个 不支持7天无理由退换货 | 大小=盲盒随机不指定，不支持无理由退货退款 | ￥69 || 款式描述=整盒12个 不支持7天无理由退换货 | 大小=盲盒随机不指定，不支持无理由退货退款 | ￥828,"{""IP"": ""小甜豆"", ""出售状态"": ""现货"", ""品牌"": ""POP MART/泡泡玛特"", ""系列名"": ""小甜豆追光记忆系列手办"", ""款式类型"": ""常规款 隐藏款"", ""大小"": ""盲盒随机不指定，不支持无理由退货退款"", ""款式描述"": ""随机1个 不支持7天无理由退换货 整盒12个 不支持7天无理由退换货""}",https://img.alicdn.com/imgextra/i3/2885348004/O1CN01pWM04s28ztGabrjwt_!!4611686018427382436-0-item_pic.jpg | https://img.alicdn.com/imgextra/i1/2885348004/O1CN01H5WdFC28ztEiblBiN_!!2885348004.jpg | https://img.alicdn.com/imgextra/i3/2885348004/O1CN01zI4KNZ28ztEiyrb3b_!!2885348004.jpg | https://img.alicdn.com/imgextra/i3/2885348004/O1CN01c8hLkW28ztGaksD0F_!!2885348004.jpg | https://img.alicdn.com/imgextra/i3/2885348004/O1CN01KJ3Vvu28ztEdvzDOP_!!2885348004.jpg,imgs/1004622389800_01.jpg | imgs/1004622389800_02.jpg | imgs/1004622389800_03.jpg | imgs/1004622389800_04.jpg | imgs/1004622389800_05.jpg
POPMART泡泡玛特CRYBABY Vacation Mode On系列长款挂绳盲盒周边,https://popmart.world.tmall.com/shop/view_shop.htm,https://popmart.world.tmall.com/shop/view_shop.htm,done,泡泡玛特旗舰店,https://detail.tmall.com/item.htm?id=980335973390,980335973390,"{""combos"": [{""款式描述"": {""values"": [""随机1个 不支持7天无理由退换货""], ""selected"": ""随机1个 不支持7天无理由退换货""}, ""大小"": {""values"": [""盲盒随机不指定，不支持无理由退货退款""], ""selected"": ""盲盒随机不指定，不支持无理由退货退款""}, ""_combo_price"": ""款式描述=随机1个 不支持7天无理由退换货 | 大小=盲盒随机不指定，不支持无理由退货退款 | ￥79""}, {""款式描述"": {""values"": [""随机1个 不支持7天无理由退换货"", ""整盒6个 不支持7天无理由退换货""], ""selected"": ""整盒6个 不支持7天无理由退换货""}, ""大小"": {""values"": [""盲盒随机不指定，不支持无理由退货退款""], ""selected"": ""盲盒随机不指定，不支持无理由退货退款""}, ""_combo_price"": ""款式描述=整盒6个 不支持7天无理由退换货 | 大小=盲盒随机不指定，不支持无理由退货退款 | ￥474""}]}",款式描述=随机1个 不支持7天无理由退换货 | 大小=盲盒随机不指定，不支持无理由退货退款 | ￥79 || 款式描述=整盒6个 不支持7天无理由退换货 | 大小=盲盒随机不指定，不支持无理由退货退款 | ￥474,"{""IP"": ""CRYBABY"", ""出售状态"": ""现货"", ""品牌"": ""POP MART/泡泡玛特"", ""系列名"": ""CRYBABY Vacation Mode On系列 - 长款挂绳盲盒"", ""款式类型"": ""常规款 隐藏款"", ""大小"": ""盲盒随机不指定，不支持无理由退货退款"", ""款式描述"": ""随机1个 不支持7天无理由退换货 整盒6个 不支持7天无理由退换货""}",https://img.alicdn.com/imgextra/i3/2885348004/O1CN014NduSQ28ztGcIehR9_!!4611686018427382436-0-item_pic.jpg | https://img.alicdn.com/imgextra/i2/2885348004/O1CN01JfW0D628ztD4l9H2O_!!2885348004.jpg | https://img.alicdn.com/imgextra/i2/2885348004/O1CN01SJWyiF28ztCyvOZBJ_!!2885348004.jpg | https://img.alicdn.com/imgextra/i3/2885348004/O1CN01c8hLkW28ztGaksD0F_!!2885348004.jpg | https://img.alicdn.com/imgextra/i2/2885348004/O1CN0177Lbcg28ztD4QxTH7_!!2885348004.jpg,imgs/980335973390_00.jpg | imgs/980335973390_01.jpg | imgs/980335973390_02.jpg | imgs/980335973390_03.jpg | imgs/980335973390_04.jpg
POPMART泡泡玛特泡泡萌粒 SKULLPANDA花的四幕戏公仔盲盒礼物,https://popmart.world.tmall.com/shop/view_shop.htm,https://popmart.world.tmall.com/shop/view_shop.htm,done,泡泡玛特旗舰店,https://detail.tmall.com/item.htm?id=1024964210360,1024964210360,"{""combos"": [{""款式描述"": {""values"": [""随机1粒/盒 不支持7天无理由退换货""], ""selected"": ""随机1粒/盒 不支持7天无理由退换货""}, ""大小"": {""values"": [""盲盒随机不指定，不支持无理由退货退款""], ""selected"": ""盲盒随机不指定，不支持无理由退货退款""}, ""_combo_price"": ""款式描述=随机1粒/盒 不支持7天无理由退换货 | 大小=盲盒随机不指定，不支持无理由退货退款 | ￥15""}, {""款式描述"": {""values"": [""随机1粒/盒 不支持7天无理由退换货"", ""整端12盒 不支持7天无理由退换货""], ""selected"": ""整端12盒 不支持7天无理由退换货""}, ""大小"": {""values"": [""盲盒随机不指定，不支持无理由退货退款""], ""selected"": ""盲盒随机不指定，不支持无理由退货退款""}, ""_combo_price"": ""款式描述=整端12盒 不支持7天无理由退换货 | 大小=盲盒随机不指定，不支持无理由退货退款 | ￥180""}]}",款式描述=随机1粒/盒 不支持7天无理由退换货 | 大小=盲盒随机不指定，不支持无理由退货退款 | ￥15 || 款式描述=整端12盒 不支持7天无理由退换货 | 大小=盲盒随机不指定，不支持无理由退货退款 | ￥180,"{""IP"": ""SKULLPANDA"", ""出售状态"": ""现货"", ""品牌"": ""POP MART/泡泡玛特"", ""系列名"": ""泡泡萌粒 SKULLPANDA 花的四幕戏系列公仔"", ""款式类型"": ""常规款 隐藏款"", ""大小"": ""盲盒随机不指定，不支持无理由退货退款"", ""款式描述"": ""随机1粒/盒 不支持7天无理由退换货 整端12盒 不支持7天无理由退换货""}",https://img.alicdn.com/imgextra/i1/2885348004/O1CN01bkj0Yg28ztFGDz63f_!!4611686018427382436-0-item_pic.jpg | https://img.alicdn.com/imgextra/i3/2885348004/O1CN010VJtaZ28ztFGVqkbt_!!2885348004.jpg | https://img.alicdn.com/imgextra/i2/2885348004/O1CN01fjSUoR28ztFGwcy3U_!!2885348004.jpg | https://img.alicdn.com/imgextra/i2/2885348004/O1CN01pIr05e28ztFGwdyQx_!!2885348004.jpg | https://img.alicdn.com/imgextra/i2/2885348004/O1CN014xnofO28ztFGhJw1M_!!2885348004.jpg,imgs/1024964210360_00.jpg | imgs/1024964210360_01.jpg | imgs/1024964210360_02.jpg | imgs/1024964210360_03.jpg | imgs/1024964210360_04.jpg
POPMART泡泡玛特星星人随心配系列随行杯盲盒周边家居礼物,https://popmart.world.tmall.com/shop/view_shop.htm,https://popmart.world.tmall.com/shop/view_shop.htm,done,泡泡玛特旗舰店,https://detail.tmall.com/item.htm?id=1016985979669,1016985979669,"{""combos"": [{""款式描述"": {""values"": [""随机1个 不支持7天无理由退换货""], ""selected"": ""随机1个 不支持7天无理由退换货""}, ""大小"": {""values"": [""盲盒随机不指定，不支持无理由退货退款""], ""selected"": ""盲盒随机不指定，不支持无理由退货退款""}, ""_combo_price"": ""款式描述=随机1个 不支持7天无理由退换货 | 大小=盲盒随机不指定，不支持无理由退货退款 | ￥129""}, {""款式描述"": {""values"": [""随机1个 不支持7天无理由退换货"", ""整盒6个 不支持7天无理由退换货""], ""selected"": ""整盒6个 不支持7天无理由退换货""}, ""大小"": {""values"": [""盲盒随机不指定，不支持无理由退货退款""], ""selected"": ""盲盒随机不指定，不支持无理由退货退款""}, ""_combo_price"": ""款式描述=整盒6个 不支持7天无理由退换货 | 大小=盲盒随机不指定，不支持无理由退货退款 | ￥774""}]}",款式描述=随机1个 不支持7天无理由退换货 | 大小=盲盒随机不指定，不支持无理由退货退款 | ￥129 || 款式描述=整盒6个 不支持7天无理由退换货 | 大小=盲盒随机不指定，不支持无理由退货退款 | ￥774,"{""IP"": ""星星人"", ""出售状态"": ""现货"", ""品牌"": ""POP MART/泡泡玛特"", ""系列名"": ""星星人随心配系列-随行杯盲盒"", ""款式类型"": ""常规款 隐藏款"", ""大小"": ""盲盒随机不指定，不支持无理由退货退款"", ""款式描述"": ""随机1个 不支持7天无理由退换货 整盒6个 不支持7天无理由退换货""}",https://img.alicdn.com/imgextra/i4/2885348004/O1CN011hCIEW28ztFAucnlQ_!!4611686018427382436-0-item_pic.jpg | https://img.alicdn.com/imgextra/i1/2885348004/O1CN01qiHwHz28ztFCGiZP3_!!2885348004.jpg | https://img.alicdn.com/imgextra/i2/2885348004/O1CN01fKvaAx28ztFAxcB50_!!2885348004.jpg | https://img.alicdn.com/imgextra/i1/2885348004/O1CN015GAOCD28ztFBDO6wC_!!2885348004.jpg | https://img.alicdn.com/imgextra/i3/2885348004/O1CN01EWwqVm28ztFAh1to2_!!2885348004.jpg,imgs/1016985979669_00.jpg | imgs/1016985979669_01.jpg | imgs/1016985979669_02.jpg | imgs/1016985979669_03.jpg | imgs/1016985979669_04.jpg
POPMART泡泡玛特123！星星人系列迷你包挂件盲盒礼物,https://popmart.world.tmall.com/shop/view_shop.htm,https://popmart.world.tmall.com/shop/view_shop.htm,done,泡泡玛特旗舰店,https://detail.tmall.com/item.htm?id=909031591669,909031591669,"{""combos"": [{""款式描述"": {""values"": [""随机1个 不支持7天无理由退换货""], ""selected"": ""随机1个 不支持7天无理由退换货""}, ""大小"": {""values"": [""盲盒随机不指定，不支持无理由退货退款""], ""selected"": ""盲盒随机不指定，不支持无理由退货退款""}, ""_combo_price"": ""款式描述=随机1个 不支持7天无理由退换货 | 大小=盲盒随机不指定，不支持无理由退货退款 | ￥69""}, {""款式描述"": {""values"": [""随机1个 不支持7天无理由退换货"", ""整盒6个 不支持7天无理由退换货""], ""selected"": ""整盒6个 不支持7天无理由退换货""}, ""大小"": {""values"": [""盲盒随机不指定，不支持无理由退货退款""], ""selected"": ""盲盒随机不指定，不支持无理由退货退款""}, ""_combo_price"": ""款式描述=整盒6个 不支持7天无理由退换货 | 大小=盲盒随机不指定，不支持无理由退货退款 | ￥414""}]}",款式描述=随机1个 不支持7天无理由退换货 | 大小=盲盒随机不指定，不支持无理由退货退款 | ￥69 || 款式描述=整盒6个 不支持7天无理由退换货 | 大小=盲盒随机不指定，不支持无理由退货退款 | ￥414,"{""IP"": ""星星人"", ""出售状态"": ""现货"", ""品牌"": ""POP MART/泡泡玛特"", ""系列名"": ""123！星星人系列-迷你包挂件盲盒"", ""大小"": ""盲盒随机不指定，不支持无理由退货退款"", ""款式描述"": ""随机1个 不支持7天无理由退换货 整盒6个 不支持7天无理由退换货""}",https://img.alicdn.com/imgextra/i4/2885348004/O1CN01DUp0FP28ztGab6Psm_!!4611686018427382436-0-item_pic.jpg | https://img.alicdn.com/imgextra/i2/2885348004/O1CN01UOQd4i28zt9rFrd0Z_!!2885348004.jpg | https://img.alicdn.com/imgextra/i3/2885348004/O1CN01x0kCZo28zt9pGVVWO_!!2885348004.jpg | https://img.alicdn.com/imgextra/i3/2885348004/O1CN01c8hLkW28ztGaksD0F_!!2885348004.jpg | https://img.alicdn.com/imgextra/i2/2885348004/O1CN01r9Txlq28zt9ohs4wd_!!2885348004.jpg,imgs/909031591669_00.jpg | imgs/909031591669_01.jpg | imgs/909031591669_02.jpg | imgs/909031591669_03.jpg | imgs/909031591669_04.jpg
POPMART泡泡玛特DIMOO秘密话剧社系列耳机包盲盒周边礼物,https://popmart.world.tmall.com/shop/view_shop.htm,https://popmart.world.tmall.com/shop/view_shop.htm,done,泡泡玛特旗舰店,https://detail.tmall.com/item.htm?id=1019283528635,1019283528635,"{""combos"": [{""款式描述"": {""values"": [""随机1个 不支持7天无理由退换货""], ""selected"": ""随机1个 不支持7天无理由退换货""}, ""大小"": {""values"": [""盲盒随机不指定，不支持无理由退货退款""], ""selected"": ""盲盒随机不指定，不支持无理由退货退款""}, ""_combo_price"": ""款式描述=随机1个 不支持7天无理由退换货 | 大小=盲盒随机不指定，不支持无理由退货退款 | ￥99""}, {""款式描述"": {""values"": [""随机1个 不支持7天无理由退换货"", ""整盒6个 不支持7天无理由退换货""], ""selected"": ""整盒6个 不支持7天无理由退换货""}, ""大小"": {""values"": [""盲盒随机不指定，不支持无理由退货退款""], ""selected"": ""盲盒随机不指定，不支持无理由退货退款""}, ""_combo_price"": ""款式描述=整盒6个 不支持7天无理由退换货 | 大小=盲盒随机不指定，不支持无理由退货退款 | ￥594""}]}",款式描述=随机1个 不支持7天无理由退换货 | 大小=盲盒随机不指定，不支持无理由退货退款 | ￥99 || 款式描述=整盒6个 不支持7天无理由退换货 | 大小=盲盒随机不指定，不支持无理由退货退款 | ￥594,"{""IP"": ""DIMOO"", ""出售状态"": ""现货"", ""品牌"": ""POP MART/泡泡玛特"", ""系列名"": ""DIMOO秘密话剧社系列-耳机包盲盒"", ""款式类型"": ""常规款 隐藏款"", ""大小"": ""盲盒随机不指定，不支持无理由退货退款"", ""款式描述"": ""随机1个 不支持7天无理由退换货 整盒6个 不支持7天无理由退换货""}",https://img.alicdn.com/imgextra/i4/2885348004/O1CN01nlIUkI28ztF6sWPxH_!!4611686018427382436-0-item_pic.jpg | https://img.alicdn.com/imgextra/i2/2885348004/O1CN019faAGr28ztF5KZEPM_!!2885348004.jpg | https://img.alicdn.com/imgextra/i1/2885348004/O1CN01aFCaI028ztF0dYj7Z_!!2885348004.jpg | https://img.alicdn.com/imgextra/i2/2885348004/O1CN01nbgQJL28ztF5wrFc1_!!2885348004.jpg | https://img.alicdn.com/imgextra/i4/2885348004/O1CN01qKhZ7z28ztF5ZZL3V_!!2885348004.jpg,imgs/1019283528635_00.jpg | imgs/1019283528635_01.jpg | imgs/1019283528635_02.jpg | imgs/1019283528635_03.jpg | imgs/1019283528635_04.jpg
POPMART泡泡玛特第一章 放学后的Merodi系列手办盲盒礼物,https://popmart.world.tmall.com/shop/view_shop.htm,https://popmart.world.tmall.com/shop/view_shop.htm,done,泡泡玛特旗舰店,https://detail.tmall.com/item.htm?id=1005358104602,1005358104602,"{""combos"": [{""款式描述"": {""values"": [""随机1个 不支持7天无理由退换货""], ""selected"": ""随机1个 不支持7天无理由退换货""}, ""大小"": {""values"": [""盲盒随机不指定，不支持无理由退货退款""], ""selected"": ""盲盒随机不指定，不支持无理由退货退款""}, ""_combo_price"": ""款式描述=随机1个 不支持7天无理由退换货 | 大小=盲盒随机不指定，不支持无理由退货退款 | ￥69""}, {""款式描述"": {""values"": [""随机1个 不支持7天无理由退换货"", ""整盒12个 不支持7天无理由退换货""], ""selected"": ""整盒12个 不支持7天无理由退换货""}, ""大小"": {""values"": [""盲盒随机不指定，不支持无理由退货退款""], ""selected"": ""盲盒随机不指定，不支持无理由退货退款""}, ""_combo_price"": ""款式描述=整盒12个 不支持7天无理由退换货 | 大小=盲盒随机不指定，不支持无理由退货退款 | ￥828""}]}",款式描述=随机1个 不支持7天无理由退换货 | 大小=盲盒随机不指定，不支持无理由退货退款 | ￥69 || 款式描述=整盒12个 不支持7天无理由退换货 | 大小=盲盒随机不指定，不支持无理由退货退款 | ￥828,"{""IP"": ""merodi"", ""出售状态"": ""现货"", ""品牌"": ""POP MART/泡泡玛特"", ""系列名"": ""第一章 – 放学后的Merodi系列手办"", ""款式类型"": ""常规款 隐藏款"", ""大小"": ""盲盒随机不指定，不支持无理由退货退款"", ""款式描述"": ""随机1个 不支持7天无理由退换货 整盒12个 不支持7天无理由退换货""}",https://img.alicdn.com/imgextra/i1/2885348004/O1CN015BzOmz28ztGabdWiW_!!4611686018427382436-0-item_pic.jpg | https://img.alicdn.com/imgextra/i2/2885348004/O1CN01N7Dn7c28ztEZltyOl_!!2885348004.jpg | https://img.alicdn.com/imgextra/i3/2885348004/O1CN01JkV4oj28ztEZwXYnN_!!2885348004.jpg | https://img.alicdn.com/imgextra/i3/2885348004/O1CN01c8hLkW28ztGaksD0F_!!2885348004.jpg | https://img.alicdn.com/imgextra/i1/2885348004/O1CN01XMRqQu28ztEaWwFqt_!!2885348004.jpg,imgs/1005358104602_01.jpg | imgs/1005358104602_02.jpg | imgs/1005358104602_03.jpg | imgs/1005358104602_04.jpg | imgs/1005358104602_05.jpg
POPMART泡泡玛特星星人我们都是星星人系列盲盒挂件周边,https://popmart.world.tmall.com/shop/view_shop.htm,https://popmart.world.tmall.com/shop/view_shop.htm,done,泡泡玛特旗舰店,https://detail.tmall.com/item.htm?id=834354677134,834354677134,"{""combos"": [{""款式描述"": {""values"": [""随机1个 不支持7天无理由退换货""], ""selected"": ""随机1个 不支持7天无理由退换货""}, ""大小"": {""values"": [""盲盒随机不指定，不支持无理由退货退款""], ""selected"": ""盲盒随机不指定，不支持无理由退货退款""}, ""_combo_price"": ""款式描述=随机1个 不支持7天无理由退换货 | 大小=盲盒随机不指定，不支持无理由退货退款 | ￥49""}, {""款式描述"": {""values"": [""随机1个 不支持7天无理由退换货"", ""整盒9个 不支持7天无理由退换货""], ""selected"": ""整盒9个 不支持7天无理由退换货""}, ""大小"": {""values"": [""盲盒随机不指定，不支持无理由退货退款""], ""selected"": ""盲盒随机不指定，不支持无理由退货退款""}, ""_combo_price"": ""款式描述=整盒9个 不支持7天无理由退换货 | 大小=盲盒随机不指定，不支持无理由退货退款 | ￥441""}]}",款式描述=随机1个 不支持7天无理由退换货 | 大小=盲盒随机不指定，不支持无理由退货退款 | ￥49 || 款式描述=整盒9个 不支持7天无理由退换货 | 大小=盲盒随机不指定，不支持无理由退货退款 | ￥441,"{""IP"": ""星星人"", ""包装规格"": ""单盒1个/整盒9个"", ""商品状态"": ""全新未拆封"", ""出售状态"": ""现货"", ""品牌"": ""POP MART/泡泡玛特"", ""系列名"": ""星星人我们都是星星人系列-盲盒挂件"", ""款式类型"": ""常规款 隐藏款"", ""大小"": ""盲盒随机不指定，不支持无理由退货退款"", ""款式描述"": ""随机1个 不支持7天无理由退换货 整盒9个 不支持7天无理由退换货""}",https://img.alicdn.com/imgextra/i4/2885348004/O1CN01Y8C4L928ztGap64xC_!!4611686018427382436-0-item_pic.jpg | https://img.alicdn.com/imgextra/i1/2885348004/O1CN01O35Wjh28zt6LmkEPL_!!2885348004.jpg | https://img.alicdn.com/imgextra/i3/2885348004/O1CN010vVhPz28zt6J6kDs9_!!2885348004.jpg | https://img.alicdn.com/imgextra/i3/2885348004/O1CN01c8hLkW28ztGaksD0F_!!2885348004.jpg | https://img.alicdn.com/imgextra/i4/2885348004/O1CN0123W2gv28zt6JnWvPp_!!2885348004.jpg,imgs/834354677134_00.jpg | imgs/834354677134_01.jpg | imgs/834354677134_02.jpg | imgs/834354677134_03.jpg | imgs/834354677134_04.jpg
POPMART泡泡玛特HACIPUPU秘境物语系列MINI可动人偶盲盒玩具礼物,https://popmart.world.tmall.com/shop/view_shop.htm,https://popmart.world.tmall.com/shop/view_shop.htm,done,泡泡玛特旗舰店,https://detail.tmall.com/item.htm?id=1033845545253,1033845545253,"{""combos"": [{""款式描述"": {""values"": [""随机1个 不支持7天无理由退换货""], ""selected"": ""随机1个 不支持7天无理由退换货""}, ""大小"": {""values"": [""盲盒随机不指定，不支持无理由退货退款""], ""selected"": ""盲盒随机不指定，不支持无理由退货退款""}, ""_combo_price"": ""款式描述=随机1个 不支持7天无理由退换货 | 大小=盲盒随机不指定，不支持无理由退货退款 | ￥89""}, {""款式描述"": {""values"": [""随机1个 不支持7天无理由退换货"", ""整盒9个 不支持7天无理由退换货""], ""selected"": ""整盒9个 不支持7天无理由退换货""}, ""大小"": {""values"": [""盲盒随机不指定，不支持无理由退货退款""], ""selected"": ""盲盒随机不指定，不支持无理由退货退款""}, ""_combo_price"": ""款式描述=整盒9个 不支持7天无理由退换货 | 大小=盲盒随机不指定，不支持无理由退货退款 | ￥801""}]}",款式描述=随机1个 不支持7天无理由退换货 | 大小=盲盒随机不指定，不支持无理由退货退款 | ￥89 || 款式描述=整盒9个 不支持7天无理由退换货 | 大小=盲盒随机不指定，不支持无理由退货退款 | ￥801,"{""IP"": ""HACIPUPU"", ""出售状态"": ""现货"", ""品牌"": ""POP MART/泡泡玛特"", ""系列名"": ""HACIPUPU秘境物语系列MINI可动人偶"", ""款式类型"": ""常规款 隐藏款"", ""大小"": ""盲盒随机不指定，不支持无理由退货退款"", ""款式描述"": ""随机1个 不支持7天无理由退换货 整盒9个 不支持7天无理由退换货""}",https://img.alicdn.com/imgextra/i1/2885348004/O1CN01LBH14628ztGaR1KBi_!!4611686018427382436-0-item_pic.jpg | https://img.alicdn.com/imgextra/i1/2885348004/O1CN01qicEfv28ztFkR5y6C_!!2885348004.jpg | https://img.alicdn.com/imgextra/i2/2885348004/O1CN01LXdcFV28ztFixwotA_!!2885348004.jpg | https://img.alicdn.com/imgextra/i3/2885348004/O1CN01c8hLkW28ztGaksD0F_!!2885348004.jpg | https://img.alicdn.com/imgextra/i4/2885348004/O1CN01rXIG8b28ztFkR7Avq_!!2885348004.jpg,imgs/1033845545253_01.jpg | imgs/1033845545253_02.jpg | imgs/1033845545253_03.jpg | imgs/1033845545253_04.jpg | imgs/1033845545253_05.jpg
POPMART泡泡玛特DIMOO 如果今天星期八系列手机挂绳盲盒周边,https://popmart.world.tmall.com/shop/view_shop.htm,https://popmart.world.tmall.com/shop/view_shop.htm,done,泡泡玛特旗舰店,https://detail.tmall.com/item.htm?id=962321033944,962321033944,"{""combos"": [{""款式描述"": {""values"": [""随机1个(限购6个) 不支持7天无理由退换货""], ""selected"": ""随机1个(限购6个) 不支持7天无理由退换货""}, ""大小"": {""values"": [""盲盒随机不指定，不支持无理由退货退款""], ""selected"": ""盲盒随机不指定，不支持无理由退货退款""}, ""_combo_price"": ""款式描述=随机1个(限购6个) 不支持7天无理由退换货 | 大小=盲盒随机不指定，不支持无理由退货退款 | ￥99""}, {""款式描述"": {""values"": [""随机1个(限购6个) 不支持7天无理由退换货"", ""整盒6个(限购1盒) 不支持7天无理由退换货""], ""selected"": ""整盒6个(限购1盒) 不支持7天无理由退换货""}, ""大小"": {""values"": [""盲盒随机不指定，不支持无理由退货退款""], ""selected"": ""盲盒随机不指定，不支持无理由退货退款""}, ""_combo_price"": ""款式描述=整盒6个(限购1盒) 不支持7天无理由退换货 | 大小=盲盒随机不指定，不支持无理由退货退款 | ￥594""}]}",款式描述=随机1个(限购6个) 不支持7天无理由退换货 | 大小=盲盒随机不指定，不支持无理由退货退款 | ￥99 || 款式描述=整盒6个(限购1盒) 不支持7天无理由退换货 | 大小=盲盒随机不指定，不支持无理由退货退款 | ￥594,"{""IP"": ""DIMOO"", ""出售状态"": ""现货"", ""品牌"": ""POP MART/泡泡玛特"", ""系列名"": ""DIMOO 如果今天星期八系列-手机挂绳盲盒"", ""款式类型"": ""常规款 隐藏款"", ""大小"": ""盲盒随机不指定，不支持无理由退货退款"", ""款式描述"": ""随机1个(限购6个) 不支持7天无理由退换货 整盒6个(限购1盒) 不支持7天无理由退换货""}",https://img.alicdn.com/imgextra/i4/2885348004/O1CN01bZWu5j28ztGanqcd5_!!4611686018427382436-0-item_pic.jpg | https://img.alicdn.com/imgextra/i3/2885348004/O1CN01Pu2ZKC28ztCUPxwrH_!!2885348004.jpg | https://img.alicdn.com/imgextra/i2/2885348004/O1CN01KKGjSB28ztCUBfXNI_!!2885348004.jpg | https://img.alicdn.com/imgextra/i3/2885348004/O1CN01c8hLkW28ztGaksD0F_!!2885348004.jpg | https://img.alicdn.com/imgextra/i2/2885348004/O1CN010X7rhl28ztCTdZ6sv_!!2885348004.jpg,imgs/962321033944_00.jpg | imgs/962321033944_01.jpg | imgs/962321033944_02.jpg | imgs/962321033944_03.jpg | imgs/962321033944_04.jpg
POPMART泡泡玛特拉布布THE MONSTERS 复古理发店系列挂件盲盒,https://popmart.world.tmall.com/shop/view_shop.htm,https://popmart.world.tmall.com/shop/view_shop.htm,done,泡泡玛特旗舰店,https://detail.tmall.com/item.htm?id=1033850893123,1033850893123,"{""combos"": [{""款式描述"": {""values"": [""随机1个 不支持7天无理由退换货""], ""selected"": ""随机1个 不支持7天无理由退换货""}, ""大小"": {""values"": [""盲盒随机不指定，不支持无理由退货退款""], ""selected"": ""盲盒随机不指定，不支持无理由退货退款""}, ""_combo_price"": ""款式描述=随机1个 不支持7天无理由退换货 | 大小=盲盒随机不指定，不支持无理由退货退款 | ￥59""}, {""款式描述"": {""values"": [""随机1个 不支持7天无理由退换货"", ""整盒6个 不支持7天无理由退换货""], ""selected"": ""整盒6个 不支持7天无理由退换货""}, ""大小"": {""values"": [""盲盒随机不指定，不支持无理由退货退款""], ""selected"": ""盲盒随机不指定，不支持无理由退货退款""}, ""_combo_price"": ""款式描述=整盒6个 不支持7天无理由退换货 | 大小=盲盒随机不指定，不支持无理由退货退款 | ￥354""}]}",款式描述=随机1个 不支持7天无理由退换货 | 大小=盲盒随机不指定，不支持无理由退货退款 | ￥59 || 款式描述=整盒6个 不支持7天无理由退换货 | 大小=盲盒随机不指定，不支持无理由退货退款 | ￥354,"{""IP"": ""THE MONSTERS"", ""出售状态"": ""现货"", ""品牌"": ""POP MART/泡泡玛特"", ""系列名"": ""THE MONSTERS 复古理发店系列 - 挂件盲盒"", ""款式类型"": ""常规款 隐藏款"", ""大小"": ""盲盒随机不指定，不支持无理由退货退款"", ""款式描述"": ""随机1个 不支持7天无理由退换货 整盒6个 不支持7天无理由退换货""}",https://img.alicdn.com/imgextra/i2/2885348004/O1CN01h7WY9I28ztGcIfyd0_!!4611686018427382436-0-item_pic.jpg | https://img.alicdn.com/imgextra/i1/2885348004/O1CN01It0M8w28ztG4IJKr7_!!2885348004.jpg | https://img.alicdn.com/imgextra/i3/2885348004/O1CN01Sm9H7u28ztG4OtOLe_!!2885348004.jpg | https://img.alicdn.com/imgextra/i3/2885348004/O1CN01c8hLkW28ztGaksD0F_!!2885348004.jpg | https://img.alicdn.com/imgextra/i4/2885348004/O1CN01OB4VDp28ztG4CBUkt_!!2885348004.jpg,imgs/1033850893123_00.jpg | imgs/1033850893123_01.jpg | imgs/1033850893123_02.jpg | imgs/1033850893123_03.jpg | imgs/1033850893123_04.jpg
POPMART泡泡玛特Baby Molly口袋朋友系列搪胶毛绒挂件盲盒,https://popmart.world.tmall.com/shop/view_shop.htm,https://popmart.world.tmall.com/shop/view_shop.htm,done,泡泡玛特旗舰店,https://detail.tmall.com/item.htm?id=950692504707,950692504707,"{""combos"": [{""款式描述"": {""values"": [""随机1个 不支持7天无理由退换货""], ""selected"": ""随机1个 不支持7天无理由退换货""}, ""大小"": {""values"": [""盲盒随机不指定，不支持无理由退货退款""], ""selected"": ""盲盒随机不指定，不支持无理由退货退款""}, ""_combo_price"": ""款式描述=随机1个 不支持7天无理由退换货 | 大小=盲盒随机不指定，不支持无理由退货退款 | ￥79""}, {""款式描述"": {""values"": [""随机1个 不支持7天无理由退换货"", ""整盒6个 不支持7天无理由退换货""], ""selected"": ""整盒6个 不支持7天无理由退换货""}, ""大小"": {""values"": [""盲盒随机不指定，不支持无理由退货退款""], ""selected"": ""盲盒随机不指定，不支持无理由退货退款""}, ""_combo_price"": ""款式描述=整盒6个 不支持7天无理由退换货 | 大小=盲盒随机不指定，不支持无理由退货退款 | ￥474""}]}",款式描述=随机1个 不支持7天无理由退换货 | 大小=盲盒随机不指定，不支持无理由退货退款 | ￥79 || 款式描述=整盒6个 不支持7天无理由退换货 | 大小=盲盒随机不指定，不支持无理由退货退款 | ￥474,"{""IP"": ""Baby Molly"", ""出售状态"": ""现货"", ""品牌"": ""POP MART/泡泡玛特"", ""系列名"": ""Baby Molly口袋朋友系列 - 搪胶毛绒挂件"", ""大小"": ""盲盒随机不指定，不支持无理由退货退款"", ""款式描述"": ""随机1个 不支持7天无理由退换货 整盒6个 不支持7天无理由退换货""}",https://img.alicdn.com/imgextra/i1/2885348004/O1CN01YoiLPz28ztE7XmkfJ_!!4611686018427382436-0-item_pic.jpg | https://img.alicdn.com/imgextra/i2/2885348004/O1CN01vPkDA328ztAOraNiS_!!2885348004.jpg | https://img.alicdn.com/imgextra/i1/2885348004/O1CN01hB7crn28ztAOBpCLt_!!2885348004.jpg | https://img.alicdn.com/imgextra/i2/2885348004/O1CN01KeSxgu28ztAOR058f_!!2885348004.jpg | https://img.alicdn.com/imgextra/i2/2885348004/O1CN01l1Z8Sp28ztAMgstl5_!!2885348004.jpg,imgs/950692504707_00.jpg | imgs/950692504707_01.jpg | imgs/950692504707_02.jpg | imgs/950692504707_03.jpg | imgs/950692504707_04.jpg
POPMART泡泡玛特MOLLY面包脑袋系列手办盲盒玩具摆件礼物,https://popmart.world.tmall.com/shop/view_shop.htm,https://popmart.world.tmall.com/shop/view_shop.htm,done,泡泡玛特旗舰店,https://detail.tmall.com/item.htm?id=820795558359,820795558359,"{""combos"": [{""款式描述"": {""values"": [""随机1个 不支持7天无理由退换货""], ""selected"": ""随机1个 不支持7天无理由退换货""}, ""大小"": {""values"": [""盲盒随机不指定，不支持无理由退货退款""], ""selected"": ""盲盒随机不指定，不支持无理由退货退款""}, ""_combo_price"": ""款式描述=随机1个 不支持7天无理由退换货 | 大小=盲盒随机不指定，不支持无理由退货退款 | ￥69""}, {""款式描述"": {""values"": [""随机1个 不支持7天无理由退换货"", ""整盒12个 不支持7天无理由退换货""], ""selected"": ""整盒12个 不支持7天无理由退换货""}, ""大小"": {""values"": [""盲盒随机不指定，不支持无理由退货退款""], ""selected"": ""盲盒随机不指定，不支持无理由退货退款""}, ""_combo_price"": ""款式描述=整盒12个 不支持7天无理由退换货 | 大小=盲盒随机不指定，不支持无理由退货退款 | ￥828""}]}",款式描述=随机1个 不支持7天无理由退换货 | 大小=盲盒随机不指定，不支持无理由退货退款 | ￥69 || 款式描述=整盒12个 不支持7天无理由退换货 | 大小=盲盒随机不指定，不支持无理由退货退款 | ￥828,"{""IP"": ""MOLLY"", ""包装规格"": ""单盒1个/整盒12个"", ""商品状态"": ""全新未拆封"", ""出售状态"": ""现货"", ""品牌"": ""POP MART/泡泡玛特"", ""系列名"": ""MOLLY面包脑袋系列手办"", ""款式类型"": ""常规款 隐藏款"", ""大小"": ""盲盒随机不指定，不支持无理由退货退款"", ""款式描述"": ""随机1个 不支持7天无理由退换货 整盒12个 不支持7天无理由退换货""}",https://img.alicdn.com/imgextra/i2/2885348004/O1CN01rvLY0m28ztGaNn7bE_!!4611686018427382436-0-item_pic.jpg | https://img.alicdn.com/imgextra/i3/2885348004/O1CN01u5ogfp28zt6kyXAuI_!!2885348004.jpg | https://img.alicdn.com/imgextra/i3/2885348004/O1CN01R723mu28zt6kyYmhY_!!2885348004.jpg | https://img.alicdn.com/imgextra/i3/2885348004/O1CN01c8hLkW28ztGaksD0F_!!2885348004.jpg | https://img.alicdn.com/imgextra/i3/2885348004/O1CN01VLEpss28zt6ojJlFA_!!2885348004.jpg,imgs/820795558359_01.jpg | imgs/820795558359_02.jpg | imgs/820795558359_03.jpg | imgs/820795558359_04.jpg | imgs/820795558359_05.jpg
【会员专属】泡泡玛特泡泡萌粒 海岛度假 迷你毛绒挂件盲盒,https://popmart.world.tmall.com/shop/view_shop.htm,https://popmart.world.tmall.com/shop/view_shop.htm,done,泡泡玛特旗舰店,https://detail.tmall.com/item.htm?id=1032918414594,1032918414594,"{""combos"": [{""款式描述"": {""values"": [""随机1个 不支持7天无理由退换货""], ""selected"": ""随机1个 不支持7天无理由退换货""}, ""大小"": {""values"": [""盲盒随机不指定，不支持无理由退货退款""], ""selected"": ""盲盒随机不指定，不支持无理由退货退款""}, ""_combo_price"": ""款式描述=随机1个 不支持7天无理由退换货 | 大小=盲盒随机不指定，不支持无理由退货退款 | ￥69""}, {""款式描述"": {""values"": [""随机1个 不支持7天无理由退换货"", ""整盒6个 不支持7天无理由退换货""], ""selected"": ""整盒6个 不支持7天无理由退换货""}, ""大小"": {""values"": [""盲盒随机不指定，不支持无理由退货退款""], ""selected"": ""盲盒随机不指定，不支持无理由退货退款""}, ""_combo_price"": ""款式描述=整盒6个 不支持7天无理由退换货 | 大小=盲盒随机不指定，不支持无理由退货退款 | ￥414""}]}",款式描述=随机1个 不支持7天无理由退换货 | 大小=盲盒随机不指定，不支持无理由退货退款 | ￥69 || 款式描述=整盒6个 不支持7天无理由退换货 | 大小=盲盒随机不指定，不支持无理由退货退款 | ￥414,"{""IP"": ""泡泡萌粒 海岛度假系列"", ""出售状态"": ""现货"", ""品牌"": ""POP MART/泡泡玛特"", ""系列名"": ""泡泡萌粒 海岛度假系列 迷你毛绒挂件"", ""款式类型"": ""常规款 隐藏款"", ""大小"": ""盲盒随机不指定，不支持无理由退货退款"", ""款式描述"": ""随机1个 不支持7天无理由退换货 整盒6个 不支持7天无理由退换货""}",https://img.alicdn.com/imgextra/i4/2885348004/O1CN01QxPkQk28ztGG2NDAm_!!4611686018427382436-0-item_pic.jpg | https://img.alicdn.com/imgextra/i1/2885348004/O1CN01SzhJNi28ztGFmEguG_!!2885348004.jpg | https://img.alicdn.com/imgextra/i1/2885348004/O1CN01gHEclA28ztGFk5iEt_!!2885348004.jpg | https://img.alicdn.com/imgextra/i3/2885348004/O1CN01rb6pox28ztGFk7O9R_!!2885348004.jpg | https://img.alicdn.com/imgextra/i4/2885348004/O1CN01aRKoJs28ztGG73H4a_!!2885348004.jpg,imgs/1032918414594_00.jpg | imgs/1032918414594_01.jpg | imgs/1032918414594_02.jpg | imgs/1032918414594_03.jpg | imgs/1032918414594_04.jpg
POPMART泡泡玛特天线宝宝系列下午茶日记搪胶毛绒挂件盲盒礼物,https://popmart.world.tmall.com/shop/view_shop.htm,https://popmart.world.tmall.com/shop/view_shop.htm,done,泡泡玛特旗舰店,https://detail.tmall.com/item.htm?id=1032230359622,1032230359622,"{""combos"": [{""款式描述"": {""values"": [""随机1个 不支持7天无理由退换货""], ""selected"": ""随机1个 不支持7天无理由退换货""}, ""大小"": {""values"": [""盲盒随机不指定，不支持无理由退货退款""], ""selected"": ""盲盒随机不指定，不支持无理由退货退款""}, ""_combo_price"": ""款式描述=随机1个 不支持7天无理由退换货 | 大小=盲盒随机不指定，不支持无理由退货退款 | ￥89""}, {""款式描述"": {""values"": [""随机1个 不支持7天无理由退换货"", ""整盒8个 不支持7天无理由退换货""], ""selected"": ""整盒8个 不支持7天无理由退换货""}, ""大小"": {""values"": [""盲盒随机不指定，不支持无理由退货退款""], ""selected"": ""盲盒随机不指定，不支持无理由退货退款""}, ""_combo_price"": ""款式描述=整盒8个 不支持7天无理由退换货 | 大小=盲盒随机不指定，不支持无理由退货退款 | ￥712""}]}",款式描述=随机1个 不支持7天无理由退换货 | 大小=盲盒随机不指定，不支持无理由退货退款 | ￥89 || 款式描述=整盒8个 不支持7天无理由退换货 | 大小=盲盒随机不指定，不支持无理由退货退款 | ￥712,"{""IP"": ""天线宝宝"", ""出售状态"": ""现货"", ""品牌"": ""POP MART/泡泡玛特"", ""系列名"": ""天线宝宝系列下午茶日记搪胶毛绒挂件"", ""款式类型"": ""常规款 隐藏款"", ""大小"": ""盲盒随机不指定，不支持无理由退货退款"", ""款式描述"": ""随机1个 不支持7天无理由退换货 整盒8个 不支持7天无理由退换货""}",https://img.alicdn.com/imgextra/i4/2885348004/O1CN01O5AukV28ztGAcImoW_!!4611686018427382436-0-item_pic.jpg | https://img.alicdn.com/imgextra/i3/2885348004/O1CN01IphWZD28ztGAUSxeI_!!2885348004.jpg | https://img.alicdn.com/imgextra/i2/2885348004/O1CN01bFOLtu28ztGAdIKfb_!!2885348004.jpg | https://img.alicdn.com/imgextra/i3/2885348004/O1CN01xCxm4L28ztGAQn6AJ_!!2885348004.jpg | https://img.alicdn.com/imgextra/i2/2885348004/O1CN01hPPTxr28ztGANzFdy_!!2885348004.jpg,imgs/1032230359622_00.jpg | imgs/1032230359622_01.jpg | imgs/1032230359622_02.jpg | imgs/1032230359622_03.jpg | imgs/1032230359622_04.jpg
POPMART泡泡玛特星星人怦然星动系列相框冰箱贴盲盒周边礼物,https://popmart.world.tmall.com/shop/view_shop.htm,https://popmart.world.tmall.com/shop/view_shop.htm,done,泡泡玛特旗舰店,https://detail.tmall.com/item.htm?id=1007483384011,1007483384011,"{""combos"": [{""款式描述"": {""values"": [""随机1个(限购6个) 不支持7天无理由退换货""], ""selected"": ""随机1个(限购6个) 不支持7天无理由退换货""}, ""大小"": {""values"": [""盲盒随机不指定，不支持无理由退货退款""], ""selected"": ""盲盒随机不指定，不支持无理由退货退款""}, ""_combo_price"": ""款式描述=随机1个(限购6个) 不支持7天无理由退换货 | 大小=盲盒随机不指定，不支持无理由退货退款 | ￥69""}, {""款式描述"": {""values"": [""随机1个(限购6个) 不支持7天无理由退换货"", ""整盒6个(限购1盒) 不支持7天无理由退换货""], ""selected"": ""整盒6个(限购1盒) 不支持7天无理由退换货""}, ""大小"": {""values"": [""盲盒随机不指定，不支持无理由退货退款""], ""selected"": ""盲盒随机不指定，不支持无理由退货退款""}, ""_combo_price"": ""款式描述=整盒6个(限购1盒) 不支持7天无理由退换货 | 大小=盲盒随机不指定，不支持无理由退货退款 | ￥414""}]}",款式描述=随机1个(限购6个) 不支持7天无理由退换货 | 大小=盲盒随机不指定，不支持无理由退货退款 | ￥69 || 款式描述=整盒6个(限购1盒) 不支持7天无理由退换货 | 大小=盲盒随机不指定，不支持无理由退货退款 | ￥414,"{""IP"": ""星星人"", ""出售状态"": ""现货"", ""品牌"": ""POP MART/泡泡玛特"", ""系列名"": ""星星人怦然星动系列-相框冰箱贴盲盒"", ""款式类型"": ""常规款 隐藏款"", ""大小"": ""盲盒随机不指定，不支持无理由退货退款"", ""款式描述"": ""随机1个(限购6个) 不支持7天无理由退换货 整盒6个(限购1盒) 不支持7天无理由退换货""}",https://img.alicdn.com/imgextra/i4/2885348004/O1CN01ySLXmk28ztGaRRksD_!!4611686018427382436-0-item_pic.jpg | https://img.alicdn.com/imgextra/i3/2885348004/O1CN01djS2TP28ztEES7z19_!!2885348004.jpg | https://img.alicdn.com/imgextra/i4/2885348004/O1CN01PcXAdG28ztEES6EuO_!!2885348004.jpg | https://img.alicdn.com/imgextra/i3/2885348004/O1CN01c8hLkW28ztGaksD0F_!!2885348004.jpg | https://img.alicdn.com/imgextra/i3/2885348004/O1CN01RzcMxO28ztEES56E8_!!2885348004.jpg,imgs/1007483384011_00.jpg | imgs/1007483384011_01.jpg | imgs/1007483384011_02.jpg | imgs/1007483384011_03.jpg | imgs/1007483384011_04.jpg
POPMART泡泡玛特SKULLPANDA进退之门系列手办盲盒礼物,https://popmart.world.tmall.com/shop/view_shop.htm,https://popmart.world.tmall.com/shop/view_shop.htm,done,泡泡玛特旗舰店,https://detail.tmall.com/item.htm?id=937492101255,937492101255,"{""combos"": [{""款式描述"": {""values"": [""随机1个 不支持7天无理由退换货""], ""selected"": ""随机1个 不支持7天无理由退换货""}, ""大小"": {""values"": [""盲盒随机不指定，不支持无理由退货退款""], ""selected"": ""盲盒随机不指定，不支持无理由退货退款""}, ""_combo_price"": ""款式描述=随机1个 不支持7天无理由退换货 | 大小=盲盒随机不指定，不支持无理由退货退款 | ￥69""}, {""款式描述"": {""values"": [""随机1个 不支持7天无理由退换货"", ""整盒12个 不支持7天无理由退换货""], ""selected"": ""整盒12个 不支持7天无理由退换货""}, ""大小"": {""values"": [""盲盒随机不指定，不支持无理由退货退款""], ""selected"": ""盲盒随机不指定，不支持无理由退货退款""}, ""_combo_price"": ""款式描述=整盒12个 不支持7天无理由退换货 | 大小=盲盒随机不指定，不支持无理由退货退款 | ￥828""}]}",款式描述=随机1个 不支持7天无理由退换货 | 大小=盲盒随机不指定，不支持无理由退货退款 | ￥69 || 款式描述=整盒12个 不支持7天无理由退换货 | 大小=盲盒随机不指定，不支持无理由退货退款 | ￥828,"{""品牌"": ""POP MART/泡泡玛特"", ""系列名"": ""SKULLPANDA进退之门系列手办"", ""款式类型"": ""常规款 隐藏款"", ""大小"": ""盲盒随机不指定，不支持无理由退货退款"", ""款式描述"": ""随机1个 不支持7天无理由退换货 整盒12个 不支持7天无理由退换货""}",https://img.alicdn.com/imgextra/i1/2885348004/O1CN01kSFdTv28ztGabYhDX_!!4611686018427382436-0-item_pic.jpg | https://img.alicdn.com/imgextra/i1/2885348004/O1CN01YBXVEp28ztB08Kata_!!2885348004.jpg | https://img.alicdn.com/imgextra/i1/2885348004/O1CN01G8PRfH28ztB08JFmR_!!2885348004.jpg | https://img.alicdn.com/imgextra/i3/2885348004/O1CN01c8hLkW28ztGaksD0F_!!2885348004.jpg | https://img.alicdn.com/imgextra/i1/2885348004/O1CN01boSi0028ztB0p7LzT_!!2885348004.jpg,imgs/937492101255_01.jpg | imgs/937492101255_02.jpg | imgs/937492101255_03.jpg | imgs/937492101255_04.jpg | imgs/937492101255_05.jpg
POPMART泡泡玛特小黄人与大怪兽系列手办盲盒玩具摆件礼物,https://popmart.world.tmall.com/shop/view_shop.htm,https://popmart.world.tmall.com/shop/view_shop.htm,done,泡泡玛特旗舰店,https://detail.tmall.com/item.htm?id=1032920134237,1032920134237,"{""combos"": [{""款式描述"": {""values"": [""随机1个 不支持7天无理由退换货""], ""selected"": ""随机1个 不支持7天无理由退换货""}, ""大小"": {""values"": [""盲盒随机不指定，不支持无理由退货退款""], ""selected"": ""盲盒随机不指定，不支持无理由退货退款""}, ""_combo_price"": ""款式描述=随机1个 不支持7天无理由退换货 | 大小=盲盒随机不指定，不支持无理由退货退款 | ￥69起""}, {""款式描述"": {""values"": [""随机1个 不支持7天无理由退换货"", ""整盒12个 不支持7天无理由退换货""], ""selected"": ""整盒12个 不支持7天无理由退换货""}, ""大小"": {""values"": [""盲盒随机不指定，不支持无理由退货退款""], ""selected"": ""盲盒随机不指定，不支持无理由退货退款""}, ""_combo_price"": ""款式描述=整盒12个 不支持7天无理由退换货 | 大小=盲盒随机不指定，不支持无理由退货退款 | ￥69起""}]}",款式描述=随机1个 不支持7天无理由退换货 | 大小=盲盒随机不指定，不支持无理由退货退款 | ￥69起 || 款式描述=整盒12个 不支持7天无理由退换货 | 大小=盲盒随机不指定，不支持无理由退货退款 | ￥69起,"{""IP"": ""小黄人"", ""出售状态"": ""现货"", ""品牌"": ""POP MART/泡泡玛特"", ""系列名"": ""小黄人与大怪兽系列手办"", ""款式类型"": ""常规款 隐藏款"", ""大小"": ""盲盒随机不指定，不支持无理由退货退款"", ""款式描述"": ""随机1个 不支持7天无理由退换货 整盒12个 不支持7天无理由退换货""}",https://img.alicdn.com/imgextra/i4/2885348004/O1CN01kcPceR28ztGaR23vV_!!4611686018427382436-0-item_pic.jpg | https://img.alicdn.com/imgextra/i3/2885348004/O1CN01YWGixh28ztG43X8dw_!!2885348004.jpg | https://img.alicdn.com/imgextra/i3/2885348004/O1CN01hzx55T28ztG44USDt_!!2885348004.jpg | https://img.alicdn.com/imgextra/i3/2885348004/O1CN01c8hLkW28ztGaksD0F_!!2885348004.jpg | https://img.alicdn.com/imgextra/i1/2885348004/O1CN01bbrwBH28ztG4BqcMX_!!2885348004.jpg,imgs/1032920134237_01.jpg | imgs/1032920134237_02.jpg | imgs/1032920134237_03.jpg | imgs/1032920134237_04.jpg | imgs/1032920134237_05.jpg
POPMART泡泡玛特Dear Birds系列毛绒挂件盲盒玩具礼物,https://popmart.world.tmall.com/shop/view_shop.htm,https://popmart.world.tmall.com/shop/view_shop.htm,done,泡泡玛特旗舰店,https://detail.tmall.com/item.htm?id=1034661388185,1034661388185,"{""combos"": [{""款式描述"": {""values"": [""随机1个(限购8个) 不支持7天无理由退换货""], ""selected"": ""随机1个(限购8个) 不支持7天无理由退换货""}, ""大小"": {""values"": [""盲盒随机不指定，不支持无理由退货退款""], ""selected"": ""盲盒随机不指定，不支持无理由退货退款""}, ""_combo_price"": ""款式描述=随机1个(限购8个) 不支持7天无理由退换货 | 大小=盲盒随机不指定，不支持无理由退货退款 | ￥99""}, {""款式描述"": {""values"": [""随机1个(限购8个) 不支持7天无理由退换货"", ""整盒8个(限购1盒) 不支持7天无理由退换货""], ""selected"": ""整盒8个(限购1盒) 不支持7天无理由退换货""}, ""大小"": {""values"": [""盲盒随机不指定，不支持无理由退货退款""], ""selected"": ""盲盒随机不指定，不支持无理由退货退款""}, ""_combo_price"": ""款式描述=整盒8个(限购1盒) 不支持7天无理由退换货 | 大小=盲盒随机不指定，不支持无理由退货退款 | ￥792""}]}",款式描述=随机1个(限购8个) 不支持7天无理由退换货 | 大小=盲盒随机不指定，不支持无理由退货退款 | ￥99 || 款式描述=整盒8个(限购1盒) 不支持7天无理由退换货 | 大小=盲盒随机不指定，不支持无理由退货退款 | ￥792,"{""IP"": ""Dear Birds"", ""出售状态"": ""现货"", ""品牌"": ""POP MART/泡泡玛特"", ""系列名"": ""Dear Birds系列-毛绒挂件盲盒"", ""款式类型"": ""常规款 隐藏款"", ""大小"": ""盲盒随机不指定，不支持无理由退货退款"", ""款式描述"": ""随机1个(限购8个) 不支持7天无理由退换货 整盒8个(限购1盒) 不支持7天无理由退换货""}",https://img.alicdn.com/imgextra/i2/2885348004/O1CN01s1EQkT28ztFcfuiTQ_!!4611686018427382436-0-item_pic.jpg | https://img.alicdn.com/imgextra/i2/2885348004/O1CN01tsGqaa28ztFcm0h2d_!!2885348004.jpg | https://img.alicdn.com/imgextra/i1/2885348004/O1CN01z2HypA28ztFdFTCOC_!!2885348004.jpg | https://img.alicdn.com/imgextra/i4/2885348004/O1CN01EGSYfD28ztFcsKFin_!!2885348004.jpg | https://img.alicdn.com/imgextra/i4/2885348004/O1CN01oEmIee28ztFdCnF01_!!2885348004.jpg,imgs/1034661388185_00.jpg | imgs/1034661388185_01.jpg | imgs/1034661388185_02.jpg | imgs/1034661388185_03.jpg | imgs/1034661388185_04.jpg
POPMART泡泡玛特Peach Riot 叛桃音乐随行系列积木挂件盲盒礼物,https://popmart.world.tmall.com/shop/view_shop.htm,https://popmart.world.tmall.com/shop/view_shop.htm,done,泡泡玛特旗舰店,https://detail.tmall.com/item.htm?id=1025863773417,1025863773417,"{""combos"": [{""款式描述"": {""values"": [""随机1个 不支持7天无理由退换货""], ""selected"": ""随机1个 不支持7天无理由退换货""}, ""大小"": {""values"": [""盲盒随机不指定，不支持无理由退货退款""], ""selected"": ""盲盒随机不指定，不支持无理由退货退款""}, ""_combo_price"": ""款式描述=随机1个 不支持7天无理由退换货 | 大小=盲盒随机不指定，不支持无理由退货退款 | ￥79""}, {""款式描述"": {""values"": [""随机1个 不支持7天无理由退换货"", ""整盒6个 不支持7天无理由退换货""], ""selected"": ""整盒6个 不支持7天无理由退换货""}, ""大小"": {""values"": [""盲盒随机不指定，不支持无理由退货退款""], ""selected"": ""盲盒随机不指定，不支持无理由退货退款""}, ""_combo_price"": ""款式描述=整盒6个 不支持7天无理由退换货 | 大小=盲盒随机不指定，不支持无理由退货退款 | ￥474""}]}",款式描述=随机1个 不支持7天无理由退换货 | 大小=盲盒随机不指定，不支持无理由退货退款 | ￥79 || 款式描述=整盒6个 不支持7天无理由退换货 | 大小=盲盒随机不指定，不支持无理由退货退款 | ￥474,"{""IP"": ""Peach Riot 叛桃"", ""出售状态"": ""现货"", ""品牌"": ""POP MART/泡泡玛特"", ""系列名"": ""Peach Riot 叛桃音乐随行系列积木挂件"", ""款式类型"": ""常规款 隐藏款"", ""大小"": ""盲盒随机不指定，不支持无理由退货退款"", ""款式描述"": ""随机1个 不支持7天无理由退换货 整盒6个 不支持7天无理由退换货""}",https://img.alicdn.com/imgextra/i1/2885348004/O1CN01IjVZ2r28ztGacKR9R_!!4611686018427382436-0-item_pic.jpg | https://img.alicdn.com/imgextra/i3/2885348004/O1CN01p5XCkI28ztGAVYFpv_!!2885348004.jpg | https://img.alicdn.com/imgextra/i4/2885348004/O1CN01EhRiv628ztGAZJZVI_!!2885348004.jpg | https://img.alicdn.com/imgextra/i3/2885348004/O1CN01c8hLkW28ztGaksD0F_!!2885348004.jpg | https://img.alicdn.com/imgextra/i2/2885348004/O1CN01T6G8kR28ztGAMmuWb_!!2885348004.jpg,imgs/1025863773417_00.jpg | imgs/1025863773417_01.jpg | imgs/1025863773417_02.jpg | imgs/1025863773417_03.jpg | imgs/1025863773417_04.jpg
POPMART泡泡玛特小野Hirono回声系列手办盲盒玩具礼物,https://popmart.world.tmall.com/shop/view_shop.htm,https://popmart.world.tmall.com/shop/view_shop.htm,done,泡泡玛特旗舰店,https://detail.tmall.com/item.htm?id=897174722052,897174722052,"{""combos"": [{""款式描述"": {""values"": [""随机1个 不支持7天无理由退换货""], ""selected"": ""随机1个 不支持7天无理由退换货""}, ""大小"": {""values"": [""盲盒随机不指定，不支持无理由退货退款""], ""selected"": ""盲盒随机不指定，不支持无理由退货退款""}, ""_combo_price"": ""款式描述=随机1个 不支持7天无理由退换货 | 大小=盲盒随机不指定，不支持无理由退货退款 | ￥69""}, {""款式描述"": {""values"": [""随机1个 不支持7天无理由退换货"", ""整盒12个 不支持7天无理由退换货""], ""selected"": ""整盒12个 不支持7天无理由退换货""}, ""大小"": {""values"": [""盲盒随机不指定，不支持无理由退货退款""], ""selected"": ""盲盒随机不指定，不支持无理由退货退款""}, ""_combo_price"": ""款式描述=整盒12个 不支持7天无理由退换货 | 大小=盲盒随机不指定，不支持无理由退货退款 | ￥828""}]}",款式描述=随机1个 不支持7天无理由退换货 | 大小=盲盒随机不指定，不支持无理由退货退款 | ￥69 || 款式描述=整盒12个 不支持7天无理由退换货 | 大小=盲盒随机不指定，不支持无理由退货退款 | ￥828,"{""品牌"": ""POP MART/泡泡玛特"", ""系列名"": ""Hirono回声系列手办"", ""款式类型"": ""常规款 隐藏款"", ""大小"": ""盲盒随机不指定，不支持无理由退货退款"", ""款式描述"": ""随机1个 不支持7天无理由退换货 整盒12个 不支持7天无理由退换货""}",https://img.alicdn.com/imgextra/i1/2885348004/O1CN01Ntz1uA28ztGagwmz2_!!4611686018427382436-0-item_pic.jpg | https://img.alicdn.com/imgextra/i3/2885348004/O1CN012md2em28zt9jJ40UK_!!2885348004.jpg | https://img.alicdn.com/imgextra/i3/2885348004/O1CN01phtbwO28zt9ipVO3F_!!2885348004.jpg | https://img.alicdn.com/imgextra/i3/2885348004/O1CN01c8hLkW28ztGaksD0F_!!2885348004.jpg | https://img.alicdn.com/imgextra/i3/2885348004/O1CN01II24aT28zt9k2E1Gy_!!2885348004.jpg,imgs/897174722052_01.jpg | imgs/897174722052_02.jpg | imgs/897174722052_03.jpg | imgs/897174722052_04.jpg | imgs/897174722052_05.jpg
POPMART泡泡玛特DIMOO心动特调系列盲盒耳机包礼物,https://popmart.world.tmall.com/shop/view_shop.htm,https://popmart.world.tmall.com/shop/view_shop.htm,done,泡泡玛特旗舰店,https://detail.tmall.com/item.htm?id=950131161479,950131161479,"{""combos"": [{""款式描述"": {""values"": [""随机1个(限购6个) 不支持7天无理由退换货""], ""selected"": ""随机1个(限购6个) 不支持7天无理由退换货""}, ""大小"": {""values"": [""盲盒随机不指定，不支持无理由退货退款""], ""selected"": ""盲盒随机不指定，不支持无理由退货退款""}, ""_combo_price"": ""款式描述=随机1个(限购6个) 不支持7天无理由退换货 | 大小=盲盒随机不指定，不支持无理由退货退款 | ￥79""}, {""款式描述"": {""values"": [""随机1个(限购6个) 不支持7天无理由退换货"", ""整盒6个(限购1盒) 不支持7天无理由退换货""], ""selected"": ""整盒6个(限购1盒) 不支持7天无理由退换货""}, ""大小"": {""values"": [""盲盒随机不指定，不支持无理由退货退款""], ""selected"": ""盲盒随机不指定，不支持无理由退货退款""}, ""_combo_price"": ""款式描述=整盒6个(限购1盒) 不支持7天无理由退换货 | 大小=盲盒随机不指定，不支持无理由退货退款 | ￥474""}]}",款式描述=随机1个(限购6个) 不支持7天无理由退换货 | 大小=盲盒随机不指定，不支持无理由退货退款 | ￥79 || 款式描述=整盒6个(限购1盒) 不支持7天无理由退换货 | 大小=盲盒随机不指定，不支持无理由退货退款 | ￥474,"{""IP"": ""DIMOO"", ""出售状态"": ""现货"", ""品牌"": ""POP MART/泡泡玛特"", ""系列名"": ""DIMOO心动特调系列-盲盒耳机包"", ""款式类型"": ""常规款 隐藏款"", ""大小"": ""盲盒随机不指定，不支持无理由退货退款"", ""款式描述"": ""随机1个(限购6个) 不支持7天无理由退换货 整盒6个(限购1盒) 不支持7天无理由退换货""}",https://img.alicdn.com/imgextra/i1/2885348004/O1CN01BsCDPG28ztGap653Q_!!4611686018427382436-0-item_pic.jpg | https://img.alicdn.com/imgextra/i1/2885348004/O1CN01QbKWJZ28ztBoYVVdo_!!2885348004.jpg | https://img.alicdn.com/imgextra/i1/2885348004/O1CN01zsckIw28ztBoYVJAC_!!2885348004.jpg | https://img.alicdn.com/imgextra/i3/2885348004/O1CN01c8hLkW28ztGaksD0F_!!2885348004.jpg | https://img.alicdn.com/imgextra/i4/2885348004/O1CN013QmCEQ28ztBot0Ysl_!!2885348004.jpg,imgs/950131161479_00.jpg | imgs/950131161479_01.jpg | imgs/950131161479_02.jpg | imgs/950131161479_03.jpg | imgs/950131161479_04.jpg
POPMART泡泡玛特小野Hirono诡乐园系列手办盲盒场景道具礼物,https://popmart.world.tmall.com/shop/view_shop.htm,https://popmart.world.tmall.com/shop/view_shop.htm,done,泡泡玛特旗舰店,https://detail.tmall.com/item.htm?id=970930245794,970930245794,"{""combos"": [{""款式描述"": {""values"": [""随机1个 不支持7天无理由退换货""], ""selected"": ""随机1个 不支持7天无理由退换货""}, ""大小"": {""values"": [""盲盒随机不指定，不支持无理由退货退款""], ""selected"": ""盲盒随机不指定，不支持无理由退货退款""}, ""_combo_price"": ""款式描述=随机1个 不支持7天无理由退换货 | 大小=盲盒随机不指定，不支持无理由退货退款 | ￥79""}, {""款式描述"": {""values"": [""随机1个 不支持7天无理由退换货"", ""整盒6个 不支持7天无理由退换货""], ""selected"": ""整盒6个 不支持7天无理由退换货""}, ""大小"": {""values"": [""盲盒随机不指定，不支持无理由退货退款""], ""selected"": ""盲盒随机不指定，不支持无理由退货退款""}, ""_combo_price"": ""款式描述=整盒6个 不支持7天无理由退换货 | 大小=盲盒随机不指定，不支持无理由退货退款 | ￥474""}, {""款式描述"": {""values"": [""随机1个 不支持7天无理由退换货"", ""整盒6个 不支持7天无理由退换货"", ""场景道具""], ""selected"": ""场景道具""}, ""大小"": {""values"": [""盲盒随机不指定，不支持无理由退货退款""], ""selected"": ""盲盒随机不指定，不支持无理由退货退款""}, ""_combo_price"": ""款式描述=场景道具 | 大小=盲盒随机不指定，不支持无理由退货退款 | ￥29""}]}",款式描述=随机1个 不支持7天无理由退换货 | 大小=盲盒随机不指定，不支持无理由退货退款 | ￥79 || 款式描述=整盒6个 不支持7天无理由退换货 | 大小=盲盒随机不指定，不支持无理由退货退款 | ￥474 || 款式描述=场景道具 | 大小=盲盒随机不指定，不支持无理由退货退款 | ￥29,"{""IP"": ""Hirono"", ""出售状态"": ""现货"", ""品牌"": ""POP MART/泡泡玛特"", ""系列名"": ""Hirono诡乐园系列手办"", ""款式类型"": ""常规款 隐藏款"", ""大小"": ""盲盒随机不指定，不支持无理由退货退款"", ""款式描述"": ""随机1个 不支持7天无理由退换货 整盒6个 不支持7天无理由退换货 场景道具""}",https://img.alicdn.com/imgextra/i2/2885348004/O1CN01Bl8NqC28ztGaNobBE_!!4611686018427382436-0-item_pic.jpg | https://img.alicdn.com/imgextra/i4/2885348004/O1CN01L2jH8O28ztCq3MHrQ_!!2885348004.jpg | https://img.alicdn.com/imgextra/i2/2885348004/O1CN01TuJtRT28ztCqSkORq_!!2885348004.jpg | https://img.alicdn.com/imgextra/i3/2885348004/O1CN01c8hLkW28ztGaksD0F_!!2885348004.jpg | https://img.alicdn.com/imgextra/i1/2885348004/O1CN01YOkjWP28ztCqTS9HI_!!2885348004.jpg,imgs/970930245794_01.jpg | imgs/970930245794_02.jpg | imgs/970930245794_03.jpg | imgs/970930245794_04.jpg | imgs/970930245794_05.jpg
泡泡玛特拉布布THE MONSTERS慵懒瑜伽手办盲盒LABUBU礼物,https://popmart.world.tmall.com/shop/view_shop.htm,https://popmart.world.tmall.com/shop/view_shop.htm,done,泡泡玛特旗舰店,https://detail.tmall.com/item.htm?id=809769677779,809769677779,"{""combos"": [{""款式描述"": {""values"": [""随机1个 不支持7天无理由退换货""], ""selected"": ""随机1个 不支持7天无理由退换货""}, ""大小"": {""values"": [""盲盒随机不指定，不支持无理由退货退款""], ""selected"": ""盲盒随机不指定，不支持无理由退货退款""}, ""_combo_price"": ""款式描述=随机1个 不支持7天无理由退换货 | 大小=盲盒随机不指定，不支持无理由退货退款 | ￥69""}, {""款式描述"": {""values"": [""随机1个 不支持7天无理由退换货"", ""整盒10个 不支持7天无理由退换货""], ""selected"": ""整盒10个 不支持7天无理由退换货""}, ""大小"": {""values"": [""盲盒随机不指定，不支持无理由退货退款""], ""selected"": ""盲盒随机不指定，不支持无理由退货退款""}, ""_combo_price"": ""款式描述=整盒10个 不支持7天无理由退换货 | 大小=盲盒随机不指定，不支持无理由退货退款 | ￥690""}]}",款式描述=随机1个 不支持7天无理由退换货 | 大小=盲盒随机不指定，不支持无理由退货退款 | ￥69 || 款式描述=整盒10个 不支持7天无理由退换货 | 大小=盲盒随机不指定，不支持无理由退货退款 | ￥690,"{""IP"": ""THE MONSTERS"", ""出售状态"": ""现货"", ""品牌"": ""POP MART/泡泡玛特"", ""系列名"": ""THE MONSTERS慵懒瑜伽系列手办盲盒"", ""大小"": ""盲盒随机不指定，不支持无理由退货退款"", ""款式描述"": ""随机1个 不支持7天无理由退换货 整盒10个 不支持7天无理由退换货""}",https://img.alicdn.com/imgextra/i1/2885348004/O1CN011rg3Mh28ztGasyO4U_!!4611686018427382436-0-item_pic.jpg | https://img.alicdn.com/imgextra/i4/2885348004/O1CN01dVxxcU28zt5UIvWYZ_!!2885348004.jpg | https://img.alicdn.com/imgextra/i2/2885348004/O1CN01z6fjmZ28zt5UHhSnr_!!2885348004.jpg | https://img.alicdn.com/imgextra/i3/2885348004/O1CN01c8hLkW28ztGaksD0F_!!2885348004.jpg | https://img.alicdn.com/imgextra/i3/2885348004/O1CN01b0tycK28zt5UIwC6p_!!2885348004.jpg,imgs/809769677779_01.jpg | imgs/809769677779_02.jpg | imgs/809769677779_03.jpg | imgs/809769677779_04.jpg | imgs/809769677779_05.jpg
POPMART泡泡玛特mini DUCKOO Citywalk系列手办盲盒玩具礼物,https://popmart.world.tmall.com/shop/view_shop.htm,https://popmart.world.tmall.com/shop/view_shop.htm,done,泡泡玛特旗舰店,https://detail.tmall.com/item.htm?id=1032918014762,1032918014762,"{""combos"": [{""款式描述"": {""values"": [""随机1个 不支持7天无理由退换货""], ""selected"": ""随机1个 不支持7天无理由退换货""}, ""大小"": {""values"": [""盲盒随机不指定，不支持无理由退货退款""], ""selected"": ""盲盒随机不指定，不支持无理由退货退款""}, ""_combo_price"": ""款式描述=随机1个 不支持7天无理由退换货 | 大小=盲盒随机不指定，不支持无理由退货退款 | ￥69""}, {""款式描述"": {""values"": [""随机1个 不支持7天无理由退换货"", ""整盒12个 不支持7天无理由退换货""], ""selected"": ""整盒12个 不支持7天无理由退换货""}, ""大小"": {""values"": [""盲盒随机不指定，不支持无理由退货退款""], ""selected"": ""盲盒随机不指定，不支持无理由退货退款""}, ""_combo_price"": ""款式描述=整盒12个 不支持7天无理由退换货 | 大小=盲盒随机不指定，不支持无理由退货退款 | ￥828""}]}",款式描述=随机1个 不支持7天无理由退换货 | 大小=盲盒随机不指定，不支持无理由退货退款 | ￥69 || 款式描述=整盒12个 不支持7天无理由退换货 | 大小=盲盒随机不指定，不支持无理由退货退款 | ￥828,"{""IP"": ""mini DUCKOO"", ""出售状态"": ""现货"", ""品牌"": ""POP MART/泡泡玛特"", ""系列名"": ""mini DUCKOO Citywalk系列手办"", ""款式类型"": ""常规款 隐藏款"", ""大小"": ""盲盒随机不指定，不支持无理由退货退款"", ""款式描述"": ""随机1个 不支持7天无理由退换货 整盒12个 不支持7天无理由退换货""}",https://img.alicdn.com/imgextra/i3/2885348004/O1CN01bxufCi28ztGacpyOW_!!4611686018427382436-0-item_pic.jpg | https://img.alicdn.com/imgextra/i2/2885348004/O1CN01JsvBim28ztGAgE5gb_!!2885348004.jpg | https://img.alicdn.com/imgextra/i4/2885348004/O1CN01Cx69qR28ztGATpksE_!!2885348004.jpg | https://img.alicdn.com/imgextra/i3/2885348004/O1CN01c8hLkW28ztGaksD0F_!!2885348004.jpg | https://img.alicdn.com/imgextra/i1/2885348004/O1CN01VOyNsf28ztGAe5ZAu_!!2885348004.jpg,imgs/1032918014762_01.jpg | imgs/1032918014762_02.jpg | imgs/1032918014762_03.jpg | imgs/1032918014762_04.jpg | imgs/1032918014762_05.jpg
POPMART泡泡玛特CRYBABY泪流成海系列冰箱贴盲盒家居周边礼物,https://popmart.world.tmall.com/shop/view_shop.htm,https://popmart.world.tmall.com/shop/view_shop.htm,done,泡泡玛特旗舰店,https://detail.tmall.com/item.htm?id=1033835173401,1033835173401,"{""combos"": [{""款式描述"": {""values"": [""随机1个 不支持7天无理由退换货""], ""selected"": ""随机1个 不支持7天无理由退换货""}, ""大小"": {""values"": [""盲盒随机不指定，不支持无理由退货退款""], ""selected"": ""盲盒随机不指定，不支持无理由退货退款""}, ""_combo_price"": ""款式描述=随机1个 不支持7天无理由退换货 | 大小=盲盒随机不指定，不支持无理由退货退款 | ￥59""}, {""款式描述"": {""values"": [""随机1个 不支持7天无理由退换货"", ""整盒6个 不支持7天无理由退换货""], ""selected"": ""整盒6个 不支持7天无理由退换货""}, ""大小"": {""values"": [""盲盒随机不指定，不支持无理由退货退款""], ""selected"": ""盲盒随机不指定，不支持无理由退货退款""}, ""_combo_price"": ""款式描述=整盒6个 不支持7天无理由退换货 | 大小=盲盒随机不指定，不支持无理由退货退款 | ￥354""}]}",款式描述=随机1个 不支持7天无理由退换货 | 大小=盲盒随机不指定，不支持无理由退货退款 | ￥59 || 款式描述=整盒6个 不支持7天无理由退换货 | 大小=盲盒随机不指定，不支持无理由退货退款 | ￥354,"{""IP"": ""CRYBABY"", ""出售状态"": ""现货"", ""品牌"": ""POP MART/泡泡玛特"", ""系列名"": ""CRYBABY泪流成海系列冰箱贴"", ""款式类型"": ""常规款 隐藏款"", ""大小"": ""盲盒随机不指定，不支持无理由退货退款"", ""款式描述"": ""随机1个 不支持7天无理由退换货 整盒6个 不支持7天无理由退换货""}",https://img.alicdn.com/imgextra/i3/2885348004/O1CN01t1g1Li28ztFX8oD2t_!!4611686018427382436-0-item_pic.jpg | https://img.alicdn.com/imgextra/i2/2885348004/O1CN0174uY7X28ztFWrW5ih_!!2885348004.jpg | https://img.alicdn.com/imgextra/i3/2885348004/O1CN01jFziYS28ztFSHBAII_!!2885348004.jpg | https://img.alicdn.com/imgextra/i1/2885348004/O1CN01VCSB5Z28ztFX8fkag_!!2885348004.jpg | https://img.alicdn.com/imgextra/i4/2885348004/O1CN01QakcSC28ztFXTok1I_!!2885348004.jpg,imgs/1033835173401_00.jpg | imgs/1033835173401_01.jpg | imgs/1033835173401_02.jpg | imgs/1033835173401_03.jpg | imgs/1033835173401_04.jpg
POPMART泡泡玛特HACIPUPU迷路汪汪系列挂件盲盒周边礼物,https://popmart.world.tmall.com/shop/view_shop.htm,https://popmart.world.tmall.com/shop/view_shop.htm,done,泡泡玛特旗舰店,https://detail.tmall.com/item.htm?id=1032231423591,1032231423591,"{""combos"": [{""款式描述"": {""values"": [""随机1个 不支持7天无理由退换货""], ""selected"": ""随机1个 不支持7天无理由退换货""}, ""大小"": {""values"": [""盲盒随机不指定，不支持无理由退货退款""], ""selected"": ""盲盒随机不指定，不支持无理由退货退款""}, ""_combo_price"": ""款式描述=随机1个 不支持7天无理由退换货 | 大小=盲盒随机不指定，不支持无理由退货退款 | ￥69""}, {""款式描述"": {""values"": [""随机1个 不支持7天无理由退换货"", ""整盒6个 不支持7天无理由退换货""], ""selected"": ""整盒6个 不支持7天无理由退换货""}, ""大小"": {""values"": [""盲盒随机不指定，不支持无理由退货退款""], ""selected"": ""盲盒随机不指定，不支持无理由退货退款""}, ""_combo_price"": ""款式描述=整盒6个 不支持7天无理由退换货 | 大小=盲盒随机不指定，不支持无理由退货退款 | ￥414""}]}",款式描述=随机1个 不支持7天无理由退换货 | 大小=盲盒随机不指定，不支持无理由退货退款 | ￥69 || 款式描述=整盒6个 不支持7天无理由退换货 | 大小=盲盒随机不指定，不支持无理由退货退款 | ￥414,"{""IP"": ""HACIPUPU"", ""出售状态"": ""现货"", ""品牌"": ""POP MART/泡泡玛特"", ""系列名"": ""HACIPUPU迷路汪汪系列 - 挂件盲盒"", ""款式类型"": ""常规款 隐藏款"", ""大小"": ""盲盒随机不指定，不支持无理由退货退款"", ""款式描述"": ""随机1个 不支持7天无理由退换货 整盒6个 不支持7天无理由退换货""}",https://img.alicdn.com/imgextra/i4/2885348004/O1CN01Wp0BD228ztGabcn2E_!!4611686018427382436-0-item_pic.jpg | https://img.alicdn.com/imgextra/i1/2885348004/O1CN01bUakzq28ztGFtEXJa_!!2885348004.jpg | https://img.alicdn.com/imgextra/i1/2885348004/O1CN01zRvHTJ28ztGGddkHM_!!2885348004.jpg | https://img.alicdn.com/imgextra/i3/2885348004/O1CN01c8hLkW28ztGaksD0F_!!2885348004.jpg | https://img.alicdn.com/imgextra/i1/2885348004/O1CN01DarRb028ztGBb8Tkm_!!2885348004.jpg,imgs/1032231423591_00.jpg | imgs/1032231423591_01.jpg | imgs/1032231423591_02.jpg | imgs/1032231423591_03.jpg | imgs/1032231423591_04.jpg
POPMART泡泡玛特Zsiga森林漫步系列拼搭积木玩具礼物,https://popmart.world.tmall.com/shop/view_shop.htm,https://popmart.world.tmall.com/shop/view_shop.htm,done,泡泡玛特旗舰店,https://detail.tmall.com/item.htm?id=898038880371,898038880371,"{""combos"": [{""颜色分类"": {""values"": [""时间列车""], ""selected"": ""时间列车""}, ""_combo_price"": ""颜色分类=时间列车 | ￥199""}, {""颜色分类"": {""values"": [""时间列车"", ""木偶剧场""], ""selected"": ""木偶剧场""}, ""_combo_price"": ""颜色分类=木偶剧场 | ￥199""}, {""颜色分类"": {""values"": [""时间列车"", ""木偶剧场"", ""林间来信""], ""selected"": ""林间来信""}, ""_combo_price"": ""颜色分类=林间来信 | ￥199""}, {""颜色分类"": {""values"": [""时间列车"", ""木偶剧场"", ""林间来信"", ""温柔巨兽""], ""selected"": ""温柔巨兽""}, ""_combo_price"": ""颜色分类=温柔巨兽 | ￥269""}, {""颜色分类"": {""values"": [""时间列车"", ""木偶剧场"", ""林间来信"", ""温柔巨兽"", ""森林小屋(组合装-月亮树屋&失落星球)""], ""selected"": ""森林小屋(组合装-月亮树屋&失落星球)""}, ""_combo_price"": ""颜色分类=森林小屋(组合装-月亮树屋&失落星球) | ￥699""}, {""颜色分类"": {""values"": [""时间列车"", ""木偶剧场"", ""林间来信"", ""温柔巨兽"", ""森林小屋(组合装-月亮树屋&失落星球)"", ""五款场景组合""], ""selected"": ""五款场景组合""}, ""_combo_price"": ""颜色分类=五款场景组合 | ￥1565""}]}",颜色分类=时间列车 | ￥199 || 颜色分类=木偶剧场 | ￥199 || 颜色分类=林间来信 | ￥199 || 颜色分类=温柔巨兽 | ￥269 || 颜色分类=森林小屋(组合装-月亮树屋&失落星球) | ￥699 || 颜色分类=五款场景组合 | ￥1565,"{""品牌"": ""POP MART/泡泡玛特"", ""型号"": ""Zsiga森林漫步系列拼搭积木"", ""产地"": ""中国大陆"", ""性别倾向"": ""男女通用"", ""颜色分类"": ""时间列车 木偶剧场 林间来信 温柔巨兽 森林小屋(组合装-月亮树屋&失落星球) 五款场景组合""}",https://img.alicdn.com/imgextra/i2/2885348004/O1CN01LyKQwp28ztGacIUJw_!!4611686018427382436-0-item_pic.jpg | https://img.alicdn.com/imgextra/i2/2885348004/O1CN0131krEP28zt9jnX7U7_!!2885348004.jpg | https://img.alicdn.com/imgextra/i2/2885348004/O1CN01pc4lUV28zt9m2dQjN_!!2885348004.jpg | https://img.alicdn.com/imgextra/i3/2885348004/O1CN01c8hLkW28ztGaksD0F_!!2885348004.jpg | https://img.alicdn.com/imgextra/i4/2885348004/O1CN01XEislj28zt9ieJwIb_!!2885348004.jpg,imgs/898038880371_01.jpg | imgs/898038880371_02.jpg | imgs/898038880371_03.jpg | imgs/898038880371_04.jpg | imgs/898038880371_05.jpg
POPMART泡泡玛特蜡笔小新 童心剧场系列手办盲盒玩具摆件礼物,https://popmart.world.tmall.com/shop/view_shop.htm,https://popmart.world.tmall.com/shop/view_shop.htm,done,泡泡玛特旗舰店,https://detail.tmall.com/item.htm?id=1024951998124,1024951998124,"{""combos"": [{""款式描述"": {""values"": [""随机1个 不支持7天无理由退换货""], ""selected"": ""随机1个 不支持7天无理由退换货""}, ""大小"": {""values"": [""盲盒随机不指定，不支持无理由退货退款""], ""selected"": ""盲盒随机不指定，不支持无理由退货退款""}, ""_combo_price"": ""款式描述=随机1个 不支持7天无理由退换货 | 大小=盲盒随机不指定，不支持无理由退货退款 | ￥69""}, {""款式描述"": {""values"": [""随机1个 不支持7天无理由退换货"", ""整盒12个 不支持7天无理由退换货""], ""selected"": ""整盒12个 不支持7天无理由退换货""}, ""大小"": {""values"": [""盲盒随机不指定，不支持无理由退货退款""], ""selected"": ""盲盒随机不指定，不支持无理由退货退款""}, ""_combo_price"": ""款式描述=整盒12个 不支持7天无理由退换货 | 大小=盲盒随机不指定，不支持无理由退货退款 | ￥828""}]}",款式描述=随机1个 不支持7天无理由退换货 | 大小=盲盒随机不指定，不支持无理由退货退款 | ￥69 || 款式描述=整盒12个 不支持7天无理由退换货 | 大小=盲盒随机不指定，不支持无理由退货退款 | ￥828,"{""IP"": ""蜡笔小新"", ""出售状态"": ""现货"", ""品牌"": ""POP MART/泡泡玛特"", ""系列名"": ""蜡笔小新 童心剧场系列手办"", ""款式类型"": ""常规款 隐藏款"", ""大小"": ""盲盒随机不指定，不支持无理由退货退款"", ""款式描述"": ""随机1个 不支持7天无理由退换货 整盒12个 不支持7天无理由退换货""}",https://img.alicdn.com/imgextra/i2/2885348004/O1CN01gKSMGe28ztGaR1j69_!!4611686018427382436-0-item_pic.jpg | https://img.alicdn.com/imgextra/i3/2885348004/O1CN01Kjdu7G28ztFilTLtH_!!2885348004.jpg | https://img.alicdn.com/imgextra/i1/2885348004/O1CN01OYogcS28ztFiiMdUO_!!2885348004.jpg | https://img.alicdn.com/imgextra/i3/2885348004/O1CN01c8hLkW28ztGaksD0F_!!2885348004.jpg | https://img.alicdn.com/imgextra/i1/2885348004/O1CN01JLcn8s28ztFiVZpL4_!!2885348004.jpg,imgs/1024951998124_00.jpg | imgs/1024951998124_01.jpg | imgs/1024951998124_02.jpg | imgs/1024951998124_03.jpg | imgs/1024951998124_04.jpg
POPMART泡泡玛特拉布布THE MONSTERS 复古理发店手办盲盒labubu,https://popmart.world.tmall.com/shop/view_shop.htm,https://popmart.world.tmall.com/shop/view_shop.htm,done,泡泡玛特旗舰店,https://detail.tmall.com/item.htm?id=1033848337315,1033848337315,"{""combos"": [{""款式描述"": {""values"": [""随机1个 不支持7天无理由退换货""], ""selected"": ""随机1个 不支持7天无理由退换货""}, ""大小"": {""values"": [""盲盒随机不指定，不支持无理由退货退款""], ""selected"": ""盲盒随机不指定，不支持无理由退货退款""}, ""_combo_price"": ""款式描述=随机1个 不支持7天无理由退换货 | 大小=盲盒随机不指定，不支持无理由退货退款 | ￥69""}, {""款式描述"": {""values"": [""随机1个 不支持7天无理由退换货"", ""整盒12个 不支持7天无理由退换货""], ""selected"": ""整盒12个 不支持7天无理由退换货""}, ""大小"": {""values"": [""盲盒随机不指定，不支持无理由退货退款""], ""selected"": ""盲盒随机不指定，不支持无理由退货退款""}, ""_combo_price"": ""款式描述=整盒12个 不支持7天无理由退换货 | 大小=盲盒随机不指定，不支持无理由退货退款 | ￥828""}]}",款式描述=随机1个 不支持7天无理由退换货 | 大小=盲盒随机不指定，不支持无理由退货退款 | ￥69 || 款式描述=整盒12个 不支持7天无理由退换货 | 大小=盲盒随机不指定，不支持无理由退货退款 | ￥828,"{""IP"": ""THE MONSTERS"", ""出售状态"": ""现货"", ""品牌"": ""POP MART/泡泡玛特"", ""系列名"": ""THE MONSTERS 复古理发店系列手办"", ""款式类型"": ""常规款 隐藏款"", ""大小"": ""盲盒随机不指定，不支持无理由退货退款"", ""款式描述"": ""随机1个 不支持7天无理由退换货 整盒12个 不支持7天无理由退换货""}",https://img.alicdn.com/imgextra/i3/2885348004/O1CN01HtUMnQ28ztG4imIIF_!!4611686018427382436-0-item_pic.jpg | https://img.alicdn.com/imgextra/i2/2885348004/O1CN01tYJGB528ztG4aqBf1_!!2885348004.jpg | https://img.alicdn.com/imgextra/i3/2885348004/O1CN01lfmfDu28ztG4CiFWk_!!2885348004.jpg | https://img.alicdn.com/imgextra/i4/2885348004/O1CN01WGS67028ztFzvIQX6_!!2885348004.jpg | https://img.alicdn.com/imgextra/i2/2885348004/O1CN01O7KU7y28ztG4HhVDF_!!2885348004.jpg,imgs/1033848337315_01.jpg | imgs/1033848337315_02.jpg | imgs/1033848337315_03.jpg | imgs/1033848337315_04.jpg | imgs/1033848337315_05.jpg
POPMART泡泡玛特共鸣《Ted2》泰迪熊 Baby Ted可动毛绒挂件盲盒,https://popmart.world.tmall.com/shop/view_shop.htm,https://popmart.world.tmall.com/shop/view_shop.htm,done,泡泡玛特旗舰店,https://detail.tmall.com/item.htm?id=1033851977243,1033851977243,"{""combos"": [{""款式描述"": {""values"": [""随机1个 不支持7天无理由退换货""], ""selected"": ""随机1个 不支持7天无理由退换货""}, ""大小"": {""values"": [""盲盒随机不指定，不支持无理由退货退款""], ""selected"": ""盲盒随机不指定，不支持无理由退货退款""}, ""_combo_price"": ""款式描述=随机1个 不支持7天无理由退换货 | 大小=盲盒随机不指定，不支持无理由退货退款 | ￥69""}, {""款式描述"": {""values"": [""随机1个 不支持7天无理由退换货"", ""整盒8个 不支持7天无理由退换货""], ""selected"": ""整盒8个 不支持7天无理由退换货""}, ""大小"": {""values"": [""盲盒随机不指定，不支持无理由退货退款""], ""selected"": ""盲盒随机不指定，不支持无理由退货退款""}, ""_combo_price"": ""款式描述=整盒8个 不支持7天无理由退换货 | 大小=盲盒随机不指定，不支持无理由退货退款 | ￥552""}]}",款式描述=随机1个 不支持7天无理由退换货 | 大小=盲盒随机不指定，不支持无理由退货退款 | ￥69 || 款式描述=整盒8个 不支持7天无理由退换货 | 大小=盲盒随机不指定，不支持无理由退货退款 | ￥552,"{""IP"": ""《Ted2》"", ""出售状态"": ""现货"", ""品牌"": ""POP MART/泡泡玛特"", ""系列名"": ""《Ted2》-Baby Ted可动毛绒挂件"", ""款式类型"": ""常规款 隐藏款"", ""大小"": ""盲盒随机不指定，不支持无理由退货退款"", ""款式描述"": ""随机1个 不支持7天无理由退换货 整盒8个 不支持7天无理由退换货""}",https://img.alicdn.com/imgextra/i4/2885348004/O1CN01XAQB7728ztGSD3goQ_!!4611686018427382436-0-item_pic.jpg | https://img.alicdn.com/imgextra/i1/2885348004/O1CN01rpRUQw28ztGRZboSh_!!2885348004.jpg | https://img.alicdn.com/imgextra/i1/2885348004/O1CN01zkWwpu28ztGTDigPf_!!2885348004.jpg | https://img.alicdn.com/imgextra/i1/2885348004/O1CN01YouQTW28ztGRj8ZRr_!!2885348004.jpg | https://img.alicdn.com/imgextra/i2/2885348004/O1CN01dSycvh28ztGRNtCRO_!!2885348004.jpg,imgs/1033851977243_00.jpg | imgs/1033851977243_01.jpg | imgs/1033851977243_02.jpg | imgs/1033851977243_03.jpg | imgs/1033851977243_04.jpg
POPMART泡泡玛特泡泡萌粒 THE MONSTERS 复古理发店公仔拉布布,https://popmart.world.tmall.com/shop/view_shop.htm,https://popmart.world.tmall.com/shop/view_shop.htm,done,泡泡玛特旗舰店,https://detail.tmall.com/item.htm?id=1032232455651,1032232455651,"{""combos"": [{""款式描述"": {""values"": [""随机1个 不支持7天无理由退换货""], ""selected"": ""随机1个 不支持7天无理由退换货""}, ""大小"": {""values"": [""盲盒随机不指定，不支持无理由退货退款""], ""selected"": ""盲盒随机不指定，不支持无理由退货退款""}, ""_combo_price"": ""款式描述=随机1个 不支持7天无理由退换货 | 大小=盲盒随机不指定，不支持无理由退货退款 | ￥19""}, {""款式描述"": {""values"": [""随机1个 不支持7天无理由退换货"", ""整盒15个 不支持7天无理由退换货""], ""selected"": ""整盒15个 不支持7天无理由退换货""}, ""大小"": {""values"": [""盲盒随机不指定，不支持无理由退货退款""], ""selected"": ""盲盒随机不指定，不支持无理由退货退款""}, ""_combo_price"": ""款式描述=整盒15个 不支持7天无理由退换货 | 大小=盲盒随机不指定，不支持无理由退货退款 | ￥285""}]}",款式描述=随机1个 不支持7天无理由退换货 | 大小=盲盒随机不指定，不支持无理由退货退款 | ￥19 || 款式描述=整盒15个 不支持7天无理由退换货 | 大小=盲盒随机不指定，不支持无理由退货退款 | ￥285,"{""IP"": ""THE MONSTERS"", ""出售状态"": ""现货"", ""品牌"": ""POP MART/泡泡玛特"", ""系列名"": ""泡泡萌粒 THE MONSTERS 复古理发店系列公仔"", ""款式类型"": ""常规款 隐藏款"", ""大小"": ""盲盒随机不指定，不支持无理由退货退款"", ""款式描述"": ""随机1个 不支持7天无理由退换货 整盒15个 不支持7天无理由退换货""}",https://img.alicdn.com/imgextra/i4/2885348004/O1CN01OTfo3j28ztG4AKaKR_!!4611686018427382436-0-item_pic.jpg | https://img.alicdn.com/imgextra/i2/2885348004/O1CN01Uyn65T28ztG4EhldZ_!!2885348004.jpg | https://img.alicdn.com/imgextra/i3/2885348004/O1CN01D5J2Fo28ztG4EjiCz_!!2885348004.jpg | https://img.alicdn.com/imgextra/i2/2885348004/O1CN01FJTlZL28ztG4IKQ23_!!2885348004.jpg | https://img.alicdn.com/imgextra/i3/2885348004/O1CN01WtaCSM28ztG4NA4n1_!!2885348004.jpg,imgs/1032232455651_00.jpg | imgs/1032232455651_01.jpg | imgs/1032232455651_02.jpg | imgs/1032232455651_03.jpg | imgs/1032232455651_04.jpg
POPMART泡泡玛特CRYBABY Vacation Mode On系列挂件盲盒周边礼物,https://popmart.world.tmall.com/shop/view_shop.htm,https://popmart.world.tmall.com/shop/view_shop.htm,done,泡泡玛特旗舰店,https://detail.tmall.com/item.htm?id=979080127088,979080127088,"{""combos"": [{""款式描述"": {""values"": [""随机1个 不支持7天无理由退换货""], ""selected"": ""随机1个 不支持7天无理由退换货""}, ""大小"": {""values"": [""盲盒随机不指定，不支持无理由退货退款""], ""selected"": ""盲盒随机不指定，不支持无理由退货退款""}, ""_combo_price"": ""款式描述=随机1个 不支持7天无理由退换货 | 大小=盲盒随机不指定，不支持无理由退货退款 | ￥59""}, {""款式描述"": {""values"": [""随机1个 不支持7天无理由退换货"", ""整盒6个 不支持7天无理由退换货""], ""selected"": ""整盒6个 不支持7天无理由退换货""}, ""大小"": {""values"": [""盲盒随机不指定，不支持无理由退货退款""], ""selected"": ""盲盒随机不指定，不支持无理由退货退款""}, ""_combo_price"": ""款式描述=整盒6个 不支持7天无理由退换货 | 大小=盲盒随机不指定，不支持无理由退货退款 | ￥354""}]}",款式描述=随机1个 不支持7天无理由退换货 | 大小=盲盒随机不指定，不支持无理由退货退款 | ￥59 || 款式描述=整盒6个 不支持7天无理由退换货 | 大小=盲盒随机不指定，不支持无理由退货退款 | ￥354,"{""IP"": ""CRYBABY"", ""出售状态"": ""现货"", ""品牌"": ""POP MART/泡泡玛特"", ""系列名"": ""CRYBABY Vacation Mode On系列 - 挂件盲盒"", ""款式类型"": ""常规款 隐藏款"", ""大小"": ""盲盒随机不指定，不支持无理由退货退款"", ""款式描述"": ""随机1个 不支持7天无理由退换货 整盒6个 不支持7天无理由退换货""}",https://img.alicdn.com/imgextra/i3/2885348004/O1CN01H8Elhe28ztGWKjAP1_!!4611686018427382436-0-item_pic.jpg | https://img.alicdn.com/imgextra/i2/2885348004/O1CN01D6XSLK28ztD4RNvAV_!!2885348004.jpg | https://img.alicdn.com/imgextra/i1/2885348004/O1CN01JktS5z28ztD4Lcgqv_!!2885348004.jpg | https://img.alicdn.com/imgextra/i3/2885348004/O1CN01c8hLkW28ztGaksD0F_!!2885348004.jpg | https://img.alicdn.com/imgextra/i1/2885348004/O1CN01zqfvHW28ztD3ExoGL_!!2885348004.jpg,imgs/979080127088_00.jpg | imgs/979080127088_01.jpg | imgs/979080127088_02.jpg | imgs/979080127088_03.jpg | imgs/979080127088_04.jpg
POPMART泡泡玛特SKULLPANDA餐桌系列手办盲盒玩具摆件礼物,https://popmart.world.tmall.com/shop/view_shop.htm,https://popmart.world.tmall.com/shop/view_shop.htm,done,泡泡玛特旗舰店,https://detail.tmall.com/item.htm?id=971566176152,971566176152,"{""combos"": [{""款式描述"": {""values"": [""随机1个 不支持7天无理由退换货""], ""selected"": ""随机1个 不支持7天无理由退换货""}, ""大小"": {""values"": [""盲盒随机不指定，不支持无理由退货退款""], ""selected"": ""盲盒随机不指定，不支持无理由退货退款""}, ""_combo_price"": ""款式描述=随机1个 不支持7天无理由退换货 | 大小=盲盒随机不指定，不支持无理由退货退款 | ￥69""}, {""款式描述"": {""values"": [""随机1个 不支持7天无理由退换货"", ""整盒12个 不支持7天无理由退换货""], ""selected"": ""整盒12个 不支持7天无理由退换货""}, ""大小"": {""values"": [""盲盒随机不指定，不支持无理由退货退款""], ""selected"": ""盲盒随机不指定，不支持无理由退货退款""}, ""_combo_price"": ""款式描述=整盒12个 不支持7天无理由退换货 | 大小=盲盒随机不指定，不支持无理由退货退款 | ￥828""}]}",款式描述=随机1个 不支持7天无理由退换货 | 大小=盲盒随机不指定，不支持无理由退货退款 | ￥69 || 款式描述=整盒12个 不支持7天无理由退换货 | 大小=盲盒随机不指定，不支持无理由退货退款 | ￥828,"{""IP"": ""SKULLPANDA"", ""出售状态"": ""现货"", ""品牌"": ""POP MART/泡泡玛特"", ""系列名"": ""SKULLPANDA餐桌系列手办"", ""款式类型"": ""常规款 隐藏款"", ""大小"": ""盲盒随机不指定，不支持无理由退货退款"", ""款式描述"": ""随机1个 不支持7天无理由退换货 整盒12个 不支持7天无理由退换货""}",https://img.alicdn.com/imgextra/i3/2885348004/O1CN016yI4G628ztGaQwxkp_!!4611686018427382436-0-item_pic.jpg | https://img.alicdn.com/imgextra/i4/2885348004/O1CN01B0bsD128ztD4WL0EQ_!!2885348004.jpg | https://img.alicdn.com/imgextra/i3/2885348004/O1CN01AZ7bqp28ztD4WMLNs_!!2885348004.jpg | https://img.alicdn.com/imgextra/i3/2885348004/O1CN01c8hLkW28ztGaksD0F_!!2885348004.jpg | https://img.alicdn.com/imgextra/i3/2885348004/O1CN015SveCS28ztD4NKpVX_!!2885348004.jpg,imgs/971566176152_01.jpg | imgs/971566176152_02.jpg | imgs/971566176152_03.jpg | imgs/971566176152_04.jpg | imgs/971566176152_05.jpg
泡泡玛特拉布布THE MONSTERS 凌晨一点手办盲盒LABUBU礼物,https://popmart.world.tmall.com/shop/view_shop.htm,https://popmart.world.tmall.com/shop/view_shop.htm,done,泡泡玛特旗舰店,https://detail.tmall.com/item.htm?id=979078459812,979078459812,"{""combos"": [{""款式描述"": {""values"": [""随机1个(限购10个) 不支持7天无理由退换货""], ""selected"": ""随机1个(限购10个) 不支持7天无理由退换货""}, ""大小"": {""values"": [""盲盒随机不指定，不支持无理由退货退款""], ""selected"": ""盲盒随机不指定，不支持无理由退货退款""}, ""_combo_price"": ""款式描述=随机1个(限购10个) 不支持7天无理由退换货 | 大小=盲盒随机不指定，不支持无理由退货退款 | ￥79""}, {""款式描述"": {""values"": [""随机1个(限购10个) 不支持7天无理由退换货"", ""整盒10个(限购1盒) 不支持7天无理由退换货""], ""selected"": ""整盒10个(限购1盒) 不支持7天无理由退换货""}, ""大小"": {""values"": [""盲盒随机不指定，不支持无理由退货退款""], ""selected"": ""盲盒随机不指定，不支持无理由退货退款""}, ""_combo_price"": ""款式描述=整盒10个(限购1盒) 不支持7天无理由退换货 | 大小=盲盒随机不指定，不支持无理由退货退款 | ￥790""}]}",款式描述=随机1个(限购10个) 不支持7天无理由退换货 | 大小=盲盒随机不指定，不支持无理由退货退款 | ￥79 || 款式描述=整盒10个(限购1盒) 不支持7天无理由退换货 | 大小=盲盒随机不指定，不支持无理由退货退款 | ￥790,"{""IP"": ""THE MONSTERS"", ""出售状态"": ""现货"", ""品牌"": ""POP MART/泡泡玛特"", ""系列名"": ""THE MONSTERS 凌晨一点系列手办"", ""款式类型"": ""常规款 隐藏款"", ""大小"": ""盲盒随机不指定，不支持无理由退货退款"", ""款式描述"": ""随机1个(限购10个) 不支持7天无理由退换货 整盒10个(限购1盒) 不支持7天无理由退换货""}",https://img.alicdn.com/imgextra/i2/2885348004/O1CN01rFcq1e28ztGabqX1M_!!4611686018427382436-0-item_pic.jpg | https://img.alicdn.com/imgextra/i1/2885348004/O1CN01YIhPyl28ztDGc2Baa_!!2885348004.jpg | https://img.alicdn.com/imgextra/i4/2885348004/O1CN01Itb7yB28ztDGceOAF_!!2885348004.jpg | https://img.alicdn.com/imgextra/i3/2885348004/O1CN01c8hLkW28ztGaksD0F_!!2885348004.jpg | https://img.alicdn.com/imgextra/i1/2885348004/O1CN01FoAzGL28ztDHJ4Wv7_!!2885348004.jpg,imgs/979078459812_01.jpg | imgs/979078459812_02.jpg | imgs/979078459812_03.jpg | imgs/979078459812_04.jpg | imgs/979078459812_05.jpg
POPMART泡泡玛特CRYBABY 爱神的眼泪手机长款挂绳盲盒礼物,https://popmart.world.tmall.com/shop/view_shop.htm,https://popmart.world.tmall.com/shop/view_shop.htm,done,泡泡玛特旗舰店,https://detail.tmall.com/item.htm?id=866025556228,866025556228,"{""combos"": [{""款式描述"": {""values"": [""随机1个 不支持7天无理由退换货""], ""selected"": ""随机1个 不支持7天无理由退换货""}, ""大小"": {""values"": [""盲盒随机不指定，不支持无理由退货退款""], ""selected"": ""盲盒随机不指定，不支持无理由退货退款""}, ""_combo_price"": ""款式描述=随机1个 不支持7天无理由退换货 | 大小=盲盒随机不指定，不支持无理由退货退款 | ￥129""}, {""款式描述"": {""values"": [""随机1个 不支持7天无理由退换货"", ""整盒6个 不支持7天无理由退换货""], ""selected"": ""整盒6个 不支持7天无理由退换货""}, ""大小"": {""values"": [""盲盒随机不指定，不支持无理由退货退款""], ""selected"": ""盲盒随机不指定，不支持无理由退货退款""}, ""_combo_price"": ""款式描述=整盒6个 不支持7天无理由退换货 | 大小=盲盒随机不指定，不支持无理由退货退款 | ￥774""}]}",款式描述=随机1个 不支持7天无理由退换货 | 大小=盲盒随机不指定，不支持无理由退货退款 | ￥129 || 款式描述=整盒6个 不支持7天无理由退换货 | 大小=盲盒随机不指定，不支持无理由退货退款 | ￥774,"{""IP"": ""CRYBABY"", ""出售状态"": ""现货"", ""品牌"": ""POP MART/泡泡玛特"", ""系列名"": ""CRYBABY 爱神的眼泪系列-手机长款挂绳盲盒"", ""大小"": ""盲盒随机不指定，不支持无理由退货退款"", ""款式描述"": ""随机1个 不支持7天无理由退换货 整盒6个 不支持7天无理由退换货""}",https://img.alicdn.com/imgextra/i4/2885348004/O1CN01HllVnh28ztGabrCUo_!!4611686018427382436-0-item_pic.jpg | https://img.alicdn.com/imgextra/i3/2885348004/O1CN01dRPD0K28zt8iBSwiQ_!!2885348004.jpg | https://img.alicdn.com/imgextra/i3/2885348004/O1CN01dZJwpc28zt8iBSLHs_!!2885348004.jpg | https://img.alicdn.com/imgextra/i3/2885348004/O1CN01c8hLkW28ztGaksD0F_!!2885348004.jpg | https://img.alicdn.com/imgextra/i4/2885348004/O1CN01tGHwQp28zt8iBYiWk_!!2885348004.jpg,imgs/866025556228_00.jpg | imgs/866025556228_01.jpg | imgs/866025556228_02.jpg | imgs/866025556228_03.jpg | imgs/866025556228_04.jpg
POPMART泡泡玛特排球少年!! 暂停·休息时光系列手办盲盒礼物,https://popmart.world.tmall.com/shop/view_shop.htm,https://popmart.world.tmall.com/shop/view_shop.htm,done,泡泡玛特旗舰店,https://detail.tmall.com/item.htm?id=1024949874405,1024949874405,"{""combos"": [{""款式描述"": {""values"": [""随机1个 不支持7天无理由退换货""], ""selected"": ""随机1个 不支持7天无理由退换货""}, ""大小"": {""values"": [""盲盒随机不指定，不支持无理由退货退款""], ""selected"": ""盲盒随机不指定，不支持无理由退货退款""}, ""_combo_price"": ""款式描述=随机1个 不支持7天无理由退换货 | 大小=盲盒随机不指定，不支持无理由退货退款 | ￥69""}, {""款式描述"": {""values"": [""随机1个 不支持7天无理由退换货"", ""整盒12个 不支持7天无理由退换货""], ""selected"": ""整盒12个 不支持7天无理由退换货""}, ""大小"": {""values"": [""盲盒随机不指定，不支持无理由退货退款""], ""selected"": ""盲盒随机不指定，不支持无理由退货退款""}, ""_combo_price"": ""款式描述=整盒12个 不支持7天无理由退换货 | 大小=盲盒随机不指定，不支持无理由退货退款 | ￥828""}]}",款式描述=随机1个 不支持7天无理由退换货 | 大小=盲盒随机不指定，不支持无理由退货退款 | ￥69 || 款式描述=整盒12个 不支持7天无理由退换货 | 大小=盲盒随机不指定，不支持无理由退货退款 | ￥828,"{""IP"": ""排球少年"", ""出售状态"": ""现货"", ""品牌"": ""POP MART/泡泡玛特"", ""系列名"": ""排球少年!! 暂停·休息时光系列手办"", ""款式类型"": ""常规款 隐藏款"", ""大小"": ""盲盒随机不指定，不支持无理由退货退款"", ""款式描述"": ""随机1个 不支持7天无理由退换货 整盒12个 不支持7天无理由退换货""}",https://img.alicdn.com/imgextra/i4/2885348004/O1CN015G0S2C28ztGWKmFow_!!4611686018427382436-0-item_pic.jpg | https://img.alicdn.com/imgextra/i1/2885348004/O1CN015tL0br28ztFX2uI1o_!!2885348004.jpg | https://img.alicdn.com/imgextra/i1/2885348004/O1CN015F4g7j28ztFWpy4Ho_!!2885348004.jpg | https://img.alicdn.com/imgextra/i3/2885348004/O1CN01c8hLkW28ztGaksD0F_!!2885348004.jpg | https://img.alicdn.com/imgextra/i4/2885348004/O1CN01MClye128ztFWhhvFN_!!2885348004.jpg,imgs/1024949874405_01.jpg | imgs/1024949874405_02.jpg | imgs/1024949874405_03.jpg | imgs/1024949874405_04.jpg | imgs/1024949874405_05.jpg
泡泡玛特拉布布THE MONSTERS 怪味便利店手办盲盒LABUBU礼物,https://popmart.world.tmall.com/shop/view_shop.htm,https://popmart.world.tmall.com/shop/view_shop.htm,done,泡泡玛特旗舰店,https://detail.tmall.com/item.htm?id=921938660337,921938660337,"{""combos"": [{""款式描述"": {""values"": [""随机1个(限购12个) 不支持7天无理由退换货""], ""selected"": ""随机1个(限购12个) 不支持7天无理由退换货""}, ""大小"": {""values"": [""盲盒随机不指定，不支持无理由退货退款""], ""selected"": ""盲盒随机不指定，不支持无理由退货退款""}, ""_combo_price"": ""款式描述=随机1个(限购12个) 不支持7天无理由退换货 | 大小=盲盒随机不指定，不支持无理由退货退款 | ￥69""}, {""款式描述"": {""values"": [""随机1个(限购12个) 不支持7天无理由退换货"", ""整盒12个(限购1盒) 不支持7天无理由退换货""], ""selected"": ""整盒12个(限购1盒) 不支持7天无理由退换货""}, ""大小"": {""values"": [""盲盒随机不指定，不支持无理由退货退款""], ""selected"": ""盲盒随机不指定，不支持无理由退货退款""}, ""_combo_price"": ""款式描述=整盒12个(限购1盒) 不支持7天无理由退换货 | 大小=盲盒随机不指定，不支持无理由退货退款 | ￥828""}]}",款式描述=随机1个(限购12个) 不支持7天无理由退换货 | 大小=盲盒随机不指定，不支持无理由退货退款 | ￥69 || 款式描述=整盒12个(限购1盒) 不支持7天无理由退换货 | 大小=盲盒随机不指定，不支持无理由退货退款 | ￥828,"{""IP"": ""THE MONSTERS"", ""出售状态"": ""现货"", ""品牌"": ""POP MART/泡泡玛特"", ""系列名"": ""THE MONSTERS 怪味便利店系列手办"", ""大小"": ""盲盒随机不指定，不支持无理由退货退款"", ""款式描述"": ""随机1个(限购12个) 不支持7天无理由退换货 整盒12个(限购1盒) 不支持7天无理由退换货""}",https://img.alicdn.com/imgextra/i3/2885348004/O1CN01ljTeVz28ztGaQvHjF_!!4611686018427382436-0-item_pic.jpg | https://img.alicdn.com/imgextra/i2/2885348004/O1CN01NyfJdj28ztAlwTFXw_!!2885348004.jpg | https://img.alicdn.com/imgextra/i3/2885348004/O1CN01q10xdw28ztAl7gP73_!!2885348004.jpg | https://img.alicdn.com/imgextra/i3/2885348004/O1CN01c8hLkW28ztGaksD0F_!!2885348004.jpg | https://img.alicdn.com/imgextra/i3/2885348004/O1CN01VJe95O28ztAlV69R9_!!2885348004.jpg,imgs/921938660337_01.jpg | imgs/921938660337_02.jpg | imgs/921938660337_03.jpg | imgs/921938660337_04.jpg | imgs/921938660337_05.jpg
POPMART泡泡玛特CRYBABY出走的月亮坐坐系列手办盲盒摆件礼物,https://popmart.world.tmall.com/shop/view_shop.htm,https://popmart.world.tmall.com/shop/view_shop.htm,done,泡泡玛特旗舰店,https://detail.tmall.com/item.htm?id=989075448651,989075448651,"{""combos"": [{""款式描述"": {""values"": [""随机1个 不支持7天无理由退换货""], ""selected"": ""随机1个 不支持7天无理由退换货""}, ""大小"": {""values"": [""盲盒随机不指定，不支持无理由退货退款""], ""selected"": ""盲盒随机不指定，不支持无理由退货退款""}, ""_combo_price"": ""款式描述=随机1个 不支持7天无理由退换货 | 大小=盲盒随机不指定，不支持无理由退货退款 | ￥39""}, {""款式描述"": {""values"": [""随机1个 不支持7天无理由退换货"", ""整盒12个 不支持7天无理由退换货""], ""selected"": ""整盒12个 不支持7天无理由退换货""}, ""大小"": {""values"": [""盲盒随机不指定，不支持无理由退货退款""], ""selected"": ""盲盒随机不指定，不支持无理由退货退款""}, ""_combo_price"": ""款式描述=整盒12个 不支持7天无理由退换货 | 大小=盲盒随机不指定，不支持无理由退货退款 | ￥468""}]}",款式描述=随机1个 不支持7天无理由退换货 | 大小=盲盒随机不指定，不支持无理由退货退款 | ￥39 || 款式描述=整盒12个 不支持7天无理由退换货 | 大小=盲盒随机不指定，不支持无理由退货退款 | ￥468,"{""IP"": ""CRYBABY"", ""出售状态"": ""现货"", ""品牌"": ""POP MART/泡泡玛特"", ""系列名"": ""CRYBABY出走的月亮-坐坐系列"", ""款式类型"": ""常规款 隐藏款"", ""大小"": ""盲盒随机不指定，不支持无理由退货退款"", ""款式描述"": ""随机1个 不支持7天无理由退换货 整盒12个 不支持7天无理由退换货""}",https://img.alicdn.com/imgextra/i4/2885348004/O1CN01VfZUuP28ztGcIfN39_!!4611686018427382436-0-item_pic.jpg | https://img.alicdn.com/imgextra/i3/2885348004/O1CN01ViXkug28ztDYzsiYf_!!2885348004.jpg | https://img.alicdn.com/imgextra/i3/2885348004/O1CN01X0umgz28ztDa4ASLy_!!2885348004.jpg | https://img.alicdn.com/imgextra/i3/2885348004/O1CN01c8hLkW28ztGaksD0F_!!2885348004.jpg | https://img.alicdn.com/imgextra/i2/2885348004/O1CN015hXLiG28ztDa2jEAW_!!2885348004.jpg,imgs/989075448651_00.jpg | imgs/989075448651_01.jpg | imgs/989075448651_02.jpg | imgs/989075448651_03.jpg | imgs/989075448651_04.jpg
POPMART泡泡玛特火影忍者疾风传童年系列手办盲盒摆件玩具礼物,https://popmart.world.tmall.com/shop/view_shop.htm,https://popmart.world.tmall.com/shop/view_shop.htm,done,泡泡玛特旗舰店,https://detail.tmall.com/item.htm?id=1005358020926,1005358020926,"{""combos"": [{""款式描述"": {""values"": [""随机1个 不支持7天无理由退换货""], ""selected"": ""随机1个 不支持7天无理由退换货""}, ""大小"": {""values"": [""盲盒随机不指定，不支持无理由退货退款""], ""selected"": ""盲盒随机不指定，不支持无理由退货退款""}, ""_combo_price"": ""款式描述=随机1个 不支持7天无理由退换货 | 大小=盲盒随机不指定，不支持无理由退货退款 | ￥69""}, {""款式描述"": {""values"": [""随机1个 不支持7天无理由退换货"", ""整盒12个 不支持7天无理由退换货""], ""selected"": ""整盒12个 不支持7天无理由退换货""}, ""大小"": {""values"": [""盲盒随机不指定，不支持无理由退货退款""], ""selected"": ""盲盒随机不指定，不支持无理由退货退款""}, ""_combo_price"": ""款式描述=整盒12个 不支持7天无理由退换货 | 大小=盲盒随机不指定，不支持无理由退货退款 | ￥828""}]}",款式描述=随机1个 不支持7天无理由退换货 | 大小=盲盒随机不指定，不支持无理由退货退款 | ￥69 || 款式描述=整盒12个 不支持7天无理由退换货 | 大小=盲盒随机不指定，不支持无理由退货退款 | ￥828,"{""IP"": ""火影忍者"", ""出售状态"": ""现货"", ""品牌"": ""POP MART/泡泡玛特"", ""系列名"": ""火影忍者疾风传童年系列手办"", ""款式类型"": ""常规款 隐藏款"", ""大小"": ""盲盒随机不指定，不支持无理由退货退款"", ""款式描述"": ""随机1个 不支持7天无理由退换货 整盒12个 不支持7天无理由退换货""}",https://img.alicdn.com/imgextra/i4/2885348004/O1CN01dLeibT28ztGbJ2ctn_!!4611686018427382436-0-item_pic.jpg | https://img.alicdn.com/imgextra/i2/2885348004/O1CN01X7tTxR28ztEuU33ZX_!!2885348004.jpg | https://img.alicdn.com/imgextra/i4/2885348004/O1CN01qX8qCV28ztEtgshnC_!!2885348004.jpg | https://img.alicdn.com/imgextra/i3/2885348004/O1CN01c8hLkW28ztGaksD0F_!!2885348004.jpg | https://img.alicdn.com/imgextra/i1/2885348004/O1CN01Q1KUty28ztEuD3xeu_!!2885348004.jpg,imgs/1005358020926_01.jpg | imgs/1005358020926_02.jpg | imgs/1005358020926_03.jpg | imgs/1005358020926_04.jpg | imgs/1005358020926_05.jpg
POPMART泡泡玛特DIMOO梦里梦外系列手办盲盒可爱玩具摆件礼物,https://popmart.world.tmall.com/shop/view_shop.htm,https://popmart.world.tmall.com/shop/view_shop.htm,done,泡泡玛特旗舰店,https://detail.tmall.com/item.htm?id=820646255294,820646255294,"{""combos"": [{""款式描述"": {""values"": [""随机1个 不支持7天无理由退换货""], ""selected"": ""随机1个 不支持7天无理由退换货""}, ""大小"": {""values"": [""盲盒随机不指定，不支持无理由退货退款""], ""selected"": ""盲盒随机不指定，不支持无理由退货退款""}, ""_combo_price"": ""款式描述=随机1个 不支持7天无理由退换货 | 大小=盲盒随机不指定，不支持无理由退货退款 | ￥69""}, {""款式描述"": {""values"": [""随机1个 不支持7天无理由退换货"", ""整盒12个 不支持7天无理由退换货""], ""selected"": ""整盒12个 不支持7天无理由退换货""}, ""大小"": {""values"": [""盲盒随机不指定，不支持无理由退货退款""], ""selected"": ""盲盒随机不指定，不支持无理由退货退款""}, ""_combo_price"": ""款式描述=整盒12个 不支持7天无理由退换货 | 大小=盲盒随机不指定，不支持无理由退货退款 | ￥828""}]}",款式描述=随机1个 不支持7天无理由退换货 | 大小=盲盒随机不指定，不支持无理由退货退款 | ￥69 || 款式描述=整盒12个 不支持7天无理由退换货 | 大小=盲盒随机不指定，不支持无理由退货退款 | ￥828,"{""品牌"": ""POP MART/泡泡玛特"", ""系列名"": ""DIMOO梦里梦外系列手办"", ""款式类型"": ""常规款 隐藏款"", ""大小"": ""盲盒随机不指定，不支持无理由退货退款"", ""款式描述"": ""随机1个 不支持7天无理由退换货 整盒12个 不支持7天无理由退换货""}",https://img.alicdn.com/imgextra/i4/2885348004/O1CN01P1nCvU28ztGabZMg7_!!4611686018427382436-0-item_pic.jpg | https://img.alicdn.com/imgextra/i4/2885348004/O1CN01GgK4fd28zt6Zso10I_!!2885348004.jpg | https://img.alicdn.com/imgextra/i4/2885348004/O1CN01vFXZvh28zt6ZspxaA_!!2885348004.jpg | https://img.alicdn.com/imgextra/i3/2885348004/O1CN01c8hLkW28ztGaksD0F_!!2885348004.jpg | https://img.alicdn.com/imgextra/i1/2885348004/O1CN01s4oLPL28zt6bEP8cs_!!2885348004.jpg,imgs/820646255294_01.jpg | imgs/820646255294_02.jpg | imgs/820646255294_03.jpg | imgs/820646255294_04.jpg | imgs/820646255294_05.jpg
POPMART泡泡玛特KUBO呼吸感应系列手办盲盒可爱玩具摆件礼物,https://popmart.world.tmall.com/shop/view_shop.htm,https://popmart.world.tmall.com/shop/view_shop.htm,done,泡泡玛特旗舰店,https://detail.tmall.com/item.htm?id=814661000587,814661000587,"{""combos"": [{""款式描述"": {""values"": [""随机1个 不支持7天无理由退换货""], ""selected"": ""随机1个 不支持7天无理由退换货""}, ""大小"": {""values"": [""盲盒随机不指定，不支持无理由退货退款""], ""selected"": ""盲盒随机不指定，不支持无理由退货退款""}, ""_combo_price"": ""款式描述=随机1个 不支持7天无理由退换货 | 大小=盲盒随机不指定，不支持无理由退货退款 | ￥69""}, {""款式描述"": {""values"": [""随机1个 不支持7天无理由退换货"", ""整盒12个 不支持7天无理由退换货""], ""selected"": ""整盒12个 不支持7天无理由退换货""}, ""大小"": {""values"": [""盲盒随机不指定，不支持无理由退货退款""], ""selected"": ""盲盒随机不指定，不支持无理由退货退款""}, ""_combo_price"": ""款式描述=整盒12个 不支持7天无理由退换货 | 大小=盲盒随机不指定，不支持无理由退货退款 | ￥828""}]}",款式描述=随机1个 不支持7天无理由退换货 | 大小=盲盒随机不指定，不支持无理由退货退款 | ￥69 || 款式描述=整盒12个 不支持7天无理由退换货 | 大小=盲盒随机不指定，不支持无理由退货退款 | ￥828,"{""IP"": ""KUBO"", ""出售状态"": ""现货"", ""品牌"": ""POP MART/泡泡玛特"", ""系列名"": ""KUBO呼吸感应系列"", ""大小"": ""盲盒随机不指定，不支持无理由退货退款"", ""款式描述"": ""随机1个 不支持7天无理由退换货 整盒12个 不支持7天无理由退换货""}",https://img.alicdn.com/imgextra/i2/2885348004/O1CN01jmDiyC28ztGabXDcm_!!4611686018427382436-0-item_pic.jpg | https://img.alicdn.com/imgextra/i2/2885348004/O1CN01oYtst828zt55frF5P_!!2885348004.jpg | https://img.alicdn.com/imgextra/i4/2885348004/O1CN010Q97Og28zt58CAqbb_!!2885348004.jpg | https://img.alicdn.com/imgextra/i3/2885348004/O1CN01c8hLkW28ztGaksD0F_!!2885348004.jpg | https://img.alicdn.com/imgextra/i4/2885348004/O1CN01YXZuY828zt59P5Ygu_!!2885348004.jpg,imgs/814661000587_01.jpg | imgs/814661000587_02.jpg | imgs/814661000587_03.jpg | imgs/814661000587_04.jpg | imgs/814661000587_05.jpg
POPMART泡泡玛特小野Hirono 温室芒草系列手办盲盒玩具礼物摆件,https://popmart.world.tmall.com/shop/view_shop.htm,https://popmart.world.tmall.com/shop/view_shop.htm,done,泡泡玛特旗舰店,https://detail.tmall.com/item.htm?id=1004622213350,1004622213350,"{""combos"": [{""款式描述"": {""values"": [""随机1个 不支持7天无理由退换货""], ""selected"": ""随机1个 不支持7天无理由退换货""}, ""大小"": {""values"": [""盲盒随机不指定，不支持无理由退货退款""], ""selected"": ""盲盒随机不指定，不支持无理由退货退款""}, ""_combo_price"": ""款式描述=随机1个 不支持7天无理由退换货 | 大小=盲盒随机不指定，不支持无理由退货退款 | ￥69""}, {""款式描述"": {""values"": [""随机1个 不支持7天无理由退换货"", ""整盒12个 不支持7天无理由退换货""], ""selected"": ""整盒12个 不支持7天无理由退换货""}, ""大小"": {""values"": [""盲盒随机不指定，不支持无理由退货退款""], ""selected"": ""盲盒随机不指定，不支持无理由退货退款""}, ""_combo_price"": ""款式描述=整盒12个 不支持7天无理由退换货 | 大小=盲盒随机不指定，不支持无理由退货退款 | ￥828""}]}",款式描述=随机1个 不支持7天无理由退换货 | 大小=盲盒随机不指定，不支持无理由退货退款 | ￥69 || 款式描述=整盒12个 不支持7天无理由退换货 | 大小=盲盒随机不指定，不支持无理由退货退款 | ￥828,"{""IP"": ""Hirono"", ""出售状态"": ""现货"", ""品牌"": ""POP MART/泡泡玛特"", ""系列名"": ""Hirono 温室芒草系列手办"", ""款式类型"": ""常规款 隐藏款"", ""大小"": ""盲盒随机不指定，不支持无理由退货退款"", ""款式描述"": ""随机1个 不支持7天无理由退换货 整盒12个 不支持7天无理由退换货""}",https://img.alicdn.com/imgextra/i1/2885348004/O1CN01BcguW428ztGaR0aN4_!!4611686018427382436-0-item_pic.jpg | https://img.alicdn.com/imgextra/i2/2885348004/O1CN01LFZBH828ztF079RjI_!!2885348004.jpg | https://img.alicdn.com/imgextra/i1/2885348004/O1CN01vhKG3F28ztF01jEsq_!!2885348004.jpg | https://img.alicdn.com/imgextra/i3/2885348004/O1CN01c8hLkW28ztGaksD0F_!!2885348004.jpg | https://img.alicdn.com/imgextra/i2/2885348004/O1CN01VbDbNR28ztEv01gYG_!!2885348004.jpg,imgs/1004622213350_00.jpg | imgs/1004622213350_01.jpg | imgs/1004622213350_02.jpg | imgs/1004622213350_03.jpg | imgs/1004622213350_04.jpg
POPMART泡泡玛特泡泡萌粒 晚安夜空系列公仔（1粒装）盲盒摆件,https://popmart.world.tmall.com/shop/view_shop.htm,https://popmart.world.tmall.com/shop/view_shop.htm,done,泡泡玛特旗舰店,https://detail.tmall.com/item.htm?id=971564684810,971564684810,"{""combos"": [{""款式描述"": {""values"": [""随机1粒/袋 不支持7天无理由退换货""], ""selected"": ""随机1粒/袋 不支持7天无理由退换货""}, ""大小"": {""values"": [""盲盒随机不指定，不支持无理由退货退款""], ""selected"": ""盲盒随机不指定，不支持无理由退货退款""}, ""_combo_price"": ""款式描述=随机1粒/袋 不支持7天无理由退换货 | 大小=盲盒随机不指定，不支持无理由退货退款 | ￥15""}, {""款式描述"": {""values"": [""随机1粒/袋 不支持7天无理由退换货"", ""整端30粒 不支持7天无理由退换货""], ""selected"": ""整端30粒 不支持7天无理由退换货""}, ""大小"": {""values"": [""盲盒随机不指定，不支持无理由退货退款""], ""selected"": ""盲盒随机不指定，不支持无理由退货退款""}, ""_combo_price"": ""款式描述=整端30粒 不支持7天无理由退换货 | 大小=盲盒随机不指定，不支持无理由退货退款 | ￥450""}]}",款式描述=随机1粒/袋 不支持7天无理由退换货 | 大小=盲盒随机不指定，不支持无理由退货退款 | ￥15 || 款式描述=整端30粒 不支持7天无理由退换货 | 大小=盲盒随机不指定，不支持无理由退货退款 | ￥450,"{""IP"": ""泡泡萌粒"", ""出售状态"": ""现货"", ""品牌"": ""POP MART/泡泡玛特"", ""系列名"": ""泡泡萌粒 夜空中的星系列盲袋（1粒装）"", ""款式类型"": ""常规款 隐藏款"", ""大小"": ""盲盒随机不指定，不支持无理由退货退款"", ""款式描述"": ""随机1粒/袋 不支持7天无理由退换货 整端30粒 不支持7天无理由退换货""}",https://img.alicdn.com/imgextra/i3/2885348004/O1CN01sTomsh28ztGab5oW6_!!4611686018427382436-0-item_pic.jpg | https://img.alicdn.com/imgextra/i3/2885348004/O1CN01FFuvqJ28ztCaKINK0_!!2885348004.jpg | https://img.alicdn.com/imgextra/i1/2885348004/O1CN01LIBMHR28ztCZXRThc_!!2885348004.jpg | https://img.alicdn.com/imgextra/i3/2885348004/O1CN01c8hLkW28ztGaksD0F_!!2885348004.jpg | https://img.alicdn.com/imgextra/i1/2885348004/O1CN01TM1MhY28ztCZF4HVm_!!2885348004.jpg,imgs/971564684810_00.jpg | imgs/971564684810_01.jpg | imgs/971564684810_02.jpg | imgs/971564684810_03.jpg | imgs/971564684810_04.jpg
POPMART泡泡玛特泡泡萌粒 海岛度假系列冰箱贴盲盒周边家居礼物,https://popmart.world.tmall.com/shop/view_shop.htm,https://popmart.world.tmall.com/shop/view_shop.htm,done,泡泡玛特旗舰店,https://detail.tmall.com/item.htm?id=1032231423653,1032231423653,"{""combos"": [{""款式描述"": {""values"": [""随机1个 不支持7天无理由退换货""], ""selected"": ""随机1个 不支持7天无理由退换货""}, ""大小"": {""values"": [""盲盒随机不指定，不支持无理由退货退款""], ""selected"": ""盲盒随机不指定，不支持无理由退货退款""}, ""_combo_price"": ""款式描述=随机1个 不支持7天无理由退换货 | 大小=盲盒随机不指定，不支持无理由退货退款 | ￥59""}, {""款式描述"": {""values"": [""随机1个 不支持7天无理由退换货"", ""整盒6个 不支持7天无理由退换货""], ""selected"": ""整盒6个 不支持7天无理由退换货""}, ""大小"": {""values"": [""盲盒随机不指定，不支持无理由退货退款""], ""selected"": ""盲盒随机不指定，不支持无理由退货退款""}, ""_combo_price"": ""款式描述=整盒6个 不支持7天无理由退换货 | 大小=盲盒随机不指定，不支持无理由退货退款 | ￥354""}]}",款式描述=随机1个 不支持7天无理由退换货 | 大小=盲盒随机不指定，不支持无理由退货退款 | ￥59 || 款式描述=整盒6个 不支持7天无理由退换货 | 大小=盲盒随机不指定，不支持无理由退货退款 | ￥354,"{""IP"": ""泡泡萌粒 海岛度假系列"", ""出售状态"": ""现货"", ""品牌"": ""POP MART/泡泡玛特"", ""系列名"": ""泡泡萌粒 海岛度假系列 冰箱贴"", ""款式类型"": ""常规款 隐藏款"", ""大小"": ""盲盒随机不指定，不支持无理由退货退款"", ""款式描述"": ""随机1个 不支持7天无理由退换货 整盒6个 不支持7天无理由退换货""}",https://img.alicdn.com/imgextra/i3/2885348004/O1CN01DaBD7C28ztGabswsa_!!4611686018427382436-0-item_pic.jpg | https://img.alicdn.com/imgextra/i3/2885348004/O1CN01gzitS928ztGBbPC8I_!!2885348004.jpg | https://img.alicdn.com/imgextra/i4/2885348004/O1CN01vF8RSZ28ztGG497T3_!!2885348004.jpg | https://img.alicdn.com/imgextra/i3/2885348004/O1CN01c8hLkW28ztGaksD0F_!!2885348004.jpg | https://img.alicdn.com/imgextra/i4/2885348004/O1CN01H9mGds28ztGG6qQzp_!!2885348004.jpg,imgs/1032231423653_00.jpg | imgs/1032231423653_01.jpg | imgs/1032231423653_02.jpg | imgs/1032231423653_03.jpg | imgs/1032231423653_04.jpg
POPMART泡泡玛特Molly积极入冬指南系列MINI包盲盒周边礼物,https://popmart.world.tmall.com/shop/view_shop.htm,https://popmart.world.tmall.com/shop/view_shop.htm,done,泡泡玛特旗舰店,https://detail.tmall.com/item.htm?id=1000530865658,1000530865658,"{""combos"": [{""款式描述"": {""values"": [""随机1个 不支持7天无理由退换货""], ""selected"": ""随机1个 不支持7天无理由退换货""}, ""大小"": {""values"": [""盲盒随机不指定，不支持无理由退货退款""], ""selected"": ""盲盒随机不指定，不支持无理由退货退款""}, ""_combo_price"": ""款式描述=随机1个 不支持7天无理由退换货 | 大小=盲盒随机不指定，不支持无理由退货退款 | 平台加补后￥86""}, {""款式描述"": {""values"": [""随机1个 不支持7天无理由退换货"", ""整盒6个 不支持7天无理由退换货""], ""selected"": ""整盒6个 不支持7天无理由退换货""}, ""大小"": {""values"": [""盲盒随机不指定，不支持无理由退货退款""], ""selected"": ""盲盒随机不指定，不支持无理由退货退款""}, ""_combo_price"": ""款式描述=整盒6个 不支持7天无理由退换货 | 大小=盲盒随机不指定，不支持无理由退货退款 | 平台加补后￥511""}]}",款式描述=随机1个 不支持7天无理由退换货 | 大小=盲盒随机不指定，不支持无理由退货退款 | 平台加补后￥86 || 款式描述=整盒6个 不支持7天无理由退换货 | 大小=盲盒随机不指定，不支持无理由退货退款 | 平台加补后￥511,"{""IP"": ""MOLLY"", ""出售状态"": ""现货"", ""品牌"": ""POP MART/泡泡玛特"", ""系列名"": ""Molly积极入冬指南系列-MINI包盲盒"", ""款式类型"": ""常规款 隐藏款"", ""大小"": ""盲盒随机不指定，不支持无理由退货退款"", ""款式描述"": ""随机1个 不支持7天无理由退换货 整盒6个 不支持7天无理由退换货""}",https://img.alicdn.com/imgextra/i3/2885348004/O1CN01zbM8KL28ztGacpdV4_!!4611686018427382436-0-item_pic.jpg | https://img.alicdn.com/imgextra/i2/2885348004/O1CN01QBVZFR28ztDlygd3T_!!2885348004.jpg | https://img.alicdn.com/imgextra/i1/2885348004/O1CN01vKy5Ir28ztDlVMkev_!!2885348004.jpg | https://img.alicdn.com/imgextra/i3/2885348004/O1CN01c8hLkW28ztGaksD0F_!!2885348004.jpg | https://img.alicdn.com/imgextra/i1/2885348004/O1CN01uSFe7e28ztDnDbRcD_!!2885348004.jpg,imgs/1000530865658_00.jpg | imgs/1000530865658_01.jpg | imgs/1000530865658_02.jpg | imgs/1000530865658_03.jpg | imgs/1000530865658_04.jpg
POPMART泡泡玛特DIMOO WORLD × 迪士尼系列手机挂绳盲盒周边,https://popmart.world.tmall.com/shop/view_shop.htm,https://popmart.world.tmall.com/shop/view_shop.htm,done,泡泡玛特旗舰店,https://detail.tmall.com/item.htm?id=898538881853,898538881853,"{""combos"": [{""款式描述"": {""values"": [""随机1个 不支持7天无理由退换货""], ""selected"": ""随机1个 不支持7天无理由退换货""}, ""大小"": {""values"": [""盲盒随机不指定，不支持无理由退货退款""], ""selected"": ""盲盒随机不指定，不支持无理由退货退款""}, ""_combo_price"": ""款式描述=随机1个 不支持7天无理由退换货 | 大小=盲盒随机不指定，不支持无理由退货退款 | ￥59""}, {""款式描述"": {""values"": [""随机1个 不支持7天无理由退换货"", ""整盒6个 不支持7天无理由退换货""], ""selected"": ""整盒6个 不支持7天无理由退换货""}, ""大小"": {""values"": [""盲盒随机不指定，不支持无理由退货退款""], ""selected"": ""盲盒随机不指定，不支持无理由退货退款""}, ""_combo_price"": ""款式描述=整盒6个 不支持7天无理由退换货 | 大小=盲盒随机不指定，不支持无理由退货退款 | ￥354""}]}",款式描述=随机1个 不支持7天无理由退换货 | 大小=盲盒随机不指定，不支持无理由退货退款 | ￥59 || 款式描述=整盒6个 不支持7天无理由退换货 | 大小=盲盒随机不指定，不支持无理由退货退款 | ￥354,"{""IP"": ""DIMOO WORLD x 迪士尼"", ""出售状态"": ""现货"", ""品牌"": ""POP MART/泡泡玛特"", ""系列名"": ""DIMOO WORLD x 迪士尼系列-手机挂绳盲盒"", ""大小"": ""盲盒随机不指定，不支持无理由退货退款"", ""款式描述"": ""随机1个 不支持7天无理由退换货 整盒6个 不支持7天无理由退换货""}",https://img.alicdn.com/imgextra/i3/2885348004/O1CN01sOiZRt28ztGab6DOt_!!4611686018427382436-0-item_pic.jpg | https://img.alicdn.com/imgextra/i1/2885348004/O1CN01hkcxgJ28zt9PU83DA_!!2885348004.jpg | https://img.alicdn.com/imgextra/i2/2885348004/O1CN01fhHldR28zt9S6xxe4_!!2885348004.jpg | https://img.alicdn.com/imgextra/i3/2885348004/O1CN01c8hLkW28ztGaksD0F_!!2885348004.jpg | https://img.alicdn.com/imgextra/i3/2885348004/O1CN01LS87EL28zt9PLAqbA_!!2885348004.jpg,imgs/898538881853_00.jpg | imgs/898538881853_01.jpg | imgs/898538881853_02.jpg | imgs/898538881853_03.jpg | imgs/898538881853_04.jpg
POPMART泡泡玛特DIMOO自然的形状系列手办盲盒玩具摆件礼物,https://popmart.world.tmall.com/shop/view_shop.htm,https://popmart.world.tmall.com/shop/view_shop.htm,done,泡泡玛特旗舰店,https://detail.tmall.com/item.htm?id=937495293492,937495293492,"{""combos"": [{""款式描述"": {""values"": [""随机1个(限购12个) 不支持7天无理由退换货""], ""selected"": ""随机1个(限购12个) 不支持7天无理由退换货""}, ""大小"": {""values"": [""盲盒随机不指定，不支持无理由退货退款""], ""selected"": ""盲盒随机不指定，不支持无理由退货退款""}, ""_combo_price"": ""款式描述=随机1个(限购12个) 不支持7天无理由退换货 | 大小=盲盒随机不指定，不支持无理由退货退款 | 平台加补后￥64""}, {""款式描述"": {""values"": [""随机1个(限购12个) 不支持7天无理由退换货"", ""整盒12个(限购1盒) 不支持7天无理由退换货""], ""selected"": ""整盒12个(限购1盒) 不支持7天无理由退换货""}, ""大小"": {""values"": [""盲盒随机不指定，不支持无理由退货退款""], ""selected"": ""盲盒随机不指定，不支持无理由退货退款""}, ""_combo_price"": ""款式描述=整盒12个(限购1盒) 不支持7天无理由退换货 | 大小=盲盒随机不指定，不支持无理由退货退款 | 平台加补后￥771""}]}",款式描述=随机1个(限购12个) 不支持7天无理由退换货 | 大小=盲盒随机不指定，不支持无理由退货退款 | 平台加补后￥64 || 款式描述=整盒12个(限购1盒) 不支持7天无理由退换货 | 大小=盲盒随机不指定，不支持无理由退货退款 | 平台加补后￥771,"{""品牌"": ""POP MART/泡泡玛特"", ""系列名"": ""DIMOO自然的形状系列手办"", ""款式类型"": ""常规款 隐藏款"", ""大小"": ""盲盒随机不指定，不支持无理由退货退款"", ""款式描述"": ""随机1个(限购12个) 不支持7天无理由退换货 整盒12个(限购1盒) 不支持7天无理由退换货""}",https://img.alicdn.com/imgextra/i4/2885348004/O1CN01MMTha828ztGagxG9Z_!!4611686018427382436-0-item_pic.jpg | https://img.alicdn.com/imgextra/i3/2885348004/O1CN01PpiJJm28ztBGfD4Ev_!!2885348004.jpg | https://img.alicdn.com/imgextra/i2/2885348004/O1CN01fgbm8f28ztBGf9umR_!!2885348004.jpg | https://img.alicdn.com/imgextra/i3/2885348004/O1CN01c8hLkW28ztGaksD0F_!!2885348004.jpg | https://img.alicdn.com/imgextra/i3/2885348004/O1CN01Yexo0W28ztBGwWTW3_!!2885348004.jpg,imgs/937495293492_01.jpg | imgs/937495293492_02.jpg | imgs/937495293492_03.jpg | imgs/937495293492_04.jpg | imgs/937495293492_05.jpg
POPMART泡泡玛特三丽鸥家族粉色派对系列手办盲盒摆件玩具礼物,https://popmart.world.tmall.com/shop/view_shop.htm,https://popmart.world.tmall.com/shop/view_shop.htm,done,泡泡玛特旗舰店,https://detail.tmall.com/item.htm?id=1005356812939,1005356812939,"{""combos"": [{""款式描述"": {""values"": [""随机1个 不支持7天无理由退换货""], ""selected"": ""随机1个 不支持7天无理由退换货""}, ""大小"": {""values"": [""盲盒随机不指定，不支持无理由退货退款""], ""selected"": ""盲盒随机不指定，不支持无理由退货退款""}, ""_combo_price"": ""款式描述=随机1个 不支持7天无理由退换货 | 大小=盲盒随机不指定，不支持无理由退货退款 | ￥59""}, {""款式描述"": {""values"": [""随机1个 不支持7天无理由退换货"", ""整盒6个 不支持7天无理由退换货""], ""selected"": ""整盒6个 不支持7天无理由退换货""}, ""大小"": {""values"": [""盲盒随机不指定，不支持无理由退货退款""], ""selected"": ""盲盒随机不指定，不支持无理由退货退款""}, ""_combo_price"": ""款式描述=整盒6个 不支持7天无理由退换货 | 大小=盲盒随机不指定，不支持无理由退货退款 | ￥354""}]}",款式描述=随机1个 不支持7天无理由退换货 | 大小=盲盒随机不指定，不支持无理由退货退款 | ￥59 || 款式描述=整盒6个 不支持7天无理由退换货 | 大小=盲盒随机不指定，不支持无理由退货退款 | ￥354,"{""IP"": ""三丽鸥"", ""出售状态"": ""现货"", ""品牌"": ""POP MART/泡泡玛特"", ""系列名"": ""三丽鸥家族粉色派对系列手办"", ""款式类型"": ""特别版 常规款 隐藏款"", ""大小"": ""盲盒随机不指定，不支持无理由退货退款"", ""款式描述"": ""随机1个 不支持7天无理由退换货 整盒6个 不支持7天无理由退换货""}",https://img.alicdn.com/imgextra/i2/2885348004/O1CN01pzR5AF28ztGah1Hia_!!4611686018427382436-0-item_pic.jpg | https://img.alicdn.com/imgextra/i1/2885348004/O1CN01pkLouf28ztEodvuxp_!!2885348004.jpg | https://img.alicdn.com/imgextra/i1/2885348004/O1CN01ui2nDz28ztEoFgULd_!!2885348004.jpg | https://img.alicdn.com/imgextra/i3/2885348004/O1CN01c8hLkW28ztGaksD0F_!!2885348004.jpg | https://img.alicdn.com/imgextra/i1/2885348004/O1CN01DvqyTJ28ztEorgtRx_!!2885348004.jpg,imgs/1005356812939_01.jpg | imgs/1005356812939_02.jpg | imgs/1005356812939_03.jpg | imgs/1005356812939_04.jpg | imgs/1005356812939_05.jpg
POPMART泡泡玛特泡泡萌粒睡衣变装系列盲盒公仔袋装(1粒)礼物,https://popmart.world.tmall.com/shop/view_shop.htm,https://popmart.world.tmall.com/shop/view_shop.htm,done,泡泡玛特旗舰店,https://detail.tmall.com/item.htm?id=898039388493,898039388493,"{""combos"": [{""款式描述"": {""values"": [""随机1粒/盒 不支持7天无理由退换货""], ""selected"": ""随机1粒/盒 不支持7天无理由退换货""}, ""大小"": {""values"": [""盲盒随机不指定，不支持无理由退货退款""], ""selected"": ""盲盒随机不指定，不支持无理由退货退款""}, ""_combo_price"": ""款式描述=随机1粒/盒 不支持7天无理由退换货 | 大小=盲盒随机不指定，不支持无理由退货退款 | ￥19""}, {""款式描述"": {""values"": [""随机1粒/盒 不支持7天无理由退换货"", ""整端30个 不支持7天无理由退换货""], ""selected"": ""整端30个 不支持7天无理由退换货""}, ""大小"": {""values"": [""盲盒随机不指定，不支持无理由退货退款""], ""selected"": ""盲盒随机不指定，不支持无理由退货退款""}, ""_combo_price"": ""款式描述=整端30个 不支持7天无理由退换货 | 大小=盲盒随机不指定，不支持无理由退货退款 | ￥570""}]}",款式描述=随机1粒/盒 不支持7天无理由退换货 | 大小=盲盒随机不指定，不支持无理由退货退款 | ￥19 || 款式描述=整端30个 不支持7天无理由退换货 | 大小=盲盒随机不指定，不支持无理由退货退款 | ￥570,"{""IP"": ""泡泡萌粒"", ""出售状态"": ""现货"", ""品牌"": ""POP MART/泡泡玛特"", ""系列名"": ""泡泡萌粒 睡衣变装系列公仔袋装（1粒）"", ""大小"": ""盲盒随机不指定，不支持无理由退货退款"", ""款式描述"": ""随机1粒/盒 不支持7天无理由退换货 整端30个 不支持7天无理由退换货""}",https://img.alicdn.com/imgextra/i3/2885348004/O1CN01sSLB5H28ztGacmHRR_!!4611686018427382436-0-item_pic.jpg | https://img.alicdn.com/imgextra/i2/2885348004/O1CN01T1sueX28zt9rtBcFb_!!2885348004.jpg | https://img.alicdn.com/imgextra/i2/2885348004/O1CN01TxkN0A28zt9pKreoR_!!2885348004.jpg | https://img.alicdn.com/imgextra/i3/2885348004/O1CN01c8hLkW28ztGaksD0F_!!2885348004.jpg | https://img.alicdn.com/imgextra/i2/2885348004/O1CN01KYDQZf28zt9qKSLLm_!!2885348004.jpg,imgs/898039388493_00.jpg | imgs/898039388493_01.jpg | imgs/898039388493_02.jpg | imgs/898039388493_03.jpg | imgs/898039388493_04.jpg
POPMART泡泡玛特 小熊维尼树屋剧场系列手办盲盒玩具摆件礼物,https://popmart.world.tmall.com/shop/view_shop.htm,https://popmart.world.tmall.com/shop/view_shop.htm,done,泡泡玛特旗舰店,https://detail.tmall.com/item.htm?id=1033851977019,1033851977019,"{""combos"": [{""款式描述"": {""values"": [""随机1个 不支持7天无理由退换货""], ""selected"": ""随机1个 不支持7天无理由退换货""}, ""大小"": {""values"": [""盲盒随机不指定，不支持无理由退货退款""], ""selected"": ""盲盒随机不指定，不支持无理由退货退款""}, ""_combo_price"": ""款式描述=随机1个 不支持7天无理由退换货 | 大小=盲盒随机不指定，不支持无理由退货退款 | ￥69""}, {""款式描述"": {""values"": [""随机1个 不支持7天无理由退换货"", ""整盒9个 不支持7天无理由退换货""], ""selected"": ""整盒9个 不支持7天无理由退换货""}, ""大小"": {""values"": [""盲盒随机不指定，不支持无理由退货退款""], ""selected"": ""盲盒随机不指定，不支持无理由退货退款""}, ""_combo_price"": ""款式描述=整盒9个 不支持7天无理由退换货 | 大小=盲盒随机不指定，不支持无理由退货退款 | ￥621""}]}",款式描述=随机1个 不支持7天无理由退换货 | 大小=盲盒随机不指定，不支持无理由退货退款 | ￥69 || 款式描述=整盒9个 不支持7天无理由退换货 | 大小=盲盒随机不指定，不支持无理由退货退款 | ￥621,"{""IP"": ""小熊维尼"", ""出售状态"": ""现货"", ""品牌"": ""POP MART/泡泡玛特"", ""系列名"": ""小熊维尼树屋剧场系列手办"", ""款式类型"": ""常规款 隐藏款"", ""大小"": ""盲盒随机不指定，不支持无理由退货退款"", ""款式描述"": ""随机1个 不支持7天无理由退换货 整盒9个 不支持7天无理由退换货""}",https://img.alicdn.com/imgextra/i2/2885348004/O1CN01muTUYw28ztGap96MU_!!4611686018427382436-0-item_pic.jpg | https://img.alicdn.com/imgextra/i4/2885348004/O1CN016ChHwV28ztFu7lATo_!!2885348004.jpg | https://img.alicdn.com/imgextra/i4/2885348004/O1CN01AVncXd28ztFuDPxxq_!!2885348004.jpg | https://img.alicdn.com/imgextra/i3/2885348004/O1CN01c8hLkW28ztGaksD0F_!!2885348004.jpg | https://img.alicdn.com/imgextra/i4/2885348004/O1CN01a5F0a028ztFuDRmFT_!!2885348004.jpg,imgs/1033851977019_01.jpg | imgs/1033851977019_02.jpg | imgs/1033851977019_03.jpg | imgs/1033851977019_04.jpg | imgs/1033851977019_05.jpg
POPMART泡泡玛特泡泡萌粒 海岛度假系列 多功能挂绳盲盒礼物周边,https://popmart.world.tmall.com/shop/view_shop.htm,https://popmart.world.tmall.com/shop/view_shop.htm,done,泡泡玛特旗舰店,https://detail.tmall.com/item.htm?id=1033852745075,1033852745075,"{""combos"": [{""款式描述"": {""values"": [""随机1个 不支持7天无理由退换货""], ""selected"": ""随机1个 不支持7天无理由退换货""}, ""大小"": {""values"": [""盲盒随机不指定，不支持无理由退货退款""], ""selected"": ""盲盒随机不指定，不支持无理由退货退款""}, ""_combo_price"": ""款式描述=随机1个 不支持7天无理由退换货 | 大小=盲盒随机不指定，不支持无理由退货退款 | ￥79""}, {""款式描述"": {""values"": [""随机1个 不支持7天无理由退换货"", ""整盒6个 不支持7天无理由退换货""], ""selected"": ""整盒6个 不支持7天无理由退换货""}, ""大小"": {""values"": [""盲盒随机不指定，不支持无理由退货退款""], ""selected"": ""盲盒随机不指定，不支持无理由退货退款""}, ""_combo_price"": ""款式描述=整盒6个 不支持7天无理由退换货 | 大小=盲盒随机不指定，不支持无理由退货退款 | ￥474""}]}",款式描述=随机1个 不支持7天无理由退换货 | 大小=盲盒随机不指定，不支持无理由退货退款 | ￥79 || 款式描述=整盒6个 不支持7天无理由退换货 | 大小=盲盒随机不指定，不支持无理由退货退款 | ￥474,"{""IP"": ""泡泡萌粒 海岛度假系列"", ""出售状态"": ""现货"", ""品牌"": ""POP MART/泡泡玛特"", ""系列名"": ""泡泡萌粒 海岛度假系列 多功能挂绳"", ""款式类型"": ""常规款 隐藏款"", ""大小"": ""盲盒随机不指定，不支持无理由退货退款"", ""款式描述"": ""随机1个 不支持7天无理由退换货 整盒6个 不支持7天无理由退换货""}",https://img.alicdn.com/imgextra/i3/2885348004/O1CN01KX780S28ztGaqasVF_!!4611686018427382436-0-item_pic.jpg | https://img.alicdn.com/imgextra/i2/2885348004/O1CN01nWMY1U28ztGFpVK70_!!2885348004.jpg | https://img.alicdn.com/imgextra/i2/2885348004/O1CN01U5L7dW28ztGG6IssI_!!2885348004.jpg | https://img.alicdn.com/imgextra/i3/2885348004/O1CN01c8hLkW28ztGaksD0F_!!2885348004.jpg | https://img.alicdn.com/imgextra/i4/2885348004/O1CN01CC1R0L28ztGGEYrnc_!!2885348004.jpg,imgs/1033852745075_00.jpg | imgs/1033852745075_01.jpg | imgs/1033852745075_02.jpg | imgs/1033852745075_03.jpg | imgs/1033852745075_04.jpg
POPMART泡泡玛特绝区零邦布派对系列手办盲盒玩具摆件礼物,https://popmart.world.tmall.com/shop/view_shop.htm,https://popmart.world.tmall.com/shop/view_shop.htm,done,泡泡玛特旗舰店,https://detail.tmall.com/item.htm?id=1003190083604,1003190083604,"{""combos"": [{""款式描述"": {""values"": [""随机1个 不支持7天无理由退换货""], ""selected"": ""随机1个 不支持7天无理由退换货""}, ""大小"": {""values"": [""盲盒随机不指定，不支持无理由退货退款""], ""selected"": ""盲盒随机不指定，不支持无理由退货退款""}, ""_combo_price"": ""款式描述=随机1个 不支持7天无理由退换货 | 大小=盲盒随机不指定，不支持无理由退货退款 | ￥69""}, {""款式描述"": {""values"": [""随机1个 不支持7天无理由退换货"", ""整盒12个 不支持7天无理由退换货""], ""selected"": ""整盒12个 不支持7天无理由退换货""}, ""大小"": {""values"": [""盲盒随机不指定，不支持无理由退货退款""], ""selected"": ""盲盒随机不指定，不支持无理由退货退款""}, ""_combo_price"": ""款式描述=整盒12个 不支持7天无理由退换货 | 大小=盲盒随机不指定，不支持无理由退货退款 | ￥828""}]}",款式描述=随机1个 不支持7天无理由退换货 | 大小=盲盒随机不指定，不支持无理由退货退款 | ￥69 || 款式描述=整盒12个 不支持7天无理由退换货 | 大小=盲盒随机不指定，不支持无理由退货退款 | ￥828,"{""IP"": ""绝区零"", ""出售状态"": ""现货"", ""品牌"": ""POP MART/泡泡玛特"", ""系列名"": ""绝区零邦布派对系列手办"", ""款式类型"": ""常规款 隐藏款"", ""大小"": ""盲盒随机不指定，不支持无理由退货退款"", ""款式描述"": ""随机1个 不支持7天无理由退换货 整盒12个 不支持7天无理由退换货""}",https://img.alicdn.com/imgextra/i1/2885348004/O1CN01K0piSv28ztGabu5SD_!!4611686018427382436-0-item_pic.jpg | https://img.alicdn.com/imgextra/i3/2885348004/O1CN01y7oScO28ztETqBTdT_!!2885348004.jpg | https://img.alicdn.com/imgextra/i1/2885348004/O1CN01YxLz4h28ztETqCLgz_!!2885348004.jpg | https://img.alicdn.com/imgextra/i3/2885348004/O1CN01c8hLkW28ztGaksD0F_!!2885348004.jpg | https://img.alicdn.com/imgextra/i1/2885348004/O1CN01PQcfEk28ztEUQ0wXT_!!2885348004.jpg,imgs/1003190083604_01.jpg | imgs/1003190083604_02.jpg | imgs/1003190083604_03.jpg | imgs/1003190083604_04.jpg | imgs/1003190083604_05.jpg
POPMART泡泡玛特 CRYBABY泪流成海系列耳机包盲盒礼物,https://popmart.world.tmall.com/shop/view_shop.htm,https://popmart.world.tmall.com/shop/view_shop.htm,done,泡泡玛特旗舰店,https://detail.tmall.com/item.htm?id=1026674740674,1026674740674,"{""combos"": [{""款式描述"": {""values"": [""随机1个(限购4个) 不支持7天无理由退换货""], ""selected"": ""随机1个(限购4个) 不支持7天无理由退换货""}, ""大小"": {""values"": [""盲盒随机不指定，不支持无理由退货退款""], ""selected"": ""盲盒随机不指定，不支持无理由退货退款""}, ""_combo_price"": ""款式描述=随机1个(限购4个) 不支持7天无理由退换货 | 大小=盲盒随机不指定，不支持无理由退货退款 | ￥129""}, {""款式描述"": {""values"": [""随机1个(限购4个) 不支持7天无理由退换货"", ""整盒4个(限购1盒) 不支持7天无理由退换货""], ""selected"": ""整盒4个(限购1盒) 不支持7天无理由退换货""}, ""大小"": {""values"": [""盲盒随机不指定，不支持无理由退货退款""], ""selected"": ""盲盒随机不指定，不支持无理由退货退款""}, ""_combo_price"": ""款式描述=整盒4个(限购1盒) 不支持7天无理由退换货 | 大小=盲盒随机不指定，不支持无理由退货退款 | ￥516""}]}",款式描述=随机1个(限购4个) 不支持7天无理由退换货 | 大小=盲盒随机不指定，不支持无理由退货退款 | ￥129 || 款式描述=整盒4个(限购1盒) 不支持7天无理由退换货 | 大小=盲盒随机不指定，不支持无理由退货退款 | ￥516,"{""IP"": ""CRYBABY"", ""出售状态"": ""现货"", ""品牌"": ""POP MART/泡泡玛特"", ""系列名"": ""CRYBABY泪流成海系列耳机包"", ""款式类型"": ""常规款 隐藏款"", ""大小"": ""盲盒随机不指定，不支持无理由退货退款"", ""款式描述"": ""随机1个(限购4个) 不支持7天无理由退换货 整盒4个(限购1盒) 不支持7天无理由退换货""}",https://img.alicdn.com/imgextra/i4/2885348004/O1CN01fasIOH28ztFWrRzno_!!4611686018427382436-0-item_pic.jpg | https://img.alicdn.com/imgextra/i4/2885348004/O1CN01OygnWY28ztFYSk7Qy_!!2885348004.jpg | https://img.alicdn.com/imgextra/i4/2885348004/O1CN014ZRFwU28ztFXFg4kw_!!2885348004.jpg | https://img.alicdn.com/imgextra/i3/2885348004/O1CN01T5hWik28ztFSH1Qfz_!!2885348004.jpg | https://img.alicdn.com/imgextra/i2/2885348004/O1CN01W6AOBG28ztFX2ugmi_!!2885348004.jpg,imgs/1026674740674_00.jpg | imgs/1026674740674_01.jpg | imgs/1026674740674_02.jpg | imgs/1026674740674_03.jpg | imgs/1026674740674_04.jpg
POPMART泡泡玛特DIMOO WORLD × 迪士尼系列手办盲盒玩具礼物,https://popmart.world.tmall.com/shop/view_shop.htm,https://popmart.world.tmall.com/shop/view_shop.htm,done,泡泡玛特旗舰店,https://detail.tmall.com/item.htm?id=885471235293,885471235293,"{""combos"": [{""款式描述"": {""values"": [""随机1个 不支持7天无理由退换货""], ""selected"": ""随机1个 不支持7天无理由退换货""}, ""大小"": {""values"": [""盲盒随机不指定，不支持无理由退货退款""], ""selected"": ""盲盒随机不指定，不支持无理由退货退款""}, ""_combo_price"": ""款式描述=随机1个 不支持7天无理由退换货 | 大小=盲盒随机不指定，不支持无理由退货退款 | ￥79""}, {""款式描述"": {""values"": [""随机1个 不支持7天无理由退换货"", ""整盒12个 不支持7天无理由退换货""], ""selected"": ""整盒12个 不支持7天无理由退换货""}, ""大小"": {""values"": [""盲盒随机不指定，不支持无理由退货退款""], ""selected"": ""盲盒随机不指定，不支持无理由退货退款""}, ""_combo_price"": ""款式描述=整盒12个 不支持7天无理由退换货 | 大小=盲盒随机不指定，不支持无理由退货退款 | ￥948""}]}",款式描述=随机1个 不支持7天无理由退换货 | 大小=盲盒随机不指定，不支持无理由退货退款 | ￥79 || 款式描述=整盒12个 不支持7天无理由退换货 | 大小=盲盒随机不指定，不支持无理由退货退款 | ￥948,"{""IP"": ""DIMOO WORLD × 迪士尼"", ""出售状态"": ""现货"", ""品牌"": ""POP MART/泡泡玛特"", ""系列名"": ""DIMOO WORLD × 迪士尼系列手办"", ""大小"": ""盲盒随机不指定，不支持无理由退货退款"", ""款式描述"": ""随机1个 不支持7天无理由退换货 整盒12个 不支持7天无理由退换货""}",https://img.alicdn.com/imgextra/i4/2885348004/O1CN01wrfa0228ztGabZIYt_!!4611686018427382436-0-item_pic.jpg | https://img.alicdn.com/imgextra/i2/2885348004/O1CN01Sh3FcS28zt9T5bxqZ_!!2885348004.jpg | https://img.alicdn.com/imgextra/i1/2885348004/O1CN01xe9NuC28zt9RIyLlK_!!2885348004.jpg | https://img.alicdn.com/imgextra/i3/2885348004/O1CN01c8hLkW28ztGaksD0F_!!2885348004.jpg | https://img.alicdn.com/imgextra/i1/2885348004/O1CN01OrJmjN28zt9S8rRgO_!!2885348004.jpg,imgs/885471235293_01.jpg | imgs/885471235293_02.jpg | imgs/885471235293_03.jpg | imgs/885471235293_04.jpg | imgs/885471235293_05.jpg
POPMART泡泡玛特PUCKY 精灵飞行系列毛绒挂件盲盒玩具,https://popmart.world.tmall.com/shop/view_shop.htm,https://popmart.world.tmall.com/shop/view_shop.htm,done,泡泡玛特旗舰店,https://detail.tmall.com/item.htm?id=1026669936034,1026669936034,"{""combos"": [{""款式描述"": {""values"": [""随机1个(限购6个) 不支持7天无理由退换货""], ""selected"": ""随机1个(限购6个) 不支持7天无理由退换货""}, ""大小"": {""values"": [""盲盒随机不指定，不支持无理由退货退款""], ""selected"": ""盲盒随机不指定，不支持无理由退货退款""}, ""_combo_price"": ""款式描述=随机1个(限购6个) 不支持7天无理由退换货 | 大小=盲盒随机不指定，不支持无理由退货退款 | ￥79""}, {""款式描述"": {""values"": [""随机1个(限购6个) 不支持7天无理由退换货"", ""整盒6个(限购1盒) 不支持7天无理由退换货""], ""selected"": ""整盒6个(限购1盒) 不支持7天无理由退换货""}, ""大小"": {""values"": [""盲盒随机不指定，不支持无理由退货退款""], ""selected"": ""盲盒随机不指定，不支持无理由退货退款""}, ""_combo_price"": ""款式描述=整盒6个(限购1盒) 不支持7天无理由退换货 | 大小=盲盒随机不指定，不支持无理由退货退款 | ￥474""}]}",款式描述=随机1个(限购6个) 不支持7天无理由退换货 | 大小=盲盒随机不指定，不支持无理由退货退款 | ￥79 || 款式描述=整盒6个(限购1盒) 不支持7天无理由退换货 | 大小=盲盒随机不指定，不支持无理由退货退款 | ￥474,"{""IP"": ""PUCKY"", ""出售状态"": ""现货"", ""品牌"": ""POP MART/泡泡玛特"", ""系列名"": ""PUCKY 精灵飞行系列 - 毛绒挂件盲盒"", ""款式类型"": ""常规款 隐藏款"", ""大小"": ""盲盒随机不指定，不支持无理由退货退款"", ""款式描述"": ""随机1个(限购6个) 不支持7天无理由退换货 整盒6个(限购1盒) 不支持7天无理由退换货""}",https://img.alicdn.com/imgextra/i3/2885348004/O1CN017zndBZ28ztFGklJ01_!!4611686018427382436-0-item_pic.jpg | https://img.alicdn.com/imgextra/i3/2885348004/O1CN01qmIkQm28ztFGlgZ8L_!!2885348004.jpg | https://img.alicdn.com/imgextra/i2/2885348004/O1CN01cv31Rv28ztFGTiE1E_!!2885348004.jpg | https://img.alicdn.com/imgextra/i3/2885348004/O1CN01Y0wRHV28ztFGXXRw7_!!2885348004.jpg | https://img.alicdn.com/imgextra/i1/2885348004/O1CN01kNhsrQ28ztFGTh1Cu_!!2885348004.jpg,imgs/1026669936034_00.jpg | imgs/1026669936034_01.jpg | imgs/1026669936034_02.jpg | imgs/1026669936034_03.jpg | imgs/1026669936034_04.jpg
POPMART泡泡玛特PUCKY 冒泡系列毛绒挂件盲盒玩具,https://popmart.world.tmall.com/shop/view_shop.htm,https://popmart.world.tmall.com/shop/view_shop.htm,done,泡泡玛特旗舰店,https://detail.tmall.com/item.htm?id=886109561063,886109561063,"{""combos"": [{""款式描述"": {""values"": [""随机1个 不支持7天无理由退换货""], ""selected"": ""随机1个 不支持7天无理由退换货""}, ""大小"": {""values"": [""盲盒随机不指定，不支持无理由退货退款""], ""selected"": ""盲盒随机不指定，不支持无理由退货退款""}, ""_combo_price"": ""款式描述=随机1个 不支持7天无理由退换货 | 大小=盲盒随机不指定，不支持无理由退货退款 | ￥59""}, {""款式描述"": {""values"": [""随机1个 不支持7天无理由退换货"", ""整盒6个 不支持7天无理由退换货""], ""selected"": ""整盒6个 不支持7天无理由退换货""}, ""大小"": {""values"": [""盲盒随机不指定，不支持无理由退货退款""], ""selected"": ""盲盒随机不指定，不支持无理由退货退款""}, ""_combo_price"": ""款式描述=整盒6个 不支持7天无理由退换货 | 大小=盲盒随机不指定，不支持无理由退货退款 | ￥354""}]}",款式描述=随机1个 不支持7天无理由退换货 | 大小=盲盒随机不指定，不支持无理由退货退款 | ￥59 || 款式描述=整盒6个 不支持7天无理由退换货 | 大小=盲盒随机不指定，不支持无理由退货退款 | ￥354,"{""IP"": ""PUCKY"", ""出售状态"": ""现货"", ""品牌"": ""POP MART/泡泡玛特"", ""系列名"": ""PUCKY冒泡系列-毛绒挂件盲盒"", ""款式类型"": ""常规款 隐藏款"", ""大小"": ""盲盒随机不指定，不支持无理由退货退款"", ""款式描述"": ""随机1个 不支持7天无理由退换货 整盒6个 不支持7天无理由退换货""}",https://img.alicdn.com/imgextra/i1/2885348004/O1CN01sSfORF28ztGacHLbm_!!4611686018427382436-0-item_pic.jpg | https://img.alicdn.com/imgextra/i4/2885348004/O1CN01mKH8MQ28ztFxRbGrT_!!2885348004.jpg | https://img.alicdn.com/imgextra/i3/2885348004/O1CN019jxLgr28ztFsis4BQ_!!2885348004.jpg | https://img.alicdn.com/imgextra/i3/2885348004/O1CN01c8hLkW28ztGaksD0F_!!2885348004.jpg | https://img.alicdn.com/imgextra/i1/2885348004/O1CN01TLojLu28ztFxRbwRb_!!2885348004.jpg,imgs/886109561063_00.jpg | imgs/886109561063_01.jpg | imgs/886109561063_02.jpg | imgs/886109561063_03.jpg | imgs/886109561063_04.jpg
POPMART泡泡玛特CRYBABY出走的月亮系列手办盲盒摆件礼物,https://popmart.world.tmall.com/shop/view_shop.htm,https://popmart.world.tmall.com/shop/view_shop.htm,done,泡泡玛特旗舰店,https://detail.tmall.com/item.htm?id=988396081742,988396081742,"{""combos"": [{""款式描述"": {""values"": [""随机1个 不支持7天无理由退换货""], ""selected"": ""随机1个 不支持7天无理由退换货""}, ""大小"": {""values"": [""盲盒随机不指定，不支持无理由退货退款""], ""selected"": ""盲盒随机不指定，不支持无理由退货退款""}, ""_combo_price"": ""款式描述=随机1个 不支持7天无理由退换货 | 大小=盲盒随机不指定，不支持无理由退货退款 | ￥69""}, {""款式描述"": {""values"": [""随机1个 不支持7天无理由退换货"", ""整盒12个 不支持7天无理由退换货""], ""selected"": ""整盒12个 不支持7天无理由退换货""}, ""大小"": {""values"": [""盲盒随机不指定，不支持无理由退货退款""], ""selected"": ""盲盒随机不指定，不支持无理由退货退款""}, ""_combo_price"": ""款式描述=整盒12个 不支持7天无理由退换货 | 大小=盲盒随机不指定，不支持无理由退货退款 | ￥828""}]}",款式描述=随机1个 不支持7天无理由退换货 | 大小=盲盒随机不指定，不支持无理由退货退款 | ￥69 || 款式描述=整盒12个 不支持7天无理由退换货 | 大小=盲盒随机不指定，不支持无理由退货退款 | ￥828,"{""IP"": ""CRYBABY"", ""出售状态"": ""现货"", ""品牌"": ""POP MART/泡泡玛特"", ""系列名"": ""CRYBABY出走的月亮系列手办"", ""款式类型"": ""常规款 隐藏款"", ""大小"": ""盲盒随机不指定，不支持无理由退货退款"", ""款式描述"": ""随机1个 不支持7天无理由退换货 整盒12个 不支持7天无理由退换货""}",https://img.alicdn.com/imgextra/i1/2885348004/O1CN01MPn3AA28ztGaqXeok_!!4611686018427382436-0-item_pic.jpg | https://img.alicdn.com/imgextra/i2/2885348004/O1CN01vv6Jwp28ztDa08plN_!!2885348004.jpg | https://img.alicdn.com/imgextra/i4/2885348004/O1CN01lawKVw28ztDaobX6O_!!2885348004.jpg | https://img.alicdn.com/imgextra/i3/2885348004/O1CN01c8hLkW28ztGaksD0F_!!2885348004.jpg | https://img.alicdn.com/imgextra/i4/2885348004/O1CN01nvMVbq28ztDZ0M7fr_!!2885348004.jpg,imgs/988396081742_01.jpg | imgs/988396081742_02.jpg | imgs/988396081742_03.jpg | imgs/988396081742_04.jpg | imgs/988396081742_05.jpg
POPMART泡泡玛特《哪吒之魔童闹海》天生羁绊系列手办盲盒,https://popmart.world.tmall.com/shop/view_shop.htm,https://popmart.world.tmall.com/shop/view_shop.htm,done,泡泡玛特旗舰店,https://detail.tmall.com/item.htm?id=866659838644,866659838644,"{""combos"": [{""款式描述"": {""values"": [""随机1个 不支持7天无理由退换货""], ""selected"": ""随机1个 不支持7天无理由退换货""}, ""大小"": {""values"": [""盲盒随机不指定，不支持无理由退货退款""], ""selected"": ""盲盒随机不指定，不支持无理由退货退款""}, ""_combo_price"": ""款式描述=随机1个 不支持7天无理由退换货 | 大小=盲盒随机不指定，不支持无理由退货退款 | ￥69""}, {""款式描述"": {""values"": [""随机1个 不支持7天无理由退换货"", ""整盒8个 不支持7天无理由退换货""], ""selected"": ""整盒8个 不支持7天无理由退换货""}, ""大小"": {""values"": [""盲盒随机不指定，不支持无理由退货退款""], ""selected"": ""盲盒随机不指定，不支持无理由退货退款""}, ""_combo_price"": ""款式描述=整盒8个 不支持7天无理由退换货 | 大小=盲盒随机不指定，不支持无理由退货退款 | ￥552""}]}",款式描述=随机1个 不支持7天无理由退换货 | 大小=盲盒随机不指定，不支持无理由退货退款 | ￥69 || 款式描述=整盒8个 不支持7天无理由退换货 | 大小=盲盒随机不指定，不支持无理由退货退款 | ￥552,"{""品牌"": ""POP MART/泡泡玛特"", ""系列名"": ""《哪吒之魔童闹海》天生羁绊系列手办"", ""款式类型"": ""常规款 隐藏款"", ""大小"": ""盲盒随机不指定，不支持无理由退货退款"", ""款式描述"": ""随机1个 不支持7天无理由退换货 整盒8个 不支持7天无理由退换货""}",https://img.alicdn.com/imgextra/i2/2885348004/O1CN01lfcCSO28ztGat0SyQ_!!4611686018427382436-0-item_pic.jpg | https://img.alicdn.com/imgextra/i4/2885348004/O1CN01WjHPTq28zt8orUZtP_!!2885348004.jpg | https://img.alicdn.com/imgextra/i2/2885348004/O1CN01A0R9Eq28zt8o1lFaW_!!2885348004.jpg | https://img.alicdn.com/imgextra/i3/2885348004/O1CN01c8hLkW28ztGaksD0F_!!2885348004.jpg | https://img.alicdn.com/imgextra/i4/2885348004/O1CN01nhZ0cU28zt8mh6V1r_!!2885348004.jpg,imgs/866659838644_01.jpg | imgs/866659838644_02.jpg | imgs/866659838644_03.jpg | imgs/866659838644_04.jpg | imgs/866659838644_05.jpg
POPMART泡泡玛特THE MONSTERS十周年系列手机挂绳盲盒周边礼物,https://popmart.world.tmall.com/shop/view_shop.htm,https://popmart.world.tmall.com/shop/view_shop.htm,done,泡泡玛特旗舰店,https://detail.tmall.com/item.htm?id=1005297119462,1005297119462,"{""combos"": [{""款式描述"": {""values"": [""随机1个 不支持7天无理由退换货""], ""selected"": ""随机1个 不支持7天无理由退换货""}, ""大小"": {""values"": [""盲盒随机不指定，不支持无理由退货退款""], ""selected"": ""盲盒随机不指定，不支持无理由退货退款""}, ""_combo_price"": ""款式描述=随机1个 不支持7天无理由退换货 | 大小=盲盒随机不指定，不支持无理由退货退款 | ￥69""}, {""款式描述"": {""values"": [""随机1个 不支持7天无理由退换货"", ""整盒9个 不支持7天无理由退换货""], ""selected"": ""整盒9个 不支持7天无理由退换货""}, ""大小"": {""values"": [""盲盒随机不指定，不支持无理由退货退款""], ""selected"": ""盲盒随机不指定，不支持无理由退货退款""}, ""_combo_price"": ""款式描述=整盒9个 不支持7天无理由退换货 | 大小=盲盒随机不指定，不支持无理由退货退款 | ￥621""}]}",款式描述=随机1个 不支持7天无理由退换货 | 大小=盲盒随机不指定，不支持无理由退货退款 | ￥69 || 款式描述=整盒9个 不支持7天无理由退换货 | 大小=盲盒随机不指定，不支持无理由退货退款 | ￥621,"{""IP"": ""THE MONSTERS"", ""出售状态"": ""现货"", ""品牌"": ""POP MART/泡泡玛特"", ""系列名"": ""THE MONSTERS十周年系列手机挂绳"", ""款式类型"": ""常规款 隐藏款"", ""大小"": ""盲盒随机不指定，不支持无理由退货退款"", ""款式描述"": ""随机1个 不支持7天无理由退换货 整盒9个 不支持7天无理由退换货""}",https://img.alicdn.com/imgextra/i4/2885348004/O1CN01wDW4wO28ztGab7lDT_!!4611686018427382436-0-item_pic.jpg | https://img.alicdn.com/imgextra/i3/2885348004/O1CN01hipK4r28ztEKbKCWy_!!2885348004.jpg | https://img.alicdn.com/imgextra/i1/2885348004/O1CN01HNN7XT28ztEJpGU2F_!!2885348004.jpg | https://img.alicdn.com/imgextra/i3/2885348004/O1CN01c8hLkW28ztGaksD0F_!!2885348004.jpg | https://img.alicdn.com/imgextra/i4/2885348004/O1CN01OEUTFv28ztEKggNo7_!!2885348004.jpg,imgs/1005297119462_00.jpg | imgs/1005297119462_01.jpg | imgs/1005297119462_02.jpg | imgs/1005297119462_03.jpg | imgs/1005297119462_04.jpg
POPMART泡泡玛特泡泡萌粒咖啡工厂袋装盲袋（1粒）玩具礼物,https://popmart.world.tmall.com/shop/view_shop.htm,https://popmart.world.tmall.com/shop/view_shop.htm,done,泡泡玛特旗舰店,https://detail.tmall.com/item.htm?id=979609226173,979609226173,"{""combos"": [{""款式描述"": {""values"": [""随机1粒/袋 不支持7天无理由退换货""], ""selected"": ""随机1粒/袋 不支持7天无理由退换货""}, ""大小"": {""values"": [""盲盒随机不指定，不支持无理由退货退款""], ""selected"": ""盲盒随机不指定，不支持无理由退货退款""}, ""_combo_price"": ""款式描述=随机1粒/袋 不支持7天无理由退换货 | 大小=盲盒随机不指定，不支持无理由退货退款 | ￥15""}, {""款式描述"": {""values"": [""随机1粒/袋 不支持7天无理由退换货"", ""整盒21袋 不支持7天无理由退换货""], ""selected"": ""整盒21袋 不支持7天无理由退换货""}, ""大小"": {""values"": [""盲盒随机不指定，不支持无理由退货退款""], ""selected"": ""盲盒随机不指定，不支持无理由退货退款""}, ""_combo_price"": ""款式描述=整盒21袋 不支持7天无理由退换货 | 大小=盲盒随机不指定，不支持无理由退货退款 | ￥315""}]}",款式描述=随机1粒/袋 不支持7天无理由退换货 | 大小=盲盒随机不指定，不支持无理由退货退款 | ￥15 || 款式描述=整盒21袋 不支持7天无理由退换货 | 大小=盲盒随机不指定，不支持无理由退货退款 | ￥315,"{""IP"": ""泡泡萌粒 咖啡工厂系列"", ""出售状态"": ""现货"", ""品牌"": ""POP MART/泡泡玛特"", ""系列名"": ""泡泡萌粒 咖啡工厂系列袋装（1粒）"", ""款式类型"": ""常规款 隐藏款"", ""大小"": ""盲盒随机不指定，不支持无理由退货退款"", ""款式描述"": ""随机1粒/袋 不支持7天无理由退换货 整盒21袋 不支持7天无理由退换货""}",https://img.alicdn.com/imgextra/i4/2885348004/O1CN01MoSYca28ztGat1k6M_!!4611686018427382436-0-item_pic.jpg | https://img.alicdn.com/imgextra/i3/2885348004/O1CN014Exniw28ztD9XU4vl_!!2885348004.jpg | https://img.alicdn.com/imgextra/i4/2885348004/O1CN01nHfMdN28ztD8tzFG3_!!2885348004.jpg | https://img.alicdn.com/imgextra/i3/2885348004/O1CN01c8hLkW28ztGaksD0F_!!2885348004.jpg | https://img.alicdn.com/imgextra/i1/2885348004/O1CN01hkBynF28ztD8u13YB_!!2885348004.jpg,imgs/979609226173_00.jpg | imgs/979609226173_01.jpg | imgs/979609226173_02.jpg | imgs/979609226173_03.jpg | imgs/979609226173_04.jpg
POPMART泡泡玛特DIMOO WORLD × 迪士尼系列二合一数据线盲盒周边,https://popmart.world.tmall.com/shop/view_shop.htm,https://popmart.world.tmall.com/shop/view_shop.htm,done,泡泡玛特旗舰店,https://detail.tmall.com/item.htm?id=886108573352,886108573352,"{""combos"": [{""款式描述"": {""values"": [""随机1个 不支持7天无理由退换货""], ""selected"": ""随机1个 不支持7天无理由退换货""}, ""大小"": {""values"": [""盲盒随机不指定，不支持无理由退货退款""], ""selected"": ""盲盒随机不指定，不支持无理由退货退款""}, ""_combo_price"": ""款式描述=随机1个 不支持7天无理由退换货 | 大小=盲盒随机不指定，不支持无理由退货退款 | ￥69""}, {""款式描述"": {""values"": [""随机1个 不支持7天无理由退换货"", ""整盒6个 不支持7天无理由退换货""], ""selected"": ""整盒6个 不支持7天无理由退换货""}, ""大小"": {""values"": [""盲盒随机不指定，不支持无理由退货退款""], ""selected"": ""盲盒随机不指定，不支持无理由退货退款""}, ""_combo_price"": ""款式描述=整盒6个 不支持7天无理由退换货 | 大小=盲盒随机不指定，不支持无理由退货退款 | ￥414""}]}",款式描述=随机1个 不支持7天无理由退换货 | 大小=盲盒随机不指定，不支持无理由退货退款 | ￥69 || 款式描述=整盒6个 不支持7天无理由退换货 | 大小=盲盒随机不指定，不支持无理由退货退款 | ￥414,"{""品牌"": ""POP MART/泡泡玛特"", ""系列名"": ""DIMOO WORLD x 迪士尼系列-二合一数据线盲盒"", ""款式类型"": ""常规款 隐藏款"", ""大小"": ""盲盒随机不指定，不支持无理由退货退款"", ""款式描述"": ""随机1个 不支持7天无理由退换货 整盒6个 不支持7天无理由退换货""}",https://img.alicdn.com/imgextra/i3/2885348004/O1CN01Ig0XoX28ztGbJDyNX_!!4611686018427382436-0-item_pic.jpg | https://img.alicdn.com/imgextra/i1/2885348004/O1CN01Wqha9a28zt9PTnuXd_!!2885348004.jpg | https://img.alicdn.com/imgextra/i3/2885348004/O1CN017GZ18T28zt9PTmIiA_!!2885348004.jpg | https://img.alicdn.com/imgextra/i1/2885348004/O1CN01Omy28U28zt9T0wx1P_!!2885348004.jpg,imgs/886108573352_00.jpg | imgs/886108573352_01.jpg | imgs/886108573352_02.jpg | imgs/886108573352_03.jpg
POPMART泡泡玛特CRYBABY泪流成海系列手办盲盒摆件玩具礼物,https://popmart.world.tmall.com/shop/view_shop.htm,https://popmart.world.tmall.com/shop/view_shop.htm,done,泡泡玛特旗舰店,https://detail.tmall.com/item.htm?id=1034659740515,1034659740515,"{""combos"": [{""款式描述"": {""values"": [""随机1个 不支持7天无理由退换货""], ""selected"": ""随机1个 不支持7天无理由退换货""}, ""大小"": {""values"": [""盲盒随机不指定，不支持无理由退货退款""], ""selected"": ""盲盒随机不指定，不支持无理由退货退款""}, ""_combo_price"": ""款式描述=随机1个 不支持7天无理由退换货 | 大小=盲盒随机不指定，不支持无理由退货退款 | ￥69""}, {""款式描述"": {""values"": [""随机1个 不支持7天无理由退换货"", ""整盒12个 不支持7天无理由退换货""], ""selected"": ""整盒12个 不支持7天无理由退换货""}, ""大小"": {""values"": [""盲盒随机不指定，不支持无理由退货退款""], ""selected"": ""盲盒随机不指定，不支持无理由退货退款""}, ""_combo_price"": ""款式描述=整盒12个 不支持7天无理由退换货 | 大小=盲盒随机不指定，不支持无理由退货退款 | ￥828""}]}",款式描述=随机1个 不支持7天无理由退换货 | 大小=盲盒随机不指定，不支持无理由退货退款 | ￥69 || 款式描述=整盒12个 不支持7天无理由退换货 | 大小=盲盒随机不指定，不支持无理由退货退款 | ￥828,"{""IP"": ""CRYBABY"", ""出售状态"": ""现货"", ""品牌"": ""POP MART/泡泡玛特"", ""系列名"": ""CRYBABY泪流成海系列手办"", ""款式类型"": ""常规款 隐藏款"", ""大小"": ""盲盒随机不指定，不支持无理由退货退款"", ""款式描述"": ""随机1个 不支持7天无理由退换货 整盒12个 不支持7天无理由退换货""}",https://img.alicdn.com/imgextra/i4/2885348004/O1CN019VNSW828ztFWlzyU9_!!4611686018427382436-0-item_pic.jpg | https://img.alicdn.com/imgextra/i3/2885348004/O1CN015hxijQ28ztFSBQbyR_!!2885348004.jpg | https://img.alicdn.com/imgextra/i3/2885348004/O1CN01CKZPsm28ztFWeYY1P_!!2885348004.jpg | https://img.alicdn.com/imgextra/i4/2885348004/O1CN01VhB76t28ztFX6kgYn_!!2885348004.jpg | https://img.alicdn.com/imgextra/i4/2885348004/O1CN01qOu8lG28ztFWWm9mI_!!2885348004.jpg,imgs/1034659740515_01.jpg | imgs/1034659740515_02.jpg | imgs/1034659740515_03.jpg | imgs/1034659740515_04.jpg | imgs/1034659740515_05.jpg
泡泡玛特拉布布THE MONSTERS × FIFA迷你挂件灯盲盒labubu世界杯,https://popmart.world.tmall.com/shop/view_shop.htm,https://popmart.world.tmall.com/shop/view_shop.htm,done,泡泡玛特旗舰店,https://detail.tmall.com/item.htm?id=1018519157404,1018519157404,"{""combos"": [{""款式描述"": {""values"": [""随机1个 不支持7天无理由退换货""], ""selected"": ""随机1个 不支持7天无理由退换货""}, ""大小"": {""values"": [""盲盒随机不指定，不支持无理由退货退款""], ""selected"": ""盲盒随机不指定，不支持无理由退货退款""}, ""_combo_price"": ""款式描述=随机1个 不支持7天无理由退换货 | 大小=盲盒随机不指定，不支持无理由退货退款 | ￥79""}, {""款式描述"": {""values"": [""随机1个 不支持7天无理由退换货"", ""整盒6个 不支持7天无理由退换货""], ""selected"": ""整盒6个 不支持7天无理由退换货""}, ""大小"": {""values"": [""盲盒随机不指定，不支持无理由退货退款""], ""selected"": ""盲盒随机不指定，不支持无理由退货退款""}, ""_combo_price"": ""款式描述=整盒6个 不支持7天无理由退换货 | 大小=盲盒随机不指定，不支持无理由退货退款 | ￥474""}]}",款式描述=随机1个 不支持7天无理由退换货 | 大小=盲盒随机不指定，不支持无理由退货退款 | ￥79 || 款式描述=整盒6个 不支持7天无理由退换货 | 大小=盲盒随机不指定，不支持无理由退货退款 | ￥474,"{""IP"": ""THE MONSTERS"", ""出售状态"": ""现货"", ""品牌"": ""POP MART/泡泡玛特"", ""系列名"": ""THE MONSTERS × FIFA系列 - 迷你挂件灯盲盒"", ""款式类型"": ""常规款 隐藏款"", ""大小"": ""盲盒随机不指定，不支持无理由退货退款"", ""款式描述"": ""随机1个 不支持7天无理由退换货 整盒6个 不支持7天无理由退换货""}",https://img.alicdn.com/imgextra/i1/2885348004/O1CN01Rp8y5J28ztGaqYWvK_!!4611686018427382436-0-item_pic.jpg | https://img.alicdn.com/imgextra/i1/2885348004/O1CN01bYQuLJ28ztF08OEZE_!!2885348004.jpg | https://img.alicdn.com/imgextra/i1/2885348004/O1CN019GPBzE28ztF0UXeai_!!2885348004.jpg | https://img.alicdn.com/imgextra/i3/2885348004/O1CN01c8hLkW28ztGaksD0F_!!2885348004.jpg | https://img.alicdn.com/imgextra/i1/2885348004/O1CN01jdkJQn28ztF08OdUR_!!2885348004.jpg,imgs/1018519157404_00.jpg | imgs/1018519157404_01.jpg | imgs/1018519157404_02.jpg | imgs/1018519157404_03.jpg | imgs/1018519157404_04.jpg
POPMART泡泡玛特 共鸣间谍过家家阿尼亚的日常手办盲盒礼物,https://popmart.world.tmall.com/shop/view_shop.htm,https://popmart.world.tmall.com/shop/view_shop.htm,done,泡泡玛特旗舰店,https://detail.tmall.com/item.htm?id=720360405364,720360405364,"{""combos"": [{""款式描述"": {""values"": [""随机1个 不支持7天无理由退换货""], ""selected"": ""随机1个 不支持7天无理由退换货""}, ""大小"": {""values"": [""盲盒随机发不指定 不支持无理由退货退款""], ""selected"": ""盲盒随机发不指定 不支持无理由退货退款""}, ""_combo_price"": ""款式描述=随机1个 不支持7天无理由退换货 | 大小=盲盒随机发不指定 不支持无理由退货退款 | ￥69""}, {""款式描述"": {""values"": [""随机1个 不支持7天无理由退换货"", ""整盒盲盒6个 不支持7天无理由退换货""], ""selected"": ""整盒盲盒6个 不支持7天无理由退换货""}, ""大小"": {""values"": [""盲盒随机发不指定 不支持无理由退货退款""], ""selected"": ""盲盒随机发不指定 不支持无理由退货退款""}, ""_combo_price"": ""款式描述=整盒盲盒6个 不支持7天无理由退换货 | 大小=盲盒随机发不指定 不支持无理由退货退款 | ￥414""}]}",款式描述=随机1个 不支持7天无理由退换货 | 大小=盲盒随机发不指定 不支持无理由退货退款 | ￥69 || 款式描述=整盒盲盒6个 不支持7天无理由退换货 | 大小=盲盒随机发不指定 不支持无理由退货退款 | ￥414,"{""品牌"": ""POP MART/泡泡玛特"", ""系列名"": ""间谍过家家阿尼亚的日常"", ""款式类型"": ""常规款 隐藏款"", ""大小"": ""盲盒随机发不指定 不支持无理由退货退款"", ""款式描述"": ""随机1个 不支持7天无理由退换货 整盒盲盒6个 不支持7天无理由退换货""}",https://img.alicdn.com/imgextra/i2/2885348004/O1CN01s2NMfl28ztGab1zN6_!!4611686018427382436-0-item_pic.jpg | https://img.alicdn.com/imgextra/i2/2885348004/O1CN01xt2TCS28zt3QoVcUv_!!2885348004.jpg | https://img.alicdn.com/imgextra/i2/2885348004/O1CN01IjUFp428zt3N0qnw4_!!2885348004.jpg | https://img.alicdn.com/imgextra/i3/2885348004/O1CN01c8hLkW28ztGaksD0F_!!2885348004.jpg | https://img.alicdn.com/imgextra/i1/2885348004/O1CN01hix1Ow28zsxADS4XB_!!2885348004.jpg,imgs/720360405364_00.jpg | imgs/720360405364_01.jpg | imgs/720360405364_02.jpg | imgs/720360405364_03.jpg | imgs/720360405364_04.jpg
泡泡玛特拉布布THE MONSTERS复古理发店发光冰箱贴盲盒,https://popmart.world.tmall.com/shop/view_shop.htm,https://popmart.world.tmall.com/shop/view_shop.htm,done,泡泡玛特旗舰店,https://detail.tmall.com/item.htm?id=1034670380931,1034670380931,"{""combos"": [{""款式描述"": {""values"": [""随机1个 不支持7天无理由退换货""], ""selected"": ""随机1个 不支持7天无理由退换货""}, ""大小"": {""values"": [""盲盒随机不指定，不支持无理由退货退款""], ""selected"": ""盲盒随机不指定，不支持无理由退货退款""}, ""_combo_price"": ""款式描述=随机1个 不支持7天无理由退换货 | 大小=盲盒随机不指定，不支持无理由退货退款 | ￥79""}, {""款式描述"": {""values"": [""随机1个 不支持7天无理由退换货"", ""整盒6个 不支持7天无理由退换货""], ""selected"": ""整盒6个 不支持7天无理由退换货""}, ""大小"": {""values"": [""盲盒随机不指定，不支持无理由退货退款""], ""selected"": ""盲盒随机不指定，不支持无理由退货退款""}, ""_combo_price"": ""款式描述=整盒6个 不支持7天无理由退换货 | 大小=盲盒随机不指定，不支持无理由退货退款 | ￥474""}]}",款式描述=随机1个 不支持7天无理由退换货 | 大小=盲盒随机不指定，不支持无理由退货退款 | ￥79 || 款式描述=整盒6个 不支持7天无理由退换货 | 大小=盲盒随机不指定，不支持无理由退货退款 | ￥474,"{""IP"": ""THE MONSTERS"", ""出售状态"": ""现货"", ""品牌"": ""POP MART/泡泡玛特"", ""系列名"": ""THE MONSTERS 复古理发店系列 - 发光冰箱贴盲盒"", ""款式类型"": ""常规款 隐藏款"", ""大小"": ""盲盒随机不指定，不支持无理由退货退款"", ""款式描述"": ""随机1个 不支持7天无理由退换货 整盒6个 不支持7天无理由退换货""}",https://img.alicdn.com/imgextra/i1/2885348004/O1CN01AQ6sHz28ztGactC0X_!!4611686018427382436-0-item_pic.jpg | https://img.alicdn.com/imgextra/i4/2885348004/O1CN01RoruHH28ztG4Rdqcv_!!2885348004.jpg | https://img.alicdn.com/imgextra/i3/2885348004/O1CN01NOtZw428ztG4ReWEA_!!2885348004.jpg | https://img.alicdn.com/imgextra/i3/2885348004/O1CN01c8hLkW28ztGaksD0F_!!2885348004.jpg | https://img.alicdn.com/imgextra/i4/2885348004/O1CN01gYfohv28ztG4PUmfw_!!2885348004.jpg,imgs/1034670380931_00.jpg | imgs/1034670380931_01.jpg | imgs/1034670380931_02.jpg | imgs/1034670380931_03.jpg | imgs/1034670380931_04.jpg
POPMART泡泡玛特HACIPUPU 小熊软糖 搪胶毛绒挂件盲盒礼物,https://popmart.world.tmall.com/shop/view_shop.htm,https://popmart.world.tmall.com/shop/view_shop.htm,done,泡泡玛特旗舰店,https://detail.tmall.com/item.htm?id=950695104750,950695104750,"{""combos"": [{""款式描述"": {""values"": [""随机1个 不支持7天无理由退换货""], ""selected"": ""随机1个 不支持7天无理由退换货""}, ""大小"": {""values"": [""盲盒随机不指定，不支持无理由退货退款""], ""selected"": ""盲盒随机不指定，不支持无理由退货退款""}, ""_combo_price"": ""款式描述=随机1个 不支持7天无理由退换货 | 大小=盲盒随机不指定，不支持无理由退货退款 | ￥99""}, {""款式描述"": {""values"": [""随机1个 不支持7天无理由退换货"", ""整盒6个 不支持7天无理由退换货""], ""selected"": ""整盒6个 不支持7天无理由退换货""}, ""大小"": {""values"": [""盲盒随机不指定，不支持无理由退货退款""], ""selected"": ""盲盒随机不指定，不支持无理由退货退款""}, ""_combo_price"": ""款式描述=整盒6个 不支持7天无理由退换货 | 大小=盲盒随机不指定，不支持无理由退货退款 | ￥594""}]}",款式描述=随机1个 不支持7天无理由退换货 | 大小=盲盒随机不指定，不支持无理由退货退款 | ￥99 || 款式描述=整盒6个 不支持7天无理由退换货 | 大小=盲盒随机不指定，不支持无理由退货退款 | ￥594,"{""IP"": ""HACIPUPU"", ""出售状态"": ""现货"", ""品牌"": ""POP MART/泡泡玛特"", ""系列名"": ""HACIPUPU 小熊软糖系列 - 搪胶毛绒挂件"", ""款式类型"": ""常规款 隐藏款"", ""大小"": ""盲盒随机不指定，不支持无理由退货退款"", ""款式描述"": ""随机1个 不支持7天无理由退换货 整盒6个 不支持7天无理由退换货""}",https://img.alicdn.com/imgextra/i2/2885348004/O1CN01zjL5cl28ztGagwn2n_!!4611686018427382436-0-item_pic.jpg | https://img.alicdn.com/imgextra/i4/2885348004/O1CN01HB2DYT28ztAqbeheB_!!2885348004.jpg | https://img.alicdn.com/imgextra/i3/2885348004/O1CN01PT7nhl28ztAs4bDEH_!!2885348004.jpg | https://img.alicdn.com/imgextra/i3/2885348004/O1CN01c8hLkW28ztGaksD0F_!!2885348004.jpg | https://img.alicdn.com/imgextra/i2/2885348004/O1CN012xk2zX28ztAtFchnp_!!2885348004.jpg,imgs/950695104750_00.jpg | imgs/950695104750_01.jpg | imgs/950695104750_02.jpg | imgs/950695104750_03.jpg | imgs/950695104750_04.jpg
POPMART泡泡玛特DIMOO一盏风月系列手办盲盒玩具摆件礼物,https://popmart.world.tmall.com/shop/view_shop.htm,https://popmart.world.tmall.com/shop/view_shop.htm,done,泡泡玛特旗舰店,https://detail.tmall.com/item.htm?id=859978153157,859978153157,"{""combos"": [{""款式描述"": {""values"": [""随机1个 不支持7天无理由退换货""], ""selected"": ""随机1个 不支持7天无理由退换货""}, ""大小"": {""values"": [""盲盒随机不指定，不支持无理由退货退款""], ""selected"": ""盲盒随机不指定，不支持无理由退货退款""}, ""_combo_price"": ""款式描述=随机1个 不支持7天无理由退换货 | 大小=盲盒随机不指定，不支持无理由退货退款 | ￥69""}, {""款式描述"": {""values"": [""随机1个 不支持7天无理由退换货"", ""整盒12个 不支持7天无理由退换货""], ""selected"": ""整盒12个 不支持7天无理由退换货""}, ""大小"": {""values"": [""盲盒随机不指定，不支持无理由退货退款""], ""selected"": ""盲盒随机不指定，不支持无理由退货退款""}, ""_combo_price"": ""款式描述=整盒12个 不支持7天无理由退换货 | 大小=盲盒随机不指定，不支持无理由退货退款 | ￥828""}]}",款式描述=随机1个 不支持7天无理由退换货 | 大小=盲盒随机不指定，不支持无理由退货退款 | ￥69 || 款式描述=整盒12个 不支持7天无理由退换货 | 大小=盲盒随机不指定，不支持无理由退货退款 | ￥828,"{""IP"": ""DIMOO"", ""出售状态"": ""现货"", ""品牌"": ""POP MART/泡泡玛特"", ""系列名"": ""DIMOO一盏风月系列手办"", ""大小"": ""盲盒随机不指定，不支持无理由退货退款"", ""款式描述"": ""随机1个 不支持7天无理由退换货 整盒12个 不支持7天无理由退换货""}",https://img.alicdn.com/imgextra/i1/2885348004/O1CN01Petp3r28ztGabaZXc_!!4611686018427382436-0-item_pic.jpg | https://img.alicdn.com/imgextra/i2/2885348004/O1CN01zCq37Q28zt894sYE6_!!2885348004.jpg | https://img.alicdn.com/imgextra/i4/2885348004/O1CN01d4Ib3e28zt8AKd0mp_!!2885348004.jpg | https://img.alicdn.com/imgextra/i3/2885348004/O1CN01c8hLkW28ztGaksD0F_!!2885348004.jpg | https://img.alicdn.com/imgextra/i3/2885348004/O1CN01LpwKwW28zt88CjgDK_!!2885348004.jpg,imgs/859978153157_01.jpg | imgs/859978153157_02.jpg | imgs/859978153157_03.jpg | imgs/859978153157_04.jpg | imgs/859978153157_05.jpg
POPMART泡泡玛特史迪奇穿越系列搪胶毛绒挂件盲盒玩具礼物,https://popmart.world.tmall.com/shop/view_shop.htm,https://popmart.world.tmall.com/shop/view_shop.htm,done,泡泡玛特旗舰店,https://detail.tmall.com/item.htm?id=1003189663883,1003189663883,"{""combos"": [{""款式描述"": {""values"": [""随机1个 不支持7天无理由退换货""], ""selected"": ""随机1个 不支持7天无理由退换货""}, ""大小"": {""values"": [""盲盒随机不指定，不支持无理由退货退款""], ""selected"": ""盲盒随机不指定，不支持无理由退货退款""}, ""_combo_price"": ""款式描述=随机1个 不支持7天无理由退换货 | 大小=盲盒随机不指定，不支持无理由退货退款 | ￥99""}, {""款式描述"": {""values"": [""随机1个 不支持7天无理由退换货"", ""整盒9个 不支持7天无理由退换货""], ""selected"": ""整盒9个 不支持7天无理由退换货""}, ""大小"": {""values"": [""盲盒随机不指定，不支持无理由退货退款""], ""selected"": ""盲盒随机不指定，不支持无理由退货退款""}, ""_combo_price"": ""款式描述=整盒9个 不支持7天无理由退换货 | 大小=盲盒随机不指定，不支持无理由退货退款 | ￥891""}]}",款式描述=随机1个 不支持7天无理由退换货 | 大小=盲盒随机不指定，不支持无理由退货退款 | ￥99 || 款式描述=整盒9个 不支持7天无理由退换货 | 大小=盲盒随机不指定，不支持无理由退货退款 | ￥891,"{""IP"": ""史迪奇"", ""出售状态"": ""现货"", ""品牌"": ""POP MART/泡泡玛特"", ""系列名"": ""史迪奇穿越系列搪胶毛绒挂件"", ""款式类型"": ""常规款 隐藏款"", ""大小"": ""盲盒随机不指定，不支持无理由退货退款"", ""款式描述"": ""随机1个 不支持7天无理由退换货 整盒9个 不支持7天无理由退换货""}",https://img.alicdn.com/imgextra/i4/2885348004/O1CN01MeUKrM28ztGaqYnWS_!!4611686018427382436-0-item_pic.jpg | https://img.alicdn.com/imgextra/i1/2885348004/O1CN018WWK2Q28ztEVJSQ4M_!!2885348004.jpg | https://img.alicdn.com/imgextra/i1/2885348004/O1CN0138VpIS28ztEUX3YKD_!!2885348004.jpg | https://img.alicdn.com/imgextra/i3/2885348004/O1CN01c8hLkW28ztGaksD0F_!!2885348004.jpg | https://img.alicdn.com/imgextra/i4/2885348004/O1CN01peKyDk28ztEUGcNsx_!!2885348004.jpg,imgs/1003189663883_00.jpg | imgs/1003189663883_01.jpg | imgs/1003189663883_02.jpg | imgs/1003189663883_03.jpg | imgs/1003189663883_04.jpg
POPMART泡泡玛特Baby Molly喵趣横生手办盲盒玩具礼物,https://popmart.world.tmall.com/shop/view_shop.htm,https://popmart.world.tmall.com/shop/view_shop.htm,done,泡泡玛特旗舰店,https://detail.tmall.com/item.htm?id=911329641124,911329641124,"{""combos"": [{""款式描述"": {""values"": [""随机1个 不支持7天无理由退换货""], ""selected"": ""随机1个 不支持7天无理由退换货""}, ""大小"": {""values"": [""盲盒随机不指定，不支持无理由退货退款""], ""selected"": ""盲盒随机不指定，不支持无理由退货退款""}, ""_combo_price"": ""款式描述=随机1个 不支持7天无理由退换货 | 大小=盲盒随机不指定，不支持无理由退货退款 | ￥69""}, {""款式描述"": {""values"": [""随机1个 不支持7天无理由退换货"", ""整盒12个 不支持7天无理由退换货""], ""selected"": ""整盒12个 不支持7天无理由退换货""}, ""大小"": {""values"": [""盲盒随机不指定，不支持无理由退货退款""], ""selected"": ""盲盒随机不指定，不支持无理由退货退款""}, ""_combo_price"": ""款式描述=整盒12个 不支持7天无理由退换货 | 大小=盲盒随机不指定，不支持无理由退货退款 | ￥828""}]}",款式描述=随机1个 不支持7天无理由退换货 | 大小=盲盒随机不指定，不支持无理由退货退款 | ￥69 || 款式描述=整盒12个 不支持7天无理由退换货 | 大小=盲盒随机不指定，不支持无理由退货退款 | ￥828,"{""品牌"": ""POP MART/泡泡玛特"", ""系列名"": ""Baby Molly喵趣横生系列手办"", ""款式类型"": ""常规款 隐藏款"", ""大小"": ""盲盒随机不指定，不支持无理由退货退款"", ""款式描述"": ""随机1个 不支持7天无理由退换货 整盒12个 不支持7天无理由退换货""}",https://img.alicdn.com/imgextra/i1/2885348004/O1CN01u2mTaT28ztGaNmWEv_!!4611686018427382436-0-item_pic.jpg | https://img.alicdn.com/imgextra/i4/2885348004/O1CN01jgd6Np28ztAPQJvJ4_!!2885348004.jpg | https://img.alicdn.com/imgextra/i3/2885348004/O1CN01BOHKNQ28ztANSa6sg_!!2885348004.jpg | https://img.alicdn.com/imgextra/i3/2885348004/O1CN01c8hLkW28ztGaksD0F_!!2885348004.jpg | https://img.alicdn.com/imgextra/i2/2885348004/O1CN016AMedL28ztANOHW1a_!!2885348004.jpg,imgs/911329641124_01.jpg | imgs/911329641124_02.jpg | imgs/911329641124_03.jpg | imgs/911329641124_04.jpg | imgs/911329641124_05.jpg
泡泡玛特拉布布THE MONSTERS怪味便利店香氛盲盒LABUBU礼物,https://popmart.world.tmall.com/shop/view_shop.htm,https://popmart.world.tmall.com/shop/view_shop.htm,done,泡泡玛特旗舰店,https://detail.tmall.com/item.htm?id=920598335669,920598335669,"{""combos"": [{""款式描述"": {""values"": [""随机1个(限购6个) 不支持7天无理由退换货""], ""selected"": ""随机1个(限购6个) 不支持7天无理由退换货""}, ""大小"": {""values"": [""盲盒随机不指定，不支持无理由退货退款""], ""selected"": ""盲盒随机不指定，不支持无理由退货退款""}, ""_combo_price"": ""款式描述=随机1个(限购6个) 不支持7天无理由退换货 | 大小=盲盒随机不指定，不支持无理由退货退款 | ￥129""}, {""款式描述"": {""values"": [""随机1个(限购6个) 不支持7天无理由退换货"", ""整盒6个(限购1盒) 不支持7天无理由退换货""], ""selected"": ""整盒6个(限购1盒) 不支持7天无理由退换货""}, ""大小"": {""values"": [""盲盒随机不指定，不支持无理由退货退款""], ""selected"": ""盲盒随机不指定，不支持无理由退货退款""}, ""_combo_price"": ""款式描述=整盒6个(限购1盒) 不支持7天无理由退换货 | 大小=盲盒随机不指定，不支持无理由退货退款 | ￥774""}]}",款式描述=随机1个(限购6个) 不支持7天无理由退换货 | 大小=盲盒随机不指定，不支持无理由退货退款 | ￥129 || 款式描述=整盒6个(限购1盒) 不支持7天无理由退换货 | 大小=盲盒随机不指定，不支持无理由退货退款 | ￥774,"{""品牌"": ""POP MART/泡泡玛特"", ""系列名"": ""THE MONSTERS怪味便利店系列-香氛盲盒"", ""款式类型"": ""常规款 隐藏款"", ""大小"": ""盲盒随机不指定，不支持无理由退货退款"", ""款式描述"": ""随机1个(限购6个) 不支持7天无理由退换货 整盒6个(限购1盒) 不支持7天无理由退换货""}",https://img.alicdn.com/imgextra/i4/2885348004/O1CN01sAVgKd28ztGacmgR7_!!4611686018427382436-0-item_pic.jpg | https://img.alicdn.com/imgextra/i1/2885348004/O1CN01Vm7cql28ztAky1inJ_!!2885348004.jpg | https://img.alicdn.com/imgextra/i3/2885348004/O1CN01BUgbTO28ztAky27k3_!!2885348004.jpg | https://img.alicdn.com/imgextra/i3/2885348004/O1CN01c8hLkW28ztGaksD0F_!!2885348004.jpg | https://img.alicdn.com/imgextra/i1/2885348004/O1CN017fqzvH28ztAleHzMo_!!2885348004.jpg,imgs/920598335669_00.jpg | imgs/920598335669_01.jpg | imgs/920598335669_02.jpg | imgs/920598335669_03.jpg | imgs/920598335669_04.jpg
POPMART泡泡玛特KUBO爱的定格系列手办盲盒摆件礼物,https://popmart.world.tmall.com/shop/view_shop.htm,https://popmart.world.tmall.com/shop/view_shop.htm,done,泡泡玛特旗舰店,https://detail.tmall.com/item.htm?id=1032230795672,1032230795672,"{""combos"": [{""款式描述"": {""values"": [""随机1个 不支持7天无理由退换货""], ""selected"": ""随机1个 不支持7天无理由退换货""}, ""大小"": {""values"": [""盲盒随机不指定，不支持无理由退货退款""], ""selected"": ""盲盒随机不指定，不支持无理由退货退款""}, ""_combo_price"": ""款式描述=随机1个 不支持7天无理由退换货 | 大小=盲盒随机不指定，不支持无理由退货退款 | ￥69""}, {""款式描述"": {""values"": [""随机1个 不支持7天无理由退换货"", ""整盒12个 不支持7天无理由退换货""], ""selected"": ""整盒12个 不支持7天无理由退换货""}, ""大小"": {""values"": [""盲盒随机不指定，不支持无理由退货退款""], ""selected"": ""盲盒随机不指定，不支持无理由退货退款""}, ""_combo_price"": ""款式描述=整盒12个 不支持7天无理由退换货 | 大小=盲盒随机不指定，不支持无理由退货退款 | ￥828""}]}",款式描述=随机1个 不支持7天无理由退换货 | 大小=盲盒随机不指定，不支持无理由退货退款 | ￥69 || 款式描述=整盒12个 不支持7天无理由退换货 | 大小=盲盒随机不指定，不支持无理由退货退款 | ￥828,"{""IP"": ""KUBO"", ""出售状态"": ""现货"", ""品牌"": ""POP MART/泡泡玛特"", ""系列名"": ""KUBO爱的定格系列手办"", ""款式类型"": ""常规款 隐藏款"", ""大小"": ""盲盒随机不指定，不支持无理由退货退款"", ""款式描述"": ""随机1个 不支持7天无理由退换货 整盒12个 不支持7天无理由退换货""}",https://img.alicdn.com/imgextra/i3/2885348004/O1CN012R9OMS28ztGWKjIsK_!!4611686018427382436-0-item_pic.jpg | https://img.alicdn.com/imgextra/i3/2885348004/O1CN01IA5r4P28ztFzn8Ylk_!!2885348004.jpg | https://img.alicdn.com/imgextra/i2/2885348004/O1CN012DMl4o28ztFv8Y39Y_!!2885348004.jpg | https://img.alicdn.com/imgextra/i3/2885348004/O1CN01c8hLkW28ztGaksD0F_!!2885348004.jpg | https://img.alicdn.com/imgextra/i4/2885348004/O1CN011e3JfB28ztFzpG9Hx_!!2885348004.jpg,imgs/1032230795672_01.jpg | imgs/1032230795672_02.jpg | imgs/1032230795672_03.jpg | imgs/1032230795672_04.jpg | imgs/1032230795672_05.jpg
POPMART泡泡玛特共鸣 排球少年!!垃圾场决战系列手办盲盒玩具礼物,https://popmart.world.tmall.com/shop/view_shop.htm,https://popmart.world.tmall.com/shop/view_shop.htm,done,泡泡玛特旗舰店,https://detail.tmall.com/item.htm?id=978462133716,978462133716,"{""combos"": [{""款式描述"": {""values"": [""随机1个 不支持7天无理由退换货""], ""selected"": ""随机1个 不支持7天无理由退换货""}, ""大小"": {""values"": [""盲盒随机不指定，不支持无理由退货退款""], ""selected"": ""盲盒随机不指定，不支持无理由退货退款""}, ""_combo_price"": ""款式描述=随机1个 不支持7天无理由退换货 | 大小=盲盒随机不指定，不支持无理由退货退款 | ￥69""}, {""款式描述"": {""values"": [""随机1个 不支持7天无理由退换货"", ""整盒6个 不支持7天无理由退换货""], ""selected"": ""整盒6个 不支持7天无理由退换货""}, ""大小"": {""values"": [""盲盒随机不指定，不支持无理由退货退款""], ""selected"": ""盲盒随机不指定，不支持无理由退货退款""}, ""_combo_price"": ""款式描述=整盒6个 不支持7天无理由退换货 | 大小=盲盒随机不指定，不支持无理由退货退款 | ￥414""}]}",款式描述=随机1个 不支持7天无理由退换货 | 大小=盲盒随机不指定，不支持无理由退货退款 | ￥69 || 款式描述=整盒6个 不支持7天无理由退换货 | 大小=盲盒随机不指定，不支持无理由退货退款 | ￥414,"{""IP"": ""排球少年"", ""出售状态"": ""现货"", ""品牌"": ""POP MART/泡泡玛特"", ""系列名"": ""排球少年!!垃圾场决战系列手办"", ""款式类型"": ""常规款 隐藏款"", ""大小"": ""盲盒随机不指定，不支持无理由退货退款"", ""款式描述"": ""随机1个 不支持7天无理由退换货 整盒6个 不支持7天无理由退换货""}",https://img.alicdn.com/imgextra/i2/2885348004/O1CN01D6qvlt28ztGab4bgH_!!4611686018427382436-0-item_pic.jpg | https://img.alicdn.com/imgextra/i3/2885348004/O1CN011y3Wuq28ztCbLEpDu_!!2885348004.jpg | https://img.alicdn.com/imgextra/i1/2885348004/O1CN01G87qXK28ztCclUeGm_!!2885348004.jpg | https://img.alicdn.com/imgextra/i3/2885348004/O1CN01c8hLkW28ztGaksD0F_!!2885348004.jpg | https://img.alicdn.com/imgextra/i1/2885348004/O1CN01oKKXb728ztCbpud1z_!!2885348004.jpg,imgs/978462133716_00.jpg | imgs/978462133716_01.jpg | imgs/978462133716_02.jpg | imgs/978462133716_03.jpg | imgs/978462133716_04.jpg
POPMART泡泡玛特CRYBABY SHINY SHINY系列卡套盲盒周边,https://popmart.world.tmall.com/shop/view_shop.htm,https://popmart.world.tmall.com/shop/view_shop.htm,done,泡泡玛特旗舰店,https://detail.tmall.com/item.htm?id=950685208719,950685208719,"{""combos"": [{""款式描述"": {""values"": [""随机1个 不支持7天无理由退换货""], ""selected"": ""随机1个 不支持7天无理由退换货""}, ""大小"": {""values"": [""盲盒随机不指定，不支持无理由退货退款""], ""selected"": ""盲盒随机不指定，不支持无理由退货退款""}, ""_combo_price"": ""款式描述=随机1个 不支持7天无理由退换货 | 大小=盲盒随机不指定，不支持无理由退货退款 | ￥69""}, {""款式描述"": {""values"": [""随机1个 不支持7天无理由退换货"", ""整盒6个 不支持7天无理由退换货""], ""selected"": ""整盒6个 不支持7天无理由退换货""}, ""大小"": {""values"": [""盲盒随机不指定，不支持无理由退货退款""], ""selected"": ""盲盒随机不指定，不支持无理由退货退款""}, ""_combo_price"": ""款式描述=整盒6个 不支持7天无理由退换货 | 大小=盲盒随机不指定，不支持无理由退货退款 | ￥414""}]}",款式描述=随机1个 不支持7天无理由退换货 | 大小=盲盒随机不指定，不支持无理由退货退款 | ￥69 || 款式描述=整盒6个 不支持7天无理由退换货 | 大小=盲盒随机不指定，不支持无理由退货退款 | ￥414,"{""IP"": ""CRYBABY"", ""出售状态"": ""现货"", ""品牌"": ""POP MART/泡泡玛特"", ""系列名"": ""CRYBABY SHINY SHINY系列-卡套盲盒"", ""大小"": ""盲盒随机不指定，不支持无理由退货退款"", ""款式描述"": ""随机1个 不支持7天无理由退换货 整盒6个 不支持7天无理由退换货""}",https://img.alicdn.com/imgextra/i2/2885348004/O1CN01SZMphO28ztGbJ25UX_!!4611686018427382436-0-item_pic.jpg | https://img.alicdn.com/imgextra/i3/2885348004/O1CN01XYNnj728ztBX0lTFu_!!2885348004.jpg | https://img.alicdn.com/imgextra/i4/2885348004/O1CN01Ya9kWl28ztBX2oA34_!!2885348004.jpg | https://img.alicdn.com/imgextra/i3/2885348004/O1CN01c8hLkW28ztGaksD0F_!!2885348004.jpg | https://img.alicdn.com/imgextra/i1/2885348004/O1CN01qSAk5528ztBVEln78_!!2885348004.jpg,imgs/950685208719_00.jpg | imgs/950685208719_01.jpg | imgs/950685208719_02.jpg | imgs/950685208719_03.jpg | imgs/950685208719_04.jpg
POPMART泡泡玛特Baby Molly积极入冬指南系列搪胶毛绒挂件盲盒,https://popmart.world.tmall.com/shop/view_shop.htm,https://popmart.world.tmall.com/shop/view_shop.htm,done,泡泡玛特旗舰店,https://detail.tmall.com/item.htm?id=988397581550,988397581550,"{""combos"": [{""款式描述"": {""values"": [""随机1个 不支持7天无理由退换货""], ""selected"": ""随机1个 不支持7天无理由退换货""}, ""大小"": {""values"": [""盲盒随机不指定，不支持无理由退货退款""], ""selected"": ""盲盒随机不指定，不支持无理由退货退款""}, ""_combo_price"": ""款式描述=随机1个 不支持7天无理由退换货 | 大小=盲盒随机不指定，不支持无理由退货退款 | ￥129""}, {""款式描述"": {""values"": [""随机1个 不支持7天无理由退换货"", ""整盒6个 不支持7天无理由退换货""], ""selected"": ""整盒6个 不支持7天无理由退换货""}, ""大小"": {""values"": [""盲盒随机不指定，不支持无理由退货退款""], ""selected"": ""盲盒随机不指定，不支持无理由退货退款""}, ""_combo_price"": ""款式描述=整盒6个 不支持7天无理由退换货 | 大小=盲盒随机不指定，不支持无理由退货退款 | ￥774""}]}",款式描述=随机1个 不支持7天无理由退换货 | 大小=盲盒随机不指定，不支持无理由退货退款 | ￥129 || 款式描述=整盒6个 不支持7天无理由退换货 | 大小=盲盒随机不指定，不支持无理由退货退款 | ￥774,"{""IP"": ""Baby Molly"", ""出售状态"": ""现货"", ""品牌"": ""POP MART/泡泡玛特"", ""系列名"": ""Baby Molly积极入冬指南系列-搪胶毛绒挂件盲盒"", ""款式类型"": ""常规款 隐藏款"", ""大小"": ""盲盒随机不指定，不支持无理由退货退款"", ""款式描述"": ""随机1个 不支持7天无理由退换货 整盒6个 不支持7天无理由退换货""}",https://img.alicdn.com/imgextra/i3/2885348004/O1CN01I3vv7n28ztGAQWAIs_!!4611686018427382436-0-item_pic.jpg | https://img.alicdn.com/imgextra/i2/2885348004/O1CN01z8pXNh28ztDlWGoEy_!!2885348004.jpg | https://img.alicdn.com/imgextra/i2/2885348004/O1CN01oZ6ycP28ztDmDE3rM_!!2885348004.jpg | https://img.alicdn.com/imgextra/i3/2885348004/O1CN01AaqZJT28ztDmCjy5C_!!2885348004.jpg | https://img.alicdn.com/imgextra/i4/2885348004/O1CN01paBU3R28ztDlzYfht_!!2885348004.jpg,imgs/988397581550_00.jpg | imgs/988397581550_01.jpg | imgs/988397581550_02.jpg | imgs/988397581550_03.jpg | imgs/988397581550_04.jpg
POPMART泡泡玛特泡泡萌粒DIMOO WORLD 迪士尼经典公仔袋装礼物,https://popmart.world.tmall.com/shop/view_shop.htm,https://popmart.world.tmall.com/shop/view_shop.htm,done,泡泡玛特旗舰店,https://detail.tmall.com/item.htm?id=885472803913,885472803913,"{""combos"": [{""款式描述"": {""values"": [""随机1袋(含随机3粒) 不支持7天无理由退换货""], ""selected"": ""随机1袋(含随机3粒) 不支持7天无理由退换货""}, ""大小"": {""values"": [""盲盒随机不指定，不支持无理由退货退款""], ""selected"": ""盲盒随机不指定，不支持无理由退货退款""}, ""_combo_price"": ""款式描述=随机1袋(含随机3粒) 不支持7天无理由退换货 | 大小=盲盒随机不指定，不支持无理由退货退款 | ￥39""}, {""款式描述"": {""values"": [""随机1袋(含随机3粒) 不支持7天无理由退换货"", ""整端10袋(含随机30粒) 不支持7天无理由退换货""], ""selected"": ""整端10袋(含随机30粒) 不支持7天无理由退换货""}, ""大小"": {""values"": [""盲盒随机不指定，不支持无理由退货退款""], ""selected"": ""盲盒随机不指定，不支持无理由退货退款""}, ""_combo_price"": ""款式描述=整端10袋(含随机30粒) 不支持7天无理由退换货 | 大小=盲盒随机不指定，不支持无理由退货退款 | ￥390""}]}",款式描述=随机1袋(含随机3粒) 不支持7天无理由退换货 | 大小=盲盒随机不指定，不支持无理由退货退款 | ￥39 || 款式描述=整端10袋(含随机30粒) 不支持7天无理由退换货 | 大小=盲盒随机不指定，不支持无理由退货退款 | ￥390,"{""品牌"": ""POP MART/泡泡玛特"", ""系列名"": ""泡泡萌粒 DIMOO WORLD × 迪士尼经典系列公仔袋装（3粒装）"", ""款式类型"": ""常规款 隐藏款"", ""大小"": ""盲盒随机不指定，不支持无理由退货退款"", ""款式描述"": ""随机1袋(含随机3粒) 不支持7天无理由退换货 整端10袋(含随机30粒) 不支持7天无理由退换货""}",https://img.alicdn.com/imgextra/i2/2885348004/O1CN01952aVf28ztGagyjXG_!!4611686018427382436-0-item_pic.jpg | https://img.alicdn.com/imgextra/i1/2885348004/O1CN01r9YLEC28zt9S3f8S9_!!2885348004.jpg | https://img.alicdn.com/imgextra/i2/2885348004/O1CN01alBwC428zt9S1FtPA_!!2885348004.jpg | https://img.alicdn.com/imgextra/i3/2885348004/O1CN01c8hLkW28ztGaksD0F_!!2885348004.jpg | https://img.alicdn.com/imgextra/i1/2885348004/O1CN01ig8yu128zt9Sxrp3G_!!2885348004.jpg,imgs/885472803913_00.jpg | imgs/885472803913_01.jpg | imgs/885472803913_02.jpg | imgs/885472803913_03.jpg | imgs/885472803913_04.jpg
POPMART泡泡玛特SKULLPANDA不眠剧场系列手机挂绳盲盒周边礼物,https://popmart.world.tmall.com/shop/view_shop.htm,https://popmart.world.tmall.com/shop/view_shop.htm,done,泡泡玛特旗舰店,https://detail.tmall.com/item.htm?id=973959656363,973959656363,"{""combos"": [{""款式描述"": {""values"": [""随机1个 不支持7天无理由退换货""], ""selected"": ""随机1个 不支持7天无理由退换货""}, ""大小"": {""values"": [""盲盒随机不指定，不支持无理由退货退款""], ""selected"": ""盲盒随机不指定，不支持无理由退货退款""}, ""_combo_price"": ""款式描述=随机1个 不支持7天无理由退换货 | 大小=盲盒随机不指定，不支持无理由退货退款 | ￥99""}, {""款式描述"": {""values"": [""随机1个 不支持7天无理由退换货"", ""整盒6个 不支持7天无理由退换货""], ""selected"": ""整盒6个 不支持7天无理由退换货""}, ""大小"": {""values"": [""盲盒随机不指定，不支持无理由退货退款""], ""selected"": ""盲盒随机不指定，不支持无理由退货退款""}, ""_combo_price"": ""款式描述=整盒6个 不支持7天无理由退换货 | 大小=盲盒随机不指定，不支持无理由退货退款 | ￥594""}]}",款式描述=随机1个 不支持7天无理由退换货 | 大小=盲盒随机不指定，不支持无理由退货退款 | ￥99 || 款式描述=整盒6个 不支持7天无理由退换货 | 大小=盲盒随机不指定，不支持无理由退货退款 | ￥594,"{""品牌"": ""POP MART/泡泡玛特"", ""系列名"": ""SKULLPANDA不眠剧场系列手机挂绳"", ""款式类型"": ""常规款 隐藏款"", ""大小"": ""盲盒随机不指定，不支持无理由退货退款"", ""款式描述"": ""随机1个 不支持7天无理由退换货 整盒6个 不支持7天无理由退换货""}",https://img.alicdn.com/imgextra/i1/2885348004/O1CN01epshtj28ztGcIehQU_!!4611686018427382436-0-item_pic.jpg | https://img.alicdn.com/imgextra/i2/2885348004/O1CN01pIeOn728ztCOm24CK_!!2885348004.jpg | https://img.alicdn.com/imgextra/i1/2885348004/O1CN01Y11XSi28ztCNeNjT1_!!2885348004.jpg | https://img.alicdn.com/imgextra/i3/2885348004/O1CN01c8hLkW28ztGaksD0F_!!2885348004.jpg | https://img.alicdn.com/imgextra/i3/2885348004/O1CN01w2UvVm28ztCO0oGwi_!!2885348004.jpg,imgs/973959656363_00.jpg | imgs/973959656363_01.jpg | imgs/973959656363_02.jpg | imgs/973959656363_03.jpg | imgs/973959656363_04.jpg
POPMART泡泡玛特CHAKA琉光曲系列手办盲盒玩具摆件礼物,https://popmart.world.tmall.com/shop/view_shop.htm,https://popmart.world.tmall.com/shop/view_shop.htm,done,泡泡玛特旗舰店,https://detail.tmall.com/item.htm?id=997166895815,997166895815,"{""combos"": [{""款式描述"": {""values"": [""随机1个 不支持7天无理由退换货""], ""selected"": ""随机1个 不支持7天无理由退换货""}, ""大小"": {""values"": [""盲盒随机不指定，不支持无理由退货退款""], ""selected"": ""盲盒随机不指定，不支持无理由退货退款""}, ""_combo_price"": ""款式描述=随机1个 不支持7天无理由退换货 | 大小=盲盒随机不指定，不支持无理由退货退款 | ￥69""}, {""款式描述"": {""values"": [""随机1个 不支持7天无理由退换货"", ""整盒12个 不支持7天无理由退换货""], ""selected"": ""整盒12个 不支持7天无理由退换货""}, ""大小"": {""values"": [""盲盒随机不指定，不支持无理由退货退款""], ""selected"": ""盲盒随机不指定，不支持无理由退货退款""}, ""_combo_price"": ""款式描述=整盒12个 不支持7天无理由退换货 | 大小=盲盒随机不指定，不支持无理由退货退款 | ￥828""}]}",款式描述=随机1个 不支持7天无理由退换货 | 大小=盲盒随机不指定，不支持无理由退货退款 | ￥69 || 款式描述=整盒12个 不支持7天无理由退换货 | 大小=盲盒随机不指定，不支持无理由退货退款 | ￥828,"{""IP"": ""CHAKA"", ""出售状态"": ""现货"", ""品牌"": ""POP MART/泡泡玛特"", ""系列名"": ""CHAKA琉光曲系列手办"", ""款式类型"": ""常规款 隐藏款"", ""大小"": ""盲盒随机不指定，不支持无理由退货退款"", ""款式描述"": ""随机1个 不支持7天无理由退换货 整盒12个 不支持7天无理由退换货""}",https://img.alicdn.com/imgextra/i1/2885348004/O1CN01U8TdXP28ztGah0DAg_!!4611686018427382436-0-item_pic.jpg | https://img.alicdn.com/imgextra/i1/2885348004/O1CN01HAqiEI28ztDmUX46o_!!2885348004.jpg | https://img.alicdn.com/imgextra/i3/2885348004/O1CN01O6JWUi28ztDmQArNm_!!2885348004.jpg | https://img.alicdn.com/imgextra/i3/2885348004/O1CN01c8hLkW28ztGaksD0F_!!2885348004.jpg | https://img.alicdn.com/imgextra/i4/2885348004/O1CN01AHXcst28ztDn7x8Wg_!!2885348004.jpg,imgs/997166895815_01.jpg | imgs/997166895815_02.jpg | imgs/997166895815_03.jpg | imgs/997166895815_04.jpg | imgs/997166895815_05.jpg
POPMART泡泡玛特银魂欢迎来到万事屋系列手办盲盒玩具摆件礼物,https://popmart.world.tmall.com/shop/view_shop.htm,https://popmart.world.tmall.com/shop/view_shop.htm,done,泡泡玛特旗舰店,https://detail.tmall.com/item.htm?id=1007485836486,1007485836486,"{""combos"": [{""款式描述"": {""values"": [""随机1个 不支持7天无理由退换货""], ""selected"": ""随机1个 不支持7天无理由退换货""}, ""大小"": {""values"": [""盲盒随机不指定，不支持无理由退货退款""], ""selected"": ""盲盒随机不指定，不支持无理由退货退款""}, ""_combo_price"": ""款式描述=随机1个 不支持7天无理由退换货 | 大小=盲盒随机不指定，不支持无理由退货退款 | ￥69""}, {""款式描述"": {""values"": [""随机1个 不支持7天无理由退换货"", ""整盒12个 不支持7天无理由退换货""], ""selected"": ""整盒12个 不支持7天无理由退换货""}, ""大小"": {""values"": [""盲盒随机不指定，不支持无理由退货退款""], ""selected"": ""盲盒随机不指定，不支持无理由退货退款""}, ""_combo_price"": ""款式描述=整盒12个 不支持7天无理由退换货 | 大小=盲盒随机不指定，不支持无理由退货退款 | ￥828""}]}",款式描述=随机1个 不支持7天无理由退换货 | 大小=盲盒随机不指定，不支持无理由退货退款 | ￥69 || 款式描述=整盒12个 不支持7天无理由退换货 | 大小=盲盒随机不指定，不支持无理由退货退款 | ￥828,"{""IP"": ""银魂"", ""出售状态"": ""现货"", ""品牌"": ""POP MART/泡泡玛特"", ""系列名"": ""银魂欢迎来到万事屋系列手办"", ""款式类型"": ""常规款 隐藏款"", ""大小"": ""盲盒随机不指定，不支持无理由退货退款"", ""款式描述"": ""随机1个 不支持7天无理由退换货 整盒12个 不支持7天无理由退换货""}",https://img.alicdn.com/imgextra/i1/2885348004/O1CN01tB5jEf28ztGcIdpTT_!!4611686018427382436-0-item_pic.jpg | https://img.alicdn.com/imgextra/i2/2885348004/O1CN010T2CXI28ztEJDx4GO_!!2885348004.jpg | https://img.alicdn.com/imgextra/i2/2885348004/O1CN01FkUbky28ztEK2cBBe_!!2885348004.jpg | https://img.alicdn.com/imgextra/i3/2885348004/O1CN01c8hLkW28ztGaksD0F_!!2885348004.jpg | https://img.alicdn.com/imgextra/i4/2885348004/O1CN01PA26JR28ztEKViZyK_!!2885348004.jpg,imgs/1007485836486_01.jpg | imgs/1007485836486_02.jpg | imgs/1007485836486_03.jpg | imgs/1007485836486_04.jpg | imgs/1007485836486_05.jpg
POPMART泡泡玛特MOLLY 时光轮转二十周年系列手办盲盒玩具礼物,https://popmart.world.tmall.com/shop/view_shop.htm,https://popmart.world.tmall.com/shop/view_shop.htm,done,泡泡玛特旗舰店,https://detail.tmall.com/item.htm?id=1024954266423,1024954266423,"{""combos"": [{""款式描述"": {""values"": [""随机1个 不支持7天无理由退换货""], ""selected"": ""随机1个 不支持7天无理由退换货""}, ""大小"": {""values"": [""盲盒随机不指定，不支持无理由退货退款""], ""selected"": ""盲盒随机不指定，不支持无理由退货退款""}, ""_combo_price"": ""款式描述=随机1个 不支持7天无理由退换货 | 大小=盲盒随机不指定，不支持无理由退货退款 | ￥129""}, {""款式描述"": {""values"": [""随机1个 不支持7天无理由退换货"", ""整盒3个 不支持7天无理由退换货""], ""selected"": ""整盒3个 不支持7天无理由退换货""}, ""大小"": {""values"": [""盲盒随机不指定，不支持无理由退货退款""], ""selected"": ""盲盒随机不指定，不支持无理由退货退款""}, ""_combo_price"": ""款式描述=整盒3个 不支持7天无理由退换货 | 大小=盲盒随机不指定，不支持无理由退货退款 | ￥387""}]}",款式描述=随机1个 不支持7天无理由退换货 | 大小=盲盒随机不指定，不支持无理由退货退款 | ￥129 || 款式描述=整盒3个 不支持7天无理由退换货 | 大小=盲盒随机不指定，不支持无理由退货退款 | ￥387,"{""IP"": ""MOLLY"", ""出售状态"": ""现货"", ""品牌"": ""POP MART/泡泡玛特"", ""系列名"": ""MOLLY 时光轮转二十周年系列手办"", ""款式类型"": ""常规款 隐藏款"", ""大小"": ""盲盒随机不指定，不支持无理由退货退款"", ""款式描述"": ""随机1个 不支持7天无理由退换货 整盒3个 不支持7天无理由退换货""}",https://img.alicdn.com/imgextra/i2/2885348004/O1CN01aK87ET28ztGaNoXBm_!!4611686018427382436-0-item_pic.jpg | https://img.alicdn.com/imgextra/i3/2885348004/O1CN01D0BNi828ztFu6igCB_!!2885348004.jpg | https://img.alicdn.com/imgextra/i2/2885348004/O1CN0155fpGe28ztFtgCIXe_!!2885348004.jpg | https://img.alicdn.com/imgextra/i3/2885348004/O1CN01c8hLkW28ztGaksD0F_!!2885348004.jpg | https://img.alicdn.com/imgextra/i1/2885348004/O1CN01MFs1kZ28ztFvSqlrT_!!2885348004.jpg,imgs/1024954266423_01.jpg | imgs/1024954266423_02.jpg | imgs/1024954266423_03.jpg | imgs/1024954266423_04.jpg | imgs/1024954266423_05.jpg
POPMART泡泡玛特共鸣《Ted2》 泰迪熊可动毛绒挂件盲盒礼物,https://popmart.world.tmall.com/shop/view_shop.htm,https://popmart.world.tmall.com/shop/view_shop.htm,done,泡泡玛特旗舰店,https://detail.tmall.com/item.htm?id=897614933549,897614933549,"{""combos"": [{""款式描述"": {""values"": [""随机1个 不支持7天无理由退换货""], ""selected"": ""随机1个 不支持7天无理由退换货""}, ""大小"": {""values"": [""盲盒随机不指定，不支持无理由退货退款""], ""selected"": ""盲盒随机不指定，不支持无理由退货退款""}, ""_combo_price"": ""款式描述=随机1个 不支持7天无理由退换货 | 大小=盲盒随机不指定，不支持无理由退货退款 | 平台加补后￥88""}, {""款式描述"": {""values"": [""随机1个 不支持7天无理由退换货"", ""整盒6个 不支持7天无理由退换货""], ""selected"": ""整盒6个 不支持7天无理由退换货""}, ""大小"": {""values"": [""盲盒随机不指定，不支持无理由退货退款""], ""selected"": ""盲盒随机不指定，不支持无理由退货退款""}, ""_combo_price"": ""款式描述=整盒6个 不支持7天无理由退换货 | 大小=盲盒随机不指定，不支持无理由退货退款 | 平台加补后￥532""}]}",款式描述=随机1个 不支持7天无理由退换货 | 大小=盲盒随机不指定，不支持无理由退货退款 | 平台加补后￥88 || 款式描述=整盒6个 不支持7天无理由退换货 | 大小=盲盒随机不指定，不支持无理由退货退款 | 平台加补后￥532,"{""IP"": ""《Ted2》 泰迪熊"", ""出售状态"": ""现货"", ""品牌"": ""POP MART/泡泡玛特"", ""系列名"": ""《Ted2》 泰迪熊可动毛绒挂件盲盒"", ""大小"": ""盲盒随机不指定，不支持无理由退货退款"", ""款式描述"": ""随机1个 不支持7天无理由退换货 整盒6个 不支持7天无理由退换货""}",https://img.alicdn.com/imgextra/i4/2885348004/O1CN01Io6xyd28ztGaszzt7_!!4611686018427382436-0-item_pic.jpg | https://img.alicdn.com/imgextra/i4/2885348004/O1CN01hJIoUP28zt9YF27Qj_!!2885348004.jpg | https://img.alicdn.com/imgextra/i4/2885348004/O1CN01RK9LwR28zt9VWjBEk_!!2885348004.jpg | https://img.alicdn.com/imgextra/i3/2885348004/O1CN01c8hLkW28ztGaksD0F_!!2885348004.jpg | https://img.alicdn.com/imgextra/i2/2885348004/O1CN01fXx3tA28zt9RFPqWV_!!2885348004.jpg,imgs/897614933549_00.jpg | imgs/897614933549_01.jpg | imgs/897614933549_02.jpg | imgs/897614933549_03.jpg | imgs/897614933549_04.jpg
POPMART泡泡玛特小野Hirono雾中人系列毛毡挂饰盲盒周边礼物,https://popmart.world.tmall.com/shop/view_shop.htm,https://popmart.world.tmall.com/shop/view_shop.htm,done,泡泡玛特旗舰店,https://detail.tmall.com/item.htm?id=1024294315192,1024294315192,"{""combos"": [{""款式描述"": {""values"": [""随机1个 不支持7天无理由退换货""], ""selected"": ""随机1个 不支持7天无理由退换货""}, ""大小"": {""values"": [""盲盒随机不指定，不支持无理由退货退款""], ""selected"": ""盲盒随机不指定，不支持无理由退货退款""}, ""_combo_price"": ""款式描述=随机1个 不支持7天无理由退换货 | 大小=盲盒随机不指定，不支持无理由退货退款 | ￥79""}, {""款式描述"": {""values"": [""随机1个 不支持7天无理由退换货"", ""整盒6个 不支持7天无理由退换货""], ""selected"": ""整盒6个 不支持7天无理由退换货""}, ""大小"": {""values"": [""盲盒随机不指定，不支持无理由退货退款""], ""selected"": ""盲盒随机不指定，不支持无理由退货退款""}, ""_combo_price"": ""款式描述=整盒6个 不支持7天无理由退换货 | 大小=盲盒随机不指定，不支持无理由退货退款 | ￥474""}]}",款式描述=随机1个 不支持7天无理由退换货 | 大小=盲盒随机不指定，不支持无理由退货退款 | ￥79 || 款式描述=整盒6个 不支持7天无理由退换货 | 大小=盲盒随机不指定，不支持无理由退货退款 | ￥474,"{""IP"": ""Hirono"", ""出售状态"": ""现货"", ""品牌"": ""POP MART/泡泡玛特"", ""系列名"": ""Hirono雾中人系列 - 毛毡挂饰"", ""款式类型"": ""常规款 隐藏款"", ""大小"": ""盲盒随机不指定，不支持无理由退货退款"", ""款式描述"": ""随机1个 不支持7天无理由退换货 整盒6个 不支持7天无理由退换货""}",https://img.alicdn.com/imgextra/i2/2885348004/O1CN01eQGnQV28ztGabupFJ_!!4611686018427382436-0-item_pic.jpg | https://img.alicdn.com/imgextra/i3/2885348004/O1CN01lyybGx28ztFuGV6WP_!!2885348004.jpg | https://img.alicdn.com/imgextra/i3/2885348004/O1CN01jcROqP28ztFvcgLmM_!!2885348004.jpg | https://img.alicdn.com/imgextra/i3/2885348004/O1CN01c8hLkW28ztGaksD0F_!!2885348004.jpg | https://img.alicdn.com/imgextra/i4/2885348004/O1CN01MeTn2528ztFtq83MP_!!2885348004.jpg,imgs/1024294315192_00.jpg | imgs/1024294315192_01.jpg | imgs/1024294315192_02.jpg | imgs/1024294315192_03.jpg | imgs/1024294315192_04.jpg
POPMART泡泡玛特MOLLY × 疯狂动物城联名系列手办盲盒礼物,https://popmart.world.tmall.com/shop/view_shop.htm,https://popmart.world.tmall.com/shop/view_shop.htm,done,泡泡玛特旗舰店,https://detail.tmall.com/item.htm?id=962326877193,962326877193,"{""combos"": [{""款式描述"": {""values"": [""随机1个 不支持7天无理由退换货""], ""selected"": ""随机1个 不支持7天无理由退换货""}, ""大小"": {""values"": [""盲盒随机不指定，不支持无理由退货退款""], ""selected"": ""盲盒随机不指定，不支持无理由退货退款""}, ""_combo_price"": ""款式描述=随机1个 不支持7天无理由退换货 | 大小=盲盒随机不指定，不支持无理由退货退款 | ￥69""}, {""款式描述"": {""values"": [""随机1个 不支持7天无理由退换货"", ""整盒12个 不支持7天无理由退换货""], ""selected"": ""整盒12个 不支持7天无理由退换货""}, ""大小"": {""values"": [""盲盒随机不指定，不支持无理由退货退款""], ""selected"": ""盲盒随机不指定，不支持无理由退货退款""}, ""_combo_price"": ""款式描述=整盒12个 不支持7天无理由退换货 | 大小=盲盒随机不指定，不支持无理由退货退款 | ￥828""}]}",款式描述=随机1个 不支持7天无理由退换货 | 大小=盲盒随机不指定，不支持无理由退货退款 | ￥69 || 款式描述=整盒12个 不支持7天无理由退换货 | 大小=盲盒随机不指定，不支持无理由退货退款 | ￥828,"{""IP"": ""MOLLY"", ""出售状态"": ""现货"", ""品牌"": ""POP MART/泡泡玛特"", ""系列名"": ""MOLLY × 疯狂动物城联名系列手办"", ""款式类型"": ""常规款 隐藏款"", ""大小"": ""盲盒随机不指定，不支持无理由退货退款"", ""款式描述"": ""随机1个 不支持7天无理由退换货 整盒12个 不支持7天无理由退换货""}",https://img.alicdn.com/imgextra/i2/2885348004/O1CN01XPfL3c28ztGacKpts_!!4611686018427382436-0-item_pic.jpg | https://img.alicdn.com/imgextra/i3/2885348004/O1CN01T1ORt128ztCrMRYzx_!!2885348004.jpg | https://img.alicdn.com/imgextra/i3/2885348004/O1CN01e1uLfS28ztCq73Hnj_!!2885348004.jpg | https://img.alicdn.com/imgextra/i3/2885348004/O1CN01c8hLkW28ztGaksD0F_!!2885348004.jpg | https://img.alicdn.com/imgextra/i1/2885348004/O1CN01RCyk6M28ztCrIPSkT_!!2885348004.jpg,imgs/962326877193_01.jpg | imgs/962326877193_02.jpg | imgs/962326877193_03.jpg | imgs/962326877193_04.jpg | imgs/962326877193_05.jpg
POPMART泡泡玛特漫威穿越无限系列手办盲盒玩具摆件礼物,https://popmart.world.tmall.com/shop/view_shop.htm,https://popmart.world.tmall.com/shop/view_shop.htm,done,泡泡玛特旗舰店,https://detail.tmall.com/item.htm?id=1000941244128,1000941244128,"{""combos"": [{""款式描述"": {""values"": [""随机1个 不支持7天无理由退换货""], ""selected"": ""随机1个 不支持7天无理由退换货""}, ""大小"": {""values"": [""盲盒随机不指定，不支持无理由退货退款""], ""selected"": ""盲盒随机不指定，不支持无理由退货退款""}, ""_combo_price"": ""款式描述=随机1个 不支持7天无理由退换货 | 大小=盲盒随机不指定，不支持无理由退货退款 | 平台加补后￥60""}, {""款式描述"": {""values"": [""随机1个 不支持7天无理由退换货"", ""整盒12个 不支持7天无理由退换货""], ""selected"": ""整盒12个 不支持7天无理由退换货""}, ""大小"": {""values"": [""盲盒随机不指定，不支持无理由退货退款""], ""selected"": ""盲盒随机不指定，不支持无理由退货退款""}, ""_combo_price"": ""款式描述=整盒12个 不支持7天无理由退换货 | 大小=盲盒随机不指定，不支持无理由退货退款 | 平台加补后￥742""}]}",款式描述=随机1个 不支持7天无理由退换货 | 大小=盲盒随机不指定，不支持无理由退货退款 | 平台加补后￥60 || 款式描述=整盒12个 不支持7天无理由退换货 | 大小=盲盒随机不指定，不支持无理由退货退款 | 平台加补后￥742,"{""IP"": ""漫威"", ""出售状态"": ""现货"", ""品牌"": ""POP MART/泡泡玛特"", ""系列名"": ""漫威穿越无限系列手办"", ""款式类型"": ""常规款 隐藏款"", ""大小"": ""盲盒随机不指定，不支持无理由退货退款"", ""款式描述"": ""随机1个 不支持7天无理由退换货 整盒12个 不支持7天无理由退换货""}",https://img.alicdn.com/imgextra/i4/2885348004/O1CN01HUi6J228ztGbJ2Dtw_!!4611686018427382436-0-item_pic.jpg | https://img.alicdn.com/imgextra/i2/2885348004/O1CN01Vmc5aC28ztDedOZpC_!!2885348004.jpg | https://img.alicdn.com/imgextra/i2/2885348004/O1CN01UBNA9228ztDetwgKe_!!2885348004.jpg | https://img.alicdn.com/imgextra/i3/2885348004/O1CN01c8hLkW28ztGaksD0F_!!2885348004.jpg | https://img.alicdn.com/imgextra/i1/2885348004/O1CN01p4pQGh28ztDetuXJz_!!2885348004.jpg,imgs/1000941244128_00.jpg | imgs/1000941244128_01.jpg | imgs/1000941244128_02.jpg | imgs/1000941244128_03.jpg | imgs/1000941244128_04.jpg
泡泡玛特THE MONSTERS心底密码系列字母挂件盲盒LABUBU礼物,https://popmart.world.tmall.com/shop/view_shop.htm,https://popmart.world.tmall.com/shop/view_shop.htm,done,泡泡玛特旗舰店,https://detail.tmall.com/item.htm?id=961645278938,961645278938,"{""combos"": [{""款式描述"": {""values"": [""(A-M)随机1个 不支持7天无理由退换货""], ""selected"": ""(A-M)随机1个 不支持7天无理由退换货""}, ""大小"": {""values"": [""盲盒随机不指定，不支持无理由退货退款""], ""selected"": ""盲盒随机不指定，不支持无理由退货退款""}, ""_combo_price"": ""款式描述=(A-M)随机1个 不支持7天无理由退换货 | 大小=盲盒随机不指定，不支持无理由退货退款 | ￥59""}, {""款式描述"": {""values"": [""(A-M)随机1个 不支持7天无理由退换货"", ""(A-M)整盒14个 不支持7天无理由退换货""], ""selected"": ""(A-M)整盒14个 不支持7天无理由退换货""}, ""大小"": {""values"": [""盲盒随机不指定，不支持无理由退货退款""], ""selected"": ""盲盒随机不指定，不支持无理由退货退款""}, ""_combo_price"": ""款式描述=(A-M)整盒14个 不支持7天无理由退换货 | 大小=盲盒随机不指定，不支持无理由退货退款 | ￥826""}, {""款式描述"": {""values"": [""(A-M)随机1个 不支持7天无理由退换货"", ""(A-M)整盒14个 不支持7天无理由退换货"", ""(N-Z)随机1个 不支持7天无理由退换货""], ""selected"": ""(N-Z)随机1个 不支持7天无理由退换货""}, ""大小"": {""values"": [""盲盒随机不指定，不支持无理由退货退款""], ""selected"": ""盲盒随机不指定，不支持无理由退货退款""}, ""_combo_price"": ""款式描述=(N-Z)随机1个 不支持7天无理由退换货 | 大小=盲盒随机不指定，不支持无理由退货退款 | ￥59""}, {""款式描述"": {""values"": [""(A-M)随机1个 不支持7天无理由退换货"", ""(A-M)整盒14个 不支持7天无理由退换货"", ""(N-Z)随机1个 不支持7天无理由退换货"", ""(N-Z)整盒14个 不支持7天无理由退换货""], ""selected"": ""(N-Z)整盒14个 不支持7天无理由退换货""}, ""大小"": {""values"": [""盲盒随机不指定，不支持无理由退货退款""], ""selected"": ""盲盒随机不指定，不支持无理由退货退款""}, ""_combo_price"": ""款式描述=(N-Z)整盒14个 不支持7天无理由退换货 | 大小=盲盒随机不指定，不支持无理由退货退款 | ￥826""}]}",款式描述=(A-M)随机1个 不支持7天无理由退换货 | 大小=盲盒随机不指定，不支持无理由退货退款 | ￥59 || 款式描述=(A-M)整盒14个 不支持7天无理由退换货 | 大小=盲盒随机不指定，不支持无理由退货退款 | ￥826 || 款式描述=(N-Z)随机1个 不支持7天无理由退换货 | 大小=盲盒随机不指定，不支持无理由退货退款 | ￥59 || 款式描述=(N-Z)整盒14个 不支持7天无理由退换货 | 大小=盲盒随机不指定，不支持无理由退货退款 | ￥826,"{""IP"": ""THE MONSTERS"", ""出售状态"": ""现货"", ""品牌"": ""POP MART/泡泡玛特"", ""系列名"": ""THE MONSTERS心底密码系列 - 字母挂件盲盒"", ""款式类型"": ""常规款 隐藏款"", ""大小"": ""盲盒随机不指定，不支持无理由退货退款"", ""款式描述"": ""(A-M)随机1个 不支持7天无理由退换货 (A-M)整盒14个 不支持7天无理由退换货 (N-Z)随机1个 不支持7天无理由退换货 (N-Z)整盒14个 不支持7天无理由退换货""}",https://img.alicdn.com/imgextra/i4/2885348004/O1CN01qjKYhn28ztGap7cgV_!!4611686018427382436-0-item_pic.jpg | https://img.alicdn.com/imgextra/i3/2885348004/O1CN01EZBx6928ztCDWTLZW_!!2885348004.jpg | https://img.alicdn.com/imgextra/i1/2885348004/O1CN017bCwRk28ztCAu4TJN_!!2885348004.jpg | https://img.alicdn.com/imgextra/i3/2885348004/O1CN01c8hLkW28ztGaksD0F_!!2885348004.jpg | https://img.alicdn.com/imgextra/i4/2885348004/O1CN015O00SX28ztCCqDGsf_!!2885348004.jpg,imgs/961645278938_00.jpg | imgs/961645278938_01.jpg | imgs/961645278938_02.jpg | imgs/961645278938_03.jpg | imgs/961645278938_04.jpg
POPMART泡泡玛特MEGA SPACE MOLLY 100%周年2 A盲盒礼物,https://popmart.world.tmall.com/shop/view_shop.htm,https://popmart.world.tmall.com/shop/view_shop.htm,done,泡泡玛特旗舰店,https://detail.tmall.com/item.htm?id=718969569852,718969569852,"{""combos"": [{""款式描述"": {""values"": [""随机1个 不支持7天无理由退换货""], ""selected"": ""随机1个 不支持7天无理由退换货""}, ""大小"": {""values"": [""盲盒随机不指定，不支持无理由退货退款""], ""selected"": ""盲盒随机不指定，不支持无理由退货退款""}, ""_combo_price"": ""款式描述=随机1个 不支持7天无理由退换货 | 大小=盲盒随机不指定，不支持无理由退货退款 | ￥79""}, {""款式描述"": {""values"": [""随机1个 不支持7天无理由退换货"", ""整盒9个 不支持7天无理由退换货""], ""selected"": ""整盒9个 不支持7天无理由退换货""}, ""大小"": {""values"": [""盲盒随机不指定，不支持无理由退货退款""], ""selected"": ""盲盒随机不指定，不支持无理由退货退款""}, ""_combo_price"": ""款式描述=整盒9个 不支持7天无理由退换货 | 大小=盲盒随机不指定，不支持无理由退货退款 | ￥711""}]}",款式描述=随机1个 不支持7天无理由退换货 | 大小=盲盒随机不指定，不支持无理由退货退款 | ￥79 || 款式描述=整盒9个 不支持7天无理由退换货 | 大小=盲盒随机不指定，不支持无理由退货退款 | ￥711,"{""IP"": ""MEGA"", ""出售状态"": ""现货"", ""品牌"": ""POP MART/泡泡玛特"", ""系列名"": ""MEGA SPACE MOLLY 100%周年系列2 A"", ""大小"": ""盲盒随机不指定，不支持无理由退货退款"", ""款式描述"": ""随机1个 不支持7天无理由退换货 整盒9个 不支持7天无理由退换货""}",https://img.alicdn.com/imgextra/i3/2885348004/O1CN01JjSEQQ28ztGAZ093j_!!4611686018427382436-0-item_pic.jpg | https://img.alicdn.com/imgextra/i4/2885348004/O1CN01VpYMIS28zt7m2FbjF_!!2885348004.jpg | https://img.alicdn.com/imgextra/i3/2885348004/O1CN01QQJfMU28zt7lz6edP_!!2885348004.jpg | https://img.alicdn.com/imgextra/i2/2885348004/O1CN01AI4sjd28zt7e9WX8w_!!2885348004.jpg | https://img.alicdn.com/imgextra/i2/2885348004/O1CN01xc0V9Z28zt7mheldm_!!2885348004.jpg,imgs/718969569852_00.jpg | imgs/718969569852_01.jpg | imgs/718969569852_02.jpg | imgs/718969569852_03.jpg | imgs/718969569852_04.jpg
POPMART泡泡玛特泡泡萌粒咖啡工厂系列蜡烛香氛盲盒家居摆件礼物,https://popmart.world.tmall.com/shop/view_shop.htm,https://popmart.world.tmall.com/shop/view_shop.htm,done,泡泡玛特旗舰店,https://detail.tmall.com/item.htm?id=971559024276,971559024276,"{""combos"": [{""款式描述"": {""values"": [""随机1个 不支持7天无理由退换货""], ""selected"": ""随机1个 不支持7天无理由退换货""}, ""大小"": {""values"": [""盲盒随机不指定，不支持无理由退货退款""], ""selected"": ""盲盒随机不指定，不支持无理由退货退款""}, ""_combo_price"": ""款式描述=随机1个 不支持7天无理由退换货 | 大小=盲盒随机不指定，不支持无理由退货退款 | ￥99""}, {""款式描述"": {""values"": [""随机1个 不支持7天无理由退换货"", ""整盒8个 不支持7天无理由退换货""], ""selected"": ""整盒8个 不支持7天无理由退换货""}, ""大小"": {""values"": [""盲盒随机不指定，不支持无理由退货退款""], ""selected"": ""盲盒随机不指定，不支持无理由退货退款""}, ""_combo_price"": ""款式描述=整盒8个 不支持7天无理由退换货 | 大小=盲盒随机不指定，不支持无理由退货退款 | ￥792""}]}",款式描述=随机1个 不支持7天无理由退换货 | 大小=盲盒随机不指定，不支持无理由退货退款 | ￥99 || 款式描述=整盒8个 不支持7天无理由退换货 | 大小=盲盒随机不指定，不支持无理由退货退款 | ￥792,"{""IP"": ""泡泡萌粒 咖啡工厂"", ""出售状态"": ""现货"", ""品牌"": ""POP MART/泡泡玛特"", ""系列名"": ""泡泡萌粒 咖啡工厂系列 蜡烛香氛"", ""款式类型"": ""常规款"", ""大小"": ""盲盒随机不指定，不支持无理由退货退款"", ""款式描述"": ""随机1个 不支持7天无理由退换货 整盒8个 不支持7天无理由退换货""}",https://img.alicdn.com/imgextra/i3/2885348004/O1CN01HG9Ncy28ztGaQylzk_!!4611686018427382436-0-item_pic.jpg | https://img.alicdn.com/imgextra/i2/2885348004/O1CN01D8q1VC28ztCUrcbYo_!!2885348004.jpg | https://img.alicdn.com/imgextra/i4/2885348004/O1CN01lWTDrt28ztCTf52Tl_!!2885348004.jpg | https://img.alicdn.com/imgextra/i3/2885348004/O1CN01c8hLkW28ztGaksD0F_!!2885348004.jpg | https://img.alicdn.com/imgextra/i2/2885348004/O1CN01VBtWxA28ztCTkIUFA_!!2885348004.jpg,imgs/971559024276_00.jpg | imgs/971559024276_01.jpg | imgs/971559024276_02.jpg | imgs/971559024276_03.jpg | imgs/971559024276_04.jpg
POPMART泡泡玛特泡泡萌粒庆祝这一刻系列公仔(1粒装)盲袋礼物,https://popmart.world.tmall.com/shop/view_shop.htm,https://popmart.world.tmall.com/shop/view_shop.htm,done,泡泡玛特旗舰店,https://detail.tmall.com/item.htm?id=980995540819,980995540819,"{""combos"": [{""款式描述"": {""values"": [""随机1粒/袋 不支持7天无理由退换货""], ""selected"": ""随机1粒/袋 不支持7天无理由退换货""}, ""大小"": {""values"": [""盲盒随机不指定，不支持无理由退货退款""], ""selected"": ""盲盒随机不指定，不支持无理由退货退款""}, ""_combo_price"": ""款式描述=随机1粒/袋 不支持7天无理由退换货 | 大小=盲盒随机不指定，不支持无理由退货退款 | ￥19""}, {""款式描述"": {""values"": [""随机1粒/袋 不支持7天无理由退换货"", ""整端28粒 不支持7天无理由退换货""], ""selected"": ""整端28粒 不支持7天无理由退换货""}, ""大小"": {""values"": [""盲盒随机不指定，不支持无理由退货退款""], ""selected"": ""盲盒随机不指定，不支持无理由退货退款""}, ""_combo_price"": ""款式描述=整端28粒 不支持7天无理由退换货 | 大小=盲盒随机不指定，不支持无理由退货退款 | ￥532""}]}",款式描述=随机1粒/袋 不支持7天无理由退换货 | 大小=盲盒随机不指定，不支持无理由退货退款 | ￥19 || 款式描述=整端28粒 不支持7天无理由退换货 | 大小=盲盒随机不指定，不支持无理由退货退款 | ￥532,"{""IP"": ""泡泡萌粒"", ""出售状态"": ""现货"", ""品牌"": ""POP MART/泡泡玛特"", ""系列名"": ""泡泡萌粒 庆祝这一刻系列公仔（1粒装）"", ""款式类型"": ""常规款 隐藏款"", ""大小"": ""盲盒随机不指定，不支持无理由退货退款"", ""款式描述"": ""随机1粒/袋 不支持7天无理由退换货 整端28粒 不支持7天无理由退换货""}",https://img.alicdn.com/imgextra/i3/2885348004/O1CN01C9aavV28ztGcIcLuv_!!4611686018427382436-0-item_pic.jpg | https://img.alicdn.com/imgextra/i4/2885348004/O1CN01b0sRND28ztCyJD5dC_!!2885348004.jpg | https://img.alicdn.com/imgextra/i4/2885348004/O1CN01NrwIie28ztCweBijL_!!2885348004.jpg | https://img.alicdn.com/imgextra/i3/2885348004/O1CN01c8hLkW28ztGaksD0F_!!2885348004.jpg | https://img.alicdn.com/imgextra/i1/2885348004/O1CN01O02Fy828ztCrunmmT_!!2885348004.jpg,imgs/980995540819_00.jpg | imgs/980995540819_01.jpg | imgs/980995540819_02.jpg | imgs/980995540819_03.jpg | imgs/980995540819_04.jpg
POPMART泡泡玛特DIMOO绅士系列1/8可动人偶盲盒玩具礼物,https://popmart.world.tmall.com/shop/view_shop.htm,https://popmart.world.tmall.com/shop/view_shop.htm,done,泡泡玛特旗舰店,https://detail.tmall.com/item.htm?id=961157867311,961157867311,"{""combos"": [{""款式描述"": {""values"": [""随机1个(限购2个) 不支持7天无理由退换货""], ""selected"": ""随机1个(限购2个) 不支持7天无理由退换货""}, ""大小"": {""values"": [""盲盒随机不指定，不支持无理由退货退款""], ""selected"": ""盲盒随机不指定，不支持无理由退货退款""}, ""_combo_price"": ""款式描述=随机1个(限购2个) 不支持7天无理由退换货 | 大小=盲盒随机不指定，不支持无理由退货退款 | ￥399""}, {""款式描述"": {""values"": [""随机1个(限购2个) 不支持7天无理由退换货"", ""整盒2个(限购1盒) 不支持7天无理由退换货""], ""selected"": ""整盒2个(限购1盒) 不支持7天无理由退换货""}, ""大小"": {""values"": [""盲盒随机不指定，不支持无理由退货退款""], ""selected"": ""盲盒随机不指定，不支持无理由退货退款""}, ""_combo_price"": ""款式描述=整盒2个(限购1盒) 不支持7天无理由退换货 | 大小=盲盒随机不指定，不支持无理由退货退款 | ￥798""}]}",款式描述=随机1个(限购2个) 不支持7天无理由退换货 | 大小=盲盒随机不指定，不支持无理由退货退款 | ￥399 || 款式描述=整盒2个(限购1盒) 不支持7天无理由退换货 | 大小=盲盒随机不指定，不支持无理由退货退款 | ￥798,"{""IP"": ""DIMOO"", ""出售状态"": ""现货"", ""品牌"": ""POP MART/泡泡玛特"", ""系列名"": ""DIMOO绅士系列1/8可动人偶"", ""款式类型"": ""常规款"", ""大小"": ""盲盒随机不指定，不支持无理由退货退款"", ""款式描述"": ""随机1个(限购2个) 不支持7天无理由退换货 整盒2个(限购1盒) 不支持7天无理由退换货""}",https://img.alicdn.com/imgextra/i4/2885348004/O1CN01mcSAx528ztGap5sZX_!!4611686018427382436-0-item_pic.jpg | https://img.alicdn.com/imgextra/i3/2885348004/O1CN01h5MyH828ztCCKRH37_!!2885348004.jpg | https://img.alicdn.com/imgextra/i2/2885348004/O1CN01LE3ew228ztCCjfe0m_!!2885348004.jpg | https://img.alicdn.com/imgextra/i3/2885348004/O1CN01c8hLkW28ztGaksD0F_!!2885348004.jpg | https://img.alicdn.com/imgextra/i3/2885348004/O1CN017i7VuD28ztCBpNiuU_!!2885348004.jpg,imgs/961157867311_00.jpg | imgs/961157867311_01.jpg | imgs/961157867311_02.jpg | imgs/961157867311_03.jpg | imgs/961157867311_04.jpg
POPMART泡泡玛特小野Hirono 庇护所系列盲盒玩具摆件礼物,https://popmart.world.tmall.com/shop/view_shop.htm,https://popmart.world.tmall.com/shop/view_shop.htm,done,泡泡玛特旗舰店,https://detail.tmall.com/item.htm?id=814254757468,814254757468,"{""combos"": [{""款式描述"": {""values"": [""随机1个 不支持7天无理由退换货""], ""selected"": ""随机1个 不支持7天无理由退换货""}, ""大小"": {""values"": [""盲盒随机不指定，不支持无理由退货退款""], ""selected"": ""盲盒随机不指定，不支持无理由退货退款""}, ""_combo_price"": ""款式描述=随机1个 不支持7天无理由退换货 | 大小=盲盒随机不指定，不支持无理由退货退款 | ￥69""}, {""款式描述"": {""values"": [""随机1个 不支持7天无理由退换货"", ""整盒12个 不支持7天无理由退换货""], ""selected"": ""整盒12个 不支持7天无理由退换货""}, ""大小"": {""values"": [""盲盒随机不指定，不支持无理由退货退款""], ""selected"": ""盲盒随机不指定，不支持无理由退货退款""}, ""_combo_price"": ""款式描述=整盒12个 不支持7天无理由退换货 | 大小=盲盒随机不指定，不支持无理由退货退款 | ￥828""}]}",款式描述=随机1个 不支持7天无理由退换货 | 大小=盲盒随机不指定，不支持无理由退货退款 | ￥69 || 款式描述=整盒12个 不支持7天无理由退换货 | 大小=盲盒随机不指定，不支持无理由退货退款 | ￥828,"{""品牌"": ""POP MART/泡泡玛特"", ""系列名"": ""Hirono 庇护所系列"", ""款式类型"": ""常规款 隐藏款"", ""大小"": ""盲盒随机不指定，不支持无理由退货退款"", ""款式描述"": ""随机1个 不支持7天无理由退换货 整盒12个 不支持7天无理由退换货""}",https://img.alicdn.com/imgextra/i2/2885348004/O1CN01louxyp28ztGaRNBwa_!!4611686018427382436-0-item_pic.jpg | https://img.alicdn.com/imgextra/i1/2885348004/O1CN01Zwh4vs28zt59N7ZiU_!!2885348004.jpg | https://img.alicdn.com/imgextra/i4/2885348004/O1CN01O5qNJk28zt57oKbY0_!!2885348004.jpg | https://img.alicdn.com/imgextra/i3/2885348004/O1CN01c8hLkW28ztGaksD0F_!!2885348004.jpg | https://img.alicdn.com/imgextra/i4/2885348004/O1CN01gKdv9S28zt5BbfprH_!!2885348004.jpg,imgs/814254757468_01.jpg | imgs/814254757468_02.jpg | imgs/814254757468_03.jpg | imgs/814254757468_04.jpg | imgs/814254757468_05.jpg
POPMART泡泡玛特米奇家族萌在一起挂件手办盲盒玩具礼物,https://popmart.world.tmall.com/shop/view_shop.htm,https://popmart.world.tmall.com/shop/view_shop.htm,done,泡泡玛特旗舰店,https://detail.tmall.com/item.htm?id=890786650443,890786650443,"{""combos"": [{""款式描述"": {""values"": [""随机1个 不支持7天无理由退换货""], ""selected"": ""随机1个 不支持7天无理由退换货""}, ""大小"": {""values"": [""盲盒随机不指定，不支持无理由退货退款""], ""selected"": ""盲盒随机不指定，不支持无理由退货退款""}, ""_combo_price"": ""款式描述=随机1个 不支持7天无理由退换货 | 大小=盲盒随机不指定，不支持无理由退货退款 | ￥99""}, {""款式描述"": {""values"": [""随机1个 不支持7天无理由退换货"", ""整盒8个 不支持7天无理由退换货""], ""selected"": ""整盒8个 不支持7天无理由退换货""}, ""大小"": {""values"": [""盲盒随机不指定，不支持无理由退货退款""], ""selected"": ""盲盒随机不指定，不支持无理由退货退款""}, ""_combo_price"": ""款式描述=整盒8个 不支持7天无理由退换货 | 大小=盲盒随机不指定，不支持无理由退货退款 | ￥792""}]}",款式描述=随机1个 不支持7天无理由退换货 | 大小=盲盒随机不指定，不支持无理由退货退款 | ￥99 || 款式描述=整盒8个 不支持7天无理由退换货 | 大小=盲盒随机不指定，不支持无理由退货退款 | ￥792,"{""IP"": ""Disney-米奇家族"", ""出售状态"": ""现货"", ""品牌"": ""POP MART/泡泡玛特"", ""系列名"": ""米奇家族萌在一起挂件系列手办"", ""大小"": ""盲盒随机不指定，不支持无理由退货退款"", ""款式描述"": ""随机1个 不支持7天无理由退换货 整盒8个 不支持7天无理由退换货""}",https://img.alicdn.com/imgextra/i2/2885348004/O1CN01w2ge2u28ztGannjpT_!!4611686018427382436-0-item_pic.jpg | https://img.alicdn.com/imgextra/i3/2885348004/O1CN01tLFbqz28zt96O471h_!!2885348004.jpg | https://img.alicdn.com/imgextra/i1/2885348004/O1CN01s3GWHG28zt96O32X9_!!2885348004.jpg | https://img.alicdn.com/imgextra/i3/2885348004/O1CN01c8hLkW28ztGaksD0F_!!2885348004.jpg | https://img.alicdn.com/imgextra/i3/2885348004/O1CN01NwvRY828zt93LgRHQ_!!2885348004.jpg,imgs/890786650443_00.jpg | imgs/890786650443_01.jpg | imgs/890786650443_02.jpg | imgs/890786650443_03.jpg | imgs/890786650443_04.jpg
POPMART泡泡玛特Zsiga × 爱心小熊系列手办盲盒玩具摆件礼物,https://popmart.world.tmall.com/shop/view_shop.htm,https://popmart.world.tmall.com/shop/view_shop.htm,done,泡泡玛特旗舰店,https://detail.tmall.com/item.htm?id=969725931046,969725931046,"{""combos"": [{""款式描述"": {""values"": [""随机1个 不支持7天无理由退换货""], ""selected"": ""随机1个 不支持7天无理由退换货""}, ""大小"": {""values"": [""盲盒随机不指定，不支持无理由退货退款""], ""selected"": ""盲盒随机不指定，不支持无理由退货退款""}, ""_combo_price"": ""款式描述=随机1个 不支持7天无理由退换货 | 大小=盲盒随机不指定，不支持无理由退货退款 | ￥79""}, {""款式描述"": {""values"": [""随机1个 不支持7天无理由退换货"", ""整盒12个 不支持7天无理由退换货""], ""selected"": ""整盒12个 不支持7天无理由退换货""}, ""大小"": {""values"": [""盲盒随机不指定，不支持无理由退货退款""], ""selected"": ""盲盒随机不指定，不支持无理由退货退款""}, ""_combo_price"": ""款式描述=整盒12个 不支持7天无理由退换货 | 大小=盲盒随机不指定，不支持无理由退货退款 | ￥948""}]}",款式描述=随机1个 不支持7天无理由退换货 | 大小=盲盒随机不指定，不支持无理由退货退款 | ￥79 || 款式描述=整盒12个 不支持7天无理由退换货 | 大小=盲盒随机不指定，不支持无理由退货退款 | ￥948,"{""IP"": ""Zsiga"", ""出售状态"": ""现货"", ""品牌"": ""POP MART/泡泡玛特"", ""系列名"": ""Zsiga × 爱心小熊系列手办"", ""款式类型"": ""常规款 隐藏款"", ""大小"": ""盲盒随机不指定，不支持无理由退货退款"", ""款式描述"": ""随机1个 不支持7天无理由退换货 整盒12个 不支持7天无理由退换货""}",https://img.alicdn.com/imgextra/i3/2885348004/O1CN01yyXaXa28ztGat0s1F_!!4611686018427382436-0-item_pic.jpg | https://img.alicdn.com/imgextra/i3/2885348004/O1CN01SNS95V28ztCYbqn10_!!2885348004.jpg | https://img.alicdn.com/imgextra/i2/2885348004/O1CN01hKTeAw28ztCZaMYZM_!!2885348004.jpg | https://img.alicdn.com/imgextra/i3/2885348004/O1CN01c8hLkW28ztGaksD0F_!!2885348004.jpg | https://img.alicdn.com/imgextra/i2/2885348004/O1CN01OwiBOf28ztCZExIeH_!!2885348004.jpg,imgs/969725931046_01.jpg | imgs/969725931046_02.jpg | imgs/969725931046_03.jpg | imgs/969725931046_04.jpg | imgs/969725931046_05.jpg
POPMART泡泡玛特SKULLPANDA餐桌系列香氛挂饰盲盒家居礼物,https://popmart.world.tmall.com/shop/view_shop.htm,https://popmart.world.tmall.com/shop/view_shop.htm,done,泡泡玛特旗舰店,https://detail.tmall.com/item.htm?id=988657985222,988657985222,"{""combos"": [{""款式描述"": {""values"": [""随机1个 不支持7天无理由退换货""], ""selected"": ""随机1个 不支持7天无理由退换货""}, ""大小"": {""values"": [""盲盒随机不指定，不支持无理由退货退款""], ""selected"": ""盲盒随机不指定，不支持无理由退货退款""}, ""_combo_price"": ""款式描述=随机1个 不支持7天无理由退换货 | 大小=盲盒随机不指定，不支持无理由退货退款 | ￥129""}, {""款式描述"": {""values"": [""随机1个 不支持7天无理由退换货"", ""整盒6个 不支持7天无理由退换货""], ""selected"": ""整盒6个 不支持7天无理由退换货""}, ""大小"": {""values"": [""盲盒随机不指定，不支持无理由退货退款""], ""selected"": ""盲盒随机不指定，不支持无理由退货退款""}, ""_combo_price"": ""款式描述=整盒6个 不支持7天无理由退换货 | 大小=盲盒随机不指定，不支持无理由退货退款 | ￥774""}]}",款式描述=随机1个 不支持7天无理由退换货 | 大小=盲盒随机不指定，不支持无理由退货退款 | ￥129 || 款式描述=整盒6个 不支持7天无理由退换货 | 大小=盲盒随机不指定，不支持无理由退货退款 | ￥774,"{""IP"": ""SKULLPANDA"", ""出售状态"": ""现货"", ""品牌"": ""POP MART/泡泡玛特"", ""系列名"": ""SKULLPANDA餐桌系列香氛挂饰"", ""款式类型"": ""常规款 隐藏款"", ""大小"": ""盲盒随机不指定，不支持无理由退货退款"", ""款式描述"": ""随机1个 不支持7天无理由退换货 整盒6个 不支持7天无理由退换货""}",https://img.alicdn.com/imgextra/i1/2885348004/O1CN0116Uc9s28ztGYzzIuz_!!4611686018427382436-0-item_pic.jpg | https://img.alicdn.com/imgextra/i2/2885348004/O1CN01ajbK6A28ztD3M2wCB_!!2885348004.jpg | https://img.alicdn.com/imgextra/i3/2885348004/O1CN017rNGgA28ztD5QuXeB_!!2885348004.jpg | https://img.alicdn.com/imgextra/i3/2885348004/O1CN01c8hLkW28ztGaksD0F_!!2885348004.jpg | https://img.alicdn.com/imgextra/i1/2885348004/O1CN01F5JALx28ztD4YNg90_!!2885348004.jpg,imgs/988657985222_00.jpg | imgs/988657985222_01.jpg | imgs/988657985222_02.jpg | imgs/988657985222_03.jpg | imgs/988657985222_04.jpg
预售POPMART泡泡玛特泡泡萌粒 海岛度假系列装饰挂饰盲盒周边礼物,https://popmart.world.tmall.com/shop/view_shop.htm,https://popmart.world.tmall.com/shop/view_shop.htm,done,泡泡玛特旗舰店,https://detail.tmall.com/item.htm?id=1032918650695,1032918650695,"{""combos"": [{""款式描述"": {""values"": [""随机1个 不支持7天无理由退换货""], ""selected"": ""随机1个 不支持7天无理由退换货""}, ""大小"": {""values"": [""盲盒随机不指定，不支持无理由退货退款""], ""selected"": ""盲盒随机不指定，不支持无理由退货退款""}, ""_combo_price"": ""款式描述=随机1个 不支持7天无理由退换货 | 大小=盲盒随机不指定，不支持无理由退货退款 | ￥59""}, {""款式描述"": {""values"": [""随机1个 不支持7天无理由退换货"", ""整盒6个 不支持7天无理由退换货""], ""selected"": ""整盒6个 不支持7天无理由退换货""}, ""大小"": {""values"": [""盲盒随机不指定，不支持无理由退货退款""], ""selected"": ""盲盒随机不指定，不支持无理由退货退款""}, ""_combo_price"": ""款式描述=整盒6个 不支持7天无理由退换货 | 大小=盲盒随机不指定，不支持无理由退货退款 | ￥354""}]}",款式描述=随机1个 不支持7天无理由退换货 | 大小=盲盒随机不指定，不支持无理由退货退款 | ￥59 || 款式描述=整盒6个 不支持7天无理由退换货 | 大小=盲盒随机不指定，不支持无理由退货退款 | ￥354,"{""IP"": ""泡泡萌粒 海岛度假系列"", ""出售状态"": ""全款预售"", ""品牌"": ""POP MART/泡泡玛特"", ""系列名"": ""泡泡萌粒 海岛度假系列 装饰挂饰"", ""款式类型"": ""常规款 隐藏款"", ""大小"": ""盲盒随机不指定，不支持无理由退货退款"", ""款式描述"": ""随机1个 不支持7天无理由退换货 整盒6个 不支持7天无理由退换货""}",https://img.alicdn.com/imgextra/i1/2885348004/O1CN01Co2HYe28ztGacNeiw_!!4611686018427382436-0-item_pic.jpg | https://img.alicdn.com/imgextra/i1/2885348004/O1CN01KmhV1n28ztGGGoN77_!!2885348004.jpg | https://img.alicdn.com/imgextra/i2/2885348004/O1CN01ywrack28ztGFnoJ2U_!!2885348004.jpg | https://img.alicdn.com/imgextra/i3/2885348004/O1CN01c8hLkW28ztGaksD0F_!!2885348004.jpg | https://img.alicdn.com/imgextra/i2/2885348004/O1CN01zT4xvC28ztGHa6jH9_!!2885348004.jpg,imgs/1032918650695_00.jpg | imgs/1032918650695_01.jpg | imgs/1032918650695_02.jpg | imgs/1032918650695_03.jpg | imgs/1032918650695_04.jpg
POPMART泡泡玛特HACIPUPU动物贴贴系列手办盲盒玩具摆件礼物,https://popmart.world.tmall.com/shop/view_shop.htm,https://popmart.world.tmall.com/shop/view_shop.htm,done,泡泡玛特旗舰店,https://detail.tmall.com/item.htm?id=865731509569,865731509569,"{""combos"": [{""款式描述"": {""values"": [""随机1个 不支持7天无理由退换货""], ""selected"": ""随机1个 不支持7天无理由退换货""}, ""大小"": {""values"": [""盲盒随机不指定，不支持无理由退货退款""], ""selected"": ""盲盒随机不指定，不支持无理由退货退款""}, ""_combo_price"": ""款式描述=随机1个 不支持7天无理由退换货 | 大小=盲盒随机不指定，不支持无理由退货退款 | ￥89""}, {""款式描述"": {""values"": [""随机1个 不支持7天无理由退换货"", ""整盒12个 不支持7天无理由退换货""], ""selected"": ""整盒12个 不支持7天无理由退换货""}, ""大小"": {""values"": [""盲盒随机不指定，不支持无理由退货退款""], ""selected"": ""盲盒随机不指定，不支持无理由退货退款""}, ""_combo_price"": ""款式描述=整盒12个 不支持7天无理由退换货 | 大小=盲盒随机不指定，不支持无理由退货退款 | ￥1068""}]}",款式描述=随机1个 不支持7天无理由退换货 | 大小=盲盒随机不指定，不支持无理由退货退款 | ￥89 || 款式描述=整盒12个 不支持7天无理由退换货 | 大小=盲盒随机不指定，不支持无理由退货退款 | ￥1068,"{""IP"": ""HACIPUPU"", ""出售状态"": ""现货"", ""品牌"": ""POP MART/泡泡玛特"", ""系列名"": ""HACIPUPU动物贴贴系列手办"", ""大小"": ""盲盒随机不指定，不支持无理由退货退款"", ""款式描述"": ""随机1个 不支持7天无理由退换货 整盒12个 不支持7天无理由退换货""}",https://img.alicdn.com/imgextra/i2/2885348004/O1CN013Kxnp228ztGaROKgf_!!4611686018427382436-0-item_pic.jpg | https://img.alicdn.com/imgextra/i4/2885348004/O1CN015fHJ4L28zt8SKdKVg_!!2885348004.jpg | https://img.alicdn.com/imgextra/i3/2885348004/O1CN01PIhZqC28zt8XBsi1v_!!2885348004.jpg | https://img.alicdn.com/imgextra/i3/2885348004/O1CN01c8hLkW28ztGaksD0F_!!2885348004.jpg | https://img.alicdn.com/imgextra/i1/2885348004/O1CN01fKYEhJ28zt8SKcWa5_!!2885348004.jpg,imgs/865731509569_01.jpg | imgs/865731509569_02.jpg | imgs/865731509569_03.jpg | imgs/865731509569_04.jpg | imgs/865731509569_05.jpg
POPMART泡泡玛特Baby Molly果色添香系列香包挂件盲盒周边,https://popmart.world.tmall.com/shop/view_shop.htm,https://popmart.world.tmall.com/shop/view_shop.htm,done,泡泡玛特旗舰店,https://detail.tmall.com/item.htm?id=969773728537,969773728537,"{""combos"": [{""款式描述"": {""values"": [""随机1个(限购6个) 不支持7天无理由退换货""], ""selected"": ""随机1个(限购6个) 不支持7天无理由退换货""}, ""大小"": {""values"": [""盲盒随机不指定，不支持无理由退货退款""], ""selected"": ""盲盒随机不指定，不支持无理由退货退款""}, ""_combo_price"": ""款式描述=随机1个(限购6个) 不支持7天无理由退换货 | 大小=盲盒随机不指定，不支持无理由退货退款 | ￥99""}, {""款式描述"": {""values"": [""随机1个(限购6个) 不支持7天无理由退换货"", ""整盒6个(限购1盒) 不支持7天无理由退换货""], ""selected"": ""整盒6个(限购1盒) 不支持7天无理由退换货""}, ""大小"": {""values"": [""盲盒随机不指定，不支持无理由退货退款""], ""selected"": ""盲盒随机不指定，不支持无理由退货退款""}, ""_combo_price"": ""款式描述=整盒6个(限购1盒) 不支持7天无理由退换货 | 大小=盲盒随机不指定，不支持无理由退货退款 | ￥594""}]}",款式描述=随机1个(限购6个) 不支持7天无理由退换货 | 大小=盲盒随机不指定，不支持无理由退货退款 | ￥99 || 款式描述=整盒6个(限购1盒) 不支持7天无理由退换货 | 大小=盲盒随机不指定，不支持无理由退货退款 | ￥594,"{""IP"": ""Baby Molly"", ""出售状态"": ""现货"", ""品牌"": ""POP MART/泡泡玛特"", ""系列名"": ""Baby Molly果色添香系列-香包挂件盲盒"", ""款式类型"": ""常规款 隐藏款"", ""大小"": ""盲盒随机不指定，不支持无理由退货退款"", ""款式描述"": ""随机1个(限购6个) 不支持7天无理由退换货 整盒6个(限购1盒) 不支持7天无理由退换货""}",https://img.alicdn.com/imgextra/i1/2885348004/O1CN01UYCaLF28ztGYXshbn_!!4611686018427382436-0-item_pic.jpg | https://img.alicdn.com/imgextra/i2/2885348004/O1CN01FIrU5z28ztCBN5wwp_!!2885348004.jpg | https://img.alicdn.com/imgextra/i1/2885348004/O1CN01WC0jju28ztCCJ0Ze5_!!2885348004.jpg | https://img.alicdn.com/imgextra/i3/2885348004/O1CN01c8hLkW28ztGaksD0F_!!2885348004.jpg | https://img.alicdn.com/imgextra/i4/2885348004/O1CN01J0TNpW28ztCC0PHNd_!!2885348004.jpg,imgs/969773728537_00.jpg | imgs/969773728537_01.jpg | imgs/969773728537_02.jpg | imgs/969773728537_03.jpg | imgs/969773728537_04.jpg
POPMART泡泡玛特SKULLPANDA进退之门系列香薰蜡烛盲盒礼物,https://popmart.world.tmall.com/shop/view_shop.htm,https://popmart.world.tmall.com/shop/view_shop.htm,done,泡泡玛特旗舰店,https://detail.tmall.com/item.htm?id=936911214700,936911214700,"{""combos"": [{""款式描述"": {""values"": [""随机1个 不支持7天无理由退换货""], ""selected"": ""随机1个 不支持7天无理由退换货""}, ""大小"": {""values"": [""盲盒随机不指定，不支持无理由退货退款""], ""selected"": ""盲盒随机不指定，不支持无理由退货退款""}, ""_combo_price"": ""款式描述=随机1个 不支持7天无理由退换货 | 大小=盲盒随机不指定，不支持无理由退货退款 | ￥159""}, {""款式描述"": {""values"": [""随机1个 不支持7天无理由退换货"", ""整盒6个 不支持7天无理由退换货""], ""selected"": ""整盒6个 不支持7天无理由退换货""}, ""大小"": {""values"": [""盲盒随机不指定，不支持无理由退货退款""], ""selected"": ""盲盒随机不指定，不支持无理由退货退款""}, ""_combo_price"": ""款式描述=整盒6个 不支持7天无理由退换货 | 大小=盲盒随机不指定，不支持无理由退货退款 | ￥954""}]}",款式描述=随机1个 不支持7天无理由退换货 | 大小=盲盒随机不指定，不支持无理由退货退款 | ￥159 || 款式描述=整盒6个 不支持7天无理由退换货 | 大小=盲盒随机不指定，不支持无理由退货退款 | ￥954,"{""IP"": ""SKULLPANDA进退之门"", ""出售状态"": ""现货"", ""品牌"": ""POP MART/泡泡玛特"", ""系列名"": ""SKULLPANDA进退之门系列香薰蜡烛"", ""大小"": ""盲盒随机不指定，不支持无理由退货退款"", ""款式描述"": ""随机1个 不支持7天无理由退换货 整盒6个 不支持7天无理由退换货""}",https://img.alicdn.com/imgextra/i2/2885348004/O1CN014IIRZs28ztGaRBrcb_!!4611686018427382436-0-item_pic.jpg | https://img.alicdn.com/imgextra/i1/2885348004/O1CN01rNYyCb28ztAywOhlH_!!2885348004.jpg | https://img.alicdn.com/imgextra/i4/2885348004/O1CN013HRnEL28ztB1m4m0s_!!2885348004.jpg | https://img.alicdn.com/imgextra/i4/2885348004/O1CN012OVxAa28ztAzsFijv_!!2885348004.jpg,imgs/936911214700_00.jpg | imgs/936911214700_01.jpg | imgs/936911214700_02.jpg | imgs/936911214700_03.jpg
POPMART泡泡玛特拉布布THE MONSTERS怪味便利店系列随行杯LABUBU,https://popmart.world.tmall.com/shop/view_shop.htm,https://popmart.world.tmall.com/shop/view_shop.htm,done,泡泡玛特旗舰店,https://detail.tmall.com/item.htm?id=920958414583,920958414583,"{""combos"": [{""款式描述"": {""values"": [""随机1个(限购6个) 不支持7天无理由退换货""], ""selected"": ""随机1个(限购6个) 不支持7天无理由退换货""}, ""大小"": {""values"": [""盲盒随机不指定，不支持无理由退货退款""], ""selected"": ""盲盒随机不指定，不支持无理由退货退款""}, ""_combo_price"": ""款式描述=随机1个(限购6个) 不支持7天无理由退换货 | 大小=盲盒随机不指定，不支持无理由退货退款 | ￥129""}, {""款式描述"": {""values"": [""随机1个(限购6个) 不支持7天无理由退换货"", ""整盒6个(限购1盒) 不支持7天无理由退换货""], ""selected"": ""整盒6个(限购1盒) 不支持7天无理由退换货""}, ""大小"": {""values"": [""盲盒随机不指定，不支持无理由退货退款""], ""selected"": ""盲盒随机不指定，不支持无理由退货退款""}, ""_combo_price"": ""款式描述=整盒6个(限购1盒) 不支持7天无理由退换货 | 大小=盲盒随机不指定，不支持无理由退货退款 | ￥774""}]}",款式描述=随机1个(限购6个) 不支持7天无理由退换货 | 大小=盲盒随机不指定，不支持无理由退货退款 | ￥129 || 款式描述=整盒6个(限购1盒) 不支持7天无理由退换货 | 大小=盲盒随机不指定，不支持无理由退货退款 | ￥774,"{""品牌"": ""POP MART/泡泡玛特"", ""系列名"": ""THE MONSTERS怪味便利店系列-随行杯盲盒"", ""款式类型"": ""常规款 隐藏款"", ""大小"": ""盲盒随机不指定，不支持无理由退货退款"", ""款式描述"": ""随机1个(限购6个) 不支持7天无理由退换货 整盒6个(限购1盒) 不支持7天无理由退换货""}",https://img.alicdn.com/imgextra/i2/2885348004/O1CN01nQOQlU28ztGacoIEp_!!4611686018427382436-0-item_pic.jpg | https://img.alicdn.com/imgextra/i3/2885348004/O1CN01mdSYqa28ztAkxjjFF_!!2885348004.jpg | https://img.alicdn.com/imgextra/i4/2885348004/O1CN01dBO8Rq28ztAldrXg3_!!2885348004.jpg | https://img.alicdn.com/imgextra/i3/2885348004/O1CN01c8hLkW28ztGaksD0F_!!2885348004.jpg | https://img.alicdn.com/imgextra/i1/2885348004/O1CN01jLct1R28ztAjQ3RFW_!!2885348004.jpg,imgs/920958414583_00.jpg | imgs/920958414583_01.jpg | imgs/920958414583_02.jpg | imgs/920958414583_03.jpg | imgs/920958414583_04.jpg
POPMART泡泡玛特金铲铲之战小小英雄系列手办第二弹盲盒礼物,https://popmart.world.tmall.com/shop/view_shop.htm,https://popmart.world.tmall.com/shop/view_shop.htm,done,泡泡玛特旗舰店,https://detail.tmall.com/item.htm?id=977740958584,977740958584,"{""combos"": [{""款式描述"": {""values"": [""随机1个 不支持7天无理由退换货""], ""selected"": ""随机1个 不支持7天无理由退换货""}, ""大小"": {""values"": [""盲盒随机不指定，不支持无理由退货退款""], ""selected"": ""盲盒随机不指定，不支持无理由退货退款""}, ""_combo_price"": ""款式描述=随机1个 不支持7天无理由退换货 | 大小=盲盒随机不指定，不支持无理由退货退款 | 平台加补后￥59""}, {""款式描述"": {""values"": [""随机1个 不支持7天无理由退换货"", ""整盒12个 不支持7天无理由退换货""], ""selected"": ""整盒12个 不支持7天无理由退换货""}, ""大小"": {""values"": [""盲盒随机不指定，不支持无理由退货退款""], ""selected"": ""盲盒随机不指定，不支持无理由退货退款""}, ""_combo_price"": ""款式描述=整盒12个 不支持7天无理由退换货 | 大小=盲盒随机不指定，不支持无理由退货退款 | 平台加补后￥713""}]}",款式描述=随机1个 不支持7天无理由退换货 | 大小=盲盒随机不指定，不支持无理由退货退款 | 平台加补后￥59 || 款式描述=整盒12个 不支持7天无理由退换货 | 大小=盲盒随机不指定，不支持无理由退货退款 | 平台加补后￥713,"{""IP"": ""金铲铲"", ""出售状态"": ""现货"", ""品牌"": ""POP MART/泡泡玛特"", ""系列名"": ""金铲铲之战小小英雄系列手办第二弹"", ""款式类型"": ""常规款 隐藏款"", ""大小"": ""盲盒随机不指定，不支持无理由退货退款"", ""款式描述"": ""随机1个 不支持7天无理由退换货 整盒12个 不支持7天无理由退换货""}",https://img.alicdn.com/imgextra/i3/2885348004/O1CN01FdrLVO28ztGaRRDVr_!!4611686018427382436-0-item_pic.jpg | https://img.alicdn.com/imgextra/i4/2885348004/O1CN01YNUdIW28ztCYJ4Xj1_!!2885348004.jpg | https://img.alicdn.com/imgextra/i4/2885348004/O1CN01JTI83128ztCZfsXaC_!!2885348004.jpg | https://img.alicdn.com/imgextra/i3/2885348004/O1CN01c8hLkW28ztGaksD0F_!!2885348004.jpg | https://img.alicdn.com/imgextra/i2/2885348004/O1CN01IeNDMW28ztCZcs9qU_!!2885348004.jpg,imgs/977740958584_00.jpg | imgs/977740958584_01.jpg | imgs/977740958584_02.jpg | imgs/977740958584_03.jpg | imgs/977740958584_04.jpg
POPMART 泡泡玛特娃娃手办展示盒盲盒玩具手办透明防尘收纳盒,https://popmart.world.tmall.com/shop/view_shop.htm,https://popmart.world.tmall.com/shop/view_shop.htm,done,泡泡玛特旗舰店,https://detail.tmall.com/item.htm?id=671776772201,671776772201,"{""combos"": [{""颜色分类"": {""values"": [""POP展示盒1个（不含手办）""], ""selected"": ""POP展示盒1个（不含手办）""}, ""大小"": {""values"": [""7.5*7.5*12.5 CM""], ""selected"": ""7.5*7.5*12.5 CM""}, ""_combo_price"": ""颜色分类=POP展示盒1个（不含手办） | 大小=7.5*7.5*12.5 CM | ￥9.9""}, {""颜色分类"": {""values"": [""POP展示盒1个（不含手办）"", ""POP展示盒12个（不含手办）""], ""selected"": ""POP展示盒12个（不含手办）""}, ""大小"": {""values"": [""7.5*7.5*12.5 CM""], ""selected"": ""7.5*7.5*12.5 CM""}, ""_combo_price"": ""颜色分类=POP展示盒12个（不含手办） | 大小=7.5*7.5*12.5 CM | ￥118.8""}]}",颜色分类=POP展示盒1个（不含手办） | 大小=7.5*7.5*12.5 CM | ￥9.9 || 颜色分类=POP展示盒12个（不含手办） | 大小=7.5*7.5*12.5 CM | ￥118.8,"{""型号"": ""POP 单体展示盒"", ""大小"": ""7.5*7.5*12.5 CM"", ""销售状态"": ""现货"", ""颜色分类"": ""POP展示盒1个（不含手办） POP展示盒12个（不含手办）""}",https://img.alicdn.com/imgextra/i2/2885348004/O1CN01ilhLdS28ztGaswNIP_!!4611686018427382436-0-item_pic.jpg | https://img.alicdn.com/imgextra/i4/2885348004/O1CN011i1ZJT28zsrRFE5vk_!!0-item_pic.jpg | https://img.alicdn.com/imgextra/i4/2885348004/O1CN01yMbXYi28zsrF6IMFp_!!2885348004.jpg | https://img.alicdn.com/imgextra/i3/2885348004/O1CN01c8hLkW28ztGaksD0F_!!2885348004.jpg,imgs/671776772201_01.jpg | imgs/671776772201_02.jpg | imgs/671776772201_03.jpg | imgs/671776772201_04.jpg
POPMART泡泡玛特泡泡萌粒 毛绒绒暖呼呼系列公仔盲袋（1粒装）,https://popmart.world.tmall.com/shop/view_shop.htm,https://popmart.world.tmall.com/shop/view_shop.htm,done,泡泡玛特旗舰店,https://detail.tmall.com/item.htm?id=987081519778,987081519778,"{""combos"": [{""款式描述"": {""values"": [""随机1粒/袋 不支持7天无理由退换货""], ""selected"": ""随机1粒/袋 不支持7天无理由退换货""}, ""大小"": {""values"": [""盲盒随机不指定，不支持无理由退货退款""], ""selected"": ""盲盒随机不指定，不支持无理由退货退款""}, ""_combo_price"": ""款式描述=随机1粒/袋 不支持7天无理由退换货 | 大小=盲盒随机不指定，不支持无理由退货退款 | ￥19""}, {""款式描述"": {""values"": [""随机1粒/袋 不支持7天无理由退换货"", ""整端30粒 不支持7天无理由退换货""], ""selected"": ""整端30粒 不支持7天无理由退换货""}, ""大小"": {""values"": [""盲盒随机不指定，不支持无理由退货退款""], ""selected"": ""盲盒随机不指定，不支持无理由退货退款""}, ""_combo_price"": ""款式描述=整端30粒 不支持7天无理由退换货 | 大小=盲盒随机不指定，不支持无理由退货退款 | ￥570""}]}",款式描述=随机1粒/袋 不支持7天无理由退换货 | 大小=盲盒随机不指定，不支持无理由退货退款 | ￥19 || 款式描述=整端30粒 不支持7天无理由退换货 | 大小=盲盒随机不指定，不支持无理由退货退款 | ￥570,"{""IP"": ""泡泡萌粒"", ""出售状态"": ""现货"", ""品牌"": ""POP MART/泡泡玛特"", ""系列名"": ""泡泡萌粒 毛绒绒暖呼呼系列公仔（1粒装）"", ""款式类型"": ""常规款 隐藏款"", ""大小"": ""盲盒随机不指定，不支持无理由退货退款"", ""款式描述"": ""随机1粒/袋 不支持7天无理由退换货 整端30粒 不支持7天无理由退换货""}",https://img.alicdn.com/imgextra/i1/2885348004/O1CN01q5gFr328ztGaRP4VH_!!4611686018427382436-0-item_pic.jpg | https://img.alicdn.com/imgextra/i3/2885348004/O1CN01EoSidJ28ztDV8uxVR_!!2885348004.jpg | https://img.alicdn.com/imgextra/i4/2885348004/O1CN01JGmgn528ztDUIflEM_!!2885348004.jpg | https://img.alicdn.com/imgextra/i3/2885348004/O1CN01c8hLkW28ztGaksD0F_!!2885348004.jpg | https://img.alicdn.com/imgextra/i1/2885348004/O1CN01hUhWpI28ztDUUuEaN_!!2885348004.jpg,imgs/987081519778_00.jpg | imgs/987081519778_01.jpg | imgs/987081519778_02.jpg | imgs/987081519778_03.jpg | imgs/987081519778_04.jpg
POPMART泡泡玛特漫威钢铁侠编年史系列手办盲盒玩具摆件礼物,https://popmart.world.tmall.com/shop/view_shop.htm,https://popmart.world.tmall.com/shop/view_shop.htm,done,泡泡玛特旗舰店,https://detail.tmall.com/item.htm?id=1018520649230,1018520649230,"{""combos"": [{""款式描述"": {""values"": [""随机1个 不支持7天无理由退换货""], ""selected"": ""随机1个 不支持7天无理由退换货""}, ""大小"": {""values"": [""盲盒随机不指定，不支持无理由退货退款""], ""selected"": ""盲盒随机不指定，不支持无理由退货退款""}, ""_combo_price"": ""款式描述=随机1个 不支持7天无理由退换货 | 大小=盲盒随机不指定，不支持无理由退货退款 | ￥69""}, {""款式描述"": {""values"": [""随机1个 不支持7天无理由退换货"", ""整盒12个 不支持7天无理由退换货""], ""selected"": ""整盒12个 不支持7天无理由退换货""}, ""大小"": {""values"": [""盲盒随机不指定，不支持无理由退货退款""], ""selected"": ""盲盒随机不指定，不支持无理由退货退款""}, ""_combo_price"": ""款式描述=整盒12个 不支持7天无理由退换货 | 大小=盲盒随机不指定，不支持无理由退货退款 | ￥828""}]}",款式描述=随机1个 不支持7天无理由退换货 | 大小=盲盒随机不指定，不支持无理由退货退款 | ￥69 || 款式描述=整盒12个 不支持7天无理由退换货 | 大小=盲盒随机不指定，不支持无理由退货退款 | ￥828,"{""IP"": ""漫威钢铁侠"", ""出售状态"": ""现货"", ""品牌"": ""POP MART/泡泡玛特"", ""系列名"": ""漫威钢铁侠编年史系列手办"", ""款式类型"": ""常规款 隐藏款"", ""大小"": ""盲盒随机不指定，不支持无理由退货退款"", ""款式描述"": ""随机1个 不支持7天无理由退换货 整盒12个 不支持7天无理由退换货""}",https://img.alicdn.com/imgextra/i2/2885348004/O1CN014iwRTJ28ztGWKjEge_!!4611686018427382436-0-item_pic.jpg | https://img.alicdn.com/imgextra/i1/2885348004/O1CN01ztnglE28ztF0dI0jD_!!2885348004.jpg | https://img.alicdn.com/imgextra/i3/2885348004/O1CN01Hzf2Eb28ztF5wbPGP_!!2885348004.jpg | https://img.alicdn.com/imgextra/i3/2885348004/O1CN01c8hLkW28ztGaksD0F_!!2885348004.jpg | https://img.alicdn.com/imgextra/i1/2885348004/O1CN01wMwyVy28ztF5GMyWC_!!2885348004.jpg,imgs/1018520649230_00.jpg | imgs/1018520649230_01.jpg | imgs/1018520649230_02.jpg | imgs/1018520649230_03.jpg | imgs/1018520649230_04.jpg
POPMART泡泡玛特迪士尼米奇创意无界系列手办盲盒摆件玩具礼物,https://popmart.world.tmall.com/shop/view_shop.htm,https://popmart.world.tmall.com/shop/view_shop.htm,done,泡泡玛特旗舰店,https://detail.tmall.com/item.htm?id=1005917082120,1005917082120,"{""combos"": [{""款式描述"": {""values"": [""随机1个 不支持7天无理由退换货""], ""selected"": ""随机1个 不支持7天无理由退换货""}, ""大小"": {""values"": [""盲盒随机不指定，不支持无理由退货退款""], ""selected"": ""盲盒随机不指定，不支持无理由退货退款""}, ""_combo_price"": ""款式描述=随机1个 不支持7天无理由退换货 | 大小=盲盒随机不指定，不支持无理由退货退款 | ￥69""}, {""款式描述"": {""values"": [""随机1个 不支持7天无理由退换货"", ""整盒12个 不支持7天无理由退换货""], ""selected"": ""整盒12个 不支持7天无理由退换货""}, ""大小"": {""values"": [""盲盒随机不指定，不支持无理由退货退款""], ""selected"": ""盲盒随机不指定，不支持无理由退货退款""}, ""_combo_price"": ""款式描述=整盒12个 不支持7天无理由退换货 | 大小=盲盒随机不指定，不支持无理由退货退款 | ￥828""}]}",款式描述=随机1个 不支持7天无理由退换货 | 大小=盲盒随机不指定，不支持无理由退货退款 | ￥69 || 款式描述=整盒12个 不支持7天无理由退换货 | 大小=盲盒随机不指定，不支持无理由退货退款 | ￥828,"{""IP"": ""迪士尼"", ""出售状态"": ""现货"", ""品牌"": ""POP MART/泡泡玛特"", ""系列名"": ""迪士尼米奇创意无界系列手办"", ""款式类型"": ""常规款 隐藏款"", ""大小"": ""盲盒随机不指定，不支持无理由退货退款"", ""款式描述"": ""随机1个 不支持7天无理由退换货 整盒12个 不支持7天无理由退换货""}",https://img.alicdn.com/imgextra/i2/2885348004/O1CN01uXWrN228ztGabcBYq_!!4611686018427382436-0-item_pic.jpg | https://img.alicdn.com/imgextra/i2/2885348004/O1CN01pUUNCr28ztDyehRI6_!!2885348004.jpg | https://img.alicdn.com/imgextra/i1/2885348004/O1CN01q3mgAP28ztDyOGeS4_!!2885348004.jpg | https://img.alicdn.com/imgextra/i3/2885348004/O1CN01c8hLkW28ztGaksD0F_!!2885348004.jpg | https://img.alicdn.com/imgextra/i3/2885348004/O1CN01EfjKjh28ztDyOFF7f_!!2885348004.jpg,imgs/1005917082120_00.jpg | imgs/1005917082120_01.jpg | imgs/1005917082120_02.jpg | imgs/1005917082120_03.jpg | imgs/1005917082120_04.jpg
POPMART泡泡玛特CHAKA烛语系列手办盲盒玩具礼物摆件,https://popmart.world.tmall.com/shop/view_shop.htm,https://popmart.world.tmall.com/shop/view_shop.htm,done,泡泡玛特旗舰店,https://detail.tmall.com/item.htm?id=910835962508,910835962508,"{""combos"": [{""款式描述"": {""values"": [""随机1个 不支持7天无理由退换货""], ""selected"": ""随机1个 不支持7天无理由退换货""}, ""大小"": {""values"": [""盲盒随机不指定，不支持无理由退货退款""], ""selected"": ""盲盒随机不指定，不支持无理由退货退款""}, ""_combo_price"": ""款式描述=随机1个 不支持7天无理由退换货 | 大小=盲盒随机不指定，不支持无理由退货退款 | ￥69""}, {""款式描述"": {""values"": [""随机1个 不支持7天无理由退换货"", ""整盒12个 不支持7天无理由退换货""], ""selected"": ""整盒12个 不支持7天无理由退换货""}, ""大小"": {""values"": [""盲盒随机不指定，不支持无理由退货退款""], ""selected"": ""盲盒随机不指定，不支持无理由退货退款""}, ""_combo_price"": ""款式描述=整盒12个 不支持7天无理由退换货 | 大小=盲盒随机不指定，不支持无理由退货退款 | ￥828""}]}",款式描述=随机1个 不支持7天无理由退换货 | 大小=盲盒随机不指定，不支持无理由退货退款 | ￥69 || 款式描述=整盒12个 不支持7天无理由退换货 | 大小=盲盒随机不指定，不支持无理由退货退款 | ￥828,"{""IP"": ""CHAKA"", ""出售状态"": ""现货"", ""品牌"": ""POP MART/泡泡玛特"", ""系列名"": ""CHAKA烛语系列手办"", ""大小"": ""盲盒随机不指定，不支持无理由退货退款"", ""款式描述"": ""随机1个 不支持7天无理由退换货 整盒12个 不支持7天无理由退换货""}",https://img.alicdn.com/imgextra/i2/2885348004/O1CN010psHwe28ztGat0fUr_!!4611686018427382436-0-item_pic.jpg | https://img.alicdn.com/imgextra/i1/2885348004/O1CN01BCucut28ztAB2lvQ3_!!2885348004.jpg | https://img.alicdn.com/imgextra/i2/2885348004/O1CN01lmiS4D28ztAHB6dJP_!!2885348004.jpg | https://img.alicdn.com/imgextra/i3/2885348004/O1CN01c8hLkW28ztGaksD0F_!!2885348004.jpg | https://img.alicdn.com/imgextra/i3/2885348004/O1CN01LNf8by28ztAIFTBOI_!!2885348004.jpg,imgs/910835962508_01.jpg | imgs/910835962508_02.jpg | imgs/910835962508_03.jpg | imgs/910835962508_04.jpg | imgs/910835962508_05.jpg
POPMART泡泡玛特海绵宝宝 蟹黄堡美味热销系列手办盲盒玩具礼物,https://popmart.world.tmall.com/shop/view_shop.htm,https://popmart.world.tmall.com/shop/view_shop.htm,done,泡泡玛特旗舰店,https://detail.tmall.com/item.htm?id=1024953514282,1024953514282,"{""combos"": [{""款式描述"": {""values"": [""随机1个 不支持7天无理由退换货""], ""selected"": ""随机1个 不支持7天无理由退换货""}, ""大小"": {""values"": [""盲盒随机不指定，不支持无理由退货退款""], ""selected"": ""盲盒随机不指定，不支持无理由退货退款""}, ""_combo_price"": ""款式描述=随机1个 不支持7天无理由退换货 | 大小=盲盒随机不指定，不支持无理由退货退款 | ￥69""}, {""款式描述"": {""values"": [""随机1个 不支持7天无理由退换货"", ""整盒8个 不支持7天无理由退换货""], ""selected"": ""整盒8个 不支持7天无理由退换货""}, ""大小"": {""values"": [""盲盒随机不指定，不支持无理由退货退款""], ""selected"": ""盲盒随机不指定，不支持无理由退货退款""}, ""_combo_price"": ""款式描述=整盒8个 不支持7天无理由退换货 | 大小=盲盒随机不指定，不支持无理由退货退款 | ￥552""}]}",款式描述=随机1个 不支持7天无理由退换货 | 大小=盲盒随机不指定，不支持无理由退货退款 | ￥69 || 款式描述=整盒8个 不支持7天无理由退换货 | 大小=盲盒随机不指定，不支持无理由退货退款 | ￥552,"{""IP"": ""海绵宝宝"", ""出售状态"": ""现货"", ""品牌"": ""POP MART/泡泡玛特"", ""系列名"": ""海绵宝宝 蟹黄堡美味热销系列手办"", ""款式类型"": ""常规款 隐藏款"", ""大小"": ""盲盒随机不指定，不支持无理由退货退款"", ""款式描述"": ""随机1个 不支持7天无理由退换货 整盒8个 不支持7天无理由退换货""}",https://img.alicdn.com/imgextra/i2/2885348004/O1CN01HAVGGX28ztGat1oOo_!!4611686018427382436-0-item_pic.jpg | https://img.alicdn.com/imgextra/i4/2885348004/O1CN01DKpeqP28ztFo7ji8Z_!!2885348004.jpg | https://img.alicdn.com/imgextra/i3/2885348004/O1CN01uOTIHV28ztFoP8AF8_!!2885348004.jpg | https://img.alicdn.com/imgextra/i3/2885348004/O1CN01c8hLkW28ztGaksD0F_!!2885348004.jpg | https://img.alicdn.com/imgextra/i1/2885348004/O1CN0135OCni28ztFoZjONW_!!2885348004.jpg,imgs/1024953514282_01.jpg | imgs/1024953514282_02.jpg | imgs/1024953514282_03.jpg | imgs/1024953514282_04.jpg | imgs/1024953514282_05.jpg
泡泡玛特拉布布THE MONSTERS前方高能盲盒水晶球LABUBU礼物,https://popmart.world.tmall.com/shop/view_shop.htm,https://popmart.world.tmall.com/shop/view_shop.htm,done,泡泡玛特旗舰店,https://detail.tmall.com/item.htm?id=897198286960,897198286960,"{""combos"": [{""款式描述"": {""values"": [""随机1个 不支持7天无理由退换货""], ""selected"": ""随机1个 不支持7天无理由退换货""}, ""大小"": {""values"": [""盲盒随机不指定，不支持无理由退货退款""], ""selected"": ""盲盒随机不指定，不支持无理由退货退款""}, ""_combo_price"": ""款式描述=随机1个 不支持7天无理由退换货 | 大小=盲盒随机不指定，不支持无理由退货退款 | ￥99""}, {""款式描述"": {""values"": [""随机1个 不支持7天无理由退换货"", ""整盒6个 不支持7天无理由退换货""], ""selected"": ""整盒6个 不支持7天无理由退换货""}, ""大小"": {""values"": [""盲盒随机不指定，不支持无理由退货退款""], ""selected"": ""盲盒随机不指定，不支持无理由退货退款""}, ""_combo_price"": ""款式描述=整盒6个 不支持7天无理由退换货 | 大小=盲盒随机不指定，不支持无理由退货退款 | ￥594""}]}",款式描述=随机1个 不支持7天无理由退换货 | 大小=盲盒随机不指定，不支持无理由退货退款 | ￥99 || 款式描述=整盒6个 不支持7天无理由退换货 | 大小=盲盒随机不指定，不支持无理由退货退款 | ￥594,"{""IP"": ""THE MONSTERS"", ""出售状态"": ""现货"", ""品牌"": ""POP MART/泡泡玛特"", ""系列名"": ""THE MONSTERS 前方高能系列-盲盒水晶球"", ""款式类型"": ""常规款 隐藏款"", ""大小"": ""盲盒随机不指定，不支持无理由退货退款"", ""款式描述"": ""随机1个 不支持7天无理由退换货 整盒6个 不支持7天无理由退换货""}",https://img.alicdn.com/imgextra/i1/2885348004/O1CN01EAUcAV28ztGaRQD3L_!!4611686018427382436-0-item_pic.jpg | https://img.alicdn.com/imgextra/i4/2885348004/O1CN01mhkldT28zt9xPpjMk_!!2885348004.jpg | https://img.alicdn.com/imgextra/i1/2885348004/O1CN01ChW5xT28zt9vStrue_!!2885348004.jpg | https://img.alicdn.com/imgextra/i3/2885348004/O1CN01c8hLkW28ztGaksD0F_!!2885348004.jpg | https://img.alicdn.com/imgextra/i2/2885348004/O1CN01j6E7jY28zt9xGcLFb_!!2885348004.jpg,imgs/897198286960_00.jpg | imgs/897198286960_01.jpg | imgs/897198286960_02.jpg | imgs/897198286960_03.jpg | imgs/897198286960_04.jpg
POPMART泡泡玛特泡泡萌粒 毛绒绒暖呼呼系列卡套挂件盲盒周边,https://popmart.world.tmall.com/shop/view_shop.htm,https://popmart.world.tmall.com/shop/view_shop.htm,done,泡泡玛特旗舰店,https://detail.tmall.com/item.htm?id=996060297113,996060297113,"{""combos"": [{""款式描述"": {""values"": [""随机1个不支持7天无理由退换货""], ""selected"": ""随机1个不支持7天无理由退换货""}, ""大小"": {""values"": [""盲盒随机不指定，不支持无理由退货退款""], ""selected"": ""盲盒随机不指定，不支持无理由退货退款""}, ""_combo_price"": ""款式描述=随机1个不支持7天无理由退换货 | 大小=盲盒随机不指定，不支持无理由退货退款 | 平台加补后￥83""}, {""款式描述"": {""values"": [""随机1个不支持7天无理由退换货"", ""整盒6个 不支持7天无理由退换货""], ""selected"": ""整盒6个 不支持7天无理由退换货""}, ""大小"": {""values"": [""盲盒随机不指定，不支持无理由退货退款""], ""selected"": ""盲盒随机不指定，不支持无理由退货退款""}, ""_combo_price"": ""款式描述=整盒6个 不支持7天无理由退换货 | 大小=盲盒随机不指定，不支持无理由退货退款 | 平台加补后￥482""}]}",款式描述=随机1个不支持7天无理由退换货 | 大小=盲盒随机不指定，不支持无理由退货退款 | 平台加补后￥83 || 款式描述=整盒6个 不支持7天无理由退换货 | 大小=盲盒随机不指定，不支持无理由退货退款 | 平台加补后￥482,"{""IP"": ""泡泡萌粒"", ""出售状态"": ""现货"", ""品牌"": ""POP MART/泡泡玛特"", ""系列名"": ""泡泡萌粒 毛绒绒暖呼呼系列 卡套挂件盲盒"", ""款式类型"": ""常规款 隐藏款"", ""大小"": ""盲盒随机不指定，不支持无理由退货退款"", ""款式描述"": ""随机1个不支持7天无理由退换货 整盒6个 不支持7天无理由退换货""}",https://img.alicdn.com/imgextra/i1/2885348004/O1CN01xH4zSh28ztGcId5gs_!!4611686018427382436-0-item_pic.jpg | https://img.alicdn.com/imgextra/i3/2885348004/O1CN01974Ltr28ztDP2Vz6S_!!2885348004.jpg | https://img.alicdn.com/imgextra/i1/2885348004/O1CN01yPHCit28ztDUYC3bZ_!!2885348004.jpg | https://img.alicdn.com/imgextra/i3/2885348004/O1CN01c8hLkW28ztGaksD0F_!!2885348004.jpg | https://img.alicdn.com/imgextra/i3/2885348004/O1CN01pEnRXS28ztDUBovko_!!2885348004.jpg,imgs/996060297113_00.jpg | imgs/996060297113_01.jpg | imgs/996060297113_02.jpg | imgs/996060297113_03.jpg | imgs/996060297113_04.jpg
POPMART泡泡玛特英雄联盟中路对决系列手办盲盒玩具摆件礼物,https://popmart.world.tmall.com/shop/view_shop.htm,https://popmart.world.tmall.com/shop/view_shop.htm,done,泡泡玛特旗舰店,https://detail.tmall.com/item.htm?id=1005919938924,1005919938924,"{""combos"": [{""款式描述"": {""values"": [""随机1个 不支持7天无理由退换货""], ""selected"": ""随机1个 不支持7天无理由退换货""}, ""大小"": {""values"": [""盲盒随机不指定，不支持无理由退货退款""], ""selected"": ""盲盒随机不指定，不支持无理由退货退款""}, ""_combo_price"": ""款式描述=随机1个 不支持7天无理由退换货 | 大小=盲盒随机不指定，不支持无理由退货退款 | ￥79""}, {""款式描述"": {""values"": [""随机1个 不支持7天无理由退换货"", ""整盒8个 不支持7天无理由退换货""], ""selected"": ""整盒8个 不支持7天无理由退换货""}, ""大小"": {""values"": [""盲盒随机不指定，不支持无理由退货退款""], ""selected"": ""盲盒随机不指定，不支持无理由退货退款""}, ""_combo_price"": ""款式描述=整盒8个 不支持7天无理由退换货 | 大小=盲盒随机不指定，不支持无理由退货退款 | ￥632""}]}",款式描述=随机1个 不支持7天无理由退换货 | 大小=盲盒随机不指定，不支持无理由退货退款 | ￥79 || 款式描述=整盒8个 不支持7天无理由退换货 | 大小=盲盒随机不指定，不支持无理由退货退款 | ￥632,"{""IP"": ""英雄联盟"", ""出售状态"": ""现货"", ""品牌"": ""POP MART/泡泡玛特"", ""系列名"": ""英雄联盟中路对决系列手办"", ""款式类型"": ""常规款 隐藏款"", ""大小"": ""盲盒随机不指定，不支持无理由退货退款"", ""款式描述"": ""随机1个 不支持7天无理由退换货 整盒8个 不支持7天无理由退换货""}",https://img.alicdn.com/imgextra/i1/2885348004/O1CN01RHK2qx28ztGab7lES_!!4611686018427382436-0-item_pic.jpg | https://img.alicdn.com/imgextra/i3/2885348004/O1CN01WUs8Mu28ztEJz3yH6_!!2885348004.jpg | https://img.alicdn.com/imgextra/i3/2885348004/O1CN015cXaFs28ztEKOYClP_!!2885348004.jpg | https://img.alicdn.com/imgextra/i3/2885348004/O1CN01c8hLkW28ztGaksD0F_!!2885348004.jpg | https://img.alicdn.com/imgextra/i3/2885348004/O1CN01MNVfFJ28ztEKIEDCk_!!2885348004.jpg,imgs/1005919938924_01.jpg | imgs/1005919938924_02.jpg | imgs/1005919938924_03.jpg | imgs/1005919938924_04.jpg | imgs/1005919938924_05.jpg
POPMART泡泡玛特HACIPUPU秘境序章系列1/8可动人偶盲盒玩具礼物,https://popmart.world.tmall.com/shop/view_shop.htm,https://popmart.world.tmall.com/shop/view_shop.htm,done,泡泡玛特旗舰店,https://detail.tmall.com/item.htm?id=1034669836165,1034669836165,"{""combos"": [{""款式描述"": {""values"": [""随机1个 不支持7天无理由退换货""], ""selected"": ""随机1个 不支持7天无理由退换货""}, ""大小"": {""values"": [""盲盒随机不指定，不支持无理由退货退款""], ""selected"": ""盲盒随机不指定，不支持无理由退货退款""}, ""_combo_price"": ""款式描述=随机1个 不支持7天无理由退换货 | 大小=盲盒随机不指定，不支持无理由退货退款 | ￥399""}, {""款式描述"": {""values"": [""随机1个 不支持7天无理由退换货"", ""整盒2个 不支持7天无理由退换货""], ""selected"": ""整盒2个 不支持7天无理由退换货""}, ""大小"": {""values"": [""盲盒随机不指定，不支持无理由退货退款""], ""selected"": ""盲盒随机不指定，不支持无理由退货退款""}, ""_combo_price"": ""款式描述=整盒2个 不支持7天无理由退换货 | 大小=盲盒随机不指定，不支持无理由退货退款 | ￥798""}]}",款式描述=随机1个 不支持7天无理由退换货 | 大小=盲盒随机不指定，不支持无理由退货退款 | ￥399 || 款式描述=整盒2个 不支持7天无理由退换货 | 大小=盲盒随机不指定，不支持无理由退货退款 | ￥798,"{""IP"": ""HACIPUPU"", ""出售状态"": ""现货"", ""品牌"": ""POP MART/泡泡玛特"", ""系列名"": ""HACIPUPU秘境序章系列1/8可动人偶"", ""款式类型"": ""常规款"", ""大小"": ""盲盒随机不指定，不支持无理由退货退款"", ""款式描述"": ""随机1个 不支持7天无理由退换货 整盒2个 不支持7天无理由退换货""}",https://img.alicdn.com/imgextra/i3/2885348004/O1CN01bR6whr28ztGanuNfN_!!4611686018427382436-0-item_pic.jpg | https://img.alicdn.com/imgextra/i3/2885348004/O1CN013na3q828ztFdyMWrQ_!!2885348004.jpg | https://img.alicdn.com/imgextra/i3/2885348004/O1CN01Rhnxxh28ztFifEWaL_!!2885348004.jpg | https://img.alicdn.com/imgextra/i3/2885348004/O1CN01c8hLkW28ztGaksD0F_!!2885348004.jpg | https://img.alicdn.com/imgextra/i3/2885348004/O1CN016N2qOC28ztFiTH72L_!!2885348004.jpg,imgs/1034669836165_00.jpg | imgs/1034669836165_01.jpg | imgs/1034669836165_02.jpg | imgs/1034669836165_03.jpg | imgs/1034669836165_04.jpg
POPMART泡泡玛特MEGA SPACE MOLLY 100% 周年系列3盲盒礼物,https://popmart.world.tmall.com/shop/view_shop.htm,https://popmart.world.tmall.com/shop/view_shop.htm,done,泡泡玛特旗舰店,https://detail.tmall.com/item.htm?id=742658352978,742658352978,"{""combos"": [{""款式描述"": {""values"": [""随机1个 不支持7天无理由退换货""], ""selected"": ""随机1个 不支持7天无理由退换货""}, ""大小"": {""values"": [""盲盒随机不指定，不支持无理由退货退款""], ""selected"": ""盲盒随机不指定，不支持无理由退货退款""}, ""_combo_price"": ""款式描述=随机1个 不支持7天无理由退换货 | 大小=盲盒随机不指定，不支持无理由退货退款 | ￥79""}, {""款式描述"": {""values"": [""随机1个 不支持7天无理由退换货"", ""整盒9个 不支持7天无理由退换货""], ""selected"": ""整盒9个 不支持7天无理由退换货""}, ""大小"": {""values"": [""盲盒随机不指定，不支持无理由退货退款""], ""selected"": ""盲盒随机不指定，不支持无理由退货退款""}, ""_combo_price"": ""款式描述=整盒9个 不支持7天无理由退换货 | 大小=盲盒随机不指定，不支持无理由退货退款 | ￥711""}]}",款式描述=随机1个 不支持7天无理由退换货 | 大小=盲盒随机不指定，不支持无理由退货退款 | ￥79 || 款式描述=整盒9个 不支持7天无理由退换货 | 大小=盲盒随机不指定，不支持无理由退货退款 | ￥711,"{""品牌"": ""POP MART/泡泡玛特"", ""系列名"": ""MEGA SPACE MOLLY 100% 周年系列3"", ""款式类型"": ""常规款 隐藏款"", ""大小"": ""盲盒随机不指定，不支持无理由退货退款"", ""款式描述"": ""随机1个 不支持7天无理由退换货 整盒9个 不支持7天无理由退换货""}",https://img.alicdn.com/imgextra/i3/2885348004/O1CN01O5D8xN28ztGAoMS0R_!!4611686018427382436-0-item_pic.jpg | https://img.alicdn.com/imgextra/i4/2885348004/O1CN01xQvJ9k28zt5Ljb9EM_!!2885348004.jpg | https://img.alicdn.com/imgextra/i1/2885348004/O1CN01eLCadC28zt5Eemj0b_!!2885348004.jpg | https://img.alicdn.com/imgextra/i4/2885348004/O1CN01xwOVcR28zt5N8UdMa_!!2885348004.jpg | https://img.alicdn.com/imgextra/i1/2885348004/O1CN01eGiEfD28zt5JC1PAL_!!2885348004.jpg,imgs/742658352978_00.jpg | imgs/742658352978_01.jpg | imgs/742658352978_02.jpg | imgs/742658352978_03.jpg | imgs/742658352978_04.jpg
POPMART泡泡玛特Dear Birds系列迷你包盲盒周边礼物,https://popmart.world.tmall.com/shop/view_shop.htm,https://popmart.world.tmall.com/shop/view_shop.htm,done,泡泡玛特旗舰店,https://detail.tmall.com/item.htm?id=1034660944434,1034660944434,"{""combos"": [{""款式描述"": {""values"": [""随机1个 不支持7天无理由退换货""], ""selected"": ""随机1个 不支持7天无理由退换货""}, ""大小"": {""values"": [""盲盒随机不指定，不支持无理由退货退款""], ""selected"": ""盲盒随机不指定，不支持无理由退货退款""}, ""_combo_price"": ""款式描述=随机1个 不支持7天无理由退换货 | 大小=盲盒随机不指定，不支持无理由退货退款 | ￥129""}, {""款式描述"": {""values"": [""随机1个 不支持7天无理由退换货"", ""整盒8个 不支持7天无理由退换货""], ""selected"": ""整盒8个 不支持7天无理由退换货""}, ""大小"": {""values"": [""盲盒随机不指定，不支持无理由退货退款""], ""selected"": ""盲盒随机不指定，不支持无理由退货退款""}, ""_combo_price"": ""款式描述=整盒8个 不支持7天无理由退换货 | 大小=盲盒随机不指定，不支持无理由退货退款 | ￥1032""}]}",款式描述=随机1个 不支持7天无理由退换货 | 大小=盲盒随机不指定，不支持无理由退货退款 | ￥129 || 款式描述=整盒8个 不支持7天无理由退换货 | 大小=盲盒随机不指定，不支持无理由退货退款 | ￥1032,"{""IP"": ""Dear Birds"", ""出售状态"": ""现货"", ""品牌"": ""POP MART/泡泡玛特"", ""系列名"": ""Dear Birds系列-迷你包盲盒"", ""款式类型"": ""常规款 隐藏款"", ""大小"": ""盲盒随机不指定，不支持无理由退货退款"", ""款式描述"": ""随机1个 不支持7天无理由退换货 整盒8个 不支持7天无理由退换货""}",https://img.alicdn.com/imgextra/i1/2885348004/O1CN01LHLf1a28ztGactaxP_!!4611686018427382436-0-item_pic.jpg | https://img.alicdn.com/imgextra/i3/2885348004/O1CN01nOOmnI28ztFcciT1c_!!2885348004.jpg | https://img.alicdn.com/imgextra/i4/2885348004/O1CN01Li0Q0u28ztFczsZYi_!!2885348004.jpg | https://img.alicdn.com/imgextra/i3/2885348004/O1CN01c8hLkW28ztGaksD0F_!!2885348004.jpg | https://img.alicdn.com/imgextra/i4/2885348004/O1CN01wqwSlS28ztFd78AHf_!!2885348004.jpg,imgs/1034660944434_00.jpg | imgs/1034660944434_01.jpg | imgs/1034660944434_02.jpg | imgs/1034660944434_03.jpg | imgs/1034660944434_04.jpg
POPMART泡泡玛特浪漫指尖系列4场景手办盲盒玩具礼物摆件,https://popmart.world.tmall.com/shop/view_shop.htm,https://popmart.world.tmall.com/shop/view_shop.htm,done,泡泡玛特旗舰店,https://detail.tmall.com/item.htm?id=949044811713,949044811713,"{""combos"": [{""款式描述"": {""values"": [""随机1个 不支持7天无理由退换货""], ""selected"": ""随机1个 不支持7天无理由退换货""}, ""大小"": {""values"": [""盲盒随机不指定，不支持无理由退货退款""], ""selected"": ""盲盒随机不指定，不支持无理由退货退款""}, ""_combo_price"": ""款式描述=随机1个 不支持7天无理由退换货 | 大小=盲盒随机不指定，不支持无理由退货退款 | 平台加补后￥65""}, {""款式描述"": {""values"": [""随机1个 不支持7天无理由退换货"", ""整盒12个 不支持7天无理由退换货""], ""selected"": ""整盒12个 不支持7天无理由退换货""}, ""大小"": {""values"": [""盲盒随机不指定，不支持无理由退货退款""], ""selected"": ""盲盒随机不指定，不支持无理由退货退款""}, ""_combo_price"": ""款式描述=整盒12个 不支持7天无理由退换货 | 大小=盲盒随机不指定，不支持无理由退货退款 | 平台加补后￥749""}]}",款式描述=随机1个 不支持7天无理由退换货 | 大小=盲盒随机不指定，不支持无理由退货退款 | 平台加补后￥65 || 款式描述=整盒12个 不支持7天无理由退换货 | 大小=盲盒随机不指定，不支持无理由退货退款 | 平台加补后￥749,"{""品牌"": ""POP MART/泡泡玛特"", ""系列名"": ""浪漫指尖系列4场景手办"", ""款式类型"": ""常规款 隐藏款"", ""大小"": ""盲盒随机不指定，不支持无理由退货退款"", ""款式描述"": ""随机1个 不支持7天无理由退换货 整盒12个 不支持7天无理由退换货""}",https://img.alicdn.com/imgextra/i3/2885348004/O1CN01uCCqyR28ztGab5Xq9_!!4611686018427382436-0-item_pic.jpg | https://img.alicdn.com/imgextra/i4/2885348004/O1CN01lBwyJs28ztBoCZM1g_!!2885348004.jpg | https://img.alicdn.com/imgextra/i2/2885348004/O1CN01NXz4zj28ztBoFBoKn_!!2885348004.jpg | https://img.alicdn.com/imgextra/i3/2885348004/O1CN01c8hLkW28ztGaksD0F_!!2885348004.jpg | https://img.alicdn.com/imgextra/i2/2885348004/O1CN01orXfEM28ztBomWlea_!!2885348004.jpg,imgs/949044811713_01.jpg | imgs/949044811713_02.jpg | imgs/949044811713_03.jpg | imgs/949044811713_04.jpg | imgs/949044811713_05.jpg
POPMART泡泡玛特Dear Birds系列香氛挂件盲盒周边礼物,https://popmart.world.tmall.com/shop/view_shop.htm,https://popmart.world.tmall.com/shop/view_shop.htm,done,泡泡玛特旗舰店,https://detail.tmall.com/item.htm?id=1034660928440,1034660928440,"{""combos"": [{""款式描述"": {""values"": [""随机1个 不支持7天无理由退换货""], ""selected"": ""随机1个 不支持7天无理由退换货""}, ""大小"": {""values"": [""盲盒随机不指定，不支持无理由退货退款""], ""selected"": ""盲盒随机不指定，不支持无理由退货退款""}, ""_combo_price"": ""款式描述=随机1个 不支持7天无理由退换货 | 大小=盲盒随机不指定，不支持无理由退货退款 | ￥99""}, {""款式描述"": {""values"": [""随机1个 不支持7天无理由退换货"", ""整盒8个 不支持7天无理由退换货""], ""selected"": ""整盒8个 不支持7天无理由退换货""}, ""大小"": {""values"": [""盲盒随机不指定，不支持无理由退货退款""], ""selected"": ""盲盒随机不指定，不支持无理由退货退款""}, ""_combo_price"": ""款式描述=整盒8个 不支持7天无理由退换货 | 大小=盲盒随机不指定，不支持无理由退货退款 | ￥792""}]}",款式描述=随机1个 不支持7天无理由退换货 | 大小=盲盒随机不指定，不支持无理由退货退款 | ￥99 || 款式描述=整盒8个 不支持7天无理由退换货 | 大小=盲盒随机不指定，不支持无理由退货退款 | ￥792,"{""IP"": ""Dear Birds"", ""出售状态"": ""现货"", ""品牌"": ""POP MART/泡泡玛特"", ""系列名"": ""Dear Birds系列-香氛挂件盲盒"", ""款式类型"": ""常规款 隐藏款"", ""大小"": ""盲盒随机不指定，不支持无理由退货退款"", ""款式描述"": ""随机1个 不支持7天无理由退换货 整盒8个 不支持7天无理由退换货""}",https://img.alicdn.com/imgextra/i1/2885348004/O1CN01RiOoYI28ztGaQyROh_!!4611686018427382436-0-item_pic.jpg | https://img.alicdn.com/imgextra/i1/2885348004/O1CN01QRey5T28ztFd0808Y_!!2885348004.jpg | https://img.alicdn.com/imgextra/i4/2885348004/O1CN01FdDtot28ztFd08sBY_!!2885348004.jpg | https://img.alicdn.com/imgextra/i3/2885348004/O1CN01c8hLkW28ztGaksD0F_!!2885348004.jpg | https://img.alicdn.com/imgextra/i4/2885348004/O1CN01etn8rO28ztFdBYEnF_!!2885348004.jpg,imgs/1034660928440_00.jpg | imgs/1034660928440_01.jpg | imgs/1034660928440_02.jpg | imgs/1034660928440_03.jpg | imgs/1034660928440_04.jpg
POPMART泡泡玛特MEGA SPACE MOLLY 100% 周年系列4盲盒玩具礼物,https://popmart.world.tmall.com/shop/view_shop.htm,https://popmart.world.tmall.com/shop/view_shop.htm,done,泡泡玛特旗舰店,https://detail.tmall.com/item.htm?id=949043195698,949043195698,"{""combos"": [{""款式描述"": {""values"": [""随机1个(限购9个) 不支持7天无理由退换货""], ""selected"": ""随机1个(限购9个) 不支持7天无理由退换货""}, ""大小"": {""values"": [""盲盒随机不指定，不支持无理由退货退款""], ""selected"": ""盲盒随机不指定，不支持无理由退货退款""}, ""_combo_price"": ""款式描述=随机1个(限购9个) 不支持7天无理由退换货 | 大小=盲盒随机不指定，不支持无理由退货退款 | ￥79""}, {""款式描述"": {""values"": [""随机1个(限购9个) 不支持7天无理由退换货"", ""整盒9个(限购1盒) 不支持7天无理由退换货""], ""selected"": ""整盒9个(限购1盒) 不支持7天无理由退换货""}, ""大小"": {""values"": [""盲盒随机不指定，不支持无理由退货退款""], ""selected"": ""盲盒随机不指定，不支持无理由退货退款""}, ""_combo_price"": ""款式描述=整盒9个(限购1盒) 不支持7天无理由退换货 | 大小=盲盒随机不指定，不支持无理由退货退款 | ￥711""}]}",款式描述=随机1个(限购9个) 不支持7天无理由退换货 | 大小=盲盒随机不指定，不支持无理由退货退款 | ￥79 || 款式描述=整盒9个(限购1盒) 不支持7天无理由退换货 | 大小=盲盒随机不指定，不支持无理由退货退款 | ￥711,"{""品牌"": ""POP MART/泡泡玛特"", ""系列名"": ""MEGA SPACE MOLLY 100% 周年系列4"", ""款式类型"": ""常规款 隐藏款"", ""大小"": ""盲盒随机不指定，不支持无理由退货退款"", ""款式描述"": ""随机1个(限购9个) 不支持7天无理由退换货 整盒9个(限购1盒) 不支持7天无理由退换货""}",https://img.alicdn.com/imgextra/i4/2885348004/O1CN01SFZtmM28ztGAaYdjZ_!!4611686018427382436-0-item_pic.jpg | https://img.alicdn.com/imgextra/i3/2885348004/O1CN011oWSoj28ztBhnuzUA_!!2885348004.jpg | https://img.alicdn.com/imgextra/i4/2885348004/O1CN01XrSCgS28ztBh04VWG_!!2885348004.jpg | https://img.alicdn.com/imgextra/i1/2885348004/O1CN01zXnlLy28ztBfKQEox_!!2885348004.jpg | https://img.alicdn.com/imgextra/i3/2885348004/O1CN01llPGI128ztBgbj3GX_!!2885348004.jpg,imgs/949043195698_00.jpg | imgs/949043195698_01.jpg | imgs/949043195698_02.jpg | imgs/949043195698_03.jpg | imgs/949043195698_04.jpg
POPMART泡泡玛特1001MOONS 风的来意系列手办盲盒玩具礼物,https://popmart.world.tmall.com/shop/view_shop.htm,https://popmart.world.tmall.com/shop/view_shop.htm,done,泡泡玛特旗舰店,https://detail.tmall.com/item.htm?id=1026658320542,1026658320542,"{""combos"": [{""款式描述"": {""values"": [""随机1个 不支持7天无理由退换货""], ""selected"": ""随机1个 不支持7天无理由退换货""}, ""大小"": {""values"": [""盲盒随机不指定，不支持无理由退货退款""], ""selected"": ""盲盒随机不指定，不支持无理由退货退款""}, ""_combo_price"": ""款式描述=随机1个 不支持7天无理由退换货 | 大小=盲盒随机不指定，不支持无理由退货退款 | ￥69""}, {""款式描述"": {""values"": [""随机1个 不支持7天无理由退换货"", ""整盒12个 不支持7天无理由退换货""], ""selected"": ""整盒12个 不支持7天无理由退换货""}, ""大小"": {""values"": [""盲盒随机不指定，不支持无理由退货退款""], ""selected"": ""盲盒随机不指定，不支持无理由退货退款""}, ""_combo_price"": ""款式描述=整盒12个 不支持7天无理由退换货 | 大小=盲盒随机不指定，不支持无理由退货退款 | ￥828""}]}",款式描述=随机1个 不支持7天无理由退换货 | 大小=盲盒随机不指定，不支持无理由退货退款 | ￥69 || 款式描述=整盒12个 不支持7天无理由退换货 | 大小=盲盒随机不指定，不支持无理由退货退款 | ￥828,"{""IP"": ""1001MOONS"", ""出售状态"": ""现货"", ""品牌"": ""POP MART/泡泡玛特"", ""系列名"": ""1001MOONS 风的来意系列手办"", ""款式类型"": ""常规款 隐藏款"", ""大小"": ""盲盒随机不指定，不支持无理由退货退款"", ""款式描述"": ""随机1个 不支持7天无理由退换货 整盒12个 不支持7天无理由退换货""}",https://img.alicdn.com/imgextra/i4/2885348004/O1CN013nqlQO28ztGat4d4K_!!4611686018427382436-0-item_pic.jpg | https://img.alicdn.com/imgextra/i1/2885348004/O1CN01yJsfEL28ztFiZGpk1_!!2885348004.jpg | https://img.alicdn.com/imgextra/i2/2885348004/O1CN01SrRd9s28ztFiPvHzN_!!2885348004.jpg | https://img.alicdn.com/imgextra/i3/2885348004/O1CN01c8hLkW28ztGaksD0F_!!2885348004.jpg | https://img.alicdn.com/imgextra/i2/2885348004/O1CN010JpfWL28ztFj1xHxF_!!2885348004.jpg,imgs/1026658320542_00.jpg | imgs/1026658320542_01.jpg | imgs/1026658320542_02.jpg | imgs/1026658320542_03.jpg | imgs/1026658320542_04.jpg
POPMART泡泡玛特MOLLY × 飞天小女警系列可动人偶盲盒礼物,https://popmart.world.tmall.com/shop/view_shop.htm,https://popmart.world.tmall.com/shop/view_shop.htm,done,泡泡玛特旗舰店,https://detail.tmall.com/item.htm?id=810178304729,810178304729,"{""combos"": [{""款式描述"": {""values"": [""随机1个 不支持7天无理由退换货""], ""selected"": ""随机1个 不支持7天无理由退换货""}, ""大小"": {""values"": [""盲盒随机不指定，不支持无理由退货退款""], ""selected"": ""盲盒随机不指定，不支持无理由退货退款""}, ""_combo_price"": ""款式描述=随机1个 不支持7天无理由退换货 | 大小=盲盒随机不指定，不支持无理由退货退款 | ￥299""}, {""款式描述"": {""values"": [""随机1个 不支持7天无理由退换货"", ""整盒3个 不支持7天无理由退换货""], ""selected"": ""整盒3个 不支持7天无理由退换货""}, ""大小"": {""values"": [""盲盒随机不指定，不支持无理由退货退款""], ""selected"": ""盲盒随机不指定，不支持无理由退货退款""}, ""_combo_price"": ""款式描述=整盒3个 不支持7天无理由退换货 | 大小=盲盒随机不指定，不支持无理由退货退款 | ￥897""}]}",款式描述=随机1个 不支持7天无理由退换货 | 大小=盲盒随机不指定，不支持无理由退货退款 | ￥299 || 款式描述=整盒3个 不支持7天无理由退换货 | 大小=盲盒随机不指定，不支持无理由退货退款 | ￥897,"{""IP"": ""MOLLY × 飞天小女警系列"", ""出售状态"": ""现货"", ""品牌"": ""POP MART/泡泡玛特"", ""系列名"": ""MOLLY × 飞天小女警系列可动人偶"", ""大小"": ""盲盒随机不指定，不支持无理由退货退款"", ""款式描述"": ""随机1个 不支持7天无理由退换货 整盒3个 不支持7天无理由退换货""}",https://img.alicdn.com/imgextra/i2/2885348004/O1CN01vxVKUn28ztGaqVAqs_!!4611686018427382436-0-item_pic.jpg | https://img.alicdn.com/imgextra/i1/2885348004/O1CN01Hmtcp928zt4ucJwqk_!!2885348004.jpg | https://img.alicdn.com/imgextra/i4/2885348004/O1CN013G07s628zt4uausba_!!2885348004.jpg | https://img.alicdn.com/imgextra/i3/2885348004/O1CN01c8hLkW28ztGaksD0F_!!2885348004.jpg | https://img.alicdn.com/imgextra/i4/2885348004/O1CN01uasVSE28zt4vNZ60L_!!2885348004.jpg,imgs/810178304729_00.jpg | imgs/810178304729_01.jpg | imgs/810178304729_02.jpg | imgs/810178304729_03.jpg | imgs/810178304729_04.jpg
POPMART泡泡玛特DIMOO新生日记系列挂链盲盒周边礼物,https://popmart.world.tmall.com/shop/view_shop.htm,https://popmart.world.tmall.com/shop/view_shop.htm,done,泡泡玛特旗舰店,https://detail.tmall.com/item.htm?id=989860734995,989860734995,"{""combos"": [{""款式描述"": {""values"": [""随机1个 不支持7天无理由退换货""], ""selected"": ""随机1个 不支持7天无理由退换货""}, ""大小"": {""values"": [""盲盒随机不指定，不支持无理由退货退款""], ""selected"": ""盲盒随机不指定，不支持无理由退货退款""}, ""_combo_price"": ""款式描述=随机1个 不支持7天无理由退换货 | 大小=盲盒随机不指定，不支持无理由退货退款 | ￥79""}, {""款式描述"": {""values"": [""随机1个 不支持7天无理由退换货"", ""整盒6个 不支持7天无理由退换货""], ""selected"": ""整盒6个 不支持7天无理由退换货""}, ""大小"": {""values"": [""盲盒随机不指定，不支持无理由退货退款""], ""selected"": ""盲盒随机不指定，不支持无理由退货退款""}, ""_combo_price"": ""款式描述=整盒6个 不支持7天无理由退换货 | 大小=盲盒随机不指定，不支持无理由退货退款 | ￥474""}]}",款式描述=随机1个 不支持7天无理由退换货 | 大小=盲盒随机不指定，不支持无理由退货退款 | ￥79 || 款式描述=整盒6个 不支持7天无理由退换货 | 大小=盲盒随机不指定，不支持无理由退货退款 | ￥474,"{""IP"": ""DIMOO"", ""出售状态"": ""现货"", ""品牌"": ""POP MART/泡泡玛特"", ""系列名"": ""DIMOO新生日记系列-挂链盲盒"", ""款式类型"": ""常规款 隐藏款"", ""大小"": ""盲盒随机不指定，不支持无理由退货退款"", ""款式描述"": ""随机1个 不支持7天无理由退换货 整盒6个 不支持7天无理由退换货""}",https://img.alicdn.com/imgextra/i3/2885348004/O1CN01BGohVm28ztGWKhl74_!!4611686018427382436-0-item_pic.jpg | https://img.alicdn.com/imgextra/i3/2885348004/O1CN01vcI4M828ztDBJUKIr_!!2885348004.jpg | https://img.alicdn.com/imgextra/i4/2885348004/O1CN01pi2Nd828ztDAFVru4_!!2885348004.jpg | https://img.alicdn.com/imgextra/i3/2885348004/O1CN01c8hLkW28ztGaksD0F_!!2885348004.jpg | https://img.alicdn.com/imgextra/i1/2885348004/O1CN01Jug9qM28ztD9ossKc_!!2885348004.jpg,imgs/989860734995_00.jpg | imgs/989860734995_01.jpg | imgs/989860734995_02.jpg | imgs/989860734995_03.jpg | imgs/989860734995_04.jpg
POPMART泡泡玛特HACIPUPU我的小小世界系列手办盲盒摆件礼物,https://popmart.world.tmall.com/shop/view_shop.htm,https://popmart.world.tmall.com/shop/view_shop.htm,done,泡泡玛特旗舰店,https://detail.tmall.com/item.htm?id=994755276829,994755276829,"{""combos"": [{""款式描述"": {""values"": [""随机1个(限购12个) 不支持7天无理由退换货""], ""selected"": ""随机1个(限购12个) 不支持7天无理由退换货""}, ""大小"": {""values"": [""盲盒随机不指定，不支持无理由退货退款""], ""selected"": ""盲盒随机不指定，不支持无理由退货退款""}, ""_combo_price"": ""款式描述=随机1个(限购12个) 不支持7天无理由退换货 | 大小=盲盒随机不指定，不支持无理由退货退款 | ￥69""}, {""款式描述"": {""values"": [""随机1个(限购12个) 不支持7天无理由退换货"", ""整盒12个(限购1盒) 不支持7天无理由退换货""], ""selected"": ""整盒12个(限购1盒) 不支持7天无理由退换货""}, ""大小"": {""values"": [""盲盒随机不指定，不支持无理由退货退款""], ""selected"": ""盲盒随机不指定，不支持无理由退货退款""}, ""_combo_price"": ""款式描述=整盒12个(限购1盒) 不支持7天无理由退换货 | 大小=盲盒随机不指定，不支持无理由退货退款 | ￥828""}]}",款式描述=随机1个(限购12个) 不支持7天无理由退换货 | 大小=盲盒随机不指定，不支持无理由退货退款 | ￥69 || 款式描述=整盒12个(限购1盒) 不支持7天无理由退换货 | 大小=盲盒随机不指定，不支持无理由退货退款 | ￥828,"{""IP"": ""HACIPUPU"", ""出售状态"": ""现货"", ""品牌"": ""POP MART/泡泡玛特"", ""系列名"": ""HACIPUPU我的小小世界系列手办"", ""款式类型"": ""常规款 隐藏款"", ""大小"": ""盲盒随机不指定，不支持无理由退货退款"", ""款式描述"": ""随机1个(限购12个) 不支持7天无理由退换货 整盒12个(限购1盒) 不支持7天无理由退换货""}",https://img.alicdn.com/imgextra/i4/2885348004/O1CN01nvX5RQ28ztGaQyRGl_!!4611686018427382436-0-item_pic.jpg | https://img.alicdn.com/imgextra/i3/2885348004/O1CN0153AdiH28ztDP7x9MN_!!2885348004.jpg | https://img.alicdn.com/imgextra/i1/2885348004/O1CN01rkU2dE28ztDIlnU5d_!!2885348004.jpg | https://img.alicdn.com/imgextra/i3/2885348004/O1CN01c8hLkW28ztGaksD0F_!!2885348004.jpg | https://img.alicdn.com/imgextra/i3/2885348004/O1CN010v3Aas28ztDNR6jEG_!!2885348004.jpg,imgs/994755276829_01.jpg | imgs/994755276829_02.jpg | imgs/994755276829_03.jpg | imgs/994755276829_04.jpg | imgs/994755276829_05.jpg
POPMART泡泡玛特拉布布THE MONSTERS怪味便利店系列冰箱贴LABUBU,https://popmart.world.tmall.com/shop/view_shop.htm,https://popmart.world.tmall.com/shop/view_shop.htm,done,泡泡玛特旗舰店,https://detail.tmall.com/item.htm?id=921487525003,921487525003,"{""combos"": [{""款式描述"": {""values"": [""随机1个(限购6个) 不支持7天无理由退换货""], ""selected"": ""随机1个(限购6个) 不支持7天无理由退换货""}, ""大小"": {""values"": [""盲盒随机不指定，不支持无理由退货退款""], ""selected"": ""盲盒随机不指定，不支持无理由退货退款""}, ""_combo_price"": ""款式描述=随机1个(限购6个) 不支持7天无理由退换货 | 大小=盲盒随机不指定，不支持无理由退货退款 | ￥69""}, {""款式描述"": {""values"": [""随机1个(限购6个) 不支持7天无理由退换货"", ""整盒6个(限购1盒) 不支持7天无理由退换货""], ""selected"": ""整盒6个(限购1盒) 不支持7天无理由退换货""}, ""大小"": {""values"": [""盲盒随机不指定，不支持无理由退货退款""], ""selected"": ""盲盒随机不指定，不支持无理由退货退款""}, ""_combo_price"": ""款式描述=整盒6个(限购1盒) 不支持7天无理由退换货 | 大小=盲盒随机不指定，不支持无理由退货退款 | ￥414""}]}",款式描述=随机1个(限购6个) 不支持7天无理由退换货 | 大小=盲盒随机不指定，不支持无理由退货退款 | ￥69 || 款式描述=整盒6个(限购1盒) 不支持7天无理由退换货 | 大小=盲盒随机不指定，不支持无理由退货退款 | ￥414,"{""IP"": ""THE MONSTERS"", ""出售状态"": ""现货"", ""品牌"": ""POP MART/泡泡玛特"", ""系列名"": ""THE MONSTERS怪味便利店系列-冰箱贴盲盒"", ""款式类型"": ""常规款 隐藏款"", ""大小"": ""盲盒随机不指定，不支持无理由退货退款"", ""款式描述"": ""随机1个(限购6个) 不支持7天无理由退换货 整盒6个(限购1盒) 不支持7天无理由退换货""}",https://img.alicdn.com/imgextra/i2/2885348004/O1CN01QloSkF28ztGaqhGAI_!!4611686018427382436-0-item_pic.jpg | https://img.alicdn.com/imgextra/i4/2885348004/O1CN01oZSbCg28ztAm69IRn_!!2885348004.jpg | https://img.alicdn.com/imgextra/i1/2885348004/O1CN016KpDxl28ztAm6BAsn_!!2885348004.jpg | https://img.alicdn.com/imgextra/i4/2885348004/O1CN01B6sGGP28ztAjWsSDW_!!2885348004.jpg,imgs/921487525003_00.jpg | imgs/921487525003_01.jpg | imgs/921487525003_02.jpg | imgs/921487525003_03.jpg
POPMART泡泡玛特 共鸣 间谍过家家 阿尼亚的日常DLC 系列手办盲盒,https://popmart.world.tmall.com/shop/view_shop.htm,https://popmart.world.tmall.com/shop/view_shop.htm,done,泡泡玛特旗舰店,https://detail.tmall.com/item.htm?id=979239711659,979239711659,"{""combos"": [{""款式描述"": {""values"": [""随机1个 不支持7天无理由退换货""], ""selected"": ""随机1个 不支持7天无理由退换货""}, ""大小"": {""values"": [""盲盒随机不指定，不支持无理由退货退款""], ""selected"": ""盲盒随机不指定，不支持无理由退货退款""}, ""_combo_price"": ""款式描述=随机1个 不支持7天无理由退换货 | 大小=盲盒随机不指定，不支持无理由退货退款 | 平台加补后￥61""}, {""款式描述"": {""values"": [""随机1个 不支持7天无理由退换货"", ""整盒4个 不支持7天无理由退换货""], ""selected"": ""整盒4个 不支持7天无理由退换货""}, ""大小"": {""values"": [""盲盒随机不指定，不支持无理由退货退款""], ""selected"": ""盲盒随机不指定，不支持无理由退货退款""}, ""_combo_price"": ""款式描述=整盒4个 不支持7天无理由退换货 | 大小=盲盒随机不指定，不支持无理由退货退款 | 平台加补后￥248""}]}",款式描述=随机1个 不支持7天无理由退换货 | 大小=盲盒随机不指定，不支持无理由退货退款 | 平台加补后￥61 || 款式描述=整盒4个 不支持7天无理由退换货 | 大小=盲盒随机不指定，不支持无理由退货退款 | 平台加补后￥248,"{""IP"": ""间谍过家家"", ""出售状态"": ""现货"", ""品牌"": ""POP MART/泡泡玛特"", ""系列名"": ""间谍过家家 阿尼亚的日常DLC 系列手办"", ""款式类型"": ""常规款 隐藏款"", ""大小"": ""盲盒随机不指定，不支持无理由退货退款"", ""款式描述"": ""随机1个 不支持7天无理由退换货 整盒4个 不支持7天无理由退换货""}",https://img.alicdn.com/imgextra/i4/2885348004/O1CN01O9k7s128ztGacKEX3_!!4611686018427382436-0-item_pic.jpg | https://img.alicdn.com/imgextra/i3/2885348004/O1CN01ilKF2h28ztCgIbIXB_!!2885348004.jpg | https://img.alicdn.com/imgextra/i4/2885348004/O1CN01HCQQaz28ztCZofQxI_!!2885348004.jpg | https://img.alicdn.com/imgextra/i3/2885348004/O1CN01c8hLkW28ztGaksD0F_!!2885348004.jpg | https://img.alicdn.com/imgextra/i3/2885348004/O1CN01sGsjwv28ztCfsMQbi_!!2885348004.jpg,imgs/979239711659_00.jpg | imgs/979239711659_01.jpg | imgs/979239711659_02.jpg | imgs/979239711659_03.jpg | imgs/979239711659_04.jpg
POPMART泡泡玛特三丽鸥家族 甜梦泡泡屋系列场景手办盲盒礼物,https://popmart.world.tmall.com/shop/view_shop.htm,https://popmart.world.tmall.com/shop/view_shop.htm,done,泡泡玛特旗舰店,https://detail.tmall.com/item.htm?id=990884999467,990884999467,"{""combos"": [{""款式描述"": {""values"": [""随机1个 不支持7天无理由退换货""], ""selected"": ""随机1个 不支持7天无理由退换货""}, ""大小"": {""values"": [""盲盒随机不指定，不支持无理由退货退款""], ""selected"": ""盲盒随机不指定，不支持无理由退货退款""}, ""_combo_price"": ""款式描述=随机1个 不支持7天无理由退换货 | 大小=盲盒随机不指定，不支持无理由退货退款 | ￥59""}, {""款式描述"": {""values"": [""随机1个 不支持7天无理由退换货"", ""整盒9个 不支持7天无理由退换货""], ""selected"": ""整盒9个 不支持7天无理由退换货""}, ""大小"": {""values"": [""盲盒随机不指定，不支持无理由退货退款""], ""selected"": ""盲盒随机不指定，不支持无理由退货退款""}, ""_combo_price"": ""款式描述=整盒9个 不支持7天无理由退换货 | 大小=盲盒随机不指定，不支持无理由退货退款 | ￥531""}]}",款式描述=随机1个 不支持7天无理由退换货 | 大小=盲盒随机不指定，不支持无理由退货退款 | ￥59 || 款式描述=整盒9个 不支持7天无理由退换货 | 大小=盲盒随机不指定，不支持无理由退货退款 | ￥531,"{""IP"": ""三丽鸥家族"", ""出售状态"": ""现货"", ""品牌"": ""POP MART/泡泡玛特"", ""系列名"": ""三丽鸥家族 甜梦泡泡屋系列场景手办"", ""款式类型"": ""常规款 隐藏款"", ""大小"": ""盲盒随机不指定，不支持无理由退货退款"", ""款式描述"": ""随机1个 不支持7天无理由退换货 整盒9个 不支持7天无理由退换货""}",https://img.alicdn.com/imgextra/i1/2885348004/O1CN01EKwvSU28ztGat1LC0_!!4611686018427382436-0-item_pic.jpg | https://img.alicdn.com/imgextra/i4/2885348004/O1CN01Mv9Ljx28ztDGgsLXl_!!2885348004.jpg | https://img.alicdn.com/imgextra/i4/2885348004/O1CN018XdS1U28ztDHqroOd_!!2885348004.jpg | https://img.alicdn.com/imgextra/i3/2885348004/O1CN01c8hLkW28ztGaksD0F_!!2885348004.jpg | https://img.alicdn.com/imgextra/i4/2885348004/O1CN011Hn6Ef28ztDGgrPO6_!!2885348004.jpg,imgs/990884999467_01.jpg | imgs/990884999467_02.jpg | imgs/990884999467_03.jpg | imgs/990884999467_04.jpg | imgs/990884999467_05.jpg
POPMART泡泡玛特CRYBABY豹豹猫猫系列手机挂绳盲盒周边礼物,https://popmart.world.tmall.com/shop/view_shop.htm,https://popmart.world.tmall.com/shop/view_shop.htm,done,泡泡玛特旗舰店,https://detail.tmall.com/item.htm?id=911762688036,911762688036,"{""combos"": [{""款式描述"": {""values"": [""随机1个 不支持7天无理由退换货""], ""selected"": ""随机1个 不支持7天无理由退换货""}, ""大小"": {""values"": [""盲盒随机不指定，不支持无理由退货退款""], ""selected"": ""盲盒随机不指定，不支持无理由退货退款""}, ""_combo_price"": ""款式描述=随机1个 不支持7天无理由退换货 | 大小=盲盒随机不指定，不支持无理由退货退款 | ￥59""}, {""款式描述"": {""values"": [""随机1个 不支持7天无理由退换货"", ""整盒6个 不支持7天无理由退换货""], ""selected"": ""整盒6个 不支持7天无理由退换货""}, ""大小"": {""values"": [""盲盒随机不指定，不支持无理由退货退款""], ""selected"": ""盲盒随机不指定，不支持无理由退货退款""}, ""_combo_price"": ""款式描述=整盒6个 不支持7天无理由退换货 | 大小=盲盒随机不指定，不支持无理由退货退款 | ￥354""}]}",款式描述=随机1个 不支持7天无理由退换货 | 大小=盲盒随机不指定，不支持无理由退货退款 | ￥59 || 款式描述=整盒6个 不支持7天无理由退换货 | 大小=盲盒随机不指定，不支持无理由退货退款 | ￥354,"{""IP"": ""CRYBABY"", ""出售状态"": ""现货"", ""品牌"": ""POP MART/泡泡玛特"", ""系列名"": ""CRYBABY豹豹猫猫系列 - 手机挂绳盲盒"", ""大小"": ""盲盒随机不指定，不支持无理由退货退款"", ""款式描述"": ""随机1个 不支持7天无理由退换货 整盒6个 不支持7天无理由退换货""}",https://img.alicdn.com/imgextra/i3/2885348004/O1CN01Tr1uWQ28ztGagzXTG_!!4611686018427382436-0-item_pic.jpg | https://img.alicdn.com/imgextra/i3/2885348004/O1CN01jqopqJ28ztAHz0CLW_!!2885348004.jpg | https://img.alicdn.com/imgextra/i1/2885348004/O1CN017oF7aC28ztAJ7dami_!!2885348004.jpg | https://img.alicdn.com/imgextra/i3/2885348004/O1CN01c8hLkW28ztGaksD0F_!!2885348004.jpg | https://img.alicdn.com/imgextra/i4/2885348004/O1CN01QGedwX28ztAGt9Gof_!!2885348004.jpg,imgs/911762688036_00.jpg | imgs/911762688036_01.jpg | imgs/911762688036_02.jpg | imgs/911762688036_03.jpg | imgs/911762688036_04.jpg
POPMART泡泡玛特魔法少女小圆名场景系列手办盲盒玩具摆件礼物,https://popmart.world.tmall.com/shop/view_shop.htm,https://popmart.world.tmall.com/shop/view_shop.htm,done,泡泡玛特旗舰店,https://detail.tmall.com/item.htm?id=1026659792463,1026659792463,"{""combos"": [{""款式描述"": {""values"": [""随机1个 不支持7天无理由退换货""], ""selected"": ""随机1个 不支持7天无理由退换货""}, ""大小"": {""values"": [""盲盒随机不指定，不支持无理由退货退款""], ""selected"": ""盲盒随机不指定，不支持无理由退货退款""}, ""_combo_price"": ""款式描述=随机1个 不支持7天无理由退换货 | 大小=盲盒随机不指定，不支持无理由退货退款 | ￥79""}, {""款式描述"": {""values"": [""随机1个 不支持7天无理由退换货"", ""整盒6个 不支持7天无理由退换货""], ""selected"": ""整盒6个 不支持7天无理由退换货""}, ""大小"": {""values"": [""盲盒随机不指定，不支持无理由退货退款""], ""selected"": ""盲盒随机不指定，不支持无理由退货退款""}, ""_combo_price"": ""款式描述=整盒6个 不支持7天无理由退换货 | 大小=盲盒随机不指定，不支持无理由退货退款 | ￥474""}]}",款式描述=随机1个 不支持7天无理由退换货 | 大小=盲盒随机不指定，不支持无理由退货退款 | ￥79 || 款式描述=整盒6个 不支持7天无理由退换货 | 大小=盲盒随机不指定，不支持无理由退货退款 | ￥474,"{""IP"": ""魔法少女小圆"", ""出售状态"": ""现货"", ""品牌"": ""POP MART/泡泡玛特"", ""系列名"": ""魔法少女小圆名场景系列手办"", ""款式类型"": ""常规款 隐藏款"", ""大小"": ""盲盒随机不指定，不支持无理由退货退款"", ""款式描述"": ""随机1个 不支持7天无理由退换货 整盒6个 不支持7天无理由退换货""}",https://img.alicdn.com/imgextra/i4/2885348004/O1CN01QVdp6x28ztGaNqoWy_!!4611686018427382436-0-item_pic.jpg | https://img.alicdn.com/imgextra/i2/2885348004/O1CN01mK42Mc28ztFoCSRun_!!2885348004.jpg | https://img.alicdn.com/imgextra/i3/2885348004/O1CN01SYrBqy28ztFoOg2Fp_!!2885348004.jpg | https://img.alicdn.com/imgextra/i3/2885348004/O1CN01c8hLkW28ztGaksD0F_!!2885348004.jpg | https://img.alicdn.com/imgextra/i2/2885348004/O1CN01TtkfGj28ztFohJeLF_!!2885348004.jpg,imgs/1026659792463_01.jpg | imgs/1026659792463_02.jpg | imgs/1026659792463_03.jpg | imgs/1026659792463_04.jpg | imgs/1026659792463_05.jpg
POPMART泡泡玛特Baby Molly和大耳喵的恶作剧手办玩具礼物,https://popmart.world.tmall.com/shop/view_shop.htm,https://popmart.world.tmall.com/shop/view_shop.htm,done,泡泡玛特旗舰店,https://detail.tmall.com/item.htm?id=1032916770585,1032916770585,"{""combos"": [{""商品规格"": {""values"": [""Baby Molly和大耳喵的恶作剧手办""], ""selected"": ""Baby Molly和大耳喵的恶作剧手办""}, ""_combo_price"": ""商品规格=Baby Molly和大耳喵的恶作剧手办 | ￥199""}]}",商品规格=Baby Molly和大耳喵的恶作剧手办 | ￥199,"{""适用年龄"": ""15周岁以上"", ""出售状态"": ""现货"", ""品牌"": ""POP MART/泡泡玛特"", ""型号"": ""Baby Molly和大耳喵的恶作剧手办""}",https://img.alicdn.com/imgextra/i3/2885348004/O1CN01A1yUl028ztGaNq0gD_!!4611686018427382436-0-item_pic.jpg | https://img.alicdn.com/imgextra/i3/2885348004/O1CN01iyRQYk28ztFirBmh5_!!2885348004.jpg | https://img.alicdn.com/imgextra/i4/2885348004/O1CN01Q9Z2ip28ztFeDzkQw_!!2885348004.jpg | https://img.alicdn.com/imgextra/i3/2885348004/O1CN01c8hLkW28ztGaksD0F_!!2885348004.jpg | https://img.alicdn.com/imgextra/i3/2885348004/O1CN01Od2nxN28ztFiedH0E_!!2885348004.jpg,imgs/1032916770585_00.jpg | imgs/1032916770585_01.jpg | imgs/1032916770585_02.jpg | imgs/1032916770585_03.jpg | imgs/1032916770585_04.jpg
POPMART泡泡玛特迪士尼/皮克斯玩具总动员5系列手办盲盒摆件礼物,https://popmart.world.tmall.com/shop/view_shop.htm,https://popmart.world.tmall.com/shop/view_shop.htm,done,泡泡玛特旗舰店,https://detail.tmall.com/item.htm?id=1024946046809,1024946046809,"{""combos"": [{""款式描述"": {""values"": [""随机1个 不支持7天无理由退换货""], ""selected"": ""随机1个 不支持7天无理由退换货""}, ""大小"": {""values"": [""盲盒随机不指定，不支持无理由退货退款""], ""selected"": ""盲盒随机不指定，不支持无理由退货退款""}, ""_combo_price"": ""款式描述=随机1个 不支持7天无理由退换货 | 大小=盲盒随机不指定，不支持无理由退货退款 | ￥69""}, {""款式描述"": {""values"": [""随机1个 不支持7天无理由退换货"", ""整盒9个 不支持7天无理由退换货""], ""selected"": ""整盒9个 不支持7天无理由退换货""}, ""大小"": {""values"": [""盲盒随机不指定，不支持无理由退货退款""], ""selected"": ""盲盒随机不指定，不支持无理由退货退款""}, ""_combo_price"": ""款式描述=整盒9个 不支持7天无理由退换货 | 大小=盲盒随机不指定，不支持无理由退货退款 | ￥621""}]}",款式描述=随机1个 不支持7天无理由退换货 | 大小=盲盒随机不指定，不支持无理由退货退款 | ￥69 || 款式描述=整盒9个 不支持7天无理由退换货 | 大小=盲盒随机不指定，不支持无理由退货退款 | ￥621,"{""IP"": ""迪士尼/皮克斯"", ""出售状态"": ""现货"", ""品牌"": ""POP MART/泡泡玛特"", ""系列名"": ""迪士尼/皮克斯玩具总动员5系列手办"", ""款式类型"": ""常规款 隐藏款"", ""大小"": ""盲盒随机不指定，不支持无理由退货退款"", ""款式描述"": ""随机1个 不支持7天无理由退换货 整盒9个 不支持7天无理由退换货""}",https://img.alicdn.com/imgextra/i3/2885348004/O1CN01VfcbQC28ztGcIehZR_!!4611686018427382436-0-item_pic.jpg | https://img.alicdn.com/imgextra/i3/2885348004/O1CN011tILIa28ztFMHjeAj_!!2885348004.jpg | https://img.alicdn.com/imgextra/i3/2885348004/O1CN01PdAWs428ztFLy5bcI_!!2885348004.jpg | https://img.alicdn.com/imgextra/i3/2885348004/O1CN01c8hLkW28ztGaksD0F_!!2885348004.jpg | https://img.alicdn.com/imgextra/i4/2885348004/O1CN01J4e7x228ztFMXTikN_!!2885348004.jpg,imgs/1024946046809_00.jpg | imgs/1024946046809_01.jpg | imgs/1024946046809_02.jpg | imgs/1024946046809_03.jpg | imgs/1024946046809_04.jpg
POPMART泡泡玛特aespa绒绒萌友系列手机挂绳盲盒玩具礼物,https://popmart.world.tmall.com/shop/view_shop.htm,https://popmart.world.tmall.com/shop/view_shop.htm,done,泡泡玛特旗舰店,https://detail.tmall.com/item.htm?id=1025856325015,1025856325015,"{""combos"": [{""款式描述"": {""values"": [""随机1个(限购4个) 不支持7天无理由退换货""], ""selected"": ""随机1个(限购4个) 不支持7天无理由退换货""}, ""大小"": {""values"": [""盲盒随机不指定，不支持无理由退货退款""], ""selected"": ""盲盒随机不指定，不支持无理由退货退款""}, ""_combo_price"": ""款式描述=随机1个(限购4个) 不支持7天无理由退换货 | 大小=盲盒随机不指定，不支持无理由退货退款 | ￥79""}, {""款式描述"": {""values"": [""随机1个(限购4个) 不支持7天无理由退换货"", ""整盒4个(限购1盒) 不支持7天无理由退换货""], ""selected"": ""整盒4个(限购1盒) 不支持7天无理由退换货""}, ""大小"": {""values"": [""盲盒随机不指定，不支持无理由退货退款""], ""selected"": ""盲盒随机不指定，不支持无理由退货退款""}, ""_combo_price"": ""款式描述=整盒4个(限购1盒) 不支持7天无理由退换货 | 大小=盲盒随机不指定，不支持无理由退货退款 | ￥316""}]}",款式描述=随机1个(限购4个) 不支持7天无理由退换货 | 大小=盲盒随机不指定，不支持无理由退货退款 | ￥79 || 款式描述=整盒4个(限购1盒) 不支持7天无理由退换货 | 大小=盲盒随机不指定，不支持无理由退货退款 | ￥316,"{""IP"": ""aespa"", ""出售状态"": ""现货"", ""品牌"": ""POP MART/泡泡玛特"", ""系列名"": ""aespa绒绒萌友系列手机挂绳"", ""款式类型"": ""常规款 隐藏款"", ""大小"": ""盲盒随机不指定，不支持无理由退货退款"", ""款式描述"": ""随机1个(限购4个) 不支持7天无理由退换货 整盒4个(限购1盒) 不支持7天无理由退换货""}",https://img.alicdn.com/imgextra/i2/2885348004/O1CN01YW7Kx128ztGabtkk6_!!4611686018427382436-0-item_pic.jpg | https://img.alicdn.com/imgextra/i3/2885348004/O1CN01lDCIAI28ztFMt6VPw_!!2885348004.jpg | https://img.alicdn.com/imgextra/i1/2885348004/O1CN01Ee64vp28ztFHkkcpc_!!2885348004.jpg | https://img.alicdn.com/imgextra/i3/2885348004/O1CN01c8hLkW28ztGaksD0F_!!2885348004.jpg | https://img.alicdn.com/imgextra/i4/2885348004/O1CN01Bo0dS528ztFHklZ3l_!!2885348004.jpg,imgs/1025856325015_00.jpg | imgs/1025856325015_01.jpg | imgs/1025856325015_02.jpg | imgs/1025856325015_03.jpg | imgs/1025856325015_04.jpg
POPMART泡泡玛特猫和老鼠搞怪乐园系列手办盲盒玩具摆件礼物,https://popmart.world.tmall.com/shop/view_shop.htm,https://popmart.world.tmall.com/shop/view_shop.htm,done,泡泡玛特旗舰店,https://detail.tmall.com/item.htm?id=1005358568526,1005358568526,"{""combos"": [{""款式描述"": {""values"": [""随机1个 不支持7天无理由退换货""], ""selected"": ""随机1个 不支持7天无理由退换货""}, ""大小"": {""values"": [""盲盒随机不指定，不支持无理由退货退款""], ""selected"": ""盲盒随机不指定，不支持无理由退货退款""}, ""_combo_price"": ""款式描述=随机1个 不支持7天无理由退换货 | 大小=盲盒随机不指定，不支持无理由退货退款 | ￥69""}]}",款式描述=随机1个 不支持7天无理由退换货 | 大小=盲盒随机不指定，不支持无理由退货退款 | ￥69,"{""IP"": ""猫和老鼠"", ""出售状态"": ""现货"", ""品牌"": ""POP MART/泡泡玛特"", ""系列名"": ""猫和老鼠搞怪乐园系列手办"", ""款式类型"": ""常规款 隐藏款"", ""大小"": ""盲盒随机不指定，不支持无理由退货退款"", ""款式描述"": ""随机1个 不支持7天无理由退换货 整盒9个 不支持7天无理由退换货""}",https://img.alicdn.com/imgextra/i4/2885348004/O1CN01R6GbNG28ztGab5smn_!!4611686018427382436-0-item_pic.jpg | https://img.alicdn.com/imgextra/i4/2885348004/O1CN015E15CI28ztEPRWukJ_!!2885348004.jpg | https://img.alicdn.com/imgextra/i4/2885348004/O1CN01xcTR1n28ztEPxHaRZ_!!2885348004.jpg | https://img.alicdn.com/imgextra/i3/2885348004/O1CN01c8hLkW28ztGaksD0F_!!2885348004.jpg | https://img.alicdn.com/imgextra/i3/2885348004/O1CN01SfKE7U28ztEPOBwnK_!!2885348004.jpg,imgs/1005358568526_01.jpg | imgs/1005358568526_02.jpg | imgs/1005358568526_03.jpg | imgs/1005358568526_04.jpg | imgs/1005358568526_05.jpg
POPMART泡泡玛特迪士尼奇奇蒂蒂玩闹兄弟系列手办盲盒礼物,https://popmart.world.tmall.com/shop/view_shop.htm,https://popmart.world.tmall.com/shop/view_shop.htm,done,泡泡玛特旗舰店,https://detail.tmall.com/item.htm?id=972621430136,972621430136,"{""combos"": [{""款式描述"": {""values"": [""随机1个 不支持7天无理由退换货""], ""selected"": ""随机1个 不支持7天无理由退换货""}, ""大小"": {""values"": [""盲盒随机不指定，不支持无理由退货退款""], ""selected"": ""盲盒随机不指定，不支持无理由退货退款""}, ""_combo_price"": ""款式描述=随机1个 不支持7天无理由退换货 | 大小=盲盒随机不指定，不支持无理由退货退款 | 平台加补后￥59""}, {""款式描述"": {""values"": [""随机1个 不支持7天无理由退换货"", ""整盒12个 不支持7天无理由退换货""], ""selected"": ""整盒12个 不支持7天无理由退换货""}, ""大小"": {""values"": [""盲盒随机不指定，不支持无理由退货退款""], ""selected"": ""盲盒随机不指定，不支持无理由退货退款""}, ""_combo_price"": ""款式描述=整盒12个 不支持7天无理由退换货 | 大小=盲盒随机不指定，不支持无理由退货退款 | 平台加补后￥713""}]}",款式描述=随机1个 不支持7天无理由退换货 | 大小=盲盒随机不指定，不支持无理由退货退款 | 平台加补后￥59 || 款式描述=整盒12个 不支持7天无理由退换货 | 大小=盲盒随机不指定，不支持无理由退货退款 | 平台加补后￥713,"{""品牌"": ""POP MART/泡泡玛特"", ""系列名"": ""迪士尼奇奇蒂蒂玩闹兄弟系列手办"", ""款式类型"": ""常规款 隐藏款"", ""大小"": ""盲盒随机不指定，不支持无理由退货退款"", ""款式描述"": ""随机1个 不支持7天无理由退换货 整盒12个 不支持7天无理由退换货""}",https://img.alicdn.com/imgextra/i2/2885348004/O1CN01WIDLko28ztGabaNBq_!!4611686018427382436-0-item_pic.jpg | https://img.alicdn.com/imgextra/i4/2885348004/O1CN01thl6ke28ztCMQUBXV_!!2885348004.jpg | https://img.alicdn.com/imgextra/i1/2885348004/O1CN01pwj2Ak28ztCOjOAGq_!!2885348004.jpg | https://img.alicdn.com/imgextra/i3/2885348004/O1CN01c8hLkW28ztGaksD0F_!!2885348004.jpg | https://img.alicdn.com/imgextra/i4/2885348004/O1CN01HFt9Fe28ztCNhsMvJ_!!2885348004.jpg,imgs/972621430136_00.jpg | imgs/972621430136_01.jpg | imgs/972621430136_02.jpg | imgs/972621430136_03.jpg | imgs/972621430136_04.jpg
POPMART泡泡玛特MEGA SPACE MOLLY 400% 擎天柱摆件,https://popmart.world.tmall.com/shop/view_shop.htm,https://popmart.world.tmall.com/shop/view_shop.htm,done,泡泡玛特旗舰店,https://detail.tmall.com/item.htm?id=896920147690,896920147690,"{""combos"": [{""颜色分类"": {""values"": [""MEGA SPACE MOLLY 400% 擎天柱""], ""selected"": ""MEGA SPACE MOLLY 400% 擎天柱""}, ""_combo_price"": ""颜色分类=MEGA SPACE MOLLY 400% 擎天柱 | ￥1299""}]}",颜色分类=MEGA SPACE MOLLY 400% 擎天柱 | ￥1299,"{""品牌"": ""POP MART/泡泡玛特"", ""出售状态"": ""现货"", ""系列"": ""MEGA"", ""品名"": ""MEGA SPACE MOLLY 400% 擎天柱"", ""颜色分类"": ""MEGA SPACE MOLLY 400% 擎天柱""}",https://img.alicdn.com/imgextra/i1/2885348004/O1CN01N78I0F28ztGAQFPO6_!!4611686018427382436-0-item_pic.jpg | https://img.alicdn.com/imgextra/i3/2885348004/O1CN01Hdw60H28zt9drH118_!!2885348004.jpg | https://img.alicdn.com/imgextra/i2/2885348004/O1CN012x0KRu28zt9c8GQqm_!!2885348004.jpg | https://img.alicdn.com/imgextra/i4/2885348004/O1CN01lUeErF28zt9bwFhND_!!2885348004.jpg | https://img.alicdn.com/imgextra/i2/2885348004/O1CN01l5sSWR28zt9cbh81Q_!!2885348004.jpg,imgs/896920147690_00.jpg | imgs/896920147690_01.jpg | imgs/896920147690_02.jpg | imgs/896920147690_03.jpg | imgs/896920147690_04.jpg
POPMART泡泡玛特SKULLPANDA进退之门系列冰箱贴盲盒周边礼物,https://popmart.world.tmall.com/shop/view_shop.htm,https://popmart.world.tmall.com/shop/view_shop.htm,done,泡泡玛特旗舰店,https://detail.tmall.com/item.htm?id=937491613185,937491613185,"{""combos"": [{""款式描述"": {""values"": [""随机1个 不支持7天无理由退换货""], ""selected"": ""随机1个 不支持7天无理由退换货""}, ""大小"": {""values"": [""盲盒随机不指定，不支持无理由退货退款""], ""selected"": ""盲盒随机不指定，不支持无理由退货退款""}, ""_combo_price"": ""款式描述=随机1个 不支持7天无理由退换货 | 大小=盲盒随机不指定，不支持无理由退货退款 | ￥59""}, {""款式描述"": {""values"": [""随机1个 不支持7天无理由退换货"", ""整盒4个 不支持7天无理由退换货""], ""selected"": ""整盒4个 不支持7天无理由退换货""}, ""大小"": {""values"": [""盲盒随机不指定，不支持无理由退货退款""], ""selected"": ""盲盒随机不指定，不支持无理由退货退款""}, ""_combo_price"": ""款式描述=整盒4个 不支持7天无理由退换货 | 大小=盲盒随机不指定，不支持无理由退货退款 | ￥236""}]}",款式描述=随机1个 不支持7天无理由退换货 | 大小=盲盒随机不指定，不支持无理由退货退款 | ￥59 || 款式描述=整盒4个 不支持7天无理由退换货 | 大小=盲盒随机不指定，不支持无理由退货退款 | ￥236,"{""IP"": ""SKULLPANDA进退之门"", ""出售状态"": ""现货"", ""品牌"": ""POP MART/泡泡玛特"", ""系列名"": ""SKULLPANDA进退之门系列冰箱贴"", ""大小"": ""盲盒随机不指定，不支持无理由退货退款"", ""款式描述"": ""随机1个 不支持7天无理由退换货 整盒4个 不支持7天无理由退换货""}",https://img.alicdn.com/imgextra/i2/2885348004/O1CN01Z2Kymn28ztGaO21eT_!!4611686018427382436-0-item_pic.jpg | https://img.alicdn.com/imgextra/i4/2885348004/O1CN01I7jdzo28ztB136XLa_!!2885348004.jpg | https://img.alicdn.com/imgextra/i2/2885348004/O1CN01rMdnSO28ztB1TSWxJ_!!2885348004.jpg | https://img.alicdn.com/imgextra/i2/2885348004/O1CN01xRYkmJ28ztB06gCxZ_!!2885348004.jpg,imgs/937491613185_00.jpg | imgs/937491613185_01.jpg | imgs/937491613185_02.jpg | imgs/937491613185_03.jpg
POPMART泡泡玛特THE MONSTERS 十周年系列手办盲盒LABUBU礼物,https://popmart.world.tmall.com/shop/view_shop.htm,https://popmart.world.tmall.com/shop/view_shop.htm,done,泡泡玛特旗舰店,https://detail.tmall.com/item.htm?id=987084819701,987084819701,"{""combos"": [{""款式描述"": {""values"": [""随机1个 不支持7天无理由退换货""], ""selected"": ""随机1个 不支持7天无理由退换货""}, ""大小"": {""values"": [""盲盒随机不指定，不支持无理由退货退款""], ""selected"": ""盲盒随机不指定，不支持无理由退货退款""}, ""_combo_price"": ""款式描述=随机1个 不支持7天无理由退换货 | 大小=盲盒随机不指定，不支持无理由退货退款 | ￥59""}, {""款式描述"": {""values"": [""随机1个 不支持7天无理由退换货"", ""整盒9个 不支持7天无理由退换货""], ""selected"": ""整盒9个 不支持7天无理由退换货""}, ""大小"": {""values"": [""盲盒随机不指定，不支持无理由退货退款""], ""selected"": ""盲盒随机不指定，不支持无理由退货退款""}, ""_combo_price"": ""款式描述=整盒9个 不支持7天无理由退换货 | 大小=盲盒随机不指定，不支持无理由退货退款 | ￥531""}]}",款式描述=随机1个 不支持7天无理由退换货 | 大小=盲盒随机不指定，不支持无理由退货退款 | ￥59 || 款式描述=整盒9个 不支持7天无理由退换货 | 大小=盲盒随机不指定，不支持无理由退货退款 | ￥531,"{""IP"": ""THE MONSTERS"", ""出售状态"": ""现货"", ""品牌"": ""POP MART/泡泡玛特"", ""系列名"": ""THE MONSTERS 十周年系列手办"", ""款式类型"": ""常规款 隐藏款"", ""大小"": ""盲盒随机不指定，不支持无理由退货退款"", ""款式描述"": ""随机1个 不支持7天无理由退换货 整盒9个 不支持7天无理由退换货""}",https://img.alicdn.com/imgextra/i4/2885348004/O1CN01wgge6n28ztGaQwlHQ_!!4611686018427382436-0-item_pic.jpg | https://img.alicdn.com/imgextra/i4/2885348004/O1CN019w7tqV28ztEJE3VqJ_!!2885348004.jpg | https://img.alicdn.com/imgextra/i3/2885348004/O1CN01s6bskh28ztEKPJf4K_!!2885348004.jpg | https://img.alicdn.com/imgextra/i3/2885348004/O1CN01c8hLkW28ztGaksD0F_!!2885348004.jpg | https://img.alicdn.com/imgextra/i3/2885348004/O1CN01OFtB5B28ztEKKBaWE_!!2885348004.jpg,imgs/987084819701_01.jpg | imgs/987084819701_02.jpg | imgs/987084819701_03.jpg | imgs/987084819701_04.jpg | imgs/987084819701_05.jpg
POPMART泡泡玛特Baby Molly果色添香系列手机挂链盲盒周边,https://popmart.world.tmall.com/shop/view_shop.htm,https://popmart.world.tmall.com/shop/view_shop.htm,done,泡泡玛特旗舰店,https://detail.tmall.com/item.htm?id=969772948317,969772948317,"{""combos"": [{""款式描述"": {""values"": [""随机1个(限购6个) 不支持7天无理由退换货""], ""selected"": ""随机1个(限购6个) 不支持7天无理由退换货""}, ""大小"": {""values"": [""盲盒随机不指定，不支持无理由退货退款""], ""selected"": ""盲盒随机不指定，不支持无理由退货退款""}, ""_combo_price"": ""款式描述=随机1个(限购6个) 不支持7天无理由退换货 | 大小=盲盒随机不指定，不支持无理由退货退款 | ￥69""}, {""款式描述"": {""values"": [""随机1个(限购6个) 不支持7天无理由退换货"", ""整盒6个(限购1盒) 不支持7天无理由退换货""], ""selected"": ""整盒6个(限购1盒) 不支持7天无理由退换货""}, ""大小"": {""values"": [""盲盒随机不指定，不支持无理由退货退款""], ""selected"": ""盲盒随机不指定，不支持无理由退货退款""}, ""_combo_price"": ""款式描述=整盒6个(限购1盒) 不支持7天无理由退换货 | 大小=盲盒随机不指定，不支持无理由退货退款 | ￥414""}]}",款式描述=随机1个(限购6个) 不支持7天无理由退换货 | 大小=盲盒随机不指定，不支持无理由退货退款 | ￥69 || 款式描述=整盒6个(限购1盒) 不支持7天无理由退换货 | 大小=盲盒随机不指定，不支持无理由退货退款 | ￥414,"{""品牌"": ""POP MART/泡泡玛特"", ""系列名"": ""Baby Molly果色添香系列-手机挂链盲盒"", ""大小"": ""盲盒随机不指定，不支持无理由退货退款"", ""款式描述"": ""随机1个(限购6个) 不支持7天无理由退换货 整盒6个(限购1盒) 不支持7天无理由退换货""}",https://img.alicdn.com/imgextra/i4/2885348004/O1CN01lZDOij28ztGcIeUvx_!!4611686018427382436-0-item_pic.jpg | https://img.alicdn.com/imgextra/i1/2885348004/O1CN01XYY4Am28ztCGChV2n_!!2885348004.jpg | https://img.alicdn.com/imgextra/i4/2885348004/O1CN01vypChe28ztCFyCH04_!!2885348004.jpg | https://img.alicdn.com/imgextra/i3/2885348004/O1CN01c8hLkW28ztGaksD0F_!!2885348004.jpg | https://img.alicdn.com/imgextra/i2/2885348004/O1CN01HoXP3D28ztCF4IMz6_!!2885348004.jpg,imgs/969772948317_00.jpg | imgs/969772948317_01.jpg | imgs/969772948317_02.jpg | imgs/969772948317_03.jpg | imgs/969772948317_04.jpg
POPMART泡泡玛特MOLLY沿途的风景系列冰箱贴盲盒居家周边礼物,https://popmart.world.tmall.com/shop/view_shop.htm,https://popmart.world.tmall.com/shop/view_shop.htm,done,泡泡玛特旗舰店,https://detail.tmall.com/item.htm?id=1019290452551,1019290452551,"{""combos"": [{""款式描述"": {""values"": [""随机1个 不支持7天无理由退换货""], ""selected"": ""随机1个 不支持7天无理由退换货""}, ""大小"": {""values"": [""盲盒随机不指定，不支持无理由退货退款""], ""selected"": ""盲盒随机不指定，不支持无理由退货退款""}, ""_combo_price"": ""款式描述=随机1个 不支持7天无理由退换货 | 大小=盲盒随机不指定，不支持无理由退货退款 | ￥59""}, {""款式描述"": {""values"": [""随机1个 不支持7天无理由退换货"", ""整盒6个 不支持7天无理由退换货""], ""selected"": ""整盒6个 不支持7天无理由退换货""}, ""大小"": {""values"": [""盲盒随机不指定，不支持无理由退货退款""], ""selected"": ""盲盒随机不指定，不支持无理由退货退款""}, ""_combo_price"": ""款式描述=整盒6个 不支持7天无理由退换货 | 大小=盲盒随机不指定，不支持无理由退货退款 | ￥354""}]}",款式描述=随机1个 不支持7天无理由退换货 | 大小=盲盒随机不指定，不支持无理由退货退款 | ￥59 || 款式描述=整盒6个 不支持7天无理由退换货 | 大小=盲盒随机不指定，不支持无理由退货退款 | ￥354,"{""IP"": ""MOLLY"", ""出售状态"": ""现货"", ""品牌"": ""POP MART/泡泡玛特"", ""系列名"": ""MOLLY沿途的风景系列-冰箱贴盲盒"", ""款式类型"": ""常规款 隐藏款"", ""大小"": ""盲盒随机不指定，不支持无理由退货退款"", ""款式描述"": ""随机1个 不支持7天无理由退换货 整盒6个 不支持7天无理由退换货""}",https://img.alicdn.com/imgextra/i4/2885348004/O1CN01ULhXBP28ztGabu9eu_!!4611686018427382436-0-item_pic.jpg | https://img.alicdn.com/imgextra/i3/2885348004/O1CN013Kk9I828ztEuX6i99_!!2885348004.jpg | https://img.alicdn.com/imgextra/i3/2885348004/O1CN01eWqkM028ztEukwIRR_!!2885348004.jpg | https://img.alicdn.com/imgextra/i3/2885348004/O1CN01c8hLkW28ztGaksD0F_!!2885348004.jpg | https://img.alicdn.com/imgextra/i1/2885348004/O1CN01BOdrkO28ztEueivPu_!!2885348004.jpg,imgs/1019290452551_00.jpg | imgs/1019290452551_01.jpg | imgs/1019290452551_02.jpg | imgs/1019290452551_03.jpg | imgs/1019290452551_04.jpg
POPMART泡泡玛特 天猫抽盒机次数适用39元盲盒手办不支持退货退款,https://popmart.world.tmall.com/shop/view_shop.htm,https://popmart.world.tmall.com/shop/view_shop.htm,done,泡泡玛特旗舰店,https://detail.tmall.com/item.htm?id=599040860373,599040860373,"{""combos"": [{""款式描述"": {""values"": [""39元抽盒机次数--虚拟商品【不支持退款 】""], ""selected"": ""39元抽盒机次数--虚拟商品【不支持退款 】""}, ""_combo_price"": ""款式描述=39元抽盒机次数--虚拟商品【不支持退款 】 | ￥39""}]}",款式描述=39元抽盒机次数--虚拟商品【不支持退款 】 | ￥39,"{""IP"": ""39元抽盒机"", ""出售状态"": ""全款预售"", ""品牌"": ""POP MART/泡泡玛特"", ""系列名"": ""39元抽盒机"", ""款式描述"": ""39元抽盒机次数--虚拟商品【不支持退款 】""}",https://img.alicdn.com/imgextra/i2/2885348004/O1CN0104LnQj28ztGMcKmvV_!!4611686018427382436-0-item_pic.jpg | https://img.alicdn.com/imgextra/i1/2885348004/O1CN01kL8Ljp28ztGL2d0f1_!!2885348004.jpg | https://img.alicdn.com/imgextra/i4/2885348004/O1CN01LWzg5W28ztGKmTAck_!!2885348004.jpg | https://img.alicdn.com/imgextra/i2/2885348004/O1CN01XGbX4t28ztGL2Eaou_!!2885348004.jpg,imgs/599040860373_00.jpg | imgs/599040860373_01.jpg | imgs/599040860373_02.jpg | imgs/599040860373_03.jpg
POPMART泡泡玛特 天猫抽盒机次数适用119元盲盒 不支持退货退款,https://popmart.world.tmall.com/shop/view_shop.htm,https://popmart.world.tmall.com/shop/view_shop.htm,done,泡泡玛特旗舰店,https://detail.tmall.com/item.htm?id=1024305207568,1024305207568,"{""combos"": [{""商品规格"": {""values"": [""119元抽盒机次数--虚拟商品【不支持退款 】""], ""selected"": ""119元抽盒机次数--虚拟商品【不支持退款 】""}, ""_combo_price"": ""商品规格=119元抽盒机次数--虚拟商品【不支持退款 】 | ￥119""}]}",商品规格=119元抽盒机次数--虚拟商品【不支持退款 】 | ￥119,"{""IP"": ""119元天猫抽盒机次数"", ""出售状态"": ""全款预售"", ""品牌"": ""POP MART/泡泡玛特"", ""系列名"": ""119元天猫抽盒机次数""}",https://img.alicdn.com/imgextra/i1/2885348004/O1CN01eb8XoS28ztGL8vIUX_!!4611686018427382436-0-item_pic.jpg | https://img.alicdn.com/imgextra/i2/2885348004/O1CN01ijPyYL28ztGKnFNIf_!!2885348004.jpg | https://img.alicdn.com/imgextra/i3/2885348004/O1CN01aHXqVA28ztGLCQMab_!!2885348004.jpg | https://img.alicdn.com/imgextra/i1/2885348004/O1CN01mYwtIs28ztGKnHNzB_!!2885348004.jpg,imgs/1024305207568_00.jpg | imgs/1024305207568_01.jpg | imgs/1024305207568_02.jpg | imgs/1024305207568_03.jpg
POPMART泡泡玛特PUCKY 敲敲系列挂件盲盒周边礼物,https://popmart.world.tmall.com/shop/view_shop.htm,https://popmart.world.tmall.com/shop/view_shop.htm,done,泡泡玛特旗舰店,https://detail.tmall.com/item.htm?id=1007480924119,1007480924119,"{""combos"": [{""款式描述"": {""values"": [""随机1个 不支持7天无理由退换货""], ""selected"": ""随机1个 不支持7天无理由退换货""}, ""大小"": {""values"": [""盲盒随机不指定，不支持无理由退货退款""], ""selected"": ""盲盒随机不指定，不支持无理由退货退款""}, ""_combo_price"": ""款式描述=随机1个 不支持7天无理由退换货 | 大小=盲盒随机不指定，不支持无理由退货退款 | ￥79""}, {""款式描述"": {""values"": [""随机1个 不支持7天无理由退换货"", ""整盒6个 不支持7天无理由退换货""], ""selected"": ""整盒6个 不支持7天无理由退换货""}, ""大小"": {""values"": [""盲盒随机不指定，不支持无理由退货退款""], ""selected"": ""盲盒随机不指定，不支持无理由退货退款""}, ""_combo_price"": ""款式描述=整盒6个 不支持7天无理由退换货 | 大小=盲盒随机不指定，不支持无理由退货退款 | ￥474""}]}",款式描述=随机1个 不支持7天无理由退换货 | 大小=盲盒随机不指定，不支持无理由退货退款 | ￥79 || 款式描述=整盒6个 不支持7天无理由退换货 | 大小=盲盒随机不指定，不支持无理由退货退款 | ￥474,"{""IP"": ""PUCKY"", ""出售状态"": ""现货"", ""品牌"": ""POP MART/泡泡玛特"", ""系列名"": ""PUCKY 敲敲系列 - 挂件盲盒"", ""款式类型"": ""常规款 隐藏款"", ""大小"": ""盲盒随机不指定，不支持无理由退货退款"", ""款式描述"": ""随机1个 不支持7天无理由退换货 整盒6个 不支持7天无理由退换货""}",https://img.alicdn.com/imgextra/i4/2885348004/O1CN01YAjzDE28ztGbJ3EMD_!!4611686018427382436-0-item_pic.jpg | https://img.alicdn.com/imgextra/i2/2885348004/O1CN01jZHLhg28ztE1BAqID_!!2885348004.jpg | https://img.alicdn.com/imgextra/i4/2885348004/O1CN01IP3peH28ztE0sn5qz_!!2885348004.jpg | https://img.alicdn.com/imgextra/i3/2885348004/O1CN01c8hLkW28ztGaksD0F_!!2885348004.jpg | https://img.alicdn.com/imgextra/i2/2885348004/O1CN01tu1Hml28ztE1orkCF_!!2885348004.jpg,imgs/1007480924119_00.jpg | imgs/1007480924119_01.jpg | imgs/1007480924119_02.jpg | imgs/1007480924119_03.jpg | imgs/1007480924119_04.jpg
POPMART泡泡玛特HACIPUPU小馋包系列1/12可动人偶盲盒玩具礼物,https://popmart.world.tmall.com/shop/view_shop.htm,https://popmart.world.tmall.com/shop/view_shop.htm,done,泡泡玛特旗舰店,https://detail.tmall.com/item.htm?id=987639462997,987639462997,"{""combos"": [{""款式描述"": {""values"": [""随机1个 不支持7天无理由退换货""], ""selected"": ""随机1个 不支持7天无理由退换货""}, ""大小"": {""values"": [""盲盒随机不指定，不支持无理由退货退款""], ""selected"": ""盲盒随机不指定，不支持无理由退货退款""}, ""_combo_price"": ""款式描述=随机1个 不支持7天无理由退换货 | 大小=盲盒随机不指定，不支持无理由退货退款 | ￥299""}, {""款式描述"": {""values"": [""随机1个 不支持7天无理由退换货"", ""整盒3个 不支持7天无理由退换货""], ""selected"": ""整盒3个 不支持7天无理由退换货""}, ""大小"": {""values"": [""盲盒随机不指定，不支持无理由退货退款""], ""selected"": ""盲盒随机不指定，不支持无理由退货退款""}, ""_combo_price"": ""款式描述=整盒3个 不支持7天无理由退换货 | 大小=盲盒随机不指定，不支持无理由退货退款 | ￥897""}]}",款式描述=随机1个 不支持7天无理由退换货 | 大小=盲盒随机不指定，不支持无理由退货退款 | ￥299 || 款式描述=整盒3个 不支持7天无理由退换货 | 大小=盲盒随机不指定，不支持无理由退货退款 | ￥897,"{""IP"": ""HACIPUPU"", ""出售状态"": ""现货"", ""品牌"": ""POP MART/泡泡玛特"", ""系列名"": ""HACIPUPU小馋包系列1/12可动人偶"", ""款式类型"": ""常规款 隐藏款"", ""大小"": ""盲盒随机不指定，不支持无理由退货退款"", ""款式描述"": ""随机1个 不支持7天无理由退换货 整盒3个 不支持7天无理由退换货""}",https://img.alicdn.com/imgextra/i1/2885348004/O1CN01qFp9PY28ztGacLdqC_!!4611686018427382436-0-item_pic.jpg | https://img.alicdn.com/imgextra/i4/2885348004/O1CN01Jm2DuA28ztDfGZnhQ_!!2885348004.jpg | https://img.alicdn.com/imgextra/i3/2885348004/O1CN01qckepv28ztDdtJWKa_!!2885348004.jpg | https://img.alicdn.com/imgextra/i3/2885348004/O1CN01c8hLkW28ztGaksD0F_!!2885348004.jpg | https://img.alicdn.com/imgextra/i1/2885348004/O1CN01go31gW28ztDeYRFaG_!!2885348004.jpg,imgs/987639462997_00.jpg | imgs/987639462997_01.jpg | imgs/987639462997_02.jpg | imgs/987639462997_03.jpg | imgs/987639462997_04.jpg
POPMART泡泡玛特小野Hirono 回声系列盲盒挂链周边,https://popmart.world.tmall.com/shop/view_shop.htm,https://popmart.world.tmall.com/shop/view_shop.htm,done,泡泡玛特旗舰店,https://detail.tmall.com/item.htm?id=906103045464,906103045464,"{""combos"": [{""款式描述"": {""values"": [""随机1个 不支持7天无理由退换货""], ""selected"": ""随机1个 不支持7天无理由退换货""}, ""大小"": {""values"": [""盲盒随机不指定，不支持无理由退货退款""], ""selected"": ""盲盒随机不指定，不支持无理由退货退款""}, ""_combo_price"": ""款式描述=随机1个 不支持7天无理由退换货 | 大小=盲盒随机不指定，不支持无理由退货退款 | ￥59""}, {""款式描述"": {""values"": [""随机1个 不支持7天无理由退换货"", ""整盒6个 不支持7天无理由退换货""], ""selected"": ""整盒6个 不支持7天无理由退换货""}, ""大小"": {""values"": [""盲盒随机不指定，不支持无理由退货退款""], ""selected"": ""盲盒随机不指定，不支持无理由退货退款""}, ""_combo_price"": ""款式描述=整盒6个 不支持7天无理由退换货 | 大小=盲盒随机不指定，不支持无理由退货退款 | ￥354""}]}",款式描述=随机1个 不支持7天无理由退换货 | 大小=盲盒随机不指定，不支持无理由退货退款 | ￥59 || 款式描述=整盒6个 不支持7天无理由退换货 | 大小=盲盒随机不指定，不支持无理由退货退款 | ￥354,"{""IP"": ""Hirono"", ""出售状态"": ""现货"", ""品牌"": ""POP MART/泡泡玛特"", ""系列名"": ""Hirono 回声系列 - 盲盒挂链"", ""大小"": ""盲盒随机不指定，不支持无理由退货退款"", ""款式描述"": ""随机1个 不支持7天无理由退换货 整盒6个 不支持7天无理由退换货""}",https://img.alicdn.com/imgextra/i3/2885348004/O1CN01RoulD528ztGabbNUD_!!4611686018427382436-0-item_pic.jpg | https://img.alicdn.com/imgextra/i4/2885348004/O1CN01kX8cmW28zt9jOOv6J_!!2885348004.jpg | https://img.alicdn.com/imgextra/i1/2885348004/O1CN016OF05228zt9kOaP1E_!!2885348004.jpg | https://img.alicdn.com/imgextra/i3/2885348004/O1CN01c8hLkW28ztGaksD0F_!!2885348004.jpg | https://img.alicdn.com/imgextra/i4/2885348004/O1CN01SDWA9g28zt9kI2LO1_!!2885348004.jpg,imgs/906103045464_00.jpg | imgs/906103045464_01.jpg | imgs/906103045464_02.jpg | imgs/906103045464_03.jpg | imgs/906103045464_04.jpg
POPMART泡泡玛特炉石传说 酒馆传奇系列手办盲盒摆件玩具礼物,https://popmart.world.tmall.com/shop/view_shop.htm,https://popmart.world.tmall.com/shop/view_shop.htm,done,泡泡玛特旗舰店,https://detail.tmall.com/item.htm?id=994688027327,994688027327,"{""combos"": [{""款式描述"": {""values"": [""随机1个 不支持7天无理由退换货""], ""selected"": ""随机1个 不支持7天无理由退换货""}, ""大小"": {""values"": [""盲盒随机不指定，不支持无理由退货退款""], ""selected"": ""盲盒随机不指定，不支持无理由退货退款""}, ""_combo_price"": ""款式描述=随机1个 不支持7天无理由退换货 | 大小=盲盒随机不指定，不支持无理由退货退款 | ￥129""}, {""款式描述"": {""values"": [""随机1个 不支持7天无理由退换货"", ""整盒9个 不支持7天无理由退换货""], ""selected"": ""整盒9个 不支持7天无理由退换货""}, ""大小"": {""values"": [""盲盒随机不指定，不支持无理由退货退款""], ""selected"": ""盲盒随机不指定，不支持无理由退货退款""}, ""_combo_price"": ""款式描述=整盒9个 不支持7天无理由退换货 | 大小=盲盒随机不指定，不支持无理由退货退款 | ￥1161""}]}",款式描述=随机1个 不支持7天无理由退换货 | 大小=盲盒随机不指定，不支持无理由退货退款 | ￥129 || 款式描述=整盒9个 不支持7天无理由退换货 | 大小=盲盒随机不指定，不支持无理由退货退款 | ￥1161,"{""IP"": ""炉石传说"", ""出售状态"": ""现货"", ""品牌"": ""POP MART/泡泡玛特"", ""系列名"": ""炉石传说 酒馆传奇系列手办"", ""款式类型"": ""常规款 隐藏款"", ""大小"": ""盲盒随机不指定，不支持无理由退货退款"", ""款式描述"": ""随机1个 不支持7天无理由退换货 整盒9个 不支持7天无理由退换货""}",https://img.alicdn.com/imgextra/i3/2885348004/O1CN010FiML528ztGcIdpPP_!!4611686018427382436-0-item_pic.jpg | https://img.alicdn.com/imgextra/i4/2885348004/O1CN01AEgOoY28ztDTicEla_!!2885348004.jpg | https://img.alicdn.com/imgextra/i3/2885348004/O1CN01ZQLz7w28ztDUDbdV0_!!2885348004.jpg | https://img.alicdn.com/imgextra/i3/2885348004/O1CN01c8hLkW28ztGaksD0F_!!2885348004.jpg | https://img.alicdn.com/imgextra/i4/2885348004/O1CN01CPvAJf28ztDVPdnq8_!!2885348004.jpg,imgs/994688027327_01.jpg | imgs/994688027327_02.jpg | imgs/994688027327_03.jpg | imgs/994688027327_04.jpg | imgs/994688027327_05.jpg
POPMART泡泡玛特共鸣跃动青春“耀眼的你”系列手办第二弹盲盒,https://popmart.world.tmall.com/shop/view_shop.htm,https://popmart.world.tmall.com/shop/view_shop.htm,done,泡泡玛特旗舰店,https://detail.tmall.com/item.htm?id=967904919474,967904919474,"{""combos"": [{""款式描述"": {""values"": [""随机1个 不支持7天无理由退换货""], ""selected"": ""随机1个 不支持7天无理由退换货""}, ""大小"": {""values"": [""盲盒随机不指定，不支持无理由退货退款""], ""selected"": ""盲盒随机不指定，不支持无理由退货退款""}, ""_combo_price"": ""款式描述=随机1个 不支持7天无理由退换货 | 大小=盲盒随机不指定，不支持无理由退货退款 | 平台加补后￥55""}, {""款式描述"": {""values"": [""随机1个 不支持7天无理由退换货"", ""整盒6个 不支持7天无理由退换货""], ""selected"": ""整盒6个 不支持7天无理由退换货""}, ""大小"": {""values"": [""盲盒随机不指定，不支持无理由退货退款""], ""selected"": ""盲盒随机不指定，不支持无理由退货退款""}, ""_combo_price"": ""款式描述=整盒6个 不支持7天无理由退换货 | 大小=盲盒随机不指定，不支持无理由退货退款 | 平台加补后￥328""}]}",款式描述=随机1个 不支持7天无理由退换货 | 大小=盲盒随机不指定，不支持无理由退货退款 | 平台加补后￥55 || 款式描述=整盒6个 不支持7天无理由退换货 | 大小=盲盒随机不指定，不支持无理由退货退款 | 平台加补后￥328,"{""品牌"": ""POP MART/泡泡玛特"", ""系列名"": ""跃动青春“耀眼的你”系列手办第二弹"", ""款式类型"": ""常规款 隐藏款"", ""大小"": ""盲盒随机不指定，不支持无理由退货退款"", ""款式描述"": ""随机1个 不支持7天无理由退换货 整盒6个 不支持7天无理由退换货""}",https://img.alicdn.com/imgextra/i2/2885348004/O1CN01Oczdt228ztGabaAhH_!!4611686018427382436-0-item_pic.jpg | https://img.alicdn.com/imgextra/i4/2885348004/O1CN01m06e0M28ztCBKmPkv_!!2885348004.jpg | https://img.alicdn.com/imgextra/i2/2885348004/O1CN01PC22Sb28ztCBKo1Yz_!!2885348004.jpg | https://img.alicdn.com/imgextra/i3/2885348004/O1CN01c8hLkW28ztGaksD0F_!!2885348004.jpg | https://img.alicdn.com/imgextra/i1/2885348004/O1CN01M8udoH28ztCBwxjX4_!!2885348004.jpg,imgs/967904919474_00.jpg | imgs/967904919474_01.jpg | imgs/967904919474_02.jpg | imgs/967904919474_03.jpg | imgs/967904919474_04.jpg
POPMART泡泡玛特Nyota × Peko手办娃娃摆件玩具礼物,https://popmart.world.tmall.com/shop/view_shop.htm,https://popmart.world.tmall.com/shop/view_shop.htm,done,泡泡玛特旗舰店,https://detail.tmall.com/item.htm?id=1018521609226,1018521609226,"{""combos"": [{""商品规格"": {""values"": [""Nyota × Peko""], ""selected"": ""Nyota × Peko""}, ""_combo_price"": ""商品规格=Nyota × Peko | ￥599""}]}",商品规格=Nyota × Peko | ￥599,"{""适用年龄"": ""15周岁以上"", ""出售状态"": ""现货"", ""品牌"": ""POP MART/泡泡玛特"", ""型号"": ""Nyota × Peko""}",https://img.alicdn.com/imgextra/i3/2885348004/O1CN011Dvu2N28ztGaqZXJC_!!4611686018427382436-0-item_pic.jpg | https://img.alicdn.com/imgextra/i1/2885348004/O1CN01ch4GZ028ztF6BKY1p_!!2885348004.jpg | https://img.alicdn.com/imgextra/i1/2885348004/O1CN01jPMvHF28ztFBQqk9y_!!2885348004.jpg | https://img.alicdn.com/imgextra/i3/2885348004/O1CN01c8hLkW28ztGaksD0F_!!2885348004.jpg | https://img.alicdn.com/imgextra/i3/2885348004/O1CN01ur8zjX28ztFBJUIOo_!!2885348004.jpg,imgs/1018521609226_00.jpg | imgs/1018521609226_01.jpg | imgs/1018521609226_02.jpg | imgs/1018521609226_03.jpg | imgs/1018521609226_04.jpg
POPMART泡泡玛特SKULLPANDA × CROCS OOTD手办礼物,https://popmart.world.tmall.com/shop/view_shop.htm,https://popmart.world.tmall.com/shop/view_shop.htm,done,泡泡玛特旗舰店,https://detail.tmall.com/item.htm?id=971559460859,971559460859,"{""combos"": [{""颜色分类"": {""values"": [""SKULLPANDA × CROCS OOTD手办""], ""selected"": ""SKULLPANDA × CROCS OOTD手办""}, ""_combo_price"": ""颜色分类=SKULLPANDA × CROCS OOTD手办 | ￥899""}]}",颜色分类=SKULLPANDA × CROCS OOTD手办 | ￥899,"{""适用年龄"": ""15周岁以上"", ""出售状态"": ""现货"", ""品牌"": ""POP MART/泡泡玛特"", ""型号"": ""SKULLPANDA × CROCS OOTD手办"", ""颜色分类"": ""SKULLPANDA × CROCS OOTD手办""}",https://img.alicdn.com/imgextra/i2/2885348004/O1CN011UdkNH28ztGaQx1uU_!!4611686018427382436-0-item_pic.jpg | https://img.alicdn.com/imgextra/i1/2885348004/O1CN01BPpAS528ztCTxzhWJ_!!2885348004.jpg | https://img.alicdn.com/imgextra/i3/2885348004/O1CN01pyDs3I28ztCU3cawK_!!2885348004.jpg | https://img.alicdn.com/imgextra/i3/2885348004/O1CN01c8hLkW28ztGaksD0F_!!2885348004.jpg | https://img.alicdn.com/imgextra/i4/2885348004/O1CN01STsSv128ztCTVOeKs_!!2885348004.jpg,imgs/971559460859_00.jpg | imgs/971559460859_01.jpg | imgs/971559460859_02.jpg | imgs/971559460859_03.jpg | imgs/971559460859_04.jpg
POPMART泡泡玛特小野HIRONO公路日志系列迷你包盲盒周边礼物,https://popmart.world.tmall.com/shop/view_shop.htm,https://popmart.world.tmall.com/shop/view_shop.htm,done,泡泡玛特旗舰店,https://detail.tmall.com/item.htm?id=1000530549675,1000530549675,"{""combos"": [{""款式描述"": {""values"": [""随机1个 不支持7天无理由退换货""], ""selected"": ""随机1个 不支持7天无理由退换货""}, ""大小"": {""values"": [""盲盒随机不指定，不支持无理由退货退款""], ""selected"": ""盲盒随机不指定，不支持无理由退货退款""}, ""_combo_price"": ""款式描述=随机1个 不支持7天无理由退换货 | 大小=盲盒随机不指定，不支持无理由退货退款 | ￥99""}, {""款式描述"": {""values"": [""随机1个 不支持7天无理由退换货"", ""整盒6个 不支持7天无理由退换货""], ""selected"": ""整盒6个 不支持7天无理由退换货""}, ""大小"": {""values"": [""盲盒随机不指定，不支持无理由退货退款""], ""selected"": ""盲盒随机不指定，不支持无理由退货退款""}, ""_combo_price"": ""款式描述=整盒6个 不支持7天无理由退换货 | 大小=盲盒随机不指定，不支持无理由退货退款 | ￥594""}]}",款式描述=随机1个 不支持7天无理由退换货 | 大小=盲盒随机不指定，不支持无理由退货退款 | ￥99 || 款式描述=整盒6个 不支持7天无理由退换货 | 大小=盲盒随机不指定，不支持无理由退货退款 | ￥594,"{""IP"": ""HIRONO"", ""出售状态"": ""现货"", ""品牌"": ""POP MART/泡泡玛特"", ""系列名"": ""HIRONO公路日志系列-迷你包盲盒"", ""款式类型"": ""常规款 隐藏款"", ""大小"": ""盲盒随机不指定，不支持无理由退货退款"", ""款式描述"": ""随机1个 不支持7天无理由退换货 整盒6个 不支持7天无理由退换货""}",https://img.alicdn.com/imgextra/i4/2885348004/O1CN01nIgDLl28ztGbJ1Pze_!!4611686018427382436-0-item_pic.jpg | https://img.alicdn.com/imgextra/i2/2885348004/O1CN01CQfFCG28ztDmB6jTR_!!2885348004.jpg | https://img.alicdn.com/imgextra/i2/2885348004/O1CN01fmrqZf28ztDlYi3lV_!!2885348004.jpg | https://img.alicdn.com/imgextra/i3/2885348004/O1CN01c8hLkW28ztGaksD0F_!!2885348004.jpg | https://img.alicdn.com/imgextra/i4/2885348004/O1CN01WA9QCF28ztDmPlp8B_!!2885348004.jpg,imgs/1000530549675_00.jpg | imgs/1000530549675_01.jpg | imgs/1000530549675_02.jpg | imgs/1000530549675_03.jpg | imgs/1000530549675_04.jpg
POPMART泡泡玛特DIMOO WORLD × 迪士尼系列冰箱贴盲盒周边,https://popmart.world.tmall.com/shop/view_shop.htm,https://popmart.world.tmall.com/shop/view_shop.htm,done,泡泡玛特旗舰店,https://detail.tmall.com/item.htm?id=898944912522,898944912522,"{""combos"": [{""款式描述"": {""values"": [""随机1个 不支持7天无理由退换货""], ""selected"": ""随机1个 不支持7天无理由退换货""}, ""大小"": {""values"": [""盲盒随机不指定，不支持无理由退货退款""], ""selected"": ""盲盒随机不指定，不支持无理由退货退款""}, ""_combo_price"": ""款式描述=随机1个 不支持7天无理由退换货 | 大小=盲盒随机不指定，不支持无理由退货退款 | ￥59""}, {""款式描述"": {""values"": [""随机1个 不支持7天无理由退换货"", ""整盒6个 不支持7天无理由退换货""], ""selected"": ""整盒6个 不支持7天无理由退换货""}, ""大小"": {""values"": [""盲盒随机不指定，不支持无理由退货退款""], ""selected"": ""盲盒随机不指定，不支持无理由退货退款""}, ""_combo_price"": ""款式描述=整盒6个 不支持7天无理由退换货 | 大小=盲盒随机不指定，不支持无理由退货退款 | ￥354""}]}",款式描述=随机1个 不支持7天无理由退换货 | 大小=盲盒随机不指定，不支持无理由退货退款 | ￥59 || 款式描述=整盒6个 不支持7天无理由退换货 | 大小=盲盒随机不指定，不支持无理由退货退款 | ￥354,"{""品牌"": ""POP MART/泡泡玛特"", ""系列名"": ""DIMOO WORLD x 迪士尼系列-冰箱贴盲盒"", ""款式类型"": ""常规款 隐藏款"", ""大小"": ""盲盒随机不指定，不支持无理由退货退款"", ""款式描述"": ""随机1个 不支持7天无理由退换货 整盒6个 不支持7天无理由退换货""}",https://img.alicdn.com/imgextra/i3/2885348004/O1CN01I6zk2I28ztGWKiQZ1_!!4611686018427382436-0-item_pic.jpg | https://img.alicdn.com/imgextra/i1/2885348004/O1CN01sFqVGG28zt9KWkXaG_!!2885348004.jpg | https://img.alicdn.com/imgextra/i4/2885348004/O1CN01nNs7IU28zt9KWl90z_!!2885348004.jpg | https://img.alicdn.com/imgextra/i3/2885348004/O1CN01c8hLkW28ztGaksD0F_!!2885348004.jpg | https://img.alicdn.com/imgextra/i3/2885348004/O1CN01qgjvd828zt9RlDDj7_!!2885348004.jpg,imgs/898944912522_00.jpg | imgs/898944912522_01.jpg | imgs/898944912522_02.jpg | imgs/898944912522_03.jpg | imgs/898944912522_04.jpg
POPMART泡泡玛特 HIRONO 重塑系列手办盲盒玩具礼物,https://popmart.world.tmall.com/shop/view_shop.htm,https://popmart.world.tmall.com/shop/view_shop.htm,done,泡泡玛特旗舰店,https://detail.tmall.com/item.htm?id=755709099023,755709099023,"{""combos"": [{""款式描述"": {""values"": [""随机1个 不支持7天无理由退换货""], ""selected"": ""随机1个 不支持7天无理由退换货""}, ""_combo_price"": ""款式描述=随机1个 不支持7天无理由退换货 | ￥69""}, {""款式描述"": {""values"": [""随机1个 不支持7天无理由退换货"", ""整盒9个 不支持7天无理由退换货""], ""selected"": ""整盒9个 不支持7天无理由退换货""}, ""_combo_price"": ""款式描述=整盒9个 不支持7天无理由退换货 | ￥621""}]}",款式描述=随机1个 不支持7天无理由退换货 | ￥69 || 款式描述=整盒9个 不支持7天无理由退换货 | ￥621,"{""IP"": ""HIRONO"", ""出售状态"": ""现货"", ""品牌"": ""POP MART/泡泡玛特"", ""系列名"": ""HIRONO 重塑系列手办"", ""款式描述"": ""随机1个 不支持7天无理由退换货 整盒9个 不支持7天无理由退换货""}",https://img.alicdn.com/imgextra/i2/2885348004/O1CN01U5LORO28ztGacHY1S_!!4611686018427382436-0-item_pic.jpg | https://img.alicdn.com/imgextra/i2/2885348004/O1CN01ZcssHi28zt3PJIxVY_!!2885348004.jpg | https://img.alicdn.com/imgextra/i2/2885348004/O1CN01OjITLC28zt3NnN657_!!2885348004.jpg | https://img.alicdn.com/imgextra/i3/2885348004/O1CN01c8hLkW28ztGaksD0F_!!2885348004.jpg | https://img.alicdn.com/imgextra/i4/2885348004/O1CN01ZOJbFL28zt1PZhghN_!!2885348004.jpg,imgs/755709099023_01.jpg | imgs/755709099023_02.jpg | imgs/755709099023_03.jpg | imgs/755709099023_04.jpg | imgs/755709099023_05.jpg
泡泡玛特《哪吒之魔童闹海》抱抱系列搪胶脸毛绒白龙敖丙礼物,https://popmart.world.tmall.com/shop/view_shop.htm,https://popmart.world.tmall.com/shop/view_shop.htm,done,泡泡玛特旗舰店,https://detail.tmall.com/item.htm?id=866492395354,866492395354,"{""combos"": [{""颜色分类"": {""values"": [""白龙敖丙-搪胶脸毛绒""], ""selected"": ""白龙敖丙-搪胶脸毛绒""}, ""_combo_price"": ""颜色分类=白龙敖丙-搪胶脸毛绒 | ￥249""}]}",颜色分类=白龙敖丙-搪胶脸毛绒 | ￥249,"{""型号"": ""《哪吒之魔童闹海》抱抱系列搪胶脸毛绒-白龙敖丙"", ""颜色分类"": ""白龙敖丙-搪胶脸毛绒""}",https://img.alicdn.com/imgextra/i3/2885348004/O1CN01TQHH7Y28ztGcIaTKO_!!4611686018427382436-0-item_pic.jpg | https://img.alicdn.com/imgextra/i1/2885348004/O1CN01L1oqrq28zt8mAxIfi_!!2885348004.jpg | https://img.alicdn.com/imgextra/i4/2885348004/O1CN01Am4L1j28zt8mdpywv_!!2885348004.jpg | https://img.alicdn.com/imgextra/i3/2885348004/O1CN01c8hLkW28ztGaksD0F_!!2885348004.jpg | https://img.alicdn.com/imgextra/i2/2885348004/O1CN01WaXMQf28zt8fzXnmt_!!2885348004.jpg,imgs/866492395354_00.jpg | imgs/866492395354_01.jpg | imgs/866492395354_02.jpg | imgs/866492395354_03.jpg | imgs/866492395354_04.jpg
POPMART泡泡玛特航海王·伟大的航路系列模型载具玩具礼物,https://popmart.world.tmall.com/shop/view_shop.htm,https://popmart.world.tmall.com/shop/view_shop.htm,done,泡泡玛特旗舰店,https://detail.tmall.com/item.htm?id=962911076843,962911076843,"{""combos"": [{""款式描述"": {""values"": [""随机1个不支持7天无理由退换货""], ""selected"": ""随机1个不支持7天无理由退换货""}, ""大小"": {""values"": [""盲盒随机不指定，不支持无理由退货退款""], ""selected"": ""盲盒随机不指定，不支持无理由退货退款""}, ""_combo_price"": ""款式描述=随机1个不支持7天无理由退换货 | 大小=盲盒随机不指定，不支持无理由退货退款 | ￥89""}, {""款式描述"": {""values"": [""随机1个不支持7天无理由退换货"", ""整盒12个不支持7天无理由退换货""], ""selected"": """"}, ""大小"": {""values"": [""盲盒随机不指定，不支持无理由退货退款""], ""selected"": ""盲盒随机不指定，不支持无理由退货退款""}, ""_combo_price"": ""款式描述= | 大小=盲盒随机不指定，不支持无理由退货退款 | ￥89""}]}",款式描述=随机1个不支持7天无理由退换货 | 大小=盲盒随机不指定，不支持无理由退货退款 | ￥89 || 款式描述= | 大小=盲盒随机不指定，不支持无理由退货退款 | ￥89,"{""IP"": ""航海王"", ""出售状态"": ""现货"", ""品牌"": ""POP MART/泡泡玛特"", ""系列名"": ""航海王·伟大的航路系列模型载具"", ""款式类型"": ""常规款 隐藏款"", ""大小"": ""盲盒随机不指定，不支持无理由退货退款"", ""款式描述"": ""随机1个不支持7天无理由退换货 整盒12个不支持7天无理由退换货""}",https://img.alicdn.com/imgextra/i4/2885348004/O1CN01wuCZVZ28ztGbJF75Z_!!4611686018427382436-0-item_pic.jpg | https://img.alicdn.com/imgextra/i1/2885348004/O1CN01k4w7Ix28ztC94QAZC_!!2885348004.jpg | https://img.alicdn.com/imgextra/i4/2885348004/O1CN01uSxTja28ztC9FMK5v_!!2885348004.jpg | https://img.alicdn.com/imgextra/i4/2885348004/O1CN01sAPK2x28ztC750LOS_!!2885348004.jpg,imgs/962911076843_01.jpg | imgs/962911076843_02.jpg | imgs/962911076843_03.jpg | imgs/962911076843_04.jpg
POPMART泡泡玛特SKULLPANDA白月契约手办可爱娃娃摆件礼物,https://popmart.world.tmall.com/shop/view_shop.htm,https://popmart.world.tmall.com/shop/view_shop.htm,done,泡泡玛特旗舰店,https://detail.tmall.com/item.htm?id=970233630493,970233630493,"{""combos"": [{""颜色分类"": {""values"": [""SKULLPANDA白月契约手办""], ""selected"": ""SKULLPANDA白月契约手办""}, ""_combo_price"": ""颜色分类=SKULLPANDA白月契约手办 | ￥199""}]}",颜色分类=SKULLPANDA白月契约手办 | ￥199,"{""适用年龄"": ""15周岁以上"", ""出售状态"": ""现货"", ""品牌"": ""POP MART/泡泡玛特"", ""型号"": ""SKULLPANDA白月契约手办"", ""颜色分类"": ""SKULLPANDA白月契约手办""}",https://img.alicdn.com/imgextra/i3/2885348004/O1CN01PP0ABG28ztGacn5Q8_!!4611686018427382436-0-item_pic.jpg | https://img.alicdn.com/imgextra/i2/2885348004/O1CN015ix34728ztCYJOTpy_!!2885348004.jpg | https://img.alicdn.com/imgextra/i2/2885348004/O1CN01lfGOQ428ztCZk0roO_!!2885348004.jpg | https://img.alicdn.com/imgextra/i3/2885348004/O1CN01c8hLkW28ztGaksD0F_!!2885348004.jpg | https://img.alicdn.com/imgextra/i2/2885348004/O1CN01IGRkMX28ztCZW6ytz_!!2885348004.jpg,imgs/970233630493_00.jpg | imgs/970233630493_01.jpg | imgs/970233630493_02.jpg | imgs/970233630493_03.jpg | imgs/970233630493_04.jpg
POPMART泡泡玛特POLAR第二季 林边秘径系列手办盲盒玩具摆件礼物,https://popmart.world.tmall.com/shop/view_shop.htm,https://popmart.world.tmall.com/shop/view_shop.htm,done,泡泡玛特旗舰店,https://detail.tmall.com/item.htm?id=984955937620,984955937620,"{""combos"": [{""款式描述"": {""values"": [""随机1个不支持7天无理由退换货""], ""selected"": ""随机1个不支持7天无理由退换货""}, ""大小"": {""values"": [""盲盒随机不指定，不支持无理由退货退款""], ""selected"": ""盲盒随机不指定，不支持无理由退货退款""}, ""_combo_price"": ""款式描述=随机1个不支持7天无理由退换货 | 大小=盲盒随机不指定，不支持无理由退货退款 | ￥69""}, {""款式描述"": {""values"": [""随机1个不支持7天无理由退换货"", ""整盒12个不支持7天无理由退换货""], ""selected"": ""整盒12个不支持7天无理由退换货""}, ""大小"": {""values"": [""盲盒随机不指定，不支持无理由退货退款""], ""selected"": ""盲盒随机不指定，不支持无理由退货退款""}, ""_combo_price"": ""款式描述=整盒12个不支持7天无理由退换货 | 大小=盲盒随机不指定，不支持无理由退货退款 | ￥828""}]}",款式描述=随机1个不支持7天无理由退换货 | 大小=盲盒随机不指定，不支持无理由退货退款 | ￥69 || 款式描述=整盒12个不支持7天无理由退换货 | 大小=盲盒随机不指定，不支持无理由退货退款 | ￥828,"{""IP"": ""POLAR"", ""出售状态"": ""现货"", ""品牌"": ""POP MART/泡泡玛特"", ""系列名"": ""POLAR第二季-林边秘径系列手办"", ""款式类型"": ""常规款 隐藏款"", ""大小"": ""盲盒随机不指定，不支持无理由退货退款"", ""概率描述"": ""有概率抽中"", ""款式描述"": ""随机1个不支持7天无理由退换货 整盒12个不支持7天无理由退换货""}",https://img.alicdn.com/imgextra/i1/2885348004/O1CN01eB17aJ28ztGaszOaF_!!4611686018427382436-0-item_pic.jpg | https://img.alicdn.com/imgextra/i2/2885348004/O1CN01UbaVbV28ztDHvY6tL_!!2885348004.jpg | https://img.alicdn.com/imgextra/i1/2885348004/O1CN01gSOp8K28ztDGTwDwK_!!2885348004.jpg | https://img.alicdn.com/imgextra/i3/2885348004/O1CN01c8hLkW28ztGaksD0F_!!2885348004.jpg | https://img.alicdn.com/imgextra/i2/2885348004/O1CN01O7Y7AB28ztDG6STR7_!!2885348004.jpg,imgs/984955937620_01.jpg | imgs/984955937620_02.jpg | imgs/984955937620_03.jpg | imgs/984955937620_04.jpg | imgs/984955937620_05.jpg
POPMART泡泡玛特MEGA SPACE MOLLY 400% 唐老鸭娃娃摆件,https://popmart.world.tmall.com/shop/view_shop.htm,https://popmart.world.tmall.com/shop/view_shop.htm,done,泡泡玛特旗舰店,https://detail.tmall.com/item.htm?id=742909066924,742909066924,"{""combos"": [{""颜色分类"": {""values"": [""MEGA SPACE MOLLY 400% 唐老鸭""], ""selected"": ""MEGA SPACE MOLLY 400% 唐老鸭""}, ""_combo_price"": ""颜色分类=MEGA SPACE MOLLY 400% 唐老鸭 | ￥1299""}]}",颜色分类=MEGA SPACE MOLLY 400% 唐老鸭 | ￥1299,"{""系列"": ""MEGA"", ""品名"": ""MEGA SPACE MOLLY 400% 唐老鸭"", ""颜色分类"": ""MEGA SPACE MOLLY 400% 唐老鸭""}",https://img.alicdn.com/imgextra/i3/2885348004/O1CN01XqPCLk28ztGAQEfcS_!!4611686018427382436-0-item_pic.jpg | https://img.alicdn.com/imgextra/i3/2885348004/O1CN01iVB26f28zt5TMhuH4_!!2885348004.jpg | https://img.alicdn.com/imgextra/i1/2885348004/O1CN014dxAYO28zt5TtXXth_!!2885348004.jpg | https://img.alicdn.com/imgextra/i3/2885348004/O1CN0135TSY528zt5TMjNmH_!!2885348004.jpg | https://img.alicdn.com/imgextra/i4/2885348004/O1CN01OPhKw528zt5WyhM4J_!!2885348004.jpg,imgs/742909066924_00.jpg | imgs/742909066924_01.jpg | imgs/742909066924_02.jpg | imgs/742909066924_03.jpg | imgs/742909066924_04.jpg
POPMART泡泡玛特MEGA SPACE MOLLY 400% 史迪奇摆件礼物,https://popmart.world.tmall.com/shop/view_shop.htm,https://popmart.world.tmall.com/shop/view_shop.htm,done,泡泡玛特旗舰店,https://detail.tmall.com/item.htm?id=851159456655,851159456655,"{""combos"": [{""颜色分类"": {""values"": [""MEGA SPACE MOLLY 400% 史迪奇""], ""selected"": ""MEGA SPACE MOLLY 400% 史迪奇""}, ""_combo_price"": ""颜色分类=MEGA SPACE MOLLY 400% 史迪奇 | ￥1299""}]}",颜色分类=MEGA SPACE MOLLY 400% 史迪奇 | ￥1299,"{""品牌"": ""POP MART/泡泡玛特"", ""出售状态"": ""现货"", ""系列"": ""MEGA"", ""品名"": ""MEGA SPACE MOLLY 400% 史迪奇"", ""颜色分类"": ""MEGA SPACE MOLLY 400% 史迪奇""}",https://img.alicdn.com/imgextra/i4/2885348004/O1CN014zMFvC28ztGAQHkrp_!!4611686018427382436-0-item_pic.jpg | https://img.alicdn.com/imgextra/i4/2885348004/O1CN01i1DM7Q28zt7u6Yo7Y_!!2885348004.jpg | https://img.alicdn.com/imgextra/i3/2885348004/O1CN01Fsvglw28zt7xamut1_!!2885348004.jpg | https://img.alicdn.com/imgextra/i2/2885348004/O1CN01WAw4LH28zt7vqBvHx_!!2885348004.jpg | https://img.alicdn.com/imgextra/i1/2885348004/O1CN01qnN1DW28zt7xalAkW_!!2885348004.jpg,imgs/851159456655_00.jpg | imgs/851159456655_01.jpg | imgs/851159456655_02.jpg | imgs/851159456655_03.jpg | imgs/851159456655_04.jpg
POPMART泡泡玛特1001MOONS 寻找大象滑梯系列手办盲盒摆件礼物,https://popmart.world.tmall.com/shop/view_shop.htm,https://popmart.world.tmall.com/shop/view_shop.htm,done,泡泡玛特旗舰店,https://detail.tmall.com/item.htm?id=995231486625,995231486625,"{""combos"": [{""款式描述"": {""values"": [""随机1个 不支持7天无理由退换货""], ""selected"": ""随机1个 不支持7天无理由退换货""}, ""大小"": {""values"": [""盲盒随机不指定，不支持无理由退货退款""], ""selected"": ""盲盒随机不指定，不支持无理由退货退款""}, ""_combo_price"": ""款式描述=随机1个 不支持7天无理由退换货 | 大小=盲盒随机不指定，不支持无理由退货退款 | ￥69""}, {""款式描述"": {""values"": [""随机1个 不支持7天无理由退换货"", ""整盒12个 不支持7天无理由退换货""], ""selected"": ""整盒12个 不支持7天无理由退换货""}, ""大小"": {""values"": [""盲盒随机不指定，不支持无理由退货退款""], ""selected"": ""盲盒随机不指定，不支持无理由退货退款""}, ""_combo_price"": ""款式描述=整盒12个 不支持7天无理由退换货 | 大小=盲盒随机不指定，不支持无理由退货退款 | ￥828""}]}",款式描述=随机1个 不支持7天无理由退换货 | 大小=盲盒随机不指定，不支持无理由退货退款 | ￥69 || 款式描述=整盒12个 不支持7天无理由退换货 | 大小=盲盒随机不指定，不支持无理由退货退款 | ￥828,"{""IP"": ""1001MOONS"", ""出售状态"": ""现货"", ""品牌"": ""POP MART/泡泡玛特"", ""系列名"": ""1001MOONS 寻找大象滑梯系列手办"", ""款式类型"": ""常规款 隐藏款"", ""大小"": ""盲盒随机不指定，不支持无理由退货退款"", ""款式描述"": ""随机1个 不支持7天无理由退换货 整盒12个 不支持7天无理由退换货""}",https://img.alicdn.com/imgextra/i3/2885348004/O1CN01BOItk928ztGY4WZhu_!!4611686018427382436-0-item_pic.jpg | https://img.alicdn.com/imgextra/i4/2885348004/O1CN01x4IqkC28ztDTMt6nh_!!2885348004.jpg | https://img.alicdn.com/imgextra/i2/2885348004/O1CN01Zx20yV28ztDU6JpMt_!!2885348004.jpg | https://img.alicdn.com/imgextra/i4/2885348004/O1CN011hCZM528ztGaWi8lw_!!2885348004.jpg | https://img.alicdn.com/imgextra/i2/2885348004/O1CN01fJR52428ztDUptSP2_!!2885348004.jpg,imgs/995231486625_01.jpg | imgs/995231486625_02.jpg | imgs/995231486625_03.jpg | imgs/995231486625_04.jpg | imgs/995231486625_05.jpg
52TOYS迪士尼疯狂动物城最佳拍档盲盒手办尼克朱迪摆件送女生礼物,https://52toys.world.tmall.com/,https://52toys.world.tmall.com/,done,52TOYS旗舰店,https://detail.tmall.com/item.htm?id=974004004338,974004004338,"{""combos"": [{""款式描述"": {""values"": [""单盒（随机发货,概率抽隐藏）""], ""selected"": ""单盒（随机发货,概率抽隐藏）""}, ""大小"": {""values"": [""拆封后不支持无理由退货退款""], ""selected"": ""拆封后不支持无理由退货退款""}, ""_combo_price"": ""款式描述=单盒（随机发货,概率抽隐藏） | 大小=拆封后不支持无理由退货退款 | 平台加补后￥53.22""}, {""款式描述"": {""values"": [""单盒（随机发货,概率抽隐藏）"", ""端盒（内含6只,概率抽隐藏）""], ""selected"": ""端盒（内含6只,概率抽隐藏）""}, ""大小"": {""values"": [""拆封后不支持无理由退货退款""], ""selected"": ""拆封后不支持无理由退货退款""}, ""_combo_price"": ""款式描述=端盒（内含6只,概率抽隐藏） | 大小=拆封后不支持无理由退货退款 | 平台加补后￥319.72""}]}","款式描述=单盒（随机发货,概率抽隐藏） | 大小=拆封后不支持无理由退货退款 | 平台加补后￥53.22 || 款式描述=端盒（内含6只,概率抽隐藏） | 大小=拆封后不支持无理由退货退款 | 平台加补后￥319.72","{""作品地区"": ""美国"", ""品牌"": ""52TOYS"", ""IP"": ""疯狂动物城"", ""系列名"": ""疯狂动物城的最佳拍档"", ""ACG作品名"": ""疯狂动物城"", ""系列类型"": ""联名系列"", ""首发时间"": ""2025-11-06"", ""款式类型"": ""常规款 端盒"", ""大小"": ""拆封后不支持无理由退货退款"", ""尺寸"": ""8.5cm"", ""概率描述"": ""常规款1/6，隐藏款1/96"", ""款式描述"": ""单盒（随机发货,概率抽隐藏） 端盒（内含6只,概率抽隐藏）""}",https://img.alicdn.com/imgextra/i1/3951599478/O1CN01f3phCr2Jsz0niDNXR_!!3951599478.jpg | https://img.alicdn.com/imgextra/i4/3951599478/O1CN01PoEDoD2Jsz0msxXW9_!!3951599478.jpg | https://img.alicdn.com/imgextra/i1/3951599478/O1CN01HuRSgo2Jsz0iBH0NH_!!3951599478.jpg | https://img.alicdn.com/imgextra/i2/3951599478/O1CN01UDY9aE2Jsz0iBEaaP_!!3951599478.jpg | ,imgs/974004004338_M_02.jpg | imgs/974004004338_M_03.jpg | imgs/974004004338_M_04.jpg | imgs/974004004338_M_05.jpg | imgs/974004004338_M_01.jpg | imgs/974004004338_D_00.jpg | imgs/974004004338_D_01.jpg | imgs/974004004338_D_02.jpg | imgs/974004004338_D_03.jpg | imgs/974004004338_D_04.jpg | imgs/974004004338_D_05.jpg | imgs/974004004338_D_06.jpg | imgs/974004004338_D_07.jpg | imgs/974004004338_D_08.jpg | imgs/974004004338_D_09.jpg | imgs/974004004338_D_10.jpg | imgs/974004004338_D_11.jpg | imgs/974004004338_D_12.jpg | imgs/974004004338_D_13.jpg | imgs/974004004338_D_14.jpg | imgs/974004004338_D_15.jpg | imgs/974004004338_D_16.jpg | imgs/974004004338_D_17.jpg | imgs/974004004338_D_18.jpg | imgs/974004004338_D_19.jpg | imgs/974004004338_D_20.jpg | imgs/974004004338_D_21.jpg | imgs/974004004338_D_22.jpg | imgs/974004004338_D_23.jpg | imgs/974004004338_D_24.jpg | imgs/974004004338_D_25.jpg
52TOYS蜡笔小新大尾巴2代毛绒搪胶盲盒书包挂件潮玩玩偶生日礼物,https://52toys.world.tmall.com/,https://52toys.world.tmall.com/,done,52TOYS旗舰店,https://detail.tmall.com/item.htm?id=1035604969927,1035604969927,"{""combos"": [{""款式描述"": {""values"": [""大尾巴系列2代单盒（随机发货,概率抽隐藏）""], ""selected"": ""大尾巴系列2代单盒（随机发货,概率抽隐藏）""}, ""大小"": {""values"": [""拆封后不支持无理由退货退款""], ""selected"": ""拆封后不支持无理由退货退款""}, ""_combo_price"": ""款式描述=大尾巴系列2代单盒（随机发货,概率抽隐藏） | 大小=拆封后不支持无理由退货退款 | 平台加补后￥56.62""}, {""款式描述"": {""values"": [""大尾巴系列2代单盒（随机发货,概率抽隐藏）"", ""大尾巴系列2代端盒（内含6只,概率抽隐藏）""], ""selected"": ""大尾巴系列2代端盒（内含6只,概率抽隐藏）""}, ""大小"": {""values"": [""拆封后不支持无理由退货退款""], ""selected"": ""拆封后不支持无理由退货退款""}, ""_combo_price"": ""款式描述=大尾巴系列2代端盒（内含6只,概率抽隐藏） | 大小=拆封后不支持无理由退货退款 | 平台加补后￥342.72""}, {""款式描述"": {""values"": [""大尾巴系列2代单盒（随机发货,概率抽隐藏）"", ""大尾巴系列2代端盒（内含6只,概率抽隐藏）"", ""大尾巴1代单盒（随机发货,概率抽隐藏）""], ""selected"": ""大尾巴1代单盒（随机发货,概率抽隐藏）""}, ""大小"": {""values"": [""拆封后不支持无理由退货退款""], ""selected"": ""拆封后不支持无理由退货退款""}, ""_combo_price"": ""款式描述=大尾巴1代单盒（随机发货,概率抽隐藏） | 大小=拆封后不支持无理由退货退款 | 平台加补后￥56.62""}, {""款式描述"": {""values"": [""大尾巴系列2代单盒（随机发货,概率抽隐藏）"", ""大尾巴系列2代端盒（内含6只,概率抽隐藏）"", ""大尾巴1代单盒（随机发货,概率抽隐藏）"", ""大尾巴1代端盒（内含4只,概率抽隐藏）""], ""selected"": ""大尾巴1代端盒（内含4只,概率抽隐藏）""}, ""大小"": {""values"": [""拆封后不支持无理由退货退款""], ""selected"": ""拆封后不支持无理由退货退款""}, ""_combo_price"": ""款式描述=大尾巴1代端盒（内含4只,概率抽隐藏） | 大小=拆封后不支持无理由退货退款 | 平台加补后￥50.62起""}]}","款式描述=大尾巴系列2代单盒（随机发货,概率抽隐藏） | 大小=拆封后不支持无理由退货退款 | 平台加补后￥56.62 || 款式描述=大尾巴系列2代端盒（内含6只,概率抽隐藏） | 大小=拆封后不支持无理由退货退款 | 平台加补后￥342.72 || 款式描述=大尾巴1代单盒（随机发货,概率抽隐藏） | 大小=拆封后不支持无理由退货退款 | 平台加补后￥56.62 || 款式描述=大尾巴1代端盒（内含4只,概率抽隐藏） | 大小=拆封后不支持无理由退货退款 | 平台加补后￥50.62起","{""品牌"": ""52TOYS"", ""IP"": ""蜡笔小新"", ""系列名"": ""大尾巴系列2毛绒盲盒"", ""作品地区"": ""中国大陆"", ""ACG作品名"": ""蜡笔小新"", ""首发时间"": ""5月31-6月21日"", ""款式类型"": ""常规款 隐藏款"", ""大小"": ""拆封后不支持无理由退货退款"", ""尺寸"": ""15cm"", ""概率描述"": ""6个常规款，1个隐藏款"", ""款式描述"": ""大尾巴系列2代单盒（随机发货,概率抽隐藏） 大尾巴系列2代端盒（内含6只,概率抽隐藏） 大尾巴1代单盒（随机发货,概率抽隐藏） 大尾巴1代端盒（内含4只,概率抽隐藏） 一起出发啦单盒（随机发货,概率抽隐藏） 一起出发端盒（内含6只,概率抽隐藏） 吃果果单盒（随机发货,概率抽隐藏） 吃果果6只装（内含6只,概率抽隐藏）""}",https://img.alicdn.com/imgextra/i4/3951599478/O1CN01IMoYB52Jsz310EVfz_!!3951599478.jpg | https://img.alicdn.com/imgextra/i2/3951599478/O1CN01xTseHY2Jsz2u7dBPv_!!3951599478.jpg | https://img.alicdn.com/imgextra/i4/3951599478/O1CN01eiej7q2Jsz2tW3CeO_!!3951599478.jpg |  | ,imgs/1035604969927_M_02.jpg | imgs/1035604969927_M_04.jpg | imgs/1035604969927_M_05.jpg | imgs/1035604969927_M_01.jpg | imgs/1035604969927_M_03.jpg | imgs/1035604969927_D_00.jpg | imgs/1035604969927_D_01.jpg | imgs/1035604969927_D_02.jpg | imgs/1035604969927_D_03.jpg | imgs/1035604969927_D_04.jpg | imgs/1035604969927_D_05.jpg | imgs/1035604969927_D_06.jpg | imgs/1035604969927_D_07.jpg | imgs/1035604969927_D_08.jpg | imgs/1035604969927_D_09.jpg | imgs/1035604969927_D_10.jpg | imgs/1035604969927_D_11.jpg | imgs/1035604969927_D_12.jpg | imgs/1035604969927_D_13.jpg | imgs/1035604969927_D_14.jpg | imgs/1035604969927_D_15.jpg | imgs/1035604969927_D_16.jpg | imgs/1035604969927_D_17.jpg | imgs/1035604969927_D_18.jpg | imgs/1035604969927_D_19.jpg | imgs/1035604969927_D_20.jpg
【周柯宇同款】52TOYS波卡波卡POUKA寰宇之灵毛绒盲盒潮玩礼物,https://52toys.world.tmall.com/,https://52toys.world.tmall.com/,done,52TOYS旗舰店,https://detail.tmall.com/item.htm?id=1035575535159,1035575535159,"{""combos"": [{""款式描述"": {""values"": [""单盒（随机发货,概率抽隐藏）""], ""selected"": ""单盒（随机发货,概率抽隐藏）""}, ""大小"": {""values"": [""拆封后不支持无理由退货退款""], ""selected"": ""拆封后不支持无理由退货退款""}, ""_combo_price"": ""款式描述=单盒（随机发货,概率抽隐藏） | 大小=拆封后不支持无理由退货退款 | 平台加补后￥39.02""}, {""款式描述"": {""values"": [""单盒（随机发货,概率抽隐藏）"", ""端盒（内含8只,概率抽隐藏）""], ""selected"": ""端盒（内含8只,概率抽隐藏）""}, ""大小"": {""values"": [""拆封后不支持无理由退货退款""], ""selected"": ""拆封后不支持无理由退货退款""}, ""_combo_price"": ""款式描述=端盒（内含8只,概率抽隐藏） | 大小=拆封后不支持无理由退货退款 | 平台加补后￥318.16""}, {""款式描述"": {""values"": [""单盒（随机发货,概率抽隐藏）"", ""端盒（内含8只,概率抽隐藏）"", ""寰宇之灵全系列（端盒+抱枕+耳机包）送枕套""], ""selected"": ""寰宇之灵全系列（端盒+抱枕+耳机包）送枕套""}, ""大小"": {""values"": [""拆封后不支持无理由退货退款""], ""selected"": ""拆封后不支持无理由退货退款""}, ""_combo_price"": ""款式描述=寰宇之灵全系列（端盒+抱枕+耳机包）送枕套 | 大小=拆封后不支持无理由退货退款 | 平台加补后￥477""}]}","款式描述=单盒（随机发货,概率抽隐藏） | 大小=拆封后不支持无理由退货退款 | 平台加补后￥39.02 || 款式描述=端盒（内含8只,概率抽隐藏） | 大小=拆封后不支持无理由退货退款 | 平台加补后￥318.16 || 款式描述=寰宇之灵全系列（端盒+抱枕+耳机包）送枕套 | 大小=拆封后不支持无理由退货退款 | 平台加补后￥477","{""品牌"": ""52TOYS"", ""IP"": ""POUKAPOUKA"", ""系列名"": ""寰宇之灵搪胶毛绒系列"", ""作品地区"": ""中国大陆"", ""ACG作品名"": ""春樱之灵"", ""首发时间"": ""04/24-04/26"", ""款式类型"": ""常规款 隐藏款"", ""大小"": ""拆封后不支持无理由退货退款"", ""尺寸"": ""11cm"", ""概率描述"": ""8个常规款，1个隐藏款"", ""款式描述"": ""单盒（随机发货,概率抽隐藏） 端盒（内含8只,概率抽隐藏） 寰宇之灵全系列（端盒+抱枕+耳机包）送枕套 预售5月6日前发-寰宇之灵全系列（端盒+抱枕+耳机包）送枕套""}",https://img.alicdn.com/imgextra/i4/3951599478/O1CN01vigEVW2Jsz30Z2aP6_!!3951599478.jpg | https://img.alicdn.com/imgextra/i4/3951599478/O1CN01rMqEic2Jsz2ya5weS_!!4611686018427387766-0-item_pic.jpg | https://img.alicdn.com/imgextra/i2/3951599478/O1CN01GIqY1I2Jsz2yCQlVc_!!3951599478.jpg | https://img.alicdn.com/imgextra/i3/3951599478/O1CN011jPpPf2Jsz2yeawky_!!3951599478.jpg | ,imgs/1035575535159_M_02.jpg | imgs/1035575535159_M_03.jpg | imgs/1035575535159_M_04.jpg | imgs/1035575535159_M_05.jpg | imgs/1035575535159_M_01.jpg | imgs/1035575535159_D_00.jpg | imgs/1035575535159_D_01.jpg | imgs/1035575535159_D_02.jpg | imgs/1035575535159_D_03.jpg | imgs/1035575535159_D_04.jpg | imgs/1035575535159_D_05.jpg | imgs/1035575535159_D_06.jpg | imgs/1035575535159_D_07.jpg | imgs/1035575535159_D_08.jpg | imgs/1035575535159_D_09.jpg | imgs/1035575535159_D_10.jpg | imgs/1035575535159_D_11.jpg | imgs/1035575535159_D_12.jpg | imgs/1035575535159_D_13.jpg | imgs/1035575535159_D_14.jpg | imgs/1035575535159_D_15.jpg | imgs/1035575535159_D_16.jpg | imgs/1035575535159_D_17.jpg | imgs/1035575535159_D_18.jpg | imgs/1035575535159_D_19.jpg
52TOYS迪士尼史迪奇Minime盲盒大萌粒史迪仔手办潮玩摆件女生礼物,https://52toys.world.tmall.com/,https://52toys.world.tmall.com/,done,52TOYS旗舰店,https://detail.tmall.com/item.htm?id=1060234490989,1060234490989,"{""combos"": [{""款式描述"": {""values"": [""单盒（随机发货,概率抽隐藏）高约5.5cm""], ""selected"": ""单盒（随机发货,概率抽隐藏）高约5.5cm""}, ""大小"": {""values"": [""拆封后不支持无理由退货退款""], ""selected"": ""拆封后不支持无理由退货退款""}, ""_combo_price"": ""款式描述=单盒（随机发货,概率抽隐藏）高约5.5cm | 大小=拆封后不支持无理由退货退款 | 平台加补后￥17.52""}, {""款式描述"": {""values"": [""单盒（随机发货,概率抽隐藏）高约5.5cm"", ""端盒（内含18只,概率抽隐藏）高约5.5cm""], ""selected"": ""端盒（内含18只,概率抽隐藏）高约5.5cm""}, ""大小"": {""values"": [""拆封后不支持无理由退货退款""], ""selected"": ""拆封后不支持无理由退货退款""}, ""_combo_price"": ""款式描述=端盒（内含18只,概率抽隐藏）高约5.5cm | 大小=拆封后不支持无理由退货退款 | 平台加补后￥420.56""}]}","款式描述=单盒（随机发货,概率抽隐藏）高约5.5cm | 大小=拆封后不支持无理由退货退款 | 平台加补后￥17.52 || 款式描述=端盒（内含18只,概率抽隐藏）高约5.5cm | 大小=拆封后不支持无理由退货退款 | 平台加补后￥420.56","{""品牌"": ""52TOYS"", ""IP"": ""迪士尼"", ""系列名"": ""史迪奇Minime系列"", ""ACG作品名"": ""史迪奇"", ""系列类型"": ""联名系列"", ""款式类型"": ""常规款 隐藏款"", ""大小"": ""拆封后不支持无理由退货退款"", ""尺寸"": ""5.5cm"", ""概率描述"": ""18个常规款，1个隐藏款"", ""款式描述"": ""单盒（随机发货,概率抽隐藏）高约5.5cm 端盒（内含18只,概率抽隐藏）高约5.5cm""}",https://img.alicdn.com/imgextra/i4/3951599478/O1CN01fElfCU2Jsz3mz6AD9_!!3951599478.jpg | https://img.alicdn.com/imgextra/i2/3951599478/O1CN01DppvDu2Jsz44N0Dw4_!!3951599478.jpg | https://img.alicdn.com/imgextra/i3/3951599478/O1CN01qFWvVX2Jsz3nTbQnL_!!3951599478.jpg | https://img.alicdn.com/imgextra/i1/3951599478/O1CN01WpjAFl2Jsz3n0An1A_!!3951599478.jpg | ,imgs/1060234490989_M_02.jpg | imgs/1060234490989_M_03.jpg | imgs/1060234490989_M_04.jpg | imgs/1060234490989_M_05.jpg | imgs/1060234490989_M_01.jpg | imgs/1060234490989_D_00.jpg | imgs/1060234490989_D_01.jpg | imgs/1060234490989_D_02.jpg | imgs/1060234490989_D_03.jpg | imgs/1060234490989_D_04.jpg | imgs/1060234490989_D_05.jpg | imgs/1060234490989_D_06.jpg | imgs/1060234490989_D_07.jpg | imgs/1060234490989_D_08.jpg | imgs/1060234490989_D_09.jpg | imgs/1060234490989_D_10.jpg | imgs/1060234490989_D_11.jpg | imgs/1060234490989_D_12.jpg | imgs/1060234490989_D_13.jpg | imgs/1060234490989_D_14.jpg | imgs/1060234490989_D_15.jpg | imgs/1060234490989_D_16.jpg | imgs/1060234490989_D_17.jpg | imgs/1060234490989_D_18.jpg | imgs/1060234490989_D_19.jpg | imgs/1060234490989_D_20.jpg | imgs/1060234490989_D_21.jpg | imgs/1060234490989_D_22.jpg | imgs/1060234490989_D_23.jpg
送电影票-52TOYS小黄人Bob&Tim熊好朋友在一起毛绒盲盒女生礼物,https://52toys.world.tmall.com/,https://52toys.world.tmall.com/,done,52TOYS旗舰店,https://detail.tmall.com/item.htm?id=969815651284,969815651284,"{""combos"": [{""款式描述"": {""values"": [""单盒（随机发货，概率抽隐藏）""], ""selected"": ""单盒（随机发货，概率抽隐藏）""}, ""大小"": {""values"": [""拆封后不支持无理由退货退款""], ""selected"": ""拆封后不支持无理由退货退款""}, ""_combo_price"": ""款式描述=单盒（随机发货，概率抽隐藏） | 大小=拆封后不支持无理由退货退款 | 平台加补后￥72.12""}, {""款式描述"": {""values"": [""单盒（随机发货，概率抽隐藏）"", ""端盒（内含6只，概率抽隐藏）""], ""selected"": ""端盒（内含6只，概率抽隐藏）""}, ""大小"": {""values"": [""拆封后不支持无理由退货退款""], ""selected"": ""拆封后不支持无理由退货退款""}, ""_combo_price"": ""款式描述=端盒（内含6只，概率抽隐藏） | 大小=拆封后不支持无理由退货退款 | 平台加补后￥466.12""}]}",款式描述=单盒（随机发货，概率抽隐藏） | 大小=拆封后不支持无理由退货退款 | 平台加补后￥72.12 || 款式描述=端盒（内含6只，概率抽隐藏） | 大小=拆封后不支持无理由退货退款 | 平台加补后￥466.12,"{""品牌"": ""52TOYS"", ""IP"": ""小黄人"", ""系列名"": ""好朋友在一起系列"", ""ACG作品名"": ""小黄人"", ""系列类型"": ""联名系列"", ""款式类型"": ""常规款 隐藏款"", ""大小"": ""拆封后不支持无理由退货退款"", ""尺寸"": ""15.0cm"", ""概率描述"": ""6个常规款，1个隐藏款，隐藏概率1/72"", ""款式描述"": ""单盒（随机发货，概率抽隐藏） 端盒（内含6只，概率抽隐藏）""}",https://img.alicdn.com/imgextra/i3/3951599478/O1CN01RxVICc2Jsz0x2y8Rc_!!3951599478.jpg | https://img.alicdn.com/imgextra/i2/3951599478/O1CN01Uu066f2Jsz0vtIvFW_!!3951599478.jpg | https://img.alicdn.com/imgextra/i2/3951599478/O1CN018JgJm82Jsz0wx0XN2_!!3951599478.jpg | https://img.alicdn.com/imgextra/i4/3951599478/O1CN011hPnRC2Jsz0hKikSe_!!3951599478.jpg | ,imgs/969815651284_M_02.jpg | imgs/969815651284_M_03.jpg | imgs/969815651284_M_04.jpg | imgs/969815651284_M_05.jpg | imgs/969815651284_M_01.jpg | imgs/969815651284_D_00.jpg | imgs/969815651284_D_01.jpg | imgs/969815651284_D_02.jpg | imgs/969815651284_D_03.jpg | imgs/969815651284_D_04.jpg | imgs/969815651284_D_05.jpg | imgs/969815651284_D_06.jpg | imgs/969815651284_D_07.jpg | imgs/969815651284_D_08.jpg | imgs/969815651284_D_09.jpg | imgs/969815651284_D_10.jpg | imgs/969815651284_D_11.jpg | imgs/969815651284_D_12.jpg | imgs/969815651284_D_13.jpg | imgs/969815651284_D_14.jpg | imgs/969815651284_D_15.jpg | imgs/969815651284_D_16.jpg | imgs/969815651284_D_17.jpg | imgs/969815651284_D_18.jpg | imgs/969815651284_D_19.jpg | imgs/969815651284_D_20.jpg | imgs/969815651284_D_21.jpg | imgs/969815651284_D_22.jpg | imgs/969815651284_D_23.jpg
52TOYS蜡笔小新大尾巴系列搪胶毛绒挂件盲盒潮玩玩偶生日礼物,https://52toys.world.tmall.com/,https://52toys.world.tmall.com/,done,52TOYS旗舰店,https://detail.tmall.com/item.htm?id=920008178645,920008178645,"{""combos"": [{""款式描述"": {""values"": [""大尾巴1单盒（随机发货，概率抽隐藏）""], ""selected"": ""大尾巴1单盒（随机发货，概率抽隐藏）""}, ""大小"": {""values"": [""拆封后不支持无理由退货退款""], ""selected"": ""拆封后不支持无理由退货退款""}, ""_combo_price"": ""款式描述=大尾巴1单盒（随机发货，概率抽隐藏） | 大小=拆封后不支持无理由退货退款 | 平台加补后￥50.62""}, {""款式描述"": {""values"": [""大尾巴1单盒（随机发货，概率抽隐藏）"", ""大尾巴1端盒（内含4只，概率抽隐藏）""], ""selected"": ""大尾巴1端盒（内含4只，概率抽隐藏）""}, ""大小"": {""values"": [""拆封后不支持无理由退货退款""], ""selected"": ""拆封后不支持无理由退货退款""}, ""_combo_price"": ""款式描述=大尾巴1端盒（内含4只，概率抽隐藏） | 大小=拆封后不支持无理由退货退款 | 平台加补后￥222.48""}, {""款式描述"": {""values"": [""大尾巴1单盒（随机发货，概率抽隐藏）"", ""大尾巴1端盒（内含4只，概率抽隐藏）"", ""大尾巴2代单盒（随机发货，概率抽隐藏）""], ""selected"": ""大尾巴2代单盒（随机发货，概率抽隐藏）""}, ""大小"": {""values"": [""拆封后不支持无理由退货退款""], ""selected"": ""拆封后不支持无理由退货退款""}, ""_combo_price"": ""款式描述=大尾巴2代单盒（随机发货，概率抽隐藏） | 大小=拆封后不支持无理由退货退款 | 平台加补后￥50.62""}, {""款式描述"": {""values"": [""大尾巴1单盒（随机发货，概率抽隐藏）"", ""大尾巴1端盒（内含4只，概率抽隐藏）"", ""大尾巴2代单盒（随机发货，概率抽隐藏）"", ""大尾巴2代端盒（内含6只，概率抽隐藏）""], ""selected"": ""大尾巴2代端盒（内含6只，概率抽隐藏）""}, ""大小"": {""values"": [""拆封后不支持无理由退货退款""], ""selected"": ""拆封后不支持无理由退货退款""}, ""_combo_price"": ""款式描述=大尾巴2代端盒（内含6只，概率抽隐藏） | 大小=拆封后不支持无理由退货退款 | 平台加补后￥336.72""}]}",款式描述=大尾巴1单盒（随机发货，概率抽隐藏） | 大小=拆封后不支持无理由退货退款 | 平台加补后￥50.62 || 款式描述=大尾巴1端盒（内含4只，概率抽隐藏） | 大小=拆封后不支持无理由退货退款 | 平台加补后￥222.48 || 款式描述=大尾巴2代单盒（随机发货，概率抽隐藏） | 大小=拆封后不支持无理由退货退款 | 平台加补后￥50.62 || 款式描述=大尾巴2代端盒（内含6只，概率抽隐藏） | 大小=拆封后不支持无理由退货退款 | 平台加补后￥336.72,"{""品牌"": ""52TOYS"", ""IP"": ""蜡笔小新"", ""系列名"": ""蜡笔小新大尾巴搪胶毛绒"", ""款式类型"": ""常规款"", ""大小"": ""拆封后不支持无理由退货退款"", ""尺寸"": ""15cm"", ""概率描述"": ""4个常规款，1个隐藏款"", ""款式描述"": ""大尾巴1单盒（随机发货，概率抽隐藏） 大尾巴1端盒（内含4只，概率抽隐藏） 大尾巴2代单盒（随机发货，概率抽隐藏） 大尾巴2代端盒（内含6只，概率抽隐藏）""}",https://img.alicdn.com/imgextra/i4/3951599478/O1CN01OdraxG2Jsyy9acaJY_!!3951599478.jpg | https://img.alicdn.com/imgextra/i2/3951599478/O1CN01GTNsul2Jsyy955ouA_!!3951599478.jpg | https://img.alicdn.com/imgextra/i2/3951599478/O1CN01CT5FXD2Jsyy9HkMTP_!!3951599478.jpg | https://img.alicdn.com/imgextra/i1/3951599478/O1CN01lzbZjM2Jsyy2OOTwF_!!3951599478.jpg | ,imgs/920008178645_M_02.jpg | imgs/920008178645_M_03.jpg | imgs/920008178645_M_04.jpg | imgs/920008178645_M_05.jpg | imgs/920008178645_M_01.jpg | imgs/920008178645_D_00.jpg | imgs/920008178645_D_01.jpg | imgs/920008178645_D_02.jpg | imgs/920008178645_D_03.jpg | imgs/920008178645_D_04.jpg | imgs/920008178645_D_05.jpg | imgs/920008178645_D_06.jpg | imgs/920008178645_D_07.jpg | imgs/920008178645_D_08.jpg | imgs/920008178645_D_09.jpg | imgs/920008178645_D_10.jpg | imgs/920008178645_D_11.jpg | imgs/920008178645_D_12.jpg | imgs/920008178645_D_13.jpg | imgs/920008178645_D_14.jpg | imgs/920008178645_D_15.jpg | imgs/920008178645_D_16.jpg
周柯宇同款52TOYS波卡波卡POUKA猫和老鼠毛绒挂件盲盒生日礼物,https://52toys.world.tmall.com/,https://52toys.world.tmall.com/,done,52TOYS旗舰店,https://detail.tmall.com/item.htm?id=1057664957901,1057664957901,"{""combos"": [{""款式描述"": {""values"": [""单盒（拍6只发端盒不重复,概率抽隐藏）""], ""selected"": ""单盒（拍6只发端盒不重复,概率抽隐藏）""}, ""大小"": {""values"": [""拆封后不支持无理由退货退款""], ""selected"": ""拆封后不支持无理由退货退款""}, ""_combo_price"": ""款式描述=单盒（拍6只发端盒不重复,概率抽隐藏） | 大小=拆封后不支持无理由退货退款 | 平台加补后￥66.42""}]}","款式描述=单盒（拍6只发端盒不重复,概率抽隐藏） | 大小=拆封后不支持无理由退货退款 | 平台加补后￥66.42","{""材质"": ""毛绒"", ""出售状态"": ""现货"", ""品牌"": ""52TOYS"", ""IP"": ""POUKAPOUK猫和老鼠联名"", ""系列名"": ""友你真好搪胶毛绒"", ""款式类型"": ""常规款 隐藏款"", ""ACG作品名"": ""猫和老鼠"", ""大小"": ""拆封后不支持无理由退货退款"", ""尺寸"": ""14cm"", ""概率描述"": ""6个常规款，1个隐藏款"", ""款式描述"": ""单盒（拍6只发端盒不重复,概率抽隐藏） 端盒（内含6只,概率抽隐藏）""}",https://img.alicdn.com/imgextra/i3/3951599478/O1CN012YVKtw2Jsz4EOvPVm-3951599478.jpg | https://img.alicdn.com/imgextra/i4/3951599478/O1CN01ETxhme2Jsz3yhfwdZ_!!3951599478.jpg | https://img.alicdn.com/imgextra/i1/3951599478/O1CN01JhSM6D2Jsz42ghCaA_!!3951599478.jpg | https://img.alicdn.com/imgextra/i4/3951599478/O1CN01xprmnM2Jsz42vla3d_!!3951599478.jpg | https://img.alicdn.com/imgextra/i1/3951599478/O1CN018ljq4o2Jsz43I9EFe_!!3951599478.jpg,imgs/1057664957901_M_01.jpg | imgs/1057664957901_M_02.jpg | imgs/1057664957901_M_03.jpg | imgs/1057664957901_M_04.jpg | imgs/1057664957901_M_05.jpg | imgs/1057664957901_D_00.jpg | imgs/1057664957901_D_01.jpg | imgs/1057664957901_D_02.jpg | imgs/1057664957901_D_03.jpg | imgs/1057664957901_D_04.jpg | imgs/1057664957901_D_05.jpg | imgs/1057664957901_D_06.jpg | imgs/1057664957901_D_07.jpg | imgs/1057664957901_D_08.jpg | imgs/1057664957901_D_09.jpg | imgs/1057664957901_D_10.jpg | imgs/1057664957901_D_11.jpg | imgs/1057664957901_D_12.jpg | imgs/1057664957901_D_13.jpg | imgs/1057664957901_D_14.jpg | imgs/1057664957901_D_15.jpg | imgs/1057664957901_D_16.jpg | imgs/1057664957901_D_17.jpg | imgs/1057664957901_D_18.jpg | imgs/1057664957901_D_19.jpg | imgs/1057664957901_D_20.jpg | imgs/1057664957901_D_21.jpg | imgs/1057664957901_D_22.jpg | imgs/1057664957901_D_23.jpg
52TOYS蜡笔小新心点时间盲盒手办周边公仔潮玩玩具摆件玩偶礼物,https://52toys.world.tmall.com/,https://52toys.world.tmall.com/,done,52TOYS旗舰店,https://detail.tmall.com/item.htm?id=702987206160,702987206160,"{""combos"": [{""款式描述"": {""values"": [""单盒（随机发货，概率抽隐藏）""], ""selected"": ""单盒（随机发货，概率抽隐藏）""}, ""大小"": {""values"": [""拆封后不支持无理由退货退款""], ""selected"": ""拆封后不支持无理由退货退款""}, ""_combo_price"": ""款式描述=单盒（随机发货，概率抽隐藏） | 大小=拆封后不支持无理由退货退款 | 秒杀价￥36""}, {""款式描述"": {""values"": [""单盒（随机发货，概率抽隐藏）"", ""端盒（内含8只，概率抽隐藏）""], ""selected"": ""端盒（内含8只，概率抽隐藏）""}, ""大小"": {""values"": [""拆封后不支持无理由退货退款""], ""selected"": ""拆封后不支持无理由退货退款""}, ""_combo_price"": ""款式描述=端盒（内含8只，概率抽隐藏） | 大小=拆封后不支持无理由退货退款 | 秒杀价￥325""}]}",款式描述=单盒（随机发货，概率抽隐藏） | 大小=拆封后不支持无理由退货退款 | 秒杀价￥36 || 款式描述=端盒（内含8只，概率抽隐藏） | 大小=拆封后不支持无理由退货退款 | 秒杀价￥325,"{""品牌"": ""52TOYS"", ""IP"": ""蜡笔小新"", ""系列名"": ""心点时间系列"", ""款式类型"": ""常规款"", ""大小"": ""拆封后不支持无理由退货退款"", ""尺寸"": ""约8CM"", ""概率描述"": ""隐藏款概率1:96"", ""款式描述"": ""单盒（随机发货，概率抽隐藏） 端盒（内含8只，概率抽隐藏）""}",https://img.alicdn.com/imgextra/i2/3951599478/O1CN016s1eSh2JsyucL15VK_!!3951599478.jpg | https://img.alicdn.com/imgextra/i1/3951599478/O1CN01DVbqkl2JsyuaNuQMO_!!3951599478.jpg | https://img.alicdn.com/imgextra/i4/3951599478/O1CN01aB3AH02JsyubnP6CL_!!3951599478.jpg | https://img.alicdn.com/imgextra/i2/3951599478/O1CN01RrD1lE2JsyuXYNqOC_!!3951599478.jpg | ,imgs/702987206160_M_02.jpg | imgs/702987206160_M_03.jpg | imgs/702987206160_M_04.jpg | imgs/702987206160_M_05.jpg | imgs/702987206160_M_01.jpg | imgs/702987206160_D_00.jpg | imgs/702987206160_D_01.jpg | imgs/702987206160_D_02.jpg | imgs/702987206160_D_03.jpg
52TOYS罐头猪LuLu上班猪事多系列盲盒手办潮玩玩具摆件礼物,https://52toys.world.tmall.com/,https://52toys.world.tmall.com/,done,52TOYS旗舰店,https://detail.tmall.com/item.htm?id=1045435651551,1045435651551,"{""combos"": [{""款式描述"": {""values"": [""单盒（随机发货,概率抽隐藏）""], ""selected"": ""单盒（随机发货,概率抽隐藏）""}, ""大小"": {""values"": [""拆封后不支持无理由退货退款""], ""selected"": ""拆封后不支持无理由退货退款""}, ""_combo_price"": ""款式描述=单盒（随机发货,概率抽隐藏） | 大小=拆封后不支持无理由退货退款 | 平台加补后￥64.44""}, {""款式描述"": {""values"": [""单盒（随机发货,概率抽隐藏）"", ""端盒（ 内含8只,概率抽隐藏）""], ""selected"": ""端盒（ 内含8只,概率抽隐藏）""}, ""大小"": {""values"": [""拆封后不支持无理由退货退款""], ""selected"": ""拆封后不支持无理由退货退款""}, ""_combo_price"": ""款式描述=端盒（ 内含8只,概率抽隐藏） | 大小=拆封后不支持无理由退货退款 | 平台加补后￥562.52""}]}","款式描述=单盒（随机发货,概率抽隐藏） | 大小=拆封后不支持无理由退货退款 | 平台加补后￥64.44 || 款式描述=端盒（ 内含8只,概率抽隐藏） | 大小=拆封后不支持无理由退货退款 | 平台加补后￥562.52","{""品牌"": ""52TOYS"", ""IP"": ""罐头猪LuLu"", ""系列名"": ""上班猪事多系列"", ""作品地区"": ""中国大陆"", ""首发时间"": ""2026"", ""款式类型"": ""常规款 小隐藏 大隐藏"", ""大小"": ""拆封后不支持无理由退货退款"", ""尺寸"": ""7.5cm"", ""概率描述"": ""8个常规款，1个小隐藏款，2个大隐藏款"", ""款式描述"": ""单盒（随机发货,概率抽隐藏） 端盒（ 内含8只,概率抽隐藏）""}",https://img.alicdn.com/imgextra/i2/3951599478/O1CN01tTfM8y2Jsz3Dp0Bze_!!3951599478.jpg | https://img.alicdn.com/imgextra/i4/3951599478/O1CN01xbyNIe2Jsz3EHhV3b_!!3951599478.jpg | https://img.alicdn.com/imgextra/i1/3951599478/O1CN0122ZKMQ2Jsz3DilHzX_!!3951599478.jpg | https://img.alicdn.com/imgextra/i3/3951599478/O1CN01xLYlGE2Jsz3EE7Fn9_!!3951599478.jpg | ,imgs/1045435651551_M_01.jpg | imgs/1045435651551_M_02.jpg | imgs/1045435651551_M_03.jpg | imgs/1045435651551_M_04.jpg | imgs/1045435651551_M_00.jpg | imgs/1045435651551_D_00.jpg | imgs/1045435651551_D_01.jpg | imgs/1045435651551_D_02.jpg | imgs/1045435651551_D_03.jpg | imgs/1045435651551_D_04.jpg | imgs/1045435651551_D_05.jpg | imgs/1045435651551_D_06.jpg | imgs/1045435651551_D_07.jpg | imgs/1045435651551_D_08.jpg | imgs/1045435651551_D_09.jpg | imgs/1045435651551_D_10.jpg | imgs/1045435651551_D_11.jpg | imgs/1045435651551_D_12.jpg | imgs/1045435651551_D_13.jpg | imgs/1045435651551_D_14.jpg | imgs/1045435651551_D_15.jpg | imgs/1045435651551_D_16.jpg | imgs/1045435651551_D_17.jpg | imgs/1045435651551_D_18.jpg | imgs/1045435651551_D_19.jpg | imgs/1045435651551_D_20.jpg | imgs/1045435651551_D_21.jpg | imgs/1045435651551_D_22.jpg
52TOYS波卡OUKAPOUKA×周柯宇NO.0517联名生日限定礼盒宇航员款,https://52toys.world.tmall.com/,https://52toys.world.tmall.com/,done,52TOYS旗舰店,https://detail.tmall.com/item.htm?id=1048034196750,1048034196750,"{""combos"": [{""款式"": {""values"": [""限定款""], ""selected"": ""限定款""}, ""颜色分类"": {""values"": [""周柯宇联名NO.0517礼盒-限量1900套""], ""selected"": ""周柯宇联名NO.0517礼盒-限量1900套""}, ""_combo_price"": ""款式=限定款 | 颜色分类=周柯宇联名NO.0517礼盒-限量1900套 | 平台加补后￥259.02""}]}",款式=限定款 | 颜色分类=周柯宇联名NO.0517礼盒-限量1900套 | 平台加补后￥259.02,"{""品牌"": ""52TOYS"", ""IP"": ""POUKAPOUKA"", ""款式"": ""限定款"", ""颜色分类"": ""周柯宇联名NO.0517礼盒-限量1900套""}",https://img.alicdn.com/imgextra/i3/3951599478/O1CN01gbxBi32Jsz3FZ6yV8_!!4611686018427387766-0-item_pic.jpg | https://img.alicdn.com/imgextra/i4/3951599478/O1CN01Zg2UaO2Jsz3FYyFJK_!!3951599478.jpg | https://img.alicdn.com/imgextra/i4/3951599478/O1CN01Wsu0B82Jsz3FfjJJo_!!3951599478.jpg | https://img.alicdn.com/imgextra/i1/3951599478/O1CN01HCEcL62Jsz3FsIskB_!!3951599478.jpg | https://img.alicdn.com/imgextra/i1/3951599478/O1CN015DExWp2Jsz3Fpt5mi_!!3951599478.jpg,imgs/1048034196750_M_01.jpg | imgs/1048034196750_M_02.jpg | imgs/1048034196750_M_03.jpg | imgs/1048034196750_M_04.jpg | imgs/1048034196750_M_05.jpg | imgs/1048034196750_D_00.jpg | imgs/1048034196750_D_01.jpg | imgs/1048034196750_D_02.jpg | imgs/1048034196750_D_03.jpg | imgs/1048034196750_D_04.jpg | imgs/1048034196750_D_05.jpg | imgs/1048034196750_D_06.jpg | imgs/1048034196750_D_07.jpg | imgs/1048034196750_D_08.jpg | imgs/1048034196750_D_09.jpg | imgs/1048034196750_D_10.jpg | imgs/1048034196750_D_11.jpg | imgs/1048034196750_D_12.jpg | imgs/1048034196750_D_13.jpg | imgs/1048034196750_D_14.jpg | imgs/1048034196750_D_15.jpg | imgs/1048034196750_D_16.jpg | imgs/1048034196750_D_17.jpg
52TOYS迪士尼史迪奇决战钢图肌肉男手办大体公仔史迪仔男生礼物,https://52toys.world.tmall.com/,https://52toys.world.tmall.com/,done,52TOYS旗舰店,https://detail.tmall.com/item.htm?id=921082948458,921082948458,"{""combos"": [{""尺寸"": {""values"": [""拆封后不支持无理由退货退款""], ""selected"": ""拆封后不支持无理由退货退款""}, ""颜色分类"": {""values"": [""170%大体送手提袋""], ""selected"": ""170%大体送手提袋""}, ""_combo_price"": ""尺寸=拆封后不支持无理由退货退款 | 颜色分类=170%大体送手提袋 | 平台加补后￥333""}]}",尺寸=拆封后不支持无理由退货退款 | 颜色分类=170%大体送手提袋 | 平台加补后￥333,"{""品牌"": ""52TOYS"", ""型号"": ""史迪奇决战钢图手办"", ""尺寸"": ""拆封后不支持无理由退货退款"", ""颜色分类"": ""170%大体送手提袋""}",https://img.alicdn.com/imgextra/i4/3951599478/O1CN01QNyam82JsyyNxd9P8_!!3951599478.jpg | https://img.alicdn.com/imgextra/i1/3951599478/O1CN019eJHRW2JsyyQg1GBc_!!3951599478.jpg | https://img.alicdn.com/imgextra/i1/3951599478/O1CN015XZZk02JsyyQQ0feQ_!!3951599478.jpg | https://img.alicdn.com/imgextra/i4/3951599478/O1CN01fi86vy2JsyyNxf61t_!!3951599478.jpg | ,imgs/921082948458_M_02.jpg | imgs/921082948458_M_03.jpg | imgs/921082948458_M_04.jpg | imgs/921082948458_M_05.jpg | imgs/921082948458_M_01.jpg | imgs/921082948458_D_00.jpg | imgs/921082948458_D_01.jpg | imgs/921082948458_D_02.jpg | imgs/921082948458_D_03.jpg | imgs/921082948458_D_04.jpg | imgs/921082948458_D_05.jpg | imgs/921082948458_D_06.jpg | imgs/921082948458_D_07.jpg | imgs/921082948458_D_08.jpg | imgs/921082948458_D_09.jpg | imgs/921082948458_D_10.jpg | imgs/921082948458_D_11.jpg | imgs/921082948458_D_12.jpg | imgs/921082948458_D_13.jpg | imgs/921082948458_D_14.jpg | imgs/921082948458_D_15.jpg | imgs/921082948458_D_16.jpg | imgs/921082948458_D_17.jpg
52TOYS蜡笔小新日常系列1盲盒手办潮流玩具摆件动漫周边玩偶礼物,https://52toys.world.tmall.com/,https://52toys.world.tmall.com/,done,52TOYS旗舰店,https://detail.tmall.com/item.htm?id=649081518073,649081518073,"{""combos"": [{""款式描述"": {""values"": [""单盒（随机发货，概率抽隐藏）""], ""selected"": ""单盒（随机发货，概率抽隐藏）""}, ""大小"": {""values"": [""拆封后不支持无理由退货退款""], ""selected"": ""拆封后不支持无理由退货退款""}, ""_combo_price"": ""款式描述=单盒（随机发货，概率抽隐藏） | 大小=拆封后不支持无理由退货退款 | 平台加补后￥32.22""}, {""款式描述"": {""values"": [""单盒（随机发货，概率抽隐藏）"", ""端盒（内含6只，概率抽隐藏）""], ""selected"": ""端盒（内含6只，概率抽隐藏）""}, ""大小"": {""values"": [""拆封后不支持无理由退货退款""], ""selected"": ""拆封后不支持无理由退货退款""}, ""_combo_price"": ""款式描述=端盒（内含6只，概率抽隐藏） | 大小=拆封后不支持无理由退货退款 | 平台加补后￥223.32""}]}",款式描述=单盒（随机发货，概率抽隐藏） | 大小=拆封后不支持无理由退货退款 | 平台加补后￥32.22 || 款式描述=端盒（内含6只，概率抽隐藏） | 大小=拆封后不支持无理由退货退款 | 平台加补后￥223.32,"{""品牌"": ""52TOYS"", ""IP"": ""蜡笔小新"", ""系列名"": ""日常系列1"", ""款式类型"": ""常规款"", ""大小"": ""拆封后不支持无理由退货退款"", ""尺寸"": ""约9cm"", ""概率描述"": ""隐藏款概率1:72"", ""款式描述"": ""单盒（随机发货，概率抽隐藏） 端盒（内含6只，概率抽隐藏）""}",https://img.alicdn.com/imgextra/i1/3951599478/O1CN016itCyx2JsyubHKEhC_!!3951599478.jpg | https://img.alicdn.com/imgextra/i4/3951599478/O1CN01J9Ywa42JsyuYkUnfh_!!3951599478.jpg | https://img.alicdn.com/imgextra/i4/3951599478/O1CN01CPwEzg2JsywsCiOmB_!!3951599478.jpg | https://img.alicdn.com/imgextra/i3/3951599478/O1CN01DNyAxm2JsyuYpSk4d_!!3951599478.jpg | ,imgs/649081518073_M_02.jpg | imgs/649081518073_M_03.jpg | imgs/649081518073_M_04.jpg | imgs/649081518073_M_05.jpg | imgs/649081518073_M_01.jpg | imgs/649081518073_D_00.jpg | imgs/649081518073_D_01.jpg | imgs/649081518073_D_02.jpg | imgs/649081518073_D_03.jpg | imgs/649081518073_D_04.jpg | imgs/649081518073_D_05.jpg | imgs/649081518073_D_06.jpg | imgs/649081518073_D_07.jpg | imgs/649081518073_D_08.jpg | imgs/649081518073_D_09.jpg | imgs/649081518073_D_10.jpg | imgs/649081518073_D_11.jpg | imgs/649081518073_D_12.jpg | imgs/649081518073_D_13.jpg
52TOYS官方NOOK藏星星的熊搪胶毛绒公仔玩偶手办大体摆件男生礼物,https://52toys.world.tmall.com/,https://52toys.world.tmall.com/,done,52TOYS旗舰店,https://detail.tmall.com/item.htm?id=1065135831358,1065135831358,"{""combos"": [{""颜色分类"": {""values"": [""NOOK藏星星的熊-32cm送购物袋""], ""selected"": ""NOOK藏星星的熊-32cm送购物袋""}, ""_combo_price"": ""颜色分类=NOOK藏星星的熊-32cm送购物袋 | 平台加补后￥381.03""}]}",颜色分类=NOOK藏星星的熊-32cm送购物袋 | 平台加补后￥381.03,"{""品牌"": ""52TOYS"", ""IP"": ""NOOK"", ""颜色分类"": ""NOOK藏星星的熊-32cm送购物袋""}",https://img.alicdn.com/imgextra/i3/3951599478/O1CN01hIuLhv2Jsz44fuTXv_!!3951599478.jpg | https://img.alicdn.com/imgextra/i2/3951599478/O1CN01eI9Ep82Jsz44fsOeu_!!3951599478.jpg | https://img.alicdn.com/imgextra/i2/3951599478/O1CN01DCJXHn2Jsz44Wwd5j_!!3951599478.jpg | https://img.alicdn.com/imgextra/i1/3951599478/O1CN01ZDfVAJ2Jsz44IU72y_!!3951599478.jpg | ,imgs/1065135831358_M_02.jpg | imgs/1065135831358_M_03.jpg | imgs/1065135831358_M_04.jpg | imgs/1065135831358_M_05.jpg | imgs/1065135831358_M_01.jpg | imgs/1065135831358_D_00.jpg | imgs/1065135831358_D_01.jpg | imgs/1065135831358_D_02.jpg | imgs/1065135831358_D_03.jpg | imgs/1065135831358_D_04.jpg | imgs/1065135831358_D_05.jpg | imgs/1065135831358_D_06.jpg | imgs/1065135831358_D_07.jpg | imgs/1065135831358_D_08.jpg | imgs/1065135831358_D_09.jpg | imgs/1065135831358_D_10.jpg | imgs/1065135831358_D_11.jpg | imgs/1065135831358_D_12.jpg | imgs/1065135831358_D_13.jpg | imgs/1065135831358_D_14.jpg | imgs/1065135831358_D_15.jpg
52TOYS迪士尼草莓熊3代迷人大BOSS盲盒植绒手办送女友生日礼物,https://52toys.world.tmall.com/,https://52toys.world.tmall.com/,done,52TOYS旗舰店,https://detail.tmall.com/item.htm?id=902051202433,902051202433,"{""combos"": [{""款式描述"": {""values"": [""单盒（随机发货概率抽隐藏）""], ""selected"": ""单盒（随机发货概率抽隐藏）""}, ""大小"": {""values"": [""拆封后不支持无理由退货退款""], ""selected"": ""拆封后不支持无理由退货退款""}, ""_combo_price"": ""款式描述=单盒（随机发货概率抽隐藏） | 大小=拆封后不支持无理由退货退款 | 平台加补后￥52.6""}, {""款式描述"": {""values"": [""单盒（随机发货概率抽隐藏）"", ""端盒（内含8只概率抽隐藏）""], ""selected"": ""端盒（内含8只概率抽隐藏）""}, ""大小"": {""values"": [""拆封后不支持无理由退货退款""], ""selected"": ""拆封后不支持无理由退货退款""}, ""_combo_price"": ""款式描述=端盒（内含8只概率抽隐藏） | 大小=拆封后不支持无理由退货退款 | 平台加补后￥463""}, {""款式描述"": {""values"": [""单盒（随机发货概率抽隐藏）"", ""端盒（内含8只概率抽隐藏）"", ""草莓熊1代+2代+3代单只装""], ""selected"": ""草莓熊1代+2代+3代单只装""}, ""大小"": {""values"": [""拆封后不支持无理由退货退款""], ""selected"": ""拆封后不支持无理由退货退款""}, ""_combo_price"": ""款式描述=草莓熊1代+2代+3代单只装 | 大小=拆封后不支持无理由退货退款 | 平台加补后￥148""}, {""款式描述"": {""values"": [""单盒（随机发货概率抽隐藏）"", ""端盒（内含8只概率抽隐藏）"", ""草莓熊1代+2代+3代单只装"", ""1代单盒（随机发货概率抽隐藏）""], ""selected"": ""1代单盒（随机发货概率抽隐藏）""}, ""大小"": {""values"": [""拆封后不支持无理由退货退款""], ""selected"": ""拆封后不支持无理由退货退款""}, ""_combo_price"": ""款式描述=1代单盒（随机发货概率抽隐藏） | 大小=拆封后不支持无理由退货退款 | 平台加补后￥52.6""}, {""款式描述"": {""values"": [""单盒（随机发货概率抽隐藏）"", ""端盒（内含8只概率抽隐藏）"", ""草莓熊1代+2代+3代单只装"", ""1代单盒（随机发货概率抽隐藏）"", ""1代端盒（内含8只概率抽隐藏）""], ""selected"": ""1代端盒（内含8只概率抽隐藏）""}, ""大小"": {""values"": [""拆封后不支持无理由退货退款""], ""selected"": ""拆封后不支持无理由退货退款""}, ""_combo_price"": ""款式描述=1代端盒（内含8只概率抽隐藏） | 大小=拆封后不支持无理由退货退款 | 平台加补后￥463""}, {""款式描述"": {""values"": [""单盒（随机发货概率抽隐藏）"", ""端盒（内含8只概率抽隐藏）"", ""草莓熊1代+2代+3代单只装"", ""1代单盒（随机发货概率抽隐藏）"", ""1代端盒（内含8只概率抽隐藏）"", ""2代单盒（随机发货概率抽隐藏）""], ""selected"": ""2代单盒（随机发货概率抽隐藏）""}, ""大小"": {""values"": [""拆封后不支持无理由退货退款""], ""selected"": ""拆封后不支持无理由退货退款""}, ""_combo_price"": ""款式描述=2代单盒（随机发货概率抽隐藏） | 大小=拆封后不支持无理由退货退款 | 平台加补后￥52.6""}, {""款式描述"": {""values"": [""单盒（随机发货概率抽隐藏）"", ""端盒（内含8只概率抽隐藏）"", ""草莓熊1代+2代+3代单只装"", ""1代单盒（随机发货概率抽隐藏）"", ""1代端盒（内含8只概率抽隐藏）"", ""2代单盒（随机发货概率抽隐藏）"", ""2代端盒（内含8只概率抽隐藏）""], ""selected"": ""2代端盒（内含8只概率抽隐藏）""}, ""大小"": {""values"": [""拆封后不支持无理由退货退款""], ""selected"": ""拆封后不支持无理由退货退款""}, ""_combo_price"": ""款式描述=2代端盒（内含8只概率抽隐藏） | 大小=拆封后不支持无理由退货退款 | 平台加补后￥463""}]}",款式描述=单盒（随机发货概率抽隐藏） | 大小=拆封后不支持无理由退货退款 | 平台加补后￥52.6 || 款式描述=端盒（内含8只概率抽隐藏） | 大小=拆封后不支持无理由退货退款 | 平台加补后￥463 || 款式描述=草莓熊1代+2代+3代单只装 | 大小=拆封后不支持无理由退货退款 | 平台加补后￥148 || 款式描述=1代单盒（随机发货概率抽隐藏） | 大小=拆封后不支持无理由退货退款 | 平台加补后￥52.6 || 款式描述=1代端盒（内含8只概率抽隐藏） | 大小=拆封后不支持无理由退货退款 | 平台加补后￥463 || 款式描述=2代单盒（随机发货概率抽隐藏） | 大小=拆封后不支持无理由退货退款 | 平台加补后￥52.6 || 款式描述=2代端盒（内含8只概率抽隐藏） | 大小=拆封后不支持无理由退货退款 | 平台加补后￥463,"{""品牌"": ""52TOYS"", ""IP"": ""迪士尼"", ""系列名"": ""草莓熊-迷人大BOSS系列"", ""款式类型"": ""常规款"", ""大小"": ""拆封后不支持无理由退货退款"", ""尺寸"": ""高约9cm"", ""概率描述"": ""常规款1:8，隐藏款1:72"", ""款式描述"": ""单盒（随机发货概率抽隐藏） 端盒（内含8只概率抽隐藏） 草莓熊1代+2代+3代单只装 1代单盒（随机发货概率抽隐藏） 1代端盒（内含8只概率抽隐藏） 2代单盒（随机发货概率抽隐藏） 2代端盒（内含8只概率抽隐藏）""}",https://img.alicdn.com/imgextra/i4/3951599478/O1CN0114zqdX2JsyxMQJbQr_!!3951599478.jpg | https://img.alicdn.com/imgextra/i1/3951599478/O1CN01A7druo2JsysDIncfB_!!3951599478.jpg | https://img.alicdn.com/imgextra/i3/3951599478/O1CN01fETM6q2JsyxGTLXUI_!!3951599478.jpg | https://img.alicdn.com/imgextra/i4/3951599478/O1CN01wuihqN2Jsyytzmbhe_!!3951599478.jpg | ,imgs/902051202433_M_02.jpg | imgs/902051202433_M_03.jpg | imgs/902051202433_M_04.jpg | imgs/902051202433_M_05.jpg | imgs/902051202433_M_01.jpg | imgs/902051202433_D_00.jpg | imgs/902051202433_D_01.jpg | imgs/902051202433_D_02.jpg | imgs/902051202433_D_03.jpg | imgs/902051202433_D_04.jpg | imgs/902051202433_D_05.jpg | imgs/902051202433_D_06.jpg | imgs/902051202433_D_07.jpg | imgs/902051202433_D_08.jpg | imgs/902051202433_D_09.jpg | imgs/902051202433_D_10.jpg | imgs/902051202433_D_11.jpg | imgs/902051202433_D_12.jpg | imgs/902051202433_D_13.jpg | imgs/902051202433_D_14.jpg | imgs/902051202433_D_15.jpg | imgs/902051202433_D_16.jpg | imgs/902051202433_D_17.jpg | imgs/902051202433_D_18.jpg | imgs/902051202433_D_19.jpg | imgs/902051202433_D_20.jpg | imgs/902051202433_D_21.jpg | imgs/902051202433_D_22.jpg | imgs/902051202433_D_23.jpg | imgs/902051202433_D_24.jpg | imgs/902051202433_D_25.jpg | imgs/902051202433_D_26.jpg | imgs/902051202433_D_27.jpg | imgs/902051202433_D_28.jpg | imgs/902051202433_D_29.jpg | imgs/902051202433_D_30.jpg
52TOYS迪士尼玩具总动员Minime系列萌粒盲盒手办潮玩摆件女生礼物,https://52toys.world.tmall.com/,https://52toys.world.tmall.com/,done,52TOYS旗舰店,https://detail.tmall.com/item.htm?id=1047099921228,1047099921228,"{""combos"": [{""款式描述"": {""values"": [""单盒（随机发货,概率抽隐藏）""], ""selected"": ""单盒（随机发货,概率抽隐藏）""}, ""大小"": {""values"": [""拆封后不支持无理由退货退款""], ""selected"": ""拆封后不支持无理由退货退款""}, ""_combo_price"": ""款式描述=单盒（随机发货,概率抽隐藏） | 大小=拆封后不支持无理由退货退款 | 平台加补后￥16.51""}, {""款式描述"": {""values"": [""单盒（随机发货,概率抽隐藏）"", ""3只装（随机发货,概率抽隐藏）""], ""selected"": ""3只装（随机发货,概率抽隐藏）""}, ""大小"": {""values"": [""拆封后不支持无理由退货退款""], ""selected"": ""拆封后不支持无理由退货退款""}, ""_combo_price"": ""款式描述=3只装（随机发货,概率抽隐藏） | 大小=拆封后不支持无理由退货退款 | 平台加补后￥49.51""}, {""款式描述"": {""values"": [""单盒（随机发货,概率抽隐藏）"", ""3只装（随机发货,概率抽隐藏）"", ""端盒（内含18只,概率抽隐藏）""], ""selected"": ""端盒（内含18只,概率抽隐藏）""}, ""大小"": {""values"": [""拆封后不支持无理由退货退款""], ""selected"": ""拆封后不支持无理由退货退款""}, ""_combo_price"": ""款式描述=端盒（内含18只,概率抽隐藏） | 大小=拆封后不支持无理由退货退款 | 平台加补后￥293.84""}]}","款式描述=单盒（随机发货,概率抽隐藏） | 大小=拆封后不支持无理由退货退款 | 平台加补后￥16.51 || 款式描述=3只装（随机发货,概率抽隐藏） | 大小=拆封后不支持无理由退货退款 | 平台加补后￥49.51 || 款式描述=端盒（内含18只,概率抽隐藏） | 大小=拆封后不支持无理由退货退款 | 平台加补后￥293.84","{""材质"": ""塑胶"", ""出售状态"": ""现货"", ""品牌"": ""52TOYS"", ""IP"": ""玩具总动员"", ""系列名"": ""Minime系列"", ""款式类型"": ""常规款 隐藏款"", ""ACG作品名"": ""玩具总动员"", ""大小"": ""拆封后不支持无理由退货退款"", ""尺寸"": ""4cm"", ""概率描述"": ""18个常规款，1个隐藏款"", ""款式描述"": ""单盒（随机发货,概率抽隐藏） 3只装（随机发货,概率抽隐藏） 端盒（内含18只,概率抽隐藏）""}",https://img.alicdn.com/imgextra/i3/3951599478/O1CN01MQwHkl2Jsz3L49Q2u_!!3951599478.jpg | https://img.alicdn.com/imgextra/i3/3951599478/O1CN01Spu0F82Jsz3L49cVL_!!3951599478.jpg | https://img.alicdn.com/imgextra/i4/3951599478/O1CN01SIsFuJ2Jsz3L4AI7A_!!3951599478.jpg | https://img.alicdn.com/imgextra/i2/3951599478/O1CN01gN6LDB2Jsz3LGKdcU_!!3951599478.jpg | ,imgs/1047099921228_M_02.jpg | imgs/1047099921228_M_03.jpg | imgs/1047099921228_M_04.jpg | imgs/1047099921228_M_05.jpg | imgs/1047099921228_M_01.jpg | imgs/1047099921228_D_00.jpg | imgs/1047099921228_D_01.jpg | imgs/1047099921228_D_02.jpg | imgs/1047099921228_D_03.jpg | imgs/1047099921228_D_04.jpg | imgs/1047099921228_D_05.jpg | imgs/1047099921228_D_06.jpg | imgs/1047099921228_D_07.jpg | imgs/1047099921228_D_08.jpg | imgs/1047099921228_D_09.jpg | imgs/1047099921228_D_10.jpg | imgs/1047099921228_D_11.jpg | imgs/1047099921228_D_12.jpg | imgs/1047099921228_D_13.jpg | imgs/1047099921228_D_14.jpg | imgs/1047099921228_D_15.jpg | imgs/1047099921228_D_16.jpg | imgs/1047099921228_D_17.jpg
52TOYS小幽灵给你看看我的猫萌粒盲盒手办玩具公仔摆件生日礼物,https://52toys.world.tmall.com/,https://52toys.world.tmall.com/,done,52TOYS旗舰店,https://detail.tmall.com/item.htm?id=1018972674242,1018972674242,"{""combos"": [{""款式描述"": {""values"": [""单盒（随机发货,概率抽隐藏）""], ""selected"": ""单盒（随机发货,概率抽隐藏）""}, ""大小"": {""values"": [""拆封后不支持无理由退货退款""], ""selected"": ""拆封后不支持无理由退货退款""}, ""_combo_price"": ""款式描述=单盒（随机发货,概率抽隐藏） | 大小=拆封后不支持无理由退货退款 | 平台加补后￥15.51""}, {""款式描述"": {""values"": [""单盒（随机发货,概率抽隐藏）"", ""3只装（随机发货,概率抽隐藏）""], ""selected"": ""3只装（随机发货,概率抽隐藏）""}, ""大小"": {""values"": [""拆封后不支持无理由退货退款""], ""selected"": ""拆封后不支持无理由退货退款""}, ""_combo_price"": ""款式描述=3只装（随机发货,概率抽隐藏） | 大小=拆封后不支持无理由退货退款 | 平台加补后￥48.51""}, {""款式描述"": {""values"": [""单盒（随机发货,概率抽隐藏）"", ""3只装（随机发货,概率抽隐藏）"", ""端盒（内含9只,概率抽隐藏）""], ""selected"": ""端盒（内含9只,概率抽隐藏）""}, ""大小"": {""values"": [""拆封后不支持无理由退货退款""], ""selected"": ""拆封后不支持无理由退货退款""}, ""_combo_price"": ""款式描述=端盒（内含9只,概率抽隐藏） | 大小=拆封后不支持无理由退货退款 | 平台加补后￥129.52""}]}","款式描述=单盒（随机发货,概率抽隐藏） | 大小=拆封后不支持无理由退货退款 | 平台加补后￥15.51 || 款式描述=3只装（随机发货,概率抽隐藏） | 大小=拆封后不支持无理由退货退款 | 平台加补后￥48.51 || 款式描述=端盒（内含9只,概率抽隐藏） | 大小=拆封后不支持无理由退货退款 | 平台加补后￥129.52","{""品牌"": ""52TOYS"", ""IP"": ""小幽灵"", ""系列名"": ""给你看看我的猫"", ""作品地区"": ""中国大陆"", ""ACG作品名"": ""小幽灵给你看看我的猫"", ""系列类型"": ""联名系列"", ""款式类型"": ""常规款 隐藏款"", ""大小"": ""拆封后不支持无理由退货退款"", ""尺寸"": ""约4.7cm"", ""概率描述"": ""9个常规款，1个隐藏款"", ""款式描述"": ""单盒（随机发货,概率抽隐藏） 3只装（随机发货,概率抽隐藏） 端盒（内含9只,概率抽隐藏） 大笨狗单盒（款式随机 概率抽隐藏） 大笨狗端盒（内含8只,概率抽隐藏）""}",https://img.alicdn.com/imgextra/i3/3951599478/O1CN01Worr8v2Jsz2s0UanE_!!3951599478.jpg | https://img.alicdn.com/imgextra/i4/3951599478/O1CN012TKDb82Jsz2M6G5GV_!!3951599478.jpg | https://img.alicdn.com/imgextra/i2/3951599478/O1CN011DSzKX2Jsz2LzVv6m_!!3951599478.jpg | https://img.alicdn.com/imgextra/i2/3951599478/O1CN01QpGcQy2Jsz2MQvlux_!!3951599478.jpg | ,imgs/1018972674242_M_02.jpg | imgs/1018972674242_M_03.jpg | imgs/1018972674242_M_04.jpg | imgs/1018972674242_M_05.jpg | imgs/1018972674242_M_01.jpg | imgs/1018972674242_D_00.jpg | imgs/1018972674242_D_01.jpg | imgs/1018972674242_D_02.jpg | imgs/1018972674242_D_03.jpg | imgs/1018972674242_D_04.jpg | imgs/1018972674242_D_05.jpg | imgs/1018972674242_D_06.jpg | imgs/1018972674242_D_07.jpg | imgs/1018972674242_D_08.jpg | imgs/1018972674242_D_09.jpg | imgs/1018972674242_D_10.jpg | imgs/1018972674242_D_11.jpg | imgs/1018972674242_D_12.jpg | imgs/1018972674242_D_13.jpg | imgs/1018972674242_D_14.jpg | imgs/1018972674242_D_15.jpg | imgs/1018972674242_D_16.jpg | imgs/1018972674242_D_17.jpg | imgs/1018972674242_D_18.jpg | imgs/1018972674242_D_19.jpg | imgs/1018972674242_D_20.jpg
52TOYS大笨狗之家笨你而来盲盒手办表情包潮玩玩具摆件生日礼物,https://52toys.world.tmall.com/,https://52toys.world.tmall.com/,done,52TOYS旗舰店,https://detail.tmall.com/item.htm?id=1018658591790,1018658591790,"{""combos"": [{""款式描述"": {""values"": [""大笨狗单盒（款式随机 概率抽隐藏）""], ""selected"": ""大笨狗单盒（款式随机 概率抽隐藏）""}, ""大小"": {""values"": [""拆封后不支持无理由退货退款""], ""selected"": ""拆封后不支持无理由退货退款""}, ""_combo_price"": ""款式描述=大笨狗单盒（款式随机 概率抽隐藏） | 大小=拆封后不支持无理由退货退款 | 店铺优惠后￥51.9""}, {""款式描述"": {""values"": [""大笨狗单盒（款式随机 概率抽隐藏）"", ""大笨狗端盒（内含8只,概率抽隐藏）""], ""selected"": ""大笨狗端盒（内含8只,概率抽隐藏）""}, ""大小"": {""values"": [""拆封后不支持无理由退货退款""], ""selected"": ""拆封后不支持无理由退货退款""}, ""_combo_price"": ""款式描述=大笨狗端盒（内含8只,概率抽隐藏） | 大小=拆封后不支持无理由退货退款 | 店铺优惠后￥415""}]}","款式描述=大笨狗单盒（款式随机 概率抽隐藏） | 大小=拆封后不支持无理由退货退款 | 店铺优惠后￥51.9 || 款式描述=大笨狗端盒（内含8只,概率抽隐藏） | 大小=拆封后不支持无理由退货退款 | 店铺优惠后￥415","{""品牌"": ""52TOYS"", ""IP"": ""大笨狗之家"", ""系列名"": ""笨你而来盲盒"", ""作品地区"": ""中国大陆"", ""ACG作品名"": ""大笨狗之家"", ""系列类型"": ""联名系列"", ""款式类型"": ""常规款 隐藏款"", ""大小"": ""拆封后不支持无理由退货退款"", ""尺寸"": ""4.7CM"", ""概率描述"": ""8个常规款，1个隐藏款"", ""款式描述"": ""大笨狗单盒（款式随机 概率抽隐藏） 大笨狗端盒（内含8只,概率抽隐藏）""}",https://img.alicdn.com/imgextra/i2/3951599478/O1CN016gGSt62Jsz2cDoqv8_!!3951599478.jpg | https://img.alicdn.com/imgextra/i1/3951599478/O1CN01dSPV1a2Jsz2dQgDI8_!!3951599478.jpg | https://img.alicdn.com/imgextra/i3/3951599478/O1CN01BbJch72Jsz2XcMtJr_!!3951599478.jpg | https://img.alicdn.com/imgextra/i1/3951599478/O1CN011AZUJt2Jsz2WqhFzk_!!3951599478.jpg | ,imgs/1018658591790_M_02.jpg | imgs/1018658591790_M_03.jpg | imgs/1018658591790_M_04.jpg | imgs/1018658591790_M_05.jpg | imgs/1018658591790_M_01.jpg | imgs/1018658591790_D_00.jpg | imgs/1018658591790_D_01.jpg | imgs/1018658591790_D_02.jpg | imgs/1018658591790_D_03.jpg | imgs/1018658591790_D_04.jpg | imgs/1018658591790_D_05.jpg | imgs/1018658591790_D_06.jpg | imgs/1018658591790_D_07.jpg | imgs/1018658591790_D_08.jpg | imgs/1018658591790_D_09.jpg | imgs/1018658591790_D_10.jpg | imgs/1018658591790_D_11.jpg | imgs/1018658591790_D_12.jpg | imgs/1018658591790_D_13.jpg | imgs/1018658591790_D_14.jpg | imgs/1018658591790_D_15.jpg | imgs/1018658591790_D_16.jpg | imgs/1018658591790_D_17.jpg | imgs/1018658591790_D_18.jpg | imgs/1018658591790_D_19.jpg | imgs/1018658591790_D_20.jpg | imgs/1018658591790_D_21.jpg
52TOYS猫和老鼠复古机车手办潮玩玩具公仔摆件送男友礼物,https://52toys.world.tmall.com/,https://52toys.world.tmall.com/,done,52TOYS旗舰店,https://detail.tmall.com/item.htm?id=729713787523,729713787523,"{""combos"": [{""款式描述"": {""values"": [""猫和老鼠复古机车""], ""selected"": ""猫和老鼠复古机车""}, ""_combo_price"": ""款式描述=猫和老鼠复古机车 | 平台加补后￥251.02""}]}",款式描述=猫和老鼠复古机车 | 平台加补后￥251.02,"{""品牌"": ""52TOYS"", ""IP"": ""猫和老鼠"", ""系列名"": ""复古机车"", ""首发时间"": ""10.1520点-10.2018点"", ""款式类型"": ""常规款"", ""ACG作品名"": ""猫和老鼠"", ""尺寸"": ""约18cm"", ""款式描述"": ""猫和老鼠复古机车""}",https://img.alicdn.com/imgextra/i4/3951599478/O1CN01lSGa6u2JsysyYCSKe_!!0-item_pic.jpg | https://img.alicdn.com/imgextra/i1/3951599478/O1CN01PVtGWy2JsysW3Blm9_!!3951599478.jpg | https://img.alicdn.com/imgextra/i3/3951599478/O1CN01Rmy1Xz2JsysXDaeqK_!!3951599478.jpg | https://img.alicdn.com/imgextra/i1/3951599478/O1CN01n3ixIW2JsysVe4mKo_!!3951599478.jpg | ,imgs/729713787523_M_02.jpg | imgs/729713787523_M_03.jpg | imgs/729713787523_M_04.jpg | imgs/729713787523_M_05.jpg | imgs/729713787523_M_01.jpg | imgs/729713787523_D_00.jpg | imgs/729713787523_D_01.jpg | imgs/729713787523_D_02.jpg | imgs/729713787523_D_03.jpg | imgs/729713787523_D_04.jpg | imgs/729713787523_D_05.jpg | imgs/729713787523_D_06.jpg | imgs/729713787523_D_07.jpg | imgs/729713787523_D_08.jpg | imgs/729713787523_D_09.jpg | imgs/729713787523_D_10.jpg | imgs/729713787523_D_11.jpg | imgs/729713787523_D_12.jpg | imgs/729713787523_D_13.jpg | imgs/729713787523_D_14.jpg | imgs/729713787523_D_15.jpg | imgs/729713787523_D_16.jpg | imgs/729713787523_D_17.jpg
52TOYS猫和老鼠TOM and JERRY合作游戏盲盒手办潮玩玩具摆件礼物,https://52toys.world.tmall.com/,https://52toys.world.tmall.com/,done,52TOYS旗舰店,https://detail.tmall.com/item.htm?id=1061595487972,1061595487972,"{""combos"": [{""款式描述"": {""values"": [""单盒（随机发货,概率抽隐藏）""], ""selected"": ""单盒（随机发货,概率抽隐藏）""}, ""大小"": {""values"": [""拆封后不支持无理由退货退款""], ""selected"": ""拆封后不支持无理由退货退款""}, ""_combo_price"": ""款式描述=单盒（随机发货,概率抽隐藏） | 大小=拆封后不支持无理由退货退款 | 平台加补后￥56""}, {""款式描述"": {""values"": [""单盒（随机发货,概率抽隐藏）"", ""端盒（内含8只,概率抽隐藏）""], ""selected"": ""端盒（内含8只,概率抽隐藏）""}, ""大小"": {""values"": [""拆封后不支持无理由退货退款""], ""selected"": ""拆封后不支持无理由退货退款""}, ""_combo_price"": ""款式描述=端盒（内含8只,概率抽隐藏） | 大小=拆封后不支持无理由退货退款 | 平台加补后￥480""}]}","款式描述=单盒（随机发货,概率抽隐藏） | 大小=拆封后不支持无理由退货退款 | 平台加补后￥56 || 款式描述=端盒（内含8只,概率抽隐藏） | 大小=拆封后不支持无理由退货退款 | 平台加补后￥480","{""材质"": ""塑胶"", ""出售状态"": ""现货"", ""品牌"": ""52TOYS"", ""IP"": ""猫和老鼠"", ""系列名"": ""合作游戏系列"", ""款式类型"": ""常规款 隐藏款"", ""ACG作品名"": ""猫和老鼠"", ""大小"": ""拆封后不支持无理由退货退款"", ""尺寸"": ""高约8cm"", ""概率描述"": ""8个常规款，1个隐藏款"", ""款式描述"": ""单盒（随机发货,概率抽隐藏） 端盒（内含8只,概率抽隐藏）""}",https://img.alicdn.com/imgextra/i3/3951599478/O1CN01OKch4x2Jsz3yNRczu_!!3951599478.jpg | https://img.alicdn.com/imgextra/i2/3951599478/O1CN01jAHla42Jsz3yLoKs2_!!3951599478.jpg | https://img.alicdn.com/imgextra/i4/3951599478/O1CN01viWZd02Jsz3yUCBwL_!!3951599478.jpg | https://img.alicdn.com/imgextra/i4/3951599478/O1CN014lBP2v2Jsz3yNRtdm_!!3951599478.jpg | ,imgs/1061595487972_M_02.jpg | imgs/1061595487972_M_03.jpg | imgs/1061595487972_M_04.jpg | imgs/1061595487972_M_05.jpg | imgs/1061595487972_M_01.jpg | imgs/1061595487972_D_00.jpg | imgs/1061595487972_D_01.jpg | imgs/1061595487972_D_02.jpg | imgs/1061595487972_D_03.jpg | imgs/1061595487972_D_04.jpg | imgs/1061595487972_D_05.jpg | imgs/1061595487972_D_06.jpg | imgs/1061595487972_D_07.jpg | imgs/1061595487972_D_08.jpg | imgs/1061595487972_D_09.jpg | imgs/1061595487972_D_10.jpg | imgs/1061595487972_D_11.jpg | imgs/1061595487972_D_12.jpg | imgs/1061595487972_D_13.jpg | imgs/1061595487972_D_14.jpg | imgs/1061595487972_D_15.jpg | imgs/1061595487972_D_16.jpg | imgs/1061595487972_D_17.jpg | imgs/1061595487972_D_18.jpg | imgs/1061595487972_D_19.jpg | imgs/1061595487972_D_20.jpg | imgs/1061595487972_D_21.jpg | imgs/1061595487972_D_22.jpg
52TOYS罐头猪LuLu放假猪光感可动盲盒手办潮玩玩具车载摆件礼物,https://52toys.world.tmall.com/,https://52toys.world.tmall.com/,done,52TOYS旗舰店,https://detail.tmall.com/item.htm?id=1066002674348,1066002674348,"{""combos"": [{""款式描述"": {""values"": [""单盒（拍6只发端盒）""], ""selected"": ""单盒（拍6只发端盒）""}, ""大小"": {""values"": [""拆封后不支持无理由退货退款""], ""selected"": ""拆封后不支持无理由退货退款""}, ""_combo_price"": ""款式描述=单盒（拍6只发端盒） | 大小=拆封后不支持无理由退货退款 | 平台加补后￥45.82""}]}",款式描述=单盒（拍6只发端盒） | 大小=拆封后不支持无理由退货退款 | 平台加补后￥45.82,"{""品牌"": ""52TOYS"", ""IP"": ""罐头猪LuLu"", ""系列名"": ""放假LU光感可动"", ""作品地区"": ""中国大陆"", ""款式类型"": ""常规款 隐藏款"", ""大小"": ""拆封后不支持无理由退货退款"", ""尺寸"": ""9.0cm"", ""概率描述"": ""6个常规款，1个隐藏款"", ""款式描述"": ""单盒（拍6只发端盒） 端盒（内含6只，概率抽隐藏）""}", |  |  |  | ,imgs/1066002674348_M_01.jpg | imgs/1066002674348_M_02.jpg | imgs/1066002674348_M_03.jpg | imgs/1066002674348_M_04.jpg | imgs/1066002674348_M_05.jpg | imgs/1066002674348_D_00.jpg | imgs/1066002674348_D_01.jpg | imgs/1066002674348_D_02.jpg | imgs/1066002674348_D_03.jpg | imgs/1066002674348_D_04.jpg | imgs/1066002674348_D_05.jpg | imgs/1066002674348_D_06.jpg | imgs/1066002674348_D_07.jpg | imgs/1066002674348_D_08.jpg | imgs/1066002674348_D_09.jpg | imgs/1066002674348_D_10.jpg | imgs/1066002674348_D_11.jpg | imgs/1066002674348_D_12.jpg | imgs/1066002674348_D_13.jpg | imgs/1066002674348_D_14.jpg | imgs/1066002674348_D_15.jpg | imgs/1066002674348_D_16.jpg | imgs/1066002674348_D_17.jpg
52TOYS蜡笔小新奇奇怪怪的小新表情包盲盒手办潮玩摆件玩具礼物,https://52toys.world.tmall.com/,https://52toys.world.tmall.com/,done,52TOYS旗舰店,https://detail.tmall.com/item.htm?id=834805246947,834805246947,"{""combos"": [{""款式描述"": {""values"": [""奇怪小新单盒（随机发货不接受指定）""], ""selected"": ""奇怪小新单盒（随机发货不接受指定）""}, ""大小"": {""values"": [""拆封后不支持无理由退货退款""], ""selected"": ""拆封后不支持无理由退货退款""}, ""_combo_price"": ""款式描述=奇怪小新单盒（随机发货不接受指定） | 大小=拆封后不支持无理由退货退款 | 平台加补后￥28""}, {""款式描述"": {""values"": [""奇怪小新单盒（随机发货不接受指定）"", ""奇怪小新5只装（随机发货不接受指定）""], ""selected"": ""奇怪小新5只装（随机发货不接受指定）""}, ""大小"": {""values"": [""拆封后不支持无理由退货退款""], ""selected"": ""拆封后不支持无理由退货退款""}, ""_combo_price"": ""款式描述=奇怪小新5只装（随机发货不接受指定） | 大小=拆封后不支持无理由退货退款 | 平台加补后￥163""}, {""款式描述"": {""values"": [""奇怪小新单盒（随机发货不接受指定）"", ""奇怪小新5只装（随机发货不接受指定）"", ""奇怪小新端盒（内含10个）""], ""selected"": ""奇怪小新端盒（内含10个）""}, ""大小"": {""values"": [""拆封后不支持无理由退货退款""], ""selected"": ""拆封后不支持无理由退货退款""}, ""_combo_price"": ""款式描述=奇怪小新端盒（内含10个） | 大小=拆封后不支持无理由退货退款 | 平台加补后￥333""}]}",款式描述=奇怪小新单盒（随机发货不接受指定） | 大小=拆封后不支持无理由退货退款 | 平台加补后￥28 || 款式描述=奇怪小新5只装（随机发货不接受指定） | 大小=拆封后不支持无理由退货退款 | 平台加补后￥163 || 款式描述=奇怪小新端盒（内含10个） | 大小=拆封后不支持无理由退货退款 | 平台加补后￥333,"{""品牌"": ""52TOYS"", ""IP"": ""蜡笔小新"", ""系列名"": ""奇奇怪怪的小新系列"", ""作品地区"": ""中国大陆"", ""ACG作品名"": ""蜡笔小新"", ""系列类型"": ""联名系列"", ""首发时间"": ""3月7日"", ""款式类型"": ""常规款"", ""大小"": ""拆封后不支持无理由退货退款"", ""尺寸"": ""高约7CM"", ""概率描述"": ""常规款：1/10，隐藏款：1/100"", ""款式描述"": ""奇怪小新单盒（随机发货不接受指定） 奇怪小新5只装（随机发货不接受指定） 奇怪小新端盒（内含10个）""}",https://img.alicdn.com/imgextra/i2/3951599478/O1CN01xuCYWS2Jsyw3Nx5qj_!!3951599478.jpg | https://img.alicdn.com/imgextra/i2/3951599478/O1CN01IKTSyO2JsyukL6tqt_!!3951599478.jpg | https://img.alicdn.com/imgextra/i2/3951599478/O1CN01Iiz4w82JsyuaRUrZP_!!3951599478.jpg |  | ,imgs/834805246947_M_02.jpg | imgs/834805246947_M_03.jpg | imgs/834805246947_M_05.jpg | imgs/834805246947_M_01.jpg | imgs/834805246947_M_04.jpg | imgs/834805246947_D_00.jpg | imgs/834805246947_D_01.jpg | imgs/834805246947_D_02.jpg | imgs/834805246947_D_03.jpg | imgs/834805246947_D_04.jpg | imgs/834805246947_D_05.jpg | imgs/834805246947_D_06.jpg | imgs/834805246947_D_07.jpg | imgs/834805246947_D_08.jpg | imgs/834805246947_D_09.jpg | imgs/834805246947_D_10.jpg | imgs/834805246947_D_11.jpg | imgs/834805246947_D_12.jpg | imgs/834805246947_D_13.jpg | imgs/834805246947_D_14.jpg | imgs/834805246947_D_15.jpg | imgs/834805246947_D_16.jpg | imgs/834805246947_D_17.jpg | imgs/834805246947_D_18.jpg | imgs/834805246947_D_19.jpg | imgs/834805246947_D_20.jpg | imgs/834805246947_D_21.jpg | imgs/834805246947_D_22.jpg | imgs/834805246947_D_23.jpg | imgs/834805246947_D_24.jpg | imgs/834805246947_D_25.jpg | imgs/834805246947_D_26.jpg | imgs/834805246947_D_27.jpg | imgs/834805246947_D_28.jpg | imgs/834805246947_D_29.jpg | imgs/834805246947_D_30.jpg | imgs/834805246947_D_31.jpg | imgs/834805246947_D_32.jpg | imgs/834805246947_D_33.jpg | imgs/834805246947_D_34.jpg | imgs/834805246947_D_35.jpg | imgs/834805246947_D_36.jpg | imgs/834805246947_D_37.jpg | imgs/834805246947_D_38.jpg | imgs/834805246947_D_39.jpg | imgs/834805246947_D_40.jpg | imgs/834805246947_D_41.jpg
52TOYS蜡笔小新早古小土豆系列盲盒手办潮玩玩具公仔玩偶生日礼物,https://52toys.world.tmall.com/,https://52toys.world.tmall.com/,done,52TOYS旗舰店,https://detail.tmall.com/item.htm?id=836393064024,836393064024,"{""combos"": [{""款式描述"": {""values"": [""单盒（随机发货不接受指定）""], ""selected"": ""单盒（随机发货不接受指定）""}, ""大小"": {""values"": [""拆封后不支持无理由退货退款""], ""selected"": ""拆封后不支持无理由退货退款""}, ""_combo_price"": ""款式描述=单盒（随机发货不接受指定） | 大小=拆封后不支持无理由退货退款 | 平台加补后￥43""}, {""款式描述"": {""values"": [""单盒（随机发货不接受指定）"", ""5只装（概率出隐藏）""], ""selected"": ""5只装（概率出隐藏）""}, ""大小"": {""values"": [""拆封后不支持无理由退货退款""], ""selected"": ""拆封后不支持无理由退货退款""}, ""_combo_price"": ""款式描述=5只装（概率出隐藏） | 大小=拆封后不支持无理由退货退款 | 平台加补后￥239""}, {""款式描述"": {""values"": [""单盒（随机发货不接受指定）"", ""5只装（概率出隐藏）"", ""端盒（内含10只 概率出隐藏）""], ""selected"": ""端盒（内含10只 概率出隐藏）""}, ""大小"": {""values"": [""拆封后不支持无理由退货退款""], ""selected"": ""拆封后不支持无理由退货退款""}, ""_combo_price"": ""款式描述=端盒（内含10只 概率出隐藏） | 大小=拆封后不支持无理由退货退款 | 平台加补后￥477""}]}",款式描述=单盒（随机发货不接受指定） | 大小=拆封后不支持无理由退货退款 | 平台加补后￥43 || 款式描述=5只装（概率出隐藏） | 大小=拆封后不支持无理由退货退款 | 平台加补后￥239 || 款式描述=端盒（内含10只 概率出隐藏） | 大小=拆封后不支持无理由退货退款 | 平台加补后￥477,"{""品牌"": ""52TOYS"", ""IP"": ""蜡笔小新"", ""系列名"": ""早古小土豆系列"", ""款式类型"": ""常规款"", ""大小"": ""拆封后不支持无理由退货退款"", ""尺寸"": ""约7.5cm"", ""概率描述"": ""10个常规款，1个隐藏款"", ""款式描述"": ""单盒（随机发货不接受指定） 5只装（概率出隐藏） 端盒（内含10只 概率出隐藏）""}",https://img.alicdn.com/imgextra/i1/3951599478/O1CN01uP2Swl2JsywnMrT2e_!!3951599478.jpg | https://img.alicdn.com/imgextra/i4/3951599478/O1CN01gn0VOT2JsywtuGcdW_!!3951599478.jpg | https://img.alicdn.com/imgextra/i1/3951599478/O1CN01Ssj5ab2Jsywly9OUY_!!3951599478.jpg |  | ,imgs/836393064024_M_02.jpg | imgs/836393064024_M_03.jpg | imgs/836393064024_M_05.jpg | imgs/836393064024_M_01.jpg | imgs/836393064024_M_04.jpg | imgs/836393064024_D_00.jpg | imgs/836393064024_D_01.jpg | imgs/836393064024_D_02.jpg | imgs/836393064024_D_03.jpg | imgs/836393064024_D_04.jpg | imgs/836393064024_D_05.jpg | imgs/836393064024_D_06.jpg | imgs/836393064024_D_07.jpg | imgs/836393064024_D_08.jpg | imgs/836393064024_D_09.jpg | imgs/836393064024_D_10.jpg | imgs/836393064024_D_11.jpg | imgs/836393064024_D_12.jpg | imgs/836393064024_D_13.jpg | imgs/836393064024_D_14.jpg | imgs/836393064024_D_15.jpg | imgs/836393064024_D_16.jpg | imgs/836393064024_D_17.jpg | imgs/836393064024_D_18.jpg | imgs/836393064024_D_19.jpg | imgs/836393064024_D_20.jpg | imgs/836393064024_D_21.jpg | imgs/836393064024_D_22.jpg | imgs/836393064024_D_23.jpg | imgs/836393064024_D_24.jpg | imgs/836393064024_D_25.jpg | imgs/836393064024_D_26.jpg | imgs/836393064024_D_27.jpg | imgs/836393064024_D_28.jpg | imgs/836393064024_D_29.jpg | imgs/836393064024_D_30.jpg | imgs/836393064024_D_31.jpg | imgs/836393064024_D_32.jpg | imgs/836393064024_D_33.jpg | imgs/836393064024_D_34.jpg
52TOYS迪士尼史迪奇怪可爱植绒盲盒史迪仔玩偶星际宝贝生日礼物,https://52toys.world.tmall.com/,https://52toys.world.tmall.com/,done,52TOYS旗舰店,https://detail.tmall.com/item.htm?id=835052893665,835052893665,"{""combos"": [{""款式描述"": {""values"": [""单盒（随机发货不接受指定）-植绒材质""], ""selected"": ""单盒（随机发货不接受指定）-植绒材质""}, ""大小"": {""values"": [""拆封后不支持无理由退货退款""], ""selected"": ""拆封后不支持无理由退货退款""}, ""_combo_price"": ""款式描述=单盒（随机发货不接受指定）-植绒材质 | 大小=拆封后不支持无理由退货退款 | 平台加补后￥54.7""}, {""款式描述"": {""values"": [""单盒（随机发货不接受指定）-植绒材质"", ""端盒（内含8个不重复）-植绒材质""], ""selected"": ""端盒（内含8个不重复）-植绒材质""}, ""大小"": {""values"": [""拆封后不支持无理由退货退款""], ""selected"": ""拆封后不支持无理由退货退款""}, ""_combo_price"": ""款式描述=端盒（内含8个不重复）-植绒材质 | 大小=拆封后不支持无理由退货退款 | 平台加补后￥479""}]}",款式描述=单盒（随机发货不接受指定）-植绒材质 | 大小=拆封后不支持无理由退货退款 | 平台加补后￥54.7 || 款式描述=端盒（内含8个不重复）-植绒材质 | 大小=拆封后不支持无理由退货退款 | 平台加补后￥479,"{""品牌"": ""52TOYS"", ""IP"": ""迪士尼"", ""系列名"": ""史迪奇怪可爱系列"", ""ACG作品名"": ""星际宝贝"", ""首发时间"": ""2024-11-04"", ""款式类型"": ""常规款"", ""大小"": ""拆封后不支持无理由退货退款"", ""尺寸"": ""10cm"", ""概率描述"": ""常规款：1/8；隐藏款：1/72"", ""款式描述"": ""单盒（随机发货不接受指定）-植绒材质 端盒（内含8个不重复）-植绒材质""}",https://img.alicdn.com/imgextra/i3/3951599478/O1CN01uSOK642Jsz43qYGD1_!!3951599478.jpg | https://img.alicdn.com/imgextra/i1/3951599478/O1CN01pdj9sg2JsyuadAElF_!!3951599478.jpg | https://img.alicdn.com/imgextra/i2/3951599478/O1CN01Yh6vLF2JsyujgLx9b_!!3951599478.jpg | https://img.alicdn.com/imgextra/i4/3951599478/O1CN01x2FaKw2JsyuhAZN6x_!!3951599478.jpg | ,imgs/835052893665_M_02.jpg | imgs/835052893665_M_03.jpg | imgs/835052893665_M_04.jpg | imgs/835052893665_M_05.jpg | imgs/835052893665_M_01.jpg | imgs/835052893665_D_00.jpg | imgs/835052893665_D_01.jpg | imgs/835052893665_D_02.jpg | imgs/835052893665_D_03.jpg | imgs/835052893665_D_04.jpg | imgs/835052893665_D_05.jpg | imgs/835052893665_D_06.jpg | imgs/835052893665_D_07.jpg | imgs/835052893665_D_08.jpg | imgs/835052893665_D_09.jpg | imgs/835052893665_D_10.jpg | imgs/835052893665_D_11.jpg | imgs/835052893665_D_12.jpg | imgs/835052893665_D_13.jpg | imgs/835052893665_D_14.jpg | imgs/835052893665_D_15.jpg | imgs/835052893665_D_16.jpg | imgs/835052893665_D_17.jpg | imgs/835052893665_D_18.jpg | imgs/835052893665_D_19.jpg | imgs/835052893665_D_20.jpg
52TOYS蜡笔小新全都开心桶系列毛绒挂件盲盒手办潮玩玩具礼物,https://52toys.world.tmall.com/,https://52toys.world.tmall.com/,done,52TOYS旗舰店,https://detail.tmall.com/item.htm?id=920107302715,920107302715,"{""combos"": [{""款式描述"": {""values"": [""单盒（随机发货，概率抽隐藏）""], ""selected"": ""单盒（随机发货，概率抽隐藏）""}, ""大小"": {""values"": [""拆封后不支持无理由退货退款""], ""selected"": ""拆封后不支持无理由退货退款""}, ""_combo_price"": ""款式描述=单盒（随机发货，概率抽隐藏） | 大小=拆封后不支持无理由退货退款 | 秒杀价￥29""}, {""款式描述"": {""values"": [""单盒（随机发货，概率抽隐藏）"", ""端盒（内含4只，概率抽隐藏）""], ""selected"": ""端盒（内含4只，概率抽隐藏）""}, ""大小"": {""values"": [""拆封后不支持无理由退货退款""], ""selected"": ""拆封后不支持无理由退货退款""}, ""_combo_price"": ""款式描述=端盒（内含4只，概率抽隐藏） | 大小=拆封后不支持无理由退货退款 | 秒杀价￥131""}]}",款式描述=单盒（随机发货，概率抽隐藏） | 大小=拆封后不支持无理由退货退款 | 秒杀价￥29 || 款式描述=端盒（内含4只，概率抽隐藏） | 大小=拆封后不支持无理由退货退款 | 秒杀价￥131,"{""品牌"": ""52TOYS"", ""IP"": ""蜡笔小新"", ""系列名"": ""全都开心桶毛绒系列"", ""款式类型"": ""常规款"", ""大小"": ""拆封后不支持无理由退货退款"", ""尺寸"": ""约15cm"", ""概率描述"": ""4个常规款，1个隐藏款"", ""款式描述"": ""单盒（随机发货，概率抽隐藏） 端盒（内含4只，概率抽隐藏）""}",https://img.alicdn.com/imgextra/i2/3951599478/O1CN01RdSLXe2JsyyANynGc_!!3951599478.jpg | https://img.alicdn.com/imgextra/i4/3951599478/O1CN01psg90G2Jsyy01JUjU_!!3951599478.jpg | https://img.alicdn.com/imgextra/i3/3951599478/O1CN01DGhLW62Jsyy1eZSZu_!!3951599478.jpg | https://img.alicdn.com/imgextra/i1/3951599478/O1CN01wHON9F2Jsyy23fhqI_!!3951599478.jpg | ,imgs/920107302715_M_02.jpg | imgs/920107302715_M_03.jpg | imgs/920107302715_M_04.jpg | imgs/920107302715_M_05.jpg | imgs/920107302715_M_01.jpg | imgs/920107302715_D_00.jpg | imgs/920107302715_D_01.jpg | imgs/920107302715_D_02.jpg | imgs/920107302715_D_03.jpg | imgs/920107302715_D_04.jpg | imgs/920107302715_D_05.jpg | imgs/920107302715_D_06.jpg | imgs/920107302715_D_07.jpg | imgs/920107302715_D_08.jpg | imgs/920107302715_D_09.jpg
52TOYS迪士尼米奇和朋友们速度小队机车手办潮玩摆件生日礼物,https://52toys.world.tmall.com/,https://52toys.world.tmall.com/,done,52TOYS旗舰店,https://detail.tmall.com/item.htm?id=788493642467,788493642467,"{""combos"": [{""尺寸"": {""values"": [""拆封后不支持无理由退货退款""], ""selected"": ""拆封后不支持无理由退货退款""}, ""颜色分类"": {""values"": [""单只(随机发货不接受指定) 有概率得隐藏-高14.5cm""], ""selected"": ""单只(随机发货不接受指定) 有概率得隐藏-高14.5cm""}, ""_combo_price"": ""尺寸=拆封后不支持无理由退货退款 | 颜色分类=单只(随机发货不接受指定) 有概率得隐藏-高14.5cm | 平台加补后￥91.02""}]}",尺寸=拆封后不支持无理由退货退款 | 颜色分类=单只(随机发货不接受指定) 有概率得隐藏-高14.5cm | 平台加补后￥91.02,"{""品牌"": ""52TOYS"", ""型号"": ""速度小队"", ""尺寸"": ""拆封后不支持无理由退货退款"", ""颜色分类"": ""单只(随机发货不接受指定) 有概率得隐藏-高14.5cm""}",https://img.alicdn.com/imgextra/i1/3951599478/O1CN01g7T9TA2JsysZDWvgV_!!3951599478.jpg | https://img.alicdn.com/imgextra/i2/3951599478/O1CN017iv1NJ2JsysX41qvD_!!3951599478.jpg | https://img.alicdn.com/imgextra/i3/3951599478/O1CN01K7phCG2JsysYIIKf4_!!3951599478.jpg | https://img.alicdn.com/imgextra/i1/3951599478/O1CN01qwFIdc2Jsysa6MtV5_!!3951599478.jpg | ,imgs/788493642467_M_02.jpg | imgs/788493642467_M_03.jpg | imgs/788493642467_M_04.jpg | imgs/788493642467_M_05.jpg | imgs/788493642467_M_01.jpg | imgs/788493642467_D_00.jpg | imgs/788493642467_D_01.jpg | imgs/788493642467_D_02.jpg | imgs/788493642467_D_03.jpg | imgs/788493642467_D_04.jpg | imgs/788493642467_D_05.jpg | imgs/788493642467_D_06.jpg | imgs/788493642467_D_07.jpg | imgs/788493642467_D_08.jpg | imgs/788493642467_D_09.jpg | imgs/788493642467_D_10.jpg | imgs/788493642467_D_11.jpg | imgs/788493642467_D_12.jpg | imgs/788493642467_D_13.jpg | imgs/788493642467_D_14.jpg | imgs/788493642467_D_15.jpg
【周柯宇同款】52TOYS波卡POUKA我与我搪胶毛绒挂件盲盒潮玩礼物,https://52toys.world.tmall.com/,https://52toys.world.tmall.com/,done,52TOYS旗舰店,https://detail.tmall.com/item.htm?id=1007403080104,1007403080104,"{""combos"": [{""款式描述"": {""values"": [""二代单盒（拍6只发端盒）""], ""selected"": ""二代单盒（拍6只发端盒）""}, ""大小"": {""values"": [""拆封后不支持无理由退货退款""], ""selected"": ""拆封后不支持无理由退货退款""}, ""_combo_price"": ""款式描述=二代单盒（拍6只发端盒） | 大小=拆封后不支持无理由退货退款 | 平台加补后￥63.52""}, {""款式描述"": {""values"": [""二代单盒（拍6只发端盒）"", ""二代端盒（内含6只,概率抽隐藏）""], ""selected"": ""二代端盒（内含6只,概率抽隐藏）""}, ""大小"": {""values"": [""拆封后不支持无理由退货退款""], ""selected"": ""拆封后不支持无理由退货退款""}, ""_combo_price"": ""款式描述=二代端盒（内含6只,概率抽隐藏） | 大小=拆封后不支持无理由退货退款 | 平台加补后￥410.52""}, {""款式描述"": {""values"": [""二代单盒（拍6只发端盒）"", ""二代端盒（内含6只,概率抽隐藏）"", ""一代单盒（随机发货,概率抽隐藏）""], ""selected"": ""一代单盒（随机发货,概率抽隐藏）""}, ""大小"": {""values"": [""拆封后不支持无理由退货退款""], ""selected"": ""拆封后不支持无理由退货退款""}, ""_combo_price"": ""款式描述=一代单盒（随机发货,概率抽隐藏） | 大小=拆封后不支持无理由退货退款 | 平台加补后￥63.52""}, {""款式描述"": {""values"": [""二代单盒（拍6只发端盒）"", ""二代端盒（内含6只,概率抽隐藏）"", ""一代单盒（随机发货,概率抽隐藏）"", ""一代端盒（内含6只,概率抽隐藏）""], ""selected"": ""一代端盒（内含6只,概率抽隐藏）""}, ""大小"": {""values"": [""拆封后不支持无理由退货退款""], ""selected"": ""拆封后不支持无理由退货退款""}, ""_combo_price"": ""款式描述=一代端盒（内含6只,概率抽隐藏） | 大小=拆封后不支持无理由退货退款 | 平台加补后￥410.52""}]}","款式描述=二代单盒（拍6只发端盒） | 大小=拆封后不支持无理由退货退款 | 平台加补后￥63.52 || 款式描述=二代端盒（内含6只,概率抽隐藏） | 大小=拆封后不支持无理由退货退款 | 平台加补后￥410.52 || 款式描述=一代单盒（随机发货,概率抽隐藏） | 大小=拆封后不支持无理由退货退款 | 平台加补后￥63.52 || 款式描述=一代端盒（内含6只,概率抽隐藏） | 大小=拆封后不支持无理由退货退款 | 平台加补后￥410.52","{""品牌"": ""52TOYS"", ""IP"": ""POUKAPOUKA"", ""系列名"": ""我与我搪胶毛绒盲盒"", ""作品地区"": ""中国大陆"", ""ACG作品名"": ""我与我"", ""系列类型"": ""联名系列"", ""首发时间"": ""2025-06-12"", ""款式类型"": ""常规款 隐藏款"", ""大小"": ""拆封后不支持无理由退货退款"", ""尺寸"": ""约13cm"", ""概率描述"": ""6个常规款，1个隐藏款"", ""款式描述"": ""二代单盒（拍6只发端盒） 二代端盒（内含6只,概率抽隐藏） 一代单盒（随机发货,概率抽隐藏） 一代端盒（内含6只,概率抽隐藏）""}",https://img.alicdn.com/imgextra/i3/3951599478/O1CN012AqKaD2Jsz1wsouuw_!!3951599478.jpg | https://img.alicdn.com/imgextra/i4/3951599478/O1CN01NDIKIc2Jsz270irIm_!!3951599478.jpg | https://img.alicdn.com/imgextra/i4/3951599478/O1CN01DrnZzc2Jsz1xBCvHA_!!3951599478.jpg | https://img.alicdn.com/imgextra/i3/3951599478/O1CN01rELuxG2Jsz25m8h8I_!!3951599478.jpg | ,imgs/1007403080104_M_02.jpg | imgs/1007403080104_M_03.jpg | imgs/1007403080104_M_04.jpg | imgs/1007403080104_M_05.jpg | imgs/1007403080104_M_01.jpg | imgs/1007403080104_D_00.jpg | imgs/1007403080104_D_01.jpg | imgs/1007403080104_D_02.jpg | imgs/1007403080104_D_03.jpg | imgs/1007403080104_D_04.jpg | imgs/1007403080104_D_05.jpg | imgs/1007403080104_D_06.jpg | imgs/1007403080104_D_07.jpg | imgs/1007403080104_D_08.jpg | imgs/1007403080104_D_09.jpg | imgs/1007403080104_D_10.jpg | imgs/1007403080104_D_11.jpg | imgs/1007403080104_D_12.jpg | imgs/1007403080104_D_13.jpg | imgs/1007403080104_D_14.jpg | imgs/1007403080104_D_15.jpg | imgs/1007403080104_D_16.jpg | imgs/1007403080104_D_17.jpg | imgs/1007403080104_D_18.jpg | imgs/1007403080104_D_19.jpg | imgs/1007403080104_D_20.jpg | imgs/1007403080104_D_21.jpg | imgs/1007403080104_D_22.jpg | imgs/1007403080104_D_23.jpg | imgs/1007403080104_D_24.jpg | imgs/1007403080104_D_25.jpg | imgs/1007403080104_D_26.jpg | imgs/1007403080104_D_27.jpg | imgs/1007403080104_D_28.jpg | imgs/1007403080104_D_29.jpg
52TOYS迪士尼草莓熊Minime2植绒萌粒盲盒手办潮玩玩偶摆件礼物,https://52toys.world.tmall.com/,https://52toys.world.tmall.com/,done,52TOYS旗舰店,https://detail.tmall.com/item.htm?id=1047134769631,1047134769631,"{""combos"": [{""款式描述"": {""values"": [""单盒（内含3只,随机发货）""], ""selected"": ""单盒（内含3只,随机发货）""}, ""大小"": {""values"": [""拆封后不支持无理由退货退款""], ""selected"": ""拆封后不支持无理由退货退款""}, ""_combo_price"": ""款式描述=单盒（内含3只,随机发货） | 大小=拆封后不支持无理由退货退款 | 平台加补后￥54.72""}, {""款式描述"": {""values"": [""单盒（内含3只,随机发货）"", ""端盒（内含6盒18只,概率抽隐藏）""], ""selected"": ""端盒（内含6盒18只,概率抽隐藏）""}, ""大小"": {""values"": [""拆封后不支持无理由退货退款""], ""selected"": ""拆封后不支持无理由退货退款""}, ""_combo_price"": ""款式描述=端盒（内含6盒18只,概率抽隐藏） | 大小=拆封后不支持无理由退货退款 | 平台加补后￥357.72""}]}","款式描述=单盒（内含3只,随机发货） | 大小=拆封后不支持无理由退货退款 | 平台加补后￥54.72 || 款式描述=端盒（内含6盒18只,概率抽隐藏） | 大小=拆封后不支持无理由退货退款 | 平台加补后￥357.72","{""材质"": ""植绒,塑胶"", ""出售状态"": ""现货"", ""品牌"": ""52TOYS"", ""IP"": ""迪士尼"", ""系列名"": ""草莓熊Minime系列2"", ""款式类型"": ""常规款 隐藏款"", ""ACG作品名"": ""草莓熊"", ""大小"": ""拆封后不支持无理由退货退款"", ""概率描述"": ""18个常规款，1个隐藏款"", ""款式描述"": ""单盒（内含3只,随机发货） 端盒（内含6盒18只,概率抽隐藏）""}",https://img.alicdn.com/imgextra/i4/3951599478/O1CN01leqTMo2Jsz3W7kka1_!!3951599478.jpg | https://img.alicdn.com/imgextra/i3/3951599478/O1CN017f6EH42Jsz3WIcndI_!!3951599478.jpg | https://img.alicdn.com/imgextra/i3/3951599478/O1CN0109kTZj2Jsz3W4Tq6w_!!4611686018427387766-0-item_pic.jpg | https://img.alicdn.com/imgextra/i3/3951599478/O1CN01Boc8pa2Jsz3RkACpG_!!3951599478.jpg | ,imgs/1047134769631_M_02.jpg | imgs/1047134769631_M_03.jpg | imgs/1047134769631_M_04.jpg | imgs/1047134769631_M_05.jpg | imgs/1047134769631_M_01.jpg | imgs/1047134769631_D_00.jpg | imgs/1047134769631_D_01.jpg | imgs/1047134769631_D_02.jpg | imgs/1047134769631_D_03.jpg | imgs/1047134769631_D_04.jpg | imgs/1047134769631_D_05.jpg | imgs/1047134769631_D_06.jpg | imgs/1047134769631_D_07.jpg | imgs/1047134769631_D_08.jpg | imgs/1047134769631_D_09.jpg | imgs/1047134769631_D_10.jpg | imgs/1047134769631_D_11.jpg | imgs/1047134769631_D_12.jpg | imgs/1047134769631_D_13.jpg | imgs/1047134769631_D_14.jpg | imgs/1047134769631_D_15.jpg | imgs/1047134769631_D_16.jpg | imgs/1047134769631_D_17.jpg | imgs/1047134769631_D_18.jpg | imgs/1047134769631_D_19.jpg
52TOYS迪士尼草莓熊毛绒绒心事毛绒手机挂绳盲盒挂件潮玩生日礼物,https://52toys.world.tmall.com/,https://52toys.world.tmall.com/,done,52TOYS旗舰店,https://detail.tmall.com/item.htm?id=998591684404,998591684404,"{""combos"": [{""款式描述"": {""values"": [""单盒（随机发货,概率抽隐藏）""], ""selected"": ""单盒（随机发货,概率抽隐藏）""}, ""大小"": {""values"": [""拆封后不支持无理由退货退款""], ""selected"": ""拆封后不支持无理由退货退款""}, ""_combo_price"": ""款式描述=单盒（随机发货,概率抽隐藏） | 大小=拆封后不支持无理由退货退款 | 平台加补后￥54""}, {""款式描述"": {""values"": [""单盒（随机发货,概率抽隐藏）"", ""端盒（内含4只,概率抽隐藏）""], ""selected"": ""端盒（内含4只,概率抽隐藏）""}, ""大小"": {""values"": [""拆封后不支持无理由退货退款""], ""selected"": ""拆封后不支持无理由退货退款""}, ""_combo_price"": ""款式描述=端盒（内含4只,概率抽隐藏） | 大小=拆封后不支持无理由退货退款 | 平台加补后￥236""}, {""款式描述"": {""values"": [""单盒（随机发货,概率抽隐藏）"", ""端盒（内含4只,概率抽隐藏）"", ""健身了解一下单盒（随机发货,概率抽隐藏）""], ""selected"": ""健身了解一下单盒（随机发货,概率抽隐藏）""}, ""大小"": {""values"": [""拆封后不支持无理由退货退款""], ""selected"": ""拆封后不支持无理由退货退款""}, ""_combo_price"": ""款式描述=健身了解一下单盒（随机发货,概率抽隐藏） | 大小=拆封后不支持无理由退货退款 | 平台加补后￥54""}, {""款式描述"": {""values"": [""单盒（随机发货,概率抽隐藏）"", ""端盒（内含4只,概率抽隐藏）"", ""健身了解一下单盒（随机发货,概率抽隐藏）"", ""健身了解一下端盒（内含8只,概率抽隐藏）""], ""selected"": ""健身了解一下端盒（内含8只,概率抽隐藏）""}, ""大小"": {""values"": [""拆封后不支持无理由退货退款""], ""selected"": ""拆封后不支持无理由退货退款""}, ""_combo_price"": ""款式描述=健身了解一下端盒（内含8只,概率抽隐藏） | 大小=拆封后不支持无理由退货退款 | 平台加补后￥479""}, {""款式描述"": {""values"": [""单盒（随机发货,概率抽隐藏）"", ""端盒（内含4只,概率抽隐藏）"", ""健身了解一下单盒（随机发货,概率抽隐藏）"", ""健身了解一下端盒（内含8只,概率抽隐藏）"", ""立体硅胶耳机包""], ""selected"": ""立体硅胶耳机包""}, ""大小"": {""values"": [""拆封后不支持无理由退货退款""], ""selected"": ""拆封后不支持无理由退货退款""}, ""_combo_price"": ""款式描述=立体硅胶耳机包 | 大小=拆封后不支持无理由退货退款 | 平台加补后￥63""}]}","款式描述=单盒（随机发货,概率抽隐藏） | 大小=拆封后不支持无理由退货退款 | 平台加补后￥54 || 款式描述=端盒（内含4只,概率抽隐藏） | 大小=拆封后不支持无理由退货退款 | 平台加补后￥236 || 款式描述=健身了解一下单盒（随机发货,概率抽隐藏） | 大小=拆封后不支持无理由退货退款 | 平台加补后￥54 || 款式描述=健身了解一下端盒（内含8只,概率抽隐藏） | 大小=拆封后不支持无理由退货退款 | 平台加补后￥479 || 款式描述=立体硅胶耳机包 | 大小=拆封后不支持无理由退货退款 | 平台加补后￥63","{""品牌"": ""52TOYS"", ""IP"": ""迪士尼"", ""系列名"": ""草莓熊毛绒绒手机绳"", ""作品地区"": ""中国大陆"", ""ACG作品名"": ""草莓熊"", ""首发时间"": ""2025-12-04"", ""款式类型"": ""常规款 隐藏款"", ""大小"": ""拆封后不支持无理由退货退款"", ""尺寸"": ""约11cm"", ""概率描述"": ""4个常规款，1个隐藏款"", ""款式描述"": ""单盒（随机发货,概率抽隐藏） 端盒（内含4只,概率抽隐藏） 健身了解一下单盒（随机发货,概率抽隐藏） 健身了解一下端盒（内含8只,概率抽隐藏） 立体硅胶耳机包""}",https://img.alicdn.com/imgextra/i3/3951599478/O1CN01uagXkh2Jsz1Du8Vap_!!3951599478.jpg | https://img.alicdn.com/imgextra/i1/3951599478/O1CN01WDFpY92Jsz17ZHPEF_!!3951599478.jpg | https://img.alicdn.com/imgextra/i1/3951599478/O1CN01sEms6v2Jsz1DUGhbE_!!3951599478.jpg | https://img.alicdn.com/imgextra/i1/3951599478/O1CN01q4pgrd2Jsz1ChRWp5_!!3951599478.jpg | ,imgs/998591684404_M_01.jpg | imgs/998591684404_M_02.jpg | imgs/998591684404_M_03.jpg | imgs/998591684404_M_04.jpg | imgs/998591684404_M_00.jpg | imgs/998591684404_D_00.jpg | imgs/998591684404_D_01.jpg | imgs/998591684404_D_02.jpg | imgs/998591684404_D_03.jpg | imgs/998591684404_D_04.jpg | imgs/998591684404_D_05.jpg | imgs/998591684404_D_06.jpg | imgs/998591684404_D_07.jpg | imgs/998591684404_D_08.jpg | imgs/998591684404_D_09.jpg | imgs/998591684404_D_10.jpg | imgs/998591684404_D_11.jpg | imgs/998591684404_D_12.jpg | imgs/998591684404_D_13.jpg | imgs/998591684404_D_14.jpg | imgs/998591684404_D_15.jpg | imgs/998591684404_D_16.jpg | imgs/998591684404_D_17.jpg | imgs/998591684404_D_18.jpg | imgs/998591684404_D_19.jpg | imgs/998591684404_D_20.jpg | imgs/998591684404_D_21.jpg | imgs/998591684404_D_22.jpg | imgs/998591684404_D_23.jpg | imgs/998591684404_D_24.jpg | imgs/998591684404_D_25.jpg | imgs/998591684404_D_26.jpg | imgs/998591684404_D_27.jpg | imgs/998591684404_D_28.jpg | imgs/998591684404_D_29.jpg | imgs/998591684404_D_30.jpg | imgs/998591684404_D_31.jpg | imgs/998591684404_D_32.jpg | imgs/998591684404_D_33.jpg | imgs/998591684404_D_34.jpg | imgs/998591684404_D_35.jpg | imgs/998591684404_D_36.jpg | imgs/998591684404_D_37.jpg | imgs/998591684404_D_38.jpg | imgs/998591684404_D_39.jpg | imgs/998591684404_D_40.jpg | imgs/998591684404_D_41.jpg | imgs/998591684404_D_42.jpg | imgs/998591684404_D_43.jpg | imgs/998591684404_D_44.jpg | imgs/998591684404_D_45.jpg | imgs/998591684404_D_46.jpg | imgs/998591684404_D_47.jpg | imgs/998591684404_D_48.jpg | imgs/998591684404_D_49.jpg | imgs/998591684404_D_50.jpg
【送电影票】52TOYS小黄人与大怪兽搪胶毛绒挂件摆件盲盒女生礼物,https://52toys.world.tmall.com/,https://52toys.world.tmall.com/,done,52TOYS旗舰店,https://detail.tmall.com/item.htm?id=1045445779399,1045445779399,"{""combos"": [{""款式描述"": {""values"": [""单盒（随机发货,不接受指定）""], ""selected"": ""单盒（随机发货,不接受指定）""}, ""大小"": {""values"": [""拆封后不支持无理由退货退款""], ""selected"": ""拆封后不支持无理由退货退款""}, ""_combo_price"": ""款式描述=单盒（随机发货,不接受指定） | 大小=拆封后不支持无理由退货退款 | 平台加补后￥74.1""}, {""款式描述"": {""values"": [""单盒（随机发货,不接受指定）"", ""端盒（内含4只,不重复）""], ""selected"": ""端盒（内含4只,不重复）""}, ""大小"": {""values"": [""拆封后不支持无理由退货退款""], ""selected"": ""拆封后不支持无理由退货退款""}, ""_combo_price"": ""款式描述=端盒（内含4只,不重复） | 大小=拆封后不支持无理由退货退款 | 平台加补后￥314""}, {""款式描述"": {""values"": [""单盒（随机发货,不接受指定）"", ""端盒（内含4只,不重复）"", ""冰箱贴单盒（随机发货,概率抽隐藏）""], ""selected"": ""冰箱贴单盒（随机发货,概率抽隐藏）""}, ""大小"": {""values"": [""拆封后不支持无理由退货退款""], ""selected"": ""拆封后不支持无理由退货退款""}, ""_combo_price"": ""款式描述=冰箱贴单盒（随机发货,概率抽隐藏） | 大小=拆封后不支持无理由退货退款 | 平台加补后￥38.1""}, {""款式描述"": {""values"": [""单盒（随机发货,不接受指定）"", ""端盒（内含4只,不重复）"", ""冰箱贴单盒（随机发货,概率抽隐藏）"", ""冰箱贴端盒（内含4只,概率抽隐藏）""], ""selected"": ""冰箱贴端盒（内含4只,概率抽隐藏）""}, ""大小"": {""values"": [""拆封后不支持无理由退货退款""], ""selected"": ""拆封后不支持无理由退货退款""}, ""_combo_price"": ""款式描述=冰箱贴端盒（内含4只,概率抽隐藏） | 大小=拆封后不支持无理由退货退款 | 平台加补后￥170""}]}","款式描述=单盒（随机发货,不接受指定） | 大小=拆封后不支持无理由退货退款 | 平台加补后￥74.1 || 款式描述=端盒（内含4只,不重复） | 大小=拆封后不支持无理由退货退款 | 平台加补后￥314 || 款式描述=冰箱贴单盒（随机发货,概率抽隐藏） | 大小=拆封后不支持无理由退货退款 | 平台加补后￥38.1 || 款式描述=冰箱贴端盒（内含4只,概率抽隐藏） | 大小=拆封后不支持无理由退货退款 | 平台加补后￥170","{""材质"": ""聚酯纤维,PVC"", ""出售状态"": ""现货"", ""品牌"": ""52TOYS"", ""IP"": ""小黄人"", ""系列名"": ""小黄人与大怪兽系列搪胶毛绒"", ""款式类型"": ""常规款"", ""ACG作品名"": ""小黄人与大怪兽"", ""大小"": ""拆封后不支持无理由退货退款"", ""尺寸"": ""12cm"", ""概率描述"": ""均为常规款，无隐藏"", ""款式描述"": ""单盒（随机发货,不接受指定） 端盒（内含4只,不重复） 冰箱贴单盒（随机发货,概率抽隐藏） 冰箱贴端盒（内含4只,概率抽隐藏）""}",https://img.alicdn.com/imgextra/i2/3951599478/O1CN01mo5sik2Jsz3ohxY6U_!!3951599478.jpg | https://img.alicdn.com/imgextra/i3/3951599478/O1CN013IHEox2Jsz3oOIVFp_!!3951599478.jpg | https://img.alicdn.com/imgextra/i2/3951599478/O1CN01FU7G7N2Jsz3q85L5c_!!3951599478.jpg | https://img.alicdn.com/imgextra/i3/3951599478/O1CN01Jsabqr2Jsz3oqVjAx_!!3951599478.jpg | ,imgs/1045445779399_M_02.jpg | imgs/1045445779399_M_03.jpg | imgs/1045445779399_M_04.jpg | imgs/1045445779399_M_05.jpg | imgs/1045445779399_M_01.jpg | imgs/1045445779399_D_00.jpg | imgs/1045445779399_D_01.jpg | imgs/1045445779399_D_02.jpg | imgs/1045445779399_D_03.jpg | imgs/1045445779399_D_04.jpg | imgs/1045445779399_D_05.jpg | imgs/1045445779399_D_06.jpg | imgs/1045445779399_D_07.jpg | imgs/1045445779399_D_08.jpg | imgs/1045445779399_D_09.jpg | imgs/1045445779399_D_10.jpg | imgs/1045445779399_D_11.jpg | imgs/1045445779399_D_12.jpg | imgs/1045445779399_D_13.jpg | imgs/1045445779399_D_14.jpg | imgs/1045445779399_D_15.jpg | imgs/1045445779399_D_16.jpg | imgs/1045445779399_D_17.jpg | imgs/1045445779399_D_18.jpg
[送电影票]52TOYS小黄人与大怪兽电影时刻立体冰箱贴盲盒女生礼物,https://52toys.world.tmall.com/,https://52toys.world.tmall.com/,done,52TOYS旗舰店,https://detail.tmall.com/item.htm?id=1045452311276,1045452311276,"{""combos"": [{""款式描述"": {""values"": [""单盒（随机发货,概率抽隐藏）""], ""selected"": ""单盒（随机发货,概率抽隐藏）""}, ""大小"": {""values"": [""拆封后不支持无理由退货退款""], ""selected"": ""拆封后不支持无理由退货退款""}, ""_combo_price"": ""款式描述=单盒（随机发货,概率抽隐藏） | 大小=拆封后不支持无理由退货退款 | 店铺优惠后￥44.1""}, {""款式描述"": {""values"": [""单盒（随机发货,概率抽隐藏）"", ""端盒（内含4只,概率抽隐藏）""], ""selected"": ""端盒（内含4只,概率抽隐藏）""}, ""大小"": {""values"": [""拆封后不支持无理由退货退款""], ""selected"": ""拆封后不支持无理由退货退款""}, ""_combo_price"": ""款式描述=端盒（内含4只,概率抽隐藏） | 大小=拆封后不支持无理由退货退款 | 店铺优惠后￥176""}, {""款式描述"": {""values"": [""单盒（随机发货,概率抽隐藏）"", ""端盒（内含4只,概率抽隐藏）"", ""毛绒盲盒单盒（随机发货,不接受指定）""], ""selected"": ""毛绒盲盒单盒（随机发货,不接受指定）""}, ""大小"": {""values"": [""拆封后不支持无理由退货退款""], ""selected"": ""拆封后不支持无理由退货退款""}, ""_combo_price"": ""款式描述=毛绒盲盒单盒（随机发货,不接受指定） | 大小=拆封后不支持无理由退货退款 | 店铺优惠后￥80.1""}, {""款式描述"": {""values"": [""单盒（随机发货,概率抽隐藏）"", ""端盒（内含4只,概率抽隐藏）"", ""毛绒盲盒单盒（随机发货,不接受指定）"", ""毛绒盲盒端盒（内含4只,不重复）""], ""selected"": ""毛绒盲盒端盒（内含4只,不重复）""}, ""大小"": {""values"": [""拆封后不支持无理由退货退款""], ""selected"": ""拆封后不支持无理由退货退款""}, ""_combo_price"": ""款式描述=毛绒盲盒端盒（内含4只,不重复） | 大小=拆封后不支持无理由退货退款 | 店铺优惠后￥320""}]}","款式描述=单盒（随机发货,概率抽隐藏） | 大小=拆封后不支持无理由退货退款 | 店铺优惠后￥44.1 || 款式描述=端盒（内含4只,概率抽隐藏） | 大小=拆封后不支持无理由退货退款 | 店铺优惠后￥176 || 款式描述=毛绒盲盒单盒（随机发货,不接受指定） | 大小=拆封后不支持无理由退货退款 | 店铺优惠后￥80.1 || 款式描述=毛绒盲盒端盒（内含4只,不重复） | 大小=拆封后不支持无理由退货退款 | 店铺优惠后￥320","{""材质"": ""磁铁,塑胶"", ""出售状态"": ""现货"", ""品牌"": ""52TOYS"", ""IP"": ""小黄人"", ""系列名"": ""小黄人与大怪兽-Action!电影时刻"", ""款式类型"": ""常规款 隐藏款"", ""ACG作品名"": ""小黄人与大怪兽"", ""大小"": ""拆封后不支持无理由退货退款"", ""尺寸"": ""宽约8.5cm"", ""概率描述"": ""4个常规款，1个隐藏款"", ""款式描述"": ""单盒（随机发货,概率抽隐藏） 端盒（内含4只,概率抽隐藏） 毛绒盲盒单盒（随机发货,不接受指定） 毛绒盲盒端盒（内含4只,不重复）""}",https://img.alicdn.com/imgextra/i1/3951599478/O1CN01vojMfT2Jsz3j3bCn2_!!3951599478.jpg | https://img.alicdn.com/imgextra/i1/3951599478/O1CN01xMaNNA2Jsz3hViq81_!!3951599478.jpg | https://img.alicdn.com/imgextra/i4/3951599478/O1CN01nnoGNA2Jsz3hXLqEs_!!4611686018427387766-0-item_pic.jpg | https://img.alicdn.com/imgextra/i1/3951599478/O1CN01e5h91K2Jsz3iFScv5_!!3951599478.jpg | ,imgs/1045452311276_M_02.jpg | imgs/1045452311276_M_03.jpg | imgs/1045452311276_M_04.jpg | imgs/1045452311276_M_05.jpg | imgs/1045452311276_M_01.jpg | imgs/1045452311276_D_00.jpg | imgs/1045452311276_D_01.jpg | imgs/1045452311276_D_02.jpg | imgs/1045452311276_D_03.jpg | imgs/1045452311276_D_04.jpg | imgs/1045452311276_D_05.jpg | imgs/1045452311276_D_06.jpg | imgs/1045452311276_D_07.jpg | imgs/1045452311276_D_08.jpg | imgs/1045452311276_D_09.jpg | imgs/1045452311276_D_10.jpg | imgs/1045452311276_D_11.jpg | imgs/1045452311276_D_12.jpg | imgs/1045452311276_D_13.jpg | imgs/1045452311276_D_14.jpg | imgs/1045452311276_D_15.jpg
52TOYS猫和老鼠TOM and JERRY经典Moment2盲盒可亮手办摆件礼物,https://52toys.world.tmall.com/,https://52toys.world.tmall.com/,done,52TOYS旗舰店,https://detail.tmall.com/item.htm?id=971652376616,971652376616,"{""combos"": [{""款式描述"": {""values"": [""单盒（随机发货，概率抽隐藏）""], ""selected"": ""单盒（随机发货，概率抽隐藏）""}, ""大小"": {""values"": [""拆封后不支持无理由退货退款""], ""selected"": ""拆封后不支持无理由退货退款""}, ""_combo_price"": ""款式描述=单盒（随机发货，概率抽隐藏） | 大小=拆封后不支持无理由退货退款 | 平台加补后￥54.7""}, {""款式描述"": {""values"": [""单盒（随机发货，概率抽隐藏）"", ""端盒（内含8只，概率抽隐藏）""], ""selected"": ""端盒（内含8只，概率抽隐藏）""}, ""大小"": {""values"": [""拆封后不支持无理由退货退款""], ""selected"": ""拆封后不支持无理由退货退款""}, ""_combo_price"": ""款式描述=端盒（内含8只，概率抽隐藏） | 大小=拆封后不支持无理由退货退款 | 平台加补后￥479""}]}",款式描述=单盒（随机发货，概率抽隐藏） | 大小=拆封后不支持无理由退货退款 | 平台加补后￥54.7 || 款式描述=端盒（内含8只，概率抽隐藏） | 大小=拆封后不支持无理由退货退款 | 平台加补后￥479,"{""品牌"": ""52TOYS"", ""IP"": ""猫和老鼠"", ""系列名"": ""经典Moment 2"", ""款式类型"": ""常规款 隐藏款"", ""ACG作品名"": ""猫和老鼠"", ""大小"": ""拆封后不支持无理由退货退款"", ""尺寸"": ""高约9cm"", ""概率描述"": ""1/96"", ""款式描述"": ""单盒（随机发货，概率抽隐藏） 端盒（内含8只，概率抽隐藏）""}",https://img.alicdn.com/imgextra/i2/3951599478/O1CN01CGKSzz2Jsz0E3azhB_!!3951599478.jpg | https://img.alicdn.com/imgextra/i4/3951599478/O1CN01cIxRrC2Jsz0BX08JI_!!4611686018427387766-0-item_pic.jpg | https://img.alicdn.com/imgextra/i3/3951599478/O1CN01wN5COJ2Jsz0CYELVm_!!3951599478.jpg | https://img.alicdn.com/imgextra/i3/3951599478/O1CN01XzpOnn2Jsz0BWZ92Z_!!3951599478.jpg | ,imgs/971652376616_M_02.jpg | imgs/971652376616_M_03.jpg | imgs/971652376616_M_04.jpg | imgs/971652376616_M_05.jpg | imgs/971652376616_M_01.jpg | imgs/971652376616_D_00.jpg | imgs/971652376616_D_01.jpg | imgs/971652376616_D_02.jpg | imgs/971652376616_D_03.jpg | imgs/971652376616_D_04.jpg | imgs/971652376616_D_05.jpg | imgs/971652376616_D_06.jpg | imgs/971652376616_D_07.jpg | imgs/971652376616_D_08.jpg | imgs/971652376616_D_09.jpg | imgs/971652376616_D_10.jpg | imgs/971652376616_D_11.jpg | imgs/971652376616_D_12.jpg | imgs/971652376616_D_13.jpg | imgs/971652376616_D_14.jpg | imgs/971652376616_D_15.jpg | imgs/971652376616_D_16.jpg | imgs/971652376616_D_17.jpg | imgs/971652376616_D_18.jpg | imgs/971652376616_D_19.jpg | imgs/971652376616_D_20.jpg | imgs/971652376616_D_21.jpg | imgs/971652376616_D_22.jpg | imgs/971652376616_D_23.jpg | imgs/971652376616_D_24.jpg
52TOYS罐头猪LuLu宅猪相伴日常盲盒手办潮玩玩具公仔摆件礼物,https://52toys.world.tmall.com/,https://52toys.world.tmall.com/,done,52TOYS旗舰店,https://detail.tmall.com/item.htm?id=835245960654,835245960654,"{""combos"": [{""款式描述"": {""values"": [""单盒（随机发货不接受指定）""], ""selected"": ""单盒（随机发货不接受指定）""}, ""大小"": {""values"": [""拆封后不支持无理由退货退款""], ""selected"": ""拆封后不支持无理由退货退款""}, ""_combo_price"": ""款式描述=单盒（随机发货不接受指定） | 大小=拆封后不支持无理由退货退款 | 店铺优惠后￥68.6""}, {""款式描述"": {""values"": [""单盒（随机发货不接受指定）"", ""端盒（内含8只）""], ""selected"": ""端盒（内含8只）""}, ""大小"": {""values"": [""拆封后不支持无理由退货退款""], ""selected"": ""拆封后不支持无理由退货退款""}, ""_combo_price"": ""款式描述=端盒（内含8只） | 大小=拆封后不支持无理由退货退款 | 店铺优惠后￥549""}]}",款式描述=单盒（随机发货不接受指定） | 大小=拆封后不支持无理由退货退款 | 店铺优惠后￥68.6 || 款式描述=端盒（内含8只） | 大小=拆封后不支持无理由退货退款 | 店铺优惠后￥549,"{""品牌"": ""52TOYS"", ""IP"": ""LULU罐头猪"", ""系列名"": ""宅猪相伴系列"", ""大小"": ""拆封后不支持无理由退货退款"", ""概率描述"": ""8个常规款1/8，1个小隐藏款3/96，1个大隐藏款1/96"", ""款式描述"": ""单盒（随机发货不接受指定） 端盒（内含8只）""}",https://img.alicdn.com/imgextra/i4/3951599478/O1CN01WGUSo02JsywDxU6Oi_!!4611686018427387766-0-item_pic.jpg | https://img.alicdn.com/imgextra/i3/3951599478/O1CN01yHVMy12JsyuE644mp_!!3951599478.jpg | https://img.alicdn.com/imgextra/i2/3951599478/O1CN01Kjjo1Y2JsyuJD8WCf_!!3951599478.jpg | https://img.alicdn.com/imgextra/i1/3951599478/O1CN01RCfmVl2JsyuHpSrXC_!!3951599478.jpg | ,imgs/835245960654_M_02.jpg | imgs/835245960654_M_03.jpg | imgs/835245960654_M_04.jpg | imgs/835245960654_M_05.jpg | imgs/835245960654_M_01.jpg | imgs/835245960654_D_00.jpg | imgs/835245960654_D_01.jpg | imgs/835245960654_D_02.jpg | imgs/835245960654_D_03.jpg | imgs/835245960654_D_04.jpg | imgs/835245960654_D_05.jpg | imgs/835245960654_D_06.jpg | imgs/835245960654_D_07.jpg | imgs/835245960654_D_08.jpg | imgs/835245960654_D_09.jpg | imgs/835245960654_D_10.jpg | imgs/835245960654_D_11.jpg | imgs/835245960654_D_12.jpg | imgs/835245960654_D_13.jpg | imgs/835245960654_D_14.jpg | imgs/835245960654_D_15.jpg | imgs/835245960654_D_16.jpg | imgs/835245960654_D_17.jpg | imgs/835245960654_D_18.jpg | imgs/835245960654_D_19.jpg | imgs/835245960654_D_20.jpg | imgs/835245960654_D_21.jpg | imgs/835245960654_D_22.jpg | imgs/835245960654_D_23.jpg | imgs/835245960654_D_24.jpg | imgs/835245960654_D_25.jpg | imgs/835245960654_D_26.jpg | imgs/835245960654_D_27.jpg | imgs/835245960654_D_28.jpg | imgs/835245960654_D_29.jpg | imgs/835245960654_D_30.jpg | imgs/835245960654_D_31.jpg
52TOYS小黄人联名NOOK&MINIONS毛绒公仔玩偶手办大体潮玩摆件礼物,https://52toys.world.tmall.com/,https://52toys.world.tmall.com/,done,52TOYS旗舰店,https://detail.tmall.com/item.htm?id=1047155497673,1047155497673,"{""combos"": [{""款式"": {""values"": [""限定款""], ""selected"": ""限定款""}, ""颜色分类"": {""values"": [""小黄人Henry-35cm 顺丰发货""], ""selected"": ""小黄人Henry-35cm 顺丰发货""}, ""_combo_price"": ""款式=限定款 | 颜色分类=小黄人Henry-35cm 顺丰发货 | 平台加补后￥621.02""}]}",款式=限定款 | 颜色分类=小黄人Henry-35cm 顺丰发货 | 平台加补后￥621.02,"{""品牌"": ""52TOYS"", ""IP"": ""NOOK&MINIONS"", ""款式"": ""限定款"", ""颜色分类"": ""小黄人Henry-35cm 顺丰发货 海盗小黄人Carl-15cm 巫师小黄人Ed-15cm Goomi-15cm""}",https://img.alicdn.com/imgextra/i2/3951599478/O1CN0194x7y52Jsz3cuMrJH_!!3951599478.jpg | https://img.alicdn.com/imgextra/i1/3951599478/O1CN01iQOsKj2Jsz3hLhm4q_!!3951599478.jpg | https://img.alicdn.com/imgextra/i3/3951599478/O1CN01mPtalE2Jsz3hCaBSw_!!3951599478.jpg | https://img.alicdn.com/imgextra/i3/3951599478/O1CN01YscBDF2Jsz3hCbBp1_!!3951599478.jpg |  | ,imgs/1047155497673_M_02.jpg | imgs/1047155497673_M_03.jpg | imgs/1047155497673_M_04_1.jpg | imgs/1047155497673_M_05.jpg | imgs/1047155497673_M_01.jpg | imgs/1047155497673_M_04.jpg | imgs/1047155497673_D_00.jpg | imgs/1047155497673_D_01.jpg | imgs/1047155497673_D_02.jpg | imgs/1047155497673_D_03.jpg | imgs/1047155497673_D_04.jpg | imgs/1047155497673_D_05.jpg | imgs/1047155497673_D_06.jpg | imgs/1047155497673_D_07.jpg | imgs/1047155497673_D_08.jpg | imgs/1047155497673_D_09.jpg | imgs/1047155497673_D_10.jpg | imgs/1047155497673_D_11.jpg | imgs/1047155497673_D_12.jpg | imgs/1047155497673_D_13.jpg | imgs/1047155497673_D_14.jpg | imgs/1047155497673_D_15.jpg | imgs/1047155497673_D_16.jpg | imgs/1047155497673_D_17.jpg | imgs/1047155497673_D_18.jpg | imgs/1047155497673_D_19.jpg | imgs/1047155497673_D_20.jpg
52TOYS蜡笔小新日常系列3盲盒手办公仔潮玩玩具礼物摆件周边礼物,https://52toys.world.tmall.com/,https://52toys.world.tmall.com/,done,52TOYS旗舰店,https://detail.tmall.com/item.htm?id=685129846609,685129846609,"{""combos"": [{""款式描述"": {""values"": [""单盒（随机发货，概率抽隐藏）""], ""selected"": ""单盒（随机发货，概率抽隐藏）""}, ""大小"": {""values"": [""拆封后不支持无理由退货退款""], ""selected"": ""拆封后不支持无理由退货退款""}, ""_combo_price"": ""款式描述=单盒（随机发货，概率抽隐藏） | 大小=拆封后不支持无理由退货退款 | 平台加补后￥29""}, {""款式描述"": {""values"": [""单盒（随机发货，概率抽隐藏）"", ""端盒（内含8只，概率抽隐藏）""], ""selected"": ""端盒（内含8只，概率抽隐藏）""}, ""大小"": {""values"": [""拆封后不支持无理由退货退款""], ""selected"": ""拆封后不支持无理由退货退款""}, ""_combo_price"": ""款式描述=端盒（内含8只，概率抽隐藏） | 大小=拆封后不支持无理由退货退款 | 平台加补后￥274""}]}",款式描述=单盒（随机发货，概率抽隐藏） | 大小=拆封后不支持无理由退货退款 | 平台加补后￥29 || 款式描述=端盒（内含8只，概率抽隐藏） | 大小=拆封后不支持无理由退货退款 | 平台加补后￥274,"{""品牌"": ""52TOYS"", ""IP"": ""蜡笔小新"", ""系列名"": ""日常系列3"", ""款式类型"": ""常规款"", ""大小"": ""拆封后不支持无理由退货退款"", ""尺寸"": ""约8cm"", ""概率描述"": ""隐藏款概率1:96"", ""款式描述"": ""单盒（随机发货，概率抽隐藏） 端盒（内含8只，概率抽隐藏）""}",https://img.alicdn.com/imgextra/i2/3951599478/O1CN01Auv5Yj2JsyubnrEGi_!!3951599478.jpg | https://img.alicdn.com/imgextra/i4/3951599478/O1CN01rtTmxi2JsyuaMdH9I_!!3951599478.jpg | https://img.alicdn.com/imgextra/i2/3951599478/O1CN018GYNUc2JsyuYpkbCW_!!3951599478.jpg | https://img.alicdn.com/imgextra/i3/3951599478/O1CN01MezMKa2JsysIVDfSE_!!3951599478.jpg | ,imgs/685129846609_M_02.jpg | imgs/685129846609_M_03.jpg | imgs/685129846609_M_04.jpg | imgs/685129846609_M_05.jpg | imgs/685129846609_M_01.jpg | imgs/685129846609_D_00.jpg | imgs/685129846609_D_01.jpg | imgs/685129846609_D_02.jpg | imgs/685129846609_D_03.jpg | imgs/685129846609_D_04.jpg | imgs/685129846609_D_05.jpg | imgs/685129846609_D_06.jpg | imgs/685129846609_D_07.jpg | imgs/685129846609_D_08.jpg | imgs/685129846609_D_09.jpg | imgs/685129846609_D_10.jpg | imgs/685129846609_D_11.jpg | imgs/685129846609_D_12.jpg | imgs/685129846609_D_13.jpg | imgs/685129846609_D_14.jpg | imgs/685129846609_D_15.jpg | imgs/685129846609_D_16.jpg | imgs/685129846609_D_17.jpg | imgs/685129846609_D_18.jpg | imgs/685129846609_D_19.jpg | imgs/685129846609_D_20.jpg | imgs/685129846609_D_21.jpg | imgs/685129846609_D_22.jpg
52TOYS迪士尼草莓熊健身了解一下盲盒手办潮玩玩具摆件生日礼物,https://52toys.world.tmall.com/,https://52toys.world.tmall.com/,done,52TOYS旗舰店,https://detail.tmall.com/item.htm?id=995512014246,995512014246,"{""combos"": [{""款式描述"": {""values"": [""单盒（随机发货,概率抽隐藏）""], ""selected"": ""单盒（随机发货,概率抽隐藏）""}, ""大小"": {""values"": [""拆封后不支持无理由退货退款""], ""selected"": ""拆封后不支持无理由退货退款""}, ""_combo_price"": ""款式描述=单盒（随机发货,概率抽隐藏） | 大小=拆封后不支持无理由退货退款 | 平台加补后￥46""}, {""款式描述"": {""values"": [""单盒（随机发货,概率抽隐藏）"", ""端盒（内含8只,概率抽隐藏）""], ""selected"": ""端盒（内含8只,概率抽隐藏）""}, ""大小"": {""values"": [""拆封后不支持无理由退货退款""], ""selected"": ""拆封后不支持无理由退货退款""}, ""_combo_price"": ""款式描述=端盒（内含8只,概率抽隐藏） | 大小=拆封后不支持无理由退货退款 | 平台加补后￥410""}]}","款式描述=单盒（随机发货,概率抽隐藏） | 大小=拆封后不支持无理由退货退款 | 平台加补后￥46 || 款式描述=端盒（内含8只,概率抽隐藏） | 大小=拆封后不支持无理由退货退款 | 平台加补后￥410","{""品牌"": ""52TOYS"", ""IP"": ""迪士尼"", ""系列名"": ""草莓熊健身了解一下"", ""款式类型"": ""常规款 隐藏款"", ""ACG作品名"": ""草莓熊"", ""大小"": ""拆封后不支持无理由退货退款"", ""尺寸"": ""高约9cm"", ""概率描述"": ""8个常规款，1个隐藏款"", ""款式描述"": ""单盒（随机发货,概率抽隐藏） 端盒（内含8只,概率抽隐藏）""}",https://img.alicdn.com/imgextra/i1/3951599478/O1CN01WDFpY92Jsz17ZHPEF_!!3951599478.jpg | https://img.alicdn.com/imgextra/i3/3951599478/O1CN01UnkB5W2Jsz1DCTpCe_!!3951599478.jpg | https://img.alicdn.com/imgextra/i1/3951599478/O1CN012T9DUg2Jsz1DHo3Nw_!!3951599478.jpg |  | ,imgs/995512014246_M_02.jpg | imgs/995512014246_M_04.jpg | imgs/995512014246_M_05.jpg | imgs/995512014246_M_01.jpg | imgs/995512014246_M_03.jpg | imgs/995512014246_D_00.jpg | imgs/995512014246_D_01.jpg | imgs/995512014246_D_02.jpg | imgs/995512014246_D_03.jpg | imgs/995512014246_D_04.jpg | imgs/995512014246_D_05.jpg | imgs/995512014246_D_06.jpg | imgs/995512014246_D_07.jpg | imgs/995512014246_D_08.jpg | imgs/995512014246_D_09.jpg | imgs/995512014246_D_10.jpg | imgs/995512014246_D_11.jpg | imgs/995512014246_D_12.jpg | imgs/995512014246_D_13.jpg | imgs/995512014246_D_14.jpg | imgs/995512014246_D_15.jpg | imgs/995512014246_D_16.jpg | imgs/995512014246_D_17.jpg | imgs/995512014246_D_18.jpg | imgs/995512014246_D_19.jpg
52TOYS PandaRoll胖哒幼熊猫果果树叠叠乐盲盒手办潮玩摆件礼物,https://52toys.world.tmall.com/,https://52toys.world.tmall.com/,done,52TOYS旗舰店,https://detail.tmall.com/item.htm?id=762113338712,762113338712,"{""combos"": [{""款式描述"": {""values"": [""单盒（随机发货不接受指定）""], ""selected"": ""单盒（随机发货不接受指定）""}, ""大小"": {""values"": [""拆封后不支持无理由退货退款""], ""selected"": ""拆封后不支持无理由退货退款""}, ""_combo_price"": ""款式描述=单盒（随机发货不接受指定） | 大小=拆封后不支持无理由退货退款 | 平台加补后￥45.7""}, {""款式描述"": {""values"": [""单盒（随机发货不接受指定）"", ""端盒（内含8只盲盒）""], ""selected"": ""端盒（内含8只盲盒）""}, ""大小"": {""values"": [""拆封后不支持无理由退货退款""], ""selected"": ""拆封后不支持无理由退货退款""}, ""_combo_price"": ""款式描述=端盒（内含8只盲盒） | 大小=拆封后不支持无理由退货退款 | 平台加补后￥408""}]}",款式描述=单盒（随机发货不接受指定） | 大小=拆封后不支持无理由退货退款 | 平台加补后￥45.7 || 款式描述=端盒（内含8只盲盒） | 大小=拆封后不支持无理由退货退款 | 平台加补后￥408,"{""品牌"": ""52TOYS"", ""IP"": ""Panda Roll"", ""系列名"": ""果果树系列"", ""款式类型"": ""常规款"", ""大小"": ""拆封后不支持无理由退货退款"", ""尺寸"": ""高约6-7cm"", ""概率描述"": ""小隐1:96/超隐1:480"", ""款式描述"": ""单盒（随机发货不接受指定） 端盒（内含8只盲盒）""}",https://img.alicdn.com/imgextra/i2/3951599478/O1CN017wUQfI2JsyuWXpY8f_!!3951599478.jpg | https://img.alicdn.com/imgextra/i4/3951599478/O1CN01lzWXzd2JsyuXa2E2i_!!3951599478.jpg | https://img.alicdn.com/imgextra/i3/3951599478/O1CN01nO76n92JsyuSBF4NR_!!3951599478.jpg | https://img.alicdn.com/imgextra/i4/3951599478/O1CN01orBMGa2JsyuSBFjyO_!!3951599478.jpg | ,imgs/762113338712_M_02.jpg | imgs/762113338712_M_03.jpg | imgs/762113338712_M_04.jpg | imgs/762113338712_M_05.jpg | imgs/762113338712_M_01.jpg | imgs/762113338712_D_00.jpg | imgs/762113338712_D_01.jpg | imgs/762113338712_D_02.jpg | imgs/762113338712_D_03.jpg | imgs/762113338712_D_04.jpg | imgs/762113338712_D_05.jpg | imgs/762113338712_D_06.jpg | imgs/762113338712_D_07.jpg | imgs/762113338712_D_08.jpg | imgs/762113338712_D_09.jpg | imgs/762113338712_D_10.jpg | imgs/762113338712_D_11.jpg | imgs/762113338712_D_12.jpg | imgs/762113338712_D_13.jpg | imgs/762113338712_D_14.jpg | imgs/762113338712_D_15.jpg | imgs/762113338712_D_16.jpg | imgs/762113338712_D_17.jpg | imgs/762113338712_D_18.jpg | imgs/762113338712_D_19.jpg | imgs/762113338712_D_20.jpg | imgs/762113338712_D_21.jpg | imgs/762113338712_D_22.jpg
52TOYS小黄人Bob&Tim熊好朋友在一起搪胶毛绒盲盒女生礼物-淘票票,https://52toys.world.tmall.com/,https://52toys.world.tmall.com/,done,52TOYS旗舰店,https://detail.tmall.com/item.htm?id=1052564543222,1052564543222,"{""combos"": [{""款式描述"": {""values"": [""单盒随机发货-买2盒送小黄人电影票1张""], ""selected"": ""单盒随机发货-买2盒送小黄人电影票1张""}, ""大小"": {""values"": [""拆封后不支持无理由退货退款""], ""selected"": ""拆封后不支持无理由退货退款""}, ""_combo_price"": ""款式描述=单盒随机发货-买2盒送小黄人电影票1张 | 大小=拆封后不支持无理由退货退款 | 平台加补后￥69""}, {""款式描述"": {""values"": [""单盒随机发货-买2盒送小黄人电影票1张"", ""端盒内含6只-买端盒送小黄人电影票2张""], ""selected"": ""端盒内含6只-买端盒送小黄人电影票2张""}, ""大小"": {""values"": [""拆封后不支持无理由退货退款""], ""selected"": ""拆封后不支持无理由退货退款""}, ""_combo_price"": ""款式描述=端盒内含6只-买端盒送小黄人电影票2张 | 大小=拆封后不支持无理由退货退款 | 平台加补后￥433""}]}",款式描述=单盒随机发货-买2盒送小黄人电影票1张 | 大小=拆封后不支持无理由退货退款 | 平台加补后￥69 || 款式描述=端盒内含6只-买端盒送小黄人电影票2张 | 大小=拆封后不支持无理由退货退款 | 平台加补后￥433,"{""品牌"": ""52TOYS"", ""IP"": ""小黄人"", ""系列名"": ""好朋友在一起系列"", ""款式类型"": ""常规款 隐藏款"", ""ACG作品名"": ""小黄人"", ""大小"": ""拆封后不支持无理由退货退款"", ""概率描述"": ""1/72"", ""款式描述"": ""单盒随机发货-买2盒送小黄人电影票1张 端盒内含6只-买端盒送小黄人电影票2张""}",https://img.alicdn.com/imgextra/i2/3951599478/O1CN01Mhugnv2Jsz3RVtnGd_!!4611686018427387766-0-item_pic.jpg | https://img.alicdn.com/imgextra/i3/3951599478/O1CN01RxVICc2Jsz0x2y8Rc_!!3951599478.jpg | https://img.alicdn.com/imgextra/i2/3951599478/O1CN01Uu066f2Jsz0vtIvFW_!!3951599478.jpg | https://img.alicdn.com/imgextra/i1/3951599478/O1CN016JWnif2Jsz0wRdJK0_!!3951599478.jpg | https://img.alicdn.com/imgextra/i4/3951599478/O1CN011hPnRC2Jsz0hKikSe_!!3951599478.jpg,imgs/1052564543222_M_00.jpg | imgs/1052564543222_M_01.jpg | imgs/1052564543222_M_02.jpg | imgs/1052564543222_M_03.jpg | imgs/1052564543222_M_04.jpg | imgs/1052564543222_D_00.jpg | imgs/1052564543222_D_01.jpg | imgs/1052564543222_D_02.jpg | imgs/1052564543222_D_03.jpg | imgs/1052564543222_D_04.jpg | imgs/1052564543222_D_05.jpg | imgs/1052564543222_D_06.jpg | imgs/1052564543222_D_07.jpg | imgs/1052564543222_D_08.jpg | imgs/1052564543222_D_09.jpg | imgs/1052564543222_D_10.jpg | imgs/1052564543222_D_11.jpg | imgs/1052564543222_D_12.jpg | imgs/1052564543222_D_13.jpg | imgs/1052564543222_D_14.jpg | imgs/1052564543222_D_15.jpg | imgs/1052564543222_D_16.jpg | imgs/1052564543222_D_17.jpg | imgs/1052564543222_D_18.jpg | imgs/1052564543222_D_19.jpg | imgs/1052564543222_D_20.jpg | imgs/1052564543222_D_21.jpg | imgs/1052564543222_D_22.jpg | imgs/1052564543222_D_23.jpg | imgs/1052564543222_D_24.jpg
52TOYS美叽和大鼠美好的精神状态盲盒手办潮玩玩具摆件送礼礼物,https://52toys.world.tmall.com/,https://52toys.world.tmall.com/,done,52TOYS旗舰店,https://detail.tmall.com/item.htm?id=1019852673900,1019852673900,"{""combos"": [{""款式描述"": {""values"": [""单盒（随机发货,概率抽隐藏）""], ""selected"": ""单盒（随机发货,概率抽隐藏）""}, ""大小"": {""values"": [""拆封后不支持无理由退货退款""], ""selected"": ""拆封后不支持无理由退货退款""}, ""_combo_price"": ""款式描述=单盒（随机发货,概率抽隐藏） | 大小=拆封后不支持无理由退货退款 | 平台加补后￥33""}, {""款式描述"": {""values"": [""单盒（随机发货,概率抽隐藏）"", ""端盒（内含8只,概率抽隐藏）""], ""selected"": ""端盒（内含8只,概率抽隐藏）""}, ""大小"": {""values"": [""拆封后不支持无理由退货退款""], ""selected"": ""拆封后不支持无理由退货退款""}, ""_combo_price"": ""款式描述=端盒（内含8只,概率抽隐藏） | 大小=拆封后不支持无理由退货退款 | 平台加补后￥293""}]}","款式描述=单盒（随机发货,概率抽隐藏） | 大小=拆封后不支持无理由退货退款 | 平台加补后￥33 || 款式描述=端盒（内含8只,概率抽隐藏） | 大小=拆封后不支持无理由退货退款 | 平台加补后￥293","{""品牌"": ""52TOYS"", ""IP"": ""美叽和大鼠"", ""系列名"": ""美好的精神状态系列"", ""款式类型"": ""常规款 隐藏款"", ""ACG作品名"": ""美叽和大鼠"", ""大小"": ""拆封后不支持无理由退货退款"", ""概率描述"": ""1/96"", ""款式描述"": ""单盒（随机发货,概率抽隐藏） 端盒（内含8只,概率抽隐藏）""}",https://img.alicdn.com/imgextra/i1/3951599478/O1CN01BD2OHG2Jsz2HHFocP_!!3951599478.jpg | https://img.alicdn.com/imgextra/i2/3951599478/O1CN01zeDFJC2Jsz2Hpl0FO_!!4611686018427387766-0-item_pic.jpg | https://img.alicdn.com/imgextra/i2/3951599478/O1CN01bjo4Sp2Jsz2HEFQo0_!!3951599478.jpg | https://img.alicdn.com/imgextra/i1/3951599478/O1CN016Mjq3k2Jsz2Gwqd59_!!3951599478.jpg | ,imgs/1019852673900_M_02.jpg | imgs/1019852673900_M_03.jpg | imgs/1019852673900_M_04.jpg | imgs/1019852673900_M_05.jpg | imgs/1019852673900_M_01.jpg | imgs/1019852673900_D_00.jpg | imgs/1019852673900_D_01.jpg | imgs/1019852673900_D_02.jpg | imgs/1019852673900_D_03.jpg | imgs/1019852673900_D_04.jpg | imgs/1019852673900_D_05.jpg | imgs/1019852673900_D_06.jpg | imgs/1019852673900_D_07.jpg | imgs/1019852673900_D_08.jpg | imgs/1019852673900_D_09.jpg | imgs/1019852673900_D_10.jpg | imgs/1019852673900_D_11.jpg | imgs/1019852673900_D_12.jpg | imgs/1019852673900_D_13.jpg | imgs/1019852673900_D_14.jpg | imgs/1019852673900_D_15.jpg | imgs/1019852673900_D_16.jpg | imgs/1019852673900_D_17.jpg | imgs/1019852673900_D_18.jpg | imgs/1019852673900_D_19.jpg | imgs/1019852673900_D_20.jpg | imgs/1019852673900_D_21.jpg
52TOYS美叽和大鼠社畜的一天盲盒手办潮玩玩具公仔摆件送礼礼物,https://52toys.world.tmall.com/,https://52toys.world.tmall.com/,done,52TOYS旗舰店,https://detail.tmall.com/item.htm?id=1061236497599,1061236497599,"{""combos"": [{""款式描述"": {""values"": [""单盒（随机发货,概率抽隐藏）""], ""selected"": ""单盒（随机发货,概率抽隐藏）""}, ""大小"": {""values"": [""拆封后不支持无理由退货退款""], ""selected"": ""拆封后不支持无理由退货退款""}, ""_combo_price"": ""款式描述=单盒（随机发货,概率抽隐藏） | 大小=拆封后不支持无理由退货退款 | 平台加补后￥43""}, {""款式描述"": {""values"": [""单盒（随机发货,概率抽隐藏）"", ""端盒（内含8只,概率抽隐藏）""], ""selected"": ""端盒（内含8只,概率抽隐藏）""}, ""大小"": {""values"": [""拆封后不支持无理由退货退款""], ""selected"": ""拆封后不支持无理由退货退款""}, ""_combo_price"": ""款式描述=端盒（内含8只,概率抽隐藏） | 大小=拆封后不支持无理由退货退款 | 平台加补后￥393""}]}","款式描述=单盒（随机发货,概率抽隐藏） | 大小=拆封后不支持无理由退货退款 | 平台加补后￥43 || 款式描述=端盒（内含8只,概率抽隐藏） | 大小=拆封后不支持无理由退货退款 | 平台加补后￥393","{""材质"": ""塑胶"", ""出售状态"": ""现货"", ""品牌"": ""52TOYS"", ""IP"": ""美叽和大鼠"", ""系列名"": ""社畜的一天系列"", ""款式类型"": ""常规款 隐藏款"", ""大小"": ""拆封后不支持无理由退货退款"", ""尺寸"": ""8.5cm"", ""概率描述"": ""8个常规款，1个隐藏款"", ""款式描述"": ""单盒（随机发货,概率抽隐藏） 端盒（内含8只,概率抽隐藏）""}",https://img.alicdn.com/imgextra/i1/3951599478/O1CN01j8Ff0j2Jsz3mzz4uJ_!!3951599478.jpg | https://img.alicdn.com/imgextra/i4/3951599478/O1CN01idwCNq2Jsz3mw1usr_!!3951599478.jpg | https://img.alicdn.com/imgextra/i1/3951599478/O1CN01fuym1H2Jsz3iPFV2L_!!3951599478.jpg | https://img.alicdn.com/imgextra/i4/3951599478/O1CN01cRmQxf2Jsz3mhbgVy_!!3951599478.jpg | ,imgs/1061236497599_M_02.jpg | imgs/1061236497599_M_03.jpg | imgs/1061236497599_M_04.jpg | imgs/1061236497599_M_05.jpg | imgs/1061236497599_M_01.jpg | imgs/1061236497599_D_00.jpg | imgs/1061236497599_D_01.jpg | imgs/1061236497599_D_02.jpg | imgs/1061236497599_D_03.jpg | imgs/1061236497599_D_04.jpg | imgs/1061236497599_D_05.jpg | imgs/1061236497599_D_06.jpg | imgs/1061236497599_D_07.jpg | imgs/1061236497599_D_08.jpg | imgs/1061236497599_D_09.jpg | imgs/1061236497599_D_10.jpg | imgs/1061236497599_D_11.jpg | imgs/1061236497599_D_12.jpg | imgs/1061236497599_D_13.jpg | imgs/1061236497599_D_14.jpg | imgs/1061236497599_D_15.jpg | imgs/1061236497599_D_16.jpg | imgs/1061236497599_D_17.jpg | imgs/1061236497599_D_18.jpg
52TOYS官方TOM and JERRY猫和老鼠Minime2萌粒盲盒手办潮玩摆件,https://52toys.world.tmall.com/,https://52toys.world.tmall.com/,done,52TOYS旗舰店,https://detail.tmall.com/item.htm?id=1046137130384,1046137130384,"{""combos"": [{""款式描述"": {""values"": [""单盒（随机发货,概率抽隐藏）""], ""selected"": ""单盒（随机发货,概率抽隐藏）""}, ""大小"": {""values"": [""拆封后不支持无理由退货退款""], ""selected"": ""拆封后不支持无理由退货退款""}, ""_combo_price"": ""款式描述=单盒（随机发货,概率抽隐藏） | 大小=拆封后不支持无理由退货退款 | 店铺优惠后￥17.9""}, {""款式描述"": {""values"": [""单盒（随机发货,概率抽隐藏）"", ""3只装（随机发货,概率抽隐藏）""], ""selected"": ""3只装（随机发货,概率抽隐藏）""}, ""大小"": {""values"": [""拆封后不支持无理由退货退款""], ""selected"": ""拆封后不支持无理由退货退款""}, ""_combo_price"": ""款式描述=3只装（随机发货,概率抽隐藏） | 大小=拆封后不支持无理由退货退款 | 店铺优惠后￥53.7""}, {""款式描述"": {""values"": [""单盒（随机发货,概率抽隐藏）"", ""3只装（随机发货,概率抽隐藏）"", ""端盒（内含18只,概率抽隐藏）""], ""selected"": ""端盒（内含18只,概率抽隐藏）""}, ""大小"": {""values"": [""拆封后不支持无理由退货退款""], ""selected"": ""拆封后不支持无理由退货退款""}, ""_combo_price"": ""款式描述=端盒（内含18只,概率抽隐藏） | 大小=拆封后不支持无理由退货退款 | 店铺优惠后￥322.2""}]}","款式描述=单盒（随机发货,概率抽隐藏） | 大小=拆封后不支持无理由退货退款 | 店铺优惠后￥17.9 || 款式描述=3只装（随机发货,概率抽隐藏） | 大小=拆封后不支持无理由退货退款 | 店铺优惠后￥53.7 || 款式描述=端盒（内含18只,概率抽隐藏） | 大小=拆封后不支持无理由退货退款 | 店铺优惠后￥322.2","{""材质"": ""塑胶"", ""出售状态"": ""现货"", ""品牌"": ""52TOYS"", ""IP"": ""猫和老鼠"", ""系列名"": ""Minime系列2"", ""款式类型"": ""常规款 隐藏款"", ""ACG作品名"": ""猫和老鼠"", ""大小"": ""拆封后不支持无理由退货退款"", ""概率描述"": ""18个常规款，1个隐藏款"", ""款式描述"": ""单盒（随机发货,概率抽隐藏） 3只装（随机发货,概率抽隐藏） 端盒（内含18只,概率抽隐藏）""}",https://img.alicdn.com/imgextra/i4/3951599478/O1CN01ZDRzIQ2Jsz3BGQklF_!!3951599478.jpg | https://img.alicdn.com/imgextra/i4/3951599478/O1CN012Tplfq2Jsz3G1IZFK_!!3951599478.jpg | https://img.alicdn.com/imgextra/i3/3951599478/O1CN01hf53ys2Jsz3GHMILM_!!3951599478.jpg | https://img.alicdn.com/imgextra/i3/3951599478/O1CN01HgiFJw2Jsz3Faoc3G_!!3951599478.jpg | ,imgs/1046137130384_M_02.jpg | imgs/1046137130384_M_03.jpg | imgs/1046137130384_M_04.jpg | imgs/1046137130384_M_05.jpg | imgs/1046137130384_M_01.jpg | imgs/1046137130384_D_00.jpg | imgs/1046137130384_D_01.jpg | imgs/1046137130384_D_02.jpg | imgs/1046137130384_D_03.jpg | imgs/1046137130384_D_04.jpg | imgs/1046137130384_D_05.jpg | imgs/1046137130384_D_06.jpg | imgs/1046137130384_D_07.jpg | imgs/1046137130384_D_08.jpg | imgs/1046137130384_D_09.jpg | imgs/1046137130384_D_10.jpg | imgs/1046137130384_D_11.jpg | imgs/1046137130384_D_12.jpg | imgs/1046137130384_D_13.jpg | imgs/1046137130384_D_14.jpg | imgs/1046137130384_D_15.jpg | imgs/1046137130384_D_16.jpg | imgs/1046137130384_D_17.jpg | imgs/1046137130384_D_18.jpg | imgs/1046137130384_D_19.jpg | imgs/1046137130384_D_20.jpg | imgs/1046137130384_D_21.jpg | imgs/1046137130384_D_22.jpg
52TOYS迪士尼公主小马毛绒挂件马年盲盒手办潮玩玩具包挂生日礼物,https://52toys.world.tmall.com/,https://52toys.world.tmall.com/,done,52TOYS旗舰店,https://detail.tmall.com/item.htm?id=1006658393068,1006658393068,"{""combos"": [{""款式描述"": {""values"": [""公主马单盒（随机发货,概率抽隐藏）""], ""selected"": ""公主马单盒（随机发货,概率抽隐藏）""}, ""大小"": {""values"": [""拆封后不支持无理由退货退款""], ""selected"": ""拆封后不支持无理由退货退款""}, ""_combo_price"": ""款式描述=公主马单盒（随机发货,概率抽隐藏） | 大小=拆封后不支持无理由退货退款 | 平台加补后￥59.42""}, {""款式描述"": {""values"": [""公主马单盒（随机发货,概率抽隐藏）"", ""公主马端盒（内含6只,概率抽隐藏）""], ""selected"": ""公主马端盒（内含6只,概率抽隐藏）""}, ""大小"": {""values"": [""拆封后不支持无理由退货退款""], ""selected"": ""拆封后不支持无理由退货退款""}, ""_combo_price"": ""款式描述=公主马端盒（内含6只,概率抽隐藏） | 大小=拆封后不支持无理由退货退款 | 平台加补后￥386.52""}]}","款式描述=公主马单盒（随机发货,概率抽隐藏） | 大小=拆封后不支持无理由退货退款 | 平台加补后￥59.42 || 款式描述=公主马端盒（内含6只,概率抽隐藏） | 大小=拆封后不支持无理由退货退款 | 平台加补后￥386.52","{""品牌"": ""52TOYS"", ""IP"": ""迪士尼"", ""系列名"": ""公主小马系列毛绒挂件"", ""作品地区"": ""中国大陆"", ""ACG作品名"": ""迪士尼公主"", ""系列类型"": ""联名系列"", ""首发时间"": ""2026年6月1日"", ""款式类型"": ""常规款 隐藏款"", ""大小"": ""拆封后不支持无理由退货退款"", ""尺寸"": ""13cm"", ""概率描述"": ""6个常规款，1个隐藏款"", ""款式描述"": ""公主马单盒（随机发货,概率抽隐藏） 公主马端盒（内含6只,概率抽隐藏） 在逃公主单盒（随机发货,概率抽隐藏） 在逃公主端盒（内含6只,概率抽隐藏）""}",https://img.alicdn.com/imgextra/i2/3951599478/O1CN01T6M4b42Jsz2IYH3Fg_!!3951599478.jpg | https://img.alicdn.com/imgextra/i2/3951599478/O1CN01MxD3EL2Jsz1wlqbEZ_!!3951599478.jpg | https://img.alicdn.com/imgextra/i4/3951599478/O1CN01B6R2Dc2Jsz1vpFyQ0_!!3951599478.jpg | https://img.alicdn.com/imgextra/i3/3951599478/O1CN01TILYSi2Jsz1vS9BfL_!!3951599478.jpg | ,imgs/1006658393068_M_01.jpg | imgs/1006658393068_M_02.jpg | imgs/1006658393068_M_03.jpg | imgs/1006658393068_M_04.jpg | imgs/1006658393068_M_00.jpg | imgs/1006658393068_D_00.jpg | imgs/1006658393068_D_01.jpg | imgs/1006658393068_D_02.jpg | imgs/1006658393068_D_03.jpg | imgs/1006658393068_D_04.jpg | imgs/1006658393068_D_05.jpg | imgs/1006658393068_D_06.jpg | imgs/1006658393068_D_07.jpg | imgs/1006658393068_D_08.jpg | imgs/1006658393068_D_09.jpg | imgs/1006658393068_D_10.jpg | imgs/1006658393068_D_11.jpg | imgs/1006658393068_D_12.jpg | imgs/1006658393068_D_13.jpg | imgs/1006658393068_D_14.jpg | imgs/1006658393068_D_15.jpg | imgs/1006658393068_D_16.jpg | imgs/1006658393068_D_17.jpg | imgs/1006658393068_D_18.jpg
52TOYS迪士尼史迪奇暖粉系列盲盒史迪仔手办潮玩玩具摆件生日礼物,https://52toys.world.tmall.com/,https://52toys.world.tmall.com/,done,52TOYS旗舰店,https://detail.tmall.com/item.htm?id=915943664731,915943664731,"{""combos"": [{""款式描述"": {""values"": [""暖粉单盒（随机发货不接受指定）""], ""selected"": ""暖粉单盒（随机发货不接受指定）""}, ""大小"": {""values"": [""拆封后不支持无理由退货退款""], ""selected"": ""拆封后不支持无理由退货退款""}, ""_combo_price"": ""款式描述=暖粉单盒（随机发货不接受指定） | 大小=拆封后不支持无理由退货退款 | 平台加补后￥38.1""}, {""款式描述"": {""values"": [""暖粉单盒（随机发货不接受指定）"", ""暖粉端盒（内含6只不重复）""], ""selected"": ""暖粉端盒（内含6只不重复）""}, ""大小"": {""values"": [""拆封后不支持无理由退货退款""], ""selected"": ""拆封后不支持无理由退货退款""}, ""_combo_price"": ""款式描述=暖粉端盒（内含6只不重复） | 大小=拆封后不支持无理由退货退款 | 平台加补后￥258.6""}, {""款式描述"": {""values"": [""暖粉单盒（随机发货不接受指定）"", ""暖粉端盒（内含6只不重复）"", ""夏威夷手机绳单盒（随机发货,概率抽隐藏）""], ""selected"": ""夏威夷手机绳单盒（随机发货,概率抽隐藏）""}, ""大小"": {""values"": [""拆封后不支持无理由退货退款""], ""selected"": ""拆封后不支持无理由退货退款""}, ""_combo_price"": ""款式描述=夏威夷手机绳单盒（随机发货,概率抽隐藏） | 大小=拆封后不支持无理由退货退款 | 平台加补后￥38.1""}, {""款式描述"": {""values"": [""暖粉单盒（随机发货不接受指定）"", ""暖粉端盒（内含6只不重复）"", ""夏威夷手机绳单盒（随机发货,概率抽隐藏）"", ""手机绳端盒（内含4只,概率抽隐藏）""], ""selected"": ""手机绳端盒（内含4只,概率抽隐藏）""}, ""大小"": {""values"": [""拆封后不支持无理由退货退款""], ""selected"": ""拆封后不支持无理由退货退款""}, ""_combo_price"": ""款式描述=手机绳端盒（内含4只,概率抽隐藏） | 大小=拆封后不支持无理由退货退款 | 平台加补后￥170.4""}]}","款式描述=暖粉单盒（随机发货不接受指定） | 大小=拆封后不支持无理由退货退款 | 平台加补后￥38.1 || 款式描述=暖粉端盒（内含6只不重复） | 大小=拆封后不支持无理由退货退款 | 平台加补后￥258.6 || 款式描述=夏威夷手机绳单盒（随机发货,概率抽隐藏） | 大小=拆封后不支持无理由退货退款 | 平台加补后￥38.1 || 款式描述=手机绳端盒（内含4只,概率抽隐藏） | 大小=拆封后不支持无理由退货退款 | 平台加补后￥170.4","{""品牌"": ""52TOYS"", ""IP"": ""迪士尼"", ""系列名"": ""史迪奇暖粉系列"", ""ACG作品名"": ""史迪奇"", ""首发时间"": ""3月18-19日"", ""款式类型"": ""常规款"", ""大小"": ""拆封后不支持无理由退货退款"", ""尺寸"": ""高约7.8-10.9cm"", ""概率描述"": ""均为常规款，无隐藏"", ""款式描述"": ""暖粉单盒（随机发货不接受指定） 暖粉端盒（内含6只不重复） 夏威夷手机绳单盒（随机发货,概率抽隐藏） 手机绳端盒（内含4只,概率抽隐藏）""}",https://img.alicdn.com/imgextra/i3/3951599478/O1CN01vavXhz2JsyxuOF9sK_!!3951599478.jpg | https://img.alicdn.com/imgextra/i4/3951599478/O1CN01uCc9Wt2JsyxubkXPQ_!!3951599478.jpg | https://img.alicdn.com/imgextra/i3/3951599478/O1CN01xZ5r302JsyxtN9dAG_!!3951599478.jpg | https://img.alicdn.com/imgextra/i3/3951599478/O1CN014GDJJ42Jsyxt0xdUO_!!3951599478.jpg | ,imgs/915943664731_M_02.jpg | imgs/915943664731_M_03.jpg | imgs/915943664731_M_04.jpg | imgs/915943664731_M_05.jpg | imgs/915943664731_M_01.jpg | imgs/915943664731_D_00.jpg | imgs/915943664731_D_01.jpg | imgs/915943664731_D_02.jpg | imgs/915943664731_D_03.jpg | imgs/915943664731_D_04.jpg | imgs/915943664731_D_05.jpg | imgs/915943664731_D_06.jpg | imgs/915943664731_D_07.jpg | imgs/915943664731_D_08.jpg | imgs/915943664731_D_09.jpg | imgs/915943664731_D_10.jpg | imgs/915943664731_D_11.jpg | imgs/915943664731_D_12.jpg | imgs/915943664731_D_13.jpg | imgs/915943664731_D_14.jpg | imgs/915943664731_D_15.jpg | imgs/915943664731_D_16.jpg | imgs/915943664731_D_17.jpg | imgs/915943664731_D_18.jpg | imgs/915943664731_D_19.jpg | imgs/915943664731_D_20.jpg | imgs/915943664731_D_21.jpg | imgs/915943664731_D_22.jpg | imgs/915943664731_D_23.jpg | imgs/915943664731_D_24.jpg | imgs/915943664731_D_25.jpg | imgs/915943664731_D_26.jpg | imgs/915943664731_D_27.jpg | imgs/915943664731_D_28.jpg | imgs/915943664731_D_29.jpg | imgs/915943664731_D_30.jpg
52TOYS官方NOOK动物男友搪胶毛绒挂件盲盒手办潮玩玩具挂件礼物,https://52toys.world.tmall.com/,https://52toys.world.tmall.com/,done,52TOYS旗舰店,https://detail.tmall.com/item.htm?id=1066917477745,1066917477745,"{""combos"": [{""款式描述"": {""values"": [""单盒（拍8只发端盒）""], ""selected"": ""单盒（拍8只发端盒）""}, ""大小"": {""values"": [""拆封后不支持无理由退货退款""], ""selected"": ""拆封后不支持无理由退货退款""}, ""_combo_price"": ""款式描述=单盒（拍8只发端盒） | 大小=拆封后不支持无理由退货退款 | 平台加补后￥70.63""}]}",款式描述=单盒（拍8只发端盒） | 大小=拆封后不支持无理由退货退款 | 平台加补后￥70.63,"{""材质"": ""搪胶毛绒"", ""出售状态"": ""现货"", ""品牌"": ""52TOYS"", ""IP"": ""NOOK"", ""系列名"": ""NOOK动物男友系列搪胶毛绒挂件"", ""款式类型"": ""常规款 隐藏款"", ""大小"": ""拆封后不支持无理由退货退款"", ""尺寸"": ""约13cm"", ""概率描述"": ""8个常规款，1个隐藏款"", ""款式描述"": ""单盒（拍8只发端盒） 端盒（内含8只，概率抽隐藏）""}",https://img.alicdn.com/imgextra/i4/3951599478/O1CN01PtINKn2Jsz45Aokzg_!!3951599478.jpg | https://img.alicdn.com/imgextra/i4/3951599478/O1CN016ebqlK2Jsz44RyAK4_!!3951599478.jpg | https://img.alicdn.com/imgextra/i3/3951599478/O1CN01yYnqfF2Jsz44OVO7L_!!3951599478.jpg |  | ,imgs/1066917477745_M_02.jpg | imgs/1066917477745_M_03.jpg | imgs/1066917477745_M_04.jpg | imgs/1066917477745_M_01.jpg | imgs/1066917477745_M_05.jpg | imgs/1066917477745_D_00.jpg | imgs/1066917477745_D_01.jpg | imgs/1066917477745_D_02.jpg | imgs/1066917477745_D_03.jpg | imgs/1066917477745_D_04.jpg | imgs/1066917477745_D_05.jpg | imgs/1066917477745_D_06.jpg | imgs/1066917477745_D_07.jpg | imgs/1066917477745_D_08.jpg | imgs/1066917477745_D_09.jpg | imgs/1066917477745_D_10.jpg | imgs/1066917477745_D_11.jpg | imgs/1066917477745_D_12.jpg | imgs/1066917477745_D_13.jpg | imgs/1066917477745_D_14.jpg | imgs/1066917477745_D_15.jpg | imgs/1066917477745_D_16.jpg | imgs/1066917477745_D_17.jpg | imgs/1066917477745_D_18.jpg | imgs/1066917477745_D_19.jpg | imgs/1066917477745_D_20.jpg | imgs/1066917477745_D_21.jpg | imgs/1066917477745_D_22.jpg | imgs/1066917477745_D_23.jpg | imgs/1066917477745_D_24.jpg | imgs/1066917477745_D_25.jpg | imgs/1066917477745_D_26.jpg | imgs/1066917477745_D_27.jpg
52TOYS蜡笔小新早古限定版白马小土豆吊卡手办潮玩摆件生日礼物,https://52toys.world.tmall.com/,https://52toys.world.tmall.com/,done,52TOYS旗舰店,https://detail.tmall.com/item.htm?id=1045447827683,1045447827683,"{""combos"": [{""款式"": {""values"": [""常规款""], ""selected"": ""常规款""}, ""颜色分类"": {""values"": [""白马小土豆-15cm""], ""selected"": ""白马小土豆-15cm""}, ""_combo_price"": ""款式=常规款 | 颜色分类=白马小土豆-15cm | 平台加补后￥169""}]}",款式=常规款 | 颜色分类=白马小土豆-15cm | 平台加补后￥169,"{""品牌"": ""52TOYS"", ""IP"": ""蜡笔小新"", ""款式"": ""常规款"", ""颜色分类"": ""白马小土豆-15cm""}",https://img.alicdn.com/imgextra/i2/3951599478/O1CN01PRBU1g2Jsz3A0egdf_!!3951599478.jpg | https://img.alicdn.com/imgextra/i2/3951599478/O1CN01HvUhaf2Jsz3BD0h1t_!!3951599478.jpg | https://img.alicdn.com/imgextra/i2/3951599478/O1CN01Q8Kc6h2Jsz39oUQIb_!!3951599478.jpg | https://img.alicdn.com/imgextra/i1/3951599478/O1CN01E7EWQJ2Jsz350LG8v_!!3951599478.jpg | ,imgs/1045447827683_M_02.jpg | imgs/1045447827683_M_03.jpg | imgs/1045447827683_M_04.jpg | imgs/1045447827683_M_05.jpg | imgs/1045447827683_M_01.jpg | imgs/1045447827683_D_00.jpg | imgs/1045447827683_D_01.jpg | imgs/1045447827683_D_02.jpg | imgs/1045447827683_D_03.jpg | imgs/1045447827683_D_04.jpg | imgs/1045447827683_D_05.jpg | imgs/1045447827683_D_06.jpg | imgs/1045447827683_D_07.jpg | imgs/1045447827683_D_08.jpg | imgs/1045447827683_D_09.jpg | imgs/1045447827683_D_10.jpg
52TOYS迪士尼草莓熊IT'S ME盲盒植绒手办潮玩玩具摆件生日礼物,https://52toys.world.tmall.com/,https://52toys.world.tmall.com/,done,52TOYS旗舰店,https://detail.tmall.com/item.htm?id=713742665208,713742665208,"{""combos"": [{""款式描述"": {""values"": [""单盒（随机发货，概率抽隐藏）""], ""selected"": ""单盒（随机发货，概率抽隐藏）""}, ""大小"": {""values"": [""拆封后不支持无理由退货退款""], ""selected"": ""拆封后不支持无理由退货退款""}, ""_combo_price"": ""款式描述=单盒（随机发货，概率抽隐藏） | 大小=拆封后不支持无理由退货退款 | 平台加补后￥52.6""}, {""款式描述"": {""values"": [""单盒（随机发货，概率抽隐藏）"", ""端盒（内含8只，概率抽隐藏）""], ""selected"": ""端盒（内含8只，概率抽隐藏）""}, ""大小"": {""values"": [""拆封后不支持无理由退货退款""], ""selected"": ""拆封后不支持无理由退货退款""}, ""_combo_price"": ""款式描述=端盒（内含8只，概率抽隐藏） | 大小=拆封后不支持无理由退货退款 | 平台加补后￥463""}]}",款式描述=单盒（随机发货，概率抽隐藏） | 大小=拆封后不支持无理由退货退款 | 平台加补后￥52.6 || 款式描述=端盒（内含8只，概率抽隐藏） | 大小=拆封后不支持无理由退货退款 | 平台加补后￥463,"{""品牌"": ""52TOYS"", ""IP"": ""迪士尼"", ""系列名"": ""草莓熊"", ""作品地区"": ""中国大陆"", ""款式类型"": ""常规款 隐藏款"", ""大小"": ""拆封后不支持无理由退货退款"", ""尺寸"": ""10cm"", ""概率描述"": ""隐藏款概率1:72"", ""款式描述"": ""单盒（随机发货，概率抽隐藏） 端盒（内含8只，概率抽隐藏）""}",https://img.alicdn.com/imgextra/i3/3951599478/O1CN01GjVHLj2JsyuS8wkBr_!!3951599478.jpg | https://img.alicdn.com/imgextra/i1/3951599478/O1CN01CvjUQD2JsyuaNGgCY_!!3951599478.jpg | https://img.alicdn.com/imgextra/i2/3951599478/O1CN01BA2ESu2Jsywl0nsuL_!!3951599478.jpg | https://img.alicdn.com/imgextra/i3/3951599478/O1CN01XvHf5d2JsyuWVPlxa_!!3951599478.jpg | ,imgs/713742665208_M_02.jpg | imgs/713742665208_M_03.jpg | imgs/713742665208_M_04.jpg | imgs/713742665208_M_05.jpg | imgs/713742665208_M_01.jpg | imgs/713742665208_D_00.jpg | imgs/713742665208_D_01.jpg | imgs/713742665208_D_02.jpg | imgs/713742665208_D_03.jpg | imgs/713742665208_D_04.jpg | imgs/713742665208_D_05.jpg | imgs/713742665208_D_06.jpg | imgs/713742665208_D_07.jpg | imgs/713742665208_D_08.jpg | imgs/713742665208_D_09.jpg | imgs/713742665208_D_10.jpg | imgs/713742665208_D_11.jpg | imgs/713742665208_D_12.jpg | imgs/713742665208_D_13.jpg | imgs/713742665208_D_14.jpg | imgs/713742665208_D_15.jpg | imgs/713742665208_D_16.jpg | imgs/713742665208_D_17.jpg | imgs/713742665208_D_18.jpg | imgs/713742665208_D_19.jpg | imgs/713742665208_D_20.jpg
【52TOYS】52TOYS旗舰店天猫抽盒机--抽盒券 适用39元商品,https://52toys.world.tmall.com/,https://52toys.world.tmall.com/,done,52TOYS旗舰店,https://detail.tmall.com/item.htm?id=620079855572,620079855572,"{""combos"": [{""颜色分类"": {""values"": [""39元抽盒券--虚拟商品【不支持退款 不支持改地址】""], ""selected"": ""39元抽盒券--虚拟商品【不支持退款 不支持改地址】""}, ""大小"": {""values"": [""请先进入52TOYS抽盒机“授权”再购买次数""], ""selected"": ""请先进入52TOYS抽盒机“授权”再购买次数""}, ""_combo_price"": ""颜色分类=39元抽盒券--虚拟商品【不支持退款 不支持改地址】 | 大小=请先进入52TOYS抽盒机“授权”再购买次数 | ￥39""}]}",颜色分类=39元抽盒券--虚拟商品【不支持退款 不支持改地址】 | 大小=请先进入52TOYS抽盒机“授权”再购买次数 | ￥39,"{""品牌"": ""52TOYS"", ""出售状态"": ""现货"", ""型号"": ""LuLu猪抽盒机"", ""大小"": ""请先进入52TOYS抽盒机“授权”再购买次数"", ""颜色分类"": ""39元抽盒券--虚拟商品【不支持退款 不支持改地址】""}",https://img.alicdn.com/imgextra/i2/3951599478/O1CN01Ahf9bx2Jsz1laeT6X_!!4611686018427387766-0-item_pic.jpg | https://img.alicdn.com/imgextra/i3/3951599478/O1CN01QdIA6c2Jsz1lIH3lt_!!3951599478.jpg | https://img.alicdn.com/imgextra/i3/3951599478/O1CN01gf6MpB2Jsz1mOvBtv_!!3951599478.jpg | https://img.alicdn.com/imgextra/i1/3951599478/O1CN01Dd276j2Jsz1nIqXu9_!!3951599478.jpg | https://img.alicdn.com/imgextra/i1/3951599478/O1CN01ULMgXm2Jsz1mAc1Gf_!!3951599478.jpg,imgs/620079855572_M_00.jpg | imgs/620079855572_M_01.jpg | imgs/620079855572_M_02.jpg | imgs/620079855572_M_03.jpg | imgs/620079855572_M_04.jpg | imgs/620079855572_D_00.jpg | imgs/620079855572_D_01.jpg | imgs/620079855572_D_02.jpg | imgs/620079855572_D_03.jpg | imgs/620079855572_D_04.jpg | imgs/620079855572_D_05.jpg | imgs/620079855572_D_06.jpg | imgs/620079855572_D_07.jpg
52TOYS TOM and JERRY猫和老鼠抽象变形盲盒萌粒盲袋潮玩做梦摆件,https://52toys.world.tmall.com/,https://52toys.world.tmall.com/,done,52TOYS旗舰店,https://detail.tmall.com/item.htm?id=958024575234,958024575234,"{""combos"": [{""款式描述"": {""values"": [""单只装（随机发货概率抽隐藏））""], ""selected"": ""单只装（随机发货概率抽隐藏））""}, ""大小"": {""values"": [""拆封后不支持无理由退货退款""], ""selected"": ""拆封后不支持无理由退货退款""}, ""_combo_price"": ""款式描述=单只装（随机发货概率抽隐藏）） | 大小=拆封后不支持无理由退货退款 | 店铺优惠后￥17.5""}, {""款式描述"": {""values"": [""单只装（随机发货概率抽隐藏））"", ""3只装（存在重复，随机发货概率抽隐藏））"", ""端盒（内含20只,概率抽隐藏）""], ""selected"": """"}, ""大小"": {""values"": [""拆封后不支持无理由退货退款""], ""selected"": ""拆封后不支持无理由退货退款""}, ""_combo_price"": ""款式描述= | 大小=拆封后不支持无理由退货退款 | 店铺优惠后￥17.5""}, {""款式描述"": {""values"": [""单只装（随机发货概率抽隐藏））"", ""3只装（存在重复，随机发货概率抽隐藏））"", ""端盒（内含20只,概率抽隐藏）""], ""selected"": ""端盒（内含20只,概率抽隐藏）""}, ""大小"": {""values"": [""拆封后不支持无理由退货退款""], ""selected"": ""拆封后不支持无理由退货退款""}, ""_combo_price"": ""款式描述=端盒（内含20只,概率抽隐藏） | 大小=拆封后不支持无理由退货退款 | 店铺优惠后￥350""}]}","款式描述=单只装（随机发货概率抽隐藏）） | 大小=拆封后不支持无理由退货退款 | 店铺优惠后￥17.5 || 款式描述= | 大小=拆封后不支持无理由退货退款 | 店铺优惠后￥17.5 || 款式描述=端盒（内含20只,概率抽隐藏） | 大小=拆封后不支持无理由退货退款 | 店铺优惠后￥350","{""品牌"": ""52TOYS"", ""IP"": ""猫和老鼠"", ""系列名"": ""MINIME变形系列"", ""款式类型"": ""常规款"", ""大小"": ""拆封后不支持无理由退货退款"", ""尺寸"": ""高约4cm"", ""概率描述"": ""20个常规款，1个隐藏款"", ""款式描述"": ""单只装（随机发货概率抽隐藏）） 3只装（存在重复，随机发货概率抽隐藏）） 端盒（内含20只,概率抽隐藏）""}",https://img.alicdn.com/imgextra/i2/3951599478/O1CN01WYrphM2JsyzRKwccZ_!!3951599478.jpg | https://img.alicdn.com/imgextra/i4/3951599478/O1CN017iAXSt2JsyzKlOwRb_!!3951599478.jpg | https://img.alicdn.com/imgextra/i1/3951599478/O1CN01mIAg6V2JsyzP7Iakl_!!3951599478.jpg | https://img.alicdn.com/imgextra/i2/3951599478/O1CN019I0ulu2JsyzQJaEHl_!!3951599478.jpg | ,imgs/958024575234_M_02.jpg | imgs/958024575234_M_03.jpg | imgs/958024575234_M_04.jpg | imgs/958024575234_M_05.jpg | imgs/958024575234_M_01.jpg | imgs/958024575234_D_00.jpg | imgs/958024575234_D_01.jpg | imgs/958024575234_D_02.jpg | imgs/958024575234_D_03.jpg | imgs/958024575234_D_04.jpg | imgs/958024575234_D_05.jpg | imgs/958024575234_D_06.jpg | imgs/958024575234_D_07.jpg | imgs/958024575234_D_08.jpg | imgs/958024575234_D_09.jpg | imgs/958024575234_D_10.jpg | imgs/958024575234_D_11.jpg | imgs/958024575234_D_12.jpg | imgs/958024575234_D_13.jpg | imgs/958024575234_D_14.jpg | imgs/958024575234_D_15.jpg | imgs/958024575234_D_16.jpg | imgs/958024575234_D_17.jpg | imgs/958024575234_D_18.jpg | imgs/958024575234_D_19.jpg | imgs/958024575234_D_20.jpg | imgs/958024575234_D_21.jpg | imgs/958024575234_D_22.jpg | imgs/958024575234_D_23.jpg | imgs/958024575234_D_24.jpg | imgs/958024575234_D_25.jpg
52TOYS迪士尼古古饱饱星球大战毛绒盲盒尤达宝宝手办玩具挂件礼物,https://52toys.world.tmall.com/,https://52toys.world.tmall.com/,done,52TOYS旗舰店,https://detail.tmall.com/item.htm?id=1046186006995,1046186006995,"{""combos"": [{""款式描述"": {""values"": [""单盒（随机发货,概率抽隐藏）""], ""selected"": ""单盒（随机发货,概率抽隐藏）""}, ""大小"": {""values"": [""拆封后不支持无理由退货退款""], ""selected"": ""拆封后不支持无理由退货退款""}, ""_combo_price"": ""款式描述=单盒（随机发货,概率抽隐藏） | 大小=拆封后不支持无理由退货退款 | 平台加补后￥44.72""}, {""款式描述"": {""values"": [""单盒（随机发货,概率抽隐藏）"", ""端盒（内含4只,概率抽隐藏）""], ""selected"": ""端盒（内含4只,概率抽隐藏）""}, ""大小"": {""values"": [""拆封后不支持无理由退货退款""], ""selected"": ""拆封后不支持无理由退货退款""}, ""_combo_price"": ""款式描述=端盒（内含4只,概率抽隐藏） | 大小=拆封后不支持无理由退货退款 | 平台加补后￥196.28""}]}","款式描述=单盒（随机发货,概率抽隐藏） | 大小=拆封后不支持无理由退货退款 | 平台加补后￥44.72 || 款式描述=端盒（内含4只,概率抽隐藏） | 大小=拆封后不支持无理由退货退款 | 平台加补后￥196.28","{""品牌"": ""52TOYS"", ""IP"": ""古古饱饱"", ""系列名"": ""古古饱饱星球系列"", ""作品地区"": ""中国大陆"", ""ACG作品名"": ""星球大战"", ""系列类型"": ""联名系列"", ""首发时间"": ""5月31-6月21日"", ""款式类型"": ""常规款 隐藏款"", ""大小"": ""拆封后不支持无理由退货退款"", ""尺寸"": ""10cm"", ""概率描述"": ""4个常规款，1个隐藏款"", ""款式描述"": ""单盒（随机发货,概率抽隐藏） 端盒（内含4只,概率抽隐藏）""}",https://img.alicdn.com/imgextra/i2/3951599478/O1CN01DwOhnu2Jsz39anV8N_!!3951599478.jpg | https://img.alicdn.com/imgextra/i1/3951599478/O1CN011L3Ut42Jsz39RBJdZ_!!3951599478.jpg | https://img.alicdn.com/imgextra/i1/3951599478/O1CN019Ad8wY2Jsz39e5DYd_!!3951599478.jpg | https://img.alicdn.com/imgextra/i2/3951599478/O1CN01mAV90D2Jsz39nMKdY_!!3951599478.jpg | ,imgs/1046186006995_M_02.jpg | imgs/1046186006995_M_03.jpg | imgs/1046186006995_M_04.jpg | imgs/1046186006995_M_05.jpg | imgs/1046186006995_M_01.jpg | imgs/1046186006995_D_00.jpg | imgs/1046186006995_D_01.jpg | imgs/1046186006995_D_02.jpg | imgs/1046186006995_D_03.jpg | imgs/1046186006995_D_04.jpg | imgs/1046186006995_D_05.jpg | imgs/1046186006995_D_06.jpg | imgs/1046186006995_D_07.jpg | imgs/1046186006995_D_08.jpg | imgs/1046186006995_D_09.jpg | imgs/1046186006995_D_10.jpg | imgs/1046186006995_D_11.jpg | imgs/1046186006995_D_12.jpg | imgs/1046186006995_D_13.jpg | imgs/1046186006995_D_14.jpg | imgs/1046186006995_D_15.jpg | imgs/1046186006995_D_16.jpg | imgs/1046186006995_D_17.jpg | imgs/1046186006995_D_18.jpg
52TOYS官方NINNIC NI好心情系列盲盒手办潮玩玩具摆件公仔礼物,https://52toys.world.tmall.com/,https://52toys.world.tmall.com/,done,52TOYS旗舰店,https://detail.tmall.com/item.htm?id=974004240710,974004240710,"{""combos"": [{""款式描述"": {""values"": [""单盒（随机发货,概率抽隐藏）""], ""selected"": ""单盒（随机发货,概率抽隐藏）""}, ""大小"": {""values"": [""拆封后不支持无理由退货退款""], ""selected"": ""拆封后不支持无理由退货退款""}, ""_combo_price"": ""款式描述=单盒（随机发货,概率抽隐藏） | 大小=拆封后不支持无理由退货退款 | 店铺优惠后￥44.8""}, {""款式描述"": {""values"": [""单盒（随机发货,概率抽隐藏）"", ""端盒（内含9只,概率抽隐藏）""], ""selected"": ""端盒（内含9只,概率抽隐藏）""}, ""大小"": {""values"": [""拆封后不支持无理由退货退款""], ""selected"": ""拆封后不支持无理由退货退款""}, ""_combo_price"": ""款式描述=端盒（内含9只,概率抽隐藏） | 大小=拆封后不支持无理由退货退款 | 店铺优惠后￥403""}]}","款式描述=单盒（随机发货,概率抽隐藏） | 大小=拆封后不支持无理由退货退款 | 店铺优惠后￥44.8 || 款式描述=端盒（内含9只,概率抽隐藏） | 大小=拆封后不支持无理由退货退款 | 店铺优惠后￥403","{""品牌"": ""52TOYS"", ""IP"": ""NINNIC"", ""系列名"": ""NINNIC NI好心情系列"", ""款式类型"": ""常规款 隐藏款"", ""大小"": ""拆封后不支持无理由退货退款"", ""概率描述"": ""隐藏款概率1:108"", ""款式描述"": ""单盒（随机发货,概率抽隐藏） 端盒（内含9只,概率抽隐藏）""}",https://img.alicdn.com/imgextra/i1/3951599478/O1CN012Wyiex2Jsz1860Or1_!!3951599478.jpg | https://img.alicdn.com/imgextra/i2/3951599478/O1CN01SSsNX72Jsz17BXqXw_!!3951599478.jpg | https://img.alicdn.com/imgextra/i1/3951599478/O1CN015Qu62k2Jsz17BbCQb_!!3951599478.jpg | https://img.alicdn.com/imgextra/i4/3951599478/O1CN01vCv15N2Jsz17b3Hgl_!!3951599478.jpg | ,imgs/974004240710_M_02.jpg | imgs/974004240710_M_03.jpg | imgs/974004240710_M_04.jpg | imgs/974004240710_M_05.jpg | imgs/974004240710_M_01.jpg | imgs/974004240710_D_00.jpg | imgs/974004240710_D_01.jpg | imgs/974004240710_D_02.jpg | imgs/974004240710_D_03.jpg | imgs/974004240710_D_04.jpg | imgs/974004240710_D_05.jpg | imgs/974004240710_D_06.jpg | imgs/974004240710_D_07.jpg | imgs/974004240710_D_08.jpg | imgs/974004240710_D_09.jpg | imgs/974004240710_D_10.jpg | imgs/974004240710_D_11.jpg | imgs/974004240710_D_12.jpg | imgs/974004240710_D_13.jpg | imgs/974004240710_D_14.jpg | imgs/974004240710_D_15.jpg | imgs/974004240710_D_16.jpg | imgs/974004240710_D_17.jpg | imgs/974004240710_D_18.jpg | imgs/974004240710_D_19.jpg | imgs/974004240710_D_20.jpg | imgs/974004240710_D_21.jpg | imgs/974004240710_D_22.jpg | imgs/974004240710_D_23.jpg | imgs/974004240710_D_24.jpg
52TOYS蜡笔小新PLUS白马王子手办大体潮玩玩具公仔摆件生日礼物,https://52toys.world.tmall.com/,https://52toys.world.tmall.com/,done,52TOYS旗舰店,https://detail.tmall.com/item.htm?id=1016951692628,1016951692628,"{""combos"": [{""颜色分类"": {""values"": [""白马王子-30cm""], ""selected"": ""白马王子-30cm""}, ""_combo_price"": ""颜色分类=白马王子-30cm | 平台加补后￥1293""}]}",颜色分类=白马王子-30cm | 平台加补后￥1293,"{""品牌"": ""52TOYS"", ""IP"": ""蜡笔小新"", ""颜色分类"": ""白马王子-30cm""}",https://img.alicdn.com/imgextra/i2/3951599478/O1CN012FULBb2Jsz1xILJEh_!!3951599478.jpg | https://img.alicdn.com/imgextra/i4/3951599478/O1CN01FwwbZt2Jsz23bqQeH_!!3951599478.jpg | https://img.alicdn.com/imgextra/i3/3951599478/O1CN01cqZ31t2Jsz22PvBCE_!!3951599478.jpg | https://img.alicdn.com/imgextra/i1/3951599478/O1CN01yzDtbt2Jsz22xoFYx_!!3951599478.jpg | ,imgs/1016951692628_M_01.jpg | imgs/1016951692628_M_02.jpg | imgs/1016951692628_M_03.jpg | imgs/1016951692628_M_04.jpg | imgs/1016951692628_M_00.jpg | imgs/1016951692628_D_00.jpg | imgs/1016951692628_D_01.jpg | imgs/1016951692628_D_02.jpg | imgs/1016951692628_D_03.jpg | imgs/1016951692628_D_04.jpg | imgs/1016951692628_D_05.jpg | imgs/1016951692628_D_06.jpg | imgs/1016951692628_D_07.jpg | imgs/1016951692628_D_08.jpg | imgs/1016951692628_D_09.jpg | imgs/1016951692628_D_10.jpg | imgs/1016951692628_D_11.jpg | imgs/1016951692628_D_12.jpg | imgs/1016951692628_D_13.jpg | imgs/1016951692628_D_14.jpg | imgs/1016951692628_D_15.jpg | imgs/1016951692628_D_16.jpg | imgs/1016951692628_D_17.jpg
52TOYS蜡笔小新动感车车手办大体潮玩玩具送男友摆件生日礼物,https://52toys.world.tmall.com/,https://52toys.world.tmall.com/,done,52TOYS旗舰店,https://detail.tmall.com/item.htm?id=801116801693,801116801693,"{""combos"": [{""尺寸"": {""values"": [""中号""], ""selected"": ""中号""}, ""颜色分类"": {""values"": [""动感车车-25cm""], ""selected"": ""动感车车-25cm""}, ""_combo_price"": ""尺寸=中号 | 颜色分类=动感车车-25cm | 平台加补后￥609""}]}",尺寸=中号 | 颜色分类=动感车车-25cm | 平台加补后￥609,"{""品牌"": ""52TOYS"", ""型号"": ""6958985025560"", ""货号"": ""6958985025560"", ""尺寸"": ""中号"", ""颜色分类"": ""动感车车-25cm""}",https://img.alicdn.com/imgextra/i4/3951599478/O1CN010bAkpc2JsysFZf87U_!!3951599478.jpg | https://img.alicdn.com/imgextra/i3/3951599478/O1CN01h3M0yw2JsysCof7S4_!!3951599478.jpg | https://img.alicdn.com/imgextra/i3/3951599478/O1CN01yeiUlK2JsysHX95o5_!!3951599478.jpg | https://img.alicdn.com/imgextra/i1/3951599478/O1CN0120QJ342JsysE2nXv3_!!3951599478.jpg | ,imgs/801116801693_M_02.jpg | imgs/801116801693_M_03.jpg | imgs/801116801693_M_04.jpg | imgs/801116801693_M_05.jpg | imgs/801116801693_M_01.jpg | imgs/801116801693_D_00.jpg | imgs/801116801693_D_01.jpg | imgs/801116801693_D_02.jpg | imgs/801116801693_D_03.jpg | imgs/801116801693_D_04.jpg | imgs/801116801693_D_05.jpg | imgs/801116801693_D_06.jpg | imgs/801116801693_D_07.jpg | imgs/801116801693_D_08.jpg | imgs/801116801693_D_09.jpg | imgs/801116801693_D_10.jpg | imgs/801116801693_D_11.jpg | imgs/801116801693_D_12.jpg | imgs/801116801693_D_13.jpg | imgs/801116801693_D_14.jpg | imgs/801116801693_D_15.jpg | imgs/801116801693_D_16.jpg | imgs/801116801693_D_17.jpg | imgs/801116801693_D_18.jpg | imgs/801116801693_D_19.jpg | imgs/801116801693_D_20.jpg | imgs/801116801693_D_21.jpg | imgs/801116801693_D_22.jpg | imgs/801116801693_D_23.jpg | imgs/801116801693_D_24.jpg
52TOYS罐头猪LuLu-TeddyMini自然絮语搪胶毛绒盲盒手机链潮玩礼物,https://52toys.world.tmall.com/,https://52toys.world.tmall.com/,done,52TOYS旗舰店,https://detail.tmall.com/item.htm?id=1030501000419,1030501000419,"{""combos"": [{""款式描述"": {""values"": [""单盒（随机发货,概率抽隐藏）""], ""selected"": ""单盒（随机发货,概率抽隐藏）""}, ""大小"": {""values"": [""拆封后不支持无理由退货退款""], ""selected"": ""拆封后不支持无理由退货退款""}, ""_combo_price"": ""款式描述=单盒（随机发货,概率抽隐藏） | 大小=拆封后不支持无理由退货退款 | 店铺优惠后￥60.7""}, {""款式描述"": {""values"": [""单盒（随机发货,概率抽隐藏）"", ""端盒（内含12只,概率抽隐藏）""], ""selected"": ""端盒（内含12只,概率抽隐藏）""}, ""大小"": {""values"": [""拆封后不支持无理由退货退款""], ""selected"": ""拆封后不支持无理由退货退款""}, ""_combo_price"": ""款式描述=端盒（内含12只,概率抽隐藏） | 大小=拆封后不支持无理由退货退款 | 店铺优惠后￥728""}]}","款式描述=单盒（随机发货,概率抽隐藏） | 大小=拆封后不支持无理由退货退款 | 店铺优惠后￥60.7 || 款式描述=端盒（内含12只,概率抽隐藏） | 大小=拆封后不支持无理由退货退款 | 店铺优惠后￥728","{""品牌"": ""52TOYS"", ""IP"": ""罐头猪LuLu"", ""系列名"": ""mini毛绒挂件盲盒"", ""作品地区"": ""中国大陆"", ""款式类型"": ""常规款"", ""大小"": ""拆封后不支持无理由退货退款"", ""系列类型"": ""联名系列"", ""概率描述"": ""3/120"", ""款式描述"": ""单盒（随机发货,概率抽隐藏） 端盒（内含12只,概率抽隐藏）""}",https://img.alicdn.com/imgextra/i3/3951599478/O1CN01Je6iVT2Jsz2Vgbjg0_!!3951599478.jpg | https://img.alicdn.com/imgextra/i4/3951599478/O1CN01n6gqL12Jsz2VwVXwa_!!3951599478.jpg | https://img.alicdn.com/imgextra/i1/3951599478/O1CN01hxt6672Jsz2W4X6UE_!!3951599478.jpg | https://img.alicdn.com/imgextra/i1/3951599478/O1CN01aAonWo2Jsz2V0lpwc_!!3951599478.jpg | ,imgs/1030501000419_M_02.jpg | imgs/1030501000419_M_03.jpg | imgs/1030501000419_M_04.jpg | imgs/1030501000419_M_05.jpg | imgs/1030501000419_M_01.jpg | imgs/1030501000419_D_00.jpg | imgs/1030501000419_D_01.jpg | imgs/1030501000419_D_02.jpg | imgs/1030501000419_D_03.jpg | imgs/1030501000419_D_04.jpg | imgs/1030501000419_D_05.jpg | imgs/1030501000419_D_06.jpg | imgs/1030501000419_D_07.jpg | imgs/1030501000419_D_08.jpg | imgs/1030501000419_D_09.jpg | imgs/1030501000419_D_10.jpg | imgs/1030501000419_D_11.jpg | imgs/1030501000419_D_12.jpg | imgs/1030501000419_D_13.jpg | imgs/1030501000419_D_14.jpg | imgs/1030501000419_D_15.jpg | imgs/1030501000419_D_16.jpg | imgs/1030501000419_D_17.jpg | imgs/1030501000419_D_18.jpg | imgs/1030501000419_D_19.jpg | imgs/1030501000419_D_20.jpg | imgs/1030501000419_D_21.jpg
52TOYS Panda Roll胖哒幼熊猫派对毛绒盲盒手办潮玩玩具挂件礼物,https://52toys.world.tmall.com/,https://52toys.world.tmall.com/,done,52TOYS旗舰店,https://detail.tmall.com/item.htm?id=847248037168,847248037168,"{""combos"": [{""款式描述"": {""values"": [""派对系列单盒（随机发货不接受指定）""], ""selected"": ""派对系列单盒（随机发货不接受指定）""}, ""大小"": {""values"": [""拆封后不支持无理由退货退款""], ""selected"": ""拆封后不支持无理由退货退款""}, ""_combo_price"": ""款式描述=派对系列单盒（随机发货不接受指定） | 大小=拆封后不支持无理由退货退款 | 平台加补后￥45.9""}, {""款式描述"": {""values"": [""派对系列单盒（随机发货不接受指定）"", ""派对系列端盒（内含4只不重复）""], ""selected"": ""派对系列端盒（内含4只不重复）""}, ""大小"": {""values"": [""拆封后不支持无理由退货退款""], ""selected"": ""拆封后不支持无理由退货退款""}, ""_combo_price"": ""款式描述=派对系列端盒（内含4只不重复） | 大小=拆封后不支持无理由退货退款 | 平台加补后￥201""}, {""款式描述"": {""values"": [""派对系列单盒（随机发货不接受指定）"", ""派对系列端盒（内含4只不重复）"", ""快乐周末单盒（随机发货,概率抽隐藏）""], ""selected"": ""快乐周末单盒（随机发货,概率抽隐藏）""}, ""大小"": {""values"": [""拆封后不支持无理由退货退款""], ""selected"": ""拆封后不支持无理由退货退款""}, ""_combo_price"": ""款式描述=快乐周末单盒（随机发货,概率抽隐藏） | 大小=拆封后不支持无理由退货退款 | 平台加补后￥54.7""}, {""款式描述"": {""values"": [""派对系列单盒（随机发货不接受指定）"", ""派对系列端盒（内含4只不重复）"", ""快乐周末单盒（随机发货,概率抽隐藏）"", ""快乐周末端盒（内含6只,概率抽隐藏）"", ""爱意滚滚毛绒公仔"", ""来福咯毛绒公仔"", ""毛绒肩宠""], ""selected"": """"}, ""大小"": {""values"": [""拆封后不支持无理由退货退款""], ""selected"": ""拆封后不支持无理由退货退款""}, ""_combo_price"": ""款式描述= | 大小=拆封后不支持无理由退货退款 | 平台加补后￥54.7""}, {""款式描述"": {""values"": [""派对系列单盒（随机发货不接受指定）"", ""派对系列端盒（内含4只不重复）"", ""快乐周末单盒（随机发货,概率抽隐藏）"", ""快乐周末端盒（内含6只,概率抽隐藏）"", ""爱意滚滚毛绒公仔""], ""selected"": ""爱意滚滚毛绒公仔""}, ""大小"": {""values"": [""拆封后不支持无理由退货退款""], ""selected"": ""拆封后不支持无理由退货退款""}, ""_combo_price"": ""款式描述=爱意滚滚毛绒公仔 | 大小=拆封后不支持无理由退货退款 | 平台加补后￥107""}, {""款式描述"": {""values"": [""派对系列单盒（随机发货不接受指定）"", ""派对系列端盒（内含4只不重复）"", ""快乐周末单盒（随机发货,概率抽隐藏）"", ""快乐周末端盒（内含6只,概率抽隐藏）"", ""爱意滚滚毛绒公仔"", ""来福咯毛绒公仔""], ""selected"": ""来福咯毛绒公仔""}, ""大小"": {""values"": [""拆封后不支持无理由退货退款""], ""selected"": ""拆封后不支持无理由退货退款""}, ""_combo_price"": ""款式描述=来福咯毛绒公仔 | 大小=拆封后不支持无理由退货退款 | 平台加补后￥142""}, {""款式描述"": {""values"": [""派对系列单盒（随机发货不接受指定）"", ""派对系列端盒（内含4只不重复）"", ""快乐周末单盒（随机发货,概率抽隐藏）"", ""快乐周末端盒（内含6只,概率抽隐藏）"", ""爱意滚滚毛绒公仔"", ""来福咯毛绒公仔"", ""毛绒肩宠""], ""selected"": ""毛绒肩宠""}, ""大小"": {""values"": [""拆封后不支持无理由退货退款""], ""selected"": ""拆封后不支持无理由退货退款""}, ""_combo_price"": ""款式描述=毛绒肩宠 | 大小=拆封后不支持无理由退货退款 | 平台加补后￥37.1""}]}","款式描述=派对系列单盒（随机发货不接受指定） | 大小=拆封后不支持无理由退货退款 | 平台加补后￥45.9 || 款式描述=派对系列端盒（内含4只不重复） | 大小=拆封后不支持无理由退货退款 | 平台加补后￥201 || 款式描述=快乐周末单盒（随机发货,概率抽隐藏） | 大小=拆封后不支持无理由退货退款 | 平台加补后￥54.7 || 款式描述= | 大小=拆封后不支持无理由退货退款 | 平台加补后￥54.7 || 款式描述=爱意滚滚毛绒公仔 | 大小=拆封后不支持无理由退货退款 | 平台加补后￥107 || 款式描述=来福咯毛绒公仔 | 大小=拆封后不支持无理由退货退款 | 平台加补后￥142 || 款式描述=毛绒肩宠 | 大小=拆封后不支持无理由退货退款 | 平台加补后￥37.1","{""品牌"": ""52TOYS"", ""IP"": ""Panda Roll"", ""系列名"": ""派对系列毛绒"", ""作品地区"": ""中国大陆"", ""系列类型"": ""联名系列"", ""款式类型"": ""常规款"", ""大小"": ""拆封后不支持无理由退货退款"", ""尺寸"": ""高约12cm"", ""概率描述"": ""常规款：1/4，隐藏款：1/96"", ""款式描述"": ""派对系列单盒（随机发货不接受指定） 派对系列端盒（内含4只不重复） 快乐周末单盒（随机发货,概率抽隐藏） 快乐周末端盒（内含6只,概率抽隐藏） 爱意滚滚毛绒公仔 来福咯毛绒公仔 毛绒肩宠""}",https://img.alicdn.com/imgextra/i1/3951599478/O1CN0138isYd2JsysUXwPMK_!!3951599478.jpg | https://img.alicdn.com/imgextra/i3/3951599478/O1CN016NpdHA2Jsz2I1fA2O_!!4611686018427387766-0-item_pic.jpg | https://img.alicdn.com/imgextra/i2/3951599478/O1CN01Of9wzP2Jsz26S0Rib_!!3951599478.jpg |  | ,imgs/847248037168_M_02.jpg | imgs/847248037168_M_03.jpg | imgs/847248037168_M_04.jpg | imgs/847248037168_M_01.jpg | imgs/847248037168_M_05.jpg | imgs/847248037168_D_00.jpg | imgs/847248037168_D_01.jpg | imgs/847248037168_D_02.jpg | imgs/847248037168_D_03.jpg | imgs/847248037168_D_04.jpg | imgs/847248037168_D_05.jpg | imgs/847248037168_D_06.jpg | imgs/847248037168_D_07.jpg | imgs/847248037168_D_08.jpg | imgs/847248037168_D_09.jpg | imgs/847248037168_D_10.jpg | imgs/847248037168_D_11.jpg | imgs/847248037168_D_12.jpg | imgs/847248037168_D_13.jpg | imgs/847248037168_D_14.jpg | imgs/847248037168_D_15.jpg | imgs/847248037168_D_16.jpg | imgs/847248037168_D_17.jpg | imgs/847248037168_D_18.jpg | imgs/847248037168_D_19.jpg | imgs/847248037168_D_20.jpg | imgs/847248037168_D_21.jpg | imgs/847248037168_D_22.jpg | imgs/847248037168_D_23.jpg | imgs/847248037168_D_24.jpg | imgs/847248037168_D_25.jpg | imgs/847248037168_D_26.jpg | imgs/847248037168_D_27.jpg | imgs/847248037168_D_28.jpg | imgs/847248037168_D_29.jpg | imgs/847248037168_D_30.jpg | imgs/847248037168_D_31.jpg | imgs/847248037168_D_32.jpg | imgs/847248037168_D_33.jpg | imgs/847248037168_D_34.jpg | imgs/847248037168_D_35.jpg | imgs/847248037168_D_36.jpg | imgs/847248037168_D_37.jpg | imgs/847248037168_D_38.jpg | imgs/847248037168_D_39.jpg | imgs/847248037168_D_40.jpg | imgs/847248037168_D_41.jpg | imgs/847248037168_D_42.jpg | imgs/847248037168_D_43.jpg | imgs/847248037168_D_44.jpg | imgs/847248037168_D_45.jpg | imgs/847248037168_D_46.jpg | imgs/847248037168_D_47.jpg | imgs/847248037168_D_48.jpg | imgs/847248037168_D_49.jpg | imgs/847248037168_D_50.jpg | imgs/847248037168_D_51.jpg | imgs/847248037168_D_52.jpg | imgs/847248037168_D_53.jpg | imgs/847248037168_D_54.jpg
52TOYS官方NINNIC咖啡观察师毛毯香薰挂件毛绒抱枕周边潮玩礼物,https://52toys.world.tmall.com/,https://52toys.world.tmall.com/,done,52TOYS旗舰店,https://detail.tmall.com/item.htm?id=979459410441,979459410441,"{""combos"": [{""颜色分类"": {""values"": [""香薰挂件""], ""selected"": ""香薰挂件""}, ""_combo_price"": ""颜色分类=香薰挂件 | 平台加补后￥54.7\n优惠前￥69""}, {""颜色分类"": {""values"": [""香薰挂件"", ""咖啡观察师毛毯""], ""selected"": ""咖啡观察师毛毯""}, ""_combo_price"": ""颜色分类=咖啡观察师毛毯 | 平台加补后￥81.1\n优惠前￥99""}, {""颜色分类"": {""values"": [""香薰挂件"", ""咖啡观察师毛毯"", ""自由无定式毛绒抱枕""], ""selected"": ""自由无定式毛绒抱枕""}, ""_combo_price"": ""颜色分类=自由无定式毛绒抱枕 | 平台加补后￥98\n优惠前￥119""}]}","颜色分类=香薰挂件 | 平台加补后￥54.7
优惠前￥69 || 颜色分类=咖啡观察师毛毯 | 平台加补后￥81.1
优惠前￥99 || 颜色分类=自由无定式毛绒抱枕 | 平台加补后￥98
优惠前￥119","{""品牌"": ""52TOYS"", ""IP"": ""NINNIC"", ""颜色分类"": ""香薰挂件 咖啡观察师毛毯 自由无定式毛绒抱枕""}",https://img.alicdn.com/imgextra/i2/3951599478/O1CN01onxfNL2Jsz0JHfHpw_!!3951599478.jpg | https://img.alicdn.com/imgextra/i1/3951599478/O1CN01SrHqdl2Jsz0Izb3Ay_!!3951599478.jpg | https://img.alicdn.com/imgextra/i4/3951599478/O1CN01oQADr02Jsz0IBW3hX_!!3951599478.jpg | https://img.alicdn.com/imgextra/i4/3951599478/O1CN01nUOkSm2Jsz0IsZPst_!!3951599478.jpg | ,imgs/979459410441_M_01.jpg | imgs/979459410441_M_02.jpg | imgs/979459410441_M_03.jpg | imgs/979459410441_M_04.jpg | imgs/979459410441_M_00.jpg | imgs/979459410441_D_00.jpg | imgs/979459410441_D_01.jpg | imgs/979459410441_D_02.jpg | imgs/979459410441_D_03.jpg | imgs/979459410441_D_04.jpg | imgs/979459410441_D_05.jpg | imgs/979459410441_D_06.jpg | imgs/979459410441_D_07.jpg | imgs/979459410441_D_08.jpg | imgs/979459410441_D_09.jpg | imgs/979459410441_D_10.jpg | imgs/979459410441_D_11.jpg | imgs/979459410441_D_12.jpg
【周柯宇代言】52TOYS波卡POUKA驯龙高手无牙仔搪胶挂件生日礼物,https://52toys.world.tmall.com/,https://52toys.world.tmall.com/,done,52TOYS旗舰店,https://detail.tmall.com/item.htm?id=971011365593,971011365593,"{""combos"": [{""颜色分类"": {""values"": [""夜煞款""], ""selected"": ""夜煞款""}, ""_combo_price"": ""颜色分类=夜煞款 | 平台加补后￥101""}, {""颜色分类"": {""values"": [""夜煞款"", ""光煞款""], ""selected"": ""光煞款""}, ""_combo_price"": ""颜色分类=光煞款 | 平台加补后￥101""}, {""颜色分类"": {""values"": [""夜煞款"", ""光煞款"", ""夜煞+光煞组合款""], ""selected"": ""夜煞+光煞组合款""}, ""_combo_price"": ""颜色分类=夜煞+光煞组合款 | 平台加补后￥208""}]}",颜色分类=夜煞款 | 平台加补后￥101 || 颜色分类=光煞款 | 平台加补后￥101 || 颜色分类=夜煞+光煞组合款 | 平台加补后￥208,"{""品牌"": ""52TOYS"", ""IP"": ""POUKAPOUKA"", ""颜色分类"": ""夜煞款 光煞款 夜煞+光煞组合款""}",https://img.alicdn.com/imgextra/i4/3951599478/O1CN01r8bbpq2Jsz0DEnUfJ_!!3951599478.jpg | https://img.alicdn.com/imgextra/i1/3951599478/O1CN01taRhfu2Jsz0ExEPSc_!!3951599478.jpg | https://img.alicdn.com/imgextra/i3/3951599478/O1CN01vB59iv2Jsz0EA9HCr_!!3951599478.jpg | https://img.alicdn.com/imgextra/i3/3951599478/O1CN01lGk3ZG2Jsz0EccriB_!!3951599478.jpg | ,imgs/971011365593_M_02.jpg | imgs/971011365593_M_03.jpg | imgs/971011365593_M_04.jpg | imgs/971011365593_M_05.jpg | imgs/971011365593_M_01.jpg | imgs/971011365593_D_00.jpg | imgs/971011365593_D_01.jpg | imgs/971011365593_D_02.jpg | imgs/971011365593_D_03.jpg | imgs/971011365593_D_04.jpg | imgs/971011365593_D_05.jpg | imgs/971011365593_D_06.jpg | imgs/971011365593_D_07.jpg | imgs/971011365593_D_08.jpg | imgs/971011365593_D_09.jpg | imgs/971011365593_D_10.jpg | imgs/971011365593_D_11.jpg | imgs/971011365593_D_12.jpg | imgs/971011365593_D_13.jpg | imgs/971011365593_D_14.jpg | imgs/971011365593_D_15.jpg | imgs/971011365593_D_16.jpg | imgs/971011365593_D_17.jpg | imgs/971011365593_D_18.jpg
52TOYS蜡笔小新一起出发啦车载摆件盲盒手办潮玩玩具汽车生日礼物,https://52toys.world.tmall.com/,https://52toys.world.tmall.com/,done,52TOYS旗舰店,https://detail.tmall.com/item.htm?id=1047094817906,1047094817906,"{""combos"": [{""款式描述"": {""values"": [""单盒（随机发货,概率抽隐藏）""], ""selected"": ""单盒（随机发货,概率抽隐藏）""}, ""大小"": {""values"": [""拆封后不支持无理由退货退款""], ""selected"": ""拆封后不支持无理由退货退款""}, ""_combo_price"": ""款式描述=单盒（随机发货,概率抽隐藏） | 大小=拆封后不支持无理由退货退款 | 平台加补后￥58""}, {""款式描述"": {""values"": [""单盒（随机发货,概率抽隐藏）"", ""端盒（内含6只,概率抽隐藏）""], ""selected"": ""端盒（内含6只,概率抽隐藏）""}, ""大小"": {""values"": [""拆封后不支持无理由退货退款""], ""selected"": ""拆封后不支持无理由退货退款""}, ""_combo_price"": ""款式描述=端盒（内含6只,概率抽隐藏） | 大小=拆封后不支持无理由退货退款 | 平台加补后￥378""}]}","款式描述=单盒（随机发货,概率抽隐藏） | 大小=拆封后不支持无理由退货退款 | 平台加补后￥58 || 款式描述=端盒（内含6只,概率抽隐藏） | 大小=拆封后不支持无理由退货退款 | 平台加补后￥378","{""材质"": ""PVC"", ""出售状态"": ""现货"", ""品牌"": ""52TOYS"", ""IP"": ""蜡笔小新"", ""系列名"": ""一起出发啦系列"", ""款式类型"": ""常规款 隐藏款"", ""ACG作品名"": ""蜡笔小新"", ""大小"": ""拆封后不支持无理由退货退款"", ""概率描述"": ""6个常规款，1个隐藏款"", ""款式描述"": ""单盒（随机发货,概率抽隐藏） 端盒（内含6只,概率抽隐藏）""}",https://img.alicdn.com/imgextra/i2/3951599478/O1CN01VtcMh82Jsz39cBAK0_!!3951599478.jpg | https://img.alicdn.com/imgextra/i3/3951599478/O1CN01j7v1W62Jsz3A4xK9i_!!3951599478.jpg | https://img.alicdn.com/imgextra/i2/3951599478/O1CN01t08IRd2Jsz39xl21z_!!3951599478.jpg | https://img.alicdn.com/imgextra/i3/3951599478/O1CN01VjKOlZ2Jsz39c9tJA_!!3951599478.jpg | ,imgs/1047094817906_M_02.jpg | imgs/1047094817906_M_03.jpg | imgs/1047094817906_M_04.jpg | imgs/1047094817906_M_05.jpg | imgs/1047094817906_M_01.jpg | imgs/1047094817906_D_00.jpg | imgs/1047094817906_D_01.jpg | imgs/1047094817906_D_02.jpg | imgs/1047094817906_D_03.jpg | imgs/1047094817906_D_04.jpg | imgs/1047094817906_D_05.jpg | imgs/1047094817906_D_06.jpg | imgs/1047094817906_D_07.jpg | imgs/1047094817906_D_08.jpg | imgs/1047094817906_D_09.jpg | imgs/1047094817906_D_10.jpg | imgs/1047094817906_D_11.jpg | imgs/1047094817906_D_12.jpg | imgs/1047094817906_D_13.jpg | imgs/1047094817906_D_14.jpg | imgs/1047094817906_D_15.jpg | imgs/1047094817906_D_16.jpg | imgs/1047094817906_D_17.jpg
52TOYS迪士尼玩具总动员经典电影时刻盲盒手办潮玩玩具女生礼物,https://52toys.world.tmall.com/,https://52toys.world.tmall.com/,done,52TOYS旗舰店,https://detail.tmall.com/item.htm?id=1047982044591,1047982044591,"{""combos"": [{""款式描述"": {""values"": [""单盒（随机发货,概率抽隐藏）""], ""selected"": ""单盒（随机发货,概率抽隐藏）""}, ""大小"": {""values"": [""拆封后不支持无理由退货退款""], ""selected"": ""拆封后不支持无理由退货退款""}, ""_combo_price"": ""款式描述=单盒（随机发货,概率抽隐藏） | 大小=拆封后不支持无理由退货退款 | 平台加补后￥63""}, {""款式描述"": {""values"": [""单盒（随机发货,概率抽隐藏）"", ""端盒（内含6只,概率抽隐藏）""], ""selected"": ""端盒（内含6只,概率抽隐藏）""}, ""大小"": {""values"": [""拆封后不支持无理由退货退款""], ""selected"": ""拆封后不支持无理由退货退款""}, ""_combo_price"": ""款式描述=端盒（内含6只,概率抽隐藏） | 大小=拆封后不支持无理由退货退款 | 平台加补后￥393""}, {""款式描述"": {""values"": [""单盒（随机发货,概率抽隐藏）"", ""端盒（内含6只,概率抽隐藏）"", ""巴斯光年单盒（随机发货,概率抽隐藏）""], ""selected"": ""巴斯光年单盒（随机发货,概率抽隐藏）""}, ""大小"": {""values"": [""拆封后不支持无理由退货退款""], ""selected"": ""拆封后不支持无理由退货退款""}, ""_combo_price"": ""款式描述=巴斯光年单盒（随机发货,概率抽隐藏） | 大小=拆封后不支持无理由退货退款 | 平台加补后￥72""}, {""款式描述"": {""values"": [""单盒（随机发货,概率抽隐藏）"", ""端盒（内含6只,概率抽隐藏）"", ""巴斯光年单盒（随机发货,概率抽隐藏）"", ""巴斯光年端盒（内含4只,概率抽隐藏）""], ""selected"": ""巴斯光年端盒（内含4只,概率抽隐藏）""}, ""大小"": {""values"": [""拆封后不支持无理由退货退款""], ""selected"": ""拆封后不支持无理由退货退款""}, ""_combo_price"": ""款式描述=巴斯光年端盒（内含4只,概率抽隐藏） | 大小=拆封后不支持无理由退货退款 | 平台加补后￥307""}, {""款式描述"": {""values"": [""单盒（随机发货,概率抽隐藏）"", ""端盒（内含6只,概率抽隐藏）"", ""巴斯光年单盒（随机发货,概率抽隐藏）"", ""巴斯光年端盒（内含4只,概率抽隐藏）"", ""抱抱我毛绒单盒（随机发货,概率抽隐藏）""], ""selected"": ""抱抱我毛绒单盒（随机发货,概率抽隐藏）""}, ""大小"": {""values"": [""拆封后不支持无理由退货退款""], ""selected"": ""拆封后不支持无理由退货退款""}, ""_combo_price"": ""款式描述=抱抱我毛绒单盒（随机发货,概率抽隐藏） | 大小=拆封后不支持无理由退货退款 | 平台加补后￥54""}, {""款式描述"": {""values"": [""单盒（随机发货,概率抽隐藏）"", ""端盒（内含6只,概率抽隐藏）"", ""巴斯光年单盒（随机发货,概率抽隐藏）"", ""巴斯光年端盒（内含4只,概率抽隐藏）"", ""抱抱我毛绒单盒（随机发货,概率抽隐藏）"", ""抱抱我毛绒端盒（内含8只,概率抽隐藏）""], ""selected"": ""抱抱我毛绒端盒（内含8只,概率抽隐藏）""}, ""大小"": {""values"": [""拆封后不支持无理由退货退款""], ""selected"": ""拆封后不支持无理由退货退款""}, ""_combo_price"": ""款式描述=抱抱我毛绒端盒（内含8只,概率抽隐藏） | 大小=拆封后不支持无理由退货退款 | 平台加补后￥479""}]}","款式描述=单盒（随机发货,概率抽隐藏） | 大小=拆封后不支持无理由退货退款 | 平台加补后￥63 || 款式描述=端盒（内含6只,概率抽隐藏） | 大小=拆封后不支持无理由退货退款 | 平台加补后￥393 || 款式描述=巴斯光年单盒（随机发货,概率抽隐藏） | 大小=拆封后不支持无理由退货退款 | 平台加补后￥72 || 款式描述=巴斯光年端盒（内含4只,概率抽隐藏） | 大小=拆封后不支持无理由退货退款 | 平台加补后￥307 || 款式描述=抱抱我毛绒单盒（随机发货,概率抽隐藏） | 大小=拆封后不支持无理由退货退款 | 平台加补后￥54 || 款式描述=抱抱我毛绒端盒（内含8只,概率抽隐藏） | 大小=拆封后不支持无理由退货退款 | 平台加补后￥479","{""材质"": ""塑胶"", ""出售状态"": ""现货"", ""品牌"": ""52TOYS"", ""IP"": ""玩具总动员"", ""系列名"": ""经典舞台剧系列"", ""款式类型"": ""常规款 隐藏款"", ""ACG作品名"": ""玩具总动员"", ""大小"": ""拆封后不支持无理由退货退款"", ""尺寸"": ""9cm"", ""概率描述"": ""6个常规款，1个隐藏款"", ""款式描述"": ""单盒（随机发货,概率抽隐藏） 端盒（内含6只,概率抽隐藏） 巴斯光年单盒（随机发货,概率抽隐藏） 巴斯光年端盒（内含4只,概率抽隐藏） 抱抱我毛绒单盒（随机发货,概率抽隐藏） 抱抱我毛绒端盒（内含8只,概率抽隐藏）""}",https://img.alicdn.com/imgextra/i3/3951599478/O1CN01l1jAEe2Jsz3Q8Yenl_!!3951599478.jpg | https://img.alicdn.com/imgextra/i3/3951599478/O1CN01q8rrHo2Jsz3Pz6PiL_!!3951599478.jpg | https://img.alicdn.com/imgextra/i2/3951599478/O1CN01sj3n6K2Jsz3QBoYjh_!!3951599478.jpg | https://img.alicdn.com/imgextra/i1/3951599478/O1CN016AaS272Jsz3PvaKGR_!!3951599478.jpg | ,imgs/1047982044591_M_02.jpg | imgs/1047982044591_M_03.jpg | imgs/1047982044591_M_04.jpg | imgs/1047982044591_M_05.jpg | imgs/1047982044591_M_01.jpg | imgs/1047982044591_D_00.jpg | imgs/1047982044591_D_01.jpg | imgs/1047982044591_D_02.jpg | imgs/1047982044591_D_03.jpg | imgs/1047982044591_D_04.jpg | imgs/1047982044591_D_05.jpg | imgs/1047982044591_D_06.jpg | imgs/1047982044591_D_07.jpg | imgs/1047982044591_D_08.jpg | imgs/1047982044591_D_09.jpg | imgs/1047982044591_D_10.jpg | imgs/1047982044591_D_11.jpg | imgs/1047982044591_D_12.jpg | imgs/1047982044591_D_13.jpg | imgs/1047982044591_D_14.jpg | imgs/1047982044591_D_15.jpg | imgs/1047982044591_D_16.jpg | imgs/1047982044591_D_17.jpg | imgs/1047982044591_D_18.jpg | imgs/1047982044591_D_19.jpg | imgs/1047982044591_D_20.jpg
52TOYS波卡波卡POUKA LOOPY毛绒海狸的伪装毛绒挂件生日礼物礼盒,https://52toys.world.tmall.com/,https://52toys.world.tmall.com/,done,52TOYS旗舰店,https://detail.tmall.com/item.htm?id=1062279746317,1062279746317,"{""combos"": [{""商品规格"": {""values"": [""海狸的伪装吊卡""], ""selected"": ""海狸的伪装吊卡""}, ""_combo_price"": ""商品规格=海狸的伪装吊卡 | 平台加补后￥133""}]}",商品规格=海狸的伪装吊卡 | 平台加补后￥133,"{""品牌"": ""52TOYS"", ""IP"": ""POUKAPOUKA""}",https://img.alicdn.com/imgextra/i1/3951599478/O1CN01I9BIX42Jsz40DN1U4_!!3951599478.jpg | https://img.alicdn.com/imgextra/i2/3951599478/O1CN01m8s4qj2Jsz3ysKe1y_!!3951599478.jpg | https://img.alicdn.com/imgextra/i4/3951599478/O1CN011Jtg0z2Jsz3yWfFy8_!!4611686018427387766-0-item_pic.jpg | https://img.alicdn.com/imgextra/i3/3951599478/O1CN017H9CYp2Jsz3zEq0uZ_!!3951599478.jpg | ,imgs/1062279746317_M_02.jpg | imgs/1062279746317_M_03.jpg | imgs/1062279746317_M_04.jpg | imgs/1062279746317_M_05.jpg | imgs/1062279746317_M_01.jpg | imgs/1062279746317_D_00.jpg | imgs/1062279746317_D_01.jpg | imgs/1062279746317_D_02.jpg | imgs/1062279746317_D_03.jpg | imgs/1062279746317_D_04.jpg | imgs/1062279746317_D_05.jpg | imgs/1062279746317_D_06.jpg | imgs/1062279746317_D_07.jpg | imgs/1062279746317_D_08.jpg | imgs/1062279746317_D_09.jpg | imgs/1062279746317_D_10.jpg | imgs/1062279746317_D_11.jpg | imgs/1062279746317_D_12.jpg | imgs/1062279746317_D_13.jpg
52TOYS迪士尼草莓熊IT'S ME2代盲盒手办潮玩摆件潮玩玩具生日礼物,https://52toys.world.tmall.com/,https://52toys.world.tmall.com/,done,52TOYS旗舰店,https://detail.tmall.com/item.htm?id=785192160410,785192160410,"{""combos"": [{""款式描述"": {""values"": [""单盒（随机发货不接受指定）""], ""selected"": ""单盒（随机发货不接受指定）""}, ""大小"": {""values"": [""拆封后不支持无理由退货退款""], ""selected"": ""拆封后不支持无理由退货退款""}, ""_combo_price"": ""款式描述=单盒（随机发货不接受指定） | 大小=拆封后不支持无理由退货退款 | 平台加补后￥52.6""}, {""款式描述"": {""values"": [""单盒（随机发货不接受指定）"", ""端盒（内含8只不重复）""], ""selected"": ""端盒（内含8只不重复）""}, ""大小"": {""values"": [""拆封后不支持无理由退货退款""], ""selected"": ""拆封后不支持无理由退货退款""}, ""_combo_price"": ""款式描述=端盒（内含8只不重复） | 大小=拆封后不支持无理由退货退款 | 平台加补后￥463""}]}",款式描述=单盒（随机发货不接受指定） | 大小=拆封后不支持无理由退货退款 | 平台加补后￥52.6 || 款式描述=端盒（内含8只不重复） | 大小=拆封后不支持无理由退货退款 | 平台加补后￥463,"{""品牌"": ""52TOYS"", ""IP"": ""玩具总动员"", ""系列名"": ""草莓熊"", ""款式类型"": ""常规款 隐藏款"", ""大小"": ""拆封后不支持无理由退货退款"", ""尺寸"": ""约8.5~10cm"", ""概率描述"": ""常规款概率1:8；隐藏款概率1:72"", ""款式描述"": ""单盒（随机发货不接受指定） 端盒（内含8只不重复）""}",https://img.alicdn.com/imgextra/i1/3951599478/O1CN01A7druo2JsysDIncfB_!!3951599478.jpg | https://img.alicdn.com/imgextra/i2/3951599478/O1CN013ktYpb2JsyuZHvqtU_!!3951599478.jpg | https://img.alicdn.com/imgextra/i2/3951599478/O1CN01OfsxK72JsywhWUKdZ_!!3951599478.jpg | https://img.alicdn.com/imgextra/i4/3951599478/O1CN01e5SGEO2JsyuZHvJeb_!!3951599478.jpg | ,imgs/785192160410_M_02.jpg | imgs/785192160410_M_03.jpg | imgs/785192160410_M_04.jpg | imgs/785192160410_M_05.jpg | imgs/785192160410_M_01.jpg | imgs/785192160410_D_00.jpg | imgs/785192160410_D_01.jpg | imgs/785192160410_D_02.jpg | imgs/785192160410_D_03.jpg | imgs/785192160410_D_04.jpg | imgs/785192160410_D_05.jpg | imgs/785192160410_D_06.jpg | imgs/785192160410_D_07.jpg | imgs/785192160410_D_08.jpg | imgs/785192160410_D_09.jpg | imgs/785192160410_D_10.jpg | imgs/785192160410_D_11.jpg | imgs/785192160410_D_12.jpg | imgs/785192160410_D_13.jpg | imgs/785192160410_D_14.jpg | imgs/785192160410_D_15.jpg | imgs/785192160410_D_16.jpg | imgs/785192160410_D_17.jpg | imgs/785192160410_D_18.jpg | imgs/785192160410_D_19.jpg | imgs/785192160410_D_20.jpg | imgs/785192160410_D_21.jpg | imgs/785192160410_D_22.jpg | imgs/785192160410_D_23.jpg | imgs/785192160410_D_24.jpg | imgs/785192160410_D_25.jpg | imgs/785192160410_D_26.jpg | imgs/785192160410_D_27.jpg | imgs/785192160410_D_28.jpg | imgs/785192160410_D_29.jpg | imgs/785192160410_D_30.jpg | imgs/785192160410_D_31.jpg | imgs/785192160410_D_32.jpg | imgs/785192160410_D_33.jpg | imgs/785192160410_D_34.jpg | imgs/785192160410_D_35.jpg | imgs/785192160410_D_36.jpg | imgs/785192160410_D_37.jpg
52TOYS正版迪士尼疯狂动物城最佳拍档盲盒尼克朱迪手办礼物-淘票,https://52toys.world.tmall.com/,https://52toys.world.tmall.com/,done,52TOYS旗舰店,https://detail.tmall.com/item.htm?id=1012643697535,1012643697535,"{""combos"": [{""款式描述"": {""values"": [""单盒（随机发货，概率抽隐藏）""], ""selected"": ""单盒（随机发货，概率抽隐藏）""}, ""大小"": {""values"": [""拆封后不支持无理由退货退款""], ""selected"": ""拆封后不支持无理由退货退款""}, ""_combo_price"": ""款式描述=单盒（随机发货，概率抽隐藏） | 大小=拆封后不支持无理由退货退款 | 平台加补后￥54.62""}, {""款式描述"": {""values"": [""单盒（随机发货，概率抽隐藏）"", ""端盒（内含6只，概率抽隐藏）""], ""selected"": ""端盒（内含6只，概率抽隐藏）""}, ""大小"": {""values"": [""拆封后不支持无理由退货退款""], ""selected"": ""拆封后不支持无理由退货退款""}, ""_combo_price"": ""款式描述=端盒（内含6只，概率抽隐藏） | 大小=拆封后不支持无理由退货退款 | 平台加补后￥357.72""}]}",款式描述=单盒（随机发货，概率抽隐藏） | 大小=拆封后不支持无理由退货退款 | 平台加补后￥54.62 || 款式描述=端盒（内含6只，概率抽隐藏） | 大小=拆封后不支持无理由退货退款 | 平台加补后￥357.72,"{""作品地区"": ""中国大陆"", ""品牌"": ""52TOYS"", ""IP"": ""疯狂动物城"", ""系列名"": ""疯狂动物城的最佳拍档"", ""ACG作品名"": ""疯狂动物城"", ""系列类型"": ""联名系列"", ""首发时间"": ""3月7日"", ""款式类型"": ""常规款 隐藏款"", ""大小"": ""拆封后不支持无理由退货退款"", ""尺寸"": ""8.5cm"", ""概率描述"": ""常规款1/6，隐藏款1/96"", ""款式描述"": ""单盒（随机发货，概率抽隐藏） 端盒（内含6只，概率抽隐藏）""}",https://img.alicdn.com/imgextra/i1/3951599478/O1CN01f3phCr2Jsz0niDNXR_!!3951599478.jpg | https://img.alicdn.com/imgextra/i2/3951599478/O1CN01ZYyl4P2Jsz1vZAb7g_!!4611686018427387766-0-item_pic.jpg | https://img.alicdn.com/imgextra/i2/3951599478/O1CN01V8uzty2Jsz0oYvNkm_!!3951599478.jpg | https://img.alicdn.com/imgextra/i2/3951599478/O1CN01UDY9aE2Jsz0iBEaaP_!!3951599478.jpg | ,imgs/1012643697535_M_02.jpg | imgs/1012643697535_M_03.jpg | imgs/1012643697535_M_04.jpg | imgs/1012643697535_M_05.jpg | imgs/1012643697535_M_01.jpg | imgs/1012643697535_D_00.jpg | imgs/1012643697535_D_01.jpg | imgs/1012643697535_D_02.jpg | imgs/1012643697535_D_03.jpg | imgs/1012643697535_D_04.jpg | imgs/1012643697535_D_05.jpg | imgs/1012643697535_D_06.jpg | imgs/1012643697535_D_07.jpg | imgs/1012643697535_D_08.jpg | imgs/1012643697535_D_09.jpg | imgs/1012643697535_D_10.jpg | imgs/1012643697535_D_11.jpg | imgs/1012643697535_D_12.jpg | imgs/1012643697535_D_13.jpg | imgs/1012643697535_D_14.jpg | imgs/1012643697535_D_15.jpg | imgs/1012643697535_D_16.jpg | imgs/1012643697535_D_17.jpg | imgs/1012643697535_D_18.jpg | imgs/1012643697535_D_19.jpg | imgs/1012643697535_D_20.jpg | imgs/1012643697535_D_21.jpg | imgs/1012643697535_D_22.jpg | imgs/1012643697535_D_23.jpg | imgs/1012643697535_D_24.jpg | imgs/1012643697535_D_25.jpg | imgs/1012643697535_D_26.jpg | imgs/1012643697535_D_27.jpg | imgs/1012643697535_D_28.jpg | imgs/1012643697535_D_29.jpg | imgs/1012643697535_D_30.jpg | imgs/1012643697535_D_31.jpg | imgs/1012643697535_D_32.jpg | imgs/1012643697535_D_33.jpg | imgs/1012643697535_D_34.jpg | imgs/1012643697535_D_35.jpg | imgs/1012643697535_D_36.jpg | imgs/1012643697535_D_37.jpg | imgs/1012643697535_D_38.jpg | imgs/1012643697535_D_39.jpg | imgs/1012643697535_D_40.jpg | imgs/1012643697535_D_41.jpg
52TOYS蜡笔小新左卫门春日部最强CP盲盒手办潮玩玩具摆件礼物,https://52toys.world.tmall.com/,https://52toys.world.tmall.com/,done,52TOYS旗舰店,https://detail.tmall.com/item.htm?id=972141819484,972141819484,"{""combos"": [{""款式描述"": {""values"": [""单盒（随机发货，概率抽隐藏）""], ""selected"": ""单盒（随机发货，概率抽隐藏）""}, ""大小"": {""values"": [""拆封后不支持无理由退货退款""], ""selected"": ""拆封后不支持无理由退货退款""}, ""_combo_price"": ""款式描述=单盒（随机发货，概率抽隐藏） | 大小=拆封后不支持无理由退货退款 | ￥69""}, {""款式描述"": {""values"": [""单盒（随机发货，概率抽隐藏）"", ""端盒（内含8只，概率抽隐藏）""], ""selected"": ""端盒（内含8只，概率抽隐藏）""}, ""大小"": {""values"": [""拆封后不支持无理由退货退款""], ""selected"": ""拆封后不支持无理由退货退款""}, ""_combo_price"": ""款式描述=端盒（内含8只，概率抽隐藏） | 大小=拆封后不支持无理由退货退款 | 平台加补后￥65起\n优惠前￥69起""}]}","款式描述=单盒（随机发货，概率抽隐藏） | 大小=拆封后不支持无理由退货退款 | ￥69 || 款式描述=端盒（内含8只，概率抽隐藏） | 大小=拆封后不支持无理由退货退款 | 平台加补后￥65起
优惠前￥69起","{""品牌"": ""52TOYS"", ""IP"": ""小黄人"", ""系列名"": ""好朋友在一起系列"", ""款式类型"": ""常规款 隐藏款"", ""ACG作品名"": ""蜡笔小新"", ""大小"": ""拆封后不支持无理由退货退款"", ""概率描述"": ""普通款概率1:6"", ""款式描述"": ""单盒（随机发货，概率抽隐藏） 端盒（内含8只，概率抽隐藏）""}",https://img.alicdn.com/imgextra/i2/3951599478/O1CN01UOa3yK2Jsz4I1pV4W-3951599478.jpg | https://img.alicdn.com/imgextra/i1/3951599478/O1CN01R2qX9u2Jsz0YPQSbL_!!3951599478.jpg | https://img.alicdn.com/imgextra/i3/3951599478/O1CN01oiyTxd2Jsz0YPOaDo_!!3951599478.jpg | https://img.alicdn.com/imgextra/i1/3951599478/O1CN01QZKUtI2Jsz0ZjrF7A_!!3951599478.jpg | https://img.alicdn.com/imgextra/i3/3951599478/O1CN01ZT333w2Jsz0Y0dkhh_!!3951599478.jpg,imgs/972141819484_M_01.jpg | imgs/972141819484_M_02.jpg | imgs/972141819484_M_03.jpg | imgs/972141819484_M_04.jpg | imgs/972141819484_M_05.jpg | imgs/972141819484_D_00.jpg | imgs/972141819484_D_01.jpg | imgs/972141819484_D_02.jpg | imgs/972141819484_D_03.jpg | imgs/972141819484_D_04.jpg | imgs/972141819484_D_05.jpg | imgs/972141819484_D_06.jpg | imgs/972141819484_D_07.jpg | imgs/972141819484_D_08.jpg | imgs/972141819484_D_09.jpg | imgs/972141819484_D_10.jpg | imgs/972141819484_D_11.jpg | imgs/972141819484_D_12.jpg | imgs/972141819484_D_13.jpg | imgs/972141819484_D_14.jpg | imgs/972141819484_D_15.jpg | imgs/972141819484_D_16.jpg | imgs/972141819484_D_17.jpg | imgs/972141819484_D_18.jpg | imgs/972141819484_D_19.jpg
52TOYS蜡笔小新长高高系列搪胶脸毛绒盲盒手办潮玩玩具摆件礼物,https://52toys.world.tmall.com/,https://52toys.world.tmall.com/,done,52TOYS旗舰店,https://detail.tmall.com/item.htm?id=855155054304,855155054304,"{""combos"": [{""款式描述"": {""values"": [""单盒（随机发货,概率抽隐藏）""], ""selected"": ""单盒（随机发货,概率抽隐藏）""}, ""大小"": {""values"": [""拆封后不支持无理由退货退款""], ""selected"": ""拆封后不支持无理由退货退款""}, ""_combo_price"": ""款式描述=单盒（随机发货,概率抽隐藏） | 大小=拆封后不支持无理由退货退款 | 平台加补后￥67.1""}, {""款式描述"": {""values"": [""单盒（随机发货,概率抽隐藏）"", ""端盒（内含4只,概率抽隐藏）""], ""selected"": ""端盒（内含4只,概率抽隐藏）""}, ""大小"": {""values"": [""拆封后不支持无理由退货退款""], ""selected"": ""拆封后不支持无理由退货退款""}, ""_combo_price"": ""款式描述=端盒（内含4只,概率抽隐藏） | 大小=拆封后不支持无理由退货退款 | 平台加补后￥280""}]}","款式描述=单盒（随机发货,概率抽隐藏） | 大小=拆封后不支持无理由退货退款 | 平台加补后￥67.1 || 款式描述=端盒（内含4只,概率抽隐藏） | 大小=拆封后不支持无理由退货退款 | 平台加补后￥280","{""品牌"": ""52TOYS"", ""IP"": ""蜡笔小新"", ""系列名"": ""长高高搪胶脸系列"", ""作品地区"": ""中国大陆"", ""ACG作品名"": ""蜡笔小新"", ""款式类型"": ""常规款"", ""大小"": ""拆封后不支持无理由退货退款"", ""尺寸"": ""高约25cm"", ""概率描述"": ""常规款：1/4，隐藏款：1/96"", ""款式描述"": ""单盒（随机发货,概率抽隐藏） 端盒（内含4只,概率抽隐藏）""}",https://img.alicdn.com/imgextra/i3/3951599478/O1CN01uOD1Av2Jsz4HZxBJP-3951599478.jpg | https://img.alicdn.com/imgextra/i1/3951599478/O1CN01lRG45k2JsyvIQoeCP_!!3951599478.jpg | https://img.alicdn.com/imgextra/i1/3951599478/O1CN01wMxdob2JsyvK8eWCR_!!3951599478.jpg | https://img.alicdn.com/imgextra/i4/3951599478/O1CN01HdUkum2JsyvHzC2Zt_!!3951599478.jpg | ,imgs/855155054304_M_01.jpg | imgs/855155054304_M_02.jpg | imgs/855155054304_M_03.jpg | imgs/855155054304_M_04.jpg | imgs/855155054304_M_05.jpg | imgs/855155054304_D_00.jpg | imgs/855155054304_D_01.jpg | imgs/855155054304_D_02.jpg | imgs/855155054304_D_03.jpg | imgs/855155054304_D_04.jpg | imgs/855155054304_D_05.jpg | imgs/855155054304_D_06.jpg | imgs/855155054304_D_07.jpg | imgs/855155054304_D_08.jpg | imgs/855155054304_D_09.jpg | imgs/855155054304_D_10.jpg | imgs/855155054304_D_11.jpg | imgs/855155054304_D_12.jpg | imgs/855155054304_D_13.jpg | imgs/855155054304_D_14.jpg | imgs/855155054304_D_15.jpg | imgs/855155054304_D_16.jpg | imgs/855155054304_D_17.jpg | imgs/855155054304_D_18.jpg | imgs/855155054304_D_20.jpg | imgs/855155054304_D_21.jpg
52TOYS罐头猪LuLu猪Lu家小馆盲盒手办潮玩玩具摆件礼物送礼,https://52toys.world.tmall.com/,https://52toys.world.tmall.com/,done,52TOYS旗舰店,https://detail.tmall.com/item.htm?id=999853949347,999853949347,"{""combos"": [{""款式描述"": {""values"": [""单盒（随机发货,概率抽隐藏）""], ""selected"": ""单盒（随机发货,概率抽隐藏）""}, ""大小"": {""values"": [""拆封后不支持无理由退货退款""], ""selected"": ""拆封后不支持无理由退货退款""}, ""_combo_price"": ""款式描述=单盒（随机发货,概率抽隐藏） | 大小=拆封后不支持无理由退货退款 | 平台加补后￥66.2""}, {""款式描述"": {""values"": [""单盒（随机发货,概率抽隐藏）"", ""端盒（内含8只,概率抽隐藏）""], ""selected"": ""端盒（内含8只,概率抽隐藏）""}, ""大小"": {""values"": [""拆封后不支持无理由退货退款""], ""selected"": ""拆封后不支持无理由退货退款""}, ""_combo_price"": ""款式描述=端盒（内含8只,概率抽隐藏） | 大小=拆封后不支持无理由退货退款 | 平台加补后￥557""}]}","款式描述=单盒（随机发货,概率抽隐藏） | 大小=拆封后不支持无理由退货退款 | 平台加补后￥66.2 || 款式描述=端盒（内含8只,概率抽隐藏） | 大小=拆封后不支持无理由退货退款 | 平台加补后￥557","{""品牌"": ""52TOYS"", ""IP"": ""罐头猪LuLu"", ""系列名"": ""Lu家小馆系列"", ""作品地区"": ""中国大陆"", ""ACG作品名"": ""食来运转"", ""系列类型"": ""联名系列"", ""款式类型"": ""常规款 小隐藏 大隐藏"", ""大小"": ""拆封后不支持无理由退货退款"", ""尺寸"": ""7.5cm"", ""概率描述"": ""8个常规款，1个小隐藏款，1个大隐藏款"", ""款式描述"": ""单盒（随机发货,概率抽隐藏） 端盒（内含8只,概率抽隐藏）""}",https://img.alicdn.com/imgextra/i1/3951599478/O1CN01wizJPg2Jsz4HkZWKc-3951599478.jpg | https://img.alicdn.com/imgextra/i2/3951599478/O1CN01d8RbCl2Jsz1UHVF8l_!!3951599478.jpg | https://img.alicdn.com/imgextra/i1/3951599478/O1CN013Of7Cw2Jsz1Tb1ByA_!!3951599478.jpg | https://img.alicdn.com/imgextra/i3/3951599478/O1CN01fqoazA2Jsz1VJ7QVI_!!3951599478.jpg | https://img.alicdn.com/imgextra/i3/3951599478/O1CN01OqyGDo2Jsz1UHW7AK_!!3951599478.jpg,imgs/999853949347_M_00.jpg | imgs/999853949347_M_01.jpg | imgs/999853949347_M_02.jpg | imgs/999853949347_M_03.jpg | imgs/999853949347_M_04.jpg | imgs/999853949347_D_00.jpg | imgs/999853949347_D_01.jpg | imgs/999853949347_D_02.jpg | imgs/999853949347_D_03.jpg | imgs/999853949347_D_04.jpg | imgs/999853949347_D_05.jpg | imgs/999853949347_D_06.jpg | imgs/999853949347_D_07.jpg | imgs/999853949347_D_08.jpg | imgs/999853949347_D_09.jpg | imgs/999853949347_D_10.jpg | imgs/999853949347_D_11.jpg | imgs/999853949347_D_12.jpg | imgs/999853949347_D_13.jpg | imgs/999853949347_D_14.jpg | imgs/999853949347_D_15.jpg | imgs/999853949347_D_16.jpg | imgs/999853949347_D_17.jpg | imgs/999853949347_D_18.jpg | imgs/999853949347_D_19.jpg | imgs/999853949347_D_20.jpg
52TOYS蜡笔小新衣橱毛绒盲盒OOTD玩偶挂件潮玩玩具包挂送礼礼物,https://52toys.world.tmall.com/,https://52toys.world.tmall.com/,done,52TOYS旗舰店,https://detail.tmall.com/item.htm?id=1045444891807,1045444891807,"{""combos"": [{""款式描述"": {""values"": [""单盒（随机发货,概率抽隐藏）""], ""selected"": ""单盒（随机发货,概率抽隐藏）""}, ""大小"": {""values"": [""拆封后不支持无理由退货退款""], ""selected"": ""拆封后不支持无理由退货退款""}, ""_combo_price"": ""款式描述=单盒（随机发货,概率抽隐藏） | 大小=拆封后不支持无理由退货退款 | 平台加补后￥61.42""}, {""款式描述"": {""values"": [""单盒（随机发货,概率抽隐藏）"", ""端盒（内含4只,概率抽隐藏）""], ""selected"": ""端盒（内含4只,概率抽隐藏）""}, ""大小"": {""values"": [""拆封后不支持无理由退货退款""], ""selected"": ""拆封后不支持无理由退货退款""}, ""_combo_price"": ""款式描述=端盒（内含4只,概率抽隐藏） | 大小=拆封后不支持无理由退货退款 | 平台加补后￥257.68""}]}","款式描述=单盒（随机发货,概率抽隐藏） | 大小=拆封后不支持无理由退货退款 | 平台加补后￥61.42 || 款式描述=端盒（内含4只,概率抽隐藏） | 大小=拆封后不支持无理由退货退款 | 平台加补后￥257.68","{""材质"": ""聚酯纤维"", ""出售状态"": ""现货"", ""品牌"": ""52TOYS"", ""IP"": ""蜡笔小新"", ""系列名"": ""蜡笔小新小新的衣橱系列"", ""款式类型"": ""常规款 隐藏款"", ""ACG作品名"": ""蜡笔小新"", ""大小"": ""拆封后不支持无理由退货退款"", ""尺寸"": ""15cm"", ""概率描述"": ""4个常规款，1个隐藏款"", ""款式描述"": ""单盒（随机发货,概率抽隐藏） 端盒（内含4只,概率抽隐藏）""}",https://img.alicdn.com/imgextra/i1/3951599478/O1CN012Urnx02Jsz4HW4eWJ-3951599478.jpg | https://img.alicdn.com/imgextra/i3/3951599478/O1CN01CWP46T2Jsz3an4t3c_!!3951599478.jpg | https://img.alicdn.com/imgextra/i2/3951599478/O1CN015KB9qW2Jsz3b4Fdv7_!!3951599478.jpg | https://img.alicdn.com/imgextra/i3/3951599478/O1CN017rLfdE2Jsz3aonrYL_!!3951599478.jpg | https://img.alicdn.com/imgextra/i1/3951599478/O1CN01wwR8d92Jsz3jfwN84_!!3951599478.jpg,imgs/1045444891807_M_01.jpg | imgs/1045444891807_M_02.jpg | imgs/1045444891807_M_03.jpg | imgs/1045444891807_M_04.jpg | imgs/1045444891807_M_05.jpg | imgs/1045444891807_D_00.jpg | imgs/1045444891807_D_01.jpg | imgs/1045444891807_D_02.jpg | imgs/1045444891807_D_03.jpg | imgs/1045444891807_D_04.jpg | imgs/1045444891807_D_05.jpg | imgs/1045444891807_D_06.jpg | imgs/1045444891807_D_07.jpg | imgs/1045444891807_D_08.jpg | imgs/1045444891807_D_09.jpg | imgs/1045444891807_D_10.jpg | imgs/1045444891807_D_11.jpg | imgs/1045444891807_D_12.jpg | imgs/1045444891807_D_13.jpg | imgs/1045444891807_D_14.jpg | imgs/1045444891807_D_15.jpg | imgs/1045444891807_D_16.jpg | imgs/1045444891807_D_17.jpg | imgs/1045444891807_D_18.jpg | imgs/1045444891807_D_19.jpg | imgs/1045444891807_D_20.jpg | imgs/1045444891807_D_21.jpg
52TOYS米甜运势小签灵BJD盲盒洛丽塔可动人偶手办潮玩摆件礼物,https://52toys.world.tmall.com/,https://52toys.world.tmall.com/,done,52TOYS旗舰店,https://detail.tmall.com/item.htm?id=1045999687980,1045999687980,"{""combos"": [{""款式描述"": {""values"": [""单盒（随机发货,不接受指定）""], ""selected"": ""单盒（随机发货,不接受指定）""}, ""大小"": {""values"": [""拆封后不支持无理由退货退款""], ""selected"": ""拆封后不支持无理由退货退款""}, ""_combo_price"": ""款式描述=单盒（随机发货,不接受指定） | 大小=拆封后不支持无理由退货退款 | 平台加补后￥145\n优惠前￥149""}]}","款式描述=单盒（随机发货,不接受指定） | 大小=拆封后不支持无理由退货退款 | 平台加补后￥145
优惠前￥149","{""品牌"": ""52TOYS"", ""IP"": ""米甜运势"", ""系列名"": ""小签灵系列"", ""作品地区"": ""中国大陆"", ""款式类型"": ""常规款 隐藏款"", ""大小"": ""拆封后不支持无理由退货退款"", ""尺寸"": ""19cm"", ""概率描述"": ""6个常规款，1个小隐藏款，1个大隐藏款"", ""款式描述"": ""单盒（随机发货,不接受指定）""}",https://img.alicdn.com/imgextra/i2/3951599478/O1CN01PfC2Xf2Jsz4Hkdslk-3951599478.jpg | https://img.alicdn.com/imgextra/i4/3951599478/O1CN01kL3MpO2Jsz35JvOoM_!!3951599478.jpg | https://img.alicdn.com/imgextra/i1/3951599478/O1CN01Wxupzw2Jsz2z6VqVz_!!3951599478.jpg | https://img.alicdn.com/imgextra/i3/3951599478/O1CN015QR6NV2Jsz33t7JWV_!!3951599478.jpg | https://img.alicdn.com/imgextra/i1/3951599478/O1CN016W4rVA2Jsz33l8gwT_!!3951599478.jpg,imgs/1045999687980_M_00.jpg | imgs/1045999687980_M_01.jpg | imgs/1045999687980_M_02.jpg | imgs/1045999687980_M_03.jpg | imgs/1045999687980_M_04.jpg | imgs/1045999687980_D_00.jpg | imgs/1045999687980_D_01.jpg | imgs/1045999687980_D_02.jpg | imgs/1045999687980_D_03.jpg | imgs/1045999687980_D_04.jpg | imgs/1045999687980_D_05.jpg | imgs/1045999687980_D_06.jpg | imgs/1045999687980_D_07.jpg | imgs/1045999687980_D_08.jpg | imgs/1045999687980_D_09.jpg | imgs/1045999687980_D_10.jpg | imgs/1045999687980_D_11.jpg | imgs/1045999687980_D_12.jpg | imgs/1045999687980_D_13.jpg | imgs/1045999687980_D_14.jpg | imgs/1045999687980_D_15.jpg | imgs/1045999687980_D_16.jpg | imgs/1045999687980_D_17.jpg | imgs/1045999687980_D_18.jpg | imgs/1045999687980_D_19.jpg | imgs/1045999687980_D_20.jpg | imgs/1045999687980_D_21.jpg | imgs/1045999687980_D_22.jpg | imgs/1045999687980_D_23.jpg | imgs/1045999687980_D_24.jpg | imgs/1045999687980_D_25.jpg | imgs/1045999687980_D_26.jpg | imgs/1045999687980_D_27.jpg | imgs/1045999687980_D_28.jpg | imgs/1045999687980_D_29.jpg | imgs/1045999687980_D_30.jpg | imgs/1045999687980_D_31.jpg
52TOYS蜡笔小新大电影名场面系列盲盒手办潮玩玩具摆件生日礼物,https://52toys.world.tmall.com/,https://52toys.world.tmall.com/,done,52TOYS旗舰店,https://detail.tmall.com/item.htm?id=959756944684,959756944684,"{""combos"": [{""款式描述"": {""values"": [""单盒（随机发货，概率抽隐藏）""], ""selected"": ""单盒（随机发货，概率抽隐藏）""}, ""大小"": {""values"": [""拆封后不支持无理由退货退款""], ""selected"": ""拆封后不支持无理由退货退款""}, ""_combo_price"": ""款式描述=单盒（随机发货，概率抽隐藏） | 大小=拆封后不支持无理由退货退款 | 平台加补后￥75\n优惠前￥79""}, {""款式描述"": {""values"": [""单盒（随机发货，概率抽隐藏）"", ""端盒（内含6只，概率抽隐藏）""], ""selected"": ""端盒（内含6只，概率抽隐藏）""}, ""大小"": {""values"": [""拆封后不支持无理由退货退款""], ""selected"": ""拆封后不支持无理由退货退款""}, ""_combo_price"": ""款式描述=端盒（内含6只，概率抽隐藏） | 大小=拆封后不支持无理由退货退款 | 平台加补后￥470\n优惠前￥474""}]}","款式描述=单盒（随机发货，概率抽隐藏） | 大小=拆封后不支持无理由退货退款 | 平台加补后￥75
优惠前￥79 || 款式描述=端盒（内含6只，概率抽隐藏） | 大小=拆封后不支持无理由退货退款 | 平台加补后￥470
优惠前￥474","{""品牌"": ""52TOYS"", ""IP"": ""蜡笔小新"", ""系列名"": ""大电影系列"", ""款式类型"": ""常规款 隐藏款"", ""ACG作品名"": ""蜡笔小新"", ""大小"": ""拆封后不支持无理由退货退款"", ""尺寸"": ""高约12CM"", ""概率描述"": ""6个常规款，1个隐藏款"", ""款式描述"": ""单盒（随机发货，概率抽隐藏） 端盒（内含6只，概率抽隐藏）""}",https://img.alicdn.com/imgextra/i1/3951599478/O1CN01CbCgjH2Jsz4HZxFfl-3951599478.jpg | https://img.alicdn.com/imgextra/i3/3951599478/O1CN0199yJQr2JsyziJfxw9_!!3951599478.jpg | https://img.alicdn.com/imgextra/i1/3951599478/O1CN01qWdi1b2JsyziJdDQd_!!3951599478.jpg | https://img.alicdn.com/imgextra/i2/3951599478/O1CN01za4DYH2JsyzhWeGQL_!!3951599478.jpg | https://img.alicdn.com/imgextra/i4/3951599478/O1CN01ntAE2G2JsyzhUNxRk_!!4611686018427387766-0-item_pic.jpg,imgs/959756944684_M_01.jpg | imgs/959756944684_M_02.jpg | imgs/959756944684_M_03.jpg | imgs/959756944684_M_04.jpg | imgs/959756944684_M_05.jpg | imgs/959756944684_D_00.jpg | imgs/959756944684_D_01.jpg | imgs/959756944684_D_02.jpg | imgs/959756944684_D_03.jpg | imgs/959756944684_D_04.jpg | imgs/959756944684_D_05.jpg | imgs/959756944684_D_06.jpg | imgs/959756944684_D_07.jpg | imgs/959756944684_D_08.jpg | imgs/959756944684_D_09.jpg | imgs/959756944684_D_10.jpg | imgs/959756944684_D_11.jpg | imgs/959756944684_D_12.jpg | imgs/959756944684_D_13.jpg | imgs/959756944684_D_14.jpg | imgs/959756944684_D_15.jpg | imgs/959756944684_D_16.jpg | imgs/959756944684_D_17.jpg | imgs/959756944684_D_18.jpg | imgs/959756944684_D_19.jpg | imgs/959756944684_D_20.jpg | imgs/959756944684_D_21.jpg | imgs/959756944684_D_22.jpg
52TOYS NOOK毛绒玩偶盲盒OOTD系列手办挂件潮玩玩具摆件生日礼物,https://52toys.world.tmall.com/,https://52toys.world.tmall.com/,done,52TOYS旗舰店,https://detail.tmall.com/item.htm?id=987137570329,987137570329,"{""combos"": [{""款式描述"": {""values"": [""单盒（随机发货，概率抽隐藏）""], ""selected"": ""单盒（随机发货，概率抽隐藏）""}, ""大小"": {""values"": [""拆封后不支持无理由退货退款""], ""selected"": ""拆封后不支持无理由退货退款""}, ""_combo_price"": ""款式描述=单盒（随机发货，概率抽隐藏） | 大小=拆封后不支持无理由退货退款 | 平台加补后￥73""}, {""款式描述"": {""values"": [""单盒（随机发货，概率抽隐藏）"", ""单盒+9.9元送保护壳""], ""selected"": ""单盒+9.9元送保护壳""}, ""大小"": {""values"": [""拆封后不支持无理由退货退款""], ""selected"": ""拆封后不支持无理由退货退款""}, ""_combo_price"": ""款式描述=单盒+9.9元送保护壳 | 大小=拆封后不支持无理由退货退款 | 平台加补后￥78.9""}, {""款式描述"": {""values"": [""单盒（随机发货，概率抽隐藏）"", ""单盒+9.9元送保护壳"", ""端盒送礼品+9.9元再送保护壳*1""], ""selected"": ""端盒送礼品+9.9元再送保护壳*1""}, ""大小"": {""values"": [""拆封后不支持无理由退货退款""], ""selected"": ""拆封后不支持无理由退货退款""}, ""_combo_price"": ""款式描述=端盒送礼品+9.9元再送保护壳*1 | 大小=拆封后不支持无理由退货退款 | 平台加补后￥460""}]}",款式描述=单盒（随机发货，概率抽隐藏） | 大小=拆封后不支持无理由退货退款 | 平台加补后￥73 || 款式描述=单盒+9.9元送保护壳 | 大小=拆封后不支持无理由退货退款 | 平台加补后￥78.9 || 款式描述=端盒送礼品+9.9元再送保护壳*1 | 大小=拆封后不支持无理由退货退款 | 平台加补后￥460,"{""品牌"": ""52TOYS"", ""IP"": ""NOOK"", ""系列名"": ""OOTD系列"", ""大小"": ""拆封后不支持无理由退货退款"", ""概率描述"": ""6个常规款，1个隐藏款"", ""款式描述"": ""单盒（随机发货，概率抽隐藏） 单盒+9.9元送保护壳 端盒送礼品+9.9元再送保护壳*1""}",https://img.alicdn.com/imgextra/i3/3951599478/O1CN01cOZRvU2Jsz4Hj6UmW-3951599478.jpg | https://img.alicdn.com/imgextra/i1/3951599478/O1CN01uQTRFu2Jsyz1UI6OO_!!3951599478.jpg | https://img.alicdn.com/imgextra/i3/3951599478/O1CN01xcZmlI2Jsyz1U6seV_!!4611686018427387766-0-item_pic.jpg | https://img.alicdn.com/imgextra/i3/3951599478/O1CN01QmjSsd2Jsyz1kwwy8_!!3951599478.jpg | https://img.alicdn.com/imgextra/i1/3951599478/O1CN01FDLFRz2Jsyz2STkMV_!!3951599478.jpg,imgs/987137570329_M_01.jpg | imgs/987137570329_M_02.jpg | imgs/987137570329_M_03.jpg | imgs/987137570329_M_04.jpg | imgs/987137570329_M_05.jpg | imgs/987137570329_D_00.jpg | imgs/987137570329_D_01.jpg | imgs/987137570329_D_02.jpg | imgs/987137570329_D_03.jpg | imgs/987137570329_D_04.jpg | imgs/987137570329_D_05.jpg | imgs/987137570329_D_06.jpg | imgs/987137570329_D_07.jpg | imgs/987137570329_D_08.jpg | imgs/987137570329_D_09.jpg | imgs/987137570329_D_10.jpg | imgs/987137570329_D_11.jpg | imgs/987137570329_D_12.jpg | imgs/987137570329_D_13.jpg | imgs/987137570329_D_14.jpg | imgs/987137570329_D_15.jpg | imgs/987137570329_D_16.jpg | imgs/987137570329_D_17.jpg | imgs/987137570329_D_18.jpg | imgs/987137570329_D_19.jpg | imgs/987137570329_D_20.jpg | imgs/987137570329_D_21.jpg | imgs/987137570329_D_22.jpg | imgs/987137570329_D_23.jpg | imgs/987137570329_D_24.jpg | imgs/987137570329_D_25.jpg | imgs/987137570329_D_26.jpg | imgs/987137570329_D_27.jpg | imgs/987137570329_D_28.jpg
52TOYS TOM and JERRY猫和老鼠经典MOMENT系列盲盒手办潮玩摆件,https://52toys.world.tmall.com/,https://52toys.world.tmall.com/,done,52TOYS旗舰店,https://detail.tmall.com/item.htm?id=773677430762,773677430762,"{""combos"": [{""款式描述"": {""values"": [""单盒（随机发货不接受指定）""], ""selected"": ""单盒（随机发货不接受指定）""}, ""大小"": {""values"": [""拆封后不支持无理由退货退款""], ""selected"": ""拆封后不支持无理由退货退款""}, ""_combo_price"": ""款式描述=单盒（随机发货不接受指定） | 大小=拆封后不支持无理由退货退款 | 平台加补后￥40.8""}, {""款式描述"": {""values"": [""单盒（随机发货不接受指定）"", ""端盒（内含8只，不重复）""], ""selected"": ""端盒（内含8只，不重复）""}, ""大小"": {""values"": [""拆封后不支持无理由退货退款""], ""selected"": ""拆封后不支持无理由退货退款""}, ""_combo_price"": ""款式描述=端盒（内含8只，不重复） | 大小=拆封后不支持无理由退货退款 | 平台加补后￥354""}]}",款式描述=单盒（随机发货不接受指定） | 大小=拆封后不支持无理由退货退款 | 平台加补后￥40.8 || 款式描述=端盒（内含8只，不重复） | 大小=拆封后不支持无理由退货退款 | 平台加补后￥354,"{""品牌"": ""52TOYS"", ""IP"": ""猫和老鼠"", ""系列名"": ""经典MOMENT系列"", ""款式类型"": ""常规款 隐藏款"", ""大小"": ""拆封后不支持无理由退货退款"", ""尺寸"": ""高约9cm"", ""概率描述"": ""隐藏款概率1:96"", ""款式描述"": ""单盒（随机发货不接受指定） 端盒（内含8只，不重复）""}",https://img.alicdn.com/imgextra/i2/3951599478/O1CN011FoQp62Jsz4Hz5EQE-3951599478.jpg | https://img.alicdn.com/imgextra/i3/3951599478/O1CN01mLeF5f2JsyuZKUpSC_!!3951599478.jpg | https://img.alicdn.com/imgextra/i2/3951599478/O1CN01yR0q9t2JsyuZKYmmZ_!!3951599478.jpg | https://img.alicdn.com/imgextra/i1/3951599478/O1CN01nCYMLP2JsyubpL4H2_!!3951599478.jpg | https://img.alicdn.com/imgextra/i1/3951599478/O1CN01ihIy2f2JsyuZKXytB_!!3951599478.jpg,imgs/773677430762_M_01.jpg | imgs/773677430762_M_02.jpg | imgs/773677430762_M_03.jpg | imgs/773677430762_M_04.jpg | imgs/773677430762_M_05.jpg | imgs/773677430762_D_00.jpg | imgs/773677430762_D_01.jpg | imgs/773677430762_D_02.jpg | imgs/773677430762_D_03.jpg | imgs/773677430762_D_04.jpg | imgs/773677430762_D_05.jpg | imgs/773677430762_D_06.jpg | imgs/773677430762_D_07.jpg | imgs/773677430762_D_08.jpg | imgs/773677430762_D_09.jpg | imgs/773677430762_D_10.jpg | imgs/773677430762_D_11.jpg | imgs/773677430762_D_12.jpg | imgs/773677430762_D_13.jpg | imgs/773677430762_D_14.jpg | imgs/773677430762_D_15.jpg | imgs/773677430762_D_16.jpg | imgs/773677430762_D_17.jpg | imgs/773677430762_D_18.jpg | imgs/773677430762_D_19.jpg | imgs/773677430762_D_20.jpg | imgs/773677430762_D_21.jpg | imgs/773677430762_D_22.jpg | imgs/773677430762_D_23.jpg | imgs/773677430762_D_24.jpg | imgs/773677430762_D_25.jpg | imgs/773677430762_D_26.jpg
52TOYS猫和老鼠TOM and JERRY难舍难分发条可动盲盒手办潮玩礼物,https://52toys.world.tmall.com/,https://52toys.world.tmall.com/,done,52TOYS旗舰店,https://detail.tmall.com/item.htm?id=1016931548161,1016931548161,"{""combos"": [{""款式描述"": {""values"": [""难舍难分单盒（随机发货,不接受指定）""], ""selected"": ""难舍难分单盒（随机发货,不接受指定）""}, ""大小"": {""values"": [""拆封后不支持无理由退货退款""], ""selected"": ""拆封后不支持无理由退货退款""}, ""_combo_price"": ""款式描述=难舍难分单盒（随机发货,不接受指定） | 大小=拆封后不支持无理由退货退款 | 平台加补后￥65\n优惠前￥69""}, {""款式描述"": {""values"": [""难舍难分单盒（随机发货,不接受指定）"", ""难舍难分端盒（内含4只,不重复）""], ""selected"": ""难舍难分端盒（内含4只,不重复）""}, ""大小"": {""values"": [""拆封后不支持无理由退货退款""], ""selected"": ""拆封后不支持无理由退货退款""}, ""_combo_price"": ""款式描述=难舍难分端盒（内含4只,不重复） | 大小=拆封后不支持无理由退货退款 | 平台加补后￥272\n优惠前￥276""}]}","款式描述=难舍难分单盒（随机发货,不接受指定） | 大小=拆封后不支持无理由退货退款 | 平台加补后￥65
优惠前￥69 || 款式描述=难舍难分端盒（内含4只,不重复） | 大小=拆封后不支持无理由退货退款 | 平台加补后￥272
优惠前￥276","{""品牌"": ""52TOYS"", ""IP"": ""猫和老鼠"", ""系列名"": ""难舍难分系列"", ""作品地区"": ""中国大陆"", ""ACG作品名"": ""猫和老鼠"", ""系列类型"": ""联名系列"", ""首发时间"": ""3月7日"", ""款式类型"": ""可动"", ""大小"": ""拆封后不支持无理由退货退款"", ""尺寸"": ""高约4cm"", ""概率描述"": ""普通款概率1:4"", ""款式描述"": ""难舍难分单盒（随机发货,不接受指定） 难舍难分端盒（内含4只,不重复）""}",https://img.alicdn.com/imgextra/i4/3951599478/O1CN01wsYMhI2Jsz4HkTV4e-3951599478.jpg | https://img.alicdn.com/imgextra/i4/3951599478/O1CN0141VuLa2Jsz26HzeiL_!!3951599478.jpg | https://img.alicdn.com/imgextra/i1/3951599478/O1CN01RYPJI22Jsz1yQrRTC_!!3951599478.jpg | https://img.alicdn.com/imgextra/i4/3951599478/O1CN01kgQv1N2Jsz1zLcfxu_!!3951599478.jpg | https://img.alicdn.com/imgextra/i4/3951599478/O1CN01ObUP4L2Jsz1z9srh1_!!3951599478.jpg,imgs/1016931548161_M_01.jpg | imgs/1016931548161_M_02.jpg | imgs/1016931548161_M_03.jpg | imgs/1016931548161_M_04.jpg | imgs/1016931548161_M_05.jpg | imgs/1016931548161_D_00.jpg | imgs/1016931548161_D_01.jpg | imgs/1016931548161_D_02.jpg | imgs/1016931548161_D_03.jpg | imgs/1016931548161_D_04.jpg | imgs/1016931548161_D_05.jpg | imgs/1016931548161_D_06.jpg | imgs/1016931548161_D_07.jpg | imgs/1016931548161_D_08.jpg | imgs/1016931548161_D_09.jpg | imgs/1016931548161_D_10.jpg | imgs/1016931548161_D_11.jpg | imgs/1016931548161_D_12.jpg | imgs/1016931548161_D_13.jpg | imgs/1016931548161_D_14.jpg | imgs/1016931548161_D_15.jpg | imgs/1016931548161_D_16.jpg | imgs/1016931548161_D_17.jpg | imgs/1016931548161_D_18.jpg | imgs/1016931548161_D_19.jpg | imgs/1016931548161_D_20.jpg | imgs/1016931548161_D_21.jpg | imgs/1016931548161_D_22.jpg | imgs/1016931548161_D_23.jpg | imgs/1016931548161_D_24.jpg | imgs/1016931548161_D_25.jpg | imgs/1016931548161_D_26.jpg | imgs/1016931548161_D_27.jpg | imgs/1016931548161_D_28.jpg | imgs/1016931548161_D_29.jpg | imgs/1016931548161_D_30.jpg | imgs/1016931548161_D_31.jpg | imgs/1016931548161_D_32.jpg | imgs/1016931548161_D_33.jpg | imgs/1016931548161_D_34.jpg | imgs/1016931548161_D_35.jpg | imgs/1016931548161_D_36.jpg | imgs/1016931548161_D_37.jpg | imgs/1016931548161_D_38.jpg | imgs/1016931548161_D_39.jpg | imgs/1016931548161_D_40.jpg | imgs/1016931548161_D_41.jpg | imgs/1016931548161_D_42.jpg | imgs/1016931548161_D_43.jpg | imgs/1016931548161_D_44.jpg | imgs/1016931548161_D_45.jpg | imgs/1016931548161_D_46.jpg | imgs/1016931548161_D_47.jpg | imgs/1016931548161_D_48.jpg | imgs/1016931548161_D_49.jpg | imgs/1016931548161_D_50.jpg | imgs/1016931548161_D_51.jpg | imgs/1016931548161_D_52.jpg | imgs/1016931548161_D_53.jpg | imgs/1016931548161_D_54.jpg | imgs/1016931548161_D_55.jpg | imgs/1016931548161_D_56.jpg | imgs/1016931548161_D_57.jpg | imgs/1016931548161_D_58.jpg | imgs/1016931548161_D_59.jpg | imgs/1016931548161_D_60.jpg | imgs/1016931548161_D_61.jpg
52TOYS这狗怎么这么萌系列盲盒手办潮玩玩具可爱摆件生日礼物,https://52toys.world.tmall.com/,https://52toys.world.tmall.com/,done,52TOYS旗舰店,https://detail.tmall.com/item.htm?id=1047984096890,1047984096890,"{""combos"": [{""款式描述"": {""values"": [""单盒（内含3只,概率抽隐藏）""], ""selected"": ""单盒（内含3只,概率抽隐藏）""}, ""大小"": {""values"": [""拆封后不支持无理由退货退款""], ""selected"": ""拆封后不支持无理由退货退款""}, ""_combo_price"": ""款式描述=单盒（内含3只,概率抽隐藏） | 大小=拆封后不支持无理由退货退款 | 平台加补后￥63.62\n优惠前￥69""}, {""款式描述"": {""values"": [""单盒（内含3只,概率抽隐藏）"", ""端盒（内含6盒共18只,概率抽隐藏）""], ""selected"": ""端盒（内含6盒共18只,概率抽隐藏）""}, ""大小"": {""values"": [""拆封后不支持无理由退货退款""], ""selected"": ""拆封后不支持无理由退货退款""}, ""_combo_price"": ""款式描述=端盒（内含6盒共18只,概率抽隐藏） | 大小=拆封后不支持无理由退货退款 | 平台加补后￥401.72\n优惠前￥414""}]}","款式描述=单盒（内含3只,概率抽隐藏） | 大小=拆封后不支持无理由退货退款 | 平台加补后￥63.62
优惠前￥69 || 款式描述=端盒（内含6盒共18只,概率抽隐藏） | 大小=拆封后不支持无理由退货退款 | 平台加补后￥401.72
优惠前￥414","{""包装规格"": ""18只"", ""出售状态"": ""现货"", ""品牌"": ""52TOYS"", ""IP"": ""这狗"", ""系列名"": ""这狗怎么这么萌系列"", ""款式类型"": ""常规款 隐藏款"", ""大小"": ""拆封后不支持无理由退货退款"", ""概率描述"": ""1/108"", ""款式描述"": ""单盒（内含3只,概率抽隐藏） 端盒（内含6盒共18只,概率抽隐藏）""}",https://img.alicdn.com/imgextra/i3/3951599478/O1CN012uSvez2Jsz4HW5euL-3951599478.jpg | https://img.alicdn.com/imgextra/i4/3951599478/O1CN01AirXqV2Jsz3RI2lF6_!!3951599478.jpg | https://img.alicdn.com/imgextra/i2/3951599478/O1CN01z75gTb2Jsz3S1Ke1N_!!3951599478.jpg | https://img.alicdn.com/imgextra/i1/3951599478/O1CN01Icmhxc2Jsz3RnaOWS_!!4611686018427387766-0-item_pic.jpg | https://img.alicdn.com/imgextra/i4/3951599478/O1CN01TtJ5Gc2Jsz3RVNpVU_!!3951599478.jpg,imgs/1047984096890_M_01.jpg | imgs/1047984096890_M_02.jpg | imgs/1047984096890_M_03.jpg | imgs/1047984096890_M_04.jpg | imgs/1047984096890_M_05.jpg | imgs/1047984096890_D_00.jpg | imgs/1047984096890_D_01.jpg | imgs/1047984096890_D_02.jpg | imgs/1047984096890_D_03.jpg | imgs/1047984096890_D_04.jpg | imgs/1047984096890_D_05.jpg | imgs/1047984096890_D_06.jpg | imgs/1047984096890_D_07.jpg | imgs/1047984096890_D_08.jpg | imgs/1047984096890_D_09.jpg | imgs/1047984096890_D_10.jpg | imgs/1047984096890_D_11.jpg | imgs/1047984096890_D_12.jpg | imgs/1047984096890_D_13.jpg | imgs/1047984096890_D_14.jpg | imgs/1047984096890_D_15.jpg | imgs/1047984096890_D_16.jpg | imgs/1047984096890_D_17.jpg | imgs/1047984096890_D_18.jpg
52TOYS迪士尼皮克斯玩具总动员5巴斯光年毛绒挂件盲盒女生礼物,https://52toys.world.tmall.com/,https://52toys.world.tmall.com/,done,52TOYS旗舰店,https://detail.tmall.com/item.htm?id=1047147333220,1047147333220,"{""combos"": [{""款式描述"": {""values"": [""单盒（随机发货,概率抽隐藏）""], ""selected"": ""单盒（随机发货,概率抽隐藏）""}, ""大小"": {""values"": [""拆封后不支持无理由退货退款""], ""selected"": ""拆封后不支持无理由退货退款""}, ""_combo_price"": ""款式描述=单盒（随机发货,概率抽隐藏） | 大小=拆封后不支持无理由退货退款 | 平台加补后￥74.22""}, {""款式描述"": {""values"": [""单盒（随机发货,概率抽隐藏）"", ""端盒（内含4只,概率抽隐藏）""], ""selected"": ""端盒（内含4只,概率抽隐藏）""}, ""大小"": {""values"": [""拆封后不支持无理由退货退款""], ""selected"": ""拆封后不支持无理由退货退款""}, ""_combo_price"": ""款式描述=端盒（内含4只,概率抽隐藏） | 大小=拆封后不支持无理由退货退款 | 平台加补后￥308.88""}, {""款式描述"": {""values"": [""单盒（随机发货,概率抽隐藏）"", ""端盒（内含4只,概率抽隐藏）"", ""抱抱我毛绒单盒（随机发货,概率抽隐藏）""], ""selected"": ""抱抱我毛绒单盒（随机发货,概率抽隐藏）""}, ""大小"": {""values"": [""拆封后不支持无理由退货退款""], ""selected"": ""拆封后不支持无理由退货退款""}, ""_combo_price"": ""款式描述=抱抱我毛绒单盒（随机发货,概率抽隐藏） | 大小=拆封后不支持无理由退货退款 | 平台加补后￥56.62""}, {""款式描述"": {""values"": [""单盒（随机发货,概率抽隐藏）"", ""端盒（内含4只,概率抽隐藏）"", ""抱抱我毛绒单盒（随机发货,概率抽隐藏）"", ""抱抱我毛绒端盒（内含8只,概率抽隐藏）""], ""selected"": ""抱抱我毛绒端盒（内含8只,概率抽隐藏）""}, ""大小"": {""values"": [""拆封后不支持无理由退货退款""], ""selected"": ""拆封后不支持无理由退货退款""}, ""_combo_price"": ""款式描述=抱抱我毛绒端盒（内含8只,概率抽隐藏） | 大小=拆封后不支持无理由退货退款 | 平台加补后￥480.96""}, {""款式描述"": {""values"": [""单盒（随机发货,概率抽隐藏）"", ""端盒（内含4只,概率抽隐藏）"", ""抱抱我毛绒单盒（随机发货,概率抽隐藏）"", ""抱抱我毛绒端盒（内含8只,概率抽隐藏）"", ""经典电影时刻单盒（随机发货,概率抽隐藏）""], ""selected"": ""经典电影时刻单盒（随机发货,概率抽隐藏）""}, ""大小"": {""values"": [""拆封后不支持无理由退货退款""], ""selected"": ""拆封后不支持无理由退货退款""}, ""_combo_price"": ""款式描述=经典电影时刻单盒（随机发货,概率抽隐藏） | 大小=拆封后不支持无理由退货退款 | 平台加补后￥63.42""}, {""款式描述"": {""values"": [""单盒（随机发货,概率抽隐藏）"", ""端盒（内含4只,概率抽隐藏）"", ""抱抱我毛绒单盒（随机发货,概率抽隐藏）"", ""抱抱我毛绒端盒（内含8只,概率抽隐藏）"", ""经典电影时刻单盒（随机发货,概率抽隐藏）"", ""经典电影时刻端盒（内含6只,概率抽隐藏）""], ""selected"": ""经典电影时刻端盒（内含6只,概率抽隐藏）""}, ""大小"": {""values"": [""拆封后不支持无理由退货退款""], ""selected"": ""拆封后不支持无理由退货退款""}, ""_combo_price"": ""款式描述=经典电影时刻端盒（内含6只,概率抽隐藏） | 大小=拆封后不支持无理由退货退款 | 平台加补后￥385.52""}]}","款式描述=单盒（随机发货,概率抽隐藏） | 大小=拆封后不支持无理由退货退款 | 平台加补后￥74.22 || 款式描述=端盒（内含4只,概率抽隐藏） | 大小=拆封后不支持无理由退货退款 | 平台加补后￥308.88 || 款式描述=抱抱我毛绒单盒（随机发货,概率抽隐藏） | 大小=拆封后不支持无理由退货退款 | 平台加补后￥56.62 || 款式描述=抱抱我毛绒端盒（内含8只,概率抽隐藏） | 大小=拆封后不支持无理由退货退款 | 平台加补后￥480.96 || 款式描述=经典电影时刻单盒（随机发货,概率抽隐藏） | 大小=拆封后不支持无理由退货退款 | 平台加补后￥63.42 || 款式描述=经典电影时刻端盒（内含6只,概率抽隐藏） | 大小=拆封后不支持无理由退货退款 | 平台加补后￥385.52","{""材质"": ""聚酯纤维,塑胶"", ""出售状态"": ""现货"", ""品牌"": ""52TOYS"", ""IP"": ""玩具总动员"", ""系列名"": ""皮克斯玩具总动员5巴斯光年系列"", ""款式类型"": ""常规款 隐藏款"", ""ACG作品名"": ""玩具总动员"", ""大小"": ""拆封后不支持无理由退货退款"", ""概率描述"": ""4个常规款，1个隐藏款"", ""款式描述"": ""单盒（随机发货,概率抽隐藏） 端盒（内含4只,概率抽隐藏） 抱抱我毛绒单盒（随机发货,概率抽隐藏） 抱抱我毛绒端盒（内含8只,概率抽隐藏） 经典电影时刻单盒（随机发货,概率抽隐藏） 经典电影时刻端盒（内含6只,概率抽隐藏）""}",https://img.alicdn.com/imgextra/i4/3951599478/O1CN01ZxEoNv2Jsz4DTyB7K-3951599478.jpg | https://img.alicdn.com/imgextra/i3/3951599478/O1CN0174kloE2Jsz3RYxxHE_!!3951599478.jpg | https://img.alicdn.com/imgextra/i3/3951599478/O1CN01A8iMNn2Jsz3RLgLZK_!!3951599478.jpg | https://img.alicdn.com/imgextra/i2/3951599478/O1CN01Q0CqbW2Jsz3Rp6eUl_!!4611686018427387766-0-item_pic.jpg | https://img.alicdn.com/imgextra/i2/3951599478/O1CN01OLVpDZ2Jsz3REEca9_!!3951599478.jpg,imgs/1047147333220_M_01.jpg | imgs/1047147333220_M_02.jpg | imgs/1047147333220_M_03.jpg | imgs/1047147333220_M_04.jpg | imgs/1047147333220_M_05.jpg | imgs/1047147333220_D_00.jpg | imgs/1047147333220_D_01.jpg | imgs/1047147333220_D_02.jpg | imgs/1047147333220_D_03.jpg | imgs/1047147333220_D_04.jpg | imgs/1047147333220_D_05.jpg | imgs/1047147333220_D_06.jpg | imgs/1047147333220_D_07.jpg | imgs/1047147333220_D_08.jpg | imgs/1047147333220_D_09.jpg | imgs/1047147333220_D_10.jpg | imgs/1047147333220_D_11.jpg | imgs/1047147333220_D_12.jpg | imgs/1047147333220_D_13.jpg | imgs/1047147333220_D_14.jpg | imgs/1047147333220_D_15.jpg | imgs/1047147333220_D_16.jpg | imgs/1047147333220_D_17.jpg | imgs/1047147333220_D_18.jpg | imgs/1047147333220_D_19.jpg | imgs/1047147333220_D_20.jpg
52TOYS蜡笔小新你的强来了毛绒玩偶挂件包包挂潮玩玩具摆件礼物,https://52toys.world.tmall.com/,https://52toys.world.tmall.com/,done,52TOYS旗舰店,https://detail.tmall.com/item.htm?id=973354253176,973354253176,"{""combos"": [{""颜色分类"": {""values"": [""你的强来了挂件-15cm""], ""selected"": ""你的强来了挂件-15cm""}, ""_combo_price"": ""颜色分类=你的强来了挂件-15cm | 平台加补后￥85\n优惠前￥89""}]}","颜色分类=你的强来了挂件-15cm | 平台加补后￥85
优惠前￥89","{""品牌"": ""52TOYS"", ""IP"": ""蜡笔小新"", ""颜色分类"": ""你的强来了挂件-15cm""}",https://img.alicdn.com/imgextra/i3/3951599478/O1CN01J9LHp52Jsz4HkWqTe-3951599478.jpg | https://img.alicdn.com/imgextra/i4/3951599478/O1CN01XfOBMb2Jsz0noZwyT_!!3951599478.jpg | https://img.alicdn.com/imgextra/i2/3951599478/O1CN015qwIQw2Jsz0uAswpL_!!3951599478.jpg | https://img.alicdn.com/imgextra/i1/3951599478/O1CN011v6ksA2Jsz0noZ959_!!3951599478.jpg | https://img.alicdn.com/imgextra/i1/3951599478/O1CN01wVQw3q2Jsz0sVM5kQ_!!3951599478.jpg,imgs/973354253176_M_01.jpg | imgs/973354253176_M_02.jpg | imgs/973354253176_M_03.jpg | imgs/973354253176_M_04.jpg | imgs/973354253176_M_05.jpg | imgs/973354253176_D_00.jpg | imgs/973354253176_D_01.jpg | imgs/973354253176_D_02.jpg | imgs/973354253176_D_03.jpg | imgs/973354253176_D_04.jpg | imgs/973354253176_D_05.jpg | imgs/973354253176_D_06.jpg | imgs/973354253176_D_07.jpg | imgs/973354253176_D_08.jpg | imgs/973354253176_D_09.jpg | imgs/973354253176_D_10.jpg | imgs/973354253176_D_11.jpg | imgs/973354253176_D_12.jpg | imgs/973354253176_D_13.jpg | imgs/973354253176_D_14.jpg
52TOYS官方Laplly星语无尽之始盲盒手办潮玩玩具摆件生日礼物,https://52toys.world.tmall.com/,https://52toys.world.tmall.com/,done,52TOYS旗舰店,https://detail.tmall.com/item.htm?id=1059622995973,1059622995973,"{""combos"": [{""款式描述"": {""values"": [""单盒（随机发货,概率抽隐藏）""], ""selected"": ""单盒（随机发货,概率抽隐藏）""}, ""大小"": {""values"": [""拆封后不支持无理由退货退款""], ""selected"": ""拆封后不支持无理由退货退款""}, ""_combo_price"": ""款式描述=单盒（随机发货,概率抽隐藏） | 大小=拆封后不支持无理由退货退款 | ￥69""}]}","款式描述=单盒（随机发货,概率抽隐藏） | 大小=拆封后不支持无理由退货退款 | ￥69","{""材质"": ""塑胶"", ""出售状态"": ""现货"", ""品牌"": ""52TOYS"", ""IP"": ""Laplly"", ""系列名"": ""无尽之始系列"", ""款式类型"": ""常规款 隐藏款"", ""大小"": ""拆封后不支持无理由退货退款"", ""概率描述"": ""6个常规款，1个隐藏款"", ""款式描述"": ""单盒（随机发货,概率抽隐藏） 端盒（内含6只,概率抽隐藏）""}",https://img.alicdn.com/imgextra/i3/3951599478/O1CN01xp8WoK2Jsz4HW6OfR-3951599478.jpg | https://img.alicdn.com/imgextra/i4/3951599478/O1CN01ggoB362Jsz3nXtTFH_!!3951599478.jpg | https://img.alicdn.com/imgextra/i2/3951599478/O1CN01gBLRM82Jsz3nfN7hH_!!3951599478.jpg | https://img.alicdn.com/imgextra/i4/3951599478/O1CN01OzDhkq2Jsz3nOeOSm_!!3951599478.jpg | https://img.alicdn.com/imgextra/i2/3951599478/O1CN01zo0fXE2Jsz3nGcJXz_!!3951599478.jpg,imgs/1059622995973_M_01.jpg | imgs/1059622995973_M_02.jpg | imgs/1059622995973_M_03.jpg | imgs/1059622995973_M_04.jpg | imgs/1059622995973_M_05.jpg | imgs/1059622995973_D_00.jpg | imgs/1059622995973_D_01.jpg | imgs/1059622995973_D_02.jpg | imgs/1059622995973_D_03.jpg | imgs/1059622995973_D_04.jpg | imgs/1059622995973_D_05.jpg | imgs/1059622995973_D_06.jpg | imgs/1059622995973_D_07.jpg | imgs/1059622995973_D_08.jpg | imgs/1059622995973_D_09.jpg | imgs/1059622995973_D_10.jpg | imgs/1059622995973_D_11.jpg | imgs/1059622995973_D_12.jpg | imgs/1059622995973_D_13.jpg | imgs/1059622995973_D_14.jpg | imgs/1059622995973_D_15.jpg | imgs/1059622995973_D_16.jpg | imgs/1059622995973_D_17.jpg | imgs/1059622995973_D_18.jpg | imgs/1059622995973_D_19.jpg
【周柯宇同款】52TOYS波卡POUKAPOUKA毛绒挂件盲盒女生挂件礼物,https://52toys.world.tmall.com/,https://52toys.world.tmall.com/,done,52TOYS旗舰店,https://detail.tmall.com/item.htm?id=915473013146,915473013146,"{""combos"": [{""款式描述"": {""values"": [""单盒（随机发货，概率抽隐藏）""], ""selected"": ""单盒（随机发货，概率抽隐藏）""}, ""大小"": {""values"": [""拆封后不支持无理由退货退款""], ""selected"": ""拆封后不支持无理由退货退款""}, ""_combo_price"": ""款式描述=单盒（随机发货，概率抽隐藏） | 大小=拆封后不支持无理由退货退款 | 平台加补后￥65.42""}, {""款式描述"": {""values"": [""单盒（随机发货，概率抽隐藏）"", ""端盒（内含6只，概率抽隐藏）""], ""selected"": ""端盒（内含6只，概率抽隐藏）""}, ""大小"": {""values"": [""拆封后不支持无理由退货退款""], ""selected"": ""拆封后不支持无理由退货退款""}, ""_combo_price"": ""款式描述=端盒（内含6只，概率抽隐藏） | 大小=拆封后不支持无理由退货退款 | 平台加补后￥412.52""}]}",款式描述=单盒（随机发货，概率抽隐藏） | 大小=拆封后不支持无理由退货退款 | 平台加补后￥65.42 || 款式描述=端盒（内含6只，概率抽隐藏） | 大小=拆封后不支持无理由退货退款 | 平台加补后￥412.52,"{""品牌"": ""52TOYS"", ""IP"": ""POUKAPOUKA波卡波卡"", ""系列名"": ""搪胶毛绒盲盒"", ""款式类型"": ""常规款"", ""大小"": ""拆封后不支持无理由退货退款"", ""概率描述"": ""6个常规款，1个隐藏款"", ""款式描述"": ""单盒（随机发货，概率抽隐藏） 端盒（内含6只，概率抽隐藏）""}",https://img.alicdn.com/imgextra/i3/3951599478/O1CN01UMZk802Jsz42woujG-3951599478.jpg | https://img.alicdn.com/imgextra/i2/3951599478/O1CN01rjKYjN2JsyyFdgMUY_!!3951599478.jpg | https://img.alicdn.com/imgextra/i4/3951599478/O1CN01E14SPy2JsyzAA8kLc_!!3951599478.jpg | https://img.alicdn.com/imgextra/i1/3951599478/O1CN01HDuKPQ2JsyyW7Hdpr_!!3951599478.jpg | https://img.alicdn.com/imgextra/i2/3951599478/O1CN01hxsYfL2JsyyEYfAXR_!!3951599478.jpg,imgs/915473013146_M_01.jpg | imgs/915473013146_M_02.jpg | imgs/915473013146_M_03.jpg | imgs/915473013146_M_04.jpg | imgs/915473013146_M_05.jpg | imgs/915473013146_D_00.jpg | imgs/915473013146_D_01.jpg | imgs/915473013146_D_02.jpg | imgs/915473013146_D_03.jpg | imgs/915473013146_D_04.jpg | imgs/915473013146_D_05.jpg | imgs/915473013146_D_06.jpg | imgs/915473013146_D_07.jpg | imgs/915473013146_D_08.jpg | imgs/915473013146_D_09.jpg | imgs/915473013146_D_10.jpg | imgs/915473013146_D_11.jpg | imgs/915473013146_D_12.jpg | imgs/915473013146_D_13.jpg | imgs/915473013146_D_14.jpg
52TOYS蜡笔小新PLUS涂鸦画手大体手办潮玩画家公仔摆件潮玩礼物,https://52toys.world.tmall.com/,https://52toys.world.tmall.com/,done,52TOYS旗舰店,https://detail.tmall.com/item.htm?id=979031573630,979031573630,"{""combos"": [{""颜色分类"": {""values"": [""高约30cm-带独立编号999体""], ""selected"": ""高约30cm-带独立编号999体""}, ""_combo_price"": ""颜色分类=高约30cm-带独立编号999体 | 平台加补后￥995\n优惠前￥999""}]}","颜色分类=高约30cm-带独立编号999体 | 平台加补后￥995
优惠前￥999","{""品牌"": ""52TOYS"", ""IP"": ""蜡笔小新"", ""颜色分类"": ""高约30cm-带独立编号999体""}",https://img.alicdn.com/imgextra/i3/3951599478/O1CN01CjfafJ2Jsz4HZy3c4-3951599478.jpg | https://img.alicdn.com/imgextra/i1/3951599478/O1CN01B3kdKh2Jsz0nUkjob_!!3951599478.jpg | https://img.alicdn.com/imgextra/i3/3951599478/O1CN01uyJvnR2Jsz0mcJTpa_!!3951599478.jpg | https://img.alicdn.com/imgextra/i4/3951599478/O1CN01y18HMy2Jsz0mdKWbS_!!3951599478.jpg | https://img.alicdn.com/imgextra/i3/3951599478/O1CN01TvU58w2Jsz0lvNXOs_!!3951599478.jpg,imgs/979031573630_M_00.jpg | imgs/979031573630_M_01.jpg | imgs/979031573630_M_02.jpg | imgs/979031573630_M_03.jpg | imgs/979031573630_M_04.jpg | imgs/979031573630_D_00.jpg | imgs/979031573630_D_01.jpg | imgs/979031573630_D_02.jpg | imgs/979031573630_D_03.jpg | imgs/979031573630_D_04.jpg | imgs/979031573630_D_05.jpg | imgs/979031573630_D_06.jpg | imgs/979031573630_D_07.jpg | imgs/979031573630_D_08.jpg | imgs/979031573630_D_09.jpg | imgs/979031573630_D_10.jpg | imgs/979031573630_D_11.jpg | imgs/979031573630_D_12.jpg
52TOYS迪士尼在逃抽象公主毛绒挂件盲盒香包潮玩包挂女生送礼礼物,https://52toys.world.tmall.com/,https://52toys.world.tmall.com/,done,52TOYS旗舰店,https://detail.tmall.com/item.htm?id=1018973894998,1018973894998,"{""combos"": [{""款式描述"": {""values"": [""在逃公主单盒（随机发货,概率抽隐藏）""], ""selected"": ""在逃公主单盒（随机发货,概率抽隐藏）""}, ""大小"": {""values"": [""拆封后不支持无理由退货退款""], ""selected"": ""拆封后不支持无理由退货退款""}, ""_combo_price"": ""款式描述=在逃公主单盒（随机发货,概率抽隐藏） | 大小=拆封后不支持无理由退货退款 | 平台加补后￥54""}, {""款式描述"": {""values"": [""在逃公主单盒（随机发货,概率抽隐藏）"", ""在逃公主端盒（内含6只,概率抽隐藏）""], ""selected"": ""在逃公主端盒（内含6只,概率抽隐藏）""}, ""大小"": {""values"": [""拆封后不支持无理由退货退款""], ""selected"": ""拆封后不支持无理由退货退款""}, ""_combo_price"": ""款式描述=在逃公主端盒（内含6只,概率抽隐藏） | 大小=拆封后不支持无理由退货退款 | 平台加补后￥347""}]}","款式描述=在逃公主单盒（随机发货,概率抽隐藏） | 大小=拆封后不支持无理由退货退款 | 平台加补后￥54 || 款式描述=在逃公主端盒（内含6只,概率抽隐藏） | 大小=拆封后不支持无理由退货退款 | 平台加补后￥347","{""品牌"": ""52TOYS"", ""IP"": ""迪士尼"", ""系列名"": ""公主在逃系列毛绒挂件"", ""作品地区"": ""中国大陆"", ""ACG作品名"": ""公主在逃"", ""系列类型"": ""联名系列"", ""首发时间"": ""2026"", ""款式类型"": ""常规款 隐藏款"", ""大小"": ""拆封后不支持无理由退货退款"", ""尺寸"": ""13cm"", ""概率描述"": ""6个常规款，1个隐藏款"", ""款式描述"": ""在逃公主单盒（随机发货,概率抽隐藏） 在逃公主端盒（内含6只,概率抽隐藏）""}",https://img.alicdn.com/imgextra/i2/3951599478/O1CN01sPiAPD2Jsz4ISUzo6-3951599478.jpg | https://img.alicdn.com/imgextra/i2/3951599478/O1CN01L4dWuL2Jsz2CHI19v_!!3951599478.jpg | https://img.alicdn.com/imgextra/i1/3951599478/O1CN01jJJBDF2Jsz2HfLonP_!!3951599478.jpg | https://img.alicdn.com/imgextra/i4/3951599478/O1CN01Ikg4I72Jsz2HPMlcg_!!4611686018427387766-0-item_pic.jpg | https://img.alicdn.com/imgextra/i1/3951599478/O1CN01XyadQo2Jsz2HLhzo5_!!3951599478.jpg,imgs/1018973894998_M_01.jpg | imgs/1018973894998_M_02.jpg | imgs/1018973894998_M_03.jpg | imgs/1018973894998_M_04.jpg | imgs/1018973894998_M_05.jpg | imgs/1018973894998_D_00.jpg | imgs/1018973894998_D_01.jpg | imgs/1018973894998_D_02.jpg | imgs/1018973894998_D_03.jpg | imgs/1018973894998_D_04.jpg | imgs/1018973894998_D_05.jpg | imgs/1018973894998_D_06.jpg | imgs/1018973894998_D_07.jpg | imgs/1018973894998_D_08.jpg | imgs/1018973894998_D_09.jpg | imgs/1018973894998_D_10.jpg | imgs/1018973894998_D_11.jpg | imgs/1018973894998_D_12.jpg | imgs/1018973894998_D_13.jpg | imgs/1018973894998_D_14.jpg | imgs/1018973894998_D_15.jpg | imgs/1018973894998_D_16.jpg | imgs/1018973894998_D_17.jpg
52TOYS蜡笔小新限定版优雅玫瑰手办潮玩玩具公仔桌面摆件生日礼物,https://52toys.world.tmall.com/,https://52toys.world.tmall.com/,done,52TOYS旗舰店,https://detail.tmall.com/item.htm?id=910917043292,910917043292,"{""combos"": [{""尺寸"": {""values"": [""拆封后不支持无理由退货退款""], ""selected"": ""拆封后不支持无理由退货退款""}, ""颜色分类"": {""values"": [""玫瑰小新-限定手办""], ""selected"": ""玫瑰小新-限定手办""}, ""_combo_price"": ""尺寸=拆封后不支持无理由退货退款 | 颜色分类=玫瑰小新-限定手办 | 平台加补后￥94""}]}",尺寸=拆封后不支持无理由退货退款 | 颜色分类=玫瑰小新-限定手办 | 平台加补后￥94,"{""品牌"": ""52TOYS"", ""型号"": ""6958985017244"", ""尺寸"": ""拆封后不支持无理由退货退款"", ""颜色分类"": ""玫瑰小新-限定手办 动感小新-限定手办 逛街小新-限定手办 玫瑰小新+动感小新""}",https://img.alicdn.com/imgextra/i2/3951599478/O1CN017M4kJ02Jsz4HkV26k-3951599478.jpg | https://img.alicdn.com/imgextra/i2/3951599478/O1CN01Xm9Sfv2JsysDzP8bq_!!3951599478.jpg | https://img.alicdn.com/imgextra/i3/3951599478/O1CN01pqmh6i2JsyxtTpRu4_!!3951599478.jpg | https://img.alicdn.com/imgextra/i1/3951599478/O1CN01dG18WU2Jsyxtt7NR7_!!3951599478.jpg | https://img.alicdn.com/imgextra/i4/3951599478/O1CN01t4eNEG2JsyxtfBOdJ_!!3951599478.jpg,imgs/910917043292_M_01.jpg | imgs/910917043292_M_02.jpg | imgs/910917043292_M_03.jpg | imgs/910917043292_M_04.jpg | imgs/910917043292_M_05.jpg | imgs/910917043292_D_00.jpg | imgs/910917043292_D_01.jpg | imgs/910917043292_D_02.jpg | imgs/910917043292_D_03.jpg | imgs/910917043292_D_04.jpg | imgs/910917043292_D_05.jpg | imgs/910917043292_D_06.jpg | imgs/910917043292_D_07.jpg | imgs/910917043292_D_08.jpg | imgs/910917043292_D_09.jpg | imgs/910917043292_D_10.jpg | imgs/910917043292_D_11.jpg | imgs/910917043292_D_12.jpg | imgs/910917043292_D_13.jpg | imgs/910917043292_D_14.jpg
52TOYS官方NOOK猫和老鼠联名毛绒公仔吊卡杰瑞手办挂件生日礼物,https://52toys.world.tmall.com/,https://52toys.world.tmall.com/,done,52TOYS旗舰店,https://detail.tmall.com/item.htm?id=1037227253550,1037227253550,"{""combos"": [{""款式"": {""values"": [""常规款""], ""selected"": ""常规款""}, ""颜色分类"": {""values"": [""NOOK联名毛绒公仔-20cm""], ""selected"": ""NOOK联名毛绒公仔-20cm""}, ""_combo_price"": ""款式=常规款 | 颜色分类=NOOK联名毛绒公仔-20cm | 平台加补后￥191.02\n优惠前￥199""}]}","款式=常规款 | 颜色分类=NOOK联名毛绒公仔-20cm | 平台加补后￥191.02
优惠前￥199","{""品牌"": ""52TOYS"", ""IP"": ""NOOK"", ""款式"": ""常规款"", ""颜色分类"": ""NOOK联名毛绒公仔-20cm""}",https://img.alicdn.com/imgextra/i3/3951599478/O1CN01BOa4bB2Jsz4ISTzVG-3951599478.jpg | https://img.alicdn.com/imgextra/i2/3951599478/O1CN01xDwg9c2Jsz2rmF800_!!3951599478.jpg | https://img.alicdn.com/imgextra/i3/3951599478/O1CN01i3uJIM2Jsz2rmeyjj_!!4611686018427387766-0-item_pic.jpg | https://img.alicdn.com/imgextra/i2/3951599478/O1CN01kAjjMi2Jsz2pdovSs_!!3951599478.jpg | https://img.alicdn.com/imgextra/i1/3951599478/O1CN01BJ1V4e2Jsz2o9YICq_!!3951599478.jpg,imgs/1037227253550_M_01.jpg | imgs/1037227253550_M_02.jpg | imgs/1037227253550_M_03.jpg | imgs/1037227253550_M_04.jpg | imgs/1037227253550_M_05.jpg | imgs/1037227253550_D_00.jpg | imgs/1037227253550_D_01.jpg | imgs/1037227253550_D_02.jpg | imgs/1037227253550_D_03.jpg | imgs/1037227253550_D_04.jpg | imgs/1037227253550_D_05.jpg | imgs/1037227253550_D_06.jpg | imgs/1037227253550_D_07.jpg | imgs/1037227253550_D_08.jpg | imgs/1037227253550_D_09.jpg | imgs/1037227253550_D_10.jpg | imgs/1037227253550_D_11.jpg | imgs/1037227253550_D_12.jpg | imgs/1037227253550_D_13.jpg | imgs/1037227253550_D_14.jpg
52TOYS迪士尼史迪奇在身边系列发条可动盲盒手办潮玩玩具礼物摆件,https://52toys.world.tmall.com/,https://52toys.world.tmall.com/,done,52TOYS旗舰店,https://detail.tmall.com/item.htm?id=874996293271,874996293271,"{""combos"": [{""款式描述"": {""values"": [""单盒（随机发货，不接受指定）-发条可动""], ""selected"": ""单盒（随机发货，不接受指定）-发条可动""}, ""大小"": {""values"": [""拆封后不支持无理由退货退款""], ""selected"": ""拆封后不支持无理由退货退款""}, ""_combo_price"": ""款式描述=单盒（随机发货，不接受指定）-发条可动 | 大小=拆封后不支持无理由退货退款 | 平台加补后￥40.8""}, {""款式描述"": {""values"": [""单盒（随机发货，不接受指定）-发条可动"", ""端盒（内含4只，无隐藏）""], ""selected"": ""端盒（内含4只，无隐藏）""}, ""大小"": {""values"": [""拆封后不支持无理由退货退款""], ""selected"": ""拆封后不支持无理由退货退款""}, ""_combo_price"": ""款式描述=端盒（内含4只，无隐藏） | 大小=拆封后不支持无理由退货退款 | 平台加补后￥175""}]}",款式描述=单盒（随机发货，不接受指定）-发条可动 | 大小=拆封后不支持无理由退货退款 | 平台加补后￥40.8 || 款式描述=端盒（内含4只，无隐藏） | 大小=拆封后不支持无理由退货退款 | 平台加补后￥175,"{""品牌"": ""52TOYS"", ""IP"": ""迪士尼"", ""系列名"": ""史迪奇在身边系列"", ""款式类型"": ""常规款"", ""大小"": ""拆封后不支持无理由退货退款"", ""尺寸"": ""约9-11cm"", ""概率描述"": ""在身边款:常规款1:4"", ""款式描述"": ""单盒（随机发货，不接受指定）-发条可动 端盒（内含4只，无隐藏）""}",https://img.alicdn.com/imgextra/i3/3951599478/O1CN01XE1ZpZ2Jsz4HkkQJT-3951599478.jpg |  |  |  | ,imgs/874996293271_M_00.jpg | imgs/874996293271_M_01.jpg | imgs/874996293271_M_02.jpg | imgs/874996293271_M_03.jpg | imgs/874996293271_M_04.jpg | imgs/874996293271_D_00.jpg | imgs/874996293271_D_01.jpg | imgs/874996293271_D_02.jpg | imgs/874996293271_D_03.jpg | imgs/874996293271_D_04.jpg | imgs/874996293271_D_05.jpg | imgs/874996293271_D_06.jpg | imgs/874996293271_D_07.jpg | imgs/874996293271_D_08.jpg | imgs/874996293271_D_09.jpg | imgs/874996293271_D_10.jpg | imgs/874996293271_D_11.jpg | imgs/874996293271_D_12.jpg | imgs/874996293271_D_13.jpg | imgs/874996293271_D_14.jpg | imgs/874996293271_D_15.jpg | imgs/874996293271_D_16.jpg | imgs/874996293271_D_17.jpg | imgs/874996293271_D_18.jpg | imgs/874996293271_D_19.jpg | imgs/874996293271_D_20.jpg | imgs/874996293271_D_21.jpg | imgs/874996293271_D_22.jpg | imgs/874996293271_D_23.jpg | imgs/874996293271_D_24.jpg | imgs/874996293271_D_25.jpg | imgs/874996293271_D_26.jpg | imgs/874996293271_D_27.jpg | imgs/874996293271_D_28.jpg | imgs/874996293271_D_29.jpg | imgs/874996293271_D_30.jpg | imgs/874996293271_D_31.jpg | imgs/874996293271_D_32.jpg | imgs/874996293271_D_33.jpg | imgs/874996293271_D_34.jpg
52TOYS官方Panda Roll胖哒幼掌心动物园系列毛绒挂件盲盒潮玩礼物,https://52toys.world.tmall.com/,https://52toys.world.tmall.com/,done,52TOYS旗舰店,https://detail.tmall.com/item.htm?id=1034671954979,1034671954979,"{""combos"": [{""款式描述"": {""values"": [""单盒（随机发货,概率抽隐藏）""], ""selected"": ""单盒（随机发货,概率抽隐藏）""}, ""大小"": {""values"": [""拆封后不支持无理由退货退款""], ""selected"": ""拆封后不支持无理由退货退款""}, ""_combo_price"": ""款式描述=单盒（随机发货,概率抽隐藏） | 大小=拆封后不支持无理由退货退款 | 平台加补后￥39.1""}, {""款式描述"": {""values"": [""单盒（随机发货,概率抽隐藏）"", ""端盒（内含6只,概率抽隐藏）""], ""selected"": ""端盒（内含6只,概率抽隐藏）""}, ""大小"": {""values"": [""拆封后不支持无理由退货退款""], ""selected"": ""拆封后不支持无理由退货退款""}, ""_combo_price"": ""款式描述=端盒（内含6只,概率抽隐藏） | 大小=拆封后不支持无理由退货退款 | 平台加补后￥254""}]}","款式描述=单盒（随机发货,概率抽隐藏） | 大小=拆封后不支持无理由退货退款 | 平台加补后￥39.1 || 款式描述=端盒（内含6只,概率抽隐藏） | 大小=拆封后不支持无理由退货退款 | 平台加补后￥254","{""品牌"": ""52TOYS"", ""IP"": ""Panda Roll"", ""系列名"": ""胖哒幼掌心动物园系列毛绒挂件"", ""款式类型"": ""常规款 隐藏款"", ""大小"": ""拆封后不支持无理由退货退款"", ""尺寸"": ""10cm"", ""概率描述"": ""6个常规款，1个隐藏款"", ""款式描述"": ""单盒（随机发货,概率抽隐藏） 端盒（内含6只,概率抽隐藏）""}",https://img.alicdn.com/imgextra/i4/3951599478/O1CN01fMNcoK2Jsz4DTwdON-3951599478.jpg | https://img.alicdn.com/imgextra/i2/3951599478/O1CN017yTTXU2Jsz2cLIFl5_!!3951599478.jpg | https://img.alicdn.com/imgextra/i1/3951599478/O1CN01ozMLS92Jsz2cBjr3Q_!!3951599478.jpg | https://img.alicdn.com/imgextra/i2/3951599478/O1CN01unFLvw2Jsz2ce2bko_!!3951599478.jpg | https://img.alicdn.com/imgextra/i1/3951599478/O1CN01JtVILA2Jsz2ce0rgk_!!3951599478.jpg,imgs/1034671954979_M_01.jpg | imgs/1034671954979_M_02.jpg | imgs/1034671954979_M_03.jpg | imgs/1034671954979_M_04.jpg | imgs/1034671954979_M_05.jpg | imgs/1034671954979_D_00.jpg | imgs/1034671954979_D_01.jpg | imgs/1034671954979_D_02.jpg | imgs/1034671954979_D_03.jpg | imgs/1034671954979_D_04.jpg | imgs/1034671954979_D_05.jpg | imgs/1034671954979_D_06.jpg | imgs/1034671954979_D_07.jpg | imgs/1034671954979_D_08.jpg | imgs/1034671954979_D_09.jpg | imgs/1034671954979_D_10.jpg | imgs/1034671954979_D_11.jpg | imgs/1034671954979_D_12.jpg | imgs/1034671954979_D_13.jpg | imgs/1034671954979_D_14.jpg | imgs/1034671954979_D_15.jpg | imgs/1034671954979_D_16.jpg
52TOYS蜡笔小新解压玩具键帽盲盒手办键盘按键潮玩摆件礼物,https://52toys.world.tmall.com/,https://52toys.world.tmall.com/,done,52TOYS旗舰店,https://detail.tmall.com/item.htm?id=1035603881466,1035603881466,"{""combos"": [{""款式描述"": {""values"": [""单盒（随机发货,概率抽隐藏）""], ""selected"": ""单盒（随机发货,概率抽隐藏）""}, ""大小"": {""values"": [""拆封后不支持无理由退货退款""], ""selected"": ""拆封后不支持无理由退货退款""}, ""_combo_price"": ""款式描述=单盒（随机发货,概率抽隐藏） | 大小=拆封后不支持无理由退货退款 | 平台加补后￥44.02\n优惠前￥49""}, {""款式描述"": {""values"": [""单盒（随机发货,概率抽隐藏）"", ""端盒（内含8只,概率抽隐藏）""], ""selected"": ""端盒（内含8只,概率抽隐藏）""}, ""大小"": {""values"": [""拆封后不支持无理由退货退款""], ""selected"": ""拆封后不支持无理由退货退款""}, ""_combo_price"": ""款式描述=端盒（内含8只,概率抽隐藏） | 大小=拆封后不支持无理由退货退款 | 平台加补后￥380.16\n优惠前￥392""}]}","款式描述=单盒（随机发货,概率抽隐藏） | 大小=拆封后不支持无理由退货退款 | 平台加补后￥44.02
优惠前￥49 || 款式描述=端盒（内含8只,概率抽隐藏） | 大小=拆封后不支持无理由退货退款 | 平台加补后￥380.16
优惠前￥392","{""品牌"": ""52TOYS"", ""IP"": ""蜡笔小新"", ""系列名"": ""解压玩具键帽系列"", ""ACG作品名"": ""蜡笔小新"", ""首发时间"": ""4月7-10日"", ""款式类型"": ""常规款 隐藏款"", ""大小"": ""拆封后不支持无理由退货退款"", ""尺寸"": ""5cm"", ""概率描述"": ""8个常规款，1个隐藏款"", ""款式描述"": ""单盒（随机发货,概率抽隐藏） 端盒（内含8只,概率抽隐藏）""}",https://img.alicdn.com/imgextra/i3/3951599478/O1CN01IpEeO22Jsz4JRW130-3951599478.jpg | https://img.alicdn.com/imgextra/i3/3951599478/O1CN01t0rASR2Jsz2iY0L2u_!!3951599478.jpg | https://img.alicdn.com/imgextra/i1/3951599478/O1CN014FTFv62Jsz2itv1DZ_!!3951599478.jpg | https://img.alicdn.com/imgextra/i1/3951599478/O1CN01lOseot2Jsz2iyhd1A_!!3951599478.jpg | https://img.alicdn.com/imgextra/i4/3951599478/O1CN01qpkmTt2Jsz2kHa0ad_!!3951599478.jpg,imgs/1035603881466_M_01.jpg | imgs/1035603881466_M_02.jpg | imgs/1035603881466_M_03.jpg | imgs/1035603881466_M_04.jpg | imgs/1035603881466_M_05.jpg | imgs/1035603881466_D_00.jpg | imgs/1035603881466_D_01.jpg | imgs/1035603881466_D_02.jpg | imgs/1035603881466_D_03.jpg | imgs/1035603881466_D_04.jpg | imgs/1035603881466_D_05.jpg | imgs/1035603881466_D_06.jpg | imgs/1035603881466_D_07.jpg | imgs/1035603881466_D_08.jpg | imgs/1035603881466_D_09.jpg | imgs/1035603881466_D_10.jpg | imgs/1035603881466_D_11.jpg | imgs/1035603881466_D_12.jpg | imgs/1035603881466_D_13.jpg | imgs/1035603881466_D_14.jpg | imgs/1035603881466_D_15.jpg | imgs/1035603881466_D_16.jpg | imgs/1035603881466_D_17.jpg
52TOYS罐头猪LuLu汉堡急送可动发条盲盒手办潮玩玩具摆件礼物,https://52toys.world.tmall.com/,https://52toys.world.tmall.com/,done,52TOYS旗舰店,https://detail.tmall.com/item.htm?id=984106035963,984106035963,"{""combos"": [{""款式描述"": {""values"": [""单盒（随机发货,不接受指定）""], ""selected"": ""单盒（随机发货,不接受指定）""}, ""大小"": {""values"": [""拆封后不支持无理由退货退款""], ""selected"": ""拆封后不支持无理由退货退款""}, ""_combo_price"": ""款式描述=单盒（随机发货,不接受指定） | 大小=拆封后不支持无理由退货退款 | 平台加补后￥39.12""}, {""款式描述"": {""values"": [""单盒（随机发货,不接受指定）"", ""端盒（内含4只不重复）""], ""selected"": ""端盒（内含4只不重复）""}, ""大小"": {""values"": [""拆封后不支持无理由退货退款""], ""selected"": ""拆封后不支持无理由退货退款""}, ""_combo_price"": ""款式描述=端盒（内含4只不重复） | 大小=拆封后不支持无理由退货退款 | 平台加补后￥168.08""}]}","款式描述=单盒（随机发货,不接受指定） | 大小=拆封后不支持无理由退货退款 | 平台加补后￥39.12 || 款式描述=端盒（内含4只不重复） | 大小=拆封后不支持无理由退货退款 | 平台加补后￥168.08","{""品牌"": ""52TOYS"", ""IP"": ""罐头猪LuLu"", ""系列名"": ""汉堡急送发条"", ""作品地区"": ""中国大陆"", ""款式类型"": ""常规款 可动"", ""大小"": ""拆封后不支持无理由退货退款"", ""系列类型"": ""联名系列"", ""尺寸"": ""高约10cm"", ""概率描述"": ""普通款概率1:4"", ""款式描述"": ""单盒（随机发货,不接受指定） 端盒（内含4只不重复）""}",https://img.alicdn.com/imgextra/i4/3951599478/O1CN015X59BA2Jsz4HwvxwB-3951599478.jpg | https://img.alicdn.com/imgextra/i2/3951599478/O1CN01MO8a9J2Jsz0YDcwd5_!!3951599478.jpg | https://img.alicdn.com/imgextra/i1/3951599478/O1CN01RaowXW2Jsz0YhUCi8_!!4611686018427387766-0-item_pic.jpg | https://img.alicdn.com/imgextra/i2/3951599478/O1CN01nTo6ct2Jsz0YKTtna_!!3951599478.jpg | https://img.alicdn.com/imgextra/i4/3951599478/O1CN01QInWW42Jsz0YKSQLP_!!3951599478.jpg,imgs/984106035963_M_00.jpg | imgs/984106035963_M_01.jpg | imgs/984106035963_M_02.jpg | imgs/984106035963_M_03.jpg | imgs/984106035963_M_04.jpg | imgs/984106035963_D_00.jpg | imgs/984106035963_D_01.jpg | imgs/984106035963_D_02.jpg | imgs/984106035963_D_03.jpg | imgs/984106035963_D_04.jpg | imgs/984106035963_D_05.jpg | imgs/984106035963_D_06.jpg | imgs/984106035963_D_07.jpg | imgs/984106035963_D_08.jpg | imgs/984106035963_D_09.jpg | imgs/984106035963_D_10.jpg | imgs/984106035963_D_11.jpg
52TOYS迪士尼米奇家族F1®赛道奇遇系列盲盒手办潮玩玩具摆件礼物,https://52toys.world.tmall.com/,https://52toys.world.tmall.com/,done,52TOYS旗舰店,https://detail.tmall.com/item.htm?id=1046179898617,1046179898617,"{""combos"": [{""款式描述"": {""values"": [""单盒（随机发货,概率抽隐藏）""], ""selected"": ""单盒（随机发货,概率抽隐藏）""}, ""大小"": {""values"": [""拆封后不支持无理由退货退款""], ""selected"": ""拆封后不支持无理由退货退款""}, ""_combo_price"": ""款式描述=单盒（随机发货,概率抽隐藏） | 大小=拆封后不支持无理由退货退款 | 平台加补后￥57""}, {""款式描述"": {""values"": [""单盒（随机发货,概率抽隐藏）"", ""端盒（内含6只,概率抽隐藏）""], ""selected"": ""端盒（内含6只,概率抽隐藏）""}, ""大小"": {""values"": [""拆封后不支持无理由退货退款""], ""selected"": ""拆封后不支持无理由退货退款""}, ""_combo_price"": ""款式描述=端盒（内含6只,概率抽隐藏） | 大小=拆封后不支持无理由退货退款 | 平台加补后￥360""}]}","款式描述=单盒（随机发货,概率抽隐藏） | 大小=拆封后不支持无理由退货退款 | 平台加补后￥57 || 款式描述=端盒（内含6只,概率抽隐藏） | 大小=拆封后不支持无理由退货退款 | 平台加补后￥360","{""品牌"": ""52TOYS"", ""IP"": ""迪士尼"", ""系列名"": ""米奇家族F1®赛道奇遇系列"", ""款式类型"": ""常规款 隐藏款"", ""ACG作品名"": ""米奇"", ""大小"": ""拆封后不支持无理由退货退款"", ""概率描述"": ""6个常规款，1个隐藏款"", ""款式描述"": ""单盒（随机发货,概率抽隐藏） 端盒（内含6只,概率抽隐藏）""}",https://img.alicdn.com/imgextra/i4/3951599478/O1CN011m7w5p2Jsz3hkty4R_!!4611686018427387766-0-item_pic.jpg | https://img.alicdn.com/imgextra/i4/3951599478/O1CN01oeUzz52Jsz3rlpKU2_!!3951599478.jpg | https://img.alicdn.com/imgextra/i4/3951599478/O1CN01D3Yb1l2Jsz3oyIbWB_!!3951599478.jpg | https://img.alicdn.com/imgextra/i3/3951599478/O1CN01vXN6sI2Jsz3rYmDh0_!!3951599478.jpg | https://img.alicdn.com/imgextra/i4/3951599478/O1CN01BEcUZe2Jsz3jfdN37_!!3951599478.jpg,imgs/1046179898617_M_01.jpg | imgs/1046179898617_M_02.jpg | imgs/1046179898617_M_03.jpg | imgs/1046179898617_M_04.jpg | imgs/1046179898617_M_05.jpg | imgs/1046179898617_D_00.jpg | imgs/1046179898617_D_01.jpg | imgs/1046179898617_D_02.jpg | imgs/1046179898617_D_03.jpg | imgs/1046179898617_D_04.jpg | imgs/1046179898617_D_05.jpg | imgs/1046179898617_D_06.jpg | imgs/1046179898617_D_07.jpg | imgs/1046179898617_D_08.jpg | imgs/1046179898617_D_09.jpg | imgs/1046179898617_D_10.jpg | imgs/1046179898617_D_11.jpg | imgs/1046179898617_D_12.jpg | imgs/1046179898617_D_13.jpg | imgs/1046179898617_D_14.jpg | imgs/1046179898617_D_15.jpg | imgs/1046179898617_D_16.jpg | imgs/1046179898617_D_17.jpg | imgs/1046179898617_D_18.jpg | imgs/1046179898617_D_19.jpg | imgs/1046179898617_D_20.jpg | imgs/1046179898617_D_21.jpg | imgs/1046179898617_D_22.jpg
52TOYS蜡笔小新春日部之家系列盲盒手办潮玩玩具公仔摆件礼物,https://52toys.world.tmall.com/,https://52toys.world.tmall.com/,done,52TOYS旗舰店,https://detail.tmall.com/item.htm?id=766657620667,766657620667,"{""combos"": [{""款式描述"": {""values"": [""单盒（随机发货，不接受指定）""], ""selected"": ""单盒（随机发货，不接受指定）""}, ""大小"": {""values"": [""拆封后不支持无理由退货退款""], ""selected"": ""拆封后不支持无理由退货退款""}, ""_combo_price"": ""款式描述=单盒（随机发货，不接受指定） | 大小=拆封后不支持无理由退货退款 | 平台加补后￥47.3""}, {""款式描述"": {""values"": [""单盒（随机发货，不接受指定）"", ""端盒（内含8只,不重复）""], ""selected"": ""端盒（内含8只,不重复）""}, ""大小"": {""values"": [""拆封后不支持无理由退货退款""], ""selected"": ""拆封后不支持无理由退货退款""}, ""_combo_price"": ""款式描述=端盒（内含8只,不重复） | 大小=拆封后不支持无理由退货退款 | 平台加补后￥406""}]}","款式描述=单盒（随机发货，不接受指定） | 大小=拆封后不支持无理由退货退款 | 平台加补后￥47.3 || 款式描述=端盒（内含8只,不重复） | 大小=拆封后不支持无理由退货退款 | 平台加补后￥406","{""品牌"": ""52TOYS"", ""IP"": ""蜡笔小新"", ""系列名"": ""春日部之家"", ""款式类型"": ""常规款 隐藏款"", ""大小"": ""拆封后不支持无理由退货退款"", ""尺寸"": ""约4.5-7.5cm"", ""概率描述"": ""隐藏款概率1:72"", ""款式描述"": ""单盒（随机发货，不接受指定） 端盒（内含8只,不重复）""}",https://img.alicdn.com/imgextra/i3/3951599478/O1CN016YzAo72Jsz4Hj2bBG-3951599478.jpg | https://img.alicdn.com/imgextra/i3/3951599478/O1CN01WJLzq22JsyuaL8hNU_!!3951599478.jpg | https://img.alicdn.com/imgextra/i3/3951599478/O1CN01HagOMV2JsyuZM1Y9D_!!3951599478.jpg | https://img.alicdn.com/imgextra/i2/3951599478/O1CN01JfTIfM2JsyuaLAqMx_!!3951599478.jpg | https://img.alicdn.com/imgextra/i3/3951599478/O1CN017LJOdd2JsyuZM35n2_!!3951599478.jpg,imgs/766657620667_M_01.jpg | imgs/766657620667_M_02.jpg | imgs/766657620667_M_03.jpg | imgs/766657620667_M_04.jpg | imgs/766657620667_M_05.jpg | imgs/766657620667_D_00.jpg | imgs/766657620667_D_01.jpg | imgs/766657620667_D_02.jpg | imgs/766657620667_D_03.jpg | imgs/766657620667_D_04.jpg | imgs/766657620667_D_05.jpg | imgs/766657620667_D_06.jpg | imgs/766657620667_D_07.jpg | imgs/766657620667_D_08.jpg | imgs/766657620667_D_09.jpg | imgs/766657620667_D_10.jpg | imgs/766657620667_D_11.jpg | imgs/766657620667_D_12.jpg | imgs/766657620667_D_13.jpg | imgs/766657620667_D_14.jpg
52TOYS蜡笔小新MiniMe自在躺平盲盒萌粒小鼻嘎盲袋潮玩摆件礼物,https://52toys.world.tmall.com/,https://52toys.world.tmall.com/,done,52TOYS旗舰店,https://detail.tmall.com/item.htm?id=971009593483,971009593483,"{""combos"": [{""款式描述"": {""values"": [""3只装（不重复，概率抽隐藏）""], ""selected"": ""3只装（不重复，概率抽隐藏）""}, ""大小"": {""values"": [""拆封后不支持无理由退货退款""], ""selected"": ""拆封后不支持无理由退货退款""}, ""_combo_price"": ""款式描述=3只装（不重复，概率抽隐藏） | 大小=拆封后不支持无理由退货退款 | 平台加补后￥49.1""}, {""款式描述"": {""values"": [""3只装（不重复，概率抽隐藏）"", ""端盒（内含20只，概率抽隐藏）""], ""selected"": ""端盒（内含20只，概率抽隐藏）""}, ""大小"": {""values"": [""拆封后不支持无理由退货退款""], ""selected"": ""拆封后不支持无理由退货退款""}, ""_combo_price"": ""款式描述=端盒（内含20只，概率抽隐藏） | 大小=拆封后不支持无理由退货退款 | 平台加补后￥354""}]}",款式描述=3只装（不重复，概率抽隐藏） | 大小=拆封后不支持无理由退货退款 | 平台加补后￥49.1 || 款式描述=端盒（内含20只，概率抽隐藏） | 大小=拆封后不支持无理由退货退款 | 平台加补后￥354,"{""品牌"": ""52TOYS"", ""IP"": ""蜡笔小新"", ""系列名"": ""MiniMe-自在躺平系列"", ""款式类型"": ""常规款 隐藏款"", ""ACG作品名"": ""蜡笔小新"", ""大小"": ""拆封后不支持无理由退货退款"", ""概率描述"": ""1/180"", ""款式描述"": ""3只装（不重复，概率抽隐藏） 端盒（内含20只，概率抽隐藏）""}",https://img.alicdn.com/imgextra/i3/3951599478/O1CN01lCO6Rc2Jsz4DTqOSS-3951599478.jpg | https://img.alicdn.com/imgextra/i2/3951599478/O1CN01tjXrCI2Jsz02KunfS_!!3951599478.jpg | https://img.alicdn.com/imgextra/i1/3951599478/O1CN01UwbtwF2Jsz00NNrSd_!!3951599478.jpg | https://img.alicdn.com/imgextra/i1/3951599478/O1CN01kD9c8S2Jsz01uZ9K4_!!3951599478.jpg | https://img.alicdn.com/imgextra/i3/3951599478/O1CN01QnEfBe2Jsz01khWhh_!!3951599478.jpg,imgs/971009593483_M_01.jpg | imgs/971009593483_M_02.jpg | imgs/971009593483_M_03.jpg | imgs/971009593483_M_04.jpg | imgs/971009593483_M_05.jpg | imgs/971009593483_D_00.jpg | imgs/971009593483_D_01.jpg | imgs/971009593483_D_02.jpg | imgs/971009593483_D_03.jpg | imgs/971009593483_D_04.jpg | imgs/971009593483_D_05.jpg | imgs/971009593483_D_06.jpg | imgs/971009593483_D_07.jpg | imgs/971009593483_D_08.jpg | imgs/971009593483_D_09.jpg | imgs/971009593483_D_10.jpg | imgs/971009593483_D_11.jpg | imgs/971009593483_D_12.jpg | imgs/971009593483_D_13.jpg | imgs/971009593483_D_14.jpg | imgs/971009593483_D_15.jpg | imgs/971009593483_D_16.jpg | imgs/971009593483_D_17.jpg | imgs/971009593483_D_18.jpg
