post_id,author_id,created_at,text,conversation_id,parent_post_id,in_reply_to_user_id,lang,query_group,is_reply,is_quote,is_repost,like_count,reply_count,repost_count
2084056252536016977,,2026-08-02T23:18:25.000Z,DM sent!,2084055551215120708,2084055551215120708,,en,官方回应帖,True,False,False,0,0,0
2084054803705925762,,2026-08-02T23:12:39.000Z,"@lululemon
 guys, please do not use Veho, they delivered my package at 9:30pm and it seems it's gone walkabout.",2084055551215120708,2084055551215120708,,en,官方回应帖,True,False,False,0,1,0
2077867053470408886,,2026-07-16T21:24:45.000Z,Oh I definitely did. Check your dms,2077866638280733069,2077866638280733069,,en,官方回应帖,True,False,False,0,0,0
2077863652229611961,,2026-07-16T21:11:14.000Z,"@lululemon
 ridiculous",2077866638280733069,2077866638280733069,,fr,官方回应帖,True,False,False,0,1,0
2077829363064799506,,2026-07-16T18:54:59.000Z,Sent :),2077827294685749630,2077827294685749630,,en,官方回应帖,True,False,False,0,0,0
2077825439356346621,,2026-07-16T18:39:23.000Z,"@lululemon
 why does my app keep logging me out of my account and then saying there’s an issue with my password or email. When I just reset my password this morning from this issue .. 
@lululemon
#Help",2077827294685749630,2077827294685749630,,en,官方回应帖,True,False,False,0,1,0
2077826164153065633,,2026-07-16T18:42:16.000Z,"@lululemon
 and my account keeps getting locked for 5 minutes because it’s saying my correct account information is wrong when I’m trying to login. #Help",2077827294685749630,2077827294685749630,,en,官方回应帖,True,False,False,0,2,0
2077143278571729002,,2026-07-14T21:28:43.000Z,We're glad your package made its way to its forever home. The Heavyweight Classic-Fit Cotton T-Shirt is a classic—be sure to stay tuned on our website or app to be the first to know when it'll return.,2076708258509922512,2076708258509922512,,en,官方回应帖,True,False,False,0,0,0
2076688644350300582,,2026-07-13T15:22:10.000Z,"Can I get a refund on my free tracking? My package was supposed to be here Friday. It's Monday. 
@lululemon",2076708258509922512,2076708258509922512,,en,官方回应帖,True,False,False,0,1,0
2077137260575592561,,2026-07-14T21:04:48.000Z,"Never mind, it came today. While I have your attention tho- can you do another run of these? They're my favorite. Thanks.",2076708258509922512,2076708258509922512,,en,官方回应帖,True,False,False,0,1,0
2073211867326013799,,2026-07-04T01:06:42.000Z,"Hey 
@lululemon
, your account system verifies the email you're changing from, but not the one you're changing to. If the new address is mistyped and belongs to someone else, they'll have access to your account. Support says they can't fix it due to ""security."" Please investigate.",2073223982594376063,2073223982594376063,,en,官方回应帖,True,False,False,2,1,0
2073174361532404066,,2026-07-03T22:37:40.000Z,Sending a DM now.,2073155391291269576,2073155391291269576,,en,官方回应帖,True,False,False,0,0,0
2073146670565540068,,2026-07-03T20:47:38.000Z,"I tried to use my military discount at #lululemon when the cashier told me I couldn’t use it bc my father isn’t active in the military. My father was a sergeant in the national guard when he passed in 2013. Please explain how it’s possible he could be active today, 
@lululemon
?",2073155391291269576,2073155391291269576,,en,官方回应帖,True,False,False,1,1,0
2072121894405370203,,2026-07-01T00:55:32.000Z,I love lulu . Come on when is chip wilson back ? He needs to roll up his sleeves and take lulu shares back up and fire all the lousy people who don’t get the job done !!!,2070207091516883036,2070207091516883036,,en,官方回应帖,True,False,False,1,0,1
2070204730127605910,,2026-06-25T17:57:24.000Z,"@lululemon
 I tried four times to buy a gift card online for someone. Four times your second party card provider denied four different credit cards ""security criteria not met""! Platinum amex. Gave up and spent my money elsewhere",2070207091516883036,2070207091516883036,,en,官方回应帖,True,False,False,0,1,0
2069847348415525102,,2026-06-24T18:17:18.000Z,,2069847253163110646,2069847253163110646,,qme,官方回应帖,True,False,False,0,0,0
2069845682836406405,,2026-06-24T18:10:41.000Z,"I love you 
@lululemon",2069847253163110646,2069847253163110646,,en,官方回应帖,True,False,False,2,1,0
2069896789021344182,,2026-06-24T21:33:45.000Z,Well I hope to see it soon been waiting a year now,2067275641150681508,2067275641150681508,,en,官方回应帖,True,False,False,0,0,0
2067265387167654254,,2026-06-17T15:17:30.000Z,"@lululemon
 we really need the Lululemon Yoga Define Jacket, Size 20 , and other sizes as well and the Groove Nulu High-Rise Flared Pant back in those sizes",2067275641150681508,2067275641150681508,,en,官方回应帖,True,False,False,0,1,0
2065834902625587305,,2026-06-13T16:33:16.000Z,Fuck u lulu,2065768477399629908,2065768477399629908,,et,官方回应帖,True,False,False,0,0,0
2065663647775588481,,2026-06-13T05:12:46.000Z,"A New Source of Strength w/ 
@lululemon
#lululemonambassador#lululemon",2065768477399629908,2065768477399629908,,en,官方回应帖,True,False,False,13,1,1
2065015731628953818,,2026-06-11T10:18:11.000Z,Is it getting a uk release,2064830393262764442,2064830393262764442,,en,官方回应帖,True,False,False,0,0,0
2064829110510047696,,2026-06-10T21:56:37.000Z,"@lululemon
 when is this being released on the uk site ?",2064830393262764442,2064830393262764442,,en,官方回应帖,True,False,False,0,1,0
2063028056109817879,,2026-06-05T22:39:52.000Z,Thank you! I have three pairs and love them! They work well for any occasion!,2063027573903524157,2063027573903524157,,en,官方回应帖,True,False,False,0,0,0
2063023436276875432,,2026-06-05T22:21:30.000Z,"@lululemon
 btw could you please bring back the men’s canvas joggers? Excellent product! Thanks!",2063027573903524157,2063027573903524157,,en,官方回应帖,True,False,False,0,1,0
2061893601890545865,,2026-06-02T19:31:57.000Z,Yes thank u,2061893246222262328,2061893246222262328,,en,官方回应帖,True,False,False,0,0,0
2061892222535061519,,2026-06-02T19:26:28.000Z,"@lululemon
 I need a dark gray set",2061893246222262328,2061893246222262328,,en,官方回应帖,True,False,False,0,1,0
2055691096932389205,,2026-05-16T16:45:25.000Z,I am a shareholder! Can you explain this hijab shit to us ? Whatever who did this should be fired!,2055670395626525088,2055670395626525088,,en,官方回应帖,True,False,False,0,0,0
2055668536601612312,,2026-05-16T15:15:46.000Z,"@lululemon
 When are you going to start making the pace rival skirt short again? I really need a few.",2055670395626525088,2055670395626525088,,en,官方回应帖,True,False,False,0,1,0
1329606813185138688,,2020-11-20T02:05:41.000Z,Just peek over at our virtual shelves—stocked with all the latest: http://spr.ly/6019HGnkF.,1329596775158538240,1329596775158538240,,en,官方回应帖,True,False,False,0,0,0
2053885968370028715,,2026-05-11T17:12:28.000Z,"While we're unsure which bomber style has caught your attention, you can take a peek at what's currently available on our website: https://shop.lululemon.com/en-ca/search?Ntt=bomber… or please send us a DM for more support.",1329596775158538240,1329596775158538240,,en,官方回应帖,True,False,False,0,0,0
1329629915688341504,,2020-11-20T03:37:29.000Z,He is the coolest.,1329596775158538240,1329596775158538240,,en,官方回应帖,True,False,False,1,0,0
1329621361841606656,,2020-11-20T03:03:30.000Z,Did he wear those when he bombed other countries with drone strikes?,1329596775158538240,1329596775158538240,,en,官方回应帖,True,False,False,2,0,0
1329597847570952202,,2020-11-20T01:30:04.000Z,Love my Lululemon!,1329596775158538240,1329596775158538240,,tl,官方回应帖,True,False,False,2,0,0
1329600991839227906,,2020-11-20T01:42:33.000Z,Is there a 2020 version?,1329596775158538240,1329596775158538240,,en,官方回应帖,True,False,False,0,1,0
2053882580303581462,,2026-05-11T16:59:01.000Z,do you have this bomber now ？i want buy to my son,1329596775158538240,1329596775158538240,,en,官方回应帖,True,False,False,0,1,0
2052939915155931412,,2026-05-09T02:33:12.000Z,I did you offered me a $10 dollar gift card. I said that was ridiculous and then you upped it to 20. Still ridiculous so here I am on X.,2052939597462835357,2052939597462835357,,en,官方回应帖,True,False,False,4,1,1
2052921580028653952,,2026-05-09T01:20:20.000Z,"Awesome job Lululemon 700 dollar order. Just thrown in a box that smells like weed and to top it off you left a tag on my swim trunks. 
@lululemon",2052939597462835357,2052939597462835357,,en,官方回应帖,True,False,False,5,2,2
2000550478112026829,,2025-12-15T12:56:17.000Z,"An unexpected order delay isn't the experience we want for you, Olivia. We appreciate your patience and would love to offer more support. Please send us a private message that includes your full name, email address, and order ID, so we can look into this situation.",1819126454229389633,1819126454229389633,,en,官方回应帖,True,False,False,1,1,0
2006732464681623742,,2026-01-01T14:21:17.000Z,We'd be happy to chat about this further and take a closer look into how we can best support you. Feel free to send a DM our way at any time to continue the conversation.,1819126454229389633,1819126454229389633,,en,官方回应帖,True,False,False,0,0,0
2000408879902130397,,2025-12-15T03:33:37.000Z,"@lululemon
 why do you use 
@OnTrac_Shipping
 they continually lose my packages or their delivery is beyond the two weeks currently they cannot find my package they keep claiming exception or delayed due to weather. It’s over two weeks. Why did you stop shipping with UPS or FedEx?",1819126454229389633,1819126454229389633,,en,官方回应帖,True,False,False,3,2,1
2006598881799254259,,2026-01-01T05:30:28.000Z,I ordered shorts on sale and Lululemon said my order was canceled because it could not be delivered to my office. This is a scam. Send me my order that I paid for!,1819126454229389633,1819126454229389633,,en,官方回应帖,True,False,False,3,2,1
1948026792813510920,,2025-07-23T14:25:54.000Z,Last week I bought my daughter a $100 backpack and it will be here in two days. I’d like to cancel it. I found the same product on eBay for $40. How do I return this one?,1819126454229389633,1819126454229389633,,en,官方回应帖,True,False,False,1,1,0
1948027921509359989,,2025-07-23T14:30:23.000Z,"We understand that you have a question about your most recent order, and we'd love to guide you in the right direction. Please send us a private message with your order details and we'll look into this for you.",1819126454229389633,1819126454229389633,,en,官方回应帖,True,False,False,0,1,0
2035004930063573202,,2026-03-20T14:45:58.000Z,"Bought pants at your Foshan store on Feb 11, 2026. After normal wear for a short time, the knee area showed visible snagging and surface damage. Premium price, disappointing quality, poor handling. Please respond and resolve this properly.I expect accountability.",1819126454229389633,1819126454229389633,,en,官方回应帖,True,False,False,0,1,0
1872149209048309968,,2024-12-26T05:15:28.000Z,"@lululemon You shouldn’t Guarantee delivery by Xmas if you can’t do it. Then have two separate customer service reps, sorry “educators”, lie and say not to pay attention to the tracking it will def be delivered in time. It wasn’t. Guaranteed my a$$!",1819126454229389633,1819126454229389633,,en,官方回应帖,True,False,False,2,1,0
1872304908663185877,,2024-12-26T15:34:10.000Z,"We're disappointed to hear that your package didn't land with you when it was supposed to, so we'd love to support you further. Send us a PM with your full name, email address, and order ID, and we'll be happy to assist you.",1819126454229389633,1819126454229389633,,en,官方回应帖,True,False,False,0,1,0
1822097002550714577,,2024-08-10T02:25:52.000Z,"We understand you received a bra instead of a pair of shorts. We're here to support you. When you have moment, please message us with your full name, email, and order ID.",1819126454229389633,1819126454229389633,,en,官方回应帖,True,False,False,0,3,0
1872856871729586421,,2024-12-28T04:07:28.000Z,Our Design team likes to keep us guessing—stay tuned on our app or website for all the latest arrivals dropping weekly.,1819126454229389633,1819126454229389633,,en,官方回应帖,True,False,False,0,0,1
1860665262887846305,,2024-11-24T12:42:22.000Z,"While we don't know what the future holds when it comes to restocks, we'll be sure to pass along your feedback to our Design team. Be sure to sign up for product notification emails, so you're in the know when items make a reappearance.",1819126454229389633,1819126454229389633,,en,官方回应帖,True,False,False,1,1,0
1875687692962263435,,2025-01-04T23:36:09.000Z,"Hearing this isn't sitting right with us. When you have a moment please send us a private message with your full name, email address, and billing address. We'd be happy to support you.",1819126454229389633,1819126454229389633,,en,官方回应帖,True,False,False,0,0,0
1868020393014944145,,2024-12-14T19:49:02.000Z,"This isn't what we like to hear. Feedback is at the heart of what we do—feel free to send us a PM, so we can continue the conversation there.",1819126454229389633,1819126454229389633,,en,官方回应帖,True,False,False,0,0,0
1870335850623500637,,2024-12-21T05:09:50.000Z,ugly racist freaks,1819126454229389633,1819126454229389633,,en,官方回应帖,True,False,False,19,1,0
1863317889178021906,,2024-12-01T20:22:58.000Z,@lululemon,1819126454229389633,1819126454229389633,,qam,官方回应帖,True,False,False,0,2,0
2052446573863276989,,2026-05-07T17:52:50.000Z,Can yall make men’s running tight in 6 inch ?,1819126454229389633,1819126454229389633,,en,官方回应帖,True,False,False,0,1,0
1822094361477214515,,2024-08-10T02:15:23.000Z,"All is good until your order is delayed and completely wrong. C’mmon 
@lululemon
 you can do better than that. Order shorts for my son and got a pink bra instead #gotitwrong#candobetterr#ordergonebad",1819126454229389633,1819126454229389633,,en,官方回应帖,True,False,False,9,4,0
1872855879550455965,,2024-12-28T04:03:32.000Z,"@lululemon
 will the gold and black define jacket be restocked??",1819126454229389633,1819126454229389633,,en,官方回应帖,True,False,False,4,1,0
1860569496416665921,,2024-11-24T06:21:50.000Z,When will you restock the Define jackets in Garnet?!?,1819126454229389633,1819126454229389633,,en,官方回应帖,True,False,False,4,1,0
1875684257202598030,,2025-01-04T23:22:30.000Z,Worst customer service. FIRST you sent me someone else’s order. THEN sent the replacement items to the wrong person. THEN was told I could only get a gift card (not refund to my credit card). THEN was issued a gift card in Canadian dollars NOT US dollars. What the heck!,1819126454229389633,1819126454229389633,,en,官方回应帖,True,False,False,6,1,0
1868019271126962485,,2024-12-14T19:44:35.000Z,Keira at the Howell’s Mill location is horrible! Rude and obviously hates customers.,1819126454229389633,1819126454229389633,,en,官方回应帖,True,False,False,0,1,0
2044143117742551305,,2026-04-14T19:57:52.000Z,Is this true ?,1819126454229389633,1819126454229389633,,en,官方回应帖,True,False,False,7,0,1
1833282643862974748,,2024-09-09T23:13:37.000Z,Record breaking profits? Hiring cheap foreign labour to increase your profits. Not really a #TeamCanada player are you?,1819126454229389633,1819126454229389633,,en,官方回应帖,True,False,False,15,0,1
2055425886401311177,,2026-05-15T23:11:33.000Z,Bye,1819126454229389633,1819126454229389633,,und,官方回应帖,True,False,False,3,0,0
2055428327590993975,,2026-05-15T23:21:15.000Z,I will never buy from you again. Your anti-woman selling to religious fanatics.,1819126454229389633,1819126454229389633,,en,官方回应帖,True,False,False,3,0,0
2055368182655746537,,2026-05-15T19:22:16.000Z,Why are you suddenly catering to Islamic women and not American women?,1819126454229389633,1819126454229389633,,en,官方回应帖,True,False,False,3,0,0
2055433708002562053,,2026-05-15T23:42:38.000Z,Lululemon is now selling hijabs for Muslim women. I wish I was kidding… but I’m not.,1819126454229389633,1819126454229389633,,en,官方回应帖,True,False,False,3,0,0
2055416249619026392,,2026-05-15T22:33:16.000Z,Lululemon is WOKE as hell! Dont support Lululemon! Theu support the WOKE liberal agenda!,1819126454229389633,1819126454229389633,,en,官方回应帖,True,False,False,3,0,0
2055450946214264844,,2026-05-16T00:51:08.000Z,"I hate that you’re selling hijabs. It encourages a toxic misogynist culture towards females. Women have beautiful hair. NONE of us need to cover it no matter the race nor the religion. Do better, Lululemon.",1819126454229389633,1819126454229389633,,en,官方回应帖,True,False,False,3,0,0
2055386840220234083,,2026-05-15T20:36:24.000Z,Lulu terrorist,1819126454229389633,1819126454229389633,,in,官方回应帖,True,False,False,3,0,0
2055439822588649746,,2026-05-16T00:06:56.000Z,I hope you go bankrupt.,1819126454229389633,1819126454229389633,,en,官方回应帖,True,False,False,3,0,0
1819207470394363928,,2024-08-02T03:03:54.000Z,"Yes congrats to 
@summermcintoshh
 for her fly Gold. Too bad she had to walk with the ugliest suit 
@lululemon
 to get her medal",1819126454229389633,1819126454229389633,,en,官方回应帖,True,False,False,4,1,2
2055439518371618888,,2026-05-16T00:05:44.000Z,I will never shop here again!!,1819126454229389633,1819126454229389633,,en,官方回应帖,True,False,False,3,0,0
2055461803271106613,,2026-05-16T01:34:17.000Z,You do not support us. #boycottlululemon,1819126454229389633,1819126454229389633,,en,官方回应帖,True,False,False,3,0,0
1821360951716684210,,2024-08-08T01:41:04.000Z,Summer was sensational! The Lululemon Olympic Team Canada track suit was not.,1819126454229389633,1819126454229389633,,en,官方回应帖,True,False,False,5,0,1
2055626830388850714,,2026-05-16T12:30:02.000Z,Why are you supporting the oppression of women. The hijab is a sign of abuse and discrimination against women. You cannot play word gsmes with Sharia. Stand up for women. You are bowing to religpus male domination.,1819126454229389633,1819126454229389633,,en,官方回应帖,True,False,False,2,0,0
2055414660417941917,,2026-05-15T22:26:57.000Z,Care to comment?,1819126454229389633,1819126454229389633,,en,官方回应帖,True,False,False,2,0,0
2055667621505519980,,2026-05-16T15:12:08.000Z,Hijabs! No thanks. #IncompatibleIslam,1819126454229389633,1819126454229389633,,en,官方回应帖,True,False,False,2,0,0
2055503436226162951,,2026-05-16T04:19:43.000Z,You support oppression. I will NEVER BUY your merchandise again. SHAMEFUL!,1819126454229389633,1819126454229389633,,en,官方回应帖,True,False,False,2,0,0
1998798349542019388,,2025-12-10T16:53:57.000Z,Don’t purchase from lululemon. I’ve supported them for years but after an online purchase has 854 dollars of my money missing from my account (approved by my bank) they don’t give a shit,1819126454229389633,1819126454229389633,,en,官方回应帖,True,False,False,1,1,1
2055516425096409442,,2026-05-16T05:11:20.000Z,Lululemon is such a joke. Can we please stop pandering to Islam? Like how are you gonna sell slutty little sports bras and a hijab? Those are two opposing ideas.,1819126454229389633,1819126454229389633,,en,官方回应帖,True,False,False,2,0,0
2055510158634352802,,2026-05-16T04:46:26.000Z,Hajabs? WTF!!!! Why does Lululemon hate women so much!,1819126454229389633,1819126454229389633,,en,官方回应帖,True,False,False,2,0,0
2055694860397535581,,2026-05-16T17:00:22.000Z,You’re a Terrorist supporter,1819126454229389633,1819126454229389633,,en,官方回应帖,True,False,False,2,0,0
2058693529593847901,,2026-05-24T23:36:00.000Z,"As I'm not a t*rr*r*st Paedophile prophet worshipper you don't want my MONEY,so you'll get your money from tent wearers",1819126454229389633,1819126454229389633,,en,官方回应帖,True,False,False,1,0,1
2055401621652144187,,2026-05-15T21:35:08.000Z,So you hate women? Sharia law is horrible to women! Never buying from your company!,1819126454229389633,1819126454229389633,,en,官方回应帖,True,False,False,2,0,0
2055482105765974274,,2026-05-16T02:54:57.000Z,You guys sell Hijabs Terrorists garments. Go woke. Go broke. Bye.,1819126454229389633,1819126454229389633,,en,官方回应帖,True,False,False,1,0,0
2043835551183249506,,2026-04-13T23:35:42.000Z,WTF????,1819126454229389633,1819126454229389633,,und,官方回应帖,True,False,False,1,0,0
1974235902768455854,,2025-10-03T22:11:33.000Z,LULU GOT NOTHING ON ME LOL THE MENS WEAR CAN NOT COMPETE WITH ME,1819126454229389633,1819126454229389633,,en,官方回应帖,True,False,False,0,0,0
2043846171362267637,,2026-04-14T00:17:54.000Z,"BREAKING: I launched an investigation into Lululemon over the potential presence of toxic ""forever chemicals"" in activewear.",1819126454229389633,1819126454229389633,,en,官方回应帖,True,False,False,2,0,0
2055666252040069184,,2026-05-16T15:06:41.000Z,I am returning everything I bought.,1819126454229389633,1819126454229389633,,en,官方回应帖,True,False,False,1,0,0
2005328065162051752,,2025-12-28T17:20:42.000Z,"I gave 
@lululemon
 11 days to deliver a physical gift card ordered on Dec 18. Promised delivery: Dec 30. Today, the gift is nowhere to be found, and their 'Resolutions Team' wants another 3 days to 'look into it.' A gift card shouldn't take 2 weeks to arrive,",1819126454229389633,1819126454229389633,,en,官方回应帖,True,False,False,1,2,2
2020118335246016797,,2026-02-07T12:51:57.000Z,I feel insulted over your disgusting clothing designs for the post national state of Canada. what a joke. Honestly would you wear that in public? or even in the bush?,1819126454229389633,1819126454229389633,,en,官方回应帖,True,False,False,2,0,0
2022316145592631801,,2026-02-13T14:25:16.000Z,STOP MAKING CLOTHING GENDER NUTRUAL CLOTHING!!!!!!!! PEOPLE are not BUILT LIKE SQUARES….. your clothing has gone down hill so fast.,1819126454229389633,1819126454229389633,,en,官方回应帖,True,False,False,0,0,0
1875019418872467873,,2025-01-03T03:20:40.000Z,litterally about to have a whole ass DEGREE - multiple job experiences as well as customer service and im “not qualified” to sell leggings fix your managers at university park village,1819126454229389633,1819126454229389633,,en,官方回应帖,True,False,False,1,0,0
2019945919802687779,,2026-02-07T01:26:50.000Z,Really bad jackets guys,1819126454229389633,1819126454229389633,,en,官方回应帖,True,False,False,1,0,0
1833501250836381755,,2024-09-10T13:42:17.000Z,This is not a good look for your brand.,1819126454229389633,1819126454229389633,,en,官方回应帖,True,False,False,3,0,0
1966573455241081312,,2025-09-12T18:43:43.000Z,"I'm curious, have you fired Amanda for this outrageous post? Surely you don't want to be associated with such evil.",1819126454229389633,1819126454229389633,,en,官方回应帖,True,False,False,1,0,0
2043734819293610287,,2026-04-13T16:55:26.000Z,WTF? Care to comment?,1819126454229389633,1819126454229389633,,en,官方回应帖,True,False,False,1,0,0
1822715575145046085,,2024-08-11T19:23:52.000Z,Please don’t ever design outfits for our Olympic team again. Horrendous.,1819126454229389633,1819126454229389633,,en,官方回应帖,True,False,False,13,1,1
2020610773006098838,,2026-02-08T21:28:44.000Z,I wonder why there is no mention of the embarrassing lululemon Canadian olympic turd coats,1819126454229389633,1819126454229389633,,en,官方回应帖,True,False,False,1,0,0
2020231255460364595,,2026-02-07T20:20:40.000Z,Worst Olympic designs ever.,1819126454229389633,1819126454229389633,,en,官方回应帖,True,False,False,1,0,0
1948083915815805025,,2025-07-23T18:12:53.000Z,"I refused to buy anything from Lululemon they fired the employees who called the cops on thieves, the thieves book customers at risk. This is the reason I will never shop at Lululemon. They are a bunch of woke cowards.. They deserve to go out of business.",1819126454229389633,1819126454229389633,,en,官方回应帖,True,False,False,3,0,0
1920881702760493492,,2025-05-09T16:41:00.000Z,I had ordered a package that was due to be delivered on May 6th. It’s May 9th and it’s still not delivered. I called helpline and they told me that order cannot be cancelled if it is shipped. Who can help me here in either delivering the package or cancelling it?,1819126454229389633,1819126454229389633,,en,官方回应帖,True,False,False,3,0,0
2067285172148482291,,2026-06-17T16:36:07.000Z,You're really making hajibs now? Something that hold women down? Done with you@,1819126454229389633,1819126454229389633,,en,官方回应帖,True,False,False,1,0,0
2055685762532712634,,2026-05-16T16:24:13.000Z,Disgusting company,1819126454229389633,1819126454229389633,,en,官方回应帖,True,False,False,1,0,0
2082830294793801754,,2026-07-30T14:06:54.000Z,日本人を馬鹿にすることを目的とした法人名が「lululemon」。 その日本人を馬鹿にした法人名をそのままに、日本で商売しようとは、どういう神経をしているんですか？ 日本人をこけにするのは、そんなに楽しいですか？ https://wedspink.com/uncategorized/lululemon/…,1819126454229389633,1819126454229389633,,ja,官方回应帖,True,False,False,0,1,0
2055411566078574729,,2026-05-15T22:14:39.000Z,Is this you? I will no longer purchase any of your products. I'm done. #BoycottLululemon,1819126454229389633,1819126454229389633,,en,官方回应帖,True,False,False,0,0,0
1987590710951027158,,2025-11-09T18:38:47.000Z,Go woke…go broke!,1819126454229389633,1819126454229389633,,en,官方回应帖,True,False,False,1,0,0
1944645128062144902,,2025-07-14T06:28:22.000Z,I hope you also support Summer if she object when a man pretending to be a woman wants to swim against her.,1819126454229389633,1819126454229389633,,en,官方回应帖,True,False,False,3,1,0
1940525829223862785,,2025-07-02T21:39:45.000Z,"Don't waste your money, shop at costco",1819126454229389633,1819126454229389633,,en,官方回应帖,True,False,False,2,0,0
2064390691032055940,,2026-06-09T16:54:29.000Z,"You say you support women…then your wokeness genuflects to the most crushing, evil, and barbaric theocracy humanity has ever known. A theocracy that states in its scripture that women are inferior to men in every way. Make it make sense.",1819126454229389633,1819126454229389633,,en,官方回应帖,True,False,False,0,0,0
1963988595368157472,,2025-09-05T15:32:24.000Z,"DM me, I would like to consult on how to regain market share and turn a profit, just pay me in shares…",1819126454229389633,1819126454229389633,,en,官方回应帖,True,False,False,0,0,0
2044130226595148155,,2026-04-14T19:06:38.000Z,"Why don’t you post on X anymore? Are you guys American hating assholes? If so, get the fuck out of our country. Elon Musk unlocked free speech in America, if you can’t see that then you have no business profiting from this beautiful country",1819126454229389633,1819126454229389633,,en,官方回应帖,True,False,False,0,0,0
2044137937822941518,,2026-04-14T19:37:17.000Z,Hello given the latest news I’d like all my new items (with tags on) to be replaced. Who do I contact and what will you do about the carcinogens in your fabrics?,1819126454229389633,1819126454229389633,,en,官方回应帖,True,False,False,1,0,0
1826020334484729995,,2024-08-20T22:15:48.000Z,"Will you please bring back the men's Scuba hoodie? Or, at least throw the Lululemon embroidered monogram onto the steady state hoodie...",1819126454229389633,1819126454229389633,,en,官方回应帖,True,False,False,1,0,0
2055423540132737457,,2026-05-15T23:02:14.000Z,Lululemon is now selling hijabs for Muslim women. I wish I was kidding… but I’m not.,1819126454229389633,1819126454229389633,,en,官方回应帖,True,False,False,0,0,0
2057168745580188069,,2026-05-20T18:37:03.000Z,"Normalizing women forced to cover their hair due to Islam, is NOT A GOOD LOOK FOR YOUR COMPANY!",1819126454229389633,1819126454229389633,,en,官方回应帖,True,False,False,1,0,0
1908924888900915206,,2025-04-06T16:48:54.000Z,"I have a DM exchange with you that was initially responded to, and then nothing for the last month. Could someone please check it? Thanks.",1819126454229389633,1819126454229389633,,en,官方回应帖,True,False,False,1,0,0
1874957998176764293,,2025-01-02T23:16:36.000Z,I'm not eishing u happy new year I'm to fat and to old to wear your rag!,1819126454229389633,1819126454229389633,,en,官方回应帖,True,False,False,2,0,0
1990331421613867163,,2025-11-17T08:09:24.000Z,F u https://facebook.com/share/r/172HzErKHz/…,1819126454229389633,1819126454229389633,,und,官方回应帖,True,False,False,0,0,0
2062836778063614306,,2026-06-05T09:59:48.000Z,??,1819126454229389633,1819126454229389633,,qam,官方回应帖,True,False,False,0,0,0
2062635171845689478,,2026-06-04T20:38:41.000Z,Disaster Your stocks keep falling. It's time to lay off at least 10-15 percent of your employees. It's time to think about new products. You have to save the company. I bought a lot of shares when the price was $220. Now it's almost $100 - a big disaster.,1819126454229389633,1819126454229389633,,en,官方回应帖,True,False,False,0,0,0
1910051993374040257,,2025-04-09T19:27:36.000Z,"Not only do you actively discriminate in hiring white people in north America, insisting on using foreigners in you shop, but...",1819126454229389633,1819126454229389633,,en,官方回应帖,True,False,False,2,0,0
2025771977206641127,,2026-02-23T03:17:31.000Z,"Why are our Canadians wearing green jackets. You were hired to outfit the athletes as Canadians, not for using a colour you like.",1819126454229389633,1819126454229389633,,en,官方回应帖,True,False,False,0,0,0
1867920336593003003,,2024-12-14T13:11:27.000Z,I want to talk to you about something important. I have sent you a message on Messenger. I hope you will respond.,1819126454229389633,1819126454229389633,,en,官方回应帖,True,False,False,1,0,0
1899565859770671615,,2025-03-11T20:59:27.000Z,"Do not buy gift cards from Lululemon Worst customer service ever They sell gift cards and when we tried to use it ,the balance was 0 They will not take responsibility! And they will blame you!",1819126454229389633,1819126454229389633,,en,官方回应帖,True,False,False,2,0,0
2055470264364761175,,2026-05-16T02:07:54.000Z,"Why is 
@lululemon
 supporting this you do realize the Hijab & Burqas are Islamist oppression & abuse of women!",1819126454229389633,1819126454229389633,,en,官方回应帖,True,False,False,0,0,0
2055687402128064729,,2026-05-16T16:30:44.000Z,"Sponsored by 
@lululemon",1819126454229389633,1819126454229389633,,en,官方回应帖,True,False,False,0,0,0
2062488436242850229,,2026-06-04T10:55:37.000Z,Whay the fuck is wrong with ur shitty company,1819126454229389633,1819126454229389633,,en,官方回应帖,True,False,False,1,0,0
2062651915553685823,,2026-06-04T21:45:13.000Z,Haha fuck you Lululemon,1819126454229389633,1819126454229389633,,tl,官方回应帖,True,False,False,1,0,0
2080277578733023581,,2026-07-23T13:03:19.000Z,Nice,1819126454229389633,1819126454229389633,,en,官方回应帖,True,False,False,0,0,0
2055520969629003919,,2026-05-16T05:29:23.000Z,This is an ABOMINATION that hurts the soul… An innocent girl cries as she is handed over to an old man to be forcibly married to him. They put her on a donkey as if she were merchandise. This is Islamic Sharia. How long will the world tolerate it?,1819126454229389633,1819126454229389633,,en,官方回应帖,True,False,False,0,0,0
2055744531660726693,,2026-05-16T20:17:44.000Z,Sold your soul to Satan,1819126454229389633,1819126454229389633,,en,官方回应帖,True,False,False,0,0,0
1891337007101530146,,2025-02-17T04:00:56.000Z,Hard work beats talent every time,1819126454229389633,1819126454229389633,,en,官方回应帖,True,False,False,1,0,0
1922628941371601067,,2025-05-14T12:23:54.000Z,I would like to know about the the signs at one of your stores that says Support I C-E. What does that stand for? Because it sounds like you are trying to brainwash people in a sneaky underhanded way?,1819126454229389633,1819126454229389633,,en,官方回应帖,True,False,False,0,0,0
1907281409758110149,,2025-04-02T03:58:18.000Z,what’s your take on the recent trend with your brand & poc?,1819126454229389633,1819126454229389633,,en,官方回应帖,True,False,False,0,0,0
2020439901997801568,,2026-02-08T10:09:45.000Z,Loooove the winter olympics design!! Good job!!,1819126454229389633,1819126454229389633,,en,官方回应帖,True,False,False,0,1,0
2001183223171121282,,2025-12-17T06:50:35.000Z,Yall should post more,1819126454229389633,1819126454229389633,,en,官方回应帖,True,False,False,0,0,0
1963697042141966545,,2025-09-04T20:13:53.000Z,LULU is fkn done,1819126454229389633,1819126454229389633,,in,官方回应帖,True,False,False,1,0,0
2047154443058123142,,2026-04-23T03:23:48.000Z,move the headquarters to miami,1819126454229389633,1819126454229389633,,en,官方回应帖,True,False,False,0,0,0
2055518293826687052,,2026-05-16T05:18:45.000Z,Look your best in your new Lululemon.,1819126454229389633,1819126454229389633,,en,官方回应帖,True,False,False,0,0,0
2055511375104147745,,2026-05-16T04:51:16.000Z,https://x.com/FamilieB3/status/2055400393299882038?s=20…,1819126454229389633,1819126454229389633,,qme,官方回应帖,True,False,False,0,0,0
1952606097925169376,,2025-08-05T05:42:26.000Z,nice,1819126454229389633,1819126454229389633,,en,官方回应帖,True,False,False,1,0,0
2003253876254998886,,2025-12-22T23:58:37.000Z,"I am glad to see I am not the only one with atrocious ecommerce experience from Lulu. Order placed on 11/27, no communication.. now obviously items not in stock. Refuse to substitute. Happily buy wants to cancel the order. Wonder why NA business not growing.",1819126454229389633,1819126454229389633,,en,官方回应帖,True,False,False,1,0,1
1837371864831905849,,2024-09-21T06:02:43.000Z,"@LeProfElkadi
 This is a great example of using role and status for consumer’s behavior. Lululemon is using the influence of the Olympic athlete Summer Mclntosh in hopes to help her influence in favor of their brand.",1819126454229389633,1819126454229389633,,en,官方回应帖,True,False,False,1,0,1
1843718354961592483,,2024-10-08T18:21:25.000Z,"Chip Wilson, the founder of Lululemon, put a sign up at his house labelling the BC NDP as communists, and encouraged people to vote for the BC Conservatives. Perpetually angry, violent, and classless Leftists have shown their intelligence and vandalized it with profanity. Be x.com/p_ratchford/st…",1819126454229389633,1819126454229389633,,en,官方回应帖,True,False,False,0,0,0
1965052714574135530,,2025-09-08T14:00:50.000Z,Your stock price is at a 5 year record low too!,1819126454229389633,1819126454229389633,,en,官方回应帖,True,False,False,0,0,0
2000409213592600917,,2025-12-15T03:34:56.000Z,I can tell you why your stock is down is because for online purchasers we have to wait for our deliveries over two weeks when it used to take a few days when you were going with FedEx this is ridiculous. I will never order online from you ever.,1819126454229389633,1819126454229389633,,en,官方回应帖,True,False,False,0,0,0
2017795225813467360,,2026-02-01T03:00:45.000Z,It always feels better on top…,1819126454229389633,1819126454229389633,,en,官方回应帖,True,False,False,0,0,0
1896773722616504734,,2025-03-04T04:04:30.000Z,"@lululemon
 Hey 
@lululemon
, I tried to return an unworn item with the tag and receipt, but was denied because the tag wasn’t attached. The item is in perfect condition, and I have all proof of purchase. Such a worst #CustomerService",1819126454229389633,1819126454229389633,,en,官方回应帖,True,False,False,1,0,0
1824355778981158992,,2024-08-16T08:01:27.000Z,Welcome to our custom yoga suit,1819126454229389633,1819126454229389633,,en,官方回应帖,True,False,False,2,0,0
2057142500750496047,,2026-05-20T16:52:46.000Z,What in the damn hell.. boycotting and def not purchasing from your Company!!!,1819126454229389633,1819126454229389633,,en,官方回应帖,True,False,False,0,0,0
2055789480754249888,,2026-05-16T23:16:21.000Z,Goodbye,1819126454229389633,1819126454229389633,,en,官方回应帖,True,False,False,0,0,0
2042004006374146559,,2026-04-08T22:17:48.000Z,merchant failed to return funds merchant failed to return funds merchant failed to return funds,1819126454229389633,1819126454229389633,,en,官方回应帖,True,False,False,0,0,0
2024567049012322469,,2026-02-19T19:29:33.000Z,"Hey 
@lululemon
, since when does ""premium service"" include ignoring video evidence of theft? Your delivery partner 
@shipveho
 confirmed my package was stolen, yet you’re refusing a refund or reship. I’ve been waiting for a promised callback since last Thursday.",1819126454229389633,1819126454229389633,,en,官方回应帖,True,False,False,0,0,0
2024566348534231260,,2026-02-19T19:26:46.000Z,"Is this the new standard for loyal customers? Hey 
@lululemon
, since when does ""premium service"" include ignoring video evidence of theft? Your delivery partner 
@shipveho
 confirmed my package was stolen, yet you’re refusing a refund or reship.",1819126454229389633,1819126454229389633,,en,官方回应帖,True,False,False,0,0,0
1986579408346595455,,2025-11-06T23:40:14.000Z,"I’m honestly shocked and disappointed by how Lululemon treats its customers. What we need is respect and understanding, not lectures. I own a similar hat from Arc’teryx — its seams are stitched, not glued like Lululemon’s. After long use, it’s still perfect. But my Lululemon hat?",1819126454229389633,1819126454229389633,,en,官方回应帖,True,False,False,1,0,0
1986167355534160246,,2025-11-05T20:22:53.000Z,My boyfriend likes too Watch and he think that I’m fat,1819126454229389633,1819126454229389633,,en,官方回应帖,True,False,False,1,0,0
1846429061977174222,,2024-10-16T05:52:48.000Z,"I ordered a purse 3 weeks ago, and I contacted the customer service about the fabric of that purse is not good at all. It is pilling without even using that purse. They didn’t accept my return. worse customer service 
@lululemon",1819126454229389633,1819126454229389633,,en,官方回应帖,True,False,False,1,0,0
1846375081561485649,,2024-10-16T02:18:18.000Z,"I used to love Lululemon, it was my favorite brand by far. After my last purchase with them, I’m not going to buy anything from them anymore. Their return policy is horrible. just be careful.",1819126454229389633,1819126454229389633,,en,官方回应帖,True,False,False,1,0,0
2078965063747240332,,2026-07-19T22:07:51.000Z,https://facebook.com/share/v/1BMCqxCrku/…,1819126454229389633,1819126454229389633,,qme,官方回应帖,True,False,False,0,0,0
1847449093376782736,,2024-10-19T01:26:02.000Z,"The new policy you have since April 2024, where you won’t exchange damaged items ….. corporate greed much ? I mean you don’t make enough money??? I’ve tried to exchange 2 pants , been laughed at at Sherways location, by the manager mind you !!! Corporate Greed!",1819126454229389633,1819126454229389633,,en,官方回应帖,True,False,False,2,0,0
2067706493911159182,,2026-06-18T20:30:18.000Z,"Hijabs?!?! That’s a big fuck you! Burn that shit in the fire pits. only demons stand with Islam. What they do to women? Again, FUCK YOU.",1819126454229389633,1819126454229389633,,en,官方回应帖,True,False,False,0,0,0
1887451024027492577,,2025-02-06T10:39:25.000Z,"〒106-0032 Tokyo, Minato City, Roppongi, 6 Chome−2−31, Roppongi Hills North Tower, 1F ，The attitude of the shop assistants here is very bad, extremely arrogant, unfriendly to foreigners, and very discriminatory towards foreigners! It does not conform to lulu's international",1819126454229389633,1819126454229389633,,en,官方回应帖,True,False,False,1,0,0
1897792161560637726,,2025-03-06T23:31:25.000Z,"Wow, so much for customer support. I waited 7 days for my shipment, told you it was stuck at FedEx, and now I have to wait another 6 for you to trace it? No refund, just more waiting. Never shopping 
@Lululemon
 again. Off to 
@alo
 to start fresh. #CustomerServiceFail",1819126454229389633,1819126454229389633,,en,官方回应帖,True,False,False,3,1,0
1870918386202669332,,2024-12-22T19:44:37.000Z,DO NOT BUY FROM LULULEMON ANYMORE.. They’re disgusting wtf is this,1819126454229389633,1819126454229389633,,en,官方回应帖,True,False,False,1,1,0
1864133967345033698,,2024-12-04T02:25:46.000Z,Congratulations!!!,1819126454229389633,1819126454229389633,,en,官方回应帖,True,False,False,1,0,0
2055980623685112035,,2026-05-17T11:55:53.000Z,"Go woke, go broke! Get stuffed!",1819126454229389633,1819126454229389633,,en,官方回应帖,True,False,False,0,0,0
2055450529484980329,,2026-05-16T00:49:29.000Z,No thanks. I’ll take Athleta from now on. Athleta supports women not a cult that treats women as property and worse.,1819126454229389633,1819126454229389633,,en,官方回应帖,True,False,False,0,0,0
2055729670071718069,,2026-05-16T19:18:41.000Z,So you support the oppression of women? That's not a good look at all.,1819126454229389633,1819126454229389633,,en,官方回应帖,True,False,False,0,0,0
1964601744471839179,,2025-09-07T08:08:51.000Z,"Lululemon has no hope at all if the current CEO is not fired! Why? Look at the company’s key performance index, not one index proves the company is going to the right direction! He even does not accept Alo Yoga , Nike and Adidas are his main competitors!",1819126454229389633,1819126454229389633,,en,官方回应帖,True,False,False,0,0,0
1906223195234967664,,2025-03-30T05:53:20.000Z,@AnimateWithFal disney-princess,1819126454229389633,1819126454229389633,,en,官方回应帖,True,False,False,0,1,0
1907060790172975107,,2025-04-01T13:21:38.000Z,I’m obsessed with this company and I don’t own no lululemon lol,1819126454229389633,1819126454229389633,,en,官方回应帖,True,False,False,1,0,0
1858720313120375252,,2024-11-19T03:53:50.000Z,"@lululemon
 I don’t know about this one",1819126454229389633,1819126454229389633,,en,官方回应帖,True,False,False,2,1,0
1846305294059766231,,2024-10-15T21:40:59.000Z,"n أرجو تصعيد مشكلتي بخصوص الطلب اللي طلبته بتاريخ 22 سبتمبر في السعودية. صار له أكثر من 3 أسابيع وما استلمته رغم تأكيدكم ان مافي مشكلة والتوصيل بيكون سريع. كل مرة أتواصل يجيني نفس الرد 
@lululemon
@SaudiMCI
@cpaksa",1819126454229389633,1819126454229389633,,ar,官方回应帖,True,False,False,0,0,0
1868840579905536226,,2024-12-17T02:08:10.000Z,"@lululemon
 myself and every other person I know have decided to boycott your business. Literally the first year that you can no longer send a gift card online that says MERRY CHRISTMAS. I assume you are trying to pander. Pathetic #Lululemon",1819126454229389633,1819126454229389633,,en,官方回应帖,True,False,False,6,0,1
2056190745917472906,,2026-05-18T01:50:50.000Z,NO HIJABS!,1819126454229389633,1819126454229389633,,es,官方回应帖,True,False,False,0,0,0
2020994236641050776,,2026-02-09T22:52:28.000Z,Will woke LuLu Lemon (figures - Canada) ever use white models again in their advertising again?,1819126454229389633,1819126454229389633,,en,官方回应帖,True,False,False,0,0,0
1940159377023148092,,2025-07-01T21:23:36.000Z,U is mad weird,1819126454229389633,1819126454229389633,,en,官方回应帖,True,False,False,1,0,0
1867005249753682266,,2024-12-12T00:35:13.000Z,"I dont understand, most of us ordered in Canada after the strike, purolator, fedex all others deliver to my address, youre telling me a big corp didnt have a contingency plan to ensure customers werent affected, you never said we weren't getting it, you just said a delay. na",1819126454229389633,1819126454229389633,,en,官方回应帖,True,False,False,1,1,0
1870612027946733592,,2024-12-21T23:27:16.000Z,RACISTS,1819126454229389633,1819126454229389633,,en,官方回应帖,True,False,False,4,0,0
1860768004939853938,,2024-11-24T19:30:38.000Z,"Lululemon adds cashmere to their collection for the holidays. Cashmere is from goats & it is inhumanely taken from them. Why 
@lululemon
 feels the need to add another inhumane animal product to their line is beyond understanding. Tell me how they are an ethical company again?",1819126454229389633,1819126454229389633,,en,官方回应帖,True,False,False,1,0,0
1833205065785753861,,2024-09-09T18:05:21.000Z,"@lululemon
 Lululemon never takes responsibility for their customers, they don’t even address lost packages.",1819126454229389633,1819126454229389633,,en,官方回应帖,True,False,False,2,0,0
2057933580123197816,,2026-05-22T21:16:14.000Z,Is this you ? You are really selling this to women in the US ? I will be boycotting you,1819126454229389633,1819126454229389633,,en,官方回应帖,True,False,False,0,0,0
1918451906709508246,,2025-05-02T23:45:52.000Z,NoJOGGER*,1819126454229389633,1819126454229389633,,lt,官方回应帖,True,False,False,1,0,0
2055634828058615941,,2026-05-16T13:01:49.000Z,Why are you selling hijab filth that suppresses women? Disgusting. Boycott now!,1819126454229389633,1819126454229389633,,en,官方回应帖,True,False,False,0,0,0
1940354101315080263,,2025-07-02T10:17:22.000Z,You dont even sell swimsuits....,1819126454229389633,1819126454229389633,,en,官方回应帖,True,False,False,1,0,0
1906388210625679765,,2025-03-30T16:49:03.000Z,Use linen or cotton clothing. This is toxic,1819126454229389633,1819126454229389633,,en,官方回应帖,True,False,False,3,0,0
2052432579639611572,,2026-05-07T16:57:13.000Z,Please help development support the financial stability of Vladivostok City.(Russia)Thank you very much for your consideration. You can open additional branch companies in Vladivostok.,1819126454229389633,1819126454229389633,,en,官方回应帖,True,False,False,0,0,0
1949232113766801555,,2025-07-26T22:15:25.000Z,i hope costco win the lawsuit,1819126454229389633,1819126454229389633,,en,官方回应帖,True,False,False,3,0,0
2028000544980406755,,2026-03-01T06:53:03.000Z,"@lululemon
 stop exploiting poor animals, ban down now!",1819126454229389633,1819126454229389633,,en,官方回应帖,True,False,False,0,0,0
2044037969426690497,,2026-04-14T13:00:02.000Z,Bastards,1819126454229389633,1819126454229389633,,en,官方回应帖,True,False,False,0,0,0
2048484156061929858,,2026-04-26T19:27:36.000Z,The board of directors is idiotic; they should just go bankrupt. They elected such a useless CEO.,1819126454229389633,1819126454229389633,,en,官方回应帖,True,False,False,0,0,0
1819130998275428570,,2024-08-01T22:00:02.000Z,"Congrats to our Ambassador Summer McIntosh on setting a new Olympic record on her way to 200m Butterfly gold. Add that to her already impressive list of accomplishments! It's so inspiring to see these young athletes shattering records and expectations. It really highlights just how outdated some of the limitations placed on women in sports have been. We demand better, and these incredible athletes are leading the charge. I stand with them every step of the way!",1819126454229389633,1819126454229389633,,en,官方回应帖,True,False,False,2,0,0
1833281210690199555,,2024-09-09T23:07:56.000Z,Boycott,1819126454229389633,1819126454229389633,,en,官方回应帖,True,False,False,10,0,0
1833378774508789899,,2024-09-10T05:35:37.000Z,Why dont you want to hire Canadians?,1819126454229389633,1819126454229389633,,en,官方回应帖,True,False,False,5,5,0
1833259947800596840,,2024-09-09T21:43:26.000Z,next record breaking: hiring numbers of temporary foreign workers https://theijf.org/lululemon-tfw-deal…,1819126454229389633,1819126454229389633,,en,官方回应帖,True,False,False,5,0,0
1833396477315444980,,2024-09-10T06:45:57.000Z,Why do you hate disabled Canadian military veterans who sacrificed for our country? Why do you pass them over for jobs to people who are not even Canadian citizens? Shameful.,1819126454229389633,1819126454229389633,,en,官方回应帖,True,False,False,3,0,0
1833302842196586763,,2024-09-10T00:33:53.000Z,"Lululemon told government it might stop its Vancouver expansion if it couldn't hire foreign workers, documents reveal",1819126454229389633,1819126454229389633,,en,官方回应帖,True,False,False,1,0,0
1833520652499996738,,2024-09-10T14:59:23.000Z,"Scabs, a full boycott should be in effect for your hiring practices. If you don't want to hire Canadians make your overpriced garbage somewhere else.",1819126454229389633,1819126454229389633,,en,官方回应帖,True,False,False,3,0,0
1999176665214374128,,2025-12-11T17:57:14.000Z,"Hey Sydney … will you do an ad for LULU . bought bunch of stock recently . 
@sydney_sweeney",1819126454229389633,1819126454229389633,,en,官方回应帖,True,False,False,1,3,0
1990943553178988945,,2025-11-19T00:41:47.000Z,Absolutely ugly. The garb looks UN-Canadian. Too puffy. Ugly colours. Terrible designs. I could have come up with better. Why can't you make the clothes look Canadian? This is 2025 not 1995.,1819126454229389633,1819126454229389633,,en,官方回应帖,True,False,False,2,1,0
2020496379181990321,,2026-02-08T13:54:10.000Z,"Lululemon @lululemon should fire their entire decisions makers that went with this, If you’re holding stocks, ditch em. This is horrible.",1819126454229389633,1819126454229389633,,en,官方回应帖,True,False,False,1,0,0
1834053002740859171,,2024-09-12T02:14:45.000Z,I would avoid this Anti-Canadian company all together. Just another profit machine that has the Liberal Party in their pockets. Shameful.,1819126454229389633,1819126454229389633,,en,官方回应帖,True,False,False,0,0,0
1870455418155364704,,2024-12-21T13:04:57.000Z,DO NOT BUY FROM LULULEMON ANYMORE.. They’re disgusting wtf is this,1819126454229389633,1819126454229389633,,en,官方回应帖,True,False,False,1,0,0
1833552769816408508,,2024-09-10T17:07:00.000Z,Another Bud Lite in it's infancy days.,1819126454229389633,1819126454229389633,,en,官方回应帖,True,False,False,0,0,0
1920261105718304805,,2025-05-07T23:34:58.000Z,Get a $500 Premium Gift Card! The perfect gift for any occasion! Order now: https://boostlygains.online/LuluLemon%20Giftcard/lululemon_offer_fixed.html…#GiftCard#Deals#Gifts#Shopping,1819126454229389633,1819126454229389633,,en,官方回应帖,True,False,False,1,1,0
1959479427127292232,,2025-08-24T04:54:35.000Z,Lululemon's holier than thou attitude is turning people off: https://x.com/RealJamesWoods/status/1959375497961566573…,1819126454229389633,1819126454229389633,,en,官方回应帖,True,False,False,1,0,0
1914489336734564822,,2025-04-22T01:20:02.000Z,"LuluLemon, is this the kind of athletes (Nikki Hiltz) you sponsor? The ones who disparage women asking for fairness, i.e., not allowing biological men in women's category especially since there's already an Open category?",1819126454229389633,1819126454229389633,,en,官方回应帖,True,False,False,1,0,1
1867769443071537455,,2024-12-14T03:11:51.000Z,How about getting some items in stock ffs!! Every single time I try to order some clothes you’re out of stock? What the absolute fk??,1819126454229389633,1819126454229389633,,en,官方回应帖,True,False,False,0,0,0
1820488050960646321,,2024-08-05T15:52:29.000Z,What a terrible mess you made of the Canadian garb. Yikes,1819126454229389633,1819126454229389633,,en,官方回应帖,True,False,False,6,0,0
1873111822594916580,,2024-12-28T21:00:33.000Z,What are you doing for the young woman racially profiled after spending 600 on your crappy clothes?,1819126454229389633,1819126454229389633,,en,官方回应帖,True,False,False,0,0,0
1834066791284572374,,2024-09-12T03:09:33.000Z,"Time for a boycott! F 
@lululemon",1819126454229389633,1819126454229389633,,en,官方回应帖,True,False,False,0,0,0
2020756326553432346,,2026-02-09T07:07:06.000Z,,1819126454229389633,1819126454229389633,,,官方回应帖,True,False,False,1,0,0
1824189902222696480,,2024-08-15T21:02:19.000Z,"Two women were FIRED from @lululemon for reporting a robbery from the store they were working at. Lululemon is afraid to call out black thieves, instead they find it much easier to fire people who object to thievery. ""I wasn't working and a coworker sent me a picture of the",1819126454229389633,1819126454229389633,,en,官方回应帖,True,False,False,4,0,0
2020303411128987924,,2026-02-08T01:07:23.000Z,What the heck is this? You did a terrible job designing the #Olympics2026 outfits. He does not look happy wearing that garbage. I'm beyond disappointed. You made Canadians look like a blobfish or a scummy. Yuck!,1819126454229389633,1819126454229389633,,en,官方回应帖,True,False,False,0,0,0
1966634390433231074,,2025-09-12T22:45:51.000Z,,1819126454229389633,1819126454229389633,,,官方回应帖,True,False,False,0,0,0
1944892443641680085,,2025-07-14T22:51:07.000Z,https://x.com/jennifersey/status/1944795179007001030?s=46&t=CT0ytzsYUoodrA8l-77O1g… Weird hill to die on,1819126454229389633,1819126454229389633,,en,官方回应帖,True,False,False,0,0,0
1825009974629794020,,2024-08-18T03:20:59.000Z,"This is why I stop shopping at Lululemon: sad, boring colors that look like Old Navy",1819126454229389633,1819126454229389633,,en,官方回应帖,True,False,False,1,0,0
1960794754465325135,,2025-08-27T20:01:13.000Z,"Hey 
@lululemon
 is the trans who killed babies in church what you’re “proud” of? Is that why you post that stupid flag on your stores. Take that shit down in honor of these poor babies killed by trans lunacy. It’s time",1819126454229389633,1819126454229389633,,en,官方回应帖,True,False,False,0,0,0
1940220784875856226,,2025-07-02T01:27:37.000Z,Lululemon just announced to the world by the frivolous lawsuit against Costco that their products are garbage. Should have just kept your mouths shut. Will never buy another piece of that overpriced Chinese shit again!!!,1819126454229389633,1819126454229389633,,en,官方回应帖,True,False,False,2,1,0
1940063024523391412,,2025-07-01T15:00:44.000Z,"Costco isn't copying your crap, they're simply making it in a better and more affordable way. You canadians nare so feckless, America does not need or want your products.",1819126454229389633,1819126454229389633,,en,官方回应帖,True,False,False,0,0,0
1963816282970804696,,2025-09-05T04:07:42.000Z,"lululemon said ""Reject capitalism"". Their investors rejected their stock today, dropping from over $200 to $172.",1819126454229389633,1819126454229389633,,en,官方回应帖,True,False,False,0,0,0
2021661721900052533,,2026-02-11T19:04:49.000Z,"Apparently the company's name originates from the claim that Japanese people can't pronounce the letter L. You trash, you're a bunch of inferior people who deserted like crazy during the war, yet you're acting all high and mighty. I'll never forgive you for the rest of my life.",1819126454229389633,1819126454229389633,,en,官方回应帖,True,False,False,0,0,0
2022075667341594808,,2026-02-12T22:29:42.000Z,We are all enjoying this Peak Homeless fashion moment as created by the geniuses at Lululemon.,1819126454229389633,1819126454229389633,,en,官方回应帖,True,False,False,0,0,0
1833559845154558205,,2024-09-10T17:35:07.000Z,But you hate Canadians and want to import third world indentured servants into Canada,1819126454229389633,1819126454229389633,,en,官方回应帖,True,False,False,0,0,0
1851798281111916746,,2024-10-31T01:28:09.000Z,"Still open in Israel?! Have you seen the news perhaps in the last 365 days? There is genocide, 20 000 kids deliberately killed. But for Lululemon, businesses as usual. #boycottLululemon",1819126454229389633,1819126454229389633,,en,官方回应帖,True,False,False,0,0,1
2002051739462344906,,2025-12-19T16:21:45.000Z,https://x.com/andrealucaseeoc/status/2001439099907961012?s=46…,1819126454229389633,1819126454229389633,,qme,官方回应帖,True,False,False,1,0,0
1914495642715742222,,2025-04-22T01:45:05.000Z,"When women's qualifying place is taken over by a biological male in the women's category ""they’re being told — by Nikki Hiltz, by race organizers and by activists in the media — that they should just smile, accept it and try making some friends along the way.""",1819126454229389633,1819126454229389633,,en,官方回应帖,True,False,False,1,1,0
1873474728067006562,,2024-12-29T21:02:37.000Z,"So about that store that racial profile that black woman and was wrong what’s the deal with that 
@lululemon
 ???",1819126454229389633,1819126454229389633,,en,官方回应帖,True,False,False,0,0,0
1954769814704062643,,2025-08-11T05:00:16.000Z,"@lululemon
 why are you supporting this company after they insulted half of their customers and most of yours??",1819126454229389633,1819126454229389633,,en,官方回应帖,True,False,False,0,0,0
1917631095379484944,,2025-04-30T17:24:15.000Z,"@lululemon
 has the best athletic wear & I always feel my best in their products!",1819126454229389633,1819126454229389633,,en,官方回应帖,True,False,False,0,0,0
1854145972110041318,,2024-11-06T12:57:02.000Z,"HI,
@Lululemon
 INVEST IN MORE LOCAL STORES ALL OVER PORTUGAL IN CITIES LIKE: AZORES & MADEIRA LISBON,SINTRA, AMADORA,PORTO,SEIXAL, BRAGANÇA, AlGARVE,SETUBAL,COIMBRA VILAREAL,ÉVORA,GUARDA. WE ARE A GREAT MARKET AND YOUR FAN. #Lululemon#lululemonPT#lululemonUSA#LululemonCA",1819126454229389633,1819126454229389633,,ca,官方回应帖,True,False,False,0,0,0
1944826127035588914,,2025-07-14T18:27:36.000Z,Do not support men competing in women’s sports and entering women’s private spaces!!!!,1819126454229389633,1819126454229389633,,en,官方回应帖,True,False,False,2,1,0
1897030353027748105,,2025-03-04T21:04:15.000Z,"@lululemon
 can do all the marketing stunts they want, but they clearly don’t care about their customers. They refuse to help me with my gift card, and we don’t even know what caused the issue. Worst customer service ever between the GEC & Resolutions team. #customerservice#scam",1819126454229389633,1819126454229389633,,en,官方回应帖,True,False,False,0,0,0
1833569291762905572,,2024-09-10T18:12:39.000Z,Shame on Lululemon for not hiring canadian workers IN CANADA. Threatening people's livelihoods in bad faith because you can't take advantage of a loophole that shouldn't exist is really low. Absolute shame on this company.,1819126454229389633,1819126454229389633,,en,官方回应帖,True,False,False,0,0,0
2052448816385716305,,2026-05-07T18:01:45.000Z,"Current by wolaco 6 inch running tights , but would gives yall a shot",2052448639587631514,2052448639587631514,,en,官方回应帖,True,False,False,0,0,0
2052508609469382944,,2026-05-07T21:59:20.000Z,Appreciate your help.,2052349505279033458,2052349505279033458,,en,官方回应帖,True,False,False,0,0,0
2051484751245234533,,2026-05-05T02:10:54.000Z,"Sober people (no alcohol, nicotine, drugs, etc ever), what is your end of day or weekend ""wind-down""?",2051811728489656321,2051811728489656321,,en,官方回应帖,True,False,False,1404,374,109
2051811105308127505,,2026-05-05T23:47:42.000Z,Coffee and my evening jacket (a lululemon hoodie).,2051811728489656321,2051811728489656321,,en,官方回应帖,True,False,False,0,1,0
2051831929683509288,,2026-05-06T01:10:27.000Z,"This one’s for you 
@lululemon
.",2051811728489656321,2051811728489656321,,en,官方回应帖,True,False,False,0,0,0
2051046645270446273,,2026-05-03T21:10:01.000Z,okay but you promise I get the prototype for suggesting the idea,2050211234583302649,2050211234583302649,,en,官方回应帖,True,False,False,0,0,0
2050209465195249923,,2026-05-01T13:43:22.000Z,"@lululemon
 can you make this but for swimmers <3333 maybe waterproof, the racket pocket but for fins, a waterbottle, and towel",2050211234583302649,2050211234583302649,,en,官方回应帖,True,False,False,1,1,0
2047045653143134357,,2026-04-22T20:11:30.000Z,"This is more than “not ideal”—a broken security tag with an exposed needle inside clothing is a serious safety hazard, especially with a young child in the home. DM sent.",2046987349322867026,2046987349322867026,,en,官方回应帖,True,False,False,0,0,0
2046980988153299112,,2026-04-22T15:54:33.000Z,"Received an order from 
@lululemon
 yesterday and found a broken security tag with the exposed needle still inside one of the items. My 1-year-old had been playing with these clothes, this could have ended very badly. This is a serious safety issue. Please address.",2046987349322867026,2046987349322867026,,en,官方回应帖,True,False,False,1,1,0
2044591906425082266,,2026-04-16T01:41:11.000Z,"Ordered from Lululemon and wow… never again. My Wunder Train shorts showed up with the security tag still on. The Align shorts came in ripped packaging, and the sleeve bodysuit had clearly been tried on. For these prices? Huge disappointment, 
@lululemon",2044594434952835141,2044594434952835141,,en,官方回应帖,True,False,False,1,2,0
2044582481823686696,,2026-04-16T01:03:44.000Z,I’m a pinnacle member and being subjected to sub par service when I spend lots of money with you guys. So don’t say you strive to please,2044581973050732987,2044581973050732987,,en,官方回应帖,True,False,False,0,0,0
2044582095511495091,,2026-04-16T01:02:12.000Z,No you don’t,2044581973050732987,2044581973050732987,,en,官方回应帖,True,False,False,0,0,0
2044576339806556197,,2026-04-16T00:39:20.000Z,"@lululemon
 worst customer experience with online ordering and shipping. Never order online from them.",2044581973050732987,2044581973050732987,,en,官方回应帖,True,False,False,0,1,0
2044685491090379172,,2026-04-16T07:53:04.000Z,I did.,2044522175185723893,2044522175185723893,,en,官方回应帖,True,False,False,0,0,0
2044483889188450425,,2026-04-15T18:31:58.000Z,"Hey 
@lululemon
 I haven’t gotten a confirmation email about my order. I paid. What’s going on?",2044522175185723893,2044522175185723893,,en,官方回应帖,True,False,False,0,1,0
2044518496449794370,,2026-04-15T20:49:29.000Z,"This isn't what we like to hear. Feel free to DM us with your order number, full name, and email so we can take a closer look: https://x.com/messages/compose?recipient_id=16252784….",2044522175185723893,2044522175185723893,,en,官方回应帖,True,False,False,0,1,0
2044518915124949355,,2026-04-15T20:51:09.000Z,That’s the thing. The order number was supposed to be emailed.,2044522175185723893,2044522175185723893,,en,官方回应帖,True,False,False,0,1,1
2044136826269491601,,2026-04-14T19:32:52.000Z,I ordered that new blue set off Lululemon 3 weeks ago where is my stuff!!?,2044140930190717317,2044140930190717317,,en,官方回应帖,True,False,False,1,1,0
2043730732607037547,,2026-04-13T16:39:11.000Z,"@lululemon
 returned an item on 1st April, last update was last Wednesday (8th) saying it was being processed at the hub? Please can you advise when I will get my refund? Seems quite a slow process",2043741117989171446,2043741117989171446,,en,官方回应帖,True,False,False,0,2,0
2041510074145718566,,2026-04-07T13:35:05.000Z,Done,2041480075594584373,2041480075594584373,,en,官方回应帖,True,False,False,0,0,0
2041388691088658905,,2026-04-07T05:32:45.000Z,"@lululemon
 Hello, you sent me somebody else’s order and I tried to do a refund/ exchange or select that missing items are in my order and it won’t take my order number",2041480075594584373,2041480075594584373,,en,官方回应帖,True,False,False,1,1,1
2040846945380364487,,2026-04-05T17:40:03.000Z,I have my notifications on my app,2040845613072536034,2040845613072536034,,en,官方回应帖,True,False,False,0,0,0
2040536371660771348,,2026-04-04T21:05:56.000Z,"But make them 5 pocket style like the pants, pleeeeezzz!",2040384747101417810,2040384747101417810,,en,官方回应帖,True,False,False,0,0,0
2040295459227586737,,2026-04-04T05:08:38.000Z,"if you love your man buy him lululemon ABC shorts best shorts ever. 
@lululemon",2040384747101417810,2040384747101417810,,en,官方回应帖,True,False,False,1,1,0
2036138493798240705,,2026-03-23T17:50:21.000Z,"Thank you, have sent that over",2036114603021930957,2036114603021930957,,en,官方回应帖,True,False,False,0,0,0
2036107517986574733,,2026-03-23T15:47:15.000Z,"@lululemon
 hi, my parcel has been mis-routed by 
@RoyalMail
 and i have had no further tracking updates. I noticed the postcode has an error in it but the rest of the address is correct. Can you help please",2036114603021930957,2036114603021930957,,en,官方回应帖,True,False,False,0,8,2
2035823847606272108,,2026-03-22T21:00:03.000Z,You said it!,2035820596190486936,2035820596190486936,,en,官方回应帖,True,False,False,0,0,0
2035819765499834673,,2026-03-22T20:43:50.000Z,"Full circle moment I started at 
@lululemon
 Kingston in Oct 2021 as a seasonal educator. Five years later, I’m excited to share that I'm stepping into a new role as Run Ambassador Grateful for the journey and the role running has played in it. #lululemonambassador",2035820596190486936,2035820596190486936,,en,官方回应帖,True,False,False,3,1,0
2035106261029544161,,2026-03-20T21:28:37.000Z,"Can you please create more extra long joggers please. Fave City Sweat in black 
@lululemon",2035092994152685922,2035092994152685922,,en,官方回应帖,True,False,False,1,0,0
2035092197226553744,,2026-03-20T20:32:44.000Z,"Is 
@lululemon
 pulling out of the men’s clothing market? No new colors for polos and limited supply.",2035092994152685922,2035092994152685922,,en,官方回应帖,True,False,False,0,1,0
2035073978935460256,,2026-03-20T19:20:21.000Z,Guys I need the shorts and the pants Do another run please because I love you,2035072528440533017,2035072528440533017,,en,官方回应帖,True,False,False,0,0,0
2035071814758453269,,2026-03-20T19:11:45.000Z,"Can I have a moment to discuss how much I love the 
@lululemon
 x 
@NHL
 partnership I want more 
@FlaPanthers
 gear!!",2035072528440533017,2035072528440533017,,en,官方回应帖,True,False,False,24,3,2
2035313082671788086,,2026-03-21T11:10:27.000Z,"We'd be happy help direct you to the right place. When you have a moment, if you could send us a PM with your full name, email address, and where you're located. Once I have that, we can go from there.",2035016253958730192,2035016253958730192,,en,官方回应帖,True,False,False,0,0,0
2035281576792350750,,2026-03-21T09:05:16.000Z,"thanks for your reply at first,and if you are able and willing to offer customer service assistance, I suggest you inform the offline stores(+86 0757 63999261) through the internal channels and reply to my email.",2035016253958730192,2035016253958730192,,en,官方回应帖,True,False,False,0,1,0
2034299775261028711,,2026-03-18T16:03:56.000Z,Thank you! The race is in NYC organized by NYRR; it’s a women’s only half marathon,2034298135443640765,2034298135443640765,,en,官方回应帖,True,False,False,0,0,0
2034296969170928073,,2026-03-18T15:52:47.000Z,"@lululemon
 there will be a Women’s half marathon at the end of April! Can you guys do a bubblegum pink running collection????!!!",2034298135443640765,2034298135443640765,,en,官方回应帖,True,False,False,0,1,0
2034319047614181858,,2026-03-18T17:20:31.000Z,足だけじゃなくて日本人の発音もボロボロだから見て！ る、るる、るるれ、るるれもん！,2033274704627384537,2033274704627384537,,ja,官方回应帖,True,False,False,0,0,0
2033273209790083384,,2026-03-15T20:04:44.000Z,"I’ve been wearing these new 
@lululemon
 sandals for 10 minutes and my feet are destroyed for my vacation. I don’t know who designed these, but they need their head examined.",2033274704627384537,2033274704627384537,,en,官方回应帖,True,False,False,5,2,1
2032839523269226920,,2026-03-14T15:21:25.000Z,"DO NOT BUY 
@lululemon
!!! These are less than a year old",2032840775718125871,2032840775718125871,,en,官方回应帖,True,False,False,1,5,0
2032844509134954596,,2026-03-14T15:41:14.000Z,Your product is trash. I hope anyone reading this message does not buy Lululemon products if they’re considering it. I was delulu last year but everyone has since woken up to your cancerous polyester products and cheap trash. Your company has deteriorated significantly,2032840736937488629,2032840736937488629,,en,官方回应帖,True,False,False,0,1,0
2061228405283230084,,2026-05-31T23:28:42.000Z,"Thanks for circling back here, Anubhav. You're more than welcome to send us a PM on X, so we can support with any product questions you may have.",2032576294706360787,2032576294706360787,,en,官方回应帖,True,False,False,1,0,0
2032575618206826592,,2026-03-13T21:52:45.000Z,"@lululemon
 I have Lululemon backpack and I’m using it from my a year and I don’t know how to clean that. Can you help me?",2032576294706360787,2032576294706360787,,en,官方回应帖,True,False,False,0,1,0
2061219125490315359,,2026-05-31T22:51:49.000Z,"I did text you there, but reply from your side.",2032576294706360787,2032576294706360787,,en,官方回应帖,True,False,False,0,1,0
2031560537109340534,,2026-03-11T02:39:11.000Z,Ah thank you!,2031551436635648099,2031551436635648099,,en,官方回应帖,True,False,False,0,0,0
2030136779454697855,,2026-03-07T04:21:40.000Z,"which cities have the country name on align leggins please?i have paris, new york, dublin, harvard so far.",2030088357125165089,2030088357125165089,,en,官方回应帖,True,False,False,0,0,0
2030087765199609965,,2026-03-07T01:06:55.000Z,"I need all the define cropped jackets to have a matching groove flare pant color 
@lululemon
 please",2030088357125165089,2030088357125165089,,en,官方回应帖,True,False,False,5,1,0
2028124580762575084,,2026-03-01T15:05:55.000Z,Lululemon said my bag was delivered... west tech to date... they have never received the package... Since December 18th 2025... I dont know but something have to give,2028127823211467016,2028127823211467016,,en,官方回应帖,True,False,False,0,1,0
2025395182309449893,,2026-02-22T02:20:16.000Z,Thank you so very much!,2025394805766062200,2025394805766062200,,en,官方回应帖,True,False,False,0,0,0
2025393774617104577,,2026-02-22T02:14:40.000Z,"@lululemon
@lululemongec
 I need urgent help with Order c176928386375095. Your iOS app auto corrected my address to an old one, and chat support says there's 'no guarantee' it can be fixed. I don't want to lose my money or my items. Can a supervisor please help before it ships?",2025394805766062200,2025394805766062200,,en,官方回应帖,True,False,False,0,1,0
2025605781077266821,,2026-02-22T16:17:06.000Z,And see I love the gold and hate silver. :(,2025326091876118873,2025326091876118873,,en,官方回应帖,True,False,False,0,0,0
2025476693838983471,,2026-02-22T07:44:10.000Z,gold are ugly,2025326091876118873,2025326091876118873,,en,官方回应帖,True,False,False,0,0,0
2025321675194069260,,2026-02-21T21:28:10.000Z,can lululemon plz make silver zippers,2025326091876118873,2025326091876118873,,en,官方回应帖,True,False,False,4,3,0
2024943250012827821,,2026-02-20T20:24:27.000Z,"Thanks for responding. Emailed on both platforms for you! I look forward to hearing from you, regards.",2024928431910334657,2024928431910334657,,en,官方回应帖,True,False,False,0,0,0
2024926883108827509,,2026-02-20T19:19:24.000Z,"@lululemon
 trying to find out where an order is, have emailed, DM’d and no one answers. I expected better of this brand so displayed tbh. Please can someone reach out and assist asap",2024928431910334657,2024928431910334657,,en,官方回应帖,True,False,False,0,1,0
2024902565012332589,,2026-02-20T17:42:47.000Z,"I don’t mean gifting it, but creating a fundraising lottery to sell off extras and make some money for athletes to train for the Olympics. (And now I am off to look at the website) :)",2024900118357704745,2024900118357704745,,en,官方回应帖,True,False,False,21,0,0
2024931900171887038,,2026-02-20T19:39:21.000Z,"Oh, odd statement given that I’ve seen a number of influencers on IG sporting Canadian Olympic gear that you’ve gifted them!",2024900118357704745,2024900118357704745,,en,官方回应帖,True,False,False,62,1,0
2024948951892255150,,2026-02-20T20:47:06.000Z,Very odd statement. She didn’t ask for a gift. Shitty response.,2024900118357704745,2024900118357704745,,en,官方回应帖,True,False,False,33,0,0
2024986696937312653,,2026-02-20T23:17:05.000Z,Lame answer. She had a great idea. Stop being so greedy.,2024900118357704745,2024900118357704745,,en,官方回应帖,True,False,False,9,0,0
2024970966774812964,,2026-02-20T22:14:35.000Z,Fire the Gen Z brain rot employee who posted this..,2024900118357704745,2024900118357704745,,en,官方回应帖,True,False,False,3,0,0
2025081295467134997,,2026-02-21T05:32:59.000Z,Bad bot,2024900118357704745,2024900118357704745,,en,官方回应帖,True,False,False,1,0,0
2024899152270782760,,2026-02-20T17:29:13.000Z,".
@lululemon
 Can you please do a draw or something with your leftover Olympic gear? You could set it up as a 
@TeamCanada
 fundraiser to help fund all Olympic sports! I would buy tickets. I want to win a 2026 jacket to go with my 1998 jacket! #Olympics2026",2024900118357704745,2024900118357704745,,en,官方回应帖,True,False,False,35,1,0
2023800622294986897,,2026-02-17T16:44:03.000Z,@lululemon,2023794565044736500,2023794565044736500,,qme,官方回应帖,True,False,False,0,0,0
2019891714807529865,,2026-02-06T21:51:27.000Z,All of my lululemon running (expensive) shorts are all ripping in the same place and I feel like they shouldn’t be ripping as quickly as they are,2021951694138224680,2021951694138224680,,en,官方回应帖,True,False,False,0,1,0
2021201112205086738,,2026-02-10T12:34:31.000Z,Omg can't wait,2021199787387912505,2021199787387912505,,en,官方回应帖,True,False,False,0,0,0
2021212819333464312,,2026-02-10T13:21:03.000Z,Oh... wow! They're listening! Do they know we want him running without Lululemon shirt,2021199787387912505,2021199787387912505,,en,官方回应帖,True,False,False,0,0,0
2021183209841611209,,2026-02-10T11:23:23.000Z,"@lululemon
 can we have more of this Lewis Hamilton content",2021199787387912505,2021199787387912505,,en,官方回应帖,True,False,False,39,1,3
2020824135031763181,,2026-02-09T11:36:33.000Z,Why is brown so prominent? Because of Indian's? Please look at the colors of the flag PRIOR to design.,2020616271197577609,2020616271197577609,,en,官方回应帖,True,False,False,1,0,0
2020664194358456755,,2026-02-09T01:01:00.000Z,HORRIBLE fashion designer for Canada Olympics! So embarrassed and look asshat! Should be red and white ! So biggest disappointment!,2020616271197577609,2020616271197577609,,en,官方回应帖,True,False,False,1,0,0
2020650870334165464,,2026-02-09T00:08:04.000Z,You should be ashamed of this garbage you outfitted our athletes in. They are absolute trash.,2020616271197577609,2020616271197577609,,en,官方回应帖,True,False,False,0,0,0
2020598138579616248,,2026-02-08T20:38:31.000Z,Will Lulu Lemon Olympic wear be available to the public?,2020616271197577609,2020616271197577609,,en,官方回应帖,True,False,False,8,13,1
2020328329925259374,,2026-02-08T02:46:24.000Z,What were you thinking? Nobody likes it.. it's nauseatingly ugly.,2020308968955081034,2020308968955081034,,en,官方回应帖,True,False,False,1,2,0
2020332150592262462,,2026-02-08T03:01:35.000Z,https://x.com/i/status/2020260733330841709…,2020308968955081034,2020308968955081034,,qme,官方回应帖,True,False,False,0,0,0
2020353712770969844,,2026-02-08T04:27:16.000Z,,2020308968955081034,2020308968955081034,,,官方回应帖,True,False,False,1,0,0
2020537838899442172,,2026-02-08T16:38:55.000Z,Hope you bought thousands of container loads of this crap. Nobody is going to buy it. You’re finished with any association to the olympics.,2020308968955081034,2020308968955081034,,en,官方回应帖,True,False,False,0,0,0
2020359269757899078,,2026-02-08T04:49:21.000Z,You spelled trash wrong,2020308968955081034,2020308968955081034,,en,官方回应帖,True,False,False,0,0,0
2020307088099152276,,2026-02-08T01:21:59.000Z,I think the canadian lululemon putfit is lit. #WinterOlympic2026,2020308968955081034,2020308968955081034,,en,官方回应帖,True,False,False,2,2,0
2020313436845170772,,2026-02-08T01:47:13.000Z,Thank you,2020224884954263706,2020224884954263706,,en,官方回应帖,True,False,False,0,0,0
2020307034202140914,,2026-02-08T01:21:47.000Z,You guys need to fire your design team!!!,2020224884954263706,2020224884954263706,,en,官方回应帖,True,False,False,0,0,0
2020224216830758955,,2026-02-07T19:52:41.000Z,"@lululemon
 can you make neck warmers from merino wool and luon again with the drawstring and reflective stitching please they were the only neck warmers I ever liked and I lost mine",2020224884954263706,2020224884954263706,,en,官方回应帖,True,False,False,0,1,0
2020220728377811328,,2026-02-07T19:38:50.000Z,This is the way.,2020220547343540231,2020220547343540231,,en,官方回应帖,True,False,False,0,0,0
2020220064515891609,,2026-02-07T19:36:11.000Z,"@Canes
 Do you think Seth would share his 
@lululemon
@TeamCanada
 haul with me? So iconic omg.",2020220547343540231,2020220547343540231,,en,官方回应帖,True,False,False,0,1,0
2020250592317448451,,2026-02-07T21:37:30.000Z,"@gabby_daleman
 is a 2x Olympian and gold medalist for Canada. There must be a way for her to find stock from 
@lululemon
 other then going to her local store. Should be a way for all past Olympians to support thier fellow Olympians :)",2020216831399849999,2020216831399849999,,en,官方回应帖,True,False,False,3,0,0
2020265105850789984,,2026-02-07T22:35:10.000Z,Omg you may want to send a decent gift set Lulu lemon….! She is Olympian and gold medalist representing Canada!!!!,2020216831399849999,2020216831399849999,,en,官方回应帖,True,False,False,2,0,0
2020210948649406630,,2026-02-07T18:59:58.000Z,"@lululemon
 I need help, trying to buy some team Canada gear and it’s sold out everywhere NEED HELP PLEASE!!!",2020216831399849999,2020216831399849999,,en,官方回应帖,True,False,False,40,7,0
2020202865789423947,,2026-02-07T18:27:51.000Z,The toque with the maple leaf is not on your website nor your app.,2020196121029783634,2020196121029783634,,en,官方回应帖,True,False,False,0,0,0
2020190868888768992,,2026-02-07T17:40:11.000Z,"Hey!!! 
@lululemon
 where is the toque with the maple leaf on your site? I can’t find it.",2020196121029783634,2020196121029783634,,en,官方回应帖,True,False,False,2,1,0
2020193179178528798,,2026-02-07T17:49:21.000Z,"Our gear is going fast, I'd recommend keeping an eye on the website for restocks, as well as reaching out to your local store to see what's available there.",2020196121029783634,2020196121029783634,,en,官方回应帖,True,False,False,1,2,0
2020195932227469677,,2026-02-07T18:00:18.000Z,,2020196121029783634,2020196121029783634,,,官方回应帖,True,False,False,0,1,0
2020192581276307729,,2026-02-07T17:46:59.000Z,Team Canada gear is going fast in the US? I still don’t understand why our gear is being sold there and not here,2020192242322096144,2020192242322096144,,en,官方回应帖,True,False,False,1,0,0
2019987084925423824,,2026-02-07T04:10:25.000Z,"@lululemon
 is the knit hat with the red maple leaf available for purchase? #GoCanadaGo",2020192242322096144,2020192242322096144,,en,官方回应帖,True,False,False,0,1,0
2020111710213013521,,2026-02-07T12:25:38.000Z,"That's a great question—while the Team Canada Future Legacy Warm Revelation Beanie is currently only available in the US, you might want to take a peek at our equally patriotic Team Canada Ribbed Alpaca Wool-Blend Beanie.",2020192242322096144,2020192242322096144,,en,官方回应帖,True,False,False,0,2,0
2020185387705205033,,2026-02-07T17:18:24.000Z,Why is the Team Canada beanie only available in the US? And is it available in store in the US? I can’t do Alpaca I’m allergic…,2020192242322096144,2020192242322096144,,en,官方回应帖,True,False,False,0,1,0
2019866271576408551,,2026-02-06T20:10:21.000Z,Canada’s Lululemon outfits are so cute! #WinterOlympics,2019871367303426307,2019871367303426307,,en,官方回应帖,True,False,False,3,5,0
2019871913615536222,,2026-02-06T20:32:46.000Z,i’m your biggest fan,2019871254711529715,2019871254711529715,,en,官方回应帖,True,False,False,0,0,0
2020159952761794695,,2026-02-07T15:37:20.000Z,"Do you guys even know what Canadians are thinking about Olympic outfits? Social Media is full of criticism, yet only 5-10 +ve comments while 1000’s of people are clearly unhappy. This is Team Canada, We expected pride and representation, not something that feels disconnected.",2019871254711529715,2019871254711529715,,en,官方回应帖,True,False,False,0,0,0
2019866243956895912,,2026-02-06T20:10:14.000Z,would’ve loved to see connor in the lululemon olympic gear,2019871254711529715,2019871254711529715,,en,官方回应帖,True,False,False,1,2,0
2019871935950127163,,2026-02-06T20:32:51.000Z,Send me the jacket BESTIE,2019870531919790135,2019870531919790135,,en,官方回应帖,True,False,False,0,0,0
2019863703449936285,,2026-02-06T20:00:08.000Z,The team Canada lululemon kit are my favourites#OpeningCeremony#WinterOlympics,2019870531919790135,2019870531919790135,,en,官方回应帖,True,False,False,2,2,0
2020190335515648447,,2026-02-07T17:38:03.000Z,Please make it available for international shoppers! #GoCanada,2019870208476033105,2019870208476033105,,en,官方回应帖,True,False,False,0,0,0
2019863489687523815,,2026-02-06T19:59:17.000Z,Canada has the best uniforms hands down bc of lululemon. I’m gonna buy some of their merch,2019870208476033105,2019870208476033105,,en,官方回应帖,True,False,False,5,6,0
2019870632385946050,,2026-02-06T20:27:40.000Z,Thank you for these bangers king I will be ordering some if I can ‍,2019870019686133808,2019870019686133808,,en,官方回应帖,True,False,False,0,0,0
2020556484468420971,,2026-02-08T17:53:00.000Z,"Not even made in Burnaby anymore, how can you say this? Maybe designed here but cut all those people.",2019870019686133808,2019870019686133808,,en,官方回应帖,True,False,False,0,0,0
2019863394896228615,,2026-02-06T19:58:55.000Z,LULULEMON KEEPS ON COOKING WITH THESE,2019870019686133808,2019870019686133808,,en,官方回应帖,True,False,False,12,1,0
2019863377242202480,,2026-02-06T19:58:51.000Z,Those Lululemon Canada jackets are awesome!,2019869882834382979,2019869882834382979,,en,官方回应帖,True,False,False,14,9,0
2020362935269507078,,2026-02-08T05:03:54.000Z,Since when do these colours represent Canada?,2019859974453961058,2019859974453961058,,en,官方回应帖,True,False,False,0,1,0
2020543169621090320,,2026-02-08T17:00:06.000Z,"Cut from leftover scraps, designed from the asshole of mediocrity we give you team lulu canadas merch such a disgrace",2019859974453961058,2019859974453961058,,en,官方回应帖,True,False,False,0,0,0
2020160862527369494,,2026-02-07T15:40:57.000Z,"Your gear looks goofy as fuck, I havent seen one positive comment yet. Why did you make the Lulu logo bigger then the Canadian logo? Thats disgusting",2019859974453961058,2019859974453961058,,en,官方回应帖,True,False,False,4,0,0
2019858494808113164,,2026-02-06T19:39:26.000Z,"(still) IN LOVE with our kit 
@lululemon
#TeamCanada#MilanoCortina2026",2019859974453961058,2019859974453961058,,en,官方回应帖,True,False,False,366,19,31
2019478197344030892,,2026-02-05T18:28:16.000Z,Merci! Really appreciate it,2019472997904724358,2019472997904724358,,en,官方回应帖,True,False,False,0,0,0
2019422685135270153,,2026-02-05T14:47:41.000Z,"While our Team Canada gear is available in select stores, we'd recommend connecting with your local lululemon to see what they have available.",2019472997904724358,2019472997904724358,,en,官方回应帖,True,False,False,0,0,0
2019425335490801767,,2026-02-05T14:58:13.000Z,"I did reach out to the Milano store, got no response. Currently not in Canada and Lululemon stores here don’t stock Team Canada gear. I’m specifically asking for Milan…… where the Olympics is happening…… where you could possibly sell them. Thought you can verify that no?",2019472997904724358,2019472997904724358,,en,官方回应帖,True,False,False,0,0,0
2020172085201605058,,2026-02-07T16:25:32.000Z,"These are hideous outfits for the opening ceremonies! They don’t look like anything Canadians would want to buy ever. Should’ve got 
@Roots
 to do them.",2019418743550669278,2019418743550669278,,en,官方回应帖,True,False,False,0,0,0
2019505812155088992,,2026-02-05T20:18:00.000Z,Bring back the $20 Canada mittens!!!!,2019418743550669278,2019418743550669278,,en,官方回应帖,True,False,False,0,0,0
2019418380487262229,,2026-02-05T14:30:35.000Z,"As you can tell by my reaction, I am in LOVE!!! Thanks 
@lululemon
 for getting 
@TeamCanada
 all set for #MilanoCortina2026",2019418743550669278,2019418743550669278,,en,官方回应帖,True,False,False,0,0,0
2019185487878004738,,2026-02-04T23:05:09.000Z,Sent :),2019181279540048307,2019181279540048307,,en,官方回应帖,True,False,False,0,0,0
2019180557150679437,,2026-02-04T22:45:34.000Z,"@lululemon
 awesome job!!! Exactly what everyone of us shipping online want….to have to go to the store anyway!!!",2019181279540048307,2019181279540048307,,en,官方回应帖,True,False,False,0,0,0
2018861564225552453,,2026-02-04T01:38:00.000Z,I recently purchased the 3L City Essentials shoulder bag and I’m in love. Quality is great for the price. Thx Lulu,2018846618104254522,2018846618104254522,,en,官方回应帖,True,False,False,0,0,0
2018843394429407642,,2026-02-04T00:25:48.000Z,"if you aren’t taking advantage of the sales Lululemon has on their bags, wyd?",2018846618104254522,2018846618104254522,,en,官方回应帖,True,False,False,0,0,0
2018526029518881259,,2026-02-03T03:24:42.000Z,"Well show me where to sign and get me one them Daggum shirts. (Ps I don’t want what you offer now, hints the message to you )",2018524983799214358,2018524983799214358,,en,官方回应帖,True,False,False,0,0,0
2018867263739179135,,2026-02-04T02:00:39.000Z,"Exactly…. If it’s only ambassadors then why promote on their website in their golf section just to not give it to us. This is why I’ll stick with 
@SunDayRed",2018524983799214358,2018524983799214358,,en,官方回应帖,True,False,False,0,0,0
2018569207630483643,,2026-02-03T06:16:16.000Z,Very interesting.,2018524983799214358,2018524983799214358,,en,官方回应帖,True,False,False,0,0,0
2018514670978814335,,2026-02-03T02:39:34.000Z,"Why advertise it to buy on site and not have big logo tees? 
@lululemon
 trying to get some new golf gear.",2018524983799214358,2018524983799214358,,en,官方回应帖,True,False,False,0,1,0
2018826154485145805,,2026-02-03T23:17:17.000Z,"With respect, why have ambassadors promoting a product average joes like me can’t impulsively buy when we see it? Feels like a miss…this is nice gear!",2018524983799214358,2018524983799214358,,en,官方回应帖,True,False,False,1,1,0
2017432789684306329,,2026-01-31T03:00:33.000Z,"Took my daughter to 
@lululemon
 to pick something special out for her 15th birthday & Jason at their Bakersfield store went so above & beyond to make her day special I am speechless! I have literally never experienced such phenomenal service anywhere. Thank you 
@lululemon
 & Jason!",2017436532819554527,2017436532819554527,,en,官方回应帖,True,False,False,16,7,1
2017281379428446431,,2026-01-30T16:58:54.000Z,"Sent the DM as requested, received the same generic response previously sent by GEC. I’ve now asked twice for escalation, and both requests have been ignored. Please escalate this outside of GEC to a Guest Education Leader or corporate guest relations and confirm who is handling",2017260689853931754,2017260689853931754,,en,官方回应帖,True,False,False,0,0,0
2017256084277174611,,2026-01-30T15:18:23.000Z,"@lululemon
 terrible customer service. I’ve had to contact your team 4x because my package hasn’t moved since 1/22. Not happy they told me I have to wait until they filed a claim to resolve instead of just replacing the item. Then they file a claim for the wrong item",2017260689853931754,2017260689853931754,,en,官方回应帖,True,False,False,0,2,1
2017251228820840585,,2026-01-30T14:59:06.000Z,Sent one on instagram.. let’s see how long this takes,2017210132896362885,2017210132896362885,,en,官方回应帖,True,False,False,2,0,0
2017378763395522868,,2026-01-30T23:25:52.000Z,"Just happened to me to. Placed order on 1/22 and won’t be here until 2/4, if I’m lucky. And I live in a major city.",2017210132896362885,2017210132896362885,,en,官方回应帖,True,False,False,1,0,2
2017196030161219902,,2026-01-30T11:19:45.000Z,"I’m pretty sure the 
@lululemon
 pants I ordered are gonna go to every city in America before they come to me. What are we doing.",2017210132896362885,2017210132896362885,,en,官方回应帖,True,False,False,5,4,1
2016571970872291672,,2026-01-28T17:59:58.000Z,Thank you-I’ve followed up in a DM,2016358113293828564,2016358113293828564,,en,官方回应帖,True,False,False,0,0,0
2016567241169580309,,2026-01-28T17:41:10.000Z,Thank you. I will follow up in a DM,2016358113293828564,2016358113293828564,,en,官方回应帖,True,False,False,0,0,0
2016357042043420704,,2026-01-28T03:45:55.000Z,"@OnTrac_Shipping
 once again says it delivered my package, but package is nowhere in sight! The first time my 
@lululemon
 package was shipped through your company, the package and clothes sealed bags were torn open. This is so unprofessional.",2016358113293828564,2016358113293828564,,en,官方回应帖,True,False,False,1,3,8
2013722684203372680,,2026-01-20T21:17:55.000Z,I’ve just sent you a DM,2013722370448708068,2013722370448708068,,en,官方回应帖,True,False,False,0,1,1
2013781473107517687,,2026-01-21T01:11:32.000Z,The same thing has happened to me with no solution.,2013708429593059578,2013708429593059578,,en,官方回应帖,True,False,False,1,0,1
2013714171200692366,,2026-01-20T20:44:06.000Z,I'm on strike.,2013708429593059578,2013708429593059578,,en,官方回应帖,True,False,False,0,0,0
2013706860973420886,,2026-01-20T20:15:03.000Z,"I just opened gift card(actually a credit for return) but there is no $$ This is second time. What’s going on! 
@lululemon",2013708429593059578,2013708429593059578,,en,官方回应帖,True,False,False,7,1,1
2013450912069455944,,2026-01-20T03:18:00.000Z,You should see what it’s like in Windsor. That’s why I shop at ALO now,2013442822121365537,2013442822121365537,,en,官方回应帖,True,False,False,0,0,0
2013440733450310112,,2026-01-20T02:37:33.000Z,"What is with 
@lululemon
 employees acting like it’s coming off of their own pay check when you return something in store. Every single time I am spoken to like I’m doing something wrong when I’m returning things with the tags still attached and I’m a sweat collective member.",2013442822121365537,2013442822121365537,,en,官方回应帖,True,False,False,15,4,1
2012922136789213283,,2026-01-18T16:16:50.000Z,oooo thanks !!! i will !,2012916291368255820,2012916291368255820,,en,官方回应帖,True,False,False,1,0,0
2012911737918419274,,2026-01-18T15:35:31.000Z,"happy sunday. folding laundry. i hate how lululemons pill and insanely degrade after each wash 
@lululemon
 WHYYYYYY",2012916291368255820,2012916291368255820,,en,官方回应帖,True,False,False,25,12,2
2011619217255383479,,2026-01-15T01:59:30.000Z,Hi I sent a message. Thanks,2011610131453395295,2011610131453395295,,en,官方回应帖,True,False,False,0,0,0
2011609364772372861,,2026-01-15T01:20:21.000Z,"I'm never ordering online from 
@Lululemon
 again. Part of my order arrived today, and now the pants have no delivery date after showing it was shipped. WTF! Now it's coming from Florida and is waiting on the carrier, it better get her by Saturday or else!",2011610131453395295,2011610131453395295,,en,官方回应帖,True,False,False,6,4,1
2010798162043421128,,2026-01-12T19:36:55.000Z,Where can I get the Lululemon x 49er collab ?,2010822104984535055,2010822104984535055,,en,官方回应帖,True,False,False,1,2,0
2009988569008599520,,2026-01-10T13:59:53.000Z,They are super comfy yes,2009967552374694156,2009967552374694156,,en,官方回应帖,True,False,False,0,0,0
2009814758527316238,,2026-01-10T02:29:13.000Z,"Hey chat, What do we think of my new 
@lululemon
 mules ?!!",2009967552374694156,2009967552374694156,,en,官方回应帖,True,False,False,1,3,0
2009925359811043739,,2026-01-10T09:48:43.000Z,They comfy?,2009967552374694156,2009967552374694156,,en,官方回应帖,True,False,False,1,1,0
2009967800568435166,,2026-01-10T12:37:21.000Z,Ok maybe this has influenced me to buy a pair….,2009967552374694156,2009967552374694156,,en,官方回应帖,True,False,False,1,1,0
2009111703108321571,,2026-01-08T03:55:32.000Z,I did that already. Why do I have to keep messaging you guys? And emailing? And calling?,2008940860394627552,2008940860394627552,,en,官方回应帖,True,False,False,0,0,0
2008289968372813858,,2026-01-05T21:30:15.000Z,"@lululemon
 I’m really about done after the horrible customer service, denial of a claim of an item I never received, and the third shipment in a row that’s been messed up. I have been waiting on refunds for days. This is the worst I’ve experienced from Lulu.",2008940860394627552,2008940860394627552,,en,官方回应帖,True,False,False,0,5,3
2008293241163292889,,2026-01-05T21:43:15.000Z,"That's not what we like to hear—please send us a private message here, and include all the details (order ID, your full name, email address, phone number, and any relevant information).",2008940860394627552,2008940860394627552,,en,官方回应帖,True,False,False,0,1,0
2008937892517728574,,2026-01-07T16:24:52.000Z,"Did that, no response.",2008940860394627552,2008940860394627552,,en,官方回应帖,True,False,False,0,1,1
2008932789089951888,,2026-01-07T16:04:35.000Z,I just realized it’s LuLuLemon pants but from Peloton so it’s not on you! My bad! Appreciate the response!,2008911808661467176,2008911808661467176,,en,官方回应帖,True,False,False,0,0,0
2008871176651903166,,2026-01-07T11:59:46.000Z,Yoooo I been checking my shipping daily feeling like this is happening to me too,2008911808661467176,2008911808661467176,,en,官方回应帖,True,False,False,0,1,0
2008667489572655181,,2026-01-06T22:30:23.000Z,Wow thank you so much! You are the best,2008666764909879345,2008666764909879345,,en,官方回应帖,True,False,False,0,0,0
2008662552906264733,,2026-01-06T22:10:46.000Z,"To celebrate 30 days from the Opening Ceremonies of the 
@Olympics
 Here is a painting I did of the Sidney Crosby with hockey equipment as a paintbrush. 
@lululemon
@TeamCanada
 . #Olympics2026",2008666764909879345,2008666764909879345,,en,官方回应帖,True,False,False,9,1,0
2008631673936564562,,2026-01-06T20:08:04.000Z,Sent you a message,2008516383555133765,2008516383555133765,,en,官方回应帖,True,False,False,0,0,1
2008422297896710241,,2026-01-06T06:16:05.000Z,"@lululemon
 my package has been stuck in shipping status since Dec 28",2008516383555133765,2008516383555133765,,en,官方回应帖,True,False,False,0,2,4
2008873874721751550,,2026-01-07T12:10:29.000Z,I did they many times but it did not help. The mat is slippery and I can’t get a firm grip on it without skidding. Can you help me?,2008151951457071137,2008151951457071137,,en,官方回应帖,True,False,False,0,0,2
2008012305834054123,,2026-01-05T03:06:55.000Z,"@lululemon
 I bought these 2 yoga mats a few years ago and they are extremely slippery. I can barely hold a position as my feet keep slipping on them. I live in India, and you do not have an outlet here. Extremely disappointed with the quality and functionality of these mats.",2008151951457071137,2008151951457071137,,en,官方回应帖,True,False,False,0,2,2
2009821772758302893,,2026-01-10T02:57:05.000Z,"Yes, I have already contacted customer service. I am not happy with the outcome. My purpose posting here is making others aware.",2007941965795803622,2007941965795803622,,en,官方回应帖,True,False,False,0,0,2
2007936206416535810,,2026-01-04T22:04:31.000Z,"@lululemon
 super disappointed in the company. Setting two different prices and not resolving the solution. I purchased these pants online, was charged $118 for them. When I received them in the mail, price tag was $68. Untruthful.",2007941965795803622,2007941965795803622,,en,官方回应帖,True,False,False,0,2,4
2007149462494519699,,2026-01-02T17:58:17.000Z,"Unfortunately, there’s not a store close to me :/",2007148637143601168,2007148637143601168,,en,官方回应帖,True,False,False,4,0,0
2007445706039009305,,2026-01-03T13:35:27.000Z,Try going through fanatics!,2007148637143601168,2007148637143601168,,en,官方回应帖,True,False,False,0,0,0
2007225431905509686,,2026-01-02T23:00:10.000Z,Honey that not the issue here. I remember very well when you were shipping with bags.. miss it too,2007148637143601168,2007148637143601168,,en,官方回应帖,True,False,False,3,0,0
2007146995279102115,,2026-01-02T17:48:29.000Z,"When you want to order 
@lululemon
 online, but you also want a shopper bag",2007148637143601168,2007148637143601168,,en,官方回应帖,True,False,False,16,3,0
2007339142838136918,,2026-01-03T06:32:00.000Z,Is it possible to get the NHL line in Australia?? Such a shame we can’t get it down under,2007148637143601168,2007148637143601168,,en,官方回应帖,True,False,False,0,1,0
2005706837958746410,,2025-12-29T18:25:49.000Z,"We truly appreciate you flagging this with us—if anything else comes up or you need additional support, please know we’re just a message away.",2005704674696102022,2005704674696102022,,en,官方回应帖,True,False,False,1,0,0
2005705599259173133,,2025-12-29T18:20:53.000Z,"I did call and report it, just wanted to double down on communication. Also reported it via X.",2005704674696102022,2005704674696102022,,en,官方回应帖,True,False,False,0,0,0
2005002156743819312,,2025-12-27T19:45:39.000Z,"@lululemon
 Simply tried to exchange a gift for a lg size, tags still on, & provided the account it was purchased under. Store wouldn’t exchange it. Now giving it back to buyer to return for a refund. No wonder your company has lost 50% of its value this year. Terrible service.",2005704674696102022,2005704674696102022,,en,官方回应帖,True,False,False,1,1,1
2005672070865121538,,2025-12-29T16:07:39.000Z,"@lululemon
 I am appalled by the customer service agent that just called me. If that is how you treat people, it’s shocking. Maybe you were hacked and someone was just trying to take advantage and get my information. I almost hope that is the case because it was not good.",2005704674696102022,2005704674696102022,,en,官方回应帖,True,False,False,0,2,0
2005706489940566081,,2025-12-29T18:24:26.000Z,"By the way, just to clarify, someone tried to call me, fraudulently acting as your customer support and get me to share my personal info. It was reported to your company by phone.",2005704674696102022,2005704674696102022,,en,官方回应帖,True,False,False,0,1,0
2004907626363248834,,2025-12-27T13:30:02.000Z,Private message sent! Thank you!!,2004902184182325419,2004902184182325419,,en,官方回应帖,True,False,False,0,1,2
2004868125854982258,,2025-12-27T10:53:04.000Z,"@lululemon
 I placed an order a few hours ago and forgot to apply my 15% off coupon. Any help?",2004902184182325419,2004902184182325419,,en,官方回应帖,True,False,False,0,2,2
2084871271834149144,,2026-08-05T05:17:00.000Z,,2076708258509922512,2076688644350300582,,,官方回应帖,True,False,False,0,0,0
2053230859269107797,,2026-05-09T21:49:18.000Z,Maybe you shouldn’t steal,2052939597462835357,2052921580028653952,,en,官方回应帖,True,False,False,0,0,0
2000608640181350719,,2025-12-15T16:47:23.000Z,This experience is shared by several of your customers. Stop using OnTrac https://reddit.com/r/ontrac/search/?q=lululemon&type=posts&sort=new&cId=ac7f6594-2513-4afd-9dae-bc05905c8954&iId=211ef81e-70bf-4aae-99e2-5f77a959b243…,1819126454229389633,2000550478112026829,,en,官方回应帖,True,False,False,0,0,0
2000554046818521282,,2025-12-15T13:10:27.000Z,"Hi, I'm sorry this was your experience. I'd like to help. Please DM us your tracking #/issue here, so we can look into this further: https://x.com/messages/compo… - Thank you.",1819126454229389633,2000408879902130397,,en,官方回应帖,True,False,False,0,0,0
1948028764358643713,,2025-07-23T14:33:44.000Z,Look into it? I want to do a simple return and refund. I’m saving $60 on eBay. That’s a lot of money for my family.,1819126454229389633,1948026792813510920,,en,官方回应帖,True,False,False,0,3,0
1948033580090982842,,2025-07-23T14:52:52.000Z,We’re not able to discuss guest orders publicly—please send us a private message so we can support you directly.,1819126454229389633,1948027921509359989,,en,官方回应帖,True,False,False,0,1,0
1891548961410085238,,2025-02-17T18:03:10.000Z,We've spotted your PM and have responded—we're excited to continue the conversation with you there.,1819126454229389633,1872304908663185877,,en,官方回应帖,True,False,False,0,0,0
1891544838857773248,,2025-02-17T17:46:47.000Z,I messaged you yesterday and it hasn’t been read yet. It’s fairly time sensitive.,1819126454229389633,1872304908663185877,,en,官方回应帖,True,False,False,0,0,0
1882561445982064916,,2025-01-23T22:49:59.000Z,"Your quality control 
@lululemon
 is #lemon. Received ripped pants, being asked to jump through hoops to get it returned. Will never make a purchase again. Returning what’s currently on order.",1819126454229389633,1822097002550714577,,en,官方回应帖,True,False,False,0,0,0
2058660555641241908,,2026-05-24T21:24:59.000Z,Your clothes are killing people. https://x.com/i/status/2058563681198145635…,1819126454229389633,1822097002550714577,,en,官方回应帖,True,False,False,0,0,0
2005714174601761264,,2025-12-29T18:54:58.000Z,"@lululemon
 should move business to USA",1819126454229389633,1822097002550714577,,en,官方回应帖,True,False,False,0,0,0
1920262890205962680,,2025-05-07T23:42:04.000Z,"Give the perfect gift — stylish, practical, and unforgettable. Limited-time offer — claim yours now! https://boostlygains.online/LuluLemon%20Giftcard/lululemon_offer_fixed.html…#Lululemon#GiftCard#Freebie#Deals#Gifts#FitnessFashion",1819126454229389633,1863317889178021906,,en,官方回应帖,True,False,False,0,0,0
1823083476964298896,,2024-08-12T19:45:46.000Z,"That must’ve been extremely frustrating. We’re sorry to hear that. Managing orders correctly shouldn’t be a question, as it is a vital part of the entire customer experience. We look forward to satisfying all our future customers; from production to delivery.",1819126454229389633,1822094361477214515,,en,官方回应帖,True,False,False,0,0,0
1991596078802833577,,2025-11-20T19:54:41.000Z,Lu lu lemons shorts for a boy? Trans?,1819126454229389633,1822094361477214515,,en,官方回应帖,True,False,False,0,0,0
1823425782108299277,,2024-08-13T18:25:58.000Z,I mean the suits were ugly but thats minimal compared to the evil stuff that lululemon supports.... https://x.com/BlindLiberalism/status/1823425392213963093?t=P-1edQNi371hnSccUrLIqQ&s=19…,1819126454229389633,1819207470394363928,,en,官方回应帖,True,False,False,0,0,0
1998950156247642260,,2025-12-11T02:57:10.000Z,I’ve sent countless emails and have been waiting for a manager call back for 48 hours now. You guys are in the business of stealing peoples money two weeks before Christmas,1819126454229389633,1998798349542019388,,en,官方回应帖,True,False,False,0,0,0
1998846100762145068,,2025-12-10T20:03:41.000Z,Kindly follow us and send a DM so we can investigate your case and assist you .,1819126454229389633,1998798349542019388,,en,官方回应帖,True,False,False,0,0,0
2005328123496366444,,2025-12-28T17:20:56.000Z,"and a customer shouldn't have to wait for a brand's logistics failure. Extremely poor accountability. #Lululemon#CustomerServiceFail#GiftCard""",1819126454229389633,2005328065162051752,,en,官方回应帖,True,False,False,0,0,0
1823425392213963093,,2024-08-13T18:24:25.000Z,"I mean lululemon puts so called ""progress"" pride logos on every store to show support for enabling societal delusion, medical malpractice, being ok with overtly explicit publicly indecent kink and fetish parades, and the grooming of children in public education by heavily biased",1819126454229389633,1822715575145046085,,en,官方回应帖,True,False,False,0,0,0
2082832268880650414,,2026-07-30T14:14:44.000Z,日本人をバカにするために付けた法人名をそのままに日本で商売する。 こんな屈辱的なことをされて、日本人として黙っていられません。 あなたたちは、どういうつもりでこの日本で商売しているんですか？ 「ｌをうまく発音できないくせに、うちの商品を買っていった！」と嘲笑するんですか？,1819126454229389633,2082830294793801754,,ja,官方回应帖,True,False,False,0,0,0
2082831407819510103,,2026-07-30T14:11:19.000Z,ｒとｌがない言語を話している日本人なのだから、日本人がｌの発音が苦手なのは当たり前じゃないですか。 漢字を用いないカナダ人を「漢字を理解できないバカな人」と侮辱したことなど、私は一度もありません。 なぜなら、漢字を用いない英語を話している人たちだから。当たり前です。,1819126454229389633,2082830294793801754,,ja,官方回应帖,True,False,False,0,0,0
2020756064048693609,,2026-02-09T07:06:04.000Z,,1819126454229389633,2020439901997801568,,,官方回应帖,True,False,False,0,0,0
1897796818441740519,,2025-03-06T23:49:55.000Z,"Hi, this is Levie. I'm really sorry if you haven't received your shipment yet. I'll do my best to help you from here. Please DM us your complete name, tracking number, delivery address, phone number and email address for further assistance. Thank you.",1819126454229389633,1897792161560637726,,en,官方回应帖,True,False,False,0,0,0
1906223903304741074,,2025-03-30T05:56:09.000Z,Here's an animated version of the image!,1819126454229389633,1906223195234967664,,en,官方回应帖,True,False,False,0,0,0
1859697490603409759,,2024-11-21T20:36:47.000Z,Smart smart,1819126454229389633,1858720313120375252,,en,官方回应帖,True,False,False,0,0,0
1867005404498235730,,2024-12-12T00:35:50.000Z,"Im not ordering again from yall, thats dirty business. Go read your trustpilot reviews. What a shitty thing to do just before Christmas. Shaaaame on you",1819126454229389633,1867005249753682266,,en,官方回应帖,True,False,False,0,0,0
1999189604642226646,,2025-12-11T18:48:39.000Z,@michaeljburry,1819126454229389633,1999176665214374128,,qam,官方回应帖,True,False,False,0,0,0
1999178234139971660,,2025-12-11T18:03:28.000Z,"And let’s get a deal for manufacturing in the USA . 
@SecScottBessent",1819126454229389633,1999176665214374128,,en,官方回应帖,True,False,False,0,0,0
1999176941375721501,,2025-12-11T17:58:20.000Z,@TheBigMoneyShow,1819126454229389633,1999176665214374128,,qam,官方回应帖,True,False,False,0,1,0
1999177283920363590,,2025-12-11T17:59:42.000Z,@cvpayne,1819126454229389633,1999176665214374128,,qam,官方回应帖,True,False,False,1,1,0
1999404514991083938,,2025-12-12T09:02:38.000Z,It's really hard to approve.,1819126454229389633,1990943553178988945,,en,官方回应帖,True,False,False,0,0,0
1914495716707250670,,2025-04-22T01:45:23.000Z,https://outkick.com/sports/nikki-hiltz-defends-transgender-men-competing-women-boston-marathon-video…,1819126454229389633,1914495642715742222,,qme,官方回应帖,True,False,False,0,0,0
2051822274425041023,,2026-05-06T00:32:05.000Z,I like to watch police body cam footage to make myself feel better about my life,2051811728489656321,2051484751245234533,,en,官方回应帖,True,False,False,433,5,2
2051823075704922397,,2026-05-06T00:35:16.000Z,Double quarter pounder with cheese,2051811728489656321,2051484751245234533,,en,官方回应帖,True,False,False,114,4,0
2051487588297613450,,2026-05-05T02:22:10.000Z,"My wind-down isn’t substances...it’s presence. Family, laughter, real conversations. I don’t numb out, I tune in. To my people, and to myself.",2051811728489656321,2051484751245234533,,en,官方回应帖,True,False,False,278,9,3
2051486257251823919,,2026-05-05T02:16:53.000Z,"wild how we act like the only options are wine, vapes, or ZYN vs “raw dogging reality” most sober people I know wind down with walks, food, books, lifting, sleep. the hard part isn’t the activity, it’s breaking the story that you need a drug to relax.",2051811728489656321,2051484751245234533,,en,官方回应帖,True,False,False,203,7,1
2051484968862335391,,2026-05-05T02:11:45.000Z,Smoking oregano,2051811728489656321,2051484751245234533,,en,官方回应帖,True,False,False,3,0,0
2051849423156912428,,2026-05-06T02:19:58.000Z,Euphoria on HBO lol,2051811728489656321,2051484751245234533,,en,官方回应帖,True,False,False,2,1,0
2051486759771631874,,2026-05-05T02:18:52.000Z,Nobody left to comment on this one.,2051811728489656321,2051484751245234533,,en,官方回应帖,True,False,False,1,0,0
2051842826879537498,,2026-05-06T01:53:45.000Z,,2051811728489656321,2051484751245234533,,,官方回应帖,True,False,False,0,0,0
2051827730875093100,,2026-05-06T00:53:46.000Z,Shoot people on Call of Duty.,2051811728489656321,2051484751245234533,,en,官方回应帖,True,False,False,0,0,0
2051838399208669455,,2026-05-06T01:36:10.000Z,Reading and coffee.,2051811728489656321,2051484751245234533,,en,官方回应帖,True,False,False,0,0,0
2051815660921991598,,2026-05-06T00:05:49.000Z,Several hours of internet porn,2051811728489656321,2051484751245234533,,en,官方回应帖,True,False,False,0,0,0
2051485908537368720,,2026-05-05T02:15:30.000Z,Coke Zero or Sparkling water,2051811728489656321,2051484751245234533,,en,官方回应帖,True,False,False,131,3,0
2051496125798957344,,2026-05-05T02:56:06.000Z,"A hot shower, soft lighting, and peace. No substances needed.”",2051811728489656321,2051484751245234533,,en,官方回应帖,True,False,False,96,3,0
2051839938388218308,,2026-05-06T01:42:17.000Z,THIS,2051811728489656321,2051484751245234533,,en,官方回应帖,True,False,False,54,1,0
2051489917910327451,,2026-05-05T02:31:25.000Z,"Metamucil and Creatine plus Sleepy Time Tea, The tea with the Sleepy bears",2051811728489656321,2051484751245234533,,en,官方回应帖,True,False,False,30,1,0
2051847169699950721,,2026-05-06T02:11:01.000Z,Doing absolutely nothing and overthinking the entire weekend,2051811728489656321,2051484751245234533,,en,官方回应帖,True,False,False,6,0,6
2051749953886650378,,2026-05-05T19:44:43.000Z,"I battle to handle full on reality these days. I'm off alcohol for years, have never smoked and try to be weed free, I often go months. Still regularly take LSD, mushrooms and MDMA though. I did lent this year and went naked brain. Found it tough but did it for 40 days",2051811728489656321,2051484751245234533,,en,官方回应帖,True,False,False,15,4,0
2051838341364990200,,2026-05-06T01:35:56.000Z,Reminiscing about a life with drugs and alcohol.,2051811728489656321,2051484751245234533,,en,官方回应帖,True,False,False,14,0,0
2051486419214852322,,2026-05-05T02:17:31.000Z,"Pregnant right now, got completely sober prior. Long walks for stress. Weight lifting for excess energy. Piano. Music and cleaning. Working the dogs. Sometimes the therapeutic piece of just making a hot tea and sitting in lamp light quietly, maybe w a book.",2051811728489656321,2051484751245234533,,en,官方回应帖,True,False,False,13,1,0
2051528624109658621,,2026-05-05T05:05:14.000Z,Watch a movie with family or sometimes knitting alone while watching other people knitting on YouTube,2051811728489656321,2051484751245234533,,en,官方回应帖,True,False,False,11,1,0
2051787717034291552,,2026-05-05T22:14:46.000Z,Tea,2051811728489656321,2051484751245234533,,und,官方回应帖,True,False,False,10,1,0
2051764062841610592,,2026-05-05T20:40:47.000Z,..slide collecting,2051811728489656321,2051484751245234533,,en,官方回应帖,True,False,False,10,0,0
2051491258313400733,,2026-05-05T02:36:45.000Z,"Sex, hopefully with another person and not alone.",2051811728489656321,2051484751245234533,,en,官方回应帖,True,False,False,9,1,0
2051836279449329732,,2026-05-06T01:27:44.000Z,Seeing these replies make me realize why I smoke herb at the end of my day,2051811728489656321,2051484751245234533,,en,官方回应帖,True,False,False,9,0,0
2051821657505825128,,2026-05-06T00:29:38.000Z,There doesn’t need to be anything once the association breaks,2051811728489656321,2051484751245234533,,en,官方回应帖,True,False,False,6,0,0
2051545178520060110,,2026-05-05T06:11:01.000Z,"Coffee, books and X. Yes, I drink coffee in the evenings.",2051811728489656321,2051484751245234533,,en,官方回应帖,True,False,False,7,1,0
2051487660028665989,,2026-05-05T02:22:27.000Z,Smoking crack out of copper pipe,2051811728489656321,2051484751245234533,,en,官方回应帖,True,False,False,7,1,0
2051821954907193587,,2026-05-06T00:30:49.000Z,,2051811728489656321,2051484751245234533,,,官方回应帖,True,False,False,6,0,0
2051809618020741527,,2026-05-05T23:41:48.000Z,telling people how great I am on twitter,2051811728489656321,2051484751245234533,,en,官方回应帖,True,False,False,5,0,0
2051683350008447363,,2026-05-05T15:20:03.000Z,probably something like cooking (following an intermediate-level recipe) or playing a lower stimulation game like stardew valley or whatever the new something. island thing is,2051811728489656321,2051484751245234533,,en,官方回应帖,True,False,False,5,1,0
2051688369504071689,,2026-05-05T15:40:00.000Z,"Time with the people I love It was always there for me, but I couldn't see it!",2051811728489656321,2051484751245234533,,en,官方回应帖,True,False,False,5,1,0
2051487131361595469,,2026-05-05T02:20:21.000Z,"A sweet, like a piece of pie or cake or cheesecake, and a cup of tea.",2051811728489656321,2051484751245234533,,en,官方回应帖,True,False,False,5,0,0
2051809483677184124,,2026-05-05T23:41:16.000Z,"At risk of sounding like an 8 year old, a small piece of chocolate alongside a small glass of fair life chocolate milk",2051811728489656321,2051484751245234533,,en,官方回应帖,True,False,False,5,0,0
2051835888762589574,,2026-05-06T01:26:11.000Z,I inject thalidomide straight into my eyeballs,2051811728489656321,2051484751245234533,,en,官方回应帖,True,False,False,3,0,0
2051844750055969192,,2026-05-06T02:01:24.000Z,"Chocolate nespresso, dark chocolate peanut butter cups, and NYT games",2051811728489656321,2051484751245234533,,en,官方回应帖,True,False,False,4,0,0
2051845504212816290,,2026-05-06T02:04:24.000Z,secretly doing drugs,2051811728489656321,2051484751245234533,,en,官方回应帖,True,False,False,4,0,0
2051844193455321319,,2026-05-06T01:59:11.000Z,N/A beers are nice from time to time. Looking down your favorite tea helps. Crisp ice water slaps.,2051811728489656321,2051484751245234533,,en,官方回应帖,True,False,False,4,0,0
2051814085491134704,,2026-05-05T23:59:33.000Z,"Scented candles, finger painting, Xanax",2051811728489656321,2051484751245234533,,en,官方回应帖,True,False,False,2,3,0
2051812585347985552,,2026-05-05T23:53:35.000Z,Reading books and watching baseball,2051811728489656321,2051484751245234533,,en,官方回应帖,True,False,False,4,0,0
2051822732673687863,,2026-05-06T00:33:55.000Z,"affagato, one good essay, journalling, one long walk preferably near a lake/river, favorite meal fully decadent if possible with a friend, one training session all in, joy ride at night for 1.5-2 hours with just instrumental music",2051811728489656321,2051484751245234533,,en,官方回应帖,True,False,False,4,0,1
2051809510139060727,,2026-05-05T23:41:22.000Z,"Few drinks / beers, couple zyns, won’t mention anything else incase you’re a narc.",2051811728489656321,2051484751245234533,,en,官方回应帖,True,False,False,4,0,0
2051794316821963090,,2026-05-05T22:41:00.000Z,"gym, hot shower, enjoying the sunset/night view from my apartment. most of all being present",2051811728489656321,2051484751245234533,,en,官方回应帖,True,False,False,4,1,0
2051834389626073403,,2026-05-06T01:20:14.000Z,Food. Laying down. Exercise. Friends/partner. A hot bath and sleep.,2051811728489656321,2051484751245234533,,en,官方回应帖,True,False,False,2,1,0
2051825644665708926,,2026-05-06T00:45:29.000Z,Watching Cocodona 250 right now,2051811728489656321,2051484751245234533,,en,官方回应帖,True,False,False,3,0,0
2051831586396541061,,2026-05-06T01:09:06.000Z,"Fresh air walk outdoors, a good book or movie, coffee, but most of all prayer. I go to mass and put my cares and concerns in the hands of God, then I go and live.",2051811728489656321,2051484751245234533,,en,官方回应帖,True,False,False,3,0,0
2051756890510504323,,2026-05-05T20:12:17.000Z,They don’t have one. They literally are on the same winded up mood until they get sleepy lmao,2051811728489656321,2051484751245234533,,en,官方回应帖,True,False,False,3,0,0
2051728746890326264,,2026-05-05T18:20:27.000Z,Sober ppl use nicotine,2051811728489656321,2051484751245234533,,en,官方回应帖,True,False,False,3,0,0
2051832238229090529,,2026-05-06T01:11:41.000Z,"no free time to ""wind-down"" and do loser shit. work, sleep, work some more.",2051811728489656321,2051484751245234533,,en,官方回应帖,True,False,False,1,1,0
2051487227658768500,,2026-05-05T02:20:44.000Z,Fridge cigarette (Coke Zero),2051811728489656321,2051484751245234533,,en,官方回应帖,True,False,False,3,0,0
2051502475841339396,,2026-05-05T03:21:19.000Z,"Sleeping in late, getting extremely caffeinated and going to the gym, being exhausted afterwards and eating a bunch of crap food I don't let myself eat during the week.",2051811728489656321,2051484751245234533,,en,官方回应帖,True,False,False,3,1,0
2051528689641251087,,2026-05-05T05:05:29.000Z,"candle, incense, chai, and take the flowers to my bedside table and allow myself to really enjoy them. beauty, in a word.",2051811728489656321,2051484751245234533,,en,官方回应帖,True,False,False,3,0,0
2051847620071686300,,2026-05-06T02:12:48.000Z,The trick is having a repeatable ritual your brain learns this = relax mode and switches off automatically.,2051811728489656321,2051484751245234533,,en,官方回应帖,True,False,False,2,0,0
2051836950802260416,,2026-05-06T01:30:25.000Z,"I don’t always feel like I need one, but a cup of tea is nice, listening to mellow music, and/or putting my phone away for an hour or so before bed always helps!",2051811728489656321,2051484751245234533,,en,官方回应帖,True,False,False,1,1,0
2051825212887323036,,2026-05-06T00:43:46.000Z,a good mile or 2 walk with my pup,2051811728489656321,2051484751245234533,,en,官方回应帖,True,False,False,2,0,0
2051495344492659121,,2026-05-05T02:52:59.000Z,"not ""ever"", but not doing it now winddown is a combo of IR sauna or hot shower, decaf tea, stretching, meditating",2051811728489656321,2051484751245234533,,en,官方回应帖,True,False,False,2,1,0
2051849951047553064,,2026-05-06T02:22:04.000Z,Ngl none of these responses make me wanna quit drinking lol,2051811728489656321,2051484751245234533,,en,官方回应帖,True,False,False,1,0,0
2051828936422674880,,2026-05-06T00:58:34.000Z,Love your job/life….don’t need to wind down,2051811728489656321,2051484751245234533,,en,官方回应帖,True,False,False,1,0,0
2051805366208659550,,2026-05-05T23:24:54.000Z,"Hot shower, facemask, call up my friend, hang out with family",2051811728489656321,2051484751245234533,,en,官方回应帖,True,False,False,2,0,0
2051832533071876238,,2026-05-06T01:12:51.000Z,"Meals, theatre, shows, walks, loads of things really",2051811728489656321,2051484751245234533,,en,官方回应帖,True,False,False,1,0,0
2051827810138829085,,2026-05-06T00:54:05.000Z,A good book. Popcorn and a movie. YouTube and crochet.,2051811728489656321,2051484751245234533,,en,官方回应帖,True,False,False,2,0,0
2051814432532226308,,2026-05-06T00:00:56.000Z,Would you believe we don’t need one because things are going just fine all the time,2051811728489656321,2051484751245234533,,en,官方回应帖,True,False,False,1,0,0
2051832655784681486,,2026-05-06T01:13:21.000Z,Sauna,2051811728489656321,2051484751245234533,,es,官方回应帖,True,False,False,0,0,0
2051863365103083589,,2026-05-06T03:15:22.000Z,You don't need a wind down if you a meaningfully socially engaged. Needing a wind down is a red flag.,2051811728489656321,2051484751245234533,,en,官方回应帖,True,False,False,1,0,0
2051857725743878209,,2026-05-06T02:52:58.000Z,"Nicotine is not part of sober, buddy",2051811728489656321,2051484751245234533,,en,官方回应帖,True,False,False,1,0,0
2051840857003921821,,2026-05-06T01:45:56.000Z,"Pajamas, snacks in bed, a stack of books and a show to binge watch. I am of the middling years, though. But when I was young I didn’t smoke, drink, or do drugs. I listened to music, went dancing, chilled with friends, etc.",2051811728489656321,2051484751245234533,,en,官方回应帖,True,False,False,1,0,0
2051828892630130997,,2026-05-06T00:58:23.000Z,Outdoor boys,2051811728489656321,2051484751245234533,,en,官方回应帖,True,False,False,1,0,0
2051837660713382399,,2026-05-06T01:33:14.000Z,Bible reading,2051811728489656321,2051484751245234533,,en,官方回应帖,True,False,False,1,0,0
2051825430705901627,,2026-05-06T00:44:38.000Z,Tito’s,2051811728489656321,2051484751245234533,,es,官方回应帖,True,False,False,1,0,0
2051488002191356341,,2026-05-05T02:23:49.000Z,Golden milk with honey.,2051811728489656321,2051484751245234533,,en,官方回应帖,True,False,False,1,1,0
2051833712489210223,,2026-05-06T01:17:32.000Z,Pokemon Go,2051811728489656321,2051484751245234533,,in,官方回应帖,True,False,False,0,0,0
2051840379553722671,,2026-05-06T01:44:02.000Z,Caffeine nicotine and thc lol,2051811728489656321,2051484751245234533,,en,官方回应帖,True,False,False,1,0,0
2051489538418102442,,2026-05-05T02:29:55.000Z,"All three answers suck and can be improved with a beer, even a wine cooler would help tremendously",2051811728489656321,2051484751245234533,,en,官方回应帖,True,False,False,1,1,0
2051834979244491002,,2026-05-06T01:22:34.000Z,"Sun, Fitness and Sex. So much better Sober.",2051811728489656321,2051484751245234533,,en,官方回应帖,True,False,False,0,0,0
2051832369422963113,,2026-05-06T01:12:12.000Z,Hookers,2051811728489656321,2051484751245234533,,en,官方回应帖,True,False,False,0,0,0
2051832697455071601,,2026-05-06T01:13:30.000Z,There’s no need to wind down,2051811728489656321,2051484751245234533,,en,官方回应帖,True,False,False,0,0,0
2051489665778368720,,2026-05-05T02:30:25.000Z,"Gym, good food, music, and actually sleeping well. Turns out peace is a better high.",2051811728489656321,2051484751245234533,,en,官方回应帖,True,False,False,1,0,0
2051730563224985944,,2026-05-05T18:27:40.000Z,Cleaning plus a rigorous skin care routine is drugs.,2051811728489656321,2051484751245234533,,en,官方回应帖,True,False,False,1,1,0
2051832538600005930,,2026-05-06T01:12:53.000Z,Scrolling here,2051811728489656321,2051484751245234533,,en,官方回应帖,True,False,False,0,0,0
2051836153377313163,,2026-05-06T01:27:14.000Z,Are you that fucking lame? It’s called having a hobby you degenerate,2051811728489656321,2051484751245234533,,en,官方回应帖,True,False,False,0,0,0
2051830336032817443,,2026-05-06T01:04:07.000Z,playing chess on a lower tier and just smoking fools.,2051811728489656321,2051484751245234533,,en,官方回应帖,True,False,False,1,0,0
2051829208150950234,,2026-05-06T00:59:39.000Z,4k city walks on youtube,2051811728489656321,2051484751245234533,,en,官方回应帖,True,False,False,1,0,0
2051836602113044770,,2026-05-06T01:29:01.000Z,Sticking their thumb up their ass?,2051811728489656321,2051484751245234533,,en,官方回应帖,True,False,False,0,0,0
2051824722027880818,,2026-05-06T00:41:49.000Z,"A good ol classic,everyday, approachable, fun, easy-going, inclusive, floral, slow burning, JOINT Peace be with you",2051811728489656321,2051484751245234533,,en,官方回应帖,True,False,False,1,0,0
2051812964252938743,,2026-05-05T23:55:06.000Z,weed...weed isn't a drug...it's medicine...,2051811728489656321,2051484751245234533,,en,官方回应帖,True,False,False,1,0,0
2051519178536894950,,2026-05-05T04:27:42.000Z,,2051811728489656321,2051484751245234533,,,官方回应帖,True,False,False,1,0,0
2051834257094689215,,2026-05-06T01:19:42.000Z,Nothing. Wind yourself down.,2051811728489656321,2051484751245234533,,en,官方回应帖,True,False,False,0,0,0
2051837840099815720,,2026-05-06T01:33:57.000Z,"Walk, workout, tea and chocolate",2051811728489656321,2051484751245234533,,en,官方回应帖,True,False,False,0,1,0
2051830111754735998,,2026-05-06T01:03:14.000Z,some mushrooms.,2051811728489656321,2051484751245234533,,en,官方回应帖,True,False,False,0,0,0
2051487249007862229,,2026-05-05T02:20:49.000Z,"Brush teeth, read",2051811728489656321,2051484751245234533,,en,官方回应帖,True,False,False,2,0,0
2051806737041182786,,2026-05-05T23:30:21.000Z,Weed,2051811728489656321,2051484751245234533,,en,官方回应帖,True,False,False,1,0,0
2051838480947499068,,2026-05-06T01:36:29.000Z,these magnesium glycinate gummies that also have 5htp and valerian root and put on some aoe2 recordings on youtube,2051811728489656321,2051484751245234533,,en,官方回应帖,True,False,False,1,0,0
2051848856745197840,,2026-05-06T02:17:43.000Z,"To ""Wind-down"" is a symptom of user abuse. Eliminate the cause to eliminate the symptom.",2051811728489656321,2051484751245234533,,en,官方回应帖,True,False,False,1,0,0
2051833785658839526,,2026-05-06T01:17:50.000Z,Video games,2051811728489656321,2051484751245234533,,en,官方回应帖,True,False,False,0,0,0
2051826003366801430,,2026-05-06T00:46:54.000Z,"Talking to my family , reading , games a favorite tv show. Not a wine mom. My grandpa died due to alcoholism so I don’t drink. It’s destructive in my extended family.",2051811728489656321,2051484751245234533,,en,官方回应帖,True,False,False,1,0,0
2051827347653853431,,2026-05-06T00:52:15.000Z,"This is like a statistical impossibility. If you have a problem with drugs and alcohol and are in recovery, you use nicotine and caffeine. I’m WORKING on cutting out caffeine and nicotine and have cut down a lot, but no drugs or alchy for almost 10 years.",2051811728489656321,2051484751245234533,,en,官方回应帖,True,False,False,1,0,0
2051676327669854269,,2026-05-05T14:52:09.000Z,"Telling my journal gossip, making bad art and collecting the weird DMs men have sent to me during the week & laughing at them with my friends.",2051811728489656321,2051484751245234533,,en,官方回应帖,True,False,False,1,0,0
2051834364141457622,,2026-05-06T01:20:08.000Z,Weed,2051811728489656321,2051484751245234533,,en,官方回应帖,True,False,False,0,0,0
2051837781853323311,,2026-05-06T01:33:43.000Z,"Every day is a wind down. Like, life is a journey of winding down.",2051811728489656321,2051484751245234533,,en,官方回应帖,True,False,False,1,0,0
2051831046241767861,,2026-05-06T01:06:57.000Z,Work hard everyday and you will naturally wind down at the end of everyday pretty simple stuff,2051811728489656321,2051484751245234533,,en,官方回应帖,True,False,False,4,0,0
2051820412502180144,,2026-05-06T00:24:41.000Z,"I like to scream into the void, you know, to it know who TF is the boss",2051811728489656321,2051484751245234533,,en,官方回应帖,True,False,False,1,0,0
2051846360119284031,,2026-05-06T02:07:48.000Z,disgusting amounts of sugar,2051811728489656321,2051484751245234533,,en,官方回应帖,True,False,False,1,0,0
2051833468150013960,,2026-05-06T01:16:34.000Z,Watering my plants,2051811728489656321,2051484751245234533,,en,官方回应帖,True,False,False,0,0,0
2051819811592687930,,2026-05-06T00:22:18.000Z,Spend wonderful time with family. Going to church to learn and grow spiritually. Singing songs of worship to God! Life is about living for others not trying to satisfy yourself.,2051811728489656321,2051484751245234533,,en,官方回应帖,True,False,False,1,1,0
2051836828316041329,,2026-05-06T01:29:55.000Z,Alcohol and vapes. Its not as bad ad people think. It makes me happy plus video games,2051811728489656321,2051484751245234533,,en,官方回应帖,True,False,False,0,0,0
2051800270892310821,,2026-05-05T23:04:39.000Z,Frozen fruit with Greek yogurt and honey,2051811728489656321,2051484751245234533,,en,官方回应帖,True,False,False,1,0,0
2051835128230625746,,2026-05-06T01:23:10.000Z,"Books, Exercise Housework Calling X twitter",2051811728489656321,2051484751245234533,,en,官方回应帖,True,False,False,0,0,0
2051829730840568133,,2026-05-06T01:01:43.000Z,"2 years sober... bath, magnesium, hot tea, dog cuddles, no angry man in my house",2051811728489656321,2051484751245234533,,en,官方回应帖,True,False,False,1,0,0
2051557667055771741,,2026-05-05T07:00:38.000Z,"A walk, a sweet treat (be on diet the whole week), a nice movie",2051811728489656321,2051484751245234533,,en,官方回应帖,True,False,False,1,0,0
2051831918656627199,,2026-05-06T01:10:25.000Z,Never understood the need to “wind down” seems like it’s just an excuse to do drugs,2051811728489656321,2051484751245234533,,en,官方回应帖,True,False,False,0,0,0
2051722158238261472,,2026-05-05T17:54:16.000Z,Depression,2051811728489656321,2051484751245234533,,en,官方回应帖,True,False,False,1,0,0
2051710726641770664,,2026-05-05T17:08:50.000Z,Chicken wings,2051811728489656321,2051484751245234533,,en,官方回应帖,True,False,False,1,0,0
2051817198050771361,,2026-05-06T00:11:55.000Z,"Depends. But family/wife, or gaming with friends/kids. I've seen how addiction ruined family members. Plus having addictions... In this economy???",2051811728489656321,2051484751245234533,,en,官方回应帖,True,False,False,1,0,0
2051832525988008377,,2026-05-06T01:12:50.000Z,Final Fantasy XIV,2051811728489656321,2051484751245234533,,in,官方回应帖,True,False,False,0,0,0
2051503591320375529,,2026-05-05T03:25:45.000Z,King of the Hill or ASMR,2051811728489656321,2051484751245234533,,en,官方回应帖,True,False,False,1,0,0
2051831735361392723,,2026-05-06T01:09:41.000Z,Most likely shooting up Walmart,2051811728489656321,2051484751245234533,,en,官方回应帖,True,False,False,0,0,0
2051821245969170616,,2026-05-06T00:28:00.000Z,"I don’t know, I don’t know if I need to; maybe video games. I just enjoy that it’s the weekend with whatever it brings. You don’t have to scratch an itch that isn’t there; my mind doesn’t even go there to unwind.",2051811728489656321,2051484751245234533,,en,官方回应帖,True,False,False,0,0,0
2051842013054546249,,2026-05-06T01:50:31.000Z,"I cry a lot....sometimes I look out the window at happy people, like the SpongeBob meme",2051811728489656321,2051484751245234533,,en,官方回应帖,True,False,False,1,0,0
2051830858651222467,,2026-05-06T01:06:12.000Z,"@The_LandLord14
 we’re waiting. #keystonecapers",2051811728489656321,2051484751245234533,,en,官方回应帖,True,False,False,1,0,0
2051814016381514102,,2026-05-05T23:59:17.000Z,"Walking, stretching, earthing, cleaning, reading, household chores, visiting mother, seeing friends, grocery store, sit in silence, bike ride, skating on my longboard. Just be chillin doing my thing",2051811728489656321,2051484751245234533,,en,官方回应帖,True,False,False,1,0,0
2051836314748702966,,2026-05-06T01:27:53.000Z,Watching vanilla mace on YouTube,2051811728489656321,2051484751245234533,,en,官方回应帖,True,False,False,1,0,0
2051486745288433841,,2026-05-05T02:18:49.000Z,"Family Guy, South Park.",2051811728489656321,2051484751245234533,,en,官方回应帖,True,False,False,1,1,0
2051834005368996065,,2026-05-06T01:18:42.000Z,"Weightlifting exercise and coffee, some basic vitamins/supplements and your set.",2051811728489656321,2051484751245234533,,en,官方回应帖,True,False,False,0,0,0
2051821021049565677,,2026-05-06T00:27:07.000Z,"Outdoor time, with sunlight if possible",2051811728489656321,2051484751245234533,,en,官方回应帖,True,False,False,1,0,0
2051792424939188610,,2026-05-05T22:33:29.000Z,Jerking it,2051811728489656321,2051484751245234533,,en,官方回应帖,True,False,False,1,0,0
2051816320866635967,,2026-05-06T00:08:26.000Z,Crying in my bathtub full for ramen noodles,2051811728489656321,2051484751245234533,,en,官方回应帖,True,False,False,0,1,0
2051839136261095786,,2026-05-06T01:39:06.000Z,Boats N Hos,2051811728489656321,2051484751245234533,,en,官方回应帖,True,False,False,0,0,0
2051832622817431942,,2026-05-06T01:13:13.000Z,"Just something on TV at the end of the day. Weekend stuff is all different, just fun activities. Nicotine was a bitch to get off of. But like, for the first few months off of nicotine my daily goal was to make it to bed as sleep was he only respite I got from cravings until like month 3. But that was from a 20 year 1.5 pack a day smoking habit. Otherwise, you learn to winddown naturally pretty quickly, if not, take magnesium to lower your cortisol.",2051811728489656321,2051484751245234533,,en,官方回应帖,True,False,False,0,0,0
2051847185222766939,,2026-05-06T02:11:05.000Z,Baseball,2051811728489656321,2051484751245234533,,en,官方回应帖,True,False,False,0,0,0
2051859386876702886,,2026-05-06T02:59:34.000Z,Binge on Cheetos,2051811728489656321,2051484751245234533,,fr,官方回应帖,True,False,False,0,0,0
2051842637246746967,,2026-05-06T01:53:00.000Z,Pussy,2051811728489656321,2051484751245234533,,en,官方回应帖,True,False,False,0,0,0
2051823062748930331,,2026-05-06T00:35:13.000Z,"Nicotine is not a drug you would have to totally avoid potatoes and tomatoes, cellery and some other veggies to have no nicotine.",2051811728489656321,2051484751245234533,,en,官方回应帖,True,False,False,0,0,0
2051848214953816471,,2026-05-06T02:15:10.000Z,Kava with cocoa,2051811728489656321,2051484751245234533,,et,官方回应帖,True,False,False,0,0,0
2051812427029979207,,2026-05-05T23:52:58.000Z,"Gym, food, girlfriend",2051811728489656321,2051484751245234533,,en,官方回应帖,True,False,False,0,0,0
2051821288457445685,,2026-05-06T00:28:10.000Z,Music and tea.,2051811728489656321,2051484751245234533,,en,官方回应帖,True,False,False,0,0,0
2052147875547644188,,2026-05-06T22:05:55.000Z,"Music, food, movement, and rest. Simple things that actually reset the mind.",2051811728489656321,2051484751245234533,,en,官方回应帖,True,False,False,0,0,0
2051486692574416923,,2026-05-05T02:18:36.000Z,"the realest wind-down sober or not is being unobserved for an hour, no replies, no face on, no being asked anything",2051811728489656321,2051484751245234533,,en,官方回应帖,True,False,False,0,1,0
2051794126061105201,,2026-05-05T22:40:14.000Z,Sauna. Steam room. Hot tub.,2051811728489656321,2051484751245234533,,et,官方回应帖,True,False,False,0,0,0
2051830320777826336,,2026-05-06T01:04:04.000Z,Gardening or running,2051811728489656321,2051484751245234533,,en,官方回应帖,True,False,False,0,0,0
2051823328713637910,,2026-05-06T00:36:17.000Z,Sauna,2051811728489656321,2051484751245234533,,es,官方回应帖,True,False,False,0,0,0
2052156171549581597,,2026-05-06T22:38:53.000Z,"Mostly just food, a shower, and something low-effort like a show or music. Sometimes a walk or reading if I still have energy. It’s really just about switching off, not doing anything special.",2051811728489656321,2051484751245234533,,en,官方回应帖,True,False,False,0,0,0
2051840456611545417,,2026-05-06T01:44:20.000Z,You guys are winding down?,2051811728489656321,2051484751245234533,,en,官方回应帖,True,False,False,0,0,0
2051819323954692515,,2026-05-06T00:20:22.000Z,"Stillness becomes the reward. You stop needing escape. Clear mind, clean habits, intentional rest, real presence, deep conversations, and earned peace. That is the wind down.",2051811728489656321,2051484751245234533,,en,官方回应帖,True,False,False,0,0,0
2051838459749302388,,2026-05-06T01:36:24.000Z,Russian Roulette,2051811728489656321,2051484751245234533,,en,官方回应帖,True,False,False,0,0,0
2051877118171402590,,2026-05-06T04:10:01.000Z,I make my own ginger tea.,2051811728489656321,2051484751245234533,,en,官方回应帖,True,False,False,0,0,0
2051825470837043618,,2026-05-06T00:44:47.000Z,"league of legends, stir fried broccoli and meat and beer...",2051811728489656321,2051484751245234533,,en,官方回应帖,True,False,False,0,0,0
2051578041550168106,,2026-05-05T08:21:36.000Z,Running,2051811728489656321,2051484751245234533,,en,官方回应帖,True,False,False,0,0,0
2051820543553479135,,2026-05-06T00:25:13.000Z,Work out and sauna,2051811728489656321,2051484751245234533,,en,官方回应帖,True,False,False,0,0,0
2051757621917430254,,2026-05-05T20:15:11.000Z,"Strip clubs, gettin hed, going to the bank taking out a shit ton of cash and counting it in the car, good conversation with a long time friends about life, eating ice cream",2051811728489656321,2051484751245234533,,en,官方回应帖,True,False,False,0,0,0
2051837145451552926,,2026-05-06T01:31:11.000Z,I like decaffeinated green tea and wind down tea. Also like ice cold pedialite,2051811728489656321,2051484751245234533,,en,官方回应帖,True,False,False,0,0,0
2051815445674524680,,2026-05-06T00:04:57.000Z,Coke & vita coco,2051811728489656321,2051484751245234533,,in,官方回应帖,True,False,False,0,0,0
2051806917006078343,,2026-05-05T23:31:04.000Z,Journaling,2051811728489656321,2051484751245234533,,en,官方回应帖,True,False,False,0,0,0
2051845686413709480,,2026-05-06T02:05:07.000Z,"Garden, sauna, and self hypnosis",2051811728489656321,2051484751245234533,,en,官方回应帖,True,False,False,0,0,0
2051808310245097530,,2026-05-05T23:36:36.000Z,Work out vigorously until im numb :),2051811728489656321,2051484751245234533,,en,官方回应帖,True,False,False,0,0,0
2051490604383609219,,2026-05-05T02:34:09.000Z,Noose,2051811728489656321,2051484751245234533,,en,官方回应帖,True,False,False,0,0,0
2051819213942104407,,2026-05-06T00:19:56.000Z,Black tar heroin,2051811728489656321,2051484751245234533,,en,官方回应帖,True,False,False,0,0,0
2051510765820269020,,2026-05-05T03:54:16.000Z,"Often reading and/or writing. I’m trying to write a utopian novel so I’m reading Utopia by More, but the place described is far from utopic for me.",2051811728489656321,2051484751245234533,,en,官方回应帖,True,False,False,0,0,0
2051840838951485942,,2026-05-06T01:45:52.000Z,Nicotine,2051811728489656321,2051484751245234533,,en,官方回应帖,True,False,False,0,0,0
2051491596588187692,,2026-05-05T02:38:06.000Z,Good Morning Blue...sober people please respond...we'd all like to know,2051811728489656321,2051484751245234533,,en,官方回应帖,True,False,False,0,0,0
2051809115114963117,,2026-05-05T23:39:48.000Z,"No tv, phone, no light, just sitting in the dark reflecting. Maybe a few candles.",2051811728489656321,2051484751245234533,,en,官方回应帖,True,False,False,0,0,0
2051860456906633525,,2026-05-06T03:03:49.000Z,"Here I am thinking I’m sober, but I use nicotine. Huh. Haha.",2051811728489656321,2051484751245234533,,en,官方回应帖,True,False,False,0,0,0
2051781022790938634,,2026-05-05T21:48:10.000Z,"Prayer, reading books, nature and fresh air, snuggling my kiddos, going to the movies and hanging with friends.",2051811728489656321,2051484751245234533,,en,官方回应帖,True,False,False,0,0,0
2051839599711068292,,2026-05-06T01:40:56.000Z,if you do it right you don't need one!,2051811728489656321,2051484751245234533,,en,官方回应帖,True,False,False,0,0,0
2051630066178654226,,2026-05-05T11:48:19.000Z,A workout followed by a sauna session,2051811728489656321,2051484751245234533,,en,官方回应帖,True,False,False,0,0,0
2051933542792224951,,2026-05-06T07:54:14.000Z,"When I dont drink I drink loads of non alcohol Guinness, I know thats not for all sober people particuarly problem drinkers, but I find it does the same thing through association",2051811728489656321,2051484751245234533,,en,官方回应帖,True,False,False,0,0,0
2051675247036821854,,2026-05-05T14:47:51.000Z,"Dont really feel like I need to wind down, just watch a movie or something I guess",2051811728489656321,2051484751245234533,,en,官方回应帖,True,False,False,0,0,0
2051827222319960203,,2026-05-06T00:51:45.000Z,Netflix,2051811728489656321,2051484751245234533,,en,官方回应帖,True,False,False,0,0,0
2053463874213425282,,2026-05-10T13:15:13.000Z,TV or internet.,2051811728489656321,2051484751245234533,,da,官方回应帖,True,False,False,0,0,0
2051701616110158215,,2026-05-05T16:32:38.000Z,Ходим в баню,2051811728489656321,2051484751245234533,,ru,官方回应帖,True,False,False,0,0,0
2052097159386845344,,2026-05-06T18:44:23.000Z,Rotisserie chicken,2051811728489656321,2051484751245234533,,de,官方回应帖,True,False,False,0,0,0
2051816963756720128,,2026-05-06T00:10:59.000Z,harassing minorities on the road,2051811728489656321,2051484751245234533,,en,官方回应帖,True,False,False,0,0,0
2051850470210359358,,2026-05-06T02:24:08.000Z,Reading,2051811728489656321,2051484751245234533,,en,官方回应帖,True,False,False,0,0,0
2051849645807059120,,2026-05-06T02:20:51.000Z,"Depends. Every other weekend I work three 12s in a row, so the end of those is just me sitting on the porch swing. Sometimes I go shooting, or I play a plane game in VR. It’s just whatever I feel like I have time for.",2051811728489656321,2051484751245234533,,en,官方回应帖,True,False,False,0,0,0
2051788595309285466,,2026-05-05T22:18:16.000Z,A glass of water and sleep.,2051811728489656321,2051484751245234533,,en,官方回应帖,True,False,False,0,0,0
2051812362647187691,,2026-05-05T23:52:42.000Z,Diet Coke,2051811728489656321,2051484751245234533,,en,官方回应帖,True,False,False,0,0,0
2051842407294222690,,2026-05-06T01:52:05.000Z,Dr Pepper and my phone.,2051811728489656321,2051484751245234533,,en,官方回应帖,True,False,False,0,0,0
2051813972349726870,,2026-05-05T23:59:06.000Z,exercise and good food,2051811728489656321,2051484751245234533,,en,官方回应帖,True,False,False,0,0,0
2051823447446020433,,2026-05-06T00:36:45.000Z,Ice cream,2051811728489656321,2051484751245234533,,en,官方回应帖,True,False,False,0,0,0
2051787085489832402,,2026-05-05T22:12:16.000Z,"Sees Candies Hi, I’m Theresa a chocoholic. I’ve memorized the fillings of all their chocolate in their standard assortment box without having to sneak a pinch. Mom was a beautician for 44-years & got boxes every Christmas as gifts from her clients. My Sees Candies Fantasy",2051811728489656321,2051484751245234533,,en,官方回应帖,True,False,False,0,0,0
2051831051014557723,,2026-05-06T01:06:58.000Z,I drink a tea lol and watch crime shows,2051811728489656321,2051484751245234533,,en,官方回应帖,True,False,False,0,0,0
2051816745716081017,,2026-05-06T00:10:07.000Z,Gooning out,2051811728489656321,2051484751245234533,,en,官方回应帖,True,False,False,0,0,0
2051777758171169177,,2026-05-05T21:35:12.000Z,I’ve been wondering about this too. I think I need to watch more tv shows. Trying to be more creative and less dugs & alcohol,2051811728489656321,2051484751245234533,,en,官方回应帖,True,False,False,0,1,0
2051841604420313548,,2026-05-06T01:48:54.000Z,Jack and Diet Coke. 5-10. Stat.,2051811728489656321,2051484751245234533,,en,官方回应帖,True,False,False,0,0,0
2051821293125722286,,2026-05-06T00:28:11.000Z,crochet :D,2051811728489656321,2051484751245234533,,et,官方回应帖,True,False,False,0,0,0
2051845555966689354,,2026-05-06T02:04:36.000Z,"Non alcoholic wine, meringue, bath",2051811728489656321,2051484751245234533,,en,官方回应帖,True,False,False,0,0,0
2051813705780695443,,2026-05-05T23:58:02.000Z,Sugar,2051811728489656321,2051484751245234533,,pt,官方回应帖,True,False,False,0,0,0
2051846124026146923,,2026-05-06T02:06:52.000Z,wind down ? sails up and im sober,2051811728489656321,2051484751245234533,,en,官方回应帖,True,False,False,0,0,0
2051828012753051683,,2026-05-06T00:54:54.000Z,Sleep,2051811728489656321,2051484751245234533,,en,官方回应帖,True,False,False,0,0,0
2051827200975093828,,2026-05-06T00:51:40.000Z,Weightlifting,2051811728489656321,2051484751245234533,,en,官方回应帖,True,False,False,0,0,0
2051830665176387790,,2026-05-06T01:05:26.000Z,"Mark off another day on my ""slow progress to death"" calendar",2051811728489656321,2051484751245234533,,en,官方回应帖,True,False,False,0,0,0
2051845454271222200,,2026-05-06T02:04:12.000Z,Sleep.,2051811728489656321,2051484751245234533,,en,官方回应帖,True,False,False,0,0,0
2051805682752467233,,2026-05-05T23:26:10.000Z,Fifa,2051811728489656321,2051484751245234533,,in,官方回应帖,True,False,False,0,0,0
2051845092399263782,,2026-05-06T02:02:46.000Z,Watching Cops,2051811728489656321,2051484751245234533,,en,官方回应帖,True,False,False,0,0,0
2051820956281401691,,2026-05-06T00:26:51.000Z,I pleasure myself to the image of Mrs Buttersworth.,2051811728489656321,2051484751245234533,,en,官方回应帖,True,False,False,0,0,0
2051848070804197779,,2026-05-06T02:14:36.000Z,Running,2051811728489656321,2051484751245234533,,en,官方回应帖,True,False,False,0,0,0
2052029212131819677,,2026-05-06T14:14:23.000Z,Warm bath or shower followed by light reading will put you to sleep.,2051811728489656321,2051484751245234533,,en,官方回应帖,True,False,False,0,0,0
2051574704054452257,,2026-05-05T08:08:20.000Z,,2051811728489656321,2051484751245234533,,,官方回应帖,True,False,False,0,0,0
2051531753442140160,,2026-05-05T05:17:40.000Z,Sober mfs can’t wait to jack off,2051811728489656321,2051484751245234533,,en,官方回应帖,True,False,False,0,0,0
2051829263175684367,,2026-05-06T00:59:52.000Z,Weed,2051811728489656321,2051484751245234533,,en,官方回应帖,True,False,False,0,0,0
2051857004269064252,,2026-05-06T02:50:06.000Z,"Grounding with tai Chi on the grass in the last rays of the sun,Followed by couch time & YouTube.",2051811728489656321,2051484751245234533,,en,官方回应帖,True,False,False,0,0,0
2051822256720847003,,2026-05-06T00:32:01.000Z,Extreme masturbation,2051811728489656321,2051484751245234533,,en,官方回应帖,True,False,False,0,0,0
2051829047324225963,,2026-05-06T00:59:00.000Z,Reading,2051811728489656321,2051484751245234533,,en,官方回应帖,True,False,False,0,0,0
2051848597734355393,,2026-05-06T02:16:41.000Z,Wanking.,2051811728489656321,2051484751245234533,,en,官方回应帖,True,False,False,0,0,0
2051827206729634198,,2026-05-06T00:51:41.000Z,Sex,2051811728489656321,2051484751245234533,,und,官方回应帖,True,False,False,0,0,0
2051830983880487171,,2026-05-06T01:06:42.000Z,"Walking and listening to Hair Nation on 
@SIRIUSXM",2051811728489656321,2051484751245234533,,en,官方回应帖,True,False,False,0,0,0
2051815748595515617,,2026-05-06T00:06:10.000Z,"Soda, water, lemon juice in cranberry over ice",2051811728489656321,2051484751245234533,,en,官方回应帖,True,False,False,0,0,0
2051812374592503985,,2026-05-05T23:52:45.000Z,sex,2051811728489656321,2051484751245234533,,und,官方回应帖,True,False,False,0,0,0
2051845003463278672,,2026-05-06T02:02:24.000Z,"If it as a stressful week, raw dogging a hooker",2051811728489656321,2051484751245234533,,en,官方回应帖,True,False,False,0,0,0
2051782066623201553,,2026-05-05T21:52:19.000Z,A long walk,2051811728489656321,2051484751245234533,,en,官方回应帖,True,False,False,0,0,0
2051843749139935481,,2026-05-06T01:57:25.000Z,jerking off,2051811728489656321,2051484751245234533,,en,官方回应帖,True,False,False,0,0,0
2051828157108400345,,2026-05-06T00:55:28.000Z,I put my dick in a sharpshooter,2051811728489656321,2051484751245234533,,en,官方回应帖,True,False,False,0,0,0
2051841438753882259,,2026-05-06T01:48:15.000Z,I start the day with exercise. At night I read for a bit but my body is so tired that I drop fast into deep sleep.,2051811728489656321,2051484751245234533,,en,官方回应帖,True,False,False,0,0,0
2051839527249916217,,2026-05-06T01:40:39.000Z,It used to be way too much food.,2051811728489656321,2051484751245234533,,en,官方回应帖,True,False,False,0,0,0
2051819623667081338,,2026-05-06T00:21:33.000Z,Breathwork,2051811728489656321,2051484751245234533,,en,官方回应帖,True,False,False,0,0,0
2051845803174429133,,2026-05-06T02:05:35.000Z,Water,2051811728489656321,2051484751245234533,,en,官方回应帖,True,False,False,0,0,0
2051817524547739738,,2026-05-06T00:13:13.000Z,Don't ever wind down. Problem solved.,2051811728489656321,2051484751245234533,,en,官方回应帖,True,False,False,0,0,0
2051816281356070918,,2026-05-06T00:08:17.000Z,"Walk, nap...outside and active.",2051811728489656321,2051484751245234533,,en,官方回应帖,True,False,False,0,0,0
2051533603570639116,,2026-05-05T05:25:01.000Z,"Sauna, good food, movie",2051811728489656321,2051484751245234533,,en,官方回应帖,True,False,False,0,0,0
2051492505582014769,,2026-05-05T02:41:42.000Z,Lattes,2051811728489656321,2051484751245234533,,en,官方回应帖,True,False,False,0,0,0
2051830267308916751,,2026-05-06T01:03:51.000Z,Reading,2051811728489656321,2051484751245234533,,en,官方回应帖,True,False,False,0,0,0
2051815594601959447,,2026-05-06T00:05:33.000Z,My dog,2051811728489656321,2051484751245234533,,en,官方回应帖,True,False,False,0,0,0
2051818415170470280,,2026-05-06T00:16:45.000Z,"Playing a certain web3 game, betting and winning at the same time.",2051811728489656321,2051484751245234533,,en,官方回应帖,True,False,False,0,0,0
2051819856706605336,,2026-05-06T00:22:29.000Z,I smoke weed.,2051811728489656321,2051484751245234533,,en,官方回应帖,True,False,False,0,0,0
2051829128513613955,,2026-05-06T00:59:20.000Z,sleep,2051811728489656321,2051484751245234533,,en,官方回应帖,True,False,False,0,0,0
2051816907628577060,,2026-05-06T00:10:46.000Z,Movies,2051811728489656321,2051484751245234533,,en,官方回应帖,True,False,False,0,0,0
2051812006261370984,,2026-05-05T23:51:17.000Z,"Weekend: Early morning gardening, late afternoon grilling party ending with the evening fire pit gathering, accompanied with great music!",2051811728489656321,2051484751245234533,,en,官方回应帖,True,False,False,0,0,0
2051825580857766391,,2026-05-06T00:45:14.000Z,Tookie,2051811728489656321,2051484751245234533,,en,官方回应帖,True,False,False,0,0,0
2051533135565992091,,2026-05-05T05:23:09.000Z,coconut water while in my epsom salt bath,2051811728489656321,2051484751245234533,,en,官方回应帖,True,False,False,0,0,0
2051822185577087367,,2026-05-06T00:31:44.000Z,Dead lock,2051811728489656321,2051484751245234533,,en,官方回应帖,True,False,False,0,0,0
2051847281851187259,,2026-05-06T02:11:28.000Z,Kombucha in a frosted glass,2051811728489656321,2051484751245234533,,en,官方回应帖,True,False,False,0,0,0
2051848551215284665,,2026-05-06T02:16:30.000Z,Spending time with the kids,2051811728489656321,2051484751245234533,,en,官方回应帖,True,False,False,0,0,0
2051857762250895462,,2026-05-06T02:53:06.000Z,Jellybeans,2051811728489656321,2051484751245234533,,en,官方回应帖,True,False,False,0,0,0
2051815812659315118,,2026-05-06T00:06:25.000Z,Spend time at home with my wife and our four legged friends. Just relaxing.,2051811728489656321,2051484751245234533,,en,官方回应帖,True,False,False,0,0,0
2051822999993716881,,2026-05-06T00:34:58.000Z,Calm music with no singing. Just chill.,2051811728489656321,2051484751245234533,,en,官方回应帖,True,False,False,0,0,0
2051842092750831756,,2026-05-06T01:50:50.000Z,I just pack a bowl and bird watch.,2051811728489656321,2051484751245234533,,en,官方回应帖,True,False,False,0,0,0
2051845996653502523,,2026-05-06T02:06:21.000Z,Just knowing I have a couple days off with no alarm... Is all the wind down I need.,2051811728489656321,2051484751245234533,,en,官方回应帖,True,False,False,0,0,0
2051832601036370244,,2026-05-06T01:13:07.000Z,Kombucha,2051811728489656321,2051484751245234533,,de,官方回应帖,True,False,False,0,0,0
2051844452801446112,,2026-05-06T02:00:13.000Z,One round of Russian roulette,2051811728489656321,2051484751245234533,,en,官方回应帖,True,False,False,0,0,0
2051846358798078169,,2026-05-06T02:07:48.000Z,candle lit bath,2051811728489656321,2051484751245234533,,en,官方回应帖,True,False,False,0,0,0
2051844130989543728,,2026-05-06T01:58:56.000Z,瞑想,2051811728489656321,2051484751245234533,,ja,官方回应帖,True,False,False,0,0,0
2051530052312166787,,2026-05-05T05:10:54.000Z,Kombucha,2051811728489656321,2051484751245234533,,de,官方回应帖,True,False,False,0,0,0
2051858690702258267,,2026-05-06T02:56:48.000Z,Soda and a cookie(s),2051811728489656321,2051484751245234533,,en,官方回应帖,True,False,False,0,0,0
2051834818929865068,,2026-05-06T01:21:56.000Z,Reading and then prayer with the family,2051811728489656321,2051484751245234533,,en,官方回应帖,True,False,False,0,0,0
2051863661279613197,,2026-05-06T03:16:33.000Z,"Used to be tv. But the woke movement and Jewish propaganda ruined that. I have been doing woodworking, and ceramics and tools are getting expensive",2051811728489656321,2051484751245234533,,en,官方回应帖,True,False,False,0,0,0
2051827716253458609,,2026-05-06T00:53:43.000Z,Podcasts and Ninetendo switch,2051811728489656321,2051484751245234533,,en,官方回应帖,True,False,False,0,0,0
2051816586244153362,,2026-05-06T00:09:29.000Z,Pizza,2051811728489656321,2051484751245234533,,sv,官方回应帖,True,False,False,0,0,0
2051815835325411721,,2026-05-06T00:06:30.000Z,"Forget about it. Drink, watch sports and read",2051811728489656321,2051484751245234533,,en,官方回应帖,True,False,False,0,0,0
2051805415264919853,,2026-05-05T23:25:06.000Z,Coffee,2051811728489656321,2051484751245234533,,en,官方回应帖,True,False,False,0,0,0
2051799120818442470,,2026-05-05T23:00:05.000Z,A burger lol,2051811728489656321,2051484751245234533,,en,官方回应帖,True,False,False,0,0,0
2051840722681188353,,2026-05-06T01:45:24.000Z,Sugar,2051811728489656321,2051484751245234533,,pt,官方回应帖,True,False,False,0,0,0
2051843506922992020,,2026-05-06T01:56:28.000Z,Coke Zero,2051811728489656321,2051484751245234533,,eu,官方回应帖,True,False,False,0,0,0
2051828744164081747,,2026-05-06T00:57:48.000Z,Sober people watch snuff films to get off,2051811728489656321,2051484751245234533,,en,官方回应帖,True,False,False,0,0,0
2051822511034167631,,2026-05-06T00:33:02.000Z,Just game,2051811728489656321,2051484751245234533,,en,官方回应帖,True,False,False,0,0,0
2051828710295126074,,2026-05-06T00:57:40.000Z,Wind down?,2051811728489656321,2051484751245234533,,en,官方回应帖,True,False,False,0,0,0
2051845241553211459,,2026-05-06T02:03:21.000Z,I love just a couple puffs off a joint!,2051811728489656321,2051484751245234533,,en,官方回应帖,True,False,False,0,0,0
2051829823811489988,,2026-05-06T01:02:05.000Z,Te de manzanilla,2051811728489656321,2051484751245234533,,es,官方回应帖,True,False,False,0,0,0
2051842082021445785,,2026-05-06T01:50:48.000Z,A hot bath,2051811728489656321,2051484751245234533,,en,官方回应帖,True,False,False,0,0,0
2051827743340310725,,2026-05-06T00:53:49.000Z,A joint,2051811728489656321,2051484751245234533,,en,官方回应帖,True,False,False,0,0,0
2051816508456845675,,2026-05-06T00:09:11.000Z,A long run!,2051811728489656321,2051484751245234533,,en,官方回应帖,True,False,False,0,0,0
2051828422935290238,,2026-05-06T00:56:31.000Z,Heroin,2051811728489656321,2051484751245234533,,eu,官方回应帖,True,False,False,0,0,0
2051819740817977798,,2026-05-06T00:22:01.000Z,Tv.,2051811728489656321,2051484751245234533,,und,官方回应帖,True,False,False,0,0,0
2051844752966840350,,2026-05-06T02:01:25.000Z,Coconut Water,2051811728489656321,2051484751245234533,,en,官方回应帖,True,False,False,1,0,0
2051825841395347687,,2026-05-06T00:46:16.000Z,Chocolate.,2051811728489656321,2051484751245234533,,es,官方回应帖,True,False,False,0,0,0
2051656886886265188,,2026-05-05T13:34:54.000Z,I'm not sober but when I want to abstain and still have something on the couch I just have a seltzer or sparkling water. Topo Chico!,2051811728489656321,2051484751245234533,,en,官方回应帖,True,False,False,0,0,0
2051827516784955395,,2026-05-06T00:52:55.000Z,Chores,2051811728489656321,2051484751245234533,,es,官方回应帖,True,False,False,0,0,0
2051955081117888661,,2026-05-06T09:19:49.000Z,Bravo,2051811728489656321,2051484751245234533,,pt,官方回应帖,True,False,False,0,0,0
2051829360865231243,,2026-05-06T01:00:15.000Z,Ironing money with some Tamarind juice and some Bread Bites,2051811728489656321,2051484751245234533,,en,官方回应帖,True,False,False,0,0,0
2051805690641948764,,2026-05-05T23:26:12.000Z,YouTube and my dog,2051811728489656321,2051484751245234533,,en,官方回应帖,True,False,False,0,0,0
2051980696550355214,,2026-05-06T11:01:36.000Z,Chocolate and pizza.,2051811728489656321,2051484751245234533,,en,官方回应帖,True,False,False,0,0,0
2051722715325776286,,2026-05-05T17:56:29.000Z,"Ok so I'm not teetotal but I only ever drink if I go out to a party or something. I wind down by sitting down, usually with a cuppa, and doing things I enjoy - reading, writing, cross stitch, watching sport.",2051811728489656321,2051484751245234533,,en,官方回应帖,True,False,False,0,0,0
2051826981235270137,,2026-05-06T00:50:48.000Z,Fumar um cigarro,2051811728489656321,2051484751245234533,,pt,官方回应帖,True,False,False,0,0,0
2051837733912690701,,2026-05-06T01:33:31.000Z,Reading lol,2051811728489656321,2051484751245234533,,en,官方回应帖,True,False,False,0,0,0
2051844892633260407,,2026-05-06T02:01:58.000Z,"Reading and writing. Add something to the mind to tinker with while I sleep, and getting all the other crap out of my head onto paper so that sleep is restful.",2051811728489656321,2051484751245234533,,en,官方回应帖,True,False,False,0,0,0
2051830913676259374,,2026-05-06T01:06:25.000Z,2 ice cream sandwiches,2051811728489656321,2051484751245234533,,en,官方回应帖,True,False,False,0,0,0
2051865046737617047,,2026-05-06T03:22:03.000Z,Family time,2051811728489656321,2051484751245234533,,en,官方回应帖,True,False,False,0,0,0
2051835352835412324,,2026-05-06T01:24:04.000Z,Reading or sleeping,2051811728489656321,2051484751245234533,,en,官方回应帖,True,False,False,0,0,0
2051848580818776128,,2026-05-06T02:16:37.000Z,Ice cream,2051811728489656321,2051484751245234533,,en,官方回应帖,True,False,False,0,0,0
2051815735882600665,,2026-05-06T00:06:06.000Z,"Warm bath, soft lightening, a light walk.",2051811728489656321,2051484751245234533,,en,官方回应帖,True,False,False,0,0,0
2051815344424001586,,2026-05-06T00:04:33.000Z,Cake and Bravo,2051811728489656321,2051484751245234533,,en,官方回应帖,True,False,False,0,0,0
2051814826519793794,,2026-05-06T00:02:30.000Z,A nap,2051811728489656321,2051484751245234533,,hu,官方回应帖,True,False,False,0,0,0
2051789116321259914,,2026-05-05T22:20:20.000Z,Drugs,2051811728489656321,2051484751245234533,,en,官方回应帖,True,False,False,0,0,0
2051944157988499942,,2026-05-06T08:36:25.000Z,Gamble,2051811728489656321,2051484751245234533,,en,官方回应帖,True,False,False,0,0,0
2051841975750692910,,2026-05-06T01:50:23.000Z,Video games!!,2051811728489656321,2051484751245234533,,en,官方回应帖,True,False,False,0,0,0
2051827544371220964,,2026-05-06T00:53:02.000Z,"Gym, walk, series episode, dogs",2051811728489656321,2051484751245234533,,en,官方回应帖,True,False,False,0,0,0
2051824447003283594,,2026-05-06T00:40:43.000Z,"Video games, sweet treats, music",2051811728489656321,2051484751245234533,,en,官方回应帖,True,False,False,0,0,0
2051817368238641474,,2026-05-06T00:12:36.000Z,"A steak, popcorn, and a blowjob.",2051811728489656321,2051484751245234533,,en,官方回应帖,True,False,False,0,0,0
2051829785085554820,,2026-05-06T01:01:56.000Z,Music. Music music.,2051811728489656321,2051484751245234533,,en,官方回应帖,True,False,False,0,0,0
2051829674842444030,,2026-05-06T01:01:30.000Z,"I mix with my life. Do sports with my dog and enjoy time with my girlfriend. Also geopolitiek and monetaire system. That's it. And family and friends. Car i like expensive suede jackets. Italy, also family there tuscany. Nature sea",2051811728489656321,2051484751245234533,,en,官方回应帖,True,False,False,0,0,0
2051844460540232101,,2026-05-06T02:00:15.000Z,Cigars,2051811728489656321,2051484751245234533,,en,官方回应帖,True,False,False,0,0,0
2051828845632737602,,2026-05-06T00:58:12.000Z,grabbin her by the scruff and cummin in her booty,2051811728489656321,2051484751245234533,,en,官方回应帖,True,False,False,0,0,0
2051841661890650140,,2026-05-06T01:49:08.000Z,Coke Zero,2051811728489656321,2051484751245234533,,eu,官方回应帖,True,False,False,0,0,0
2051821179388719250,,2026-05-06T00:27:44.000Z,Murder mysteries,2051811728489656321,2051484751245234533,,en,官方回应帖,True,False,False,0,0,0
2051827680346014076,,2026-05-06T00:53:34.000Z,Long hot shower or bath,2051811728489656321,2051484751245234533,,en,官方回应帖,True,False,False,0,0,0
2051828116746645980,,2026-05-06T00:55:18.000Z,Competitive Video Games,2051811728489656321,2051484751245234533,,en,官方回应帖,True,False,False,0,0,0
2051833988034310544,,2026-05-06T01:18:38.000Z,Pussy,2051811728489656321,2051484751245234533,,en,官方回应帖,True,False,False,0,0,0
2051839755915346066,,2026-05-06T01:41:33.000Z,Literally nothing,2051811728489656321,2051484751245234533,,en,官方回应帖,True,False,False,0,0,0
2051823158806868071,,2026-05-06T00:35:36.000Z,Crack,2051811728489656321,2051484751245234533,,en,官方回应帖,True,False,False,0,0,0
2051820232227037272,,2026-05-06T00:23:58.000Z,There is none.,2051811728489656321,2051484751245234533,,en,官方回应帖,True,False,False,0,0,0
2051837570057736199,,2026-05-06T01:32:52.000Z,chess,2051811728489656321,2051484751245234533,,en,官方回应帖,True,False,False,0,0,0
2052452781244486046,,2026-05-07T18:17:30.000Z,"Not sober(holiday drinker) my daily wind down is freezer time, video games, and finish off with a hot bath (4ish hours).",2051811728489656321,2051484751245234533,,en,官方回应帖,True,False,False,0,0,0
2051827881848832084,,2026-05-06T00:54:22.000Z,Pies en el pasto. Sol en la cara y mate amargo. Al lado de mi esposa viendo a mis hijas jugar afuera,2051811728489656321,2051484751245234533,,es,官方回应帖,True,False,False,0,0,0
2051847472415232214,,2026-05-06T02:12:13.000Z,Reading a good book,2051811728489656321,2051484751245234533,,en,官方回应帖,True,False,False,0,0,0
2051821795787821439,,2026-05-06T00:30:11.000Z,Dry fire practice,2051811728489656321,2051484751245234533,,en,官方回应帖,True,False,False,0,0,0
2051512263735947290,,2026-05-05T04:00:13.000Z,"Murder, I assume",2051811728489656321,2051484751245234533,,en,官方回应帖,True,False,False,0,0,0
2051813274249826758,,2026-05-05T23:56:20.000Z,Piwo bezalkoholowe,2051811728489656321,2051484751245234533,,pl,官方回应帖,True,False,False,0,0,0
2051822469468790851,,2026-05-06T00:32:52.000Z,Fight club,2051811728489656321,2051484751245234533,,en,官方回应帖,True,False,False,0,0,0
2051815104300171462,,2026-05-06T00:03:36.000Z,Extra sleep,2051811728489656321,2051484751245234533,,en,官方回应帖,True,False,False,0,0,0
2051843648845644182,,2026-05-06T01:57:01.000Z,ashwaganda and writing music. or watching samurai films,2051811728489656321,2051484751245234533,,en,官方回应帖,True,False,False,0,0,0
2051845561603498115,,2026-05-06T02:04:37.000Z,deporte,2051811728489656321,2051484751245234533,,pt,官方回应帖,True,False,False,0,0,0
2051572042776944792,,2026-05-05T07:57:46.000Z,"Long distance running, when I’m done I get so tired that all I can do for the rest of the day is sleep and rest.",2051811728489656321,2051484751245234533,,en,官方回应帖,True,False,False,0,0,0
2051837121540034874,,2026-05-06T01:31:05.000Z,Long long long walks,2051811728489656321,2051484751245234533,,en,官方回应帖,True,False,False,0,0,0
2051822043021148374,,2026-05-06T00:31:10.000Z,Fibermaxxing by myself,2051811728489656321,2051484751245234533,,en,官方回应帖,True,False,False,0,0,0
2051847015219486720,,2026-05-06T02:10:24.000Z,"Reading, or watching tv or playing a game on my phone.",2051811728489656321,2051484751245234533,,en,官方回应帖,True,False,False,0,0,0
2051797845251113015,,2026-05-05T22:55:01.000Z,Meditation or a walk,2051811728489656321,2051484751245234533,,en,官方回应帖,True,False,False,0,0,0
2051798134863314979,,2026-05-05T22:56:10.000Z,Oreos or other cookies,2051811728489656321,2051484751245234533,,en,官方回应帖,True,False,False,0,0,0
2051835364390646037,,2026-05-06T01:24:06.000Z,"Real question, who’s sober???????",2051811728489656321,2051484751245234533,,en,官方回应帖,True,False,False,0,0,0
2051827703444115772,,2026-05-06T00:53:40.000Z,You mean straight edge? Or tea totaler. Sober people consume nicotine like it’s air.,2051811728489656321,2051484751245234533,,en,官方回应帖,True,False,False,0,0,0
2051810685500207159,,2026-05-05T23:46:02.000Z,Napping,2051811728489656321,2051484751245234533,,en,官方回应帖,True,False,False,0,0,0
2051825312791503102,,2026-05-06T00:44:10.000Z,Knitting,2051811728489656321,2051484751245234533,,en,官方回应帖,True,False,False,0,0,0
2051829901846548746,,2026-05-06T01:02:24.000Z,A good book,2051811728489656321,2051484751245234533,,en,官方回应帖,True,False,False,0,0,0
2051821943725105541,,2026-05-06T00:30:47.000Z,Sauna,2051811728489656321,2051484751245234533,,es,官方回应帖,True,False,False,0,0,0
2051840711637561794,,2026-05-06T01:45:21.000Z,"Going out to my favourite restaurant for dinner, then coming home and watching my favourite shows.",2051811728489656321,2051484751245234533,,en,官方回应帖,True,False,False,0,0,0
2051845536609710416,,2026-05-06T02:04:32.000Z,Pickleball,2051811728489656321,2051484751245234533,,en,官方回应帖,True,False,False,0,0,0
2051835188628341105,,2026-05-06T01:23:24.000Z,Outdoors then good shower,2051811728489656321,2051484751245234533,,en,官方回应帖,True,False,False,0,0,0
2051699684205646153,,2026-05-05T16:24:58.000Z,"Prayer, a good dinner, watching TV, and then reading a book before bed.",2051811728489656321,2051484751245234533,,en,官方回应帖,True,False,False,0,0,0
2051823637221564579,,2026-05-06T00:37:30.000Z,Hot mint tea,2051811728489656321,2051484751245234533,,en,官方回应帖,True,False,False,0,0,0
2051818216343650631,,2026-05-06T00:15:58.000Z,Reading and video games and talks,2051811728489656321,2051484751245234533,,en,官方回应帖,True,False,False,0,0,0
2051818331704082616,,2026-05-06T00:16:25.000Z,Starts with an a and ends with a 3,2051811728489656321,2051484751245234533,,en,官方回应帖,True,False,False,0,0,0
2051848898894090568,,2026-05-06T02:17:53.000Z,A nice wank with my belt around my neck,2051811728489656321,2051484751245234533,,en,官方回应帖,True,False,False,0,0,0
2044902646386159951,,2026-04-16T22:15:58.000Z,Wow,2044594434952835141,2044591906425082266,,und,官方回应帖,True,False,False,0,0,0
2043731539960156609,,2026-04-13T16:42:24.000Z,,2043741117989171446,2043730732607037547,,,官方回应帖,True,False,False,0,0,0
2035154558716936314,,2026-03-21T00:40:32.000Z,"It’s seriously the most comfortable shirt I own I wanted shorts, pants and a sweater but I couldn’t get them :(",2035072528440533017,2035071814758453269,,en,官方回应帖,True,False,False,0,0,0
2035121986536423935,,2026-03-20T22:31:06.000Z,i have this shirt and i live in it because it’s so comfy!,2035072528440533017,2035071814758453269,,en,官方回应帖,True,False,False,1,1,0
2032990053190750410,,2026-03-15T01:19:34.000Z,Tag is irrelevant,2032840775718125871,2032839523269226920,,nl,官方回应帖,True,False,False,0,0,0
2032993225720410222,,2026-03-15T01:32:10.000Z,Same. Every pair of pants/joggers/ shorts I’ve ever bought. . . Holes in the pocket or near the crotch after like 2 months. Super frustrating.,2032840775718125871,2032839523269226920,,en,官方回应帖,True,False,False,1,0,0
2032984030048559578,,2026-03-15T00:55:38.000Z,That's called a rip tag for a reason.,2032840775718125871,2032839523269226920,,en,官方回应帖,True,False,False,0,1,0
2033017734410187103,,2026-03-15T03:09:34.000Z,I’ve moved onto much nicer clothes. Lulu is bottom tier,2032840736937488629,2032844509134954596,,en,官方回应帖,True,False,False,0,0,0
2033009856660054394,,2026-03-15T02:38:15.000Z,Go wear walmart clothes and stop crying,2032840736937488629,2032844509134954596,,en,官方回应帖,True,False,False,0,1,0
2025476617192235056,,2026-02-22T07:43:51.000Z,agree!!,2025326091876118873,2025321675194069260,,en,官方回应帖,True,False,False,0,0,0
2025575607615008861,,2026-02-22T14:17:12.000Z,"That’s 
@aloyoga
 ‘s thing",2025326091876118873,2025321675194069260,,en,官方回应帖,True,False,False,0,0,0
2025609803331158103,,2026-02-22T16:33:05.000Z,You really don’t know how brand deals work do you? They send them the stuff and they are required to make a post about it saying how much they love it… this is how advertising works..,2024900118357704745,2024931900171887038,,en,官方回应帖,True,False,False,1,0,0
2021951421856592141,,2026-02-12T14:15:59.000Z,"That's a great question. The Team Canada x lululemon collection is available online, and Future Legacy products are available in all Canadian stores.",2020616271197577609,2020598138579616248,,en,官方回应帖,True,False,False,0,0,0
2020622799224938618,,2026-02-08T22:16:31.000Z,This just shows your broke ass hasn’t bought anything except for Levi and Kirkland. Lulu Olympic wear has always been available to the public,2020616271197577609,2020598138579616248,,en,官方回应帖,True,False,False,10,4,0
2020604553796743572,,2026-02-08T21:04:01.000Z,Value Village will be the official store of the Olympic uniforms.,2020616271197577609,2020598138579616248,,en,官方回应帖,True,False,False,2,0,0
2020607543572398467,,2026-02-08T21:15:54.000Z,Wait until after the Olympics You’ll find them in all the Value Villages and Second Hand stores across Canada,2020616271197577609,2020598138579616248,,en,官方回应帖,True,False,False,3,1,0
2020600423539941585,,2026-02-08T20:47:36.000Z,i hear sally anne has recived all of the production,2020616271197577609,2020598138579616248,,en,官方回应帖,True,False,False,2,0,0
2020617758715814277,,2026-02-08T21:56:29.000Z,,2020616271197577609,2020598138579616248,,qme,官方回应帖,True,False,False,1,0,0
2020636999213019249,,2026-02-08T23:12:56.000Z,Let’s hope not,2020616271197577609,2020598138579616248,,en,官方回应帖,True,False,False,1,0,0
2020639459826704786,,2026-02-08T23:22:43.000Z,I wonder what freeland would look like in the Olympic where,2020616271197577609,2020598138579616248,,en,官方回应帖,True,False,False,1,0,0
2020604036974800920,,2026-02-08T21:01:58.000Z,"Yes, in the garbage cans of the athletes immediately following...",2020616271197577609,2020598138579616248,,en,官方回应帖,True,False,False,1,0,0
2020603988698386875,,2026-02-08T21:01:46.000Z,They are on line,2020616271197577609,2020598138579616248,,en,官方回应帖,True,False,False,0,0,0
2020634942456353101,,2026-02-08T23:04:46.000Z,Why? You want to burn it? Maybe use it as a sleeping bag?,2020616271197577609,2020598138579616248,,en,官方回应帖,True,False,False,0,0,0
2020330625836937537,,2026-02-08T02:55:31.000Z,https://x.com/i/status/2019979670293475440…,2020308968955081034,2020328329925259374,,qme,官方回应帖,True,False,False,0,0,0
2020359505586831723,,2026-02-08T04:50:17.000Z,What a joke,2020308968955081034,2020328329925259374,,en,官方回应帖,True,False,False,0,0,0
2020359150958428393,,2026-02-08T04:48:52.000Z,Are you okay?,2020308968955081034,2020307088099152276,,en,官方回应帖,True,False,False,0,0,0
2020651275390681570,,2026-02-09T00:09:40.000Z,No out of my own pocket,2020216831399849999,2020210948649406630,,en,官方回应帖,True,False,False,0,0,0
2020216445372657770,,2026-02-07T19:21:49.000Z,It was available online last nite just checked the sweaters r still up sold out of large but medium n smalls available,2020216831399849999,2020210948649406630,,en,官方回应帖,True,False,False,1,0,1
2020360058501230986,,2026-02-08T04:52:29.000Z,Are they paying you?,2020216831399849999,2020210948649406630,,en,官方回应帖,True,False,False,0,1,0
2020195621504790552,,2026-02-07T17:59:04.000Z,It’s not been on there at all.,2020196121029783634,2020193179178528798,,en,官方回应帖,True,False,False,0,0,0
2020159533922853039,,2026-02-07T15:35:40.000Z,"Do you guys even know what Canadians are thinking about Olympic outfits? Social Media is full of criticism, yet only 5-10 +ve comments while 1000’s of people are clearly unhappy. This is Team Canada, We expected pride and representation, not something that feels disconnected.",2020192242322096144,2020111710213013521,,en,官方回应帖,True,False,False,0,0,0
2019995516998652208,,2026-02-07T04:43:55.000Z,Closing ceremony with a gold around his neck?!,2019871254711529715,2019866243956895912,,en,官方回应帖,True,False,False,0,0,0
2020160001398931646,,2026-02-07T15:37:31.000Z,,2019870531919790135,2019863703449936285,,qme,官方回应帖,True,False,False,0,0,0
2020542784914993657,,2026-02-08T16:58:34.000Z,I’m actually surprised it’s not rainbows,2019859974453961058,2020362935269507078,,en,官方回应帖,True,False,False,0,0,0
2020279932866420956,,2026-02-07T23:34:05.000Z,Why is it brown,2019859974453961058,2019858494808113164,,en,官方回应帖,True,False,False,1,0,0
2020542796524839258,,2026-02-08T16:58:37.000Z,"@lululemon
 needs some new designers this shits horrible",2019859974453961058,2019858494808113164,,en,官方回应帖,True,False,False,1,0,0
2020314537891885219,,2026-02-08T01:51:36.000Z,"Show us a pic of you wearing the ""coat"" Yup, I'm sure you love it, lol.",2019859974453961058,2019858494808113164,,en,官方回应帖,True,False,False,1,1,0
2020165130470769056,,2026-02-07T15:57:54.000Z,"sorry 
@lululemon
 there is no coming back from that “bear in hip hop gear” look",2019859974453961058,2019858494808113164,,en,官方回应帖,True,False,False,1,1,0
2020178399273300243,,2026-02-07T16:50:38.000Z,When did brown become a Canadian color to represent our country?,2019859974453961058,2019858494808113164,,en,官方回应帖,True,False,False,1,0,0
2020176663808790725,,2026-02-07T16:43:44.000Z,Waste of money all of it Fkng joke,2019859974453961058,2019858494808113164,,en,官方回应帖,True,False,False,1,0,0
2019912061967352212,,2026-02-06T23:12:18.000Z,So many options!!,2019859974453961058,2019858494808113164,,en,官方回应帖,True,False,False,0,0,0
2019917263147839888,,2026-02-06T23:32:58.000Z,"Wear it proudly and good luck, enjoy the ride.",2019859974453961058,2019858494808113164,,en,官方回应帖,True,False,False,1,0,0
2020012804552684001,,2026-02-07T05:52:37.000Z,"LOVE 
@TeamCanada
 and 
@lululemon",2019859974453961058,2019858494808113164,,en,官方回应帖,True,False,False,0,0,0
2020132552153944076,,2026-02-07T13:48:27.000Z,,2019859974453961058,2019858494808113164,,qme,官方回应帖,True,False,False,0,0,0
2019866482658930841,,2026-02-06T20:11:11.000Z,Very nice!,2019859974453961058,2019858494808113164,,en,官方回应帖,True,False,False,0,0,0
2020247542488027421,,2026-02-07T21:25:23.000Z,,2019859974453961058,2019858494808113164,,qme,官方回应帖,True,False,False,0,0,0
2020072628971794592,,2026-02-07T09:50:20.000Z,,2019859974453961058,2019858494808113164,,qme,官方回应帖,True,False,False,0,0,0
2017260725824340240,,2026-01-30T15:36:50.000Z,,2017260689853931754,2017256084277174611,,,官方回应帖,True,False,False,0,0,0
2016495650771235150,,2026-01-28T12:56:42.000Z,"Hi, I'm sorry this was your experience. I'd like to help. Please DM us your tracking #/issue here, so we can look into this further: https://x.com/messages/compo… - Thank you.",2016358113293828564,2016357042043420704,,en,官方回应帖,True,False,False,0,2,0
2016589563897299391,,2026-01-28T19:09:53.000Z,"I received a call from someone from saying they're from OnTrac, but the only reimbursement options were to use money transfer apps that used Kenyan currency, and was asking me to send THEM money. I have the WhatsApp number that asked me to do this, but can you confirm this?",2016358113293828564,2016357042043420704,,en,官方回应帖,True,False,False,0,2,1
2013518044178288747,,2026-01-20T07:44:45.000Z,Because it basically is unfortunately,2013442822121365537,2013440733450310112,,en,官方回应帖,True,False,False,0,0,0
2013780934282138082,,2026-01-21T01:09:23.000Z,"Leave 
@lululemon
, there are so many other brands with better service, quality and customer service.",2013442822121365537,2013440733450310112,,en,官方回应帖,True,False,False,0,0,0
2012922055885279253,,2026-01-18T16:16:31.000Z,right ??? you know how it is.,2012916291368255820,2012911737918419274,,en,官方回应帖,True,False,False,2,0,0
2012979985129115726,,2026-01-18T20:06:42.000Z,just my hand,2012916291368255820,2012911737918419274,,en,官方回应帖,True,False,False,2,0,0
2012941637341606149,,2026-01-18T17:34:19.000Z,it’s my hands !,2012916291368255820,2012911737918419274,,en,官方回应帖,True,False,False,0,0,0
2012960724499239109,,2026-01-18T18:50:10.000Z,just them on their own ! with the rest of them. gentle cycle and air dry.,2012916291368255820,2012911737918419274,,en,官方回应帖,True,False,False,0,0,0
2012921844261704127,,2026-01-18T16:15:40.000Z,I hate how dry this season leaves my hands,2012916291368255820,2012911737918419274,,en,官方回应帖,True,False,False,3,1,0
2012944457931366566,,2026-01-18T17:45:32.000Z,Happy Sunday,2012916291368255820,2012911737918419274,,en,官方回应帖,True,False,False,1,1,0
2012960785090171119,,2026-01-18T18:50:24.000Z,happy sundegg !!,2012916291368255820,2012911737918419274,,en,官方回应帖,True,False,False,1,1,0
2013046313667924362,,2026-01-19T00:30:16.000Z,"I wouldn’t know I am exclusively 
@Athleta",2012916291368255820,2012911737918419274,,en,官方回应帖,True,False,False,6,2,0
2013055929764180267,,2026-01-19T01:08:29.000Z,you got chunky fingers you got diabetes or somethin,2012916291368255820,2012911737918419274,,en,官方回应帖,True,False,False,1,1,0
2013067140866117973,,2026-01-19T01:53:02.000Z,But LuLuLemon does well with returns and trades for damaged goods,2012916291368255820,2012911737918419274,,en,官方回应帖,True,False,False,3,3,0
2013077655202025708,,2026-01-19T02:34:48.000Z,i'll keep you posted on how it goes! i gotta fill out this whole thing...so i'm going to do that tomorrow and hopefully it can be fixed.,2012916291368255820,2012911737918419274,,en,官方回应帖,True,False,False,1,1,0
2012970434635968760,,2026-01-18T19:28:45.000Z,What is this chicken thing I need it,2012916291368255820,2012911737918419274,,en,官方回应帖,True,False,False,2,1,0
2012921717036118267,,2026-01-18T16:15:10.000Z,stop letting your chicken fold the laundry,2012916291368255820,2012911737918419274,,en,官方回应帖,True,False,False,2,1,0
2012944486360350853,,2026-01-18T17:45:38.000Z,What else are you washing these with??,2012916291368255820,2012911737918419274,,en,官方回应帖,True,False,False,1,1,0
2012941858201035210,,2026-01-18T17:35:12.000Z,ouch. good one.,2012916291368255820,2012911737918419274,,en,官方回应帖,True,False,False,0,0,0
2013475353189061052,,2026-01-20T04:55:07.000Z,There’s not enough lululemon in the world to make up for that fucked hand dude,2012916291368255820,2012911737918419274,,en,官方回应帖,True,False,False,0,0,0
2012913590185971731,,2026-01-18T15:42:52.000Z,Thats what they were designed to do.,2012916291368255820,2012911737918419274,,en,官方回应帖,True,False,False,1,1,0
2012941942812778773,,2026-01-18T17:35:32.000Z,pill ? lol i don’t think so,2012916291368255820,2012911737918419274,,en,官方回应帖,True,False,False,1,1,0
2012916520452575598,,2026-01-18T15:54:31.000Z,ur a pill,2012916291368255820,2012911737918419274,,en,官方回应帖,True,False,False,1,1,0
2011618921863135525,,2026-01-15T01:58:19.000Z,,2011610131453395295,2011609364772372861,,,官方回应帖,True,False,False,1,0,0
2011856343419011189,,2026-01-15T17:41:45.000Z,I love you,2011610131453395295,2011609364772372861,,en,官方回应帖,True,False,False,0,0,0
2011630383994192205,,2026-01-15T02:43:52.000Z,Is it Veho? Worst move by Lululemon,2011610131453395295,2011609364772372861,,en,官方回应帖,True,False,False,1,1,0
2011636061827670163,,2026-01-15T03:06:26.000Z,What's Veho???? This is why I like picking up in the store.,2011610131453395295,2011609364772372861,,en,官方回应帖,True,False,False,0,1,0
2011100963755471185,,2026-01-13T15:40:08.000Z,Fanatics!! I have a gift card i need to sell for fanatics pm if interested,2010822104984535055,2010798162043421128,,en,官方回应帖,True,False,False,0,2,0
2009816774498296318,,2026-01-10T02:37:14.000Z,"They’re so comfy, literally the best And so warm",2009967552374694156,2009814758527316238,,en,官方回应帖,True,False,False,0,0,0
2009815877214969993,,2026-01-10T02:33:40.000Z,Ummmm,2009967552374694156,2009814758527316238,,und,官方回应帖,True,False,False,1,1,0
2009830943675105467,,2026-01-10T03:33:32.000Z,Wait. Didn’t realize they had these. How are they? & do they make them for women?,2009967552374694156,2009814758527316238,,en,官方回应帖,True,False,False,1,1,0
2009831651199860908,,2026-01-10T03:36:21.000Z,They absolutely do !! Three Colors of them!!,2009967552374694156,2009814758527316238,,en,官方回应帖,True,False,False,0,1,0
2008937807637606466,,2026-01-07T16:24:32.000Z,"I sent over all the information and got no response. I plan to check out your competitors, 
@aloyoga
 and 
@vuoriclothing
 because you obviously don’t care about losing a customer.",2008940860394627552,2008289968372813858,,en,官方回应帖,True,False,False,1,3,1
2009596404642254854,,2026-01-09T12:01:34.000Z,"beware of Lululemon! asking for bank statement for first purchase verification using my own card.
@lululemon
 , No other merchandise have this shady practice....not even luxury good like LV, Rolex, Dior...",2008940860394627552,2008289968372813858,,en,官方回应帖,True,False,False,0,0,0
2008317145323593853,,2026-01-05T23:18:14.000Z,"""Hello, I’m truly sorry to hear about the issue you’re facing. Please Follow back and DM me with more details, and I’ll ensure we resolve this promptly. Thank you for your understanding and patience."" Taylor-Edward",2008940860394627552,2008289968372813858,,en,官方回应帖,True,False,False,0,1,0
2008395804008935821,,2026-01-06T04:30:48.000Z,they aren’t actually 68 it’s just a misprint on the tag one of the suppliers messed it up,2007941965795803622,2007936206416535810,,en,官方回应帖,True,False,False,0,0,0
2007175020393705673,,2026-01-02T19:39:51.000Z,I heard they use to do that. Literally the closest store to me is an hour and 20 minutes away,2007148637143601168,2007146995279102115,,en,官方回应帖,True,False,False,0,0,0
2007222261179396136,,2026-01-02T22:47:34.000Z,Dm me your address. I have about a hundred of them and I will give them too you!,2007148637143601168,2007146995279102115,,en,官方回应帖,True,False,False,1,0,0
2007174473871774032,,2026-01-02T19:37:40.000Z,I miss the days when they’d include one in the package for online orders too!,2007148637143601168,2007146995279102115,,en,官方回应帖,True,False,False,1,1,0
1948034238462201946,,2025-07-23T14:55:29.000Z,I found it on the order. Probably a good idea not to discuss this publically that your vendors are selling at 65% off.,1819126454229389633,1948028764358643713,,en,官方回应帖,True,False,False,0,0,0
1999179832413028355,,2025-12-11T18:09:49.000Z,"considering DECK … , if Sydney does a boots with the fur spot for ugg . Maybe something for Hoka",1819126454229389633,1999176941375721501,,en,官方回应帖,True,False,False,0,1,0
1999181972556697770,,2025-12-11T18:18:19.000Z,"@UGG
@hoka",1819126454229389633,1999177283920363590,,qam,官方回应帖,True,False,False,0,0,0
2051841459603566662,,2026-05-06T01:48:19.000Z,Works so damn well,2051811728489656321,2051822274425041023,,en,官方回应帖,True,False,False,1,0,0
2051834628399345918,,2026-05-06T01:21:11.000Z,"already do that, what else",2051811728489656321,2051822274425041023,,en,官方回应帖,True,False,False,1,1,0
2051842310296449491,,2026-05-06T01:51:42.000Z,COPS TV Show invented that idea,2051811728489656321,2051822274425041023,,en,官方回应帖,True,False,False,0,0,0
2051849475044561068,,2026-05-06T02:20:11.000Z,Police Activity on YT. Enjoy,2051811728489656321,2051822274425041023,,en,官方回应帖,True,False,False,0,0,0
2051849648717906078,,2026-05-06T02:20:52.000Z,,2051811728489656321,2051822274425041023,,,官方回应帖,True,False,False,0,1,0
2052103128644780423,,2026-05-06T19:08:06.000Z,AHHH WHERE!?!?!?!,2051811728489656321,2051822274425041023,,en,官方回应帖,True,False,False,0,1,0
2051842402382397449,,2026-05-06T01:52:04.000Z,That isn't sober....That's its own kind of drug,2051811728489656321,2051823075704922397,,en,官方回应帖,True,False,False,2,0,0
2051831741199892697,,2026-05-06T01:09:42.000Z,,2051811728489656321,2051823075704922397,,qme,官方回应帖,True,False,False,1,0,0
2051861280177238272,,2026-05-06T03:07:05.000Z,deluxe,2051811728489656321,2051823075704922397,,nl,官方回应帖,True,False,False,0,0,0
2051867728445862161,,2026-05-06T03:32:42.000Z,This,2051811728489656321,2051823075704922397,,en,官方回应帖,True,False,False,0,0,0
2051826884279976308,,2026-05-06T00:50:24.000Z,People like this do exist. Not you though. Least obvious AI bot account,2051811728489656321,2051487588297613450,,en,官方回应帖,True,False,False,15,0,0
2051808239004573919,,2026-05-05T23:36:19.000Z,Ok. I do both and it’s a pretty good experience either way.,2051811728489656321,2051487588297613450,,en,官方回应帖,True,False,False,1,0,0
2051824218644353318,,2026-05-06T00:39:49.000Z,Wow good for you,2051811728489656321,2051487588297613450,,en,官方回应帖,True,False,False,0,0,0
2051848515236639149,,2026-05-06T02:16:22.000Z,Your pfp is smoking,2051811728489656321,2051487588297613450,,en,官方回应帖,True,False,False,0,0,0
2051839156666446144,,2026-05-06T01:39:10.000Z,"Yeah, I do that too bro. I just need even more cope because life sucks that much",2051811728489656321,2051487588297613450,,en,官方回应帖,True,False,False,0,0,0
2051837652815466692,,2026-05-06T01:33:12.000Z,Bot,2051811728489656321,2051487588297613450,,und,官方回应帖,True,False,False,0,0,0
2051831184032678182,,2026-05-06T01:07:30.000Z,,2051811728489656321,2051486257251823919,,,官方回应帖,True,False,False,0,0,0
2051816780977275263,,2026-05-06T00:10:16.000Z,We’re building a dedicated platform to help those who want quit nicotine,2051811728489656321,2051486257251823919,,en,官方回应帖,True,False,False,0,0,0
2051821479872938363,,2026-05-06T00:28:56.000Z,,2051811728489656321,2051486257251823919,,,官方回应帖,True,False,False,1,0,0
2051834679444050120,,2026-05-06T01:21:23.000Z,Kids are generally happier than adults. Totally sober.,2051811728489656321,2051486257251823919,,en,官方回应帖,True,False,False,1,0,0
2051797670084092153,,2026-05-05T22:54:19.000Z,See I do those things & then am like right what’s next,2051811728489656321,2051486257251823919,,en,官方回应帖,True,False,False,0,0,0
2051768235641745440,,2026-05-05T20:57:22.000Z,"The problem is walks, food, books, lifting, and sleep often pair well with substances",2051811728489656321,2051486257251823919,,en,官方回应帖,True,False,False,5,1,0
2051492193458647475,,2026-05-05T02:40:28.000Z,"Yeah but if you have no built-in off ramp and no unwind time as part of your end of day, it’s super hard to do this. You need that time - alone - to go walking and relax and read without being interrupted or go lift. A lot of people don’t have that.",2051811728489656321,2051486257251823919,,en,官方回应帖,True,False,False,3,1,0
2051496743372575137,,2026-05-05T02:58:33.000Z,nicotine isn’t giving you the alone time. it’s just making you okay with never getting it + keeping you hooked in the process.,2051811728489656321,2051486257251823919,,en,官方回应帖,True,False,False,3,1,0
2051486397186420966,,2026-05-05T02:17:26.000Z,,2051811728489656321,2051486257251823919,,,官方回应帖,True,False,False,2,1,0
2051538193431027857,,2026-05-05T05:43:15.000Z,Facts,2051811728489656321,2051486257251823919,,en,官方回应帖,True,False,False,1,1,0
2051900330086973802,,2026-05-06T05:42:15.000Z,,2051811728489656321,2051849423156912428,,,官方回应帖,True,False,False,0,0,0
2051814976923324486,,2026-05-06T00:03:06.000Z,,2051811728489656321,2051485908537368720,,,官方回应帖,True,False,False,2,0,0
2051820070582854029,,2026-05-06T00:23:20.000Z,Damn,2051811728489656321,2051485908537368720,,en,官方回应帖,True,False,False,1,0,0
2051824997082313007,,2026-05-06T00:42:55.000Z,I was about to say Diet Coke or seltzer,2051811728489656321,2051485908537368720,,en,官方回应帖,True,False,False,0,1,0
2051857654088130654,,2026-05-06T02:52:41.000Z,You’re a W.,2051811728489656321,2051839938388218308,,en,官方回应帖,True,False,False,0,0,0
2051834649517658464,,2026-05-06T01:21:16.000Z,"sounds like an actual ""shit the bed"" recipe",2051811728489656321,2051489917910327451,,en,官方回应帖,True,False,False,0,0,0
2051812309429874893,,2026-05-05T23:52:30.000Z,I don’t touch that alcohol stuff but I absolutely trip balls. Genius logic lol,2051811728489656321,2051749953886650378,,en,官方回应帖,True,False,False,15,0,0
2051820747253842391,,2026-05-06T00:26:01.000Z,"I think this person was referring to straight edge people, not this LMAO. Comon man.",2051811728489656321,2051749953886650378,,en,官方回应帖,True,False,False,4,2,0
2051827803369480423,,2026-05-06T00:54:04.000Z,"I'm finding LSD, mushrooms, MDMA phenomenal at 70. But I've had a fair bit of practice.",2051811728489656321,2051749953886650378,,en,官方回应帖,True,False,False,0,1,0
2051813992494993422,,2026-05-05T23:59:11.000Z,then why tf are you commenting?,2051811728489656321,2051749953886650378,,en,官方回应帖,True,False,False,0,0,0
2051807793691128269,,2026-05-05T23:34:33.000Z,cute cup,2051811728489656321,2051787717034291552,,en,官方回应帖,True,False,False,1,0,0
2051851531004092834,,2026-05-06T02:28:21.000Z,Good Sex puts me out like a light. Best sleep medicine I’ve experienced,2051811728489656321,2051491258313400733,,en,官方回应帖,True,False,False,0,0,0
2052256174981234869,,2026-05-07T05:16:15.000Z,Nah. I blame my grandparents though . Coffee is a huge part of my family culture. Growing up thywere several pots brewed throughout the day and in the evening as well. Caffeine isn’t a stimulant for me but it does make me feel calm.,2051811728489656321,2051545178520060110,,en,官方回应帖,True,False,False,1,0,0
2051576858043355288,,2026-05-05T08:16:54.000Z,Decaf?,2051811728489656321,2051545178520060110,,cy,官方回应帖,True,False,False,1,1,0
2051834811405271146,,2026-05-06T01:21:54.000Z,do you snort meth before you steal the copper?,2051811728489656321,2051487660028665989,,en,官方回应帖,True,False,False,0,0,0
2051684101451657329,,2026-05-05T15:23:02.000Z,the new island thing is somehow tomodachi life #geriatric,2051811728489656321,2051683350008447363,,en,官方回应帖,True,False,False,0,0,0
2051777318255784089,,2026-05-05T21:33:27.000Z,What if you’re lonely,2051811728489656321,2051688369504071689,,en,官方回应帖,True,False,False,0,0,0
2051832452545413205,,2026-05-06T01:12:32.000Z,,2051811728489656321,2051832238229090529,,qme,官方回应帖,True,False,False,0,0,0
2051509558607249667,,2026-05-05T03:49:28.000Z,don't forget the doom-scrooling or binging Netflix,2051811728489656321,2051502475841339396,,en,官方回应帖,True,False,False,0,0,0
2051514130893558132,,2026-05-05T04:07:38.000Z,whatever works for you brother,2051811728489656321,2051495344492659121,,en,官方回应帖,True,False,False,1,0,0
2051509993342673316,,2026-05-05T03:51:12.000Z,"yup, I've found my own ways of relaxing on the weekends too and tbh I should've had done it sooner",2051811728489656321,2051495344492659121,,en,官方回应帖,True,False,False,1,1,0
2051545176946909556,,2026-05-05T06:11:00.000Z,I’ve never seen this before,2051811728489656321,2051488002191356341,,en,官方回应帖,True,False,False,0,0,0
2051490253442035858,,2026-05-05T02:32:45.000Z,"Every answer in basically to ""force yourself to be tired by using all the excess energy on another meaningless task"" .... Ain't nobody said no CREATIVE shit.. don't nobody draw in the comments? Write poetry? Paint pics? Do photography? Yo hobbies suck",2051811728489656321,2051489538418102442,,en,官方回应帖,True,False,False,0,0,0
2051737315253403751,,2026-05-05T18:54:30.000Z,Your skincare routine won't help you meet god but mushrooms will,2051811728489656321,2051730563224985944,,en,官方回应帖,True,False,False,0,0,0
2051816772903620611,,2026-05-06T00:10:14.000Z,2. Shooting my neighbor’s cow with a potato gun,2051811728489656321,2051816320866635967,,en,官方回应帖,True,False,False,0,0,0
2051545258341609738,,2026-05-05T06:11:20.000Z,You only have an hour?,2051811728489656321,2051486692574416923,,en,官方回应帖,True,False,False,0,0,0
2020866773621367134,,2026-02-09T14:25:59.000Z,No longer in my city,2020616271197577609,2020622799224938618,,en,官方回应帖,True,False,False,0,0,0
2020633072304324710,,2026-02-08T22:57:20.000Z,……..Levi and Kirkland.,2020616271197577609,2020622799224938618,,da,官方回应帖,True,False,False,1,0,0
2020633338307117134,,2026-02-08T22:58:24.000Z,Kirkland.,2020616271197577609,2020622799224938618,,da,官方回应帖,True,False,False,1,0,0
2020639921829208308,,2026-02-08T23:24:33.000Z,"LS, don't you be talkin' bad about Kirkland!!! Lol",2020616271197577609,2020622799224938618,,en,官方回应帖,True,False,False,2,0,0
2020836852782247998,,2026-02-09T12:27:05.000Z,You forgot giant tiger,2020616271197577609,2020622799224938618,,en,官方回应帖,True,False,False,0,1,0
2021037430246166932,,2026-02-10T01:44:07.000Z,Likely before as those outfits are hideous!,2020616271197577609,2020607543572398467,,en,官方回应帖,True,False,False,0,0,0
2020362163395887346,,2026-02-08T05:00:50.000Z,,2019859974453961058,2020314537891885219,,,官方回应帖,True,False,False,0,0,0
2020362530200383788,,2026-02-08T05:02:18.000Z,,2019859974453961058,2020165130470769056,,,官方回应帖,True,False,False,0,0,0
2016572238527680534,,2026-01-28T18:01:02.000Z,"I’ve followed up in a DM with customer service, and had already submitted a complaint through the website as soon as my package was supposedly delivered last night",2016358113293828564,2016495650771235150,,en,官方回应帖,True,False,False,0,0,0
2016590463185170849,,2026-01-28T19:13:27.000Z,Thank you for contacting us and bringing this situation to our attention. We can confirm that the communication did not originate from OnTrac.,2016358113293828564,2016495650771235150,,en,官方回应帖,True,False,False,0,0,0
2016602218263433554,,2026-01-28T20:00:10.000Z,"the account is 
@ontrac_HQ",2016358113293828564,2016589563897299391,,en,官方回应帖,True,False,False,0,0,0
2016589881099899162,,2026-01-28T19:11:08.000Z,None of this is how I've ever had to deal with a reimbursement,2016358113293828564,2016589563897299391,,en,官方回应帖,True,False,False,0,0,0
2012961217325707329,,2026-01-18T18:52:07.000Z,Oh I just had a dinner. Don’t mention anything that sounds like food. I’m full. I still have desert to eat. Cake,2012916291368255820,2012944457931366566,,en,官方回应帖,True,False,False,0,0,0
2012961979040735261,,2026-01-18T18:55:09.000Z,what kind of?,2012916291368255820,2012960785090171119,,en,官方回应帖,True,False,False,0,0,0
2013046417539895719,,2026-01-19T00:30:41.000Z,u Gucci dog,2012916291368255820,2013046313667924362,,en,官方回应帖,True,False,False,0,0,0
2013060307036282966,,2026-01-19T01:25:52.000Z,No respect,2012916291368255820,2013046313667924362,,en,官方回应帖,True,False,False,0,0,0
2013077853324161393,,2026-01-19T02:35:36.000Z,ily,2012916291368255820,2013055929764180267,,und,官方回应帖,True,False,False,1,0,0
2013078271106093492,,2026-01-19T02:37:15.000Z,"Ugh... That is always a pain. I Hoard receipts and am a karen when I have to return items. I only had one issue and that was a discontinued style that has a run in it. They replaced it with a ""like"" style and it was indeed better made... just not exactly the color I wanted.",2012916291368255820,2013067140866117973,,en,官方回应帖,True,False,False,1,1,0
2013078792332247417,,2026-01-19T02:39:19.000Z,i'm hoping they do something...but i don't have a lot of faith. i got these around a year ago...even though half of them shouldn't be pilling. i take such good care of them. they're so expensive.,2012916291368255820,2013077655202025708,,en,官方回应帖,True,False,False,1,1,0
2012943023898775595,,2026-01-18T17:39:50.000Z,Yea. So you buy more.,2012916291368255820,2012913590185971731,,en,官方回应帖,True,False,False,1,1,0
2012961118684164367,,2026-01-18T18:51:44.000Z,good point lol,2012916291368255820,2012941942812778773,,en,官方回应帖,True,False,False,1,0,0
2011800544231227637,,2026-01-15T14:00:01.000Z,The delivery service Lululemon has been using. It’s terrible. My $300 order deserves a more trustworthy delivery service.,2011610131453395295,2011630383994192205,,en,官方回应帖,True,False,False,1,1,1
2011805168187424882,,2026-01-15T14:18:24.000Z,"Oh, part of my order came through FedEx, and I totally agree.",2011610131453395295,2011636061827670163,,en,官方回应帖,True,False,False,0,0,0
2011409286333857918,,2026-01-14T12:05:18.000Z,@KellyPrest1927 I’m interested dm me…,2010822104984535055,2011100963755471185,,en,官方回应帖,True,False,False,0,0,0
2009832701365469385,,2026-01-10T03:40:31.000Z,"Okay I def need to look for these. I’m literally waiting on 2 lulu orders, wish i would have seen them sooner. Thank you",2009967552374694156,2009830943675105467,,en,官方回应帖,True,False,False,1,1,1
2009834475933577254,,2026-01-10T03:47:34.000Z,"Yes, let me know if you do decide to get them! They’re so comfortable and I’m so glad i got them!",2009967552374694156,2009831651199860908,,en,官方回应帖,True,False,False,1,1,0
2009597853484962060,,2026-01-09T12:07:19.000Z,"they will need 4 days to reply u, then another 4 days to review and then another 4 days .....",2008940860394627552,2008937807637606466,,en,官方回应帖,True,False,False,0,0,0
2052165492236816730,,2026-05-06T23:15:55.000Z,,2051811728489656321,2051849648717906078,,,官方回应帖,True,False,False,0,0,0
2051499153637650847,,2026-05-05T03:08:07.000Z,But e-meth lets me get totally gakked up on woop chicken.,2051811728489656321,2051492193458647475,,en,官方回应帖,True,False,False,1,1,0
2013079394110050791,,2026-01-19T02:41:43.000Z,If you used a card it could still be in the system... I have a girlfriend who tore the butt in half... she was all booty. Anyways she bought them a over the year cusp and they asked nothing in store. They scanned her card found her purchase and gave her store credit. Policies do change but that was three years ago and I had no idea that was a thing.,2012916291368255820,2013078271106093492,,en,官方回应帖,True,False,False,0,0,0
2009837095905616322,,2026-01-10T03:57:59.000Z,"I def will, thanx for the tip",2009967552374694156,2009832701365469385,,en,官方回应帖,True,False,False,1,1,0
2009837255951810942,,2026-01-10T03:58:37.000Z,You’re very welcome! If you have more questions let me know!!,2009967552374694156,2009834475933577254,,en,官方回应帖,True,False,False,1,1,0
2009839658394624305,,2026-01-10T04:08:10.000Z,I definitely will. Thank you!,2009967552374694156,2009837095905616322,,en,官方回应帖,True,False,False,1,0,0
2006740909027897358,,2026-01-01T14:54:50.000Z,Great start Happy New Year Xx,2006740909027897358,2006738666392269041,"[""@BlondeLilmo"", ""@UKRunChat"", ""@lululemon""]",en,A-整体讨论,True,False,False,2,0,0
2007023481071026176,,2026-01-02T09:37:41.000Z,Prosecco problems are the best problems! Way to prioritize your body's needs (sleep!) but still get that session in. That's real discipline. Hope the headache eases up soon!,2007023481071026176,2006738666392269041,"[""@BlondeLilmo"", ""@UKRunChat"", ""@lululemon""]",en,A-整体讨论,True,False,False,2,0,0
2007276302290821219,,2026-01-03T02:22:18.000Z,This is badass. I bought pants in Cuzco made from the hair of an alpaca. They make me look like Jack Sparrow. Also the amount of stray dogs there was saddening.,2007276302290821219,2007289415870361702,"[""@laz_versalles"", ""@johnnieO"", ""@lululemon""]",en,A-整体讨论,True,False,False,3,1,0
2007631077733740932,,2026-01-04T01:52:03.000Z,Couldnt buy tights Larry ? Get a grip,2007631077733740932,2007148637143601168,"[""@Convertbond"", ""@lululemon""]",en,A-整体讨论,True,False,False,4,2,0
2007643347784237209,,2026-01-04T02:40:48.000Z,"Are you long 
$LULU
 Larry?",2007643347784237209,2007622609534628031,"[""@Convertbond"", ""@lululemon""]",en,A-整体讨论,True,False,False,2,0,0
2007586431636779439,,2026-01-03T22:54:39.000Z,bro how is he doing that,2007586431636779439,2007480289010892846,"[""@indegobluee"", ""@lululemon"", ""@LewisHamilton""]",en,A-整体讨论,True,False,False,2,0,0
2007520951458472260,,2026-01-03T18:34:27.000Z,Hitting 41 btw.,2007520951458472260,2007480289010892846,"[""@indegobluee"", ""@lululemon"", ""@LewisHamilton""]",en,A-整体讨论,True,False,False,5,1,0
2007251280344023392,,2026-01-03T00:42:52.000Z,Buy her everything she wants,2007251280344023392,2007244264397488513,"[""@DaryleLSmith"", ""@lululemon""]",en,A-整体讨论,True,False,False,0,1,0
2007261623162200277,,2026-01-03T01:23:58.000Z,That's the next trip! Today I had to teacher about money so she used what she made over the vacation. Plus she taps me out at ULTA every time we go,2007261623162200277,2007251280344023392,"[""@lusciouslicee"", ""@lululemon""]",en,A-整体讨论,True,False,False,1,0,0
2007647195705774370,,2026-01-04T02:56:06.000Z,"Lmao, hilarious. Again - not a 
@lululemon
 thing! Stores across the city!! Unrecognizable!!! Fact. Sinatra is fake news!",2007647195705774370,2007631077733740932,"[""@PhilHam67"", ""@lululemon""]",en,A-整体讨论,True,False,False,6,2,0
2007277881265979483,,2026-01-03T02:28:34.000Z,How about the amounty of pizza shops?! Odd...,2007277881265979483,2007303634833551635,"[""@woody5090s"", ""@johnnieO"", ""@lululemon""]",en,A-整体讨论,True,False,False,1,1,0
2007279096947192128,,2026-01-03T02:33:24.000Z,"Hardly! South America/Caribbean has a bustling pizza community (early immigration). In August, I had the opportunity to try the #34 ranked pie in the world. Would you believe it was in Santo Domingo, DR!",2007279096947192128,2007277881265979483,"[""@laz_versalles"", ""@johnnieO"", ""@lululemon""]",en,A-整体讨论,True,False,False,2,1,0
2008167233948962977,,2026-01-05T13:22:33.000Z,"Most people do their late night polyester shopping online these days... It's pretty much how retail works nowadays. Order online anytime, brick and mortar only when needed.",2008167233948962977,2007622609534628031,"[""@Convertbond"", ""@lululemon""]",en,A-整体讨论,True,False,False,0,0,2
2007629439568588822,,2026-01-04T01:45:33.000Z,What about this is supposed to enrage me? Sympathy for late night retail yogis? Get a grip boomer.,2007629439568588822,2007622609534628031,"[""@Convertbond"", ""@lululemon""]",en,A-整体讨论,True,False,False,4,0,0
2008927336675115035,,2026-01-07T15:42:55.000Z,"That’s typical for brands like Lulu, aviator nation, and a few others. I can’t get ASU Lulu at the mall, but I can get it at the merch store across the street from my office. Same with AN.",2008927336675115035,2008917042070536647,"[""@CollinSherwin"", ""@lululemon"", ""@USouthFlorida""]",en,A-整体讨论,True,False,False,2,0,0
2009260452388246009,,2026-01-08T13:46:36.000Z,"I don’t understand why no one from Lululemon will help me. All I want is to have my package held at a FedEx office so it doesn’t get stolen. No one will help. c176733412494524 
@lululemon
 you are losing a customer for life",2009260452388246009,1819126454229389633,"[""@lululemon"", ""@summermcintoshh""]",en,A-整体讨论,True,False,False,0,1,4
2009598102488178807,,2026-01-09T12:08:18.000Z,"it happened to me. They gave me 2 options, refund or drive to the store to buy my own hoodies. shame on u lululemon",2009598102488178807,1819126454229389633,"[""@ErikaaLauren"", ""@lululemon""]",en,A-整体讨论,True,False,False,1,0,0
2009391170863137274,,2026-01-08T22:26:02.000Z,I agree that this is the worst Canadian Olympic clothing so far.,2009391170863137274,1819126454229389633,"[""@karmen638539"", ""@lululemon"", ""@RalphLauren""]",en,A-整体讨论,True,False,False,1,1,1
2009374972204941330,,2026-01-08T21:21:40.000Z,the dude in the black in red looks pretty cool but I have to say the US jacket looks best...,2009374972204941330,1819126454229389633,"[""@karmen638539"", ""@lululemon"", ""@RalphLauren""]",en,A-整体讨论,True,False,False,2,1,0
2011474285013979567,,2026-01-14T16:23:35.000Z,I did have them resend something to me am received it the second time.,2011474285013979567,2011279332296253574,"[""@dansmiller3"", ""@lululemon"", ""@FedEx""]",en,A-整体讨论,True,False,False,0,3,3
2012583626018369815,,2026-01-17T17:51:43.000Z,Let’s hope we can see it for more than 1 round,2012583626018369815,2012442341110411660,"[""@LeDerius"", ""@lululemon""]",en,A-整体讨论,True,False,False,2,0,0
2013471958470705600,,2026-01-20T04:41:38.000Z,Footes systems are wild,2013471958470705600,1819126454229389633,"[""@Canucks"", ""@lululemon""]",en,A-整体讨论,True,False,False,7,0,0
2013471277399355881,,2026-01-20T04:38:55.000Z,"ik its easy, but we are legit goated at tanking, should have done this 10 years ago",2013471277399355881,1819126454229389633,"[""@Canucks"", ""@lululemon""]",en,A-整体讨论,True,False,False,2,0,0
2013298607164657988,,2026-01-19T17:12:47.000Z,Rip Rick but just lose,2013298607164657988,1819126454229389633,"[""@Canucks"", ""@RogersArena"", ""@lululemon""]",en,A-整体讨论,True,False,False,2,0,0
2013472032307191845,,2026-01-20T04:41:55.000Z,Who wants to Jim rutherford and Patrick Alvin fired or have them resigned?,2013472032307191845,1819126454229389633,"[""@Canucks"", ""@lululemon""]",en,A-整体讨论,True,False,False,6,1,0
2013458095012553197,,2026-01-20T03:46:32.000Z,"Trade values going up, remember to lose!",2013458095012553197,1819126454229389633,"[""@Canucks"", ""@lululemon""]",en,A-整体讨论,True,False,False,2,0,0
2013471439471423727,,2026-01-20T04:39:34.000Z,Nice to see they put their lead skates back on for the 2nd,2013471439471423727,1819126454229389633,"[""@Canucks"", ""@lululemon""]",en,A-整体讨论,True,False,False,2,0,0
2013472188867740004,,2026-01-20T04:42:32.000Z,Garland cardio session,2013472188867740004,1819126454229389633,"[""@Canucks"", ""@lululemon""]",en,A-整体讨论,True,False,False,2,0,0
2013304801170497661,,2026-01-19T17:37:24.000Z,How about a mental illness night for the fans who’ve put up with this team for most of their lives,2013304801170497661,2013295582484258970,"[""@Canucks"", ""@RogersArena"", ""@lululemon""]",en,A-整体讨论,True,False,False,5,1,0
2013458026905186631,,2026-01-20T03:46:16.000Z,Lose we don’t wanna win,2013458026905186631,2013295582484258970,"[""@Canucks"", ""@lululemon""]",en,A-整体讨论,True,False,False,6,0,0
2013469448263389416,,2026-01-20T04:31:39.000Z,"Please trade jim ruthrrford and patrick alvin, will take 5th round or even take own their salary",2013469448263389416,2013457980503794086,"[""@Canucks"", ""@lululemon""]",en,A-整体讨论,True,False,False,1,0,0
2013471642035368190,,2026-01-20T04:40:22.000Z,you can see the difference in how the Isle defend in a zone (centre and wings pressing their sides of their zone) while the #Canucks  are chasing in a man on man pressure system. Way too many lost assignments & players overcompensating for their colleagues,2013471642035368190,2013457980503794086,"[""@Canucks"", ""@lululemon""]",en,A-整体讨论,True,False,False,8,0,0
2013472278676201581,,2026-01-20T04:42:54.000Z,#Canucks are 2-22-1 this season when down after the 2nd Period this season,2013472278676201581,2013471157782261886,"[""@Canucks"", ""@lululemon""]",en,A-整体讨论,True,False,False,2,0,0
2013297035777339718,,2026-01-19T17:06:33.000Z,Let’s make it 11 in a row,2013297035777339718,2013471157782261886,"[""@Canucks"", ""@RogersArena"", ""@lululemon""]",en,A-整体讨论,True,False,False,8,0,0
2013714382660796563,,2026-01-20T20:44:56.000Z,Look into fertility effects,2013714382660796563,2013693371823403232,"[""@McDrama"", ""@zerohedge"", ""@lululemon""]",en,A-整体讨论,True,False,False,2,1,0
2014416388106944588,,2026-01-22T19:14:27.000Z,Is that UNT green?,2014416388106944588,1819126454229389633,"[""@J_South_Da_4th"", ""@lululemon"", ""@michaelrscholl""]",en,A-整体讨论,True,False,False,3,2,0
2014453691432993223,,2026-01-22T21:42:41.000Z,Honestly not impressed- not our shade of green & since when do we let gold touch black… that’s a big no no!,2014453691432993223,2014378348642787700,"[""@J_South_Da_4th"", ""@lululemon"", ""@michaelrscholl""]",en,A-整体讨论,True,False,False,7,1,0
2014390459666161825,,2026-01-22T17:31:25.000Z,That's not messed up. USF sells that shade all the time,2014390459666161825,2014378348642787700,"[""@J_South_Da_4th"", ""@lululemon"", ""@michaelrscholl""]",en,A-整体讨论,True,False,False,5,1,0
2014782016294945081,,2026-01-23T19:27:20.000Z,The creator of yoga pants should win some sort of World Award for making imagination relevant again.,2014782016294945081,1819126454229389633,"[""@karmen638539"", ""@lululemon""]",en,A-整体讨论,True,False,False,1,1,1
2015864474276638727,,2026-01-26T19:08:38.000Z,It would be a massive win for the Lululemon brand.,2015864474276638727,2015859306323714304,"[""@ZackStrength"", ""@lululemon""]",en,A-整体讨论,True,False,False,2,1,0
2016923769533813021,,2026-01-29T17:17:53.000Z,It's literally perfect and that guy is kind of a clown,2016923769533813021,1819126454229389633,"[""@aliiicakes_11"", ""@lululemon""]",en,A-整体讨论,True,False,False,21,6,0
2016959691490721816,,2026-01-29T19:40:38.000Z,Sure look good though,2016959691490721816,1819126454229389633,"[""@aliiicakes_11"", ""@lululemon""]",en,A-整体讨论,True,False,False,8,0,0
2017063102156595257,,2026-01-30T02:31:33.000Z,Good lord such perfection,2017063102156595257,2016923570954268854,"[""@aliiicakes_11"", ""@lululemon""]",en,A-整体讨论,True,False,False,4,1,0
2016966027612213656,,2026-01-29T20:05:49.000Z,Spank grip combo,2016966027612213656,2016923570954268854,"[""@aliiicakes_11"", ""@lululemon""]",en,A-整体讨论,True,False,False,8,0,0
2016953898704007524,,2026-01-29T19:17:37.000Z,"Yes, bet can them thighs won’t touch with my face in between them though",2016953898704007524,2016923570954268854,"[""@aliiicakes_11"", ""@lululemon""]",en,A-整体讨论,True,False,False,10,0,0
2017014790645014610,,2026-01-29T23:19:35.000Z,"IMHO...and I'm not biased at all. Honest!! 
@lululemon
 needs to be kissing that arse and cutting royalty checks.",2017014790645014610,1819126454229389633,"[""@aliiicakes11"", ""@lululemon""]",en,A-整体讨论,True,False,False,1,0,0
2016966454458106132,,2026-01-29T20:07:30.000Z,Peek a boo,2016966454458106132,2016923570954268854,"[""@aliiicakes_11"", ""@lululemon""]",en,A-整体讨论,True,False,False,7,0,0
2017045804985254028,,2026-01-30T01:22:49.000Z,Good lord,2017045804985254028,2016923570954268854,"[""@aliiicakes_11"", ""@lululemon""]",en,A-整体讨论,True,False,False,5,11,0
2016952154234507548,,2026-01-29T19:10:41.000Z,Very nice looking great work,2016952154234507548,2016923570954268854,"[""@aliiicakes_11"", ""@lululemon""]",en,A-整体讨论,True,False,False,14,0,0
2016979482930761905,,2026-01-29T20:59:17.000Z,Stop.,2016979482930761905,2016923570954268854,"[""@aliiicakes_11"", ""@lululemon""]",en,A-整体讨论,True,False,False,7,0,0
2016940153034735948,,2026-01-29T18:23:00.000Z,Classic look.,2016940153034735948,2016923570954268854,"[""@aliiicakes_11"", ""@lululemon""]",en,A-整体讨论,True,False,False,5,0,0
2016970838759616954,,2026-01-29T20:24:56.000Z,I love a good hips to waist ratio,2016970838759616954,2016923570954268854,"[""@aliiicakes_11"", ""@lululemon""]",en,A-整体讨论,True,False,False,11,0,0
2016931765110157770,,2026-01-29T17:49:40.000Z,That guy was wrong,2016931765110157770,2016923570954268854,"[""@aliiicakes_11"", ""@lululemon""]",en,A-整体讨论,True,False,False,24,1,0
2016959510191947999,,2026-01-29T19:39:55.000Z,You're hottest,2016959510191947999,2016923570954268854,"[""@aliiicakes_11"", ""@lululemon""]",en,A-整体讨论,True,False,False,9,0,0
2017054890694950932,,2026-01-30T01:58:55.000Z,Pure perfection!,2017054890694950932,2016923570954268854,"[""@aliiicakes_11"", ""@lululemon""]",en,A-整体讨论,True,False,False,3,0,0
2016960391138377996,,2026-01-29T19:43:25.000Z,What a beautiful view.,2016960391138377996,2016923570954268854,"[""@aliiicakes_11"", ""@lululemon""]",en,A-整体讨论,True,False,False,11,0,0
2017079265926250890,,2026-01-30T03:35:47.000Z,"Alicakes, that all you!?!",2017079265926250890,2017013389130699234,"[""@aliiicakes11"", ""@lululemon""]",en,A-整体讨论,True,False,False,2,0,0
2016924257717276765,,2026-01-29T17:19:50.000Z,I love you...,2016924257717276765,2016923570954268854,"[""@aliiicakes_11"", ""@lululemon""]",en,A-整体讨论,True,False,False,21,1,0
2017041352437977518,,2026-01-30T01:05:07.000Z,I heard lululemon was racist bc the owner named it that bc Asians couldn’t pronounce it,2017041352437977518,2016923570954268854,"[""@aliiicakes_11"", ""@lululemon""]",en,A-整体讨论,True,False,False,4,6,0
2017221638542983249,,2026-01-30T13:01:31.000Z,"Hes saying he knows he puts PFAs in them that will make you not able to have children. So hes saying ""please thick women with nice asses, dont wear my pants""",2017221638542983249,2016923570954268854,"[""@aliiicakes_11"", ""@lululemon""]",en,B-化学品争议,True,False,False,0,0,0
2016948754361016745,,2026-01-29T18:57:10.000Z,That's amazingly neat,2016948754361016745,2016923570954268854,"[""@aliiicakes_11"", ""@lululemon""]",en,A-整体讨论,True,False,False,10,0,0
2017278983360987524,,2026-01-30T16:49:23.000Z,That's actually insane. My thighs touched when I was 95 pounds,2017278983360987524,2016923570954268854,"[""@aliiicakes_11"", ""@lululemon""]",en,A-整体讨论,True,False,False,3,2,0
2017014832789073990,,2026-01-29T23:19:45.000Z,I’m just Team Ali !! Because you’re going to look incredible in anything that you wear!!,2017014832789073990,2017013389130699234,"[""@aliiicakes11"", ""@lululemon""]",en,A-整体讨论,True,False,False,2,0,0
2019642463229804893,,2026-02-06T05:21:01.000Z,They were not.,2019642463229804893,1819126454229389633,"[""@LoveMy7Wood"", ""@lululemon"", ""@RalphLauren""]",en,A-整体讨论,True,False,False,9,0,0
2019753097619276040,,2026-02-06T12:40:38.000Z,"Some of it is nice. A lot of is is not, though. That said the athletes have been praising it so",2019753097619276040,1819126454229389633,"[""@LoveMy7Wood"", ""@lululemon"", ""@RalphLauren""]",en,A-整体讨论,True,False,False,2,1,0
2019669333597909214,,2026-02-06T07:07:47.000Z,"I looked today because I wanted to buy something. Obviously, I didn't because the Canadian merchandise is awful.",2019669333597909214,2019629336425558304,"[""@LoveMy7Wood"", ""@lululemon"", ""@RalphLauren""]",en,A-整体讨论,True,False,False,10,2,2
2019925383852818609,,2026-02-07T00:05:14.000Z,"Hudsons Bay designed in previous years and their look was much better. I have a lot of the merchandise still hanging around ! Especially those red mittens ! Sadly the Bay is now gone . This whole I’m not even sure what they were going for indigenous inspired way over the top look is just so typical of what Canada is today. Trying way too hard to be all things to all people. Anyway, it ended up just being tacky. I feel so bad for our athletes. Why we didn’t follow along the lines of the US with the polished professional look. I’ll never know it’s embarrassing. Also, why did they chose Lululemon it’s not even a Canadian company.?",2019925383852818609,2019629336425558304,"[""@LoveMy7Wood"", ""@lululemon"", ""@RalphLauren""]",en,A-整体讨论,True,False,False,42,4,0
2019926940119933267,,2026-02-07T00:11:25.000Z,"Yes, it is Canadian, Based in Canada. Clothing designed in Canada. Employees based in Canada.",2019926940119933267,2019925383852818609,"[""@sassymonarchist"", ""@lululemon"", ""@RalphLauren""]",en,A-整体讨论,True,False,False,24,4,0
2019932769397403975,,2026-02-07T00:34:35.000Z,Yep! We need to get back to our ROOTS! They always had the best gear.,2019932769397403975,2019926940119933267,"[""@LoveMy7Wood"", ""@lululemon"", ""@RalphLauren""]",en,A-整体讨论,True,False,False,19,0,0
2019957699719622811,,2026-02-07T02:13:39.000Z,They’re beyond woke,2019957699719622811,2019629336425558304,"[""@LoveMy7Wood"", ""@lululemon"", ""@RalphLauren""]",en,A-整体讨论,True,False,False,4,4,0
2019945244523970726,,2026-02-07T01:24:09.000Z,"Totally. Those 
@lululemon
 coats during the athletes’ parade looked like blown-up badly fitting sleeping bags. The base colour was wrong. UGH! Bring back 
@ROOTS",2019945244523970726,2019629336425558304,"[""@LoveMy7Wood"", ""@lululemon"", ""@RalphLauren""]",en,A-整体讨论,True,False,False,29,3,2
2020743006455017831,,2026-02-09T06:14:10.000Z,Quite representative actually Canada has gone to,2020743006455017831,1819126454229389633,"[""@Real_D_Mills"", ""@lululemon""]",en,A-整体讨论,True,False,False,29,0,0
2020649653440774589,,2026-02-09T00:03:13.000Z,The brown is racist. !!!,2020649653440774589,1819126454229389633,"[""@Real_D_Mills"", ""@lululemon""]",en,A-整体讨论,True,False,False,16,1,0
2020650275032519104,,2026-02-09T00:05:42.000Z,Dammit... I just can't get things straight... So the brown and the white are racist?,2020650275032519104,2020649653440774589,"[""@altimaguy11"", ""@lululemon""]",en,A-整体讨论,True,False,False,7,4,0
2020737442760818947,,2026-02-09T05:52:04.000Z,"Boycott 
@lululemon",2020737442760818947,2020646983715934235,"[""@Real_D_Mills"", ""@lululemon""]",en,F-抵制声浪,True,False,False,3,0,1
2020550989313401136,,2026-02-08T17:31:10.000Z,You just mad cause your lardass can’t wear anything but Denver Hayes,2020550989313401136,1819126454229389633,"[""@kpac_15"", ""@lululemon""]",en,A-整体讨论,True,False,False,14,2,0
2020552098652590587,,2026-02-08T17:35:35.000Z,Shitty Olympic outfits seems to be a Canadian tradition,2020552098652590587,1819126454229389633,"[""@kpac_15"", ""@lululemon""]",en,A-整体讨论,True,False,False,9,1,1
2020526288037949785,,2026-02-08T15:53:01.000Z,Canada,2020526288037949785,1819126454229389633,"[""@kpac_15"", ""@BitGrateful"", ""@lululemon""]",es,A-整体讨论,True,False,False,0,1,0
2020528832139112699,,2026-02-08T16:03:07.000Z,Because I said the outfits look like dogshit?,2020528832139112699,2020526288037949785,"[""@Snake1633691791"", ""@BitGrateful"", ""@lululemon""]",en,A-整体讨论,True,False,False,3,3,0
2020666894835950024,,2026-02-09T01:11:44.000Z,"I never understood the obsession with Lululemon, all of their stuff is fugly",2020666894835950024,2020365406352077010,"[""@kpac_15"", ""@lululemon""]",en,A-整体讨论,True,False,False,2,0,0
2020945780245405819,,2026-02-09T19:39:56.000Z,"agreed, also a company that has poor product quality and makes clothes made of plastic that is bad for our water system and will just end up in a landfill. 
$LULU
 is an ass company that is ""maple-washed""",2020945780245405819,2020927936812257337,"[""@MarcScottEmery"", ""@lululemon""]",en,A-整体讨论,True,False,False,2,0,0
2020919127490298154,,2026-02-09T17:54:01.000Z,The humiliation continues. Whatever Canada was is no longer.,2020919127490298154,2020646983715934235,"[""@Real_D_Mills"", ""@lululemon""]",en,A-整体讨论,True,False,False,2,0,0
2023286287109652820,,2026-02-16T06:40:16.000Z,"you didn’t send me it, i just figured that’s the color and kind you wanted",2023286287109652820,2023272277878456530,"[""@trendichi"", ""@lululemon""]",en,A-整体讨论,True,False,False,0,2,0
2023286573672915080,,2026-02-16T06:41:24.000Z,Fr? Wow yk me so bad. Cause that’s exactly the color and bag I wanted & I def looked in our messages the other day because I couldn’t figure out which one I asked for.,2023286573672915080,2023286287109652820,"[""@kuwjai_"", ""@lululemon""]",en,A-整体讨论,True,False,False,1,1,0
2025770622349943125,,2026-02-23T03:12:08.000Z,Not true .,2025770622349943125,2024900118357704745,"[""@notncalgary"", ""@lululemon"", ""@TeamCanada""]",en,A-整体讨论,True,False,False,0,1,0
2025779911286256013,,2026-02-23T03:49:02.000Z,What isn't true?,2025779911286256013,2025770622349943125,"[""@thingmum"", ""@lululemon"", ""@TeamCanada""]",en,A-整体讨论,True,False,False,2,1,0
2027524426221109659,,2026-02-27T23:21:07.000Z,Thanks for all your heard work!! Keep up the great work!!,2027524426221109659,2023427685406625848,"[""@chiIIum"", ""@lululemon"", ""@FBIDirectorKash""]",en,A-整体讨论,True,False,False,2,0,0
2027520682033135770,,2026-02-27T23:06:14.000Z,They have some good images of it on Tik Tok,2027520682033135770,2023427685406625848,"[""@chiIIum"", ""@lululemon"", ""@FBIDirectorKash""]",en,A-整体讨论,True,False,False,2,0,0
2027575318068740098,,2026-02-28T02:43:21.000Z,Nancy Grace said on FOX News they are looking at the tattoo you mentioned a while back,2027575318068740098,2027519758560858622,"[""@chiIIum"", ""@lululemon"", ""@FBIDirectorKash""]",en,A-整体讨论,True,False,False,2,0,0
2027547836817293425,,2026-02-28T00:54:08.000Z,I noticed another item that reassures me that the mask person has 80% probability of being a female; look at the nails imprint on the gloves,2027547836817293425,2027519758560858622,"[""@chiIIum"", ""@lululemon"", ""@FBIDirectorKash""]",en,A-整体讨论,True,False,False,3,1,0
2027525971297873981,,2026-02-27T23:27:15.000Z,I see what you see 100%. I own lululemon and that definitely looks like their logo. I just don’t have that specific jacket or one that has the emblem on the sleeve like that,2027525971297873981,2027519758560858622,"[""@chiIIum"", ""@lululemon"", ""@FBIDirectorKash""]",en,A-整体讨论,True,False,False,2,0,0
2028131711331266924,,2026-03-01T15:34:15.000Z,"Lulu pace breaker shorts are life. Best value in apparel, I have pairs that are 5+ years old and still look new. Guys that hate on Lulu just haven’t tried their gear yet",2028131711331266924,2024900118357704745,"[""@Softykjr"", ""@lululemon""]",en,A-整体讨论,True,False,False,7,1,0
2031194340291158315,,2026-03-10T02:24:03.000Z,Sir.. you have travelled enough to know that you always keep a main fit in your carry on. Stop playing,2031194340291158315,2024900118357704745,"[""@Realrclark25"", ""@lululemon""]",en,A-整体讨论,True,False,False,8,0,0
2031196204122468501,,2026-03-10T02:31:27.000Z,"You’ll be okay - Kappas wear, it is, okay",2031196204122468501,2031064968284561684,"[""@Realrclark25"", ""@lululemon""]",en,A-整体讨论,True,False,False,1,0,0
2031117700831780874,,2026-03-09T21:19:30.000Z,You don’t have a carry-on? In this economy???!!!!,2031117700831780874,2031064968284561684,"[""@Realrclark25"", ""@lululemon""]",en,A-整体讨论,True,False,False,7,0,0
2031074733165257027,,2026-03-09T18:28:46.000Z,Did you fly on American again?,2031074733165257027,2031064968284561684,"[""@Realrclark25"", ""@lululemon""]",en,A-整体讨论,True,False,False,2,0,0
2031074377731813636,,2026-03-09T18:27:21.000Z,It's afternoon stop by the Hartford mall and get a Suit,2031074377731813636,2031064968284561684,"[""@Realrclark25"", ""@lululemon""]",en,A-整体讨论,True,False,False,8,0,0
2031083004638970068,,2026-03-09T19:01:38.000Z,"Go buy some clothes, nigga!",2031083004638970068,2031064968284561684,"[""@Realrclark25"", ""@lululemon""]",en,A-整体讨论,True,False,False,30,1,0
2031115192306630780,,2026-03-09T21:09:32.000Z,It’s not your clothes we judge you on. It’s the stupid shit that comes out of your mouth.,2031115192306630780,2031064968284561684,"[""@Realrclark25"", ""@lululemon""]",en,A-整体讨论,True,False,False,3,0,0
2031066425289253213,,2026-03-09T17:55:45.000Z,Now I’m gonna tune in just to see what you end up in. They don’t have wardrobe people over there at “Disney”?,2031066425289253213,2031064968284561684,"[""@Realrclark25"", ""@lululemon""]",en,A-整体讨论,True,False,False,44,0,0
2031083464670294087,,2026-03-09T19:03:28.000Z,White guy probably did it on purpose right?,2031083464670294087,2031064968284561684,"[""@Realrclark25"", ""@lululemon""]",en,A-整体讨论,True,False,False,6,0,0
2031111412466999775,,2026-03-09T20:54:31.000Z,Outstanding ! Would be an upgrade from that trash you usually have on,2031111412466999775,2031064968284561684,"[""@Realrclark25"", ""@lululemon""]",en,A-整体讨论,True,False,False,2,0,0
2031065549862506972,,2026-03-09T17:52:17.000Z,Please tell me you have the RC pin!!!!,2031065549862506972,2031064968284561684,"[""@Realrclark25"", ""@lululemon""]",en,A-整体讨论,True,False,False,3,0,0
2031711387752317119,,2026-03-11T12:38:36.000Z,"Russell Athletic holds up surprisingly well for everyday athletic wear—plenty of long-term users (including 30-year-old hand-me-downs) report solid durability without frequent replacement. Lululemon edges it in premium feel, stretch, and fit, though recent QC notes on some pieces exist. If you're cycling outfits yearly anyway, the $ savings on Russell add up fast for that FIRE goal. Smart call either way.",2031711387752317119,2031711280634249649,"[""@VipsMDMEd"", ""@RussellAthletic"", ""@lululemon""]",en,D-透明度,True,False,False,0,0,1
2033891917176705117,,2026-03-17T13:03:15.000Z,it's going to be ugly. Like a Rugby Shirt. All about strategy.,2033891917176705117,2033880242276724894,"[""@CardyTruster"", ""@lululemon""]",en,A-整体讨论,True,False,False,2,1,1
2034147245164003603,,2026-03-18T05:57:50.000Z,,2034147245164003603,2034146663833735562,"[""@MaralLionSun"", ""@hiitsmemooneh"", ""@lululemon""]",,A-整体讨论,True,False,False,17,2,0
2034248736055169397,,2026-03-18T12:41:07.000Z,"Nice anon pfp bitch. Show your face, or did you already show it above?",2034248736055169397,2034147245164003603,"[""@nolimit_grizzly"", ""@hiitsmemooneh"", ""@lululemon""]",en,A-整体讨论,True,False,False,2,0,0
2035334994319524336,,2026-03-21T12:37:31.000Z,boycott the shit out of them,2035334994319524336,2035246492601221400,"[""@MarcScottEmery"", ""@TimHortons"", ""@lululemon""]",en,F-抵制声浪,True,False,False,5,0,0
2035266254429147473,,2026-03-21T08:04:23.000Z,"Fuck - why won't Canadians support one another. Boycott these pricks - find a locally owned coffee shop... so it costs a little more, but the cost of going to Tim's is jobs for our Canadians.",2035266254429147473,2035246492601221400,"[""@MarcScottEmery"", ""@TimHortons"", ""@lululemon""]",en,F-抵制声浪,True,False,False,18,2,2
2035350995417387392,,2026-03-21T13:41:06.000Z,"Something is rotten in the realm of Denmark, sorry, replace that by Canada.",2035350995417387392,2035246492601221400,"[""@MarcScottEmery"", ""@TimHortons"", ""@lululemon""]",en,A-整体讨论,True,False,False,2,0,0
2035402549411586510,,2026-03-21T17:05:58.000Z,"Here’s a crazy idea- if Canadians want jobs, then earn them. Foreigners get jobs because they show up on time, don’t call in sick once a week, don’t take a million vacations a year & are actually grateful to be working & making money. Canadians are just lazy complainers at work",2035402549411586510,2035246492601221400,"[""@MarcScottEmery"", ""@TimHortons"", ""@lululemon""]",en,C-健康安全,True,False,False,1,1,0
2035534902343713211,,2026-03-22T01:51:53.000Z,"Did those Indians pay taxes for decades to pay for the health infrastructure, the roads, the electrical grids, the hydro-electric dams, the communications infrastructure, the transportation infrastructure? No, they didn’t. This isn’t their country. They don’t belong here.",2035534902343713211,2035402549411586510,"[""@pilikia1993"", ""@TimHortons"", ""@lululemon""]",en,C-健康安全,True,False,False,11,3,1
2038345985508737433,,2026-03-29T20:02:08.000Z,We don't control what people add to our marketplace and remove items that violate our guidelines. This design has since been removed. You are wrong to think ill of us. Sticker Mule operates a marketplace to help people make money online. That's our goal. The marketplace generates less tan 1% of revenue for us causes more headaches than it benefits us as designs others upload sometimes cause backlash. But we are focused on making it better to help people make money which is important. Eventually we may use AI to prevent inappropriate designs upfront.,2038345985508737433,2035016253958730192,"[""@StopAntisemites"", ""@lululemon"", ""and 7 others""]",en,A-整体讨论,True,False,False,507,133,12
2038359759699476496,,2026-03-29T20:56:52.000Z,Remove the seller.,2038359759699476496,2038345985508737433,"[""@stickermule"", ""@lululemon"", ""and 7 others""]",en,A-整体讨论,True,False,False,210,189,6
2039841802052895024,,2026-04-02T23:05:58.000Z,girl? girl.,2039841802052895024,2039836186701877691,"[""@au_border_force"", ""@lululemon""]",en,A-整体讨论,True,False,False,2,1,0
2043077239835673087,,2026-04-11T21:22:27.000Z,Let’s be honest it doesn’t look well,2043077239835673087,2032176606530408507,"[""@_raymondwill"", ""@lululemon""]",en,A-整体讨论,True,False,False,106,0,0
2043099456732602632,,2026-04-11T22:50:44.000Z,Pleated pants look big!,2043099456732602632,2032176606530408507,"[""@SmileForBTC"", ""@_raymondwill"", ""@lululemon""]",en,A-整体讨论,True,False,False,1,1,0
2043090506251415606,,2026-04-11T22:15:10.000Z,They are giving English teacher in 1993. I'm here for it.,2043090506251415606,2032176606530408507,"[""@_raymondwill"", ""@lululemon""]",en,A-整体讨论,True,False,False,2,0,0
2043099283008762266,,2026-04-11T22:50:02.000Z,Lululemon? My granddaughter took me there to get her a shirt. It was a simple shirt. $100,2043099283008762266,2032176606530408507,"[""@_raymondwill"", ""@lululemon""]",en,A-整体讨论,True,False,False,3,0,0
2043108540307640382,,2026-04-11T23:26:49.000Z,They look a hella’ve lot more comfortable than most of the pants the other players wear - Jason Day excepted.,2043108540307640382,2032176606530408507,"[""@_raymondwill"", ""@lululemon""]",en,A-整体讨论,True,False,False,4,1,0
2043088045834903719,,2026-04-11T22:05:23.000Z,Who’s asking? Either he’s wearing them to big or they just look awful.,2043088045834903719,2032176606530408507,"[""@_raymondwill"", ""@lululemon""]",en,A-整体讨论,True,False,False,93,4,0
2043111946090655944,,2026-04-11T23:40:21.000Z,Athletic and skinny fit is out.,2043111946090655944,2043088045834903719,"[""@SmileForBTC"", ""@_raymondwill"", ""@lululemon""]",en,A-整体讨论,True,False,False,17,2,0
2043084892465160604,,2026-04-11T21:52:51.000Z,Lululemon has shit the bed so hard. Move over. It’s Alo’s world now.,2043084892465160604,2032176606530408507,"[""@_raymondwill"", ""@lululemon""]",en,A-整体讨论,True,False,False,5,1,0
2043841859114479751,,2026-04-14T00:00:46.000Z,Glad I thought they were priced way too high & never bought Lululemon yoga pants!,2043841859114479751,2035016253958730192,"[""@LauraLoomer"", ""@c23662"", ""@lululemon""]",en,A-整体讨论,True,False,False,39,1,0
2043825843932213322,,2026-04-13T22:57:08.000Z,"Stick to natural fabrics, especially the first layer touching your skin. Cotton, bamboo, linen, wool, hemp , silk are all great choices. Avoid polyester/nylon or any synthetic fabrics.",2043825843932213322,2035016253958730192,"[""@LauraLoomer"", ""@lululemon""]",en,A-整体讨论,True,False,False,24,1,4
2043863886030356736,,2026-04-14T01:28:18.000Z,Did we think pants this stretchy came from a natural source,2043863886030356736,2035016253958730192,"[""@LauraLoomer"", ""@lululemon""]",en,A-整体讨论,True,False,False,25,1,0
2043402582626889929,,2026-04-12T18:55:14.000Z,What’s happening here?,2043402582626889929,2043357862773018690,"[""@Deerman1700"", ""@lululemon""]",en,A-整体讨论,True,False,False,0,1,0
2043408483341443550,,2026-04-12T19:18:41.000Z,They scammed me AGAIN,2043408483341443550,2043402582626889929,"[""@luther_napa"", ""@lululemon""]",en,A-整体讨论,True,False,False,4,6,0
2043823679746850871,,2026-04-13T22:48:32.000Z,I’m returning every piece of Lululemon clothing I own to the store and will not leave without a full refund. Any company that demonstrates such disregard for the safety of its customers has forfeited any claim to loyalty or respect.,2043823679746850871,2035016253958730192,"[""@LauraLoomer"", ""@lululemon""]",en,A-整体讨论,True,False,False,73,4,5
2043847726530736449,,2026-04-14T00:24:05.000Z,"That's why I don't do yoga..I mean, who needs forever chemicals ruining their downward dog when I can just sit on the couch and let my abs stay... forever undeveloped?",2043847726530736449,2035016253958730192,"[""@LauraLoomer"", ""@lululemon""]",en,B-化学品争议,True,False,False,7,0,1
2043867838067421225,,2026-04-14T01:44:00.000Z,So many items that we use every single day have these forever chemicals.,2043867838067421225,2035016253958730192,"[""@LauraLoomer"", ""@lululemon""]",en,B-化学品争议,True,False,False,2,0,0
2043837122390769792,,2026-04-13T23:41:57.000Z,"something tells me you're not really concerned about ""infertility, cancer and endocrine disruption.""",2043837122390769792,2035016253958730192,"[""@LauraLoomer"", ""@lululemon""]",en,C-健康安全,True,False,False,141,10,4
2043823610868183085,,2026-04-13T22:48:15.000Z,Wow … I own a lot of items from this brand and this apparel is NOT cheap! How do I get a refund - I will not wear clothing that is potentially harmful !,2043823610868183085,2035016253958730192,"[""@LauraLoomer"", ""@lululemon""]",en,C-健康安全,True,False,False,4,0,0
2043844266598731983,,2026-04-14T00:10:20.000Z,"Relax, nutcase. LuLuLemon is (probably) not using chemicals that can be linked directly to any disorder. No clothing brand is that absurdly dumb. The shocking part is why nobody tests garments from Temu that cost $4. I bet there’s some cancer there. And in your lip fillers.",2043844266598731983,2035016253958730192,"[""@LauraLoomer"", ""@lululemon""]",en,C-健康安全,True,False,False,3,0,0
2043839024599580969,,2026-04-13T23:49:30.000Z,How do you like that? Paying extra for cancer.,2043839024599580969,2035016253958730192,"[""@LauraLoomer"", ""@lululemon""]",en,C-健康安全,True,False,False,1,0,0
2043828813327413280,,2026-04-13T23:08:56.000Z,"Customer choice is core to markets—buy or skip Lululemon as you see fit. But their wellness-focused marketing invites scrutiny when PFAS (""forever chemicals"") may lurk in synthetics, per EPA and health research linking them to risks like endocrine issues. The CID tests for deception under Texas law, not a ban. Transparency helps everyone.",2043828813327413280,2043828706548891883,"[""@brusheasy"", ""@lululemon""]",en,D-透明度,True,False,False,0,0,0
2043888491264655832,,2026-04-14T03:06:04.000Z,"Forever chems are in everything you wear including whatever it is you have on now. Unless purposely filtered out it’s also in your drinking water, it’s in your kitchen, it’s in your living room on your couch (and maybe you have a pet safe couch which then is a double dose) if you ever eat anything that needs to be wrapped like a hamburger or some other to go item it’s on the inside of that wrapping paper so nothing sticks to it. I believe that this is the leading cause of cancer in this country because it is so prevalent in everything that we come into contact with and then the byproducts I dumped in rivers across this country without a care in the world for the nations drinking water in which forever chemicals are found in over 90% of our drinking water; I believe the only two places that it’s not found is montana and one of the state I can’t recall right now but I think it’s Idaho. By the way it’s also on the inside of cans including dog food cans and on the inside of bags including dry food bags. I can go on and on about this horrifying chemical brought to you by 
@3M
@chemours
 and the OG polluter 
@DuPont_ability
 (very odd now they’re switched over to sustainability after they destroyed our drinking water and killed millions of Americans because of it). I have no doubt the Lululemon is a short attack. It’s very well-known that these chemicals are in our clothes. That said I highly recommend watching the documentary the devil you know. I suspect you’ll get wildly pissed, and maybe this country needs you to!",2043888491264655832,2043822959408599386,"[""@LauraLoomer"", ""@lululemon""]",en,E-绿洗质疑,True,False,False,11,4,1
2043824750384869586,,2026-04-13T22:52:47.000Z,Can we get a refund on the bullshit that you r putting out every day?? No I am just kidding: I will refund your lululemon items if you don’t post for 24h … Deal?,2043824750384869586,2043822959408599386,"[""@LauraLoomer"", ""@lululemon""]",en,F-抵制声浪,True,False,False,2,1,0
2043861483247882489,,2026-04-14T01:18:45.000Z,"Laura Loomer just “broke” the Lululemon story... by quote-tweeting Ken Paxton’s announcement from hours earlier like it was her exclusive scoop. “Beloved Yoga Pants might be poisoning us! This is horrifying!” You didn’t expose shit — you just panicked in your dog-hair-covered lulus for cheap rage clicks. Go demand your refund and touch grass, conspiracy queen. #LoomerMeltdown#TinfoilYarmulke#RageBaitQueen#YogaPantsPanic#LoomerLunacy",2043861483247882489,2043822959408599386,"[""@LauraLoomer"", ""@lululemon""]",en,F-抵制声浪,True,False,False,3,1,0
2043879022820528566,,2026-04-14T02:28:27.000Z,"I am fairly certain all of the cosmetic procedures are way more dangerous. You should get a refund, you look scary.",2043879022820528566,2043822959408599386,"[""@LauraLoomer"", ""@lululemon""]",en,F-抵制声浪,True,False,False,1,0,0
2043874001731080550,,2026-04-14T02:08:30.000Z,A refund and a recommendation on where to purchase moving forward. I’ve worked lululemon dang near daily for 15 years or more. I’m dead…,2043874001731080550,2043822959408599386,"[""@LauraLoomer"", ""@lululemon""]",en,F-抵制声浪,True,False,False,0,0,0
2043824668352643248,,2026-04-13T22:52:28.000Z,Given that Lulumelon is founded based on Yoga and the logo is the Sanskrit OM symbol...it's demonic. Everything about it is of the false-god...occult nonsense. I dont trust any brand and Lulu lemon is on top of the list. Never bought a single thing from them.,2043824668352643248,2043822959408599386,"[""@LauraLoomer"", ""@lululemon""]",en,F-抵制声浪,True,False,False,25,7,1
2043837690890858958,,2026-04-13T23:44:12.000Z,"This is an investigation, not a conviction. Please wait in line for your refund order",2043837690890858958,2043822959408599386,"[""@LauraLoomer"", ""@lululemon""]",en,F-抵制声浪,True,False,False,1,0,0
2043831936100041162,,2026-04-13T23:21:20.000Z,You might just ask for a refund of all the fluid consumed as well. In plastic bottles.,2043831936100041162,2043822959408599386,"[""@LauraLoomer"", ""@lululemon""]",en,F-抵制声浪,True,False,False,2,0,0
2043836571690873076,,2026-04-13T23:39:45.000Z,I can’t mentally deal. This is 75% of my wardrobe.,2043836571690873076,2043822959408599386,"[""@LauraLoomer"", ""@lululemon""]",en,F-抵制声浪,True,False,False,104,24,4
2043842181039866338,,2026-04-14T00:02:03.000Z,Why is everything & everyone trying to kill us? Now we can't trust yoga pants?! Time for some old lady sweats. I bet you could rock this look.,2043842181039866338,2043836571690873076,"[""@BreannaMorello"", ""@LauraLoomer"", ""@lululemon""]",en,F-抵制声浪,True,False,False,1,1,0
2043823345477599666,,2026-04-13T22:47:12.000Z,Well damn. I’ve enjoyed looking at them while they lasted,2043823345477599666,2043822959408599386,"[""@LauraLoomer"", ""@lululemon""]",en,A-整体讨论,True,False,False,22,0,1
2044185977128714451,,2026-04-14T22:48:10.000Z,I read that the most cancer-causing ingredients are in the crotch area,2044185977128714451,2043822959408599386,"[""@LauraLoomer"", ""@lululemon""]",en,A-整体讨论,True,False,False,8,3,0
2046608262389190791,,2026-04-21T15:13:28.000Z,"They want everyone dead, poisoned or compliant",2046608262389190791,2035016253958730192,"[""@AngelinaReagan7"", ""@lululemon""]",en,A-整体讨论,True,False,False,2,0,0
2052562293356179797,,2026-05-08T01:32:40.000Z,"Idk sounds like they’re trying to turn Nashville into a beautiful city, let them boycott so it’s clean for the rest of us",2052562293356179797,2046411170081599973,"[""@MarcLobliner"", ""@lululemon""]",en,A-整体讨论,True,False,False,2,0,0
2052736941594980779,,2026-05-08T13:06:39.000Z,Not to get nerdy but Lululemon is currently being sued by the state of Texas for intentionally adding PFAS in their clothing and lying about it. Might want to slow down on the lululemon gear,2052736941594980779,2052526720440246567,"[""@MarcLobliner"", ""@chump24042266"", ""@lululemon""]",en,B-化学品争议,True,False,False,1,1,0
2052737320822935998,,2026-05-08T13:08:09.000Z,I try to intake more PFAS. Heard it makes you huge,2052737320822935998,2052736941594980779,"[""@talkitout94"", ""@chump24042266"", ""@lululemon""]",en,B-化学品争议,True,False,False,2,1,0
2052955313868030204,,2026-05-09T03:34:23.000Z,"#Kazuha is absolutely gorgeous elegant, captivating, and effortlessly radiant with a beauty that’s truly unforgettable.",2052955313868030204,2052932188682031188,"[""@marieclairekr"", ""@lululemon"", ""@le_sserafim""]",en,A-整体讨论,True,False,False,6,0,0
2052554590596591748,,2026-05-08T01:02:03.000Z,Why are we boycotting Tennessee? Is it because they got In-N-Out?,2052554590596591748,2052526720440246567,"[""@MarcLobliner"", ""@lululemon""]",en,A-整体讨论,True,False,False,6,0,0
2052769247370055951,,2026-05-08T15:15:01.000Z,"Oh Marc, I wish I could be as delusional as you. Delusion or denial, I’m not sure which one. Also, funny how you assume I’m a lefty because I won’t stand for a dogshit president",2052769247370055951,2052526720440246567,"[""@MarcLobliner"", ""@lululemon""]",en,A-整体讨论,True,False,False,0,1,0
2052787972970254827,,2026-05-08T16:29:26.000Z,What about Biden?,2052787972970254827,2052769247370055951,"[""@ElGuap606"", ""@lululemon""]",en,A-整体讨论,True,False,False,0,2,0
2052568222998638884,,2026-05-08T01:56:13.000Z,"Are you offended by his words, Marc? Don’t you believe in freedom of speech? Seems pretty liberal of you",2052568222998638884,2052787972970254827,"[""@MarcLobliner"", ""@lululemon""]",en,A-整体讨论,True,False,False,0,2,0
2052574293196726749,,2026-05-08T02:20:21.000Z,Cancel them all like they tried to cancel me. Free speech doesn’t mean free of consequences.,2052574293196726749,2052568222998638884,"[""@ElGuap606"", ""@lululemon""]",en,A-整体讨论,True,False,False,15,1,0
2052528891621765162,,2026-05-07T23:19:56.000Z,"I wear 
@lululemon
 daily and those posts are very bothersome",2052528891621765162,2052574293196726749,"[""@MarcLobliner"", ""@lululemon""]",en,A-整体讨论,True,False,False,4,0,0
2053269377517007069,,2026-05-10T00:22:22.000Z,You set the internet on fire today,2053269377517007069,2053169279105704237,"[""@therealknelson"", ""@lululemon"", ""and 2 others""]",en,A-整体讨论,True,False,False,9,2,0
2053270545211252925,,2026-05-10T00:27:00.000Z,Just doing my job capturing the moment and telling the story,2053270545211252925,2053269377517007069,"[""@JeniB4you"", ""@lululemon"", ""and 2 others""]",en,A-整体讨论,True,False,False,7,1,0
2052941060004089992,,2026-05-09T02:37:45.000Z,"everything kazuha does is so graceful and elegant, i can’t wait for the film to release tomorrow !!!",2052941060004089992,2052932126421705174,"[""@marieclairekr"", ""@lululemon"", ""@le_sserafim""]",en,A-整体讨论,True,False,False,4,0,0
2052940815924928532,,2026-05-09T02:36:46.000Z,i want more photos from this shoot omg she looks so perfect in brown thank you lululemon and marie claire kr,2052940815924928532,2052932188682031188,"[""@marieclairekr"", ""@lululemon"", ""@le_sserafim""]",en,A-整体讨论,True,False,False,4,0,0
2052789988228559237,,2026-05-08T16:37:26.000Z,"A specific ceremony or award show dedicated to a niche culture is racist to you? Are you sure we have the same definition of racism? This is sad, Marc.",2052789988228559237,2052526720440246567,"[""@MarcLobliner"", ""@AmericanMadeCPM"", ""@lululemon""]",en,A-整体讨论,True,False,False,0,1,0
2052790850967457880,,2026-05-08T16:40:52.000Z,You’re retarded,2052790850967457880,2052789988228559237,"[""@ElGuap606"", ""@AmericanMadeCPM"", ""@lululemon""]",en,A-整体讨论,True,False,False,0,1,0
2053290853150462117,,2026-05-10T01:47:42.000Z,"Chile the think pieces, the wanna be lip readers from the videos, the anger, the spiraling, the hate speeches.. Girl you did your job TADAY. Got these ho3s pssys dripping with hate and nggas dcks hard with anger.. TODAY WAS A GOODT DAY! Job well done!",2053290853150462117,2053268480841928927,"[""@therealknelson"", ""@lululemon"", ""and 2 others""]",en,A-整体讨论,True,False,False,5,0,0
2054600900065288203,,2026-05-13T16:33:21.000Z,Mo. Give big hug for kate martin. Tell her fever/iowa/cc fans love and always there for her,2054600900065288203,2052939597462835357,"[""@moniquebillings"", ""@lululemon""]",en,A-整体讨论,True,False,False,7,0,0
2055219998780539255,,2026-05-15T09:33:26.000Z,Why don’t they drop it with the actual logo?! Like Nike releasing plain tops without the Nike logo…..,2055219998780539255,2055101990057972216,"[""@_raymondwill"", ""@lululemon"", ""@Minwoo27Lee""]",en,A-整体讨论,True,False,False,8,0,0
2055144016115597553,,2026-05-15T04:31:30.000Z,It needs the logo,2055144016115597553,2055101990057972216,"[""@_raymondwill"", ""@lululemon"", ""@Minwoo27Lee""]",en,A-整体讨论,True,False,False,39,0,0
2055307027534975243,,2026-05-15T15:19:15.000Z,It’s not the same without the logo,2055307027534975243,2055295226852290695,"[""@JeffEisenband"", ""@lululemon"", ""and 2 others""]",en,A-整体讨论,True,False,False,17,0,0
2055659708204364225,,2026-05-16T14:40:41.000Z,Yaaaa those cheaply made yet expensive pants have never been my thing. Not surprising.,2055659708204364225,2052939597462835357,"[""@BlondeBigot11"", ""@lululemon""]",en,A-整体讨论,True,False,False,14,1,0
2055342919070941577,,2026-05-15T17:41:52.000Z,My daughter loves Lululemon. I will show her this...,2055342919070941577,2052939597462835357,"[""@AlexDuncanTX"", ""@lululemon""]",en,A-整体讨论,True,False,False,17,5,0
2055361072765276401,,2026-05-15T18:54:01.000Z,Another company capitulating to Islam and the destruction of American freedom.,2055361072765276401,2052939597462835357,"[""@AlexDuncanTX"", ""@astorgirl"", ""@lululemon""]",en,A-整体讨论,True,False,False,92,2,3
2055372183002624269,,2026-05-15T19:38:10.000Z,"@lululemon
 this is the beginning of the end for your company",2055372183002624269,2052939597462835357,"[""@AlexDuncanTX"", ""@lululemon""]",en,A-整体讨论,True,False,False,56,1,3
2055366731539870150,,2026-05-15T19:16:30.000Z,"It’s already poisoning women with their chemical laced clothing, and this shocks you?",2055366731539870150,2052939597462835357,"[""@AlexDuncanTX"", ""@lululemon""]",en,B-化学品争议,True,False,False,5,0,0
2055389528043757763,,2026-05-15T20:47:05.000Z,"I was an early ambassador for Lululemon, I don’t wear their clothing anymore since it’s toxic While you’re at it, give up the white toilet paper and the regular toothpaste which has fluoride in it",2055389528043757763,2055362592613220436,"[""@RivvyGenx"", ""@lululemon""]",en,B-化学品争议,True,False,False,2,0,0
2055349678464815218,,2026-05-15T18:08:44.000Z,"I read everything Lululemon sells, is made with toxic chemicals. Allegedly.",2055349678464815218,2052939597462835357,"[""@AlexDuncanTX"", ""@AnamaMOSS"", ""@lululemon""]",en,B-化学品争议,True,False,False,2,1,0
2055418883792683351,,2026-05-15T22:43:44.000Z,"Now hold on, hold on... didn't they just get sued for having a bunch of toxic chemicals in their stuff? https://legalclaimassistant.com/personal-injury/pfas-lawsuit/lululemon-pfas-lawsuit/…",2055418883792683351,2055319543292256520,"[""@AlexDuncanTX"", ""@lululemon""]",en,B-化学品争议,True,False,False,2,0,0
2055658637956448679,,2026-05-16T14:36:26.000Z,Absorb those pfas straight in the noggin,2055658637956448679,2052939597462835357,"[""@BlondeBigot11"", ""@lululemon""]",en,B-化学品争议,True,False,False,3,0,0
2055364147957952615,,2026-05-15T19:06:14.000Z,"They have toxic materials and PFAS in their clothing. 
@lululemon
 how are those cancer lawsuits going from your toxic clothing?",2055364147957952615,2055319543292256520,"[""@AlexDuncanTX"", ""@lululemon""]",en,B-化学品争议,True,False,False,12,0,1
2055419939310239792,,2026-05-15T22:47:56.000Z,I never was a fan—fabrics are pricey & itchy.,2055419939310239792,2055376808670122230,"[""@darkmaga7673713"", ""@lululemon""]",en,B-化学品争议,True,False,False,0,1,0
2055432059922104359,,2026-05-15T23:36:05.000Z,"The fabric is the worst , toxic, for the skin. Overpriced and not worth it.",2055432059922104359,2055419939310239792,"[""@evfrapiere"", ""@lululemon""]",en,B-化学品争议,True,False,False,2,1,0
2055346164439085453,,2026-05-15T17:54:46.000Z,"Their clothes are also toxic, I stopped buying them several years ago.",2055346164439085453,2055319543292256520,"[""@AlexDuncanTX"", ""@lululemon""]",en,B-化学品争议,True,False,False,24,1,1
2055354658701353270,,2026-05-15T18:28:31.000Z,"Toxic chemicals are in the fabric. Google it. Made in China by chance? They slip poisoning chems into us shipments bound for your skin, or furniture to omit in your home.",2055354658701353270,2055319543292256520,"[""@AlexDuncanTX"", ""@lululemon""]",en,B-化学品争议,True,False,False,2,0,0
2055380157968318470,,2026-05-15T20:09:51.000Z,This is oppressive and harmful to women,2055380157968318470,2055319543292256520,"[""@AlexDuncanTX"", ""@lululemon""]",en,C-健康安全,True,False,False,3,0,0
2055655612764012957,,2026-05-16T14:24:24.000Z,"They’re either selling beauty or oppression. You know, you just can’t make this up. Their products are linked to cancer",2055655612764012957,2055644232518447491,"[""@JustJenRX"", ""@lululemon""]",en,C-健康安全,True,False,False,2,0,0
2055524085132668961,,2026-05-16T05:41:46.000Z,Hi I just emailed the Texas department of state health with a screenshot of this tweet and a formal complaint,2055524085132668961,2055486527505912277,"[""@DianeHutchings1"", ""@ginamilan_"", ""@lululemon""]",en,C-健康安全,True,False,False,9,1,0
2055382173637595175,,2026-05-15T20:17:52.000Z,Boycott,2055382173637595175,2055319543292256520,"[""@AlexDuncanTX"", ""@ImperfectUSA"", ""@lululemon""]",en,F-抵制声浪,True,False,False,2,0,0
2055379036449247645,,2026-05-15T20:05:24.000Z,"No change for me- I already boycott them simply for being overpriced & pandering to every whim of the left for years. There are better, more affordable options & many small US companies who uphold conservative values.",2055379036449247645,2055319543292256520,"[""@AlexDuncanTX"", ""@lululemon""]",en,F-抵制声浪,True,False,False,2,0,1
2055400343127646385,,2026-05-15T21:30:03.000Z,Not lululemon supporting the subjugation of women?!! BOYCOTT THESE MISOGYNISTS ASSHOLES!!,2055400343127646385,2052939597462835357,"[""@lululemon""]",en,F-抵制声浪,True,False,False,3,0,0
2055366359433752685,,2026-05-15T19:15:01.000Z,"Boycott 
@lululemon",2055366359433752685,2055319543292256520,"[""@AlexDuncanTX"", ""@1hatchco"", ""@lululemon""]",en,F-抵制声浪,True,False,False,3,0,1
2055646175840137724,,2026-05-16T13:46:55.000Z,boycott ! don't buy ????????????????????,2055646175840137724,2052939597462835357,"[""@BlondeBigot11"", ""@lululemon""]",en,F-抵制声浪,True,False,False,2,0,0
2055434301169152373,,2026-05-15T23:45:00.000Z,Boycott,2055434301169152373,1818338109773562068,"[""@lululemon""]",en,F-抵制声浪,True,False,False,2,0,0
2055578096439337026,,2026-05-16T09:16:23.000Z,No they didnt lol,2055578096439337026,2055427015402979454,"[""@KCOLLINS0259"", ""@ginamilan_"", ""@lululemon""]",en,A-整体讨论,True,False,False,13,2,0
2055351893136748825,,2026-05-15T18:17:32.000Z,Why the hell is everyone simpin' so hard for Islam?! Doesn't anyone read??,2055351893136748825,2055319543292256520,"[""@AlexDuncanTX"", ""@lululemon""]",en,A-整体讨论,True,False,False,27,2,2
2055712366743244830,,2026-05-16T18:09:56.000Z,Have you heard about the harmful chemicals in Lululemon? I support Lululemon capturing the hijab market.,2055712366743244830,1818338109773562068,"[""@BlondeBigot11"", ""@lululemon""]",en,C-健康安全,True,False,False,7,1,0
2055360207883022339,,2026-05-15T18:50:34.000Z,Boycott the pedophile worshipping products,2055360207883022339,2055319543292256520,"[""@AlexDuncanTX"", ""@lululemon""]",en,F-抵制声浪,True,False,False,2,0,0
2055698265887461689,,2026-05-16T17:13:54.000Z,Someone forcing you to buy?! Why are you clowns so weak and soft?! Everything bothers you losers.,2055698265887461689,1818338109773562068,"[""@BlondeBigot11"", ""@lululemon""]",en,A-整体讨论,True,False,False,4,1,0
2055679773410480566,,2026-05-16T16:00:25.000Z,I'm going to sell a better one for just $25.,2055679773410480566,1818338109773562068,"[""@BlondeBigot11"", ""@lululemon""]",en,A-整体讨论,True,False,False,34,0,0
2055721082263376272,,2026-05-16T18:44:34.000Z,It is just the beginning! We have been warning for long time. Islamification of your countries has begun in 2015,2055721082263376272,1818338109773562068,"[""@BlondeBigot11"", ""@savethewestnow4"", ""@lululemon""]",en,A-整体讨论,True,False,False,5,0,1
2055731917274951856,,2026-05-16T19:27:37.000Z,Finally white liberal Karen's can feel included now,2055731917274951856,1818338109773562068,"[""@BlondeBigot11"", ""@lululemon""]",en,A-整体讨论,True,False,False,3,0,0
2055683772121551355,,2026-05-16T16:16:18.000Z,Wonder how Keller Williams would feel about your Islamophobia toward Muslim buyers in the Houston metro area. Do you also discriminate against other nonwhite populations? https://kwmet.com/agent/diane-anderson-hutchings…,2055683772121551355,2055486527505912277,"[""@DianeHutchings1"", ""@ginamilan_"", ""@lululemon""]",en,A-整体讨论,True,False,False,10,1,0
2055790382818980187,,2026-05-16T23:19:56.000Z,Canadians can't afford to buy their shit any more.,2055790382818980187,1818338109773562068,"[""@BlondeBigot11"", ""@lululemon""]",en,A-整体讨论,True,False,False,4,0,0
2055649391256756477,,2026-05-16T13:59:41.000Z,They’re in the CLUB,2055649391256756477,1818338109773562068,"[""@BlondeBigot11"", ""@Travisbecker17"", ""@lululemon""]",en,F-抵制声浪,True,False,False,1,1,1
2055682374927839679,,2026-05-16T16:10:45.000Z,"Is it time to Boycott 
@lululemon
 ?",2055682374927839679,2055649391256756477,"[""@shadeall"", ""@BlondeBigot11"", ""@lululemon""]",en,F-抵制声浪,True,False,False,2,1,1
2058693373561630973,,2026-05-24T23:35:23.000Z,"Interesting idea! Recycled polyester's microplastic shedding and chemical treatments are real concerns for activewear. Cellulosic options like lyocell/Tencel already deliver breathability and softness, while bio-based elastics (natural rubber filaments or similar) are emerging as stretch alternatives to traditional spandex. lululemon hyosungnhausa Walmart—worth exploring for healthier, lower-impact fabrics.",2058693373561630973,2058693280787738958,"[""@brusheasy"", ""@lululemon"", ""and 2 others""]",en,B-化学品争议,True,False,False,0,0,0
2059256853477945792,,2026-05-26T12:54:27.000Z,This is a dumb platform to be on. They are just selling a product there is a demand for. We do allow other religions to exist.,2059256853477945792,2059247155223609819,"[""@ThatCheerMomOfX"", ""@lululemon""]",en,A-整体讨论,True,False,False,1,2,0
2059257788774105541,,2026-05-26T12:58:10.000Z,Then you use your platform for whatever you want and I’ll do the same. Carey on,2059257788774105541,2059256853477945792,"[""@CincyCatLuva"", ""@lululemon""]",en,A-整体讨论,True,False,False,2,0,0
2059897929050243303,,2026-05-28T07:21:51.000Z,These companies are showing us who to boycott!,2059897929050243303,2059890681355944014,"[""@littlemykonos"", ""@lululemon""]",en,F-抵制声浪,True,False,False,3,1,1
2063341401149198429,,2026-06-06T19:24:59.000Z,I still rock the lululemon underwear I got almost a decade ago. feel like quality has declined a bit since then tho,2063341401149198429,2063285651454538037,"[""@karma_mao"", ""@lululemon""]",en,A-整体讨论,True,False,False,3,2,0
2063343280532971819,,2026-06-06T19:32:27.000Z,this may be true. I have not shopped at Lululemon since precovid,2063343280532971819,2063341401149198429,"[""@wolfie_"", ""@lululemon""]",en,A-整体讨论,True,False,False,2,0,0
2063346566086246799,,2026-06-06T19:45:31.000Z,Do you recommend them?,2063346566086246799,2063341401149198429,"[""@wolfie_"", ""@karma_mao"", ""@lululemon""]",en,A-整体讨论,True,False,False,2,1,0
2063348179744264427,,2026-06-06T19:51:55.000Z,they’re really comfy but kinda on the pricier side. i’d say worth it if you can afford them but I haven’t tried many other brands tbh,2063348179744264427,2063346566086246799,"[""@unemjobbed"", ""@karma_mao"", ""@lululemon""]",en,A-整体讨论,True,False,False,2,0,0
2064490007637684383,,2026-06-09T23:29:08.000Z,You are so fucking attention seeking which is so weird seeing as you’re an old man,2064490007637684383,1818338109773562068,"[""@jet_set_trainer"", ""@lululemon""]",en,A-整体讨论,True,False,False,51,4,0
2064430942916132924,,2026-06-09T19:34:26.000Z,Could you move the captions over your face,2064430942916132924,1818338109773562068,"[""@jet_set_trainer"", ""@lululemon""]",en,A-整体讨论,True,False,False,13,0,0
2064458950976606398,,2026-06-09T21:25:44.000Z,Do womens brands even have a crotch for your junk?,2064458950976606398,1818338109773562068,"[""@jet_set_trainer"", ""@lululemon""]",en,A-整体讨论,True,False,False,4,1,0
2064696488203108857,,2026-06-10T13:09:37.000Z,Men who do this are so annoying. I promise you this is not hot and and do not look good. people don’t wanna see your squeezed junk at the gym.,2064696488203108857,1818338109773562068,"[""@jet_set_trainer"", ""@lululemon""]",en,A-整体讨论,True,False,False,10,2,0
2064458889811181841,,2026-06-09T21:25:29.000Z,Is the support in the room with us?,2064458889811181841,1818338109773562068,"[""@jet_set_trainer"", ""@lululemon""]",en,A-整体讨论,True,False,False,5,0,0
2064397190500339756,,2026-06-09T17:20:19.000Z,looking hot!,2064397190500339756,1818338109773562068,"[""@jet_set_trainer"", ""@lululemon""]",en,A-整体讨论,True,False,False,3,0,0
2064391381594919387,,2026-06-09T16:57:14.000Z,"I feel you have a great attitude towards those ""gawkers"" who focus only on your junk . ( I have to admit though , Im envious of you and it ) but the way you deal with this is correct , you should never have to explain or justify yourself to anyone .",2064391381594919387,1818338109773562068,"[""@jet_set_trainer"", ""@lululemon""]",en,A-整体讨论,True,False,False,5,0,0
2064431759715107250,,2026-06-09T19:37:41.000Z,Nothing wrong with a guy wanting to feel sexy,2064431759715107250,1818338109773562068,"[""@jet_set_trainer"", ""@lululemon""]",en,A-整体讨论,True,False,False,19,1,0
2066689458712264982,,2026-06-16T01:08:58.000Z,fuckkk it’s so big I want it in my mouth,2066689458712264982,2066685457199739124,"[""@strapidehmoafi"", ""@lululemon""]",en,A-整体讨论,True,False,False,4,1,0
2066567756942651609,,2026-06-15T17:05:22.000Z,L’Oréal make up too very toxic and almost every brand is L’Oréal subsidiary,2066567756942651609,1818338109773562068,"[""@tony_knows2222"", ""@lululemon""]",en,B-化学品争议,True,False,False,2,2,0
2071594341546570188,,2026-06-29T13:59:14.000Z,Do after reading the article it is not the same...they did good deed and lost their job for sure but it is a common policy to not intervene in hopes it keeps the employees safe. The Starbucks employees were being assaulted so they HAD to fight back!,2071594341546570188,2071343380546671035,"[""@Fynnderella1"", ""@mattvanswol"", ""@lululemon""]",en,A-整体讨论,True,False,False,3,1,0
2071129834345099328,,2026-06-28T07:13:26.000Z,Excellent vision lets work together,2071129834345099328,2071040507019477226,"[""@FutureFinanceNL"", ""@lululemon""]",en,A-整体讨论,True,False,False,1,0,0
2071387151397261615,,2026-06-29T00:15:56.000Z,And another company I don't buy from. These woke companies are getting ridiculous in the way they operate.,2071387151397261615,2071343380546671035,"[""@Fynnderella1"", ""@mattvanswol"", ""@lululemon""]",en,A-整体讨论,True,False,False,6,1,0
2071095632602059119,,2026-06-28T04:57:32.000Z,This project is moving in the right direction. DM me,2071095632602059119,2071040507019477226,"[""@FutureFinanceNL"", ""@lululemon""]",en,A-整体讨论,True,False,False,1,0,0
2071783943767003631,,2026-06-30T02:32:38.000Z,Fair But firing the lulu employees is quite stupid. Perhaps a recap of policy would be in order.,2071783943767003631,2071594341546570188,"[""@bettyboop7499"", ""@mattvanswol"", ""@lululemon""]",en,A-整体讨论,True,False,False,2,1,0
2074134833371181319,,2026-07-06T14:14:14.000Z,Your shorts are on fire?,2074134833371181319,1818338109773562068,"[""@GreekTrader777"", ""@lululemon""]",en,A-整体讨论,True,False,False,2,0,0
2074143428057927806,,2026-07-06T14:48:23.000Z,That’s not a regular flashlight you fucking goof,2074143428057927806,2074130805475938577,"[""@GreekTrader777"", ""@lululemon""]",en,A-整体讨论,True,False,False,3,2,0
2080458772582117533,,2026-07-24T01:03:19.000Z,That’s so cute omfg,2080458772582117533,2080436290567246030,"[""@thealexiskraft"", ""@Fanatics"", ""@lululemon""]",en,A-整体讨论,True,False,False,2,1,0
2082971602459705820,,2026-07-30T23:28:24.000Z,You look great lil one,2082971602459705820,1818338109773562068,"[""@karmen638539"", ""@lululemon""]",en,A-整体讨论,True,False,False,1,1,0
2082980628048339099,,2026-07-31T00:04:16.000Z,"Karmen, Looking Fiery Fabulous as always!Enjoy your Beach Day!",2082980628048339099,1818338109773562068,"[""@karmen638539"", ""@lululemon""]",en,A-整体讨论,True,False,False,1,1,0
2082973933809074347,,2026-07-30T23:37:40.000Z,Beautiful view,2082973933809074347,1818338109773562068,"[""@karmen638539"", ""@lululemon""]",en,A-整体讨论,True,False,False,1,1,0
2082946653745455477,,2026-07-30T21:49:16.000Z,Happy Thursday enjoy,2082946653745455477,1818338109773562068,"[""@karmen638539"", ""@lululemon""]",en,A-整体讨论,True,False,False,1,1,0
2082947149189599429,,2026-07-30T21:51:14.000Z,Hope it was a great day for you,2082947149189599429,1818338109773562068,"[""@karmen638539"", ""@lululemon""]",en,A-整体讨论,True,False,False,1,1,0
2082950402199244910,,2026-07-30T22:04:09.000Z,You're very welcome,2082950402199244910,1818338109773562068,"[""@karmen638539"", ""@lululemon""]",en,A-整体讨论,True,False,False,1,1,0
2083015354054295945,,2026-07-31T02:22:15.000Z,Beautiful,2083015354054295945,1818338109773562068,"[""@karmen638539"", ""@lululemon""]",en,A-整体讨论,True,False,False,1,0,0
2082952121285251260,,2026-07-30T22:10:59.000Z,Enjoy your beautiful day eh.,2082952121285251260,1818338109773562068,"[""@karmen638539"", ""@lululemon""]",en,A-整体讨论,True,False,False,1,0,0
2005681110752301415,,2025-12-29T16:43:35.000Z,Their pants rule.,2005681110752301415,2005679753752387754,"[""@laz_versalles"", ""@lululemon""]",en,A-整体讨论,True,False,False,34,3,0
2012283933291888912,,2026-01-16T22:00:50.000Z,if he was going to do a tribute there could've been more thought put into it... this looks like an On reject,2012283933291888912,1819126454229389633,"[""@BastienFachan"", ""@lululemon""]",en,A-整体讨论,True,False,False,32,0,0
2014423532948554205,,2026-01-22T19:42:51.000Z,Mr. South I love the support. I approved this color. I also asked for a darker green at the next shipment. Let me know if this concludes your investigation. Go Bulls!,2014423532948554205,1819126454229389633,"[""@J_South_Da_4th"", ""@TheUSFWizard"", ""@lululemon""]",en,A-整体讨论,True,False,False,32,2,1
2014393827474145769,,2026-01-22T17:44:48.000Z,"We do use this shade occasionally. However, this was reportedly not the planned shade for the initial launch, rather the shade for a further drop.",2014393827474145769,1819126454229389633,"[""@TheUSFWizard"", ""@lululemon"", ""@michaelrscholl""]",en,A-整体讨论,True,False,False,15,1,0
2014432270195581253,,2026-01-22T20:17:34.000Z,"Well we’ve heard it from the man himself, Dark green USF lululemon merch coming soon! P.S. the people yearn for a usf crock pot",2014432270195581253,2014423532948554205,"[""@michaelrscholl"", ""@TheUSFWizard"", ""@lululemon""]",en,A-整体讨论,True,False,False,8,0,0
2016934038293139738,,2026-01-29T17:58:42.000Z,Pretty sure his mind changed when his sales went up,2016934038293139738,1819126454229389633,"[""@aliiicakes_11"", ""@lululemon""]",en,A-整体讨论,True,False,False,26,0,0
2017046672841257013,,2026-01-30T01:26:16.000Z,That lil light peeking thru tho.,2017046672841257013,1819126454229389633,"[""@aliiicakes_11"", ""@lululemon""]",en,A-整体讨论,True,False,False,12,3,0
2016956754207158630,,2026-01-29T19:28:58.000Z,But your ass cheeks don't touch.,2016956754207158630,1819126454229389633,"[""@aliiicakes_11"", ""@lululemon""]",en,A-整体讨论,True,False,False,12,0,0
2016932002394427841,,2026-01-29T17:50:36.000Z,I don’t think your thighs were on his mind at the time.,2016932002394427841,1819126454229389633,"[""@aliiicakes_11"", ""@lululemon""]",en,A-整体讨论,True,False,False,28,5,0
2016941071154946396,,2026-01-29T18:26:38.000Z,I love a nice set of thick thighs that connect to a beautiful backside!! He’s out of touch,2016941071154946396,2016923570954268854,"[""@aliiicakes_11"", ""@lululemon""]",en,A-整体讨论,True,False,False,12,0,0
2016931744902005046,,2026-01-29T17:49:35.000Z,progress looks good on everyone,2016931744902005046,2016923570954268854,"[""@aliiicakes_11"", ""@lululemon""]",en,A-整体讨论,True,False,False,19,0,0
2017043356371780072,,2026-01-30T01:13:05.000Z,More like team Ali!,2017043356371780072,2017013389130699234,"[""@aliiicakes11"", ""@lululemon""]",en,A-整体讨论,True,False,False,4,0,0
2016924584243519699,,2026-01-29T17:21:08.000Z,He said that? If so he was wrongly misinformed,2016924584243519699,2016923570954268854,"[""@aliiicakes_11"", ""@lululemon""]",en,A-整体讨论,True,False,False,10,0,0
2017231101551345923,,2026-01-30T13:39:07.000Z,That's a dipping Delight,2017231101551345923,2016923570954268854,"[""@aliiicakes_11"", ""@lululemon""]",en,A-整体讨论,True,False,False,5,1,0
2025956288589414849,,2026-02-23T15:29:54.000Z,Seriously! Bring back Roots already.,2025956288589414849,2025672404098253037,"[""@notncalgary"", ""@lululemon"", ""@TeamCanada""]",en,A-整体讨论,True,False,False,34,1,1
2027523159650402657,,2026-02-27T23:16:05.000Z,"Nancy Grace talked about the jacket being lululemon the other night in her show. She didn’t credit you, but we know where she got that nugget",2027523159650402657,2024948738184413425,"[""@chiIIum"", ""@lululemon"", ""@FBIDirectorKash""]",en,A-整体讨论,True,False,False,9,0,0
2028125565186969973,,2026-03-01T15:09:50.000Z,"If you say “no,” you’ll have to tell this guy",2028125565186969973,2027978290661822951,"[""@Softykjr"", ""@lululemon""]",en,A-整体讨论,True,False,False,90,1,2
2026143850943873414,,2026-02-24T03:55:12.000Z,"@TeamCanada
@TeamCanadaPR
@CDNParalympics
 let’s get Samantha kitted out! This is so cool.",2026143850943873414,2025990974804037773,"[""@SamanthaWojArt"", ""@lululemon""]",en,A-整体讨论,True,False,False,18,1,4
2031092682706030929,,2026-03-09T19:40:06.000Z,Found your luggage,2031092682706030929,2024900118357704745,"[""@Realrclark25"", ""@lululemon""]",en,A-整体讨论,True,False,False,18,0,0
2043827097521574024,,2026-04-13T23:02:07.000Z,"Larry, i don’t think your infertility has anything to do with Lululemon. Its biology 101",2043827097521574024,2043822959408599386,"[""@LauraLoomer"", ""@lululemon""]",en,A-整体讨论,True,False,False,45,2,2
2043842690769387874,,2026-04-14T00:04:04.000Z,"For PFAS (""forever chemicals"") in yoga pants/jackets: Check tags/descriptions for ""PFAS-free,"" ""fluorine-free,"" OEKO-TEX Standard 100, or GOTS certification. Watch for ""water-resistant,"" ""stain-repellent,"" or ""moisture-wicking"" unless explicitly PFAS-free. Synthetics like polyester/nylon/spandex are higher risk if treated. Quick home test: Drop water on fabric—if it beads up, likely treated. Lululemon phased out PFAS in 2023 per their statements.",2043842690769387874,2043822959408599386,"[""@XOXO68"", ""@LauraLoomer"", ""@lululemon""]",en,B-化学品争议,True,False,False,3,6,0
2043842593876766733,,2026-04-14T00:03:41.000Z,"I just bought 2 pairs of yoga pants and 2 jackets. What do I look for in the material to know if they're toxic 
@grok",2043842593876766733,2043822959408599386,"[""@LauraLoomer"", ""@lululemon""]",en,B-化学品争议,True,False,False,1,1,0
2043888223932358918,,2026-04-14T03:05:00.000Z,"Texas AG Ken Paxton launched a probe into Lululemon for possible PFAS (""forever chemicals"") in activewear, citing potential mismatch with health-focused marketing. PFAS are linked to risks like endocrine issues, infertility, and cancer, but mainly via water-repellent treatments. Lululemon says it doesn't use PFAS now—phased out in 2023, limited to a small % of DWR items (not core yoga pants/leggings). They meet global safety standards and are cooperating. No recall or ban yet; investigation ongoing. **Action plan for owners:** 1. Check labels/tags for ""water-repellent"" or DWR claims—those are most likely affected. 2. Email Lululemon support with style/SKU for specifics on your items. 3. Wash new/used gear 2-3x before wear (reduces some residues, though PFAS persist). 4. If concerned, opt for PFAS-free certified alternatives (Bluesign/Oeko-Tex labeled). 5. Stay updated via Texas AG site or Lululemon announcements. No need to panic—exposure levels in clothing are low per current data.",2043888223932358918,2043822959408599386,"[""@YourSubconscios"", ""@LauraLoomer"", ""@lululemon""]",en,C-健康安全,True,False,False,0,0,0
2043888117414015263,,2026-04-14T03:04:35.000Z,"@grok
 please summarise and give action plan for owners of products",2043888117414015263,2043822959408599386,"[""@LauraLoomer"", ""@lululemon""]",en,C-健康安全,True,False,False,0,1,0
2043876267796144175,,2026-04-14T02:17:30.000Z,"No, you probably don't need to ditch your recycled polyester underwear over this. PFAS (""forever chemicals"") aren't in the polyester fiber itself—they're added treatments for water/stain resistance in things like Lululemon activewear. Recycled poly (often from bottles) can pick up traces during processing, but exposure from daily wear is low and unlikely to cause infertility or cancer per experts. Bigger practical issues: it sheds microplastics (more than virgin poly, per recent studies) and traps moisture/bacteria. For undies, breathable cotton or bamboo is comfier and lower-risk long-term. Check your brand's labels for PFAS-free claims if paranoid.",2043876267796144175,2043822959408599386,"[""@dreamscapek"", ""@LauraLoomer"", ""@lululemon""]",en,C-健康安全,True,False,False,0,0,0
2043876139307774041,,2026-04-14T02:16:59.000Z,"@grok
 should I stop using underwear made from recycled polyester?",2043876139307774041,2043822959408599386,"[""@LauraLoomer"", ""@lululemon""]",en,C-健康安全,True,False,False,1,1,0
2043835343216972230,,2026-04-13T23:34:53.000Z,"Yes, Texas AG Ken Paxton announced today he's issued a Civil Investigative Demand to Lululemon over potential PFAS (""forever chemicals"") in their activewear. The probe examines if the company misled consumers on safety based on marketing vs. emerging research linking PFAS to endocrine disruption, infertility, and cancer risks. It's ongoing—no findings yet.",2043835343216972230,2043822959408599386,"[""@AllenR_Smith"", ""@LauraLoomer"", ""@lululemon""]",en,C-健康安全,True,False,False,0,0,0
2043835248010580459,,2026-04-13T23:34:30.000Z,"@grok
 can you verify this?",2043835248010580459,2043822959408599386,"[""@LauraLoomer"", ""@lululemon""]",en,C-健康安全,True,False,False,0,1,0
2055414060301406603,,2026-05-15T22:24:34.000Z,Hey Bud Light - Lululemon has joined the conversation.,2055414060301406603,2024900118357704745,"[""@AlexDuncanTX"", ""@lululemon""]",en,A-整体讨论,True,False,False,33,2,2
2055358493318603182,,2026-05-15T18:43:46.000Z,"Yup just went on the website and it’s true. 
@lululemon
 I will NEVER buy anything from you again!!",2055358493318603182,2055319543292256520,"[""@AlexDuncanTX"", ""@lululemon""]",en,A-整体讨论,True,False,False,200,9,17
2055366121331781803,,2026-05-15T19:14:04.000Z,"Seriously 
@lululemon
? You just lost my business and both of my daughters and their friends…",2055366121331781803,2055319543292256520,"[""@AlexDuncanTX"", ""@lululemon""]",en,A-整体讨论,True,False,False,121,8,13
2055352303876747451,,2026-05-15T18:19:10.000Z,"@lululemon
 is now promoting the hijab, an Islamic tool that subjugated women all over the world Shame on you 
@lululemon",2055352303876747451,2024900118357704745,"[""@lululemon""]",en,A-整体讨论,True,False,False,19,1,4
2055319808590123121,,2026-05-15T16:10:03.000Z,"@lululemon
 is a business already down the tubes so it's only natural they go the jihad rout. 
@StopAntisemites",2055319808590123121,2055319543292256520,"[""@AlexDuncanTX"", ""@lululemon""]",en,A-整体讨论,True,False,False,49,2,9
2055359049089048764,,2026-05-15T18:45:58.000Z,"Love watching 
@lululemon
 commit brand suicide",2055359049089048764,2055319543292256520,"[""@AlexDuncanTX"", ""@FLMrs4MAGA"", ""@lululemon""]",en,A-整体讨论,True,False,False,100,1,6
2055326266169950717,,2026-05-15T16:35:42.000Z,Apparently Lululemon supports:,2055326266169950717,2055319543292256520,"[""@AlexDuncanTX"", ""@DerekAyala1987"", ""@lululemon""]",en,A-整体讨论,True,False,False,80,4,24
2055375818004496663,,2026-05-15T19:52:36.000Z,"Oh wow! This is interesting. Hijab is a tool of oppression and subjugation of women but I guess 
@lululemon
 is already too misogynistic to care. I refuse to buy 
@Nike
 for this very same reason. We don’t need corporates benefiting from our dehumanization. #FreeFromHijab#NoToHijab",2055375818004496663,2055319543292256520,"[""@AlexDuncanTX"", ""@mysteryatheist1"", ""@lululemon""]",en,A-整体讨论,True,False,False,86,5,22
2055326667233784160,,2026-05-15T16:37:18.000Z,"Boycott 
@lululemon",2055326667233784160,2055319543292256520,"[""@AlexDuncanTX"", ""@lululemon""]",en,A-整体讨论,True,False,False,146,3,15
2055427966297940213,,2026-05-15T23:19:49.000Z,1st they FIRED an employee for calling the police on a shoplifter in Atlanta & now this? Lululemon is a joke & a horrible company,2055427966297940213,2055319543292256520,"[""@AlexDuncanTX"", ""@lululemon""]",en,A-整体讨论,True,False,False,32,2,3
2055319953117679918,,2026-05-15T16:10:37.000Z,"@lululemon
 is a disgrace.",2055319953117679918,2055319808590123121,"[""@YuriZelensky69"", ""@lululemon"", ""@StopAntisemites""]",en,A-整体讨论,True,False,False,45,0,9
2055359669435076970,,2026-05-15T18:48:26.000Z,Lululemon sells super tight pants that fit like a second skin.... how in the bloody blue blazes are they promoting a cult that demands women wear trash bags?,2055359669435076970,2055319953117679918,"[""@AlexDuncanTX"", ""@lululemon""]",en,A-整体讨论,True,False,False,169,3,18
2055326614737817794,,2026-05-15T16:37:05.000Z,"@lululemon
 is a disgusting, Islamic pandering piece of garbage of a company.",2055326614737817794,2055326266169950717,"[""@Tiger6Actual"", ""@DerekAyala1987"", ""@lululemon""]",en,A-整体讨论,True,False,False,142,1,30
2055372592555724865,,2026-05-15T19:39:47.000Z,"I’ve never owned 
@lululemon
 it’s overpriced forever chemical active wear and now this shit?",2055372592555724865,2055326614737817794,"[""@AlexDuncanTX"", ""@lululemon""]",en,B-化学品争议,True,False,False,10,0,1
2059890983387750569,,2026-05-28T06:54:16.000Z,Cult,2059890983387750569,1818338109773562068,"[""@JH_Otway_Ranges"", ""@lululemon""]",en,A-整体讨论,True,False,False,4,2,1
2059899823428714653,,2026-05-28T07:29:23.000Z,"Maybe they endorse FGM and women being punished for being raped. Nice brand........not 
@lululemon",2059899823428714653,2059890983387750569,"[""@littlemykonos"", ""@lululemon""]",en,A-整体讨论,True,False,False,3,0,0
2064485689094459626,,2026-06-09T23:11:59.000Z,Just gonna say it. Junk looks more like a poopy diaper than a cock-a-doodle-doo.,2064485689094459626,1818338109773562068,"[""@jet_set_trainer"", ""@lululemon""]",en,A-整体讨论,True,False,False,26,1,0
2064426646455615881,,2026-06-09T19:17:22.000Z,"Cut the bs gurl, just say you wanna show that cawk",2064426646455615881,1818338109773562068,"[""@jet_set_trainer"", ""@lululemon""]",en,A-整体讨论,True,False,False,148,2,0
2064384107186884793,,2026-06-09T16:28:20.000Z,Take it all off and shame the devil!,2064384107186884793,1818338109773562068,"[""@jet_set_trainer"", ""@lululemon""]",en,A-整体讨论,True,False,False,16,0,0
2072241528429232309,,2026-07-01T08:50:55.000Z,na toll,2072241528429232309,1818338109773562068,"[""@NochQehaimer"", ""@lululemon""]",en,A-整体讨论,True,False,False,1,1,0
2082951612725887014,,2026-07-30T22:08:58.000Z,You look fine,2082951612725887014,1818338109773562068,"[""@karmen638539"", ""@lululemon""]",en,A-整体讨论,True,False,False,1,1,0
2082951481116782832,,2026-07-30T22:08:27.000Z,Check out DMs,2082951481116782832,1818338109773562068,"[""@karmen638539"", ""@lululemon""]",en,A-整体讨论,True,False,False,1,1,0
2083238476082802784,,2026-07-31T17:08:52.000Z,"Y'all are out of your damned minds. The Team Store is already too expensive and now you add 
@lululemon
? Absolutely ridiculous.",2083238476082802784,2083190951846072702,"[""@astros"", ""@lululemon""]",en,A-整体讨论,True,False,False,4,0,0
2085405524754076070,,2026-08-06T16:39:56.000Z,"@lululemon
 what has happened to your customer service team? Taking days to respond and not actually responding to the question or the request. This is my first time ever having a poor experience with your previously stellar customer service team.",2085405524754076070,,,en,官方回应帖,True,False,False,0,1,0
2084136796464484447,,2026-08-03T04:38:28.000Z,"@lululemon
 Why did you charge me tax on my online order when it is TN Tax Free Weekend? You just gonna keep that? Seems...fraudulent.",2084136796464484447,,,en,官方回应帖,True,False,False,3,1,0
2083702850551746948,,2026-08-01T23:54:07.000Z,"Hey 
@lululemon
 is there a way to find the hemming dimensions of a pair of pants I previously bought?",2083702850551746948,,,en,官方回应帖,True,False,False,1,1,0
2083358709607014729,,2026-08-01T01:06:37.000Z,"Hi, I can’t log in as it just keeps sending codes to my number and doesn’t let me log in",2083358709607014729,,,en,官方回应帖,True,False,False,0,1,0
2083255979081097464,,2026-07-31T18:18:25.000Z,"Share this with someone who needs to join you Follow for more San Diego finds I checked out the first lululemon Summer Series class at Hotel del Coronado and it was such a fun way to start the weekend. We worked out right on the beach with ocean views, then hung out",2083255979081097464,,,en,官方回应帖,True,False,False,2,1,0
2083205362350522678,,2026-07-31T14:57:17.000Z,"@lululemon
 what are we doing.. running tights bleeding because they couldn’t handle the heat and sweat",2083205362350522678,,,en,官方回应帖,True,False,False,1,1,0
2082878361919959080,,2026-07-30T17:17:54.000Z,"@lululemon
 can we order clothes from Uk Lulu and get it shipped to the US I see they have gray",2082878361919959080,,,en,官方回应帖,True,False,False,0,1,0
2080384102855831595,,2026-07-23T20:06:36.000Z,"Thank you 
@lululemon
 for having me for a rooftop yoga session - my nervous system thanks you",2080384102855831595,,,en,官方回应帖,True,False,False,1,1,0
2079748783005376827,,2026-07-22T02:02:04.000Z,"Hey 
@lululemon
 do you have warranty against fabrication defects on your shoes? My cityverse sneaker has one.",2079748783005376827,,,en,官方回应帖,True,False,False,0,1,0
2078959367496335398,,2026-07-19T21:45:13.000Z,"@lululemon
 FYIn- I'm not having issues with any other website.",2078959367496335398,,,en,官方回应帖,True,False,False,0,1,0
2077561857015984246,,2026-07-16T01:12:00.000Z,"@lululemon
 I was placing an order with a pace breaker, the website lagged, and no order was placed but my giftcard funds are deducted. I tried calling and live chat and no one is available to help",2077561857015984246,,,en,官方回应帖,True,False,False,0,1,0
2076969200657092969,,2026-07-14T09:57:00.000Z,"@lululemon
 hi. are you guys having website problems? What is the correct url these days? Thanks!",2076969200657092969,,,en,官方回应帖,True,False,False,0,1,0
2077333643437994181,,2026-07-15T10:05:10.000Z,"I'm still having issues. I had to turn off my vpn and use chrome just to navigate to your site. I'm in the Atlanta Ga. area. USA. What link are you suggesting? Please, thanks.",2077333643437994181,,,en,官方回应帖,True,False,False,0,1,0
2076400738058539437,,2026-07-12T20:18:08.000Z,"@lululemon
 I am in Canada trying to place an order to be shipped to the US, and your website isn’t letting me check out with shipping to the US. Can you help?",2076400738058539437,,,en,官方回应帖,True,False,False,0,1,0
2076417915675427013,,2026-07-12T21:26:23.000Z,I was on that site and I still had the issue.,2076417915675427013,,,en,官方回应帖,True,False,False,0,1,0
2075617663615737976,,2026-07-10T16:26:28.000Z,"Hello all I just wanted to share what 
@lululemon
 Baltimore city store just told me. My hubby a veteran is not joining me and my daughter in law’s birthday shopping trip & proper ID would validate this. I was told NO! What a shame when this is widely accepted for the spouse also.",2075617663615737976,,,en,官方回应帖,True,False,False,0,1,0
2074982009726759168,,2026-07-08T22:20:37.000Z,"@lululemon
 I paid for express shipping but only 2/5 of my items came. The others are still ""processing"". What gives? I want my $20 for shipping back, wouldn't have bothered if it wasn't all going to arrive before my trip",2074982009726759168,,,en,官方回应帖,True,False,False,0,2,0
2074822704176271720,,2026-07-08T11:47:35.000Z,"Hi 
@lululemon
, despite ordering an item 2 1/2 weeks ago, I’ve not received it or had any update updates on delivery date despite my chasing. Please let me know how I arrange a refund.",2074822704176271720,,,en,官方回应帖,True,False,False,0,1,1
2073882096763117691,,2026-07-05T21:29:57.000Z,"@lululemon
 I should have reached out months ago when I stopped wearing this love tee because of the weird stains…but cleaning out my drawers now & remembered to reach out. I follow wash instructions to a T! Have many other black items & no weird armpit stains? Help???",2073882096763117691,,,en,官方回应帖,True,False,False,0,2,0
2073116289082536051,,2026-07-03T18:46:54.000Z,"@Affirm
 ir was confusing because 
@lululemon
 had gone in and taken 60.00 plus added 6 payments but my bank reflects another scenario",2073116289082536051,,,en,官方回应帖,True,False,False,0,2,1
2070970273051082888,,2026-06-27T20:39:24.000Z,Having the lulu lemon mirror was a total failure . Need more time to figure it out why it’s not working . Don’t want to waste all day tinkering. I have a fun project I’m working on at the moment so I can waist anymore time with this.,2070970273051082888,,,en,官方回应帖,True,False,False,3,3,0
2071336779571925476,,2026-06-28T20:55:46.000Z,How do you make a hem on a Lululemon yoga pant ?,2071336779571925476,,,en,官方回应帖,True,False,False,1,2,0
2070905093960966272,,2026-06-27T16:20:24.000Z,"@lululemon
 had a terrible experience in store trying to return an item",2070905093960966272,,,en,官方回应帖,True,False,False,0,1,0
2070977675259207793,,2026-06-27T21:08:49.000Z,DMed,2070977675259207793,,,en,官方回应帖,True,False,False,0,1,0
2070151622915969333,,2026-06-25T14:26:23.000Z,"I hate people who steal packages because they really don’t even know what’s in there !!! and they’re just taking it to take it. My Lulu order got stolen send help yall im not ok 
@lululemon",2070151622915969333,,,en,官方回应帖,True,False,False,0,1,0
2069132289422860345,,2026-06-22T18:55:55.000Z,"@lululemon
 horrible AI driven customer service platform. Needed a simple question answered and refused to connect me with a real person because I wouldn’t give my cell. Ridiculous.",2069132289422860345,,,en,官方回应帖,True,False,False,0,1,0
2067946664644546623,,2026-06-19T12:24:40.000Z,"@lululemon
 stop scamming people and send me my package. I’m missing parts of my package and all u reply with is the tracking number saying it’s delivered. Wow I got one item instead of 4. Absolute scam of a company.",2067946664644546623,,,en,官方回应帖,True,False,False,1,2,0
2067263319216451910,,2026-06-17T15:09:17.000Z,"@lululemon
 you need to change your online quality issue form to allow images larger than 4 MB. I’m currently living overseas only have access to my phone and have some major quality issues with all three pairs of pants. I just bought. I can’t believe the quality has gone so down",2067263319216451910,,,en,官方回应帖,True,False,False,0,1,0
2064476432630530081,,2026-06-09T22:35:12.000Z,"@lululemon
 why was my order cancelled and you continue to take fresh orders for that product on your site ?",2064476432630530081,,,en,官方回应帖,True,False,False,0,1,0
2063243339961434157,,2026-06-06T12:55:20.000Z,"@lululemon
 why don't any of your exercise shorts have a back pocket. Must have imo",2063243339961434157,,,en,官方回应帖,True,False,False,0,1,0
2062755895696933183,,2026-06-05T04:38:24.000Z,"@OnTrac_Shipping
 IS THE WORST. Literally left my package OUTSIDE of the gate and my 
@lululemon
 order was stolen. AT LEAST THROW IT OVER THE FRIGGIN GATE! Literally left it on then gosh darned sidewalk.",2062755895696933183,,,en,官方回应帖,True,False,False,2,2,1
2061958936584995034,,2026-06-02T23:51:34.000Z,"Disappointed with 
@shipveho
 A 
@lululemon
 package containing clothing for my wife and I was marked delivered on May 30 at 10:15 PM, but never arrived. The delivery photo doesn’t verify location. Seeing similar customer complaints on 
@Reddit
 , I’m requesting a full investigation.",2061958936584995034,,,en,官方回应帖,True,False,False,0,1,0
2059764080605335980,,2026-05-27T22:30:00.000Z,"@lululemon
 When is the love tank coming back?",2059764080605335980,,,en,官方回应帖,True,False,False,0,1,0
2059065111097348205,,2026-05-26T00:12:32.000Z,"@lululemon
 Hi Lululemon I have these training shorts but my drawstring has a problem could you please make suggestions how I can get this fixed?",2059065111097348205,,,en,官方回应帖,True,False,False,0,1,0
2056449245104754774,,2026-05-18T18:58:01.000Z,"@lululemon
 just received the order I got myself for my birthday and there is a security tag still attached. Is my only option to go to a store to have it removed. That was kinda the whole point of me ordering online - so I don't need to drive 30 minutes to a store",2056449245104754774,,,en,官方回应帖,True,False,False,1,1,0
2056361626706833525,,2026-05-18T13:09:51.000Z,"@lululemon
 what’s up with your canadian website?? i can’t shop!!",2056361626706833525,,,en,官方回应帖,True,False,False,1,1,0
2052820288631619827,,2026-05-08T18:37:51.000Z,"@lululemon
 I'm really disappointed you use 
@OnTrac_Shipping
 for your online orders! I'm having an issue getting my order from you and there is no help from ontrac......",2052820288631619827,,,en,官方回应帖,True,False,False,2,2,2
2051430037392662834,,2026-05-04T22:33:29.000Z,"@lululemon
 Why are certain bulk buyers allowed early access before opening at your Toronto Premium Outlet stores? This creates an unfair shopping environment and prevents other customers from accessing inventory fairly. Is this your official policy?",2051430037392662834,,,en,官方回应帖,True,False,False,0,1,0
2052786014675255377,,2026-05-08T16:21:39.000Z,"Regular customers were still waiting outside, while bulk buyers were already inside taking out dozens of boxes before opening. How is this fair? Special early access destroys fair shopping for everyone else.",2052786014675255377,,,en,官方回应帖,True,False,False,0,1,0
2052092142827307263,,2026-05-06T18:24:27.000Z,"@lululemon
 this is actually insane that I’ve only had this bag since February and it’s already doing this…",2052092142827307263,,,en,官方回应帖,True,False,False,0,1,0
2049720396337820042,,2026-04-30T05:19:59.000Z,"and i’m no fool, I realize its something thats embedded within the material that has shifted chemically with washes / time, but I would sincerely appreciate some help on this as I dont mind shelling $$ but expect them to last more…? 
@lululemon",2049720396337820042,,,en,官方回应帖,True,False,False,1,1,0
2049565888244793835,,2026-04-29T19:06:01.000Z,"@lululemon
 please add pocketsto your leggings. Pleaseeeee!",2049565888244793835,,,en,官方回应帖,True,False,False,0,1,1
2049555957781307438,,2026-04-29T18:26:33.000Z,"@lululemon
 beyond annoyed. Didn't have item in store so associate said they could order and it would be here by today. Received two different tracking numbers one created 4/26 and another 12:46am 4/28. Neither have been picked up from NJ so safe to say I have to now spend more",2049555957781307438,,,en,官方回应帖,True,False,False,0,2,0
2047779277790118352,,2026-04-24T20:46:40.000Z,"@lululemon
 my GF spent a dime on these.. anything you’re able to do?",2047779277790118352,,,en,官方回应帖,True,False,False,0,1,0
2047724354650206379,,2026-04-24T17:08:25.000Z,"So it’s London marathon no.5 on Sunday, funnily enough the 26.2 miles doesn’t get any easier. All loud cheers appreciated if you happen to spot me. And a big thank you 
@newbalance
 & 
@lululemon
 for kindly providing kit! #TCSLondonMarathon#RepRunners",2047724354650206379,,,en,官方回应帖,True,False,False,1,1,0
2047130976128770337,,2026-04-23T01:50:33.000Z,"I haven’t gone the “distance” I’m capable of… YET. This year, 
@lululemon
 is centered around YET. YET turns obstacles into a roadmap for your breakthroughs. Because everything you can’t do yet is guiding you toward everything you can. #lululemon#lululemonambassador",2047130976128770337,,,en,官方回应帖,True,False,False,4,1,2
2046651370124488988,,2026-04-21T18:04:46.000Z,"Hi, I was asked to DM regarding damaged gift cards. I’ve already reached out via email but am not getting resolution. I do not have receipts as they were purchased a long time ago. Can this be escalated to a manager?",2046651370124488988,,,en,官方回应帖,True,False,False,0,1,0
2046520472523678014,,2026-04-21T09:24:37.000Z,"@lululemon
 I have been trying to get help with a product complaint since late March & your team have been most unhelpful, some of the worst customer service I’ve ever received. I want to escalate this to a manager as the team are not responding to me at all now.",2046520472523678014,,,en,官方回应帖,True,False,False,0,1,0
2044120510188138625,,2026-04-14T18:28:02.000Z,my lululemon order better hurry tf up,2044120510188138625,,,en,官方回应帖,True,False,False,1,1,0
2042355350163149024,,2026-04-09T21:33:55.000Z,"@lululemon
 very disappointed in your unwillingness to stand behind your products. This is definitely not the Lulu of old- products nor customer service.",2042355350163149024,,,en,官方回应帖,True,False,False,0,1,0
2042026711949230198,,2026-04-08T23:48:01.000Z,"Hey 
@lululemon
 & Go Bolt—package marked delivered, but photo shows it left inside an open entrance. Anyone could take it. Claim denied, no customer service, I'm told to call police. For what exactly? #Lululemon#DeliveryFail#CustomerServiceFail",2042026711949230198,,,en,官方回应帖,True,False,False,0,2,0
2041580148479148160,,2026-04-07T18:13:32.000Z,"Kicking off the season in style Huge thank you to 
@lululemon
 for hooking up our new 2026 members with these belt bags #ANNIKAWAPT#lululemon#PathOfThePros",2041580148479148160,,,en,官方回应帖,True,False,False,2,1,0
2041561279723139564,,2026-04-07T16:58:34.000Z,"please restock the 
@lululemon
 define cropped in butter cream so I can move on with my life",2041561279723139564,,,en,官方回应帖,True,False,False,0,1,0
2041324006544916510,,2026-04-07T01:15:43.000Z,"@lululemon
 I need a work bag that will hold my water bottle (hydroflask) and coffee cup (yeti) and has a laptop spot and enough room for inside shoes and the essentials. Recs?",2041324006544916510,,,en,官方回应帖,True,False,False,0,1,0
2020919393526382702,,2026-02-09T17:55:04.000Z,"I absolutely love when I order leggings from 
@lululemon
 and they arrive stuffed in a bag with the security tag still attached.",2020919393526382702,,,en,官方回应帖,True,False,False,6,1,2
2041219352611971340,,2026-04-06T18:19:52.000Z,It’s a 3 hour round trip to go have the stupid thing removed!! There’s a reason I ordered them.,2041219352611971340,,,en,官方回应帖,True,False,False,0,1,0
2003864637046161517,,2025-12-24T16:25:34.000Z,"What the heck 
@lululemon
?! You've cancelled THREE of my orders in over a week!! First time and last time I'm ordering from you.",2003864637046161517,,,en,官方回应帖,True,False,False,3,3,2
2040592878376763717,,2026-04-05T00:50:29.000Z,"@lululemon
 I’ve been waiting for yall to drop your butter yellow color!! Just placed an order.. any chance you’ll be making the city essentials nano bags is butter yellow also",2040592878376763717,,,en,官方回应帖,True,False,False,1,1,0
2040586022480744525,,2026-04-05T00:23:14.000Z,"@lululemon
 I received two gift cards for Christmas. One the value of $100 and the other $50. I put them on my Lululemon account but the cards say $0.00 is there a way to see if my cards were used because I haven’t used them.",2040586022480744525,,,en,官方回应帖,True,False,False,1,1,1
2039395929309257791,,2026-04-01T17:34:14.000Z,"I absolutely love spending oodles of $$ on 
@lululemon
 for everything to start unraveling..... said NO ONE. EVER.",2039395929309257791,,,en,官方回应帖,True,False,False,2,1,0
2037921524909261112,,2026-03-28T15:55:28.000Z,"@lululemon
 your careers website is down",2037921524909261112,,,en,官方回应帖,True,False,False,0,1,0
2037352153166012458,,2026-03-27T02:13:00.000Z,"Dear 
@Lululemon
 Team, (from my daughter) I’m reaching out because I’m hoping you might be able to help me track down a pair of shorts that mean a lot to me. I recently purchased a pair of cheetah print Hotty Hot shorts (size 4, 4-inch) through Facebook Marketplace. The original",2037352153166012458,,,en,官方回应帖,True,False,False,0,1,0
2037352858962595913,,2026-03-27T02:15:48.000Z,"it. Sincerely, Kylee",2037352858962595913,,,en,官方回应帖,True,False,False,0,1,0
2037234079003775462,,2026-03-26T18:23:49.000Z,"@lululemon
 Very frustrating trying to find a CDN contact for corporate gifting orders. We’re looking to purchase a quantity of 380 vests/jackets from you and nobody seems to want to help. Filled out the online form and emailed the contacts we received, with ZERO response.",2037234079003775462,,,en,官方回应帖,True,False,False,0,1,1
2036822409555190152,,2026-03-25T15:07:59.000Z,"@lululemon
 so excited for SeaWheeze!! Can you remind me how much it costs to register?",2036822409555190152,,,en,官方回应帖,True,False,False,0,1,0
2036871113767100620,,2026-03-25T18:21:31.000Z,"@lululemon
 uses shitty delivery services and that service stole my package and I called customer service for lululemon at got screamed at and call dumb in the non politically appropriate way!",2036871113767100620,,,en,官方回应帖,True,False,False,0,1,0
1938696044604465353,,2025-06-27T20:28:50.000Z,"Discover the magic that awaits you. with love, Alohamara Yoga",1938696044604465353,,,en,官方回应帖,True,False,False,1,4,0
2036399666787406043,,2026-03-24T11:08:09.000Z,"Hey 
@lululemon
, if I have a hole in my shirt, can I take it to your store and possible get the little hole sewed and fixed?",2036399666787406043,,,en,官方回应帖,True,False,False,0,2,0
2032887834701443151,,2026-03-14T18:33:23.000Z,"@lululemon
 I’ve been going back and forth with GEC for several wks. I returned an item for store credit, but the card is empty and not on my account. I don’t have the receipt, but I have the 16-digit card number. Can you help me get this resolved? Case needs escalation.",2032887834701443151,,,en,官方回应帖,True,False,False,0,1,0
2032282475443978317,,2026-03-13T02:27:54.000Z,"Alright 
@lululemon
 — you got me. I need the leopard print",2032282475443978317,,,en,官方回应帖,True,False,False,1,1,0
2031895875832648021,,2026-03-12T00:51:42.000Z,"@lululemon
 when will nulu flow y in the leopard print be available in uk",2031895875832648021,,,en,官方回应帖,True,False,False,0,1,0
2031148444182786202,,2026-03-09T23:21:40.000Z,"Please send help 
@lululemon
 I'm going around in circles with CS, I have a return that was authorized some time back... it got pushed to the back of my closet... now they want me to take it to my local store. I need to be able to send it in... my local store is not close.",2031148444182786202,,,en,官方回应帖,True,False,False,0,1,0
2030926712951988310,,2026-03-09T08:40:35.000Z,"Hey 
@lululemon
, you should have a store in India. And yes, Mumbai would be the perfect start.",2030926712951988310,,,en,官方回应帖,True,False,False,1,1,0
2030297199192506796,,2026-03-07T14:59:08.000Z,"@lululemon
 my Team Canada Swiftly Tech Half-zip is developing holes. Not happy. No help or assistance in my local store. Product was a gift.",2030297199192506796,,,en,官方回应帖,True,False,False,1,2,0
2029243008609112486,,2026-03-04T17:10:09.000Z,"@lululemon
 Hey! Can we get some neon colors in the hotty shorts 2.5 and swiftly short sleeve?? pretty please!",2029243008609112486,,,en,官方回应帖,True,False,False,0,1,0
2028586281819623891,,2026-03-02T21:40:33.000Z,"i bought these very specific wild fable ribbed bralettes from target in like 2022 for $5 each and of course they never made them again and i wear them like every other day, why does no one keep making the same shit anymore!",2028586281819623891,,,en,官方回应帖,True,False,False,11519,136,147
2028611206768906673,,2026-03-02T23:19:36.000Z,Rip to my favorite pair of lulu lemon pants. The tag has nothing left on it to reference and I took them to the store a few times and no one has ever seen them before.,2028611206768906673,,,en,官方回应帖,True,False,False,3,1,0
2027829394673119243,,2026-02-28T19:32:57.000Z,"Dear 
@lululemon
 … IKYFL I want a 200 dollar gift card. Yall need to fix this.",2027829394673119243,,,en,官方回应帖,True,False,False,1,4,0
2026388257500705176,,2026-02-24T20:06:23.000Z,"⁦
@lululemon
⁩ My wife’s Christmas present. yesterday noticed that the inside material is melting and sticking together. We took it to the lululemon in Fist Colony Mall, Sugar Land Texas, and we were told Lululemon is not responsible for anything that’s older than 1 year?",2026388257500705176,,,en,官方回应帖,True,False,False,0,2,1
2026013416205504537,,2026-02-23T19:16:54.000Z,"@lululemon
 lululemon’s chat service for customer support for online orders/deliveries is abysmal. Steered to chat for help and then told “I don’t understand you.” Sad. :(",2026013416205504537,,,en,官方回应帖,True,False,False,0,1,0
2026018580953956537,,2026-02-23T19:37:25.000Z,"Order originally to be here Tuesday or Wednesday and now says Thursday, after I will have left for travel. Usually your shipments are great. Assume there is nothing that can be done and hope that package does not get stolen. Thanks. Kevin OKeefe, 206-321-3627 c177161615944846",2026018580953956537,,,en,官方回应帖,True,False,False,0,1,0
2023903205785055611,,2026-02-17T23:31:41.000Z,The ones sold to the public don’t have the backpack straps,2023903205785055611,,,en,官方回应帖,True,False,False,1,1,0
2023843350131208384,,2026-02-17T19:33:50.000Z,"@FedEx
 I made a purchase in Lululemon and got it shipped to Mexico. I haven't received it. I sent via email, WhatsApp and your webpage the necessary document to go through customs and still not arrived. Since Feb 10. Is stuck in customs. Help 
@lululemon
@FedexCDM",2023843350131208384,,,en,官方回应帖,True,False,False,1,13,10
2023584093561028993,,2026-02-17T02:23:38.000Z,"Dear 
@lululemon
 yesterday the seems in my license to train all purpose joggers came undone, originally purchased in 2023 , I grabbed my receipt and proceeded to exchange as promised when I purchased to find out the policing changed hell of a run tho 3+ years over 200 wears",2023584093561028993,,,en,官方回应帖,True,False,False,0,1,1
2023582176701210963,,2026-02-17T02:16:01.000Z,"@lululemon
 this is only the second time I’ve worn these, and I’ve washed them inside out on cold both times and hung them to dry on a drying rack",2023582176701210963,,,en,官方回应帖,True,False,False,0,1,0
2023898742106235267,,2026-02-17T23:13:56.000Z,"Even at the Olympic Games, confidence never takes a day off. Elizabeth Hosking shows how 
@lululemon
 brings comfort, style, and a little swagger to every Team Canada moment.",2023898742106235267,,,en,官方回应帖,True,False,False,173,4,17
2023549404314235034,,2026-02-17T00:05:48.000Z,"@lululemon
 why does your site glitch , take the payment but never send a confirmation email? This is the second time this has happened.",2023549404314235034,,,en,官方回应帖,True,False,False,0,1,0
2022818099729436962,,2026-02-14T23:39:51.000Z,"The quality of 
@lululemon
 has gone so downhill. I’ve had 3 pairs of leggings get holes in them recently (I’ve had all less than a year and a half & hang dry them) and the zipper on one of my scubas just fell off",2022818099729436962,,,en,官方回应帖,True,False,False,1,2,0
2022719499657425369,,2026-02-14T17:08:03.000Z,"@lululemon
 you can’t seem to honor your word and you processes don’t care about customers. So you not only lost a long time customer. Time to short your stock. It’s only a matter of time till you drive to the bottom. Hope the $20 was worth it.",2022719499657425369,,,en,官方回应帖,True,False,False,0,1,0
2022546114168168824,,2026-02-14T05:39:05.000Z,My lululemon package say it’s delivered in my mailbox but my mailbox is empty I’m bouta tweak out,2022546114168168824,,,en,官方回应帖,True,False,False,0,1,0
2021424502010413198,,2026-02-11T03:22:12.000Z,SeaWheeze is the best time!,2021424502010413198,,,en,官方回应帖,True,False,False,0,1,0
2021412441893261803,,2026-02-11T02:34:16.000Z,"I am really disappointed with 
@lululemon
 online ordering, I returned a hoodie purchased due to material defect in store and ordered a new one. After a week i have received same returned hoodie shipped to me!",2021412441893261803,,,en,官方回应帖,True,False,False,1,2,0
2020494705361060292,,2026-02-08T13:47:31.000Z,"Hey 
@lululemon
, these pants literally split apart at the waistband all the way around. Not exactly “premium quality.” Do you stand by this product?",2020494705361060292,,,en,官方回应帖,True,False,False,0,1,0
2020504639733719140,,2026-02-08T14:26:59.000Z,"@lululemon
 I have a diaper bag, at first beautiful but surprise: bad quality materials used, the zipper broke.",2020504639733719140,,,en,官方回应帖,True,False,False,0,1,0
2019825444519067980,,2026-02-06T17:28:07.000Z,"other olympic teams: we’re going for traditional looks, celebrating the country canadian olympic team: sponsored by lululemon",2019825444519067980,,,en,官方回应帖,True,False,False,1,1,0
2019818769925742955,,2026-02-06T17:01:35.000Z,Lululemon X 8Well It was great hosting the local Lululemon team in the studio for some full body strength work!,2019818769925742955,,,en,官方回应帖,True,False,False,0,1,0
2019640753979371719,,2026-02-06T05:14:13.000Z,"@lululemon
 will you be restocking your team Canada apparel? I’m hoping to get the Team Canada Steady State Pullover Hoodie COC Logo in black size large",2019640753979371719,,,en,官方回应帖,True,False,False,0,1,0
2019750024838574443,,2026-02-06T12:28:25.000Z,I don’t want new arrivals I just want to know if this will come back in stock.,2019750024838574443,,,en,官方回应帖,True,False,False,0,1,0
2019533518259232943,,2026-02-05T22:08:06.000Z,"Want to model for 
@lululemon
? Here’s what the brand looks for and how models can get noticed: https://bit.ly/4a0AAeJ",2019533518259232943,,,en,官方回应帖,True,False,False,0,0,0
2019623844076793866,,2026-02-06T04:07:01.000Z,"day one of asking 
@lululemon
 to bring back the polka dot set",2019623844076793866,,,en,官方回应帖,True,False,False,1,1,0
2019483117279469906,,2026-02-05T18:47:49.000Z,"Awful 
@lululemon
 customer service again!",2019483117279469906,,,en,官方回应帖,True,False,False,0,1,0
2019478869275803695,,2026-02-05T18:30:57.000Z,"@lululemon
 your customer service is horrible. I been emailing you and filled out 3 forms now regarding my defective item. No reply.",2019478869275803695,,,en,官方回应帖,True,False,False,1,1,1
2019126064036081719,,2026-02-04T19:09:01.000Z,"PSA: The BEST Running Jacket for cold weather is made by 
@lululemon
 !! Another Mile Jacket! My second one this time in Gray! (Me in the Black) got it in 3/2023",2019126064036081719,,,en,官方回应帖,True,False,False,7,2,0
2019083963646566407,,2026-02-04T16:21:44.000Z,"@lululemon
 why does this happen to every single pair of pants from you, these aren’t even 6 months old",2019083963646566407,,,en,官方回应帖,True,False,False,0,1,0
2018746513162412057,,2026-02-03T18:00:49.000Z,"These details on the 
@lululemon
 Team Canada gear - so much embedded pride.",2018746513162412057,,,en,官方回应帖,True,False,False,0,2,0
2018715355787444388,,2026-02-03T15:57:01.000Z,"⁦
@lululemon
⁩ is this the biggest bag you have in inventory?",2018715355787444388,,,en,官方回应帖,True,False,False,0,1,0
2018711005107294219,,2026-02-03T15:39:44.000Z,"Can you restock the flocked polka dot leggings now or what 
@lululemon",2018711005107294219,,,en,官方回应帖,True,False,False,0,1,0
2018529159996391925,,2026-02-03T03:37:08.000Z,"@lululemon
@fedex
 is playing with my package. Its supposed to been here.",2018529159996391925,,,en,官方回应帖,True,False,False,0,4,1
2016979293323018724,,2026-01-29T20:58:31.000Z,"Does anyone know if the 
@lululemon
 Chicago experiential store is still hosting events in their private space? I’ve submitted online inquiries, called the store multiple times, and just tried the online chat. The bot said to go to the store to get a response. I’m not local.",2016979293323018724,,,en,官方回应帖,True,False,False,0,1,0
2016980168057704472,,2026-01-29T21:02:00.000Z,"@lululemon
 this has been going on for months. I can’t go to Chicago just to see if it’s possible. If they’re no longer hosting, I totally understand - would just really appreciate an answer.",2016980168057704472,,,en,官方回应帖,True,False,False,0,1,0
2016943483282739371,,2026-01-29T18:36:14.000Z,"@lululemon
 with the patriots and Seahawks in the Super Bowl, will you release more of the sweatshirts",2016943483282739371,,,en,官方回应帖,True,False,False,0,1,0
2016184013212234089,,2026-01-27T16:18:22.000Z,"Yo 
@lululemon
 I just put on a pair of aligns to go to the gym, and the seam was entirely separated. They are only just a year or so old, but I know lulu won’t replace them on quality promise. Does this mean it’s time for me to start buying leggings from a different company?",2016184013212234089,,,en,官方回应帖,True,False,False,0,1,3
2016675904685035815,,2026-01-29T00:52:58.000Z,"@lululemon
 hello?",2016675904685035815,,,en,官方回应帖,True,False,False,0,2,1
2016655579981160904,,2026-01-28T23:32:12.000Z,"@lululemon
 will you be restocking the heart socks again in the recent Valentine’s drop? I missed ordering them",2016655579981160904,,,en,官方回应帖,True,False,False,0,1,0
2014827021936074779,,2026-01-23T22:26:10.000Z,I'll take every color:,2014827021936074779,,,en,官方回应帖,True,False,False,9,1,0
2012942196417105933,,2026-01-18T17:36:32.000Z,"no, no, and no !!!!! damn. i wish mine didn’t pill but i hear a lot of people have this issue",2012942196417105933,,,en,官方回应帖,True,False,False,0,2,0
2012748878718587027,,2026-01-18T04:48:22.000Z,"@lululemon
 Any chance this gets added to the US store?",2012748878718587027,,,en,官方回应帖,True,False,False,1,1,0
2011770683450183823,,2026-01-15T12:01:22.000Z,"⁦
@lululemon
⁩ do you guys have a backpack bigger than this or is there anything larger with more pockets or compartments than this one ?",2011770683450183823,,,en,官方回应帖,True,False,False,0,1,0
2011490019404402826,,2026-01-14T17:26:06.000Z,"I've always had the same experience. In the era of next day everything, 
@lululemon
 refuses to provide basic customer service. Two weeks for joggers is a dealbreaker.",2011490019404402826,,,en,官方回应帖,True,False,False,0,1,1
2011247296068141444,,2026-01-14T01:21:37.000Z,"@lululemon
 I’m really upset. I bought a $180 sweater as a Christmas gift for a family member. All tags were still on except the small barcode tag was torn off. I came in with the paid receipt + gift receipt and the Waterloo store manager, Leanne, refused any refund (1/2)",2011247296068141444,,,en,官方回应帖,True,False,False,0,2,0
2010560824176452062,,2026-01-12T03:53:49.000Z,"⁦
@lululemon
⁩ send me a link to the top for these pants. I want to make a set please !!",2010560824176452062,,,en,官方回应帖,True,False,False,1,1,2
2010501757261033941,,2026-01-11T23:59:06.000Z,"@lululemon
 im a bit devastated the throwback still pant is dwindling...is it discontinued? Im devastated :,(",2010501757261033941,,,en,官方回应帖,True,False,False,0,1,1
2010170603870007791,,2026-01-11T02:03:13.000Z,"Can’t wait for my 
@lululemon
 hoodie to get here",2010170603870007791,,,en,官方回应帖,True,False,False,0,1,0
2009688361255219608,,2026-01-09T18:06:58.000Z,Did you make a report?,2009688361255219608,,,en,官方回应帖,True,False,False,0,1,0
2009678080734908557,,2026-01-09T17:26:07.000Z,"Hey 
@lululemon
 got this for my daughter for Christmas and we washed it, didn’t realize a sweatshirt would run, got any experts who would know the best way to get this stain out? We’ve tried everything #Help",2009678080734908557,,,en,官方回应帖,True,False,False,0,1,1
2008293371845222565,,2026-01-05T21:43:46.000Z,"@lululemon
 Please bring back the Flat Hair Elastics 6 Pack i am begging.",2008293371845222565,,,en,官方回应帖,True,False,False,0,1,0
2008232442138624210,,2026-01-05T17:41:40.000Z,"@lululemon
 why would yall send me a jacket with the security tag still on it, different color pants and the wrong inseam length omg whole order is a mess",2008232442138624210,,,en,官方回应帖,True,False,False,0,1,0
2008237535252660381,,2026-01-05T18:01:54.000Z,Just did,2008237535252660381,,,en,官方回应帖,True,False,False,0,1,0
2007555680086208643,,2026-01-03T20:52:27.000Z,"Keep an eye on your 
@lululemon
 packages, mine was delivered fully opened",2007555680086208643,,,en,官方回应帖,True,False,False,0,2,1
2007467502985490695,,2026-01-03T15:02:04.000Z,"@lululemon
 given a shipping number and waiting a week for a package, called and they said oh, it’s not available. Thanks for letting me know Poor customer service",2007467502985490695,,,en,官方回应帖,True,False,False,0,2,1
2007149080439599272,,2026-01-02T17:56:46.000Z,"@lululemon
 please provide a ship date for order c173427803292042.",2007149080439599272,,,en,官方回应帖,True,False,False,0,1,0
2007149429170839592,,2026-01-02T17:58:09.000Z,Lululemon cost way too much to be shipping me clothes that are wet,2007149429170839592,,,en,官方回应帖,True,False,False,1,2,0
2006886717169520795,,2026-01-02T00:34:14.000Z,"@lululemon
 can you do a promotion where people bring in ur reusable bags for store credit? I have so many bags and and feels wasteful throwing them away",2006886717169520795,,,en,官方回应帖,True,False,False,0,1,0
2006607369233703240,,2026-01-01T06:04:12.000Z,"@lululemon
 COUNT YOUR DAYS, how do you only send one of TWO items then mark them both delivered in the same package??????? Yall better fix this",2006607369233703240,,,en,官方回应帖,True,False,False,0,1,1
2006500413697294367,,2025-12-31T22:59:12.000Z,"In case 
@lululemon
#lululemon
@ChipYVR
 doesn’t know what a shoulder bag is: A shoulder bag is a versatile bag with a long strap, designed to be carried on one shoulder, resting at the side, and used for holding personal items like wallets, phones, keys, … LONG STRAP, not a 2”",2006500413697294367,,,en,官方回应帖,True,False,False,2,1,0
2006176105460387877,,2025-12-31T01:30:31.000Z,someone just got my lululemon package… i hope u perish fedex guy,2006176105460387877,,,en,官方回应帖,True,False,False,0,2,0
2005779373757194729,,2025-12-29T23:14:02.000Z,"@lululemon
 You might wanna check on Abigail at the Abbot-Kinney Lulu. She was just quite rude to a customer (me). Also - Please tell her it’s okay to be from Waukesha, WI.",2005779373757194729,,,en,官方回应帖,True,False,False,0,1,0
2005772273991426179,,2025-12-29T22:45:50.000Z,"@lululemon
 I haven’t received my package and I can’t get any help via CHAT. How don’t you have a customer service number ?",2005772273991426179,,,en,官方回应帖,True,False,False,1,1,1
2005550254746415294,,2025-12-29T08:03:36.000Z,"@lululemon
 Hi - I ordered a gift card to be delivered via email on Dec 25th, which didn’t arrive. After days of chasing, it finally arrived this morning, but it won’t redeem and causes the basket to crash each time. I’d like to request a refund for the gift card please.",2005550254746415294,,,en,官方回应帖,True,False,False,0,2,1
2005395558605975794,,2025-12-28T21:48:54.000Z,"Lululemon outside their mind, they think im going to pay extra for something I already bought but need a bigger size in. Where they do that at? Thats a simple exchange.",2005395558605975794,,,en,官方回应帖,True,False,False,0,1,0
2004311536991604938,,2025-12-25T22:01:23.000Z,"My mom ordered a 
@lululemon
 bag online & it came with the security tag on it in the box how is she supposed to remove it?? Lol",2004311536991604938,,,en,官方回应帖,True,False,False,0,3,1
2004663431329468926,,2025-12-26T21:19:41.000Z,"Hey 
@lululemon
 & 
@FedEx
, both screwed up delivering a package I had ordered for my partner. didn’t arrive when it was suppose to.She reached out to both of you who told her you wouldn’t deliver it bc no one is there and yet you still delivered it.What are we suppose to do now?",2004663431329468926,,,en,官方回应帖,True,False,False,1,6,3
2004560050346688821,,2025-12-26T14:28:53.000Z,"Lululemon can count they days, my package was suppose to been delivered.",2004560050346688821,,,en,官方回应帖,True,False,False,0,1,0
2004238149254631862,,2025-12-25T17:09:46.000Z,"@lululemon
 why are you insistent on shipping things with the security tags attached? Extremely frustrating. Is this a ploy to get us in the store to have them removed? Do better….",2004238149254631862,,,en,官方回应帖,True,False,False,0,1,1
2004086267089498498,,2025-12-25T07:06:14.000Z,"Count your days 
@lululemon
 and 
@DICKS
 ….. our girls most wanted items were ordered within your deadline to ensure #Xmas delivery…but I guess Xmas falls on 12/27 and 12/29 this year",2004086267089498498,,,en,官方回应帖,True,False,False,0,1,1
2003888507111309484,,2025-12-24T18:00:25.000Z,"Upset that 
@lululemon
 said I’d get my order before the 24th. ETA is now the 26th 🫩🫩🫩🫩🫩🫩🫩🫩🫩🫩🫩",2003888507111309484,,,en,官方回应帖,True,False,False,5,4,1
2004064000016023850,,2025-12-25T05:37:45.000Z,Me too! I got a message that the item I ordered as a gift will now be delivered on the 26th!,2004064000016023850,,,en,官方回应帖,True,False,False,0,1,0
2003842462289445148,,2025-12-24T14:57:27.000Z,"@lululemon
 you advertised shipping with an arrival date of 12/24. And because you partner with the worst shipping company in the planet, 
@FedEx
, it won’t make it in time. Drop FedEx. They NEVER deliver on time.",2003842462289445148,,,en,官方回应帖,True,False,False,1,2,3
2003791817771569211,,2025-12-24T11:36:12.000Z,"@lululemon
 not received the egift that I bought yesterday",2003791817771569211,,,en,官方回应帖,True,False,False,0,2,1
2003648737126879459,,2025-12-24T02:07:39.000Z,"@lululemon
 what is the point of ordering a full day (12/21) ahead of your Xmas deadline (12/22) if it’s going to deliver after Christmas?",2003648737126879459,,,en,官方回应帖,True,False,False,0,2,0
2003539515026342330,,2025-12-23T18:53:39.000Z,"This is my 2nd package this month that has arrived thrown into the shipping bag, not put in plastic as they usually are. And dealing with customer service is terrible, my items were balled up as if they packed trash. For this price point that is unacceptable 
@lululemon",2003539515026342330,,,en,官方回应帖,True,False,False,0,1,1
2003505608889348483,,2025-12-23T16:38:55.000Z,"@lululemon
 getting incredibly frustrated with lulu's return process. They confirmed receipt of my items 4 weeks ago, but refuse to give me my money back. Customer care has been useless and just gives the run around.",2003505608889348483,,,en,官方回应帖,True,False,False,0,2,1
2003324312699429032,,2025-12-23T04:38:30.000Z,"@lululemon
, I ordered my 2 items on 12/11. It’s 12/22. I contacted the company you’ve contacted to be the shipper and they said they have no idea when they’ll pick up my items to ship. No idea. Your customer service team was..ineffective. Very disappointing. Lesson learned.",2003324312699429032,,,en,官方回应帖,True,False,False,0,2,0
2003463925829107774,,2025-12-23T13:53:17.000Z,I know the status of my order. That’s the issue. I’ll send a message directly.,2003463925829107774,,,en,官方回应帖,True,False,False,0,2,1
2003143404268744880,,2025-12-22T16:39:38.000Z,"@lululemon
 need assistance my order shows it will arrive on Friday, website said 24th hence my order.",2003143404268744880,,,en,官方回应帖,True,False,False,0,1,0
