comment_id,parent_id,depth,name,is_creator,content,created_at,url,raw
546794,,0,,no,This pricks website is officially offline. I encourage all to file a report with the FTC. They are actively going after scammers.,2017-11-05T09:27:55Z,https://www.indiegogo.com//projects/retrievor-self-charging-gps-tracking#/,"{""authorID"": 5332571, ""authorType"": 0, ""children"": [], ""childrenTotalCount"": 0, ""commentID"": 546794, ""commentThreadID"": 30157, ""createdAt"": ""2017-11-05T09:27:55Z"", ""editedAt"": ""2017-11-05T09:27:55Z"", ""isDeleted"": false, ""isHidden"": false, ""isReportedByCreator"": false, ""likesCount"": 0, ""newerChildrenCount"": 0, ""newRepliesCount"": 0, ""parentID"": null, ""pinnedAt"": null, ""text"": ""This pricks website is officially offline. I encourage all to file a report with the FTC. They are actively going after scammers."", ""userComment"": null}"
546793,,0,,no,I've filed a formal complaint with the FTC.,2017-07-29T15:44:24Z,https://www.indiegogo.com//projects/retrievor-self-charging-gps-tracking#/,"{""authorID"": 5332571, ""authorType"": 0, ""children"": [], ""childrenTotalCount"": 0, ""commentID"": 546793, ""commentThreadID"": 30157, ""createdAt"": ""2017-07-29T15:44:24Z"", ""editedAt"": ""2017-07-29T15:44:24Z"", ""isDeleted"": false, ""isHidden"": false, ""isReportedByCreator"": false, ""likesCount"": 0, ""newerChildrenCount"": 0, ""newRepliesCount"": 0, ""parentID"": null, ""pinnedAt"": null, ""text"": ""I've filed a formal complaint with the FTC."", ""userComment"": null}"
546792,,0,,no,"Can I get a refund please? I ordered 2, one here and one directly though your site and pre-paid via paypal. Heck I'll even take 75% back at this point and call it a day.",2017-05-12T17:15:00Z,https://www.indiegogo.com//projects/retrievor-self-charging-gps-tracking#/,"{""authorID"": 5332571, ""authorType"": 0, ""children"": [], ""childrenTotalCount"": 0, ""commentID"": 546792, ""commentThreadID"": 30157, ""createdAt"": ""2017-05-12T17:15:00Z"", ""editedAt"": ""2017-05-12T17:15:00Z"", ""isDeleted"": false, ""isHidden"": false, ""isReportedByCreator"": false, ""likesCount"": 0, ""newerChildrenCount"": 0, ""newRepliesCount"": 0, ""parentID"": null, ""pinnedAt"": null, ""text"": ""Can I get a refund please? I ordered 2, one here and one directly though your site and pre-paid via paypal. Heck I'll even take 75% back at this point and call it a day."", ""userComment"": null}"
546791,,0,,no,"This is a scam, till today have not receive the cube. I don’t know how indigogo let all this people put out easy scam to get money.",2017-02-26T04:35:59Z,https://www.indiegogo.com//projects/retrievor-self-charging-gps-tracking#/,"{""authorID"": 4724738, ""authorType"": 0, ""children"": [], ""childrenTotalCount"": 0, ""commentID"": 546791, ""commentThreadID"": 30157, ""createdAt"": ""2017-02-26T04:35:59Z"", ""editedAt"": ""2017-02-26T04:35:59Z"", ""isDeleted"": false, ""isHidden"": false, ""isReportedByCreator"": false, ""likesCount"": 0, ""newerChildrenCount"": 0, ""newRepliesCount"": 0, ""parentID"": null, ""pinnedAt"": null, ""text"": ""This is a scam, till today have not receive the cube. I don’t know how indigogo let all this people put out easy scam to get money."", ""userComment"": null}"
546790,,0,Marcel_Ekkel,no,and?,2017-01-25T00:43:46Z,https://www.indiegogo.com//projects/retrievor-self-charging-gps-tracking#/,"{""authorID"": 4550732, ""authorType"": 0, ""children"": [], ""childrenTotalCount"": 0, ""commentID"": 546790, ""commentThreadID"": 30157, ""createdAt"": ""2017-01-25T00:43:46Z"", ""editedAt"": ""2017-01-25T00:43:46Z"", ""isDeleted"": false, ""isHidden"": false, ""isReportedByCreator"": false, ""likesCount"": 0, ""newerChildrenCount"": 0, ""newRepliesCount"": 0, ""parentID"": null, ""pinnedAt"": null, ""text"": ""and?"", ""userComment"": null}"
546789,,0,,no,Everyone involved in this height please take the time to file a formal case against this creator of Retrievor. I've made several attempt to contact and he has gone MIA. He run 2 campaigns and received thousands of dollars without any delivery of product. The time has come for us to take legal action. https://www.ftccomplaintassistant.gov,2016-11-19T09:34:34Z,https://www.indiegogo.com//projects/retrievor-self-charging-gps-tracking#/,"{""authorID"": 5332571, ""authorType"": 0, ""children"": [], ""childrenTotalCount"": 0, ""commentID"": 546789, ""commentThreadID"": 30157, ""createdAt"": ""2016-11-19T09:34:34Z"", ""editedAt"": ""2017-04-17T20:19:22Z"", ""isDeleted"": false, ""isHidden"": false, ""isReportedByCreator"": false, ""likesCount"": 0, ""newerChildrenCount"": 0, ""newRepliesCount"": 0, ""parentID"": null, ""pinnedAt"": null, ""text"": ""Everyone involved in this height please take the time to file a formal case against this creator of Retrievor. I've made several attempt to contact and he has gone MIA. He run 2 campaigns and received thousands of dollars without any delivery of product. The time has come for us to take legal action. https://www.ftccomplaintassistant.gov"", ""userComment"": null}"
546788,,0,,no,I hope people are still paying attention to this page as I plan on filing a formal complaint with the FTC. Stay tuned.,2016-10-14T09:05:11Z,https://www.indiegogo.com//projects/retrievor-self-charging-gps-tracking#/,"{""authorID"": 5332571, ""authorType"": 0, ""children"": [], ""childrenTotalCount"": 0, ""commentID"": 546788, ""commentThreadID"": 30157, ""createdAt"": ""2016-10-14T09:05:11Z"", ""editedAt"": ""2016-10-14T09:05:11Z"", ""isDeleted"": false, ""isHidden"": false, ""isReportedByCreator"": false, ""likesCount"": 0, ""newerChildrenCount"": 0, ""newRepliesCount"": 0, ""parentID"": null, ""pinnedAt"": null, ""text"": ""I hope people are still paying attention to this page as I plan on filing a formal complaint with the FTC. Stay tuned."", ""userComment"": null}"
546787,,0,Matthew_Adams_df2e,no,Time for my refund.,2016-10-11T12:59:45Z,https://www.indiegogo.com//projects/retrievor-self-charging-gps-tracking#/,"{""authorID"": 3131286, ""authorType"": 0, ""children"": [], ""childrenTotalCount"": 0, ""commentID"": 546787, ""commentThreadID"": 30157, ""createdAt"": ""2016-10-11T12:59:45Z"", ""editedAt"": ""2016-10-11T12:59:45Z"", ""isDeleted"": false, ""isHidden"": false, ""isReportedByCreator"": false, ""likesCount"": 0, ""newerChildrenCount"": 0, ""newRepliesCount"": 0, ""parentID"": null, ""pinnedAt"": null, ""text"": ""Time for my refund."", ""userComment"": null}"
546786,,0,Alessio_Pinamonti,no,Is not possible! Retrievor is death??? http://www.g-paws.com/ Buona notte Retrievor!,2016-09-08T19:51:34Z,https://www.indiegogo.com//projects/retrievor-self-charging-gps-tracking#/,"{""authorID"": 4826869, ""authorType"": 0, ""children"": [], ""childrenTotalCount"": 0, ""commentID"": 546786, ""commentThreadID"": 30157, ""createdAt"": ""2016-09-08T19:51:34Z"", ""editedAt"": ""2016-09-08T19:51:34Z"", ""isDeleted"": false, ""isHidden"": false, ""isReportedByCreator"": false, ""likesCount"": 0, ""newerChildrenCount"": 0, ""newRepliesCount"": 0, ""parentID"": null, ""pinnedAt"": null, ""text"": ""Is not possible!\nRetrievor is death???\nhttp://www.g-paws.com/\nBuona notte Retrievor!"", ""userComment"": null}"
546785,,0,,no,Can you please give us the option for a refund? This is beyond ridiculous. I ordered something else now and it works flawlessly and it comes with a app. It's not a small and cost $5 a month through Verizon but it came to market and I have no need for this now. I need to protect an item and couldn't wait any longer.  You mislead the public with this device. That's fraud.,2016-08-03T12:40:54Z,https://www.indiegogo.com//projects/retrievor-self-charging-gps-tracking#/,"{""authorID"": 5332571, ""authorType"": 0, ""children"": [{""authorID"": 2775796, ""authorType"": 1, ""children"": null, ""childrenTotalCount"": 0, ""commentID"": 546811, ""commentThreadID"": 30157, ""createdAt"": ""2016-11-22T13:18:18Z"", ""editedAt"": null, ""isDeleted"": false, ""isHidden"": false, ""isReportedByCreator"": false, ""likesCount"": 0, ""newerChildrenCount"": 0, ""newRepliesCount"": 0, ""parentID"": 546785, ""pinnedAt"": null, ""text"": ""Hello,\n\nAs Indiegogo is a crowdfunding platform, you did not'order' but instead supported a crowdfunding campaign. \n\nWe have explained the situation with development throughout the campaign with our 134 Updates."", ""userComment"": null}], ""childrenTotalCount"": 1, ""commentID"": 546785, ""commentThreadID"": 30157, ""createdAt"": ""2016-08-03T12:40:54Z"", ""editedAt"": ""2016-08-03T12:40:54Z"", ""isDeleted"": false, ""isHidden"": false, ""isReportedByCreator"": false, ""likesCount"": 0, ""newerChildrenCount"": 0, ""newRepliesCount"": 0, ""parentID"": null, ""pinnedAt"": null, ""text"": ""Can you please give us the option for a refund? This is beyond ridiculous. I ordered something else now and it works flawlessly and it comes with a app. It's not a small and cost $5 a month through Verizon but it came to market and I have no need for this now. I need to protect an item and couldn't wait any longer.  You mislead the public with this device. That's fraud."", ""userComment"": null}"
546811,546785,1,RETRIEVOR_GPS,yes,"Hello,  As Indiegogo is a crowdfunding platform, you did not'order' but instead supported a crowdfunding campaign.   We have explained the situation with development throughout the campaign with our 134 Updates.",2016-11-22T13:18:18Z,https://www.indiegogo.com//projects/retrievor-self-charging-gps-tracking#/,"{""authorID"": 2775796, ""authorType"": 1, ""children"": null, ""childrenTotalCount"": 0, ""commentID"": 546811, ""commentThreadID"": 30157, ""createdAt"": ""2016-11-22T13:18:18Z"", ""editedAt"": null, ""isDeleted"": false, ""isHidden"": false, ""isReportedByCreator"": false, ""likesCount"": 0, ""newerChildrenCount"": 0, ""newRepliesCount"": 0, ""parentID"": 546785, ""pinnedAt"": null, ""text"": ""Hello,\n\nAs Indiegogo is a crowdfunding platform, you did not'order' but instead supported a crowdfunding campaign. \n\nWe have explained the situation with development throughout the campaign with our 134 Updates."", ""userComment"": null}"
546784,,0,,no,"Home boy took our money and ran to South Africa already... let's come to grips with the fact that it was a failed venture... failed horribly... By now, many other (newer) competing designs and emerging technologies have rendered this project obsolete.  Let's not be too harsh on the poor fellow here... he had a decent design, just a terribly naive plan to fund it.",2016-07-24T03:41:34Z,https://www.indiegogo.com//projects/retrievor-self-charging-gps-tracking#/,"{""authorID"": 2617031, ""authorType"": 0, ""children"": [], ""childrenTotalCount"": 0, ""commentID"": 546784, ""commentThreadID"": 30157, ""createdAt"": ""2016-07-24T03:41:34Z"", ""editedAt"": ""2016-07-24T03:41:34Z"", ""isDeleted"": false, ""isHidden"": false, ""isReportedByCreator"": false, ""likesCount"": 0, ""newerChildrenCount"": 0, ""newRepliesCount"": 0, ""parentID"": null, ""pinnedAt"": null, ""text"": ""Home boy took our money and ran to South Africa already... let's come to grips with the fact that it was a failed venture... failed horribly... By now, many other (newer) competing designs and emerging technologies have rendered this project obsolete.\n\nLet's not be too harsh on the poor fellow here... he had a decent design, just a terribly naive plan to fund it."", ""userComment"": null}"
546783,,0,,no,"Dear campaigner, Can you have the courtesy to inform those of us who do not wish to wait any longer for the product, the procedure for obtaining the refund of our investment?  I posted my request for refund already 2 months ago and received no feedback. Seems I'm not the only one here...",2016-04-21T08:12:41Z,https://www.indiegogo.com//projects/retrievor-self-charging-gps-tracking#/,"{""authorID"": 5302322, ""authorType"": 0, ""children"": [], ""childrenTotalCount"": 0, ""commentID"": 546783, ""commentThreadID"": 30157, ""createdAt"": ""2016-04-21T08:12:41Z"", ""editedAt"": ""2016-04-21T08:12:41Z"", ""isDeleted"": false, ""isHidden"": false, ""isReportedByCreator"": false, ""likesCount"": 0, ""newerChildrenCount"": 0, ""newRepliesCount"": 0, ""parentID"": null, ""pinnedAt"": null, ""text"": ""Dear campaigner,\nCan you have the courtesy to inform those of us who do not wish to wait any longer for the product, the procedure for obtaining the refund of our investment?\n\nI posted my request for refund already 2 months ago and received no feedback. Seems I'm not the only one here..."", ""userComment"": null}"
546782,,0,,no,I'll be dead by the time this comes to market. Can you dig me back up and put the tracker in my casket so my son can use the app to find me?,2016-04-14T09:48:58Z,https://www.indiegogo.com//projects/retrievor-self-charging-gps-tracking#/,"{""authorID"": 5332571, ""authorType"": 0, ""children"": [], ""childrenTotalCount"": 0, ""commentID"": 546782, ""commentThreadID"": 30157, ""createdAt"": ""2016-04-14T09:48:58Z"", ""editedAt"": ""2016-04-14T09:48:58Z"", ""isDeleted"": false, ""isHidden"": false, ""isReportedByCreator"": false, ""likesCount"": 0, ""newerChildrenCount"": 0, ""newRepliesCount"": 0, ""parentID"": null, ""pinnedAt"": null, ""text"": ""I'll be dead by the time this comes to market. Can you dig me back up and put the tracker in my casket so my son can use the app to find me?"", ""userComment"": null}"
546780,,0,,no,"I joined this campaign 2 1/2 years ago, sending in my hard earned money. I find it hard to believe that the product is still not in production, when it isn't even a novel product anymore, the market has many such products in comparable sizes. It's obvious there is to be no finished product. I want my money back. What recourse do we all, as contributors, have?",2016-04-04T22:21:18Z,https://www.indiegogo.com//projects/retrievor-self-charging-gps-tracking#/,"{""authorID"": 5302224, ""authorType"": 0, ""children"": [], ""childrenTotalCount"": 0, ""commentID"": 546780, ""commentThreadID"": 30157, ""createdAt"": ""2016-04-04T22:21:18Z"", ""editedAt"": ""2016-04-04T22:21:18Z"", ""isDeleted"": false, ""isHidden"": false, ""isReportedByCreator"": false, ""likesCount"": 0, ""newerChildrenCount"": 0, ""newRepliesCount"": 0, ""parentID"": null, ""pinnedAt"": null, ""text"": ""I joined this campaign 2 1/2 years ago, sending in my hard earned money. I find it hard to believe that the product is still not in production, when it isn't even a novel product anymore, the market has many such products in comparable sizes. It's obvious there is to be no finished product. I want my money back. What recourse do we all, as contributors, have?"", ""userComment"": null}"
546779,,0,Matthew_Adams_df2e,no,What's the status on this?  Been a long time since I sent money....,2016-04-04T20:29:29Z,https://www.indiegogo.com//projects/retrievor-self-charging-gps-tracking#/,"{""authorID"": 3131286, ""authorType"": 0, ""children"": [], ""childrenTotalCount"": 0, ""commentID"": 546779, ""commentThreadID"": 30157, ""createdAt"": ""2016-04-04T20:29:29Z"", ""editedAt"": ""2016-04-04T20:29:29Z"", ""isDeleted"": false, ""isHidden"": false, ""isReportedByCreator"": false, ""likesCount"": 0, ""newerChildrenCount"": 0, ""newRepliesCount"": 0, ""parentID"": null, ""pinnedAt"": null, ""text"": ""What's the status on this?  Been a long time since I sent money...."", ""userComment"": null}"
546778,,0,,no,"Lol. Only 5 months to remember it this time.  I have moved to a new country. In the exceptionally unlikely event that a product is every actually produced, are you going to send out emails for people to confirm their shipping address? 3 - 4 years is a long time for people to keep the same details. I should just make my own.",2016-03-10T03:35:46Z,https://www.indiegogo.com//projects/retrievor-self-charging-gps-tracking#/,"{""authorID"": 4937292, ""authorType"": 0, ""children"": [], ""childrenTotalCount"": 0, ""commentID"": 546778, ""commentThreadID"": 30157, ""createdAt"": ""2016-03-10T03:35:46Z"", ""editedAt"": ""2016-03-10T03:35:46Z"", ""isDeleted"": false, ""isHidden"": false, ""isReportedByCreator"": false, ""likesCount"": 0, ""newerChildrenCount"": 0, ""newRepliesCount"": 0, ""parentID"": null, ""pinnedAt"": null, ""text"": ""Lol. Only 5 months to remember it this time. \nI have moved to a new country. In the exceptionally unlikely event that a product is every actually produced, are you going to send out emails for people to confirm their shipping address? 3 - 4 years is a long time for people to keep the same details. I should just make my own."", ""userComment"": null}"
546777,,0,Thomas_Allraum,no,The demo video was going to be posted a month ago and still nothing?,2016-03-05T02:13:52Z,https://www.indiegogo.com//projects/retrievor-self-charging-gps-tracking#/,"{""authorID"": 2533721, ""authorType"": 0, ""children"": [], ""childrenTotalCount"": 0, ""commentID"": 546777, ""commentThreadID"": 30157, ""createdAt"": ""2016-03-05T02:13:52Z"", ""editedAt"": ""2016-03-05T02:13:52Z"", ""isDeleted"": false, ""isHidden"": false, ""isReportedByCreator"": false, ""likesCount"": 0, ""newerChildrenCount"": 0, ""newRepliesCount"": 0, ""parentID"": null, ""pinnedAt"": null, ""text"": ""The demo video was going to be posted a month ago and still nothing?"", ""userComment"": null}"
546776,,0,,no,"Hi, I'm one of the individuals who invested in this first campaign. We're more than 2 years later and would like to get refunded. What's the process to obtain the refund please?",2016-03-04T09:41:35Z,https://www.indiegogo.com//projects/retrievor-self-charging-gps-tracking#/,"{""authorID"": 5302322, ""authorType"": 0, ""children"": [], ""childrenTotalCount"": 0, ""commentID"": 546776, ""commentThreadID"": 30157, ""createdAt"": ""2016-03-04T09:41:35Z"", ""editedAt"": ""2016-03-04T09:41:35Z"", ""isDeleted"": false, ""isHidden"": false, ""isReportedByCreator"": false, ""likesCount"": 0, ""newerChildrenCount"": 0, ""newRepliesCount"": 0, ""parentID"": null, ""pinnedAt"": null, ""text"": ""Hi,\nI'm one of the individuals who invested in this first campaign.\nWe're more than 2 years later and would like to get refunded.\nWhat's the process to obtain the refund please?"", ""userComment"": null}"
546775,,0,Pierre_Dr Guillaume,no,Hi until now I did not have received anything....  can you please inform me ... if I get the retriever .. or if I lost the money?,2016-01-13T19:05:10Z,https://www.indiegogo.com//projects/retrievor-self-charging-gps-tracking#/,"{""authorID"": 4234908, ""authorType"": 0, ""children"": [{""authorID"": 2775796, ""authorType"": 1, ""children"": null, ""childrenTotalCount"": 0, ""commentID"": 546807, ""commentThreadID"": 30157, ""createdAt"": ""2016-01-16T15:48:41Z"", ""editedAt"": null, ""isDeleted"": false, ""isHidden"": false, ""isReportedByCreator"": false, ""likesCount"": 0, ""newerChildrenCount"": 0, ""newRepliesCount"": 0, ""parentID"": 546775, ""pinnedAt"": null, ""text"": ""You will receive your Retrievor eventually. We have completed prototype development and have 3 functioning one's. So, the Retrievor is now ready to be manufactured. The challenge now is to find the capital to do so."", ""userComment"": null}], ""childrenTotalCount"": 1, ""commentID"": 546775, ""commentThreadID"": 30157, ""createdAt"": ""2016-01-13T19:05:10Z"", ""editedAt"": ""2016-01-13T19:05:10Z"", ""isDeleted"": false, ""isHidden"": false, ""isReportedByCreator"": false, ""likesCount"": 0, ""newerChildrenCount"": 0, ""newRepliesCount"": 0, ""parentID"": null, ""pinnedAt"": null, ""text"": ""Hi until now I did not have received anything....  can you please inform me ... if I get the retriever .. or if I lost the money?"", ""userComment"": null}"
546807,546775,1,RETRIEVOR_GPS,yes,"You will receive your Retrievor eventually. We have completed prototype development and have 3 functioning one's. So, the Retrievor is now ready to be manufactured. The challenge now is to find the capital to do so.",2016-01-16T15:48:41Z,https://www.indiegogo.com//projects/retrievor-self-charging-gps-tracking#/,"{""authorID"": 2775796, ""authorType"": 1, ""children"": null, ""childrenTotalCount"": 0, ""commentID"": 546807, ""commentThreadID"": 30157, ""createdAt"": ""2016-01-16T15:48:41Z"", ""editedAt"": null, ""isDeleted"": false, ""isHidden"": false, ""isReportedByCreator"": false, ""likesCount"": 0, ""newerChildrenCount"": 0, ""newRepliesCount"": 0, ""parentID"": 546775, ""pinnedAt"": null, ""text"": ""You will receive your Retrievor eventually. We have completed prototype development and have 3 functioning one's. So, the Retrievor is now ready to be manufactured. The challenge now is to find the capital to do so."", ""userComment"": null}"
546774,,0,Alessio_Pinamonti,no,A breakthrough is something big and important! :-) I have a question for the shipment of Retrievor! I changed the address of my company.  Who can I communicate the new shipping address of Retrievor? Thanks a lot!,2015-10-19T14:42:32Z,https://www.indiegogo.com//projects/retrievor-self-charging-gps-tracking#/,"{""authorID"": 4826869, ""authorType"": 0, ""children"": [{""authorID"": 2775796, ""authorType"": 1, ""children"": null, ""childrenTotalCount"": 0, ""commentID"": 546805, ""commentThreadID"": 30157, ""createdAt"": ""2015-10-29T20:56:48Z"", ""editedAt"": null, ""isDeleted"": false, ""isHidden"": false, ""isReportedByCreator"": false, ""likesCount"": 0, ""newerChildrenCount"": 0, ""newRepliesCount"": 0, ""parentID"": 546774, ""pinnedAt"": null, ""text"": ""Hi Allesio,\n\nApologies for missing your comment. You can send your change of address to sales@retrievor.com. Be sure to include your initial pre-order information - email address used, method of payment etc."", ""userComment"": null}], ""childrenTotalCount"": 1, ""commentID"": 546774, ""commentThreadID"": 30157, ""createdAt"": ""2015-10-19T14:42:32Z"", ""editedAt"": ""2015-10-19T14:42:32Z"", ""isDeleted"": false, ""isHidden"": false, ""isReportedByCreator"": false, ""likesCount"": 0, ""newerChildrenCount"": 0, ""newRepliesCount"": 0, ""parentID"": null, ""pinnedAt"": null, ""text"": ""A breakthrough is something big and important! :-)\nI have a question for the shipment of Retrievor!\nI changed the address of my company. \nWho can I communicate the new shipping address of Retrievor?\nThanks a lot!"", ""userComment"": null}"
546805,546774,1,RETRIEVOR_GPS,yes,"Hi Allesio,  Apologies for missing your comment. You can send your change of address to sales@retrievor.com. Be sure to include your initial pre-order information - email address used, method of payment etc.",2015-10-29T20:56:48Z,https://www.indiegogo.com//projects/retrievor-self-charging-gps-tracking#/,"{""authorID"": 2775796, ""authorType"": 1, ""children"": null, ""childrenTotalCount"": 0, ""commentID"": 546805, ""commentThreadID"": 30157, ""createdAt"": ""2015-10-29T20:56:48Z"", ""editedAt"": null, ""isDeleted"": false, ""isHidden"": false, ""isReportedByCreator"": false, ""likesCount"": 0, ""newerChildrenCount"": 0, ""newRepliesCount"": 0, ""parentID"": 546774, ""pinnedAt"": null, ""text"": ""Hi Allesio,\n\nApologies for missing your comment. You can send your change of address to sales@retrievor.com. Be sure to include your initial pre-order information - email address used, method of payment etc."", ""userComment"": null}"
546773,,0,,no,I keep forgetting about the existence of this project. I just scrolled through and saw the last time I'd posted a comment after remembering 5 months ago. If this ever arrives it will be next to useless. Australia won't have a GSM network by the end of next year. Did the people who backed the original campaign for a t-shirt ever get them? Wear them proudly and ironically (assuming they were delivered).,2015-10-13T13:51:56Z,https://www.indiegogo.com//projects/retrievor-self-charging-gps-tracking#/,"{""authorID"": 4937292, ""authorType"": 0, ""children"": [], ""childrenTotalCount"": 0, ""commentID"": 546773, ""commentThreadID"": 30157, ""createdAt"": ""2015-10-13T13:51:56Z"", ""editedAt"": ""2015-10-13T13:51:56Z"", ""isDeleted"": false, ""isHidden"": false, ""isReportedByCreator"": false, ""likesCount"": 0, ""newerChildrenCount"": 0, ""newRepliesCount"": 0, ""parentID"": null, ""pinnedAt"": null, ""text"": ""I keep forgetting about the existence of this project. I just scrolled through and saw the last time I'd posted a comment after remembering 5 months ago. If this ever arrives it will be next to useless. Australia won't have a GSM network by the end of next year.\nDid the people who backed the original campaign for a t-shirt ever get them? Wear them proudly and ironically (assuming they were delivered)."", ""userComment"": null}"
546772,,0,MagicNinjaX,no,"It is September now. And still waiting for the news that should be wrote on ""next monday"" 12 days ago.",2015-09-02T21:53:16Z,https://www.indiegogo.com//projects/retrievor-self-charging-gps-tracking#/,"{""authorID"": 3628169, ""authorType"": 0, ""children"": [], ""childrenTotalCount"": 0, ""commentID"": 546772, ""commentThreadID"": 30157, ""createdAt"": ""2015-09-02T21:53:16Z"", ""editedAt"": ""2015-09-02T21:53:16Z"", ""isDeleted"": false, ""isHidden"": false, ""isReportedByCreator"": false, ""likesCount"": 0, ""newerChildrenCount"": 0, ""newRepliesCount"": 0, ""parentID"": null, ""pinnedAt"": null, ""text"": ""It is September now.\nAnd still waiting for the news that should be wrote on \""next monday\"" 12 days ago."", ""userComment"": null}"
546771,,0,,no,It is August!!!,2015-08-09T04:38:33Z,https://www.indiegogo.com//projects/retrievor-self-charging-gps-tracking#/,"{""authorID"": 2617031, ""authorType"": 0, ""children"": [], ""childrenTotalCount"": 0, ""commentID"": 546771, ""commentThreadID"": 30157, ""createdAt"": ""2015-08-09T04:38:33Z"", ""editedAt"": ""2015-08-09T04:38:33Z"", ""isDeleted"": false, ""isHidden"": false, ""isReportedByCreator"": false, ""likesCount"": 0, ""newerChildrenCount"": 0, ""newRepliesCount"": 0, ""parentID"": null, ""pinnedAt"": null, ""text"": ""It is August!!!"", ""userComment"": null}"
546768,,0,RETRIEVOR_GPS,yes,"Hi Laurant  We were forwarded this e-mail from the campaign owner   Re: New comment for ‘Smart Tracker 2: Track anything, anytime, anywhere’ Julien Scherer  Add to contacts  7/08/15    julien.scherer.swt@gmail.com Hello,  Yes we have the same manufacturer and YES they produce OUR design... is it so complicate?  All your comments related to you have been deleted.  Stop to spam our campaign, if you want product specifications and details we will it to you in private.  Best regards.  Julien Scherer",2015-07-09T11:32:25Z,https://www.indiegogo.com//projects/retrievor-self-charging-gps-tracking#/,"{""authorID"": 2775796, ""authorType"": 1, ""children"": [{""authorID"": 2775796, ""authorType"": 1, ""children"": null, ""childrenTotalCount"": 0, ""commentID"": 546806, ""commentThreadID"": 30157, ""createdAt"": ""2015-11-10T16:14:56Z"", ""editedAt"": null, ""isDeleted"": false, ""isHidden"": false, ""isReportedByCreator"": false, ""likesCount"": 0, ""newerChildrenCount"": 0, ""newRepliesCount"": 0, ""parentID"": 546768, ""pinnedAt"": null, ""text"": ""Have you seen what is going on on the Smart Tracker 2 campaign comments. It is and always was a scam. This is why we tried to warn people."", ""userComment"": null}], ""childrenTotalCount"": 1, ""commentID"": 546768, ""commentThreadID"": 30157, ""createdAt"": ""2015-07-09T11:32:25Z"", ""editedAt"": ""2015-07-09T11:32:25Z"", ""isDeleted"": false, ""isHidden"": false, ""isReportedByCreator"": false, ""likesCount"": 0, ""newerChildrenCount"": 0, ""newRepliesCount"": 0, ""parentID"": null, ""pinnedAt"": null, ""text"": ""Hi Laurant\n\nWe were forwarded this e-mail from the campaign owner\n\n\nRe: New comment for ‘Smart Tracker 2: Track anything, anytime, anywhere’\nJulien Scherer  Add to contacts  7/08/15   \njulien.scherer.swt@gmail.com\nHello,\n\nYes we have the same manufacturer and YES they produce OUR design... is it so complicate?\n\nAll your comments related to you have been deleted.\n\nStop to spam our campaign, if you want product specifications and details we will it to you in private.\n\nBest regards.\n\nJulien Scherer"", ""userComment"": null}"
546806,546768,1,RETRIEVOR_GPS,yes,Have you seen what is going on on the Smart Tracker 2 campaign comments. It is and always was a scam. This is why we tried to warn people.,2015-11-10T16:14:56Z,https://www.indiegogo.com//projects/retrievor-self-charging-gps-tracking#/,"{""authorID"": 2775796, ""authorType"": 1, ""children"": null, ""childrenTotalCount"": 0, ""commentID"": 546806, ""commentThreadID"": 30157, ""createdAt"": ""2015-11-10T16:14:56Z"", ""editedAt"": null, ""isDeleted"": false, ""isHidden"": false, ""isReportedByCreator"": false, ""likesCount"": 0, ""newerChildrenCount"": 0, ""newRepliesCount"": 0, ""parentID"": 546768, ""pinnedAt"": null, ""text"": ""Have you seen what is going on on the Smart Tracker 2 campaign comments. It is and always was a scam. This is why we tried to warn people."", ""userComment"": null}"
546766,,0,MagicNinjaX,no,"@Retrievor : you have no doubt, but you can also have doubt. It's not because 2 products have the same design, that one is the copy of the other. http://www.get-console.com/shop/en/airconsole-20/72-airconsole-standard-20-single.html http://www.amazon.fr/Portable-USB-Mini-Wireless-Router/dp/B00AF6MG9W Same design, but different functionnalities. AirConsole is a RS232 over Wifi and the amazon product is a simple WIFI/3G router. They share the same case (reduce cost), but have different firmware !",2015-07-09T09:32:59Z,https://www.indiegogo.com//projects/retrievor-self-charging-gps-tracking#/,"{""authorID"": 3628169, ""authorType"": 0, ""children"": [{""authorID"": 2775796, ""authorType"": 1, ""children"": null, ""childrenTotalCount"": 0, ""commentID"": 546810, ""commentThreadID"": 30157, ""createdAt"": ""2016-01-16T15:52:39Z"", ""editedAt"": null, ""isDeleted"": false, ""isHidden"": false, ""isReportedByCreator"": false, ""likesCount"": 0, ""newerChildrenCount"": 0, ""newRepliesCount"": 0, ""parentID"": 546766, ""pinnedAt"": null, ""text"": ""Yes, we had doubts and they were correct. Look at the Smart Tracker 2 campaign now (yes, your campaign Laurant/Julien etc, etc)"", ""userComment"": null}], ""childrenTotalCount"": 1, ""commentID"": 546766, ""commentThreadID"": 30157, ""createdAt"": ""2015-07-09T09:32:59Z"", ""editedAt"": ""2015-07-09T09:32:59Z"", ""isDeleted"": false, ""isHidden"": false, ""isReportedByCreator"": false, ""likesCount"": 0, ""newerChildrenCount"": 0, ""newRepliesCount"": 0, ""parentID"": null, ""pinnedAt"": null, ""text"": ""@Retrievor : you have no doubt, but you can also have doubt.\nIt's not because 2 products have the same design, that one is the copy of the other.\nhttp://www.get-console.com/shop/en/airconsole-20/72-airconsole-standard-20-single.html\nhttp://www.amazon.fr/Portable-USB-Mini-Wireless-Router/dp/B00AF6MG9W\nSame design, but different functionnalities.\nAirConsole is a RS232 over Wifi and the amazon product is a simple WIFI/3G router.\nThey share the same case (reduce cost), but have different firmware !"", ""userComment"": null}"
546810,546766,1,RETRIEVOR_GPS,yes,"Yes, we had doubts and they were correct. Look at the Smart Tracker 2 campaign now (yes, your campaign Laurant/Julien etc, etc)",2016-01-16T15:52:39Z,https://www.indiegogo.com//projects/retrievor-self-charging-gps-tracking#/,"{""authorID"": 2775796, ""authorType"": 1, ""children"": null, ""childrenTotalCount"": 0, ""commentID"": 546810, ""commentThreadID"": 30157, ""createdAt"": ""2016-01-16T15:52:39Z"", ""editedAt"": null, ""isDeleted"": false, ""isHidden"": false, ""isReportedByCreator"": false, ""likesCount"": 0, ""newerChildrenCount"": 0, ""newRepliesCount"": 0, ""parentID"": 546766, ""pinnedAt"": null, ""text"": ""Yes, we had doubts and they were correct. Look at the Smart Tracker 2 campaign now (yes, your campaign Laurant/Julien etc, etc)"", ""userComment"": null}"
546764,,0,RETRIEVOR_GPS,yes,"Hi Laurent,  Someone has posted the AliExpress link - http://igg.me/at/st/x/2924259 on their campaign page as a comment over 25 times and every time they delete the comment. I think this action alone tells us that something is not right quite right with their campaign.  They have a taken an existing GPS tracker and re-branded it and claim it is their own. Of this I have no doubt whatsoever.",2015-07-08T15:53:28Z,https://www.indiegogo.com//projects/retrievor-self-charging-gps-tracking#/,"{""authorID"": 2775796, ""authorType"": 1, ""children"": [], ""childrenTotalCount"": 0, ""commentID"": 546764, ""commentThreadID"": 30157, ""createdAt"": ""2015-07-08T15:53:28Z"", ""editedAt"": ""2015-07-08T15:53:28Z"", ""isDeleted"": false, ""isHidden"": false, ""isReportedByCreator"": false, ""likesCount"": 0, ""newerChildrenCount"": 0, ""newRepliesCount"": 0, ""parentID"": null, ""pinnedAt"": null, ""text"": ""Hi Laurent,\n\nSomeone has posted the AliExpress link - http://igg.me/at/st/x/2924259 on their campaign page as a comment over 25 times and every time they delete the comment. I think this action alone tells us that something is not right quite right with their campaign.\n\nThey have a taken an existing GPS tracker and re-branded it and claim it is their own. Of this I have no doubt whatsoever."", ""userComment"": null}"
546763,,0,MagicNinjaX,no,"I've asked Smart Tracker 2 : ""Does your product is your own, real, and planned product, and it has already been copied in China : <included url here> Or do you try to sell on Indiegogo a product that already exist on the china market ? Which one is the official ? Which one is a copy/scam ?""  Their answer (+ new comment) : ""Our product is unique and original, it has nothing to do with an existing product. However we are working with an existing China manufacturer specialized in such technologies""",2015-07-08T15:09:01Z,https://www.indiegogo.com//projects/retrievor-self-charging-gps-tracking#/,"{""authorID"": 3628169, ""authorType"": 0, ""children"": [{""authorID"": 2775796, ""authorType"": 1, ""children"": null, ""childrenTotalCount"": 0, ""commentID"": 546808, ""commentThreadID"": 30157, ""createdAt"": ""2016-01-16T15:50:44Z"", ""editedAt"": null, ""isDeleted"": false, ""isHidden"": false, ""isReportedByCreator"": false, ""likesCount"": 0, ""newerChildrenCount"": 0, ""newRepliesCount"": 0, ""parentID"": 546763, ""pinnedAt"": null, ""text"": ""Yeah, we see how real it is. Just look at the campaign page now and you'll see what a scam it was all along."", ""userComment"": null}], ""childrenTotalCount"": 1, ""commentID"": 546763, ""commentThreadID"": 30157, ""createdAt"": ""2015-07-08T15:09:01Z"", ""editedAt"": ""2015-07-08T15:09:01Z"", ""isDeleted"": false, ""isHidden"": false, ""isReportedByCreator"": false, ""likesCount"": 0, ""newerChildrenCount"": 0, ""newRepliesCount"": 0, ""parentID"": null, ""pinnedAt"": null, ""text"": ""I've asked Smart Tracker 2 :\n\""Does your product is your own, real, and planned product, and it has already been copied in China : <included url here>\nOr do you try to sell on Indiegogo a product that already exist on the china market ?\nWhich one is the official ?\nWhich one is a copy/scam ?\""\n\nTheir answer (+ new comment) :\n\""Our product is unique and original, it has nothing to do with an existing product.\nHowever we are working with an existing China manufacturer specialized in such technologies\"""", ""userComment"": null}"
546808,546763,1,RETRIEVOR_GPS,yes,"Yeah, we see how real it is. Just look at the campaign page now and you'll see what a scam it was all along.",2016-01-16T15:50:44Z,https://www.indiegogo.com//projects/retrievor-self-charging-gps-tracking#/,"{""authorID"": 2775796, ""authorType"": 1, ""children"": null, ""childrenTotalCount"": 0, ""commentID"": 546808, ""commentThreadID"": 30157, ""createdAt"": ""2016-01-16T15:50:44Z"", ""editedAt"": null, ""isDeleted"": false, ""isHidden"": false, ""isReportedByCreator"": false, ""likesCount"": 0, ""newerChildrenCount"": 0, ""newRepliesCount"": 0, ""parentID"": 546763, ""pinnedAt"": null, ""text"": ""Yeah, we see how real it is. Just look at the campaign page now and you'll see what a scam it was all along."", ""userComment"": null}"
546762,,0,RETRIEVOR_GPS,yes,Typical response from our $1 contributor Mark Pulver.  We did the same thing? We did not buy a product in china and re-brand it. We developed it from scratch and have made it as you've seen. We've made several functioning prototypes.  Your agenda is still very clear for all to see Mark Pulver!,2015-07-08T13:49:01Z,https://www.indiegogo.com//projects/retrievor-self-charging-gps-tracking#/,"{""authorID"": 2775796, ""authorType"": 1, ""children"": [], ""childrenTotalCount"": 0, ""commentID"": 546762, ""commentThreadID"": 30157, ""createdAt"": ""2015-07-08T13:49:01Z"", ""editedAt"": ""2015-07-08T13:49:01Z"", ""isDeleted"": false, ""isHidden"": false, ""isReportedByCreator"": false, ""likesCount"": 0, ""newerChildrenCount"": 0, ""newRepliesCount"": 0, ""parentID"": null, ""pinnedAt"": null, ""text"": ""Typical response from our $1 contributor Mark Pulver.\n\nWe did the same thing? We did not buy a product in china and re-brand it. We developed it from scratch and have made it as you've seen. We've made several functioning prototypes.\n\nYour agenda is still very clear for all to see Mark Pulver!"", ""userComment"": null}"
546761,,0,Mark_Pulver,no,"What a weird ""update"" for you to post...  The campaign you're pointing at is (supposedly) the 2nd version of Smart Tracker, which is the product you're pointing at on AliExpress. The first one never shipped, and now they're (supposedly) into the second one.   You people did the same thing!!!  The first Retrievor never produced a product. THIS campaign (the second one) never produced a product. And now, you're in your third.",2015-07-08T13:24:18Z,https://www.indiegogo.com//projects/retrievor-self-charging-gps-tracking#/,"{""authorID"": 1097395, ""authorType"": 0, ""children"": [], ""childrenTotalCount"": 0, ""commentID"": 546761, ""commentThreadID"": 30157, ""createdAt"": ""2015-07-08T13:24:18Z"", ""editedAt"": ""2015-07-08T13:24:18Z"", ""isDeleted"": false, ""isHidden"": false, ""isReportedByCreator"": false, ""likesCount"": 0, ""newerChildrenCount"": 0, ""newRepliesCount"": 0, ""parentID"": null, ""pinnedAt"": null, ""text"": ""What a weird \""update\"" for you to post...\n\nThe campaign you're pointing at is (supposedly) the 2nd version of Smart Tracker, which is the product you're pointing at on AliExpress. The first one never shipped, and now they're (supposedly) into the second one. \n\nYou people did the same thing!!!\n\nThe first Retrievor never produced a product. THIS campaign (the second one) never produced a product. And now, you're in your third."", ""userComment"": null}"
546760,,0,RETRIEVOR_GPS,yes,"@Jupp Zupp,  ""What you offer is to get additional Items with a special discount (199€ instead of 299)""  Yes, this is correct except of course we use $'s   Thank you for your continued support and patience.",2015-07-07T14:31:26Z,https://www.indiegogo.com//projects/retrievor-self-charging-gps-tracking#/,"{""authorID"": 2775796, ""authorType"": 1, ""children"": [], ""childrenTotalCount"": 0, ""commentID"": 546760, ""commentThreadID"": 30157, ""createdAt"": ""2015-07-07T14:31:26Z"", ""editedAt"": ""2015-07-07T14:31:26Z"", ""isDeleted"": false, ""isHidden"": false, ""isReportedByCreator"": false, ""likesCount"": 0, ""newerChildrenCount"": 0, ""newRepliesCount"": 0, ""parentID"": null, ""pinnedAt"": null, ""text"": ""@Jupp Zupp,\n\n\""What you offer is to get additional Items with a special discount (199€ instead of 299)\""\n\nYes, this is correct except of course we use $'s \n\nThank you for your continued support and patience."", ""userComment"": null}"
546759,,0,,no,"I think Jock made a fair statement that this is a platform for raising capital. It is clear now that our expectations should be and should have been kept to a minimum.  That said, throughout this project, delivery dates were mentioned. January 2014, nothing came. Then October 2014, nothing came. Now, we await the August 2015 delivery date to come and go.  One’s credibility is at stake when one blows through one’s own announced estimates repeatedly.  Good luck to all.",2015-07-06T01:56:50Z,https://www.indiegogo.com//projects/retrievor-self-charging-gps-tracking#/,"{""authorID"": 2617031, ""authorType"": 0, ""children"": [], ""childrenTotalCount"": 0, ""commentID"": 546759, ""commentThreadID"": 30157, ""createdAt"": ""2015-07-06T01:56:50Z"", ""editedAt"": ""2015-07-06T01:56:50Z"", ""isDeleted"": false, ""isHidden"": false, ""isReportedByCreator"": false, ""likesCount"": 0, ""newerChildrenCount"": 0, ""newRepliesCount"": 0, ""parentID"": null, ""pinnedAt"": null, ""text"": ""I think Jock made a fair statement that this is a platform for raising capital. It is clear now that our expectations should be and should have been kept to a minimum.\n\nThat said, throughout this project, delivery dates were mentioned. January 2014, nothing came. Then October 2014, nothing came. Now, we await the August 2015 delivery date to come and go.\n\nOne’s credibility is at stake when one blows through one’s own announced estimates repeatedly.\n\nGood luck to all."", ""userComment"": null}"
546757,,0,Jupp_Zupp,no,"see previous post.... .....  As far as I understand for us  ""bakers of the first hour"" nothing changed. We get the already paid retrievors when available with no extra costs. What you offer is to get additional Items with a special discount (199€ instead of 299€) Thank you for that...  crossing fingers and greetings from Germany Jock",2015-07-05T08:54:56Z,https://www.indiegogo.com//projects/retrievor-self-charging-gps-tracking#/,"{""authorID"": 605556, ""authorType"": 0, ""children"": [], ""childrenTotalCount"": 0, ""commentID"": 546757, ""commentThreadID"": 30157, ""createdAt"": ""2015-07-05T08:54:56Z"", ""editedAt"": ""2015-07-05T08:54:56Z"", ""isDeleted"": false, ""isHidden"": false, ""isReportedByCreator"": false, ""likesCount"": 0, ""newerChildrenCount"": 0, ""newRepliesCount"": 0, ""parentID"": null, ""pinnedAt"": null, ""text"": ""see previous post....\n.....\n\nAs far as I understand for us  \""bakers of the first hour\"" nothing changed. We get the already paid retrievors when available with no extra costs. What you offer is to get additional Items with a special discount (199€ instead of 299€) Thank you for that...\n\ncrossing fingers and greetings from Germany\nJock"", ""userComment"": null}"
546756,,0,Jupp_Zupp,no,"Hi Retrievor Team,  I can not say that I am happy with the project process, but: It seems to me that some people here forgot, that this is a platform for venture capital. There is always a large risk involved, up to ""complete loss""!! This is not Amazon shopping...  Anyway, in my opinion you go the best way for all of us. I am happy that you guys have the guts NOT to deliver a deficient or semifinished Product because of the crowd pressure, thank you.  continued in next post",2015-07-05T08:54:38Z,https://www.indiegogo.com//projects/retrievor-self-charging-gps-tracking#/,"{""authorID"": 605556, ""authorType"": 0, ""children"": [], ""childrenTotalCount"": 0, ""commentID"": 546756, ""commentThreadID"": 30157, ""createdAt"": ""2015-07-05T08:54:38Z"", ""editedAt"": ""2015-07-05T08:54:38Z"", ""isDeleted"": false, ""isHidden"": false, ""isReportedByCreator"": false, ""likesCount"": 0, ""newerChildrenCount"": 0, ""newRepliesCount"": 0, ""parentID"": null, ""pinnedAt"": null, ""text"": ""Hi Retrievor Team,\n\nI can not say that I am happy with the project process, but:\nIt seems to me that some people here forgot, that this is a platform for venture capital. There is always a large risk involved, up to \""complete loss\""!! This is not Amazon shopping...\n\nAnyway, in my opinion you go the best way for all of us. I am happy that you guys have the guts NOT to deliver a deficient or semifinished Product because of the crowd pressure, thank you.\n\ncontinued in next post"", ""userComment"": null}"
546753,,0,RETRIEVOR_GPS,yes,"Hi Alex,  Thank you.  We encountered many issues which meant we had to completely re-design 4 different  prototypes from the PCB design upwards. which lead to the development of our RT-101.   You do not need to pay any additional funds.",2015-06-13T10:39:23Z,https://www.indiegogo.com//projects/retrievor-self-charging-gps-tracking#/,"{""authorID"": 2775796, ""authorType"": 1, ""children"": [], ""childrenTotalCount"": 0, ""commentID"": 546753, ""commentThreadID"": 30157, ""createdAt"": ""2015-06-13T10:39:23Z"", ""editedAt"": ""2015-06-13T10:39:23Z"", ""isDeleted"": false, ""isHidden"": false, ""isReportedByCreator"": false, ""likesCount"": 0, ""newerChildrenCount"": 0, ""newRepliesCount"": 0, ""parentID"": null, ""pinnedAt"": null, ""text"": ""Hi Alex,\n\nThank you.\n\nWe encountered many issues which meant we had to completely re-design 4 different  prototypes from the PCB design upwards. which lead to the development of our RT-101. \n\nYou do not need to pay any additional funds."", ""userComment"": null}"
546750,,0,Mathias_Korber,no,"Ah, again you delete comments. Nothing changed...",2015-06-11T23:34:11Z,https://www.indiegogo.com//projects/retrievor-self-charging-gps-tracking#/,"{""authorID"": 337020, ""authorType"": 0, ""children"": [], ""childrenTotalCount"": 0, ""commentID"": 546750, ""commentThreadID"": 30157, ""createdAt"": ""2015-06-11T23:34:11Z"", ""editedAt"": ""2015-06-11T23:34:11Z"", ""isDeleted"": false, ""isHidden"": false, ""isReportedByCreator"": false, ""likesCount"": 0, ""newerChildrenCount"": 0, ""newRepliesCount"": 0, ""parentID"": null, ""pinnedAt"": null, ""text"": ""Ah, again you delete comments. Nothing changed..."", ""userComment"": null}"
546749,,0,RETRIEVOR_GPS,yes,"radiusmike,  Please refer to the new campaign page for more information on the status of our project: http://igg.me/at/Retrievortracker/x/2924259",2015-06-11T12:12:13Z,https://www.indiegogo.com//projects/retrievor-self-charging-gps-tracking#/,"{""authorID"": 2775796, ""authorType"": 1, ""children"": [], ""childrenTotalCount"": 0, ""commentID"": 546749, ""commentThreadID"": 30157, ""createdAt"": ""2015-06-11T12:12:13Z"", ""editedAt"": ""2015-06-11T12:12:13Z"", ""isDeleted"": false, ""isHidden"": false, ""isReportedByCreator"": false, ""likesCount"": 0, ""newerChildrenCount"": 0, ""newRepliesCount"": 0, ""parentID"": null, ""pinnedAt"": null, ""text"": ""radiusmike,\n\nPlease refer to the new campaign page for more information on the status of our project: http://igg.me/at/Retrievortracker/x/2924259"", ""userComment"": null}"
546748,,0,RETRIEVOR_GPS,yes,"Hi Jennifer,  Thank you for your comment.  We are actually more focused on completing the project as we set out to do than anything else.",2015-06-11T12:10:50Z,https://www.indiegogo.com//projects/retrievor-self-charging-gps-tracking#/,"{""authorID"": 2775796, ""authorType"": 1, ""children"": [], ""childrenTotalCount"": 0, ""commentID"": 546748, ""commentThreadID"": 30157, ""createdAt"": ""2015-06-11T12:10:50Z"", ""editedAt"": ""2015-06-11T12:10:50Z"", ""isDeleted"": false, ""isHidden"": false, ""isReportedByCreator"": false, ""likesCount"": 0, ""newerChildrenCount"": 0, ""newRepliesCount"": 0, ""parentID"": null, ""pinnedAt"": null, ""text"": ""Hi Jennifer,\n\nThank you for your comment.\n\nWe are actually more focused on completing the project as we set out to do than anything else."", ""userComment"": null}"
546747,,0,,no,"I would be more understanding if not for the fact that you seem more focused on a second campaign or the fact that many of your replies to legitimate complaints are snarky. I have run million dollar R&D programs so I know exactly what it takes. You made promises you could not keep. The least you could do is be respectful to the people who backed you initially even when they say mean things out of frustration. Not only am I out $200 but also my dog is NOT being tracked, Lesson learned!",2015-06-04T04:26:16Z,https://www.indiegogo.com//projects/retrievor-self-charging-gps-tracking#/,"{""authorID"": 4903140, ""authorType"": 0, ""children"": [], ""childrenTotalCount"": 0, ""commentID"": 546747, ""commentThreadID"": 30157, ""createdAt"": ""2015-06-04T04:26:16Z"", ""editedAt"": ""2015-06-04T04:26:16Z"", ""isDeleted"": false, ""isHidden"": false, ""isReportedByCreator"": false, ""likesCount"": 0, ""newerChildrenCount"": 0, ""newRepliesCount"": 0, ""parentID"": null, ""pinnedAt"": null, ""text"": ""I would be more understanding if not for the fact that you seem more focused on a second campaign or the fact that many of your replies to legitimate complaints are snarky. I have run million dollar R&D programs so I know exactly what it takes. You made promises you could not keep. The least you could do is be respectful to the people who backed you initially even when they say mean things out of frustration. Not only am I out $200 but also my dog is NOT being tracked, Lesson learned!"", ""userComment"": null}"
546746,,0,,no,"Where is my Retrievor from November 2013.  I paid $189 and am still waiting.     If you can't deliver, just let us know and refund our money.       Mike",2015-06-03T19:27:15Z,https://www.indiegogo.com//projects/retrievor-self-charging-gps-tracking#/,"{""authorID"": 2809653, ""authorType"": 0, ""children"": [], ""childrenTotalCount"": 0, ""commentID"": 546746, ""commentThreadID"": 30157, ""createdAt"": ""2015-06-03T19:27:15Z"", ""editedAt"": ""2015-06-03T19:27:15Z"", ""isDeleted"": false, ""isHidden"": false, ""isReportedByCreator"": false, ""likesCount"": 0, ""newerChildrenCount"": 0, ""newRepliesCount"": 0, ""parentID"": null, ""pinnedAt"": null, ""text"": ""Where is my Retrievor from November 2013.  I paid $189 and am still waiting.    \nIf you can't deliver, just let us know and refund our money.    \n\n\nMike"", ""userComment"": null}"
546744,,0,RETRIEVOR_GPS,yes,"Hi Phillipe,  This means that if you want to pre-order additional Retrievor's you can do so at the price of $199. This is only for those who either contributed or pre-ordered before June 1st 2015. All other perks on our new campaign will start at $299",2015-06-01T19:49:06Z,https://www.indiegogo.com//projects/retrievor-self-charging-gps-tracking#/,"{""authorID"": 2775796, ""authorType"": 1, ""children"": [], ""childrenTotalCount"": 0, ""commentID"": 546744, ""commentThreadID"": 30157, ""createdAt"": ""2015-06-01T19:49:06Z"", ""editedAt"": ""2015-06-01T19:49:06Z"", ""isDeleted"": false, ""isHidden"": false, ""isReportedByCreator"": false, ""likesCount"": 0, ""newerChildrenCount"": 0, ""newRepliesCount"": 0, ""parentID"": null, ""pinnedAt"": null, ""text"": ""Hi Phillipe,\n\nThis means that if you want to pre-order additional Retrievor's you can do so at the price of $199. This is only for those who either contributed or pre-ordered before June 1st 2015. All other perks on our new campaign will start at $299"", ""userComment"": null}"
546743,,0,Philippe_Marseille,no,"Not sure I get the latest update...  You're doing a 2nd campaign and you're going to offer a $199 perk for previous backers...  Ok, so I already gave you $199.. and you want another $199 ?  Is that it?  I'm puzzled by all of that.",2015-06-01T19:41:34Z,https://www.indiegogo.com//projects/retrievor-self-charging-gps-tracking#/,"{""authorID"": 5048894, ""authorType"": 0, ""children"": [], ""childrenTotalCount"": 0, ""commentID"": 546743, ""commentThreadID"": 30157, ""createdAt"": ""2015-06-01T19:41:34Z"", ""editedAt"": ""2015-06-01T19:41:34Z"", ""isDeleted"": false, ""isHidden"": false, ""isReportedByCreator"": false, ""likesCount"": 0, ""newerChildrenCount"": 0, ""newRepliesCount"": 0, ""parentID"": null, ""pinnedAt"": null, ""text"": ""Not sure I get the latest update...\n\nYou're doing a 2nd campaign and you're going to offer a $199 perk for previous backers...\n\nOk, so I already gave you $199.. and you want another $199 ?  Is that it?  I'm puzzled by all of that."", ""userComment"": null}"
546741,,0,RETRIEVOR_GPS,yes,"""This project, however filled with good intentions, lacked thorough planning – something we had assumed this builder had.""    Not quite Tom. Not lack of planning but more like, lack of serious funding.     Thanks for your continued support and to Maz too!",2015-05-11T17:32:47Z,https://www.indiegogo.com//projects/retrievor-self-charging-gps-tracking#/,"{""authorID"": 2775796, ""authorType"": 1, ""children"": [], ""childrenTotalCount"": 0, ""commentID"": 546741, ""commentThreadID"": 30157, ""createdAt"": ""2015-05-11T17:32:47Z"", ""editedAt"": ""2015-05-11T17:32:47Z"", ""isDeleted"": false, ""isHidden"": false, ""isReportedByCreator"": false, ""likesCount"": 0, ""newerChildrenCount"": 0, ""newRepliesCount"": 0, ""parentID"": null, ""pinnedAt"": null, ""text"": ""\""This project, however filled with good intentions, lacked thorough planning – something we had assumed this builder had.\""\r\n\r\nNot quite Tom. Not lack of planning but more like, lack of serious funding. \r\n\r\nThanks for your continued support and to Maz too!"", ""userComment"": null}"
546740,,0,,no,"@Maz -I completely agree with your comments below. Perhaps, I have been too harsh about this project, your comments, though, brought forth a good point about R&D costs.     This project, however filled with good intentions, lacked thorough planning - something we had assumed this builder had.     So, here we are, empty-handed sans the excuses of non-deliveries.    Let's see what excuses come in August 2015...     Please! Proof me wrong.",2015-05-10T04:27:01Z,https://www.indiegogo.com//projects/retrievor-self-charging-gps-tracking#/,"{""authorID"": 2617031, ""authorType"": 0, ""children"": [], ""childrenTotalCount"": 0, ""commentID"": 546740, ""commentThreadID"": 30157, ""createdAt"": ""2015-05-10T04:27:01Z"", ""editedAt"": ""2015-05-10T04:27:01Z"", ""isDeleted"": false, ""isHidden"": false, ""isReportedByCreator"": false, ""likesCount"": 0, ""newerChildrenCount"": 0, ""newRepliesCount"": 0, ""parentID"": null, ""pinnedAt"": null, ""text"": ""@Maz -I completely agree with your comments below. Perhaps, I have been too harsh about this project, your comments, though, brought forth a good point about R&D costs. \r\n\r\nThis project, however filled with good intentions, lacked thorough planning - something we had assumed this builder had. \r\n\r\nSo, here we are, empty-handed sans the excuses of non-deliveries.\r\n\r\nLet's see what excuses come in August 2015... \r\n\r\nPlease! Proof me wrong."", ""userComment"": null}"
546739,,0,,no,I'd forgotten about this project. If i see anything come out of this i'll be pleasantly surprised.  Let this be a lesson to future backers. Hardware projects without a working prototype are far less likely to deliver. It would have been nice to have the product we funded but obviously it was a pipe dream and lacking in appropriate research and planning. You don't get surprised by a $1mil R&D cost for a feature you claimed to have / support.,2015-05-09T00:41:22Z,https://www.indiegogo.com//projects/retrievor-self-charging-gps-tracking#/,"{""authorID"": 4937292, ""authorType"": 0, ""children"": [], ""childrenTotalCount"": 0, ""commentID"": 546739, ""commentThreadID"": 30157, ""createdAt"": ""2015-05-09T00:41:22Z"", ""editedAt"": ""2015-05-09T00:41:22Z"", ""isDeleted"": false, ""isHidden"": false, ""isReportedByCreator"": false, ""likesCount"": 0, ""newerChildrenCount"": 0, ""newRepliesCount"": 0, ""parentID"": null, ""pinnedAt"": null, ""text"": ""I'd forgotten about this project. If i see anything come out of this i'll be pleasantly surprised.\r\nLet this be a lesson to future backers. Hardware projects without a working prototype are far less likely to deliver. It would have been nice to have the product we funded but obviously it was a pipe dream and lacking in appropriate research and planning. You don't get surprised by a $1mil R&D cost for a feature you claimed to have / support."", ""userComment"": null}"
546738,,0,,no,"Perhaps, you're right. Maybe I'll be really happy after I receive a working product as promised. August 2015, yes?    Tick tock...",2015-05-01T17:42:55Z,https://www.indiegogo.com//projects/retrievor-self-charging-gps-tracking#/,"{""authorID"": 2617031, ""authorType"": 0, ""children"": [], ""childrenTotalCount"": 0, ""commentID"": 546738, ""commentThreadID"": 30157, ""createdAt"": ""2015-05-01T17:42:55Z"", ""editedAt"": ""2015-05-01T17:42:55Z"", ""isDeleted"": false, ""isHidden"": false, ""isReportedByCreator"": false, ""likesCount"": 0, ""newerChildrenCount"": 0, ""newRepliesCount"": 0, ""parentID"": null, ""pinnedAt"": null, ""text"": ""Perhaps, you're right. Maybe I'll be really happy after I receive a working product as promised. August 2015, yes?\r\n\r\nTick tock..."", ""userComment"": null}"
546737,,0,RETRIEVOR_GPS,yes,"Hi Kenneth,    I forgot to answer this question of yours.    ""If someone actually needs solar charging, is there a way to charge via solar (e.g. via a charging port)?""    Yes, there is a micro USB charging port built into Retrievor so an external solar charging panel can be used providing output voltage and amperage is within spec.",2015-04-29T13:15:28Z,https://www.indiegogo.com//projects/retrievor-self-charging-gps-tracking#/,"{""authorID"": 2775796, ""authorType"": 1, ""children"": [], ""childrenTotalCount"": 0, ""commentID"": 546737, ""commentThreadID"": 30157, ""createdAt"": ""2015-04-29T13:15:28Z"", ""editedAt"": ""2015-04-29T13:15:28Z"", ""isDeleted"": false, ""isHidden"": false, ""isReportedByCreator"": false, ""likesCount"": 0, ""newerChildrenCount"": 0, ""newRepliesCount"": 0, ""parentID"": null, ""pinnedAt"": null, ""text"": ""Hi Kenneth,\r\n\r\nI forgot to answer this question of yours.\r\n\r\n\""If someone actually needs solar charging, is there a way to charge via solar (e.g. via a charging port)?\""\r\n\r\nYes, there is a micro USB charging port built into Retrievor so an external solar charging panel can be used providing output voltage and amperage is within spec."", ""userComment"": null}"
546736,,0,RETRIEVOR_GPS,yes,"@bastogne97    Thank you for bringing such positivity to our project.     I guess that     ""As a business owner, former corporate manager, and investment professional with multiple exposures to obtaining loans from banks,""     Ding Dong! This is crowdfunding and not a loan from a bank. I doubt any bank would lend $80k to a company developing such a product as they would probably say that it's impossible to do with such little funding and is very high risk. You should know this well.",2015-04-29T12:23:04Z,https://www.indiegogo.com//projects/retrievor-self-charging-gps-tracking#/,"{""authorID"": 2775796, ""authorType"": 1, ""children"": [], ""childrenTotalCount"": 0, ""commentID"": 546736, ""commentThreadID"": 30157, ""createdAt"": ""2015-04-29T12:23:04Z"", ""editedAt"": ""2015-04-29T12:23:04Z"", ""isDeleted"": false, ""isHidden"": false, ""isReportedByCreator"": false, ""likesCount"": 0, ""newerChildrenCount"": 0, ""newRepliesCount"": 0, ""parentID"": null, ""pinnedAt"": null, ""text"": ""@bastogne97\r\n\r\nThank you for bringing such positivity to our project. \r\n\r\nI guess that \r\n\r\n\""As a business owner, former corporate manager, and investment professional with multiple exposures to obtaining loans from banks,\"" \r\n\r\nDing Dong! This is crowdfunding and not a loan from a bank. I doubt any bank would lend $80k to a company developing such a product as they would probably say that it's impossible to do with such little funding and is very high risk. You should know this well."", ""userComment"": null}"
546735,,0,RETRIEVOR_GPS,yes,"We are using a power source which we are developing ourselves through a consulting process with a leading power source consulting process. As this is still in development, we cannot disclose any details at this stage and will not until fully developed and a provisional patent is submitted.     We do use an accelerometer inside our device for motion tracking.",2015-04-29T12:10:28Z,https://www.indiegogo.com//projects/retrievor-self-charging-gps-tracking#/,"{""authorID"": 2775796, ""authorType"": 1, ""children"": [], ""childrenTotalCount"": 0, ""commentID"": 546735, ""commentThreadID"": 30157, ""createdAt"": ""2015-04-29T12:10:28Z"", ""editedAt"": ""2015-04-29T12:10:28Z"", ""isDeleted"": false, ""isHidden"": false, ""isReportedByCreator"": false, ""likesCount"": 0, ""newerChildrenCount"": 0, ""newRepliesCount"": 0, ""parentID"": null, ""pinnedAt"": null, ""text"": ""We are using a power source which we are developing ourselves through a consulting process with a leading power source consulting process. As this is still in development, we cannot disclose any details at this stage and will not until fully developed and a provisional patent is submitted. \r\n\r\nWe do use an accelerometer inside our device for motion tracking."", ""userComment"": null}"
546734,,0,RETRIEVOR_GPS,yes,"Hi Kenneth,    Sorry for the delay in getting back to you. Yes, we are actually busy with our final prototype PCB fabrication and then assembly.    During development we tried and tested several solar panels and as you rightly say ""Solar cell that small probably wouldn't have enough juice "".  In fact, during this period of sourcing we were told that we can have a Solar cell/panel  manufactured but they wanted around  $1,000,000 to develop this solar cell for us.    Cont........",2015-04-29T12:07:43Z,https://www.indiegogo.com//projects/retrievor-self-charging-gps-tracking#/,"{""authorID"": 2775796, ""authorType"": 1, ""children"": [], ""childrenTotalCount"": 0, ""commentID"": 546734, ""commentThreadID"": 30157, ""createdAt"": ""2015-04-29T12:07:43Z"", ""editedAt"": ""2015-04-29T12:07:43Z"", ""isDeleted"": false, ""isHidden"": false, ""isReportedByCreator"": false, ""likesCount"": 0, ""newerChildrenCount"": 0, ""newRepliesCount"": 0, ""parentID"": null, ""pinnedAt"": null, ""text"": ""Hi Kenneth,\r\n\r\nSorry for the delay in getting back to you. Yes, we are actually busy with our final prototype PCB fabrication and then assembly.\r\n\r\nDuring development we tried and tested several solar panels and as you rightly say \""Solar cell that small probably wouldn't have enough juice \"".  In fact, during this period of sourcing we were told that we can have a Solar cell/panel  manufactured but they wanted around  $1,000,000 to develop this solar cell for us.\r\n\r\nCont........"", ""userComment"": null}"
546733,,0,,no,Bless you for being optimistic!,2015-04-26T01:53:07Z,https://www.indiegogo.com//projects/retrievor-self-charging-gps-tracking#/,"{""authorID"": 2617031, ""authorType"": 0, ""children"": [], ""childrenTotalCount"": 0, ""commentID"": 546733, ""commentThreadID"": 30157, ""createdAt"": ""2015-04-26T01:53:07Z"", ""editedAt"": ""2015-04-26T01:53:07Z"", ""isDeleted"": false, ""isHidden"": false, ""isReportedByCreator"": false, ""likesCount"": 0, ""newerChildrenCount"": 0, ""newRepliesCount"": 0, ""parentID"": null, ""pinnedAt"": null, ""text"": ""Bless you for being optimistic!"", ""userComment"": null}"
546732,,0,Kenneth_Gish,no,I am optimistic. Motion makes more sense for tracking. Solar cell that small probably wouldn't have enough juice (but external solar would be okay).  I wish Retrievor would respond (probably too busy building retrievors).,2015-04-26T00:10:23Z,https://www.indiegogo.com//projects/retrievor-self-charging-gps-tracking#/,"{""authorID"": 1079082, ""authorType"": 0, ""children"": [], ""childrenTotalCount"": 0, ""commentID"": 546732, ""commentThreadID"": 30157, ""createdAt"": ""2015-04-26T00:10:23Z"", ""editedAt"": ""2015-04-26T00:10:23Z"", ""isDeleted"": false, ""isHidden"": false, ""isReportedByCreator"": false, ""likesCount"": 0, ""newerChildrenCount"": 0, ""newRepliesCount"": 0, ""parentID"": null, ""pinnedAt"": null, ""text"": ""I am optimistic. Motion makes more sense for tracking. Solar cell that small probably wouldn't have enough juice (but external solar would be okay).  I wish Retrievor would respond (probably too busy building retrievors)."", ""userComment"": null}"
546731,,0,,no,"@Kenneth Gish: he cannot answer the question because he doesn't have the answer.     There was no mentioning of any ""proprietary power source"" in any published design anywhere. It is, likely, non-existent. Just another excuse for another delay.    At this point, this is, very likely, a non-existent development to a non-existent product.    I welcome anyone to proof me wrong with the delivery of a working product.    Cheers!",2015-04-25T02:17:58Z,https://www.indiegogo.com//projects/retrievor-self-charging-gps-tracking#/,"{""authorID"": 2617031, ""authorType"": 0, ""children"": [], ""childrenTotalCount"": 0, ""commentID"": 546731, ""commentThreadID"": 30157, ""createdAt"": ""2015-04-25T02:17:58Z"", ""editedAt"": ""2015-04-25T02:17:58Z"", ""isDeleted"": false, ""isHidden"": false, ""isReportedByCreator"": false, ""likesCount"": 0, ""newerChildrenCount"": 0, ""newRepliesCount"": 0, ""parentID"": null, ""pinnedAt"": null, ""text"": ""@Kenneth Gish: he cannot answer the question because he doesn't have the answer. \r\n\r\nThere was no mentioning of any \""proprietary power source\"" in any published design anywhere. It is, likely, non-existent. Just another excuse for another delay.\r\n\r\nAt this point, this is, very likely, a non-existent development to a non-existent product.\r\n\r\nI welcome anyone to proof me wrong with the delivery of a working product.\r\n\r\nCheers!"", ""userComment"": null}"
546729,,0,Kenneth_Gish,no,"I did read the updates but it just says proprietary power source.      Is this proprietary power source self-charging? If it is self-charging, is it motion-based?  If not, what energy is it harvesting?     If not self-charging, please describe the battery. Is there any way to use a supercapacitor instead of a battery (e.g. in cars during summer months)?    If someone actually needs solar charging, is there a way to charge via solar (e.g. via a charging port)?",2015-04-21T21:05:35Z,https://www.indiegogo.com//projects/retrievor-self-charging-gps-tracking#/,"{""authorID"": 1079082, ""authorType"": 0, ""children"": [], ""childrenTotalCount"": 0, ""commentID"": 546729, ""commentThreadID"": 30157, ""createdAt"": ""2015-04-21T21:05:35Z"", ""editedAt"": ""2015-04-21T21:05:35Z"", ""isDeleted"": false, ""isHidden"": false, ""isReportedByCreator"": false, ""likesCount"": 0, ""newerChildrenCount"": 0, ""newRepliesCount"": 0, ""parentID"": null, ""pinnedAt"": null, ""text"": ""I did read the updates but it just says proprietary power source.  \r\n\r\nIs this proprietary power source self-charging? If it is self-charging, is it motion-based?  If not, what energy is it harvesting? \r\n\r\nIf not self-charging, please describe the battery. Is there any way to use a supercapacitor instead of a battery (e.g. in cars during summer months)?\r\n\r\nIf someone actually needs solar charging, is there a way to charge via solar (e.g. via a charging port)?"", ""userComment"": null}"
546728,,0,RETRIEVOR_GPS,yes,"@wlittle 25    Please read the ""Updates' tab for more information on our project and the changes we have implemented. We have dropped the solar cell and are replacing with our own proprietary power source solution.    There is very little comparison between the TRAX device and our own. Size is already a major factor as our device is much smaller and we are developing  one of the most accurate tracking devices ever and on a very tight budget.",2015-04-21T17:57:48Z,https://www.indiegogo.com//projects/retrievor-self-charging-gps-tracking#/,"{""authorID"": 2775796, ""authorType"": 1, ""children"": [], ""childrenTotalCount"": 0, ""commentID"": 546728, ""commentThreadID"": 30157, ""createdAt"": ""2015-04-21T17:57:48Z"", ""editedAt"": ""2015-04-21T17:57:48Z"", ""isDeleted"": false, ""isHidden"": false, ""isReportedByCreator"": false, ""likesCount"": 0, ""newerChildrenCount"": 0, ""newRepliesCount"": 0, ""parentID"": null, ""pinnedAt"": null, ""text"": ""@wlittle 25\r\n\r\nPlease read the \""Updates' tab for more information on our project and the changes we have implemented. We have dropped the solar cell and are replacing with our own proprietary power source solution.\r\n\r\nThere is very little comparison between the TRAX device and our own. Size is already a major factor as our device is much smaller and we are developing  one of the most accurate tracking devices ever and on a very tight budget."", ""userComment"": null}"
546727,,0,RETRIEVOR_GPS,yes,"@Kenneth,    Please read the ""Updates' tab for more information on our project and the changes we have implemented. We have dropped the solar cell and are replacing with our own proprietary power source solution.",2015-04-21T17:54:35Z,https://www.indiegogo.com//projects/retrievor-self-charging-gps-tracking#/,"{""authorID"": 2775796, ""authorType"": 1, ""children"": [], ""childrenTotalCount"": 0, ""commentID"": 546727, ""commentThreadID"": 30157, ""createdAt"": ""2015-04-21T17:54:35Z"", ""editedAt"": ""2015-04-21T17:54:35Z"", ""isDeleted"": false, ""isHidden"": false, ""isReportedByCreator"": false, ""likesCount"": 0, ""newerChildrenCount"": 0, ""newRepliesCount"": 0, ""parentID"": null, ""pinnedAt"": null, ""text"": ""@Kenneth,\r\n\r\nPlease read the \""Updates' tab for more information on our project and the changes we have implemented. We have dropped the solar cell and are replacing with our own proprietary power source solution."", ""userComment"": null}"
546726,,0,,no,"I am not one to normally bash a devloper of a project and nor did I two months ago when we got an update asking us to ""spread the word"" about the ""new version"" or Version 2 that you are working on however I think many many of the backers are getting restless at this point wondering where to go from here?!      I have been a part of  quite a few Kickstarter Campaigns and thus far all have been made and to be honest with you, especially Trax GPS....look it up, it's fantastic! I hope this works out",2015-04-21T00:39:49Z,https://www.indiegogo.com//projects/retrievor-self-charging-gps-tracking#/,"{""authorID"": 4782053, ""authorType"": 0, ""children"": [], ""childrenTotalCount"": 0, ""commentID"": 546726, ""commentThreadID"": 30157, ""createdAt"": ""2015-04-21T00:39:49Z"", ""editedAt"": ""2015-04-21T00:39:49Z"", ""isDeleted"": false, ""isHidden"": false, ""isReportedByCreator"": false, ""likesCount"": 0, ""newerChildrenCount"": 0, ""newRepliesCount"": 0, ""parentID"": null, ""pinnedAt"": null, ""text"": ""I am not one to normally bash a devloper of a project and nor did I two months ago when we got an update asking us to \""spread the word\"" about the \""new version\"" or Version 2 that you are working on however I think many many of the backers are getting restless at this point wondering where to go from here?!  \r\n\r\nI have been a part of  quite a few Kickstarter Campaigns and thus far all have been made and to be honest with you, especially Trax GPS....look it up, it's fantastic! I hope this works out"", ""userComment"": null}"
546725,,0,,no,Where is the solar cell located at in the designed like we signed up for and was presented?,2015-04-21T00:32:05Z,https://www.indiegogo.com//projects/retrievor-self-charging-gps-tracking#/,"{""authorID"": 4782053, ""authorType"": 0, ""children"": [], ""childrenTotalCount"": 0, ""commentID"": 546725, ""commentThreadID"": 30157, ""createdAt"": ""2015-04-21T00:32:05Z"", ""editedAt"": ""2015-04-21T00:32:05Z"", ""isDeleted"": false, ""isHidden"": false, ""isReportedByCreator"": false, ""likesCount"": 0, ""newerChildrenCount"": 0, ""newRepliesCount"": 0, ""parentID"": null, ""pinnedAt"": null, ""text"": ""Where is the solar cell located at in the designed like we signed up for and was presented?"", ""userComment"": null}"
546724,,0,Kenneth_Gish,no,Please explain how the charging works. I know the solar cell failed but I don't think you ever explained the new charging method.,2015-04-21T00:14:44Z,https://www.indiegogo.com//projects/retrievor-self-charging-gps-tracking#/,"{""authorID"": 1079082, ""authorType"": 0, ""children"": [], ""childrenTotalCount"": 0, ""commentID"": 546724, ""commentThreadID"": 30157, ""createdAt"": ""2015-04-21T00:14:44Z"", ""editedAt"": ""2015-04-21T00:14:44Z"", ""isDeleted"": false, ""isHidden"": false, ""isReportedByCreator"": false, ""likesCount"": 0, ""newerChildrenCount"": 0, ""newRepliesCount"": 0, ""parentID"": null, ""pinnedAt"": null, ""text"": ""Please explain how the charging works. I know the solar cell failed but I don't think you ever explained the new charging method."", ""userComment"": null}"
546722,,0,,no,"Good Luck.      I'm hoping to see product eventually.      The fact that you guys are here and providing updates gives me some optimism.    Regards,",2015-04-20T23:21:32Z,https://www.indiegogo.com//projects/retrievor-self-charging-gps-tracking#/,"{""authorID"": 5260919, ""authorType"": 0, ""children"": [], ""childrenTotalCount"": 0, ""commentID"": 546722, ""commentThreadID"": 30157, ""createdAt"": ""2015-04-20T23:21:32Z"", ""editedAt"": ""2015-04-20T23:21:32Z"", ""isDeleted"": false, ""isHidden"": false, ""isReportedByCreator"": false, ""likesCount"": 0, ""newerChildrenCount"": 0, ""newRepliesCount"": 0, ""parentID"": null, ""pinnedAt"": null, ""text"": ""Good Luck.  \r\n\r\nI'm hoping to see product eventually.  \r\n\r\nThe fact that you guys are here and providing updates gives me some optimism.\r\n\r\nRegards,"", ""userComment"": null}"
546711,,0,Mark_Pulver,no,{edit}    “my point is that by their own at the start…” should be “my point is that by their own *words* at the start…”,2015-02-26T01:58:17Z,https://www.indiegogo.com//projects/retrievor-self-charging-gps-tracking#/,"{""authorID"": 1097395, ""authorType"": 0, ""children"": [], ""childrenTotalCount"": 0, ""commentID"": 546711, ""commentThreadID"": 30157, ""createdAt"": ""2015-02-26T01:58:17Z"", ""editedAt"": ""2015-02-26T01:58:17Z"", ""isDeleted"": false, ""isHidden"": false, ""isReportedByCreator"": false, ""likesCount"": 0, ""newerChildrenCount"": 0, ""newRepliesCount"": 0, ""parentID"": null, ""pinnedAt"": null, ""text"": ""{edit}\r\n\r\n“my point is that by their own at the start…” should be “my point is that by their own *words* at the start…”"", ""userComment"": null}"
546708,,0,Mark_Pulver,no,"@Bob, my point is that by their own at the _start_ of their campaign TWO years ago, they already had prototypes. So, what happened to that technology?    There are plenty of technical issues here that the owners refuse to address. I asked plenty of questions (and pointed out issues) at the start of this campaign, they deleted most all of that.    I would suggest that your ""enthusiasm"" for this campaign is suspect. It's much like what you're sharing over on RITOT, which smells bad as well.",2015-02-26T01:32:18Z,https://www.indiegogo.com//projects/retrievor-self-charging-gps-tracking#/,"{""authorID"": 1097395, ""authorType"": 0, ""children"": [], ""childrenTotalCount"": 0, ""commentID"": 546708, ""commentThreadID"": 30157, ""createdAt"": ""2015-02-26T01:32:18Z"", ""editedAt"": ""2015-02-26T01:32:18Z"", ""isDeleted"": false, ""isHidden"": false, ""isReportedByCreator"": false, ""likesCount"": 0, ""newerChildrenCount"": 0, ""newRepliesCount"": 0, ""parentID"": null, ""pinnedAt"": null, ""text"": ""@Bob, my point is that by their own at the _start_ of their campaign TWO years ago, they already had prototypes. So, what happened to that technology?\r\n\r\nThere are plenty of technical issues here that the owners refuse to address. I asked plenty of questions (and pointed out issues) at the start of this campaign, they deleted most all of that.\r\n\r\nI would suggest that your \""enthusiasm\"" for this campaign is suspect. It's much like what you're sharing over on RITOT, which smells bad as well."", ""userComment"": null}"
546707,,0,Bob_Call,no,"@ Mark Pulver,    And your point is what Mr Pulver? A campaign with $1,600 funded is not likely to get far in developing anything except maybe a toilet roll.     As far as I can see they have developed 3 versions of prototype since then and are busy with a newer one.  Obviously you are blind to all of this for some strange reason.",2015-02-25T23:06:44Z,https://www.indiegogo.com//projects/retrievor-self-charging-gps-tracking#/,"{""authorID"": 5056485, ""authorType"": 0, ""children"": [], ""childrenTotalCount"": 0, ""commentID"": 546707, ""commentThreadID"": 30157, ""createdAt"": ""2015-02-25T23:06:44Z"", ""editedAt"": ""2015-02-25T23:06:44Z"", ""isDeleted"": false, ""isHidden"": false, ""isReportedByCreator"": false, ""likesCount"": 0, ""newerChildrenCount"": 0, ""newRepliesCount"": 0, ""parentID"": null, ""pinnedAt"": null, ""text"": ""@ Mark Pulver,\r\n\r\nAnd your point is what Mr Pulver? A campaign with $1,600 funded is not likely to get far in developing anything except maybe a toilet roll. \r\n\r\nAs far as I can see they have developed 3 versions of prototype since then and are busy with a newer one.  Obviously you are blind to all of this for some strange reason."", ""userComment"": null}"
546703,,0,Daren_Tay,no,"Given its so long since, do we have an option for refund?",2015-02-25T02:39:54Z,https://www.indiegogo.com//projects/retrievor-self-charging-gps-tracking#/,"{""authorID"": 5332886, ""authorType"": 0, ""children"": [], ""childrenTotalCount"": 0, ""commentID"": 546703, ""commentThreadID"": 30157, ""createdAt"": ""2015-02-25T02:39:54Z"", ""editedAt"": ""2015-02-25T02:39:54Z"", ""isDeleted"": false, ""isHidden"": false, ""isReportedByCreator"": false, ""likesCount"": 0, ""newerChildrenCount"": 0, ""newRepliesCount"": 0, ""parentID"": null, ""pinnedAt"": null, ""text"": ""Given its so long since, do we have an option for refund?"", ""userComment"": null}"
546702,,0,Mark_Pulver,no,"@bob call - they supposedly had prototypes back in April of 2013 when they first showed up on Indiegogo:    ""With your help, we need to:   Convert our prototypes to production-ready models and get all the regulatory approvals (yep, we need these to sell them)""    https://www.indiegogo.com/projects/retrievor-the-complete-gps-tracking-retrieving-solution/x/1154136",2015-02-25T00:36:12Z,https://www.indiegogo.com//projects/retrievor-self-charging-gps-tracking#/,"{""authorID"": 1097395, ""authorType"": 0, ""children"": [], ""childrenTotalCount"": 0, ""commentID"": 546702, ""commentThreadID"": 30157, ""createdAt"": ""2015-02-25T00:36:12Z"", ""editedAt"": ""2015-02-25T00:36:12Z"", ""isDeleted"": false, ""isHidden"": false, ""isReportedByCreator"": false, ""likesCount"": 0, ""newerChildrenCount"": 0, ""newRepliesCount"": 0, ""parentID"": null, ""pinnedAt"": null, ""text"": ""@bob call - they supposedly had prototypes back in April of 2013 when they first showed up on Indiegogo:\r\n\r\n\""With your help, we need to: \r\nConvert our prototypes to production-ready models and get all the regulatory approvals (yep, we need these to sell them)\""\r\n\r\nhttps://www.indiegogo.com/projects/retrievor-the-complete-gps-tracking-retrieving-solution/x/1154136"", ""userComment"": null}"
546692,,0,,no,"ya da ya da ya da... still no product... still no delivery...     Oh, something about a minimum order quantity that we just found out yesterday/today?    More excuses no matter how you slice it.    I'm sorry about the poor schmo.    Enjoy yourselves!",2015-02-13T01:21:50Z,https://www.indiegogo.com//projects/retrievor-self-charging-gps-tracking#/,"{""authorID"": 2617031, ""authorType"": 0, ""children"": [], ""childrenTotalCount"": 0, ""commentID"": 546692, ""commentThreadID"": 30157, ""createdAt"": ""2015-02-13T01:21:50Z"", ""editedAt"": ""2015-02-13T01:21:50Z"", ""isDeleted"": false, ""isHidden"": false, ""isReportedByCreator"": false, ""likesCount"": 0, ""newerChildrenCount"": 0, ""newRepliesCount"": 0, ""parentID"": null, ""pinnedAt"": null, ""text"": ""ya da ya da ya da... still no product... still no delivery... \r\n\r\nOh, something about a minimum order quantity that we just found out yesterday/today?\r\n\r\nMore excuses no matter how you slice it.\r\n\r\nI'm sorry about the poor schmo.\r\n\r\nEnjoy yourselves!"", ""userComment"": null}"
546691,,0,Bob_Call,no,"bastogne97    ""I apologize; maybe this guy isn’t a scammer""     to this: ""Anyone who is interested in initiating a class-action suit, chime in""      in probably less than 30 seconds. This could be considered the dumbest behavior of all.    You forget that this project started as a concept (without prototype) and as has been clearly shown throughout, prototypes were designed and developed.     With a finger on the pulse, I am happy to wait things out.    What exactly is your agenda here Tom?",2015-02-12T20:35:27Z,https://www.indiegogo.com//projects/retrievor-self-charging-gps-tracking#/,"{""authorID"": 5056485, ""authorType"": 0, ""children"": [], ""childrenTotalCount"": 0, ""commentID"": 546691, ""commentThreadID"": 30157, ""createdAt"": ""2015-02-12T20:35:27Z"", ""editedAt"": ""2015-02-12T20:35:27Z"", ""isDeleted"": false, ""isHidden"": false, ""isReportedByCreator"": false, ""likesCount"": 0, ""newerChildrenCount"": 0, ""newRepliesCount"": 0, ""parentID"": null, ""pinnedAt"": null, ""text"": ""bastogne97\r\n\r\n\""I apologize; maybe this guy isn’t a scammer\"" \r\n\r\nto this: \""Anyone who is interested in initiating a class-action suit, chime in\""  \r\n\r\nin probably less than 30 seconds. This could be considered the dumbest behavior of all.\r\n\r\nYou forget that this project started as a concept (without prototype) and as has been clearly shown throughout, prototypes were designed and developed. \r\n\r\nWith a finger on the pulse, I am happy to wait things out.\r\n\r\nWhat exactly is your agenda here Tom?"", ""userComment"": null}"
546690,,0,,no,"""This is not really true at all. You do not take into consideration of platform fees (4%) payment processing fees (+/- 4%) nor any other campaign related costs""     That is the dumbest response ever. How is the fact that there are fees involved any indication of results, something to show for as John L. pointed out?",2015-02-12T18:27:48Z,https://www.indiegogo.com//projects/retrievor-self-charging-gps-tracking#/,"{""authorID"": 2617031, ""authorType"": 0, ""children"": [], ""childrenTotalCount"": 0, ""commentID"": 546690, ""commentThreadID"": 30157, ""createdAt"": ""2015-02-12T18:27:48Z"", ""editedAt"": ""2015-02-12T18:27:48Z"", ""isDeleted"": false, ""isHidden"": false, ""isReportedByCreator"": false, ""likesCount"": 0, ""newerChildrenCount"": 0, ""newRepliesCount"": 0, ""parentID"": null, ""pinnedAt"": null, ""text"": ""\""This is not really true at all. You do not take into consideration of platform fees (4%) payment processing fees (+/- 4%) nor any other campaign related costs\"" \r\n\r\nThat is the dumbest response ever. How is the fact that there are fees involved any indication of results, something to show for as John L. pointed out?"", ""userComment"": null}"
546689,,0,,no,"Nice of him to finally inform us that there is this “minimum” requirement which is unlikely to be met.   Anyone who is interested in initiating a class-action suit, chime in.",2015-02-12T18:25:04Z,https://www.indiegogo.com//projects/retrievor-self-charging-gps-tracking#/,"{""authorID"": 2617031, ""authorType"": 0, ""children"": [], ""childrenTotalCount"": 0, ""commentID"": 546689, ""commentThreadID"": 30157, ""createdAt"": ""2015-02-12T18:25:04Z"", ""editedAt"": ""2015-02-12T18:25:04Z"", ""isDeleted"": false, ""isHidden"": false, ""isReportedByCreator"": false, ""likesCount"": 0, ""newerChildrenCount"": 0, ""newRepliesCount"": 0, ""parentID"": null, ""pinnedAt"": null, ""text"": ""Nice of him to finally inform us that there is this “minimum” requirement which is unlikely to be met. \r\nAnyone who is interested in initiating a class-action suit, chime in."", ""userComment"": null}"
546688,,0,,no,"I apologize; maybe this guy isn’t a scammer, but, boy! Isn’t he one lousy developer and atrocious businessman.  First, there was an estimated delivery date of January 2014. Nothing came.  Then, late-October 2014 was mentioned as another estimated delivery timeframe. Nothing came.  5 days ago, Retrievor GPS stated that August 2015 is now the new target ship date.   Now, in yet another excuse, he discloses (truthfully or otherwise) that there is a “minimum quantity for manufacture” of 1000 units.",2015-02-12T18:24:44Z,https://www.indiegogo.com//projects/retrievor-self-charging-gps-tracking#/,"{""authorID"": 2617031, ""authorType"": 0, ""children"": [], ""childrenTotalCount"": 0, ""commentID"": 546688, ""commentThreadID"": 30157, ""createdAt"": ""2015-02-12T18:24:44Z"", ""editedAt"": ""2015-02-12T18:24:44Z"", ""isDeleted"": false, ""isHidden"": false, ""isReportedByCreator"": false, ""likesCount"": 0, ""newerChildrenCount"": 0, ""newRepliesCount"": 0, ""parentID"": null, ""pinnedAt"": null, ""text"": ""I apologize; maybe this guy isn’t a scammer, but, boy! Isn’t he one lousy developer and atrocious businessman.\r\nFirst, there was an estimated delivery date of January 2014. Nothing came.\r\nThen, late-October 2014 was mentioned as another estimated delivery timeframe. Nothing came.\r\n5 days ago, Retrievor GPS stated that August 2015 is now the new target ship date. \r\nNow, in yet another excuse, he discloses (truthfully or otherwise) that there is a “minimum quantity for manufacture” of 1000 units."", ""userComment"": null}"
546687,,0,RETRIEVOR_GPS,yes,"..........    ""You have received more than enough money to design and build the specified product""    The Retrievor is already designed (3 times) and built (3 times) however, as minimum quantity for manufacture is 1,000 units, we do not have enough pre- orders to cover this cost or the $25,000 minimum mold cost(s)",2015-02-11T21:14:09Z,https://www.indiegogo.com//projects/retrievor-self-charging-gps-tracking#/,"{""authorID"": 2775796, ""authorType"": 1, ""children"": [], ""childrenTotalCount"": 0, ""commentID"": 546687, ""commentThreadID"": 30157, ""createdAt"": ""2015-02-11T21:14:09Z"", ""editedAt"": ""2015-02-11T21:14:09Z"", ""isDeleted"": false, ""isHidden"": false, ""isReportedByCreator"": false, ""likesCount"": 0, ""newerChildrenCount"": 0, ""newRepliesCount"": 0, ""parentID"": null, ""pinnedAt"": null, ""text"": ""..........\r\n\r\n\""You have received more than enough money to design and build the specified product\""\r\n\r\nThe Retrievor is already designed (3 times) and built (3 times) however, as minimum quantity for manufacture is 1,000 units, we do not have enough pre- orders to cover this cost or the $25,000 minimum mold cost(s)"", ""userComment"": null}"
546686,,0,RETRIEVOR_GPS,yes,"@John L,    Thank you for contributing to the campaign.     ""Over $87.5k USD raised and nothing to show for it.""    This is not really true at all. You do not take into consideration of platform fees (4%) payment processing fees (+/- 4%) nor any other campaign related costs.........",2015-02-11T21:12:39Z,https://www.indiegogo.com//projects/retrievor-self-charging-gps-tracking#/,"{""authorID"": 2775796, ""authorType"": 1, ""children"": [], ""childrenTotalCount"": 0, ""commentID"": 546686, ""commentThreadID"": 30157, ""createdAt"": ""2015-02-11T21:12:39Z"", ""editedAt"": ""2015-02-11T21:12:39Z"", ""isDeleted"": false, ""isHidden"": false, ""isReportedByCreator"": false, ""likesCount"": 0, ""newerChildrenCount"": 0, ""newRepliesCount"": 0, ""parentID"": null, ""pinnedAt"": null, ""text"": ""@John L,\r\n\r\nThank you for contributing to the campaign. \r\n\r\n\""Over $87.5k USD raised and nothing to show for it.\""\r\n\r\nThis is not really true at all. You do not take into consideration of platform fees (4%) payment processing fees (+/- 4%) nor any other campaign related costs........."", ""userComment"": null}"
546685,,0,John_L,no,"Over $87.5k USD raised and nothing to show for it. This is sounding more and more like a scam that you keep extending to see how many more people you can get money from. You have received more than enough money to design and build the specified product (in Dhaka, Bangladesh, not Sarasota, Florida). Fulfill your original goal and reward your supporters before taking more people for a ride.",2015-02-11T20:41:17Z,https://www.indiegogo.com//projects/retrievor-self-charging-gps-tracking#/,"{""authorID"": 1563964, ""authorType"": 0, ""children"": [], ""childrenTotalCount"": 0, ""commentID"": 546685, ""commentThreadID"": 30157, ""createdAt"": ""2015-02-11T20:41:17Z"", ""editedAt"": ""2015-02-11T20:41:17Z"", ""isDeleted"": false, ""isHidden"": false, ""isReportedByCreator"": false, ""likesCount"": 0, ""newerChildrenCount"": 0, ""newRepliesCount"": 0, ""parentID"": null, ""pinnedAt"": null, ""text"": ""Over $87.5k USD raised and nothing to show for it. This is sounding more and more like a scam that you keep extending to see how many more people you can get money from. You have received more than enough money to design and build the specified product (in Dhaka, Bangladesh, not Sarasota, Florida). Fulfill your original goal and reward your supporters before taking more people for a ride."", ""userComment"": null}"
546677,,0,,no,"Whatever the spin, whatever the excuses thrown up with shill/alias accounts, the facts remain that there is still no product, and multiple estimates blown to date.     The only worthwhile update by this project is in the form of a product in everyone's mail box.",2015-02-08T16:03:09Z,https://www.indiegogo.com//projects/retrievor-self-charging-gps-tracking#/,"{""authorID"": 2617031, ""authorType"": 0, ""children"": [], ""childrenTotalCount"": 0, ""commentID"": 546677, ""commentThreadID"": 30157, ""createdAt"": ""2015-02-08T16:03:09Z"", ""editedAt"": ""2015-02-08T16:03:09Z"", ""isDeleted"": false, ""isHidden"": false, ""isReportedByCreator"": false, ""likesCount"": 0, ""newerChildrenCount"": 0, ""newRepliesCount"": 0, ""parentID"": null, ""pinnedAt"": null, ""text"": ""Whatever the spin, whatever the excuses thrown up with shill/alias accounts, the facts remain that there is still no product, and multiple estimates blown to date. \r\n\r\nThe only worthwhile update by this project is in the form of a product in everyone's mail box."", ""userComment"": null}"
546676,,0,Bob_Call,no,@Anonymous Contributor    This is why there is a Contribute button on all campaign pages on this IGG platform. There's just no relevance at all to what you have referred to in your post.    Maybe understanding this space a little better may help:   https://www.fundable.com/learn/resources/guides/crowdfunding-guide/what-is-crowdfunding    Sounds like you are the one whose bamboozled!,2015-02-08T00:02:17Z,https://www.indiegogo.com//projects/retrievor-self-charging-gps-tracking#/,"{""authorID"": 5056485, ""authorType"": 0, ""children"": [], ""childrenTotalCount"": 0, ""commentID"": 546676, ""commentThreadID"": 30157, ""createdAt"": ""2015-02-08T00:02:17Z"", ""editedAt"": ""2015-02-08T00:02:17Z"", ""isDeleted"": false, ""isHidden"": false, ""isReportedByCreator"": false, ""likesCount"": 0, ""newerChildrenCount"": 0, ""newRepliesCount"": 0, ""parentID"": null, ""pinnedAt"": null, ""text"": ""@Anonymous Contributor\r\n\r\nThis is why there is a Contribute button on all campaign pages on this IGG platform. There's just no relevance at all to what you have referred to in your post.\r\n\r\nMaybe understanding this space a little better may help: \r\nhttps://www.fundable.com/learn/resources/guides/crowdfunding-guide/what-is-crowdfunding\r\n\r\nSounds like you are the one whose bamboozled!"", ""userComment"": null}"
546674,,0,Bob_Call,no,"@Annonymous Contributor ( You mentioned ...""defence"" but you are anon?)    Let me remind you that there is a distinct difference between ""Reward"" based crowdfunding and obtaining loans from banks.  Not only are the numbers COMPLETELY different but with rewards based crowdfunding supporters are referred to as"" Contributors"" and not investors. Nor are they defined as Non-Accredited investors nor Accredited Investor as they are in the Equity space.",2015-02-07T23:51:12Z,https://www.indiegogo.com//projects/retrievor-self-charging-gps-tracking#/,"{""authorID"": 5056485, ""authorType"": 0, ""children"": [], ""childrenTotalCount"": 0, ""commentID"": 546674, ""commentThreadID"": 30157, ""createdAt"": ""2015-02-07T23:51:12Z"", ""editedAt"": ""2015-02-07T23:51:12Z"", ""isDeleted"": false, ""isHidden"": false, ""isReportedByCreator"": false, ""likesCount"": 0, ""newerChildrenCount"": 0, ""newRepliesCount"": 0, ""parentID"": null, ""pinnedAt"": null, ""text"": ""@Annonymous Contributor ( You mentioned ...\""defence\"" but you are anon?)\r\n\r\nLet me remind you that there is a distinct difference between \""Reward\"" based crowdfunding and obtaining loans from banks.  Not only are the numbers COMPLETELY different but with rewards based crowdfunding supporters are referred to as\"" Contributors\"" and not investors. Nor are they defined as Non-Accredited investors nor Accredited Investor as they are in the Equity space."", ""userComment"": null}"
546673,,0,,no,"I wonder what kind of ""business world"" Jasmine Prentice is in. As a business owner, former corporate manager, and investment professional with multiple exposures to obtaining loans from banks, I find such excuses-laced defense most amusing and creditless. If this had been a regular bank-loan / investment deal, such excuses just won't do. ""Tell that to the bank"" as they commonly say.    Further, I'd love to see what kind of ""private investors"" are going to get bamboozled by this.",2015-02-07T22:20:43Z,https://www.indiegogo.com//projects/retrievor-self-charging-gps-tracking#/,"{""authorID"": 2617031, ""authorType"": 0, ""children"": [], ""childrenTotalCount"": 0, ""commentID"": 546673, ""commentThreadID"": 30157, ""createdAt"": ""2015-02-07T22:20:43Z"", ""editedAt"": ""2015-02-07T22:20:43Z"", ""isDeleted"": false, ""isHidden"": false, ""isReportedByCreator"": false, ""likesCount"": 0, ""newerChildrenCount"": 0, ""newRepliesCount"": 0, ""parentID"": null, ""pinnedAt"": null, ""text"": ""I wonder what kind of \""business world\"" Jasmine Prentice is in. As a business owner, former corporate manager, and investment professional with multiple exposures to obtaining loans from banks, I find such excuses-laced defense most amusing and creditless. If this had been a regular bank-loan / investment deal, such excuses just won't do. \""Tell that to the bank\"" as they commonly say.\r\n\r\nFurther, I'd love to see what kind of \""private investors\"" are going to get bamboozled by this."", ""userComment"": null}"
546672,,0,Jasmine_Prentice,no,"As an early supporter, I must admit I have been impatient too. Patience is hard, but great things really do come to those who wait. Personally, I would have been very upset to receive the device only to see the new improved version come to market a short time later! I prefer waiting for a free upgrade. Because I am in the business world I understand the problems this team has encountered. Delays are a common occurrence and must be taken in stride. Irrational histrionics are a waste of energy.",2015-02-07T16:52:38Z,https://www.indiegogo.com//projects/retrievor-self-charging-gps-tracking#/,"{""authorID"": 5062096, ""authorType"": 0, ""children"": [], ""childrenTotalCount"": 0, ""commentID"": 546672, ""commentThreadID"": 30157, ""createdAt"": ""2015-02-07T16:52:38Z"", ""editedAt"": ""2015-02-07T16:52:38Z"", ""isDeleted"": false, ""isHidden"": false, ""isReportedByCreator"": false, ""likesCount"": 0, ""newerChildrenCount"": 0, ""newRepliesCount"": 0, ""parentID"": null, ""pinnedAt"": null, ""text"": ""As an early supporter, I must admit I have been impatient too. Patience is hard, but great things really do come to those who wait. Personally, I would have been very upset to receive the device only to see the new improved version come to market a short time later! I prefer waiting for a free upgrade. Because I am in the business world I understand the problems this team has encountered. Delays are a common occurrence and must be taken in stride. Irrational histrionics are a waste of energy."", ""userComment"": null}"
546671,,0,RETRIEVOR_GPS,yes,".....Beginning next week we are engaging with private investors and may not need to crowdfund for money. Instead, we  probably will launch one in order to obtain  more customers, feedback, etc. etc.",2015-02-07T16:42:34Z,https://www.indiegogo.com//projects/retrievor-self-charging-gps-tracking#/,"{""authorID"": 2775796, ""authorType"": 1, ""children"": [], ""childrenTotalCount"": 0, ""commentID"": 546671, ""commentThreadID"": 30157, ""createdAt"": ""2015-02-07T16:42:34Z"", ""editedAt"": ""2015-02-07T16:42:34Z"", ""isDeleted"": false, ""isHidden"": false, ""isReportedByCreator"": false, ""likesCount"": 0, ""newerChildrenCount"": 0, ""newRepliesCount"": 0, ""parentID"": null, ""pinnedAt"": null, ""text"": "".....Beginning next week we are engaging with private investors and may not need to crowdfund for money. Instead, we  probably will launch one in order to obtain  more customers, feedback, etc. etc."", ""userComment"": null}"
546670,,0,RETRIEVOR_GPS,yes,"@wlittle25    Giving us reasons why we should not consider launching on Kickstarter would be most helpful.     We see RETRIEVOR as a community project and on many occasions have asked our supporters for suggestions, but few have come through with any (I can count probably 10 in total). If any of you out there have any ideas or suggestions for the benefit of us all, then please do contact us.  .................",2015-02-07T16:40:26Z,https://www.indiegogo.com//projects/retrievor-self-charging-gps-tracking#/,"{""authorID"": 2775796, ""authorType"": 1, ""children"": [], ""childrenTotalCount"": 0, ""commentID"": 546670, ""commentThreadID"": 30157, ""createdAt"": ""2015-02-07T16:40:26Z"", ""editedAt"": ""2015-02-07T16:40:26Z"", ""isDeleted"": false, ""isHidden"": false, ""isReportedByCreator"": false, ""likesCount"": 0, ""newerChildrenCount"": 0, ""newRepliesCount"": 0, ""parentID"": null, ""pinnedAt"": null, ""text"": ""@wlittle25\r\n\r\nGiving us reasons why we should not consider launching on Kickstarter would be most helpful. \r\n\r\nWe see RETRIEVOR as a community project and on many occasions have asked our supporters for suggestions, but few have come through with any (I can count probably 10 in total). If any of you out there have any ideas or suggestions for the benefit of us all, then please do contact us.\r\n................."", ""userComment"": null}"
546669,,0,RETRIEVOR_GPS,yes,"@wlittle25,    ""AND if we DID pledge more of our hard earned money""     We are not asking for additional funding from our existing supporters at all. However, we are asking our existing supporter base to help spread the word once our new campaign is live    ""....jumping to Kickstarter looks really shady.""     As mentioned in a prior update ""Kickstarter may be our  best option."". This does not mean that a decision has been made and only that it is a consideration.",2015-02-07T16:17:24Z,https://www.indiegogo.com//projects/retrievor-self-charging-gps-tracking#/,"{""authorID"": 2775796, ""authorType"": 1, ""children"": [], ""childrenTotalCount"": 0, ""commentID"": 546669, ""commentThreadID"": 30157, ""createdAt"": ""2015-02-07T16:17:24Z"", ""editedAt"": ""2015-02-07T16:17:24Z"", ""isDeleted"": false, ""isHidden"": false, ""isReportedByCreator"": false, ""likesCount"": 0, ""newerChildrenCount"": 0, ""newRepliesCount"": 0, ""parentID"": null, ""pinnedAt"": null, ""text"": ""@wlittle25,\r\n\r\n\""AND if we DID pledge more of our hard earned money\"" \r\n\r\nWe are not asking for additional funding from our existing supporters at all. However, we are asking our existing supporter base to help spread the word once our new campaign is live\r\n\r\n\""....jumping to Kickstarter looks really shady.\"" \r\n\r\nAs mentioned in a prior update \""Kickstarter may be our  best option.\"". This does not mean that a decision has been made and only that it is a consideration."", ""userComment"": null}"
546668,,0,Jasmine_Prentice,no,"I read some of these comments and shake my head at the juvenile histrionics displayed by  a few individuals. This is basic common sense:    1. If they were scam artists, and just trying to get money from people, why would they continue to keep us in the loop with updates? They would have taken the money and vanished.    2. And more importantly, why would they have spent any money at all on creating the prototypes? That is a costly venture as anyone in the business world knows.",2015-02-07T16:12:39Z,https://www.indiegogo.com//projects/retrievor-self-charging-gps-tracking#/,"{""authorID"": 5062096, ""authorType"": 0, ""children"": [], ""childrenTotalCount"": 0, ""commentID"": 546668, ""commentThreadID"": 30157, ""createdAt"": ""2015-02-07T16:12:39Z"", ""editedAt"": ""2015-02-07T16:12:39Z"", ""isDeleted"": false, ""isHidden"": false, ""isReportedByCreator"": false, ""likesCount"": 0, ""newerChildrenCount"": 0, ""newRepliesCount"": 0, ""parentID"": null, ""pinnedAt"": null, ""text"": ""I read some of these comments and shake my head at the juvenile histrionics displayed by  a few individuals. This is basic common sense:\r\n\r\n1. If they were scam artists, and just trying to get money from people, why would they continue to keep us in the loop with updates? They would have taken the money and vanished.\r\n\r\n2. And more importantly, why would they have spent any money at all on creating the prototypes? That is a costly venture as anyone in the business world knows."", ""userComment"": null}"
546667,,0,RETRIEVOR_GPS,yes,"E Joseph B,    Let me try to clarify things;    All contributors so far (either those who have contributed to this campaign or pre-ordered directly from our website)  will receive a free RT-100  within  8 weeks after the new campaign ends. They will ALSO receive an RT-101 (the Version 2 device) which is estimated to  shipping Q3  (we have a August '15 shipping date target.)",2015-02-07T16:10:24Z,https://www.indiegogo.com//projects/retrievor-self-charging-gps-tracking#/,"{""authorID"": 2775796, ""authorType"": 1, ""children"": [], ""childrenTotalCount"": 0, ""commentID"": 546667, ""commentThreadID"": 30157, ""createdAt"": ""2015-02-07T16:10:24Z"", ""editedAt"": ""2015-02-07T16:10:24Z"", ""isDeleted"": false, ""isHidden"": false, ""isReportedByCreator"": false, ""likesCount"": 0, ""newerChildrenCount"": 0, ""newRepliesCount"": 0, ""parentID"": null, ""pinnedAt"": null, ""text"": ""E Joseph B,\r\n\r\nLet me try to clarify things;\r\n\r\nAll contributors so far (either those who have contributed to this campaign or pre-ordered directly from our website)  will receive a free RT-100  within  8 weeks after the new campaign ends. They will ALSO receive an RT-101 (the Version 2 device) which is estimated to  shipping Q3  (we have a August '15 shipping date target.)"", ""userComment"": null}"
546663,,0,,no,"OH and the $87, 231 you got in THIS campaign was 108% if what YOU asked for and we supported you on it, so crying we ran out of money doesn't change your LEGAL obligation to all of us as backers in THIS campaign.....jumping to Kickstarter looks really shady.  You need to just fullfill your obligation here in this campaign and give us what we paid for, you upgrading the units to Version 2.0 is fantastic but you made that decision not us......you used our funds up now fullfill your obligation.",2015-02-07T00:20:47Z,https://www.indiegogo.com//projects/retrievor-self-charging-gps-tracking#/,"{""authorID"": 4782053, ""authorType"": 0, ""children"": [], ""childrenTotalCount"": 0, ""commentID"": 546663, ""commentThreadID"": 30157, ""createdAt"": ""2015-02-07T00:20:47Z"", ""editedAt"": ""2015-02-07T00:20:47Z"", ""isDeleted"": false, ""isHidden"": false, ""isReportedByCreator"": false, ""likesCount"": 0, ""newerChildrenCount"": 0, ""newRepliesCount"": 0, ""parentID"": null, ""pinnedAt"": null, ""text"": ""OH and the $87, 231 you got in THIS campaign was 108% if what YOU asked for and we supported you on it, so crying we ran out of money doesn't change your LEGAL obligation to all of us as backers in THIS campaign.....jumping to Kickstarter looks really shady.  You need to just fullfill your obligation here in this campaign and give us what we paid for, you upgrading the units to Version 2.0 is fantastic but you made that decision not us......you used our funds up now fullfill your obligation."", ""userComment"": null}"
546662,,0,,no,"DA-Fk......    Come again....what are we getting for no additional funds for the money we already paid in THIS campaign?  AND WHEN?    AND if we DID pledge more of our hard earned money obviously just giving us what we already paid for no matter what version that may be, the pot would have to be considerably sweeter to expect anyone to pledge more. like we would get ""X"" AND ""Y"" IF and ONLY IF we did pledge more...and jumping to Kickstarter does not fullfill your obligation here to us! Shady.....",2015-02-07T00:18:05Z,https://www.indiegogo.com//projects/retrievor-self-charging-gps-tracking#/,"{""authorID"": 4782053, ""authorType"": 0, ""children"": [], ""childrenTotalCount"": 0, ""commentID"": 546662, ""commentThreadID"": 30157, ""createdAt"": ""2015-02-07T00:18:05Z"", ""editedAt"": ""2015-02-07T00:18:05Z"", ""isDeleted"": false, ""isHidden"": false, ""isReportedByCreator"": false, ""likesCount"": 0, ""newerChildrenCount"": 0, ""newRepliesCount"": 0, ""parentID"": null, ""pinnedAt"": null, ""text"": ""DA-Fk......\r\n\r\nCome again....what are we getting for no additional funds for the money we already paid in THIS campaign?  AND WHEN?\r\n\r\nAND if we DID pledge more of our hard earned money obviously just giving us what we already paid for no matter what version that may be, the pot would have to be considerably sweeter to expect anyone to pledge more. like we would get \""X\"" AND \""Y\"" IF and ONLY IF we did pledge more...and jumping to Kickstarter does not fullfill your obligation here to us! Shady....."", ""userComment"": null}"
546659,,0,E Joseph_B,no,Does anyone understand their latest update???  What eventually are we getting?  I'm hoping we get SOMETHING!,2015-02-06T21:22:16Z,https://www.indiegogo.com//projects/retrievor-self-charging-gps-tracking#/,"{""authorID"": 4871405, ""authorType"": 0, ""children"": [], ""childrenTotalCount"": 0, ""commentID"": 546659, ""commentThreadID"": 30157, ""createdAt"": ""2015-02-06T21:22:16Z"", ""editedAt"": ""2015-02-06T21:22:16Z"", ""isDeleted"": false, ""isHidden"": false, ""isReportedByCreator"": false, ""likesCount"": 0, ""newerChildrenCount"": 0, ""newRepliesCount"": 0, ""parentID"": null, ""pinnedAt"": null, ""text"": ""Does anyone understand their latest update???  What eventually are we getting?  I'm hoping we get SOMETHING!"", ""userComment"": null}"
546652,,0,,no,"Let's face it, folks. These dirt bags already have our money and have ZERO incentive to deliver anything since there is NO consequence. It is one delay after another; they blow through their own estimates time and time again.  They are just dicking around now under the guise of further refinement or awaiting some  certification.    Zero faith in this project now.     Never fund these bozos again.    If anyone knows how to bring a class action suit against them, let me know.",2015-01-17T21:21:25Z,https://www.indiegogo.com//projects/retrievor-self-charging-gps-tracking#/,"{""authorID"": 2617031, ""authorType"": 0, ""children"": [], ""childrenTotalCount"": 0, ""commentID"": 546652, ""commentThreadID"": 30157, ""createdAt"": ""2015-01-17T21:21:25Z"", ""editedAt"": ""2015-01-17T21:21:25Z"", ""isDeleted"": false, ""isHidden"": false, ""isReportedByCreator"": false, ""likesCount"": 0, ""newerChildrenCount"": 0, ""newRepliesCount"": 0, ""parentID"": null, ""pinnedAt"": null, ""text"": ""Let's face it, folks. These dirt bags already have our money and have ZERO incentive to deliver anything since there is NO consequence. It is one delay after another; they blow through their own estimates time and time again.  They are just dicking around now under the guise of further refinement or awaiting some  certification.\r\n\r\nZero faith in this project now. \r\n\r\nNever fund these bozos again.\r\n\r\nIf anyone knows how to bring a class action suit against them, let me know."", ""userComment"": null}"
546651,,0,,no,"Gentlemen,  Nice to receive regular updates on issues and progress.    Nevertheless, little more than a year has passed since the campaign closure. Projects like this one, have an average ""project""  lifecycle between 3 and 12 months from investors perspective.    Now it is time to commit to a firm delivery date and to make sure it is not in 6 or more months. Communication is elementary (yours is ok), but delivery is that as well.  Looking forward to your update Monday.    Regards,  Ivan Kristo",2015-01-15T17:25:31Z,https://www.indiegogo.com//projects/retrievor-self-charging-gps-tracking#/,"{""authorID"": 5302322, ""authorType"": 0, ""children"": [], ""childrenTotalCount"": 0, ""commentID"": 546651, ""commentThreadID"": 30157, ""createdAt"": ""2015-01-15T17:25:31Z"", ""editedAt"": ""2015-01-15T17:25:31Z"", ""isDeleted"": false, ""isHidden"": false, ""isReportedByCreator"": false, ""likesCount"": 0, ""newerChildrenCount"": 0, ""newRepliesCount"": 0, ""parentID"": null, ""pinnedAt"": null, ""text"": ""Gentlemen,\r\nNice to receive regular updates on issues and progress.\r\n\r\nNevertheless, little more than a year has passed since the campaign closure. Projects like this one, have an average \""project\""  lifecycle between 3 and 12 months from investors perspective.\r\n\r\nNow it is time to commit to a firm delivery date and to make sure it is not in 6 or more months. Communication is elementary (yours is ok), but delivery is that as well.\r\nLooking forward to your update Monday.\r\n\r\nRegards,\r\nIvan Kristo"", ""userComment"": null}"
546650,,0,Dominik_Schmid_6ab6,no,"Hi,    I don't want to wait any longer. Could I please be refunded for my perk of 199$?    I look forward to hearing from you.",2015-01-15T17:16:17Z,https://www.indiegogo.com//projects/retrievor-self-charging-gps-tracking#/,"{""authorID"": 3963694, ""authorType"": 0, ""children"": [], ""childrenTotalCount"": 0, ""commentID"": 546650, ""commentThreadID"": 30157, ""createdAt"": ""2015-01-15T17:16:17Z"", ""editedAt"": ""2015-01-15T17:16:17Z"", ""isDeleted"": false, ""isHidden"": false, ""isReportedByCreator"": false, ""likesCount"": 0, ""newerChildrenCount"": 0, ""newRepliesCount"": 0, ""parentID"": null, ""pinnedAt"": null, ""text"": ""Hi,\r\n\r\nI don't want to wait any longer. Could I please be refunded for my perk of 199$?\r\n\r\nI look forward to hearing from you."", ""userComment"": null}"
546649,,0,RETRIEVOR_GPS,yes,"Hi Andi,    A detailed update will be posted on Monday.",2015-01-15T14:18:58Z,https://www.indiegogo.com//projects/retrievor-self-charging-gps-tracking#/,"{""authorID"": 2775796, ""authorType"": 1, ""children"": [], ""childrenTotalCount"": 0, ""commentID"": 546649, ""commentThreadID"": 30157, ""createdAt"": ""2015-01-15T14:18:58Z"", ""editedAt"": ""2015-01-15T14:18:58Z"", ""isDeleted"": false, ""isHidden"": false, ""isReportedByCreator"": false, ""likesCount"": 0, ""newerChildrenCount"": 0, ""newRepliesCount"": 0, ""parentID"": null, ""pinnedAt"": null, ""text"": ""Hi Andi,\r\n\r\nA detailed update will be posted on Monday."", ""userComment"": null}"
546647,,0,Andi_Berger,no,any news? i would like to know when we can receive it,2015-01-12T10:49:02Z,https://www.indiegogo.com//projects/retrievor-self-charging-gps-tracking#/,"{""authorID"": 2032290, ""authorType"": 0, ""children"": [], ""childrenTotalCount"": 0, ""commentID"": 546647, ""commentThreadID"": 30157, ""createdAt"": ""2015-01-12T10:49:02Z"", ""editedAt"": ""2015-01-12T10:49:02Z"", ""isDeleted"": false, ""isHidden"": false, ""isReportedByCreator"": false, ""likesCount"": 0, ""newerChildrenCount"": 0, ""newRepliesCount"": 0, ""parentID"": null, ""pinnedAt"": null, ""text"": ""any news? i would like to know when we can receive it"", ""userComment"": null}"
546641,,0,RETRIEVOR_GPS,yes,"Hi Gaston,    We will be posting more videos later and also an update on the status of manufacturing and shipping. As shown on the ""Updates"" tab, we had encountered a few issues along the way which are now reolved.    Geofencing is a software/application parameter and is not device specific.",2014-10-20T17:07:38Z,https://www.indiegogo.com//projects/retrievor-self-charging-gps-tracking#/,"{""authorID"": 2775796, ""authorType"": 1, ""children"": [], ""childrenTotalCount"": 0, ""commentID"": 546641, ""commentThreadID"": 30157, ""createdAt"": ""2014-10-20T17:07:38Z"", ""editedAt"": ""2014-10-20T17:07:38Z"", ""isDeleted"": false, ""isHidden"": false, ""isReportedByCreator"": false, ""likesCount"": 0, ""newerChildrenCount"": 0, ""newRepliesCount"": 0, ""parentID"": null, ""pinnedAt"": null, ""text"": ""Hi Gaston,\r\n\r\nWe will be posting more videos later and also an update on the status of manufacturing and shipping. As shown on the \""Updates\"" tab, we had encountered a few issues along the way which are now reolved.\r\n\r\nGeofencing is a software/application parameter and is not device specific."", ""userComment"": null}"
546640,,0,Gaston_Paradis,no,Thank you for the update and the videos.  Can you allo post a video of the main functions of Retreiver; that is Tracking an Geofencing.  Is end of October still valid for delivery?,2014-10-20T16:24:31Z,https://www.indiegogo.com//projects/retrievor-self-charging-gps-tracking#/,"{""authorID"": 3232748, ""authorType"": 0, ""children"": [], ""childrenTotalCount"": 0, ""commentID"": 546640, ""commentThreadID"": 30157, ""createdAt"": ""2014-10-20T16:24:31Z"", ""editedAt"": ""2014-10-20T16:24:31Z"", ""isDeleted"": false, ""isHidden"": false, ""isReportedByCreator"": false, ""likesCount"": 0, ""newerChildrenCount"": 0, ""newRepliesCount"": 0, ""parentID"": null, ""pinnedAt"": null, ""text"": ""Thank you for the update and the videos.\r\nCan you allo post a video of the main functions of Retreiver; that is Tracking an Geofencing.\r\nIs end of October still valid for delivery?"", ""userComment"": null}"
546639,,0,RETRIEVOR_GPS,yes,"@Jupp,    Thank you for bringing customs problems to our attention.    Much appreciated!",2014-10-20T01:55:47Z,https://www.indiegogo.com//projects/retrievor-self-charging-gps-tracking#/,"{""authorID"": 2775796, ""authorType"": 1, ""children"": [], ""childrenTotalCount"": 0, ""commentID"": 546639, ""commentThreadID"": 30157, ""createdAt"": ""2014-10-20T01:55:47Z"", ""editedAt"": ""2014-10-20T01:55:47Z"", ""isDeleted"": false, ""isHidden"": false, ""isReportedByCreator"": false, ""likesCount"": 0, ""newerChildrenCount"": 0, ""newRepliesCount"": 0, ""parentID"": null, ""pinnedAt"": null, ""text"": ""@Jupp,\r\n\r\nThank you for bringing customs problems to our attention.\r\n\r\nMuch appreciated!"", ""userComment"": null}"
546638,,0,,no,"Can you please refund me?    Thanks,        Albert.",2014-10-19T07:44:19Z,https://www.indiegogo.com//projects/retrievor-self-charging-gps-tracking#/,"{""authorID"": 4968663, ""authorType"": 0, ""children"": [], ""childrenTotalCount"": 0, ""commentID"": 546638, ""commentThreadID"": 30157, ""createdAt"": ""2014-10-19T07:44:19Z"", ""editedAt"": ""2014-10-19T07:44:19Z"", ""isDeleted"": false, ""isHidden"": false, ""isReportedByCreator"": false, ""likesCount"": 0, ""newerChildrenCount"": 0, ""newRepliesCount"": 0, ""parentID"": null, ""pinnedAt"": null, ""text"": ""Can you please refund me?\r\n\r\nThanks,\r\n\r\n\r\n\r\nAlbert."", ""userComment"": null}"
546637,,0,RETRIEVOR_GPS,yes,"Hi Dennis,    Please e-mail your pre-order details to us at sales@retrievor.com",2014-10-14T20:39:58Z,https://www.indiegogo.com//projects/retrievor-self-charging-gps-tracking#/,"{""authorID"": 2775796, ""authorType"": 1, ""children"": [], ""childrenTotalCount"": 0, ""commentID"": 546637, ""commentThreadID"": 30157, ""createdAt"": ""2014-10-14T20:39:58Z"", ""editedAt"": ""2014-10-14T20:39:58Z"", ""isDeleted"": false, ""isHidden"": false, ""isReportedByCreator"": false, ""likesCount"": 0, ""newerChildrenCount"": 0, ""newRepliesCount"": 0, ""parentID"": null, ""pinnedAt"": null, ""text"": ""Hi Dennis,\r\n\r\nPlease e-mail your pre-order details to us at sales@retrievor.com"", ""userComment"": null}"
546636,,0,Dennis_van der Pool,no,@Creator: Can you please refund me?,2014-10-14T18:48:28Z,https://www.indiegogo.com//projects/retrievor-self-charging-gps-tracking#/,"{""authorID"": 3523143, ""authorType"": 0, ""children"": [], ""childrenTotalCount"": 0, ""commentID"": 546636, ""commentThreadID"": 30157, ""createdAt"": ""2014-10-14T18:48:28Z"", ""editedAt"": ""2014-10-14T18:48:28Z"", ""isDeleted"": false, ""isHidden"": false, ""isReportedByCreator"": false, ""likesCount"": 0, ""newerChildrenCount"": 0, ""newRepliesCount"": 0, ""parentID"": null, ""pinnedAt"": null, ""text"": ""@Creator: Can you please refund me?"", ""userComment"": null}"
546634,,0,,no,HI!    What about the video???      Thanks!,2014-10-09T15:34:45Z,https://www.indiegogo.com//projects/retrievor-self-charging-gps-tracking#/,"{""authorID"": 4968663, ""authorType"": 0, ""children"": [], ""childrenTotalCount"": 0, ""commentID"": 546634, ""commentThreadID"": 30157, ""createdAt"": ""2014-10-09T15:34:45Z"", ""editedAt"": ""2014-10-09T15:34:45Z"", ""isDeleted"": false, ""isHidden"": false, ""isReportedByCreator"": false, ""likesCount"": 0, ""newerChildrenCount"": 0, ""newRepliesCount"": 0, ""parentID"": null, ""pinnedAt"": null, ""text"": ""HI!\r\n\r\nWhat about the video???\r\n\r\n\r\nThanks!"", ""userComment"": null}"
546632,,0,Jupp_Zupp,no,"Sorry text is mixed up    If you dont have a FCC / CE certificate outside of your product box, european customs will not allow this product to import. Ideally the certificate is outside of the package, together with the Invoice. Especially german customs are very picky with this.",2014-10-07T04:56:35Z,https://www.indiegogo.com//projects/retrievor-self-charging-gps-tracking#/,"{""authorID"": 605556, ""authorType"": 0, ""children"": [], ""childrenTotalCount"": 0, ""commentID"": 546632, ""commentThreadID"": 30157, ""createdAt"": ""2014-10-07T04:56:35Z"", ""editedAt"": ""2014-10-07T04:56:35Z"", ""isDeleted"": false, ""isHidden"": false, ""isReportedByCreator"": false, ""likesCount"": 0, ""newerChildrenCount"": 0, ""newRepliesCount"": 0, ""parentID"": null, ""pinnedAt"": null, ""text"": ""Sorry text is mixed up\r\n\r\nIf you dont have a FCC / CE certificate outside of your product box, european customs will not allow this product to import. Ideally the certificate is outside of the package, together with the Invoice. Especially german customs are very picky with this."", ""userComment"": null}"
546631,,0,Jupp_Zupp,no,"with a Invoice. When there is no invoice OUTSIDE of the package, each customer has to show up at the customs to proove with screenprints from Indiegogo and printouts of the PayPal transaction what the selling price was, because the import tax depends on this.    I hope you guys can prevent this major faults from other campaigns in advance.    br Juergen    p.s. sorry for my bad written english",2014-10-07T04:52:37Z,https://www.indiegogo.com//projects/retrievor-self-charging-gps-tracking#/,"{""authorID"": 605556, ""authorType"": 0, ""children"": [], ""childrenTotalCount"": 0, ""commentID"": 546631, ""commentThreadID"": 30157, ""createdAt"": ""2014-10-07T04:52:37Z"", ""editedAt"": ""2014-10-07T04:52:37Z"", ""isDeleted"": false, ""isHidden"": false, ""isReportedByCreator"": false, ""likesCount"": 0, ""newerChildrenCount"": 0, ""newRepliesCount"": 0, ""parentID"": null, ""pinnedAt"": null, ""text"": ""with a Invoice. When there is no invoice OUTSIDE of the package, each customer has to show up at the customs to proove with screenprints from Indiegogo and printouts of the PayPal transaction what the selling price was, because the import tax depends on this.\r\n\r\nI hope you guys can prevent this major faults from other campaigns in advance.\r\n\r\nbr Juergen\r\n\r\np.s. sorry for my bad written english"", ""userComment"": null}"
546630,,0,Jupp_Zupp,no,"Hi Guys,    I try to point out some issues I faced before, because I went to several problems with other campains ",2014-10-07T04:52:21Z,https://www.indiegogo.com//projects/retrievor-self-charging-gps-tracking#/,"{""authorID"": 605556, ""authorType"": 0, ""children"": [], ""childrenTotalCount"": 0, ""commentID"": 546630, ""commentThreadID"": 30157, ""createdAt"": ""2014-10-07T04:52:21Z"", ""editedAt"": ""2014-10-07T04:52:21Z"", ""isDeleted"": false, ""isHidden"": false, ""isReportedByCreator"": false, ""likesCount"": 0, ""newerChildrenCount"": 0, ""newRepliesCount"": 0, ""parentID"": null, ""pinnedAt"": null, ""text"": ""Hi Guys,\r\n\r\nI try to point out some issues I faced before, because I went to several problems with other campains "", ""userComment"": null}"
546628,,0,RETRIEVOR_GPS,yes,"Hi John,    Apologies for the delayed reply.    As posted on our campaign page and also our Facebook page, we have finalized the manufacture of our final prototype and will be going to manufacture soon, meaning we are expecting to ship your order at the end of October.    We will be posting a further update to the campaign page on Friday which will include a demo video of our Retrievor in action.",2014-10-01T00:21:22Z,https://www.indiegogo.com//projects/retrievor-self-charging-gps-tracking#/,"{""authorID"": 2775796, ""authorType"": 1, ""children"": [], ""childrenTotalCount"": 0, ""commentID"": 546628, ""commentThreadID"": 30157, ""createdAt"": ""2014-10-01T00:21:22Z"", ""editedAt"": ""2014-10-01T00:21:22Z"", ""isDeleted"": false, ""isHidden"": false, ""isReportedByCreator"": false, ""likesCount"": 0, ""newerChildrenCount"": 0, ""newRepliesCount"": 0, ""parentID"": null, ""pinnedAt"": null, ""text"": ""Hi John,\r\n\r\nApologies for the delayed reply.\r\n\r\nAs posted on our campaign page and also our Facebook page, we have finalized the manufacture of our final prototype and will be going to manufacture soon, meaning we are expecting to ship your order at the end of October.\r\n\r\nWe will be posting a further update to the campaign page on Friday which will include a demo video of our Retrievor in action."", ""userComment"": null}"
546627,,0,,no,"So I emailed you guys and posted on here, and yet still nothing. I received one email telling me you would look into possibly getting me a refund, or at the very least an expected ship date. But still NO RESPONSE! Your customer service definitely leaves something to be desired.",2014-09-30T18:56:52Z,https://www.indiegogo.com//projects/retrievor-self-charging-gps-tracking#/,"{""authorID"": 5335327, ""authorType"": 0, ""children"": [], ""childrenTotalCount"": 0, ""commentID"": 546627, ""commentThreadID"": 30157, ""createdAt"": ""2014-09-30T18:56:52Z"", ""editedAt"": ""2014-09-30T18:56:52Z"", ""isDeleted"": false, ""isHidden"": false, ""isReportedByCreator"": false, ""likesCount"": 0, ""newerChildrenCount"": 0, ""newRepliesCount"": 0, ""parentID"": null, ""pinnedAt"": null, ""text"": ""So I emailed you guys and posted on here, and yet still nothing. I received one email telling me you would look into possibly getting me a refund, or at the very least an expected ship date. But still NO RESPONSE! Your customer service definitely leaves something to be desired."", ""userComment"": null}"
546626,,0,,no,"Any News? Is the box from DHL already there...¿? Guys, we need more information form you....        Thanks!",2014-09-30T08:00:08Z,https://www.indiegogo.com//projects/retrievor-self-charging-gps-tracking#/,"{""authorID"": 4968663, ""authorType"": 0, ""children"": [], ""childrenTotalCount"": 0, ""commentID"": 546626, ""commentThreadID"": 30157, ""createdAt"": ""2014-09-30T08:00:08Z"", ""editedAt"": ""2014-09-30T08:00:08Z"", ""isDeleted"": false, ""isHidden"": false, ""isReportedByCreator"": false, ""likesCount"": 0, ""newerChildrenCount"": 0, ""newRepliesCount"": 0, ""parentID"": null, ""pinnedAt"": null, ""text"": ""Any News? Is the box from DHL already there...¿? Guys, we need more information form you....\r\n\r\n\r\n\r\nThanks!"", ""userComment"": null}"
546624,,0,Alessio_Pinamonti,no,"Hi , I hope all is well.  Regards",2014-09-22T11:19:27Z,https://www.indiegogo.com//projects/retrievor-self-charging-gps-tracking#/,"{""authorID"": 4826869, ""authorType"": 0, ""children"": [], ""childrenTotalCount"": 0, ""commentID"": 546624, ""commentThreadID"": 30157, ""createdAt"": ""2014-09-22T11:19:27Z"", ""editedAt"": ""2014-09-22T11:19:27Z"", ""isDeleted"": false, ""isHidden"": false, ""isReportedByCreator"": false, ""likesCount"": 0, ""newerChildrenCount"": 0, ""newRepliesCount"": 0, ""parentID"": null, ""pinnedAt"": null, ""text"": ""Hi , I hope all is well.\r\nRegards"", ""userComment"": null}"
546623,,0,,no,Any news?      Thanks!,2014-09-19T18:40:05Z,https://www.indiegogo.com//projects/retrievor-self-charging-gps-tracking#/,"{""authorID"": 4968663, ""authorType"": 0, ""children"": [], ""childrenTotalCount"": 0, ""commentID"": 546623, ""commentThreadID"": 30157, ""createdAt"": ""2014-09-19T18:40:05Z"", ""editedAt"": ""2014-09-19T18:40:05Z"", ""isDeleted"": false, ""isHidden"": false, ""isReportedByCreator"": false, ""likesCount"": 0, ""newerChildrenCount"": 0, ""newRepliesCount"": 0, ""parentID"": null, ""pinnedAt"": null, ""text"": ""Any news?\r\n\r\n\r\nThanks!"", ""userComment"": null}"
546620,,0,RETRIEVOR_GPS,yes,Hi bastogne97    We have posted several updates here on our page explaining the progress of our project development. Just click on the “Updates” tab alongside the comments tab. We have also posted several updates on our Facebook page too https://www.facebook.com/Retrievor    Our expected manufacturing date is 1st week Oct ’14 with shipping to begin during the latter part of the month.    Thank you form your support and patience.,2014-09-09T20:59:44Z,https://www.indiegogo.com//projects/retrievor-self-charging-gps-tracking#/,"{""authorID"": 2775796, ""authorType"": 1, ""children"": [], ""childrenTotalCount"": 0, ""commentID"": 546620, ""commentThreadID"": 30157, ""createdAt"": ""2014-09-09T20:59:44Z"", ""editedAt"": ""2014-09-09T20:59:44Z"", ""isDeleted"": false, ""isHidden"": false, ""isReportedByCreator"": false, ""likesCount"": 0, ""newerChildrenCount"": 0, ""newRepliesCount"": 0, ""parentID"": null, ""pinnedAt"": null, ""text"": ""Hi bastogne97\r\n\r\nWe have posted several updates here on our page explaining the progress of our project development. Just click on the “Updates” tab alongside the comments tab. We have also posted several updates on our Facebook page too https://www.facebook.com/Retrievor\r\n\r\nOur expected manufacturing date is 1st week Oct ’14 with shipping to begin during the latter part of the month.\r\n\r\nThank you form your support and patience."", ""userComment"": null}"
546618,,0,,no,"Greetings. I have been following this campaign with great interest, and noted the January 2014 ""estimate""; can someone comment on what is the new estimated date of delivery?    I'm not advocating for rushing or ""settling"" for an inferior product; would just be industry standard practice to have a new projected date after we blew through the last one.    Thank you for your efforts, and best wishes on this, our collective effort.    ~T.",2014-09-09T00:59:04Z,https://www.indiegogo.com//projects/retrievor-self-charging-gps-tracking#/,"{""authorID"": 2617031, ""authorType"": 0, ""children"": [], ""childrenTotalCount"": 0, ""commentID"": 546618, ""commentThreadID"": 30157, ""createdAt"": ""2014-09-09T00:59:04Z"", ""editedAt"": ""2014-09-09T00:59:04Z"", ""isDeleted"": false, ""isHidden"": false, ""isReportedByCreator"": false, ""likesCount"": 0, ""newerChildrenCount"": 0, ""newRepliesCount"": 0, ""parentID"": null, ""pinnedAt"": null, ""text"": ""Greetings. I have been following this campaign with great interest, and noted the January 2014 \""estimate\""; can someone comment on what is the new estimated date of delivery?\r\n\r\nI'm not advocating for rushing or \""settling\"" for an inferior product; would just be industry standard practice to have a new projected date after we blew through the last one.\r\n\r\nThank you for your efforts, and best wishes on this, our collective effort.\r\n\r\n~T."", ""userComment"": null}"
546617,,0,,no,Hi!    Any news???    Thanks!,2014-09-05T07:25:50Z,https://www.indiegogo.com//projects/retrievor-self-charging-gps-tracking#/,"{""authorID"": 4968663, ""authorType"": 0, ""children"": [], ""childrenTotalCount"": 0, ""commentID"": 546617, ""commentThreadID"": 30157, ""createdAt"": ""2014-09-05T07:25:50Z"", ""editedAt"": ""2014-09-05T07:25:50Z"", ""isDeleted"": false, ""isHidden"": false, ""isReportedByCreator"": false, ""likesCount"": 0, ""newerChildrenCount"": 0, ""newRepliesCount"": 0, ""parentID"": null, ""pinnedAt"": null, ""text"": ""Hi!\r\n\r\nAny news???\r\n\r\nThanks!"", ""userComment"": null}"
546616,,0,RETRIEVOR_GPS,yes,"@john. bolster    Let me assure you that we do not make excuses but instead have encountered real technical difficulties during development. Our ‘estimated delivery’ date of January 2014 was just that, an estimate. As already mentioned in a previous update, we only received funding from Indiegogo at the end of January ‘14. We would rather take time to deliver a working product than rush one which isn’t up to standard. Please email us at: sales@retrievor.com",2014-09-02T22:49:01Z,https://www.indiegogo.com//projects/retrievor-self-charging-gps-tracking#/,"{""authorID"": 2775796, ""authorType"": 1, ""children"": [], ""childrenTotalCount"": 0, ""commentID"": 546616, ""commentThreadID"": 30157, ""createdAt"": ""2014-09-02T22:49:01Z"", ""editedAt"": ""2014-09-02T22:49:01Z"", ""isDeleted"": false, ""isHidden"": false, ""isReportedByCreator"": false, ""likesCount"": 0, ""newerChildrenCount"": 0, ""newRepliesCount"": 0, ""parentID"": null, ""pinnedAt"": null, ""text"": ""@john. bolster\r\n\r\nLet me assure you that we do not make excuses but instead have encountered real technical difficulties during development. Our ‘estimated delivery’ date of January 2014 was just that, an estimate. As already mentioned in a previous update, we only received funding from Indiegogo at the end of January ‘14. We would rather take time to deliver a working product than rush one which isn’t up to standard. Please email us at: sales@retrievor.com"", ""userComment"": null}"
546614,,0,,no,"So I have already sent one private message asking for a refund due to the massive delays in the project, to which I did not even receive a reply. It has been 8 months now since the expected completion date and all I have heard in each update is excuse after excuse of problems. Did asking for a refund of my contribution in private not even warrant a response?",2014-08-31T03:04:28Z,https://www.indiegogo.com//projects/retrievor-self-charging-gps-tracking#/,"{""authorID"": 5335327, ""authorType"": 0, ""children"": [], ""childrenTotalCount"": 0, ""commentID"": 546614, ""commentThreadID"": 30157, ""createdAt"": ""2014-08-31T03:04:28Z"", ""editedAt"": ""2014-08-31T03:04:28Z"", ""isDeleted"": false, ""isHidden"": false, ""isReportedByCreator"": false, ""likesCount"": 0, ""newerChildrenCount"": 0, ""newRepliesCount"": 0, ""parentID"": null, ""pinnedAt"": null, ""text"": ""So I have already sent one private message asking for a refund due to the massive delays in the project, to which I did not even receive a reply. It has been 8 months now since the expected completion date and all I have heard in each update is excuse after excuse of problems. Did asking for a refund of my contribution in private not even warrant a response?"", ""userComment"": null}"
546613,,0,Gaston_Paradis,no,Thank you.  Please keep the update coming.,2014-08-05T22:59:05Z,https://www.indiegogo.com//projects/retrievor-self-charging-gps-tracking#/,"{""authorID"": 3232748, ""authorType"": 0, ""children"": [], ""childrenTotalCount"": 0, ""commentID"": 546613, ""commentThreadID"": 30157, ""createdAt"": ""2014-08-05T22:59:05Z"", ""editedAt"": ""2014-08-05T22:59:05Z"", ""isDeleted"": false, ""isHidden"": false, ""isReportedByCreator"": false, ""likesCount"": 0, ""newerChildrenCount"": 0, ""newRepliesCount"": 0, ""parentID"": null, ""pinnedAt"": null, ""text"": ""Thank you.  Please keep the update coming."", ""userComment"": null}"
546612,,0,RETRIEVOR_GPS,yes,@andychiu05    Please send an e-mail to sales@retrievor.com including your order details and change of address and we will update this on our system.,2014-07-31T16:41:49Z,https://www.indiegogo.com//projects/retrievor-self-charging-gps-tracking#/,"{""authorID"": 2775796, ""authorType"": 1, ""children"": [], ""childrenTotalCount"": 0, ""commentID"": 546612, ""commentThreadID"": 30157, ""createdAt"": ""2014-07-31T16:41:49Z"", ""editedAt"": ""2014-07-31T16:41:49Z"", ""isDeleted"": false, ""isHidden"": false, ""isReportedByCreator"": false, ""likesCount"": 0, ""newerChildrenCount"": 0, ""newRepliesCount"": 0, ""parentID"": null, ""pinnedAt"": null, ""text"": ""@andychiu05\r\n\r\nPlease send an e-mail to sales@retrievor.com including your order details and change of address and we will update this on our system."", ""userComment"": null}"
546609,,0,,no,Hi!       Any news???      Thanks!,2014-06-30T14:06:17Z,https://www.indiegogo.com//projects/retrievor-self-charging-gps-tracking#/,"{""authorID"": 4968663, ""authorType"": 0, ""children"": [], ""childrenTotalCount"": 0, ""commentID"": 546609, ""commentThreadID"": 30157, ""createdAt"": ""2014-06-30T14:06:17Z"", ""editedAt"": ""2014-06-30T14:06:17Z"", ""isDeleted"": false, ""isHidden"": false, ""isReportedByCreator"": false, ""likesCount"": 0, ""newerChildrenCount"": 0, ""newRepliesCount"": 0, ""parentID"": null, ""pinnedAt"": null, ""text"": ""Hi! \r\n\r\n\r\nAny news???\r\n\r\n\r\nThanks!"", ""userComment"": null}"
546598,,0,RETRIEVOR_GPS,yes,"Hi Publicitat & Riaan,    Please bear with us. We will post an update by the end of the week with the latest developments. We have  some added features to announce which should please many of you.",2014-05-28T17:27:48Z,https://www.indiegogo.com//projects/retrievor-self-charging-gps-tracking#/,"{""authorID"": 2775796, ""authorType"": 1, ""children"": [], ""childrenTotalCount"": 0, ""commentID"": 546598, ""commentThreadID"": 30157, ""createdAt"": ""2014-05-28T17:27:48Z"", ""editedAt"": ""2014-05-28T17:27:48Z"", ""isDeleted"": false, ""isHidden"": false, ""isReportedByCreator"": false, ""likesCount"": 0, ""newerChildrenCount"": 0, ""newRepliesCount"": 0, ""parentID"": null, ""pinnedAt"": null, ""text"": ""Hi Publicitat & Riaan,\r\n\r\nPlease bear with us. We will post an update by the end of the week with the latest developments. We have  some added features to announce which should please many of you."", ""userComment"": null}"
546597,,0,Riccardo_Spagni,no,Are we getting a monthly update soon?,2014-05-28T10:12:50Z,https://www.indiegogo.com//projects/retrievor-self-charging-gps-tracking#/,"{""authorID"": 5308827, ""authorType"": 0, ""children"": [], ""childrenTotalCount"": 0, ""commentID"": 546597, ""commentThreadID"": 30157, ""createdAt"": ""2014-05-28T10:12:50Z"", ""editedAt"": ""2014-05-28T10:12:50Z"", ""isDeleted"": false, ""isHidden"": false, ""isReportedByCreator"": false, ""likesCount"": 0, ""newerChildrenCount"": 0, ""newRepliesCount"": 0, ""parentID"": null, ""pinnedAt"": null, ""text"": ""Are we getting a monthly update soon?"", ""userComment"": null}"
546596,,0,,no,ANY NEWS??????,2014-05-25T20:55:25Z,https://www.indiegogo.com//projects/retrievor-self-charging-gps-tracking#/,"{""authorID"": 4968663, ""authorType"": 0, ""children"": [], ""childrenTotalCount"": 0, ""commentID"": 546596, ""commentThreadID"": 30157, ""createdAt"": ""2014-05-25T20:55:25Z"", ""editedAt"": ""2014-05-25T20:55:25Z"", ""isDeleted"": false, ""isHidden"": false, ""isReportedByCreator"": false, ""likesCount"": 0, ""newerChildrenCount"": 0, ""newRepliesCount"": 0, ""parentID"": null, ""pinnedAt"": null, ""text"": ""ANY NEWS??????"", ""userComment"": null}"
546595,,0,RETRIEVOR_GPS,yes,"Hi Dennis,    Thank you for your patience.",2014-04-30T21:39:30Z,https://www.indiegogo.com//projects/retrievor-self-charging-gps-tracking#/,"{""authorID"": 2775796, ""authorType"": 1, ""children"": [], ""childrenTotalCount"": 0, ""commentID"": 546595, ""commentThreadID"": 30157, ""createdAt"": ""2014-04-30T21:39:30Z"", ""editedAt"": ""2014-04-30T21:39:30Z"", ""isDeleted"": false, ""isHidden"": false, ""isReportedByCreator"": false, ""likesCount"": 0, ""newerChildrenCount"": 0, ""newRepliesCount"": 0, ""parentID"": null, ""pinnedAt"": null, ""text"": ""Hi Dennis,\r\n\r\nThank you for your patience."", ""userComment"": null}"
546594,,0,Dennis_van der Pool,no,@Creator: Thank you for the update,2014-04-30T20:01:27Z,https://www.indiegogo.com//projects/retrievor-self-charging-gps-tracking#/,"{""authorID"": 3523143, ""authorType"": 0, ""children"": [], ""childrenTotalCount"": 0, ""commentID"": 546594, ""commentThreadID"": 30157, ""createdAt"": ""2014-04-30T20:01:27Z"", ""editedAt"": ""2014-04-30T20:01:27Z"", ""isDeleted"": false, ""isHidden"": false, ""isReportedByCreator"": false, ""likesCount"": 0, ""newerChildrenCount"": 0, ""newRepliesCount"": 0, ""parentID"": null, ""pinnedAt"": null, ""text"": ""@Creator: Thank you for the update"", ""userComment"": null}"
546593,,0,RETRIEVOR_GPS,yes,"Hi hjorgenogueira,    Yes, you are correct, the campaign was fully funded and ended on 24th November. However, as mentioned in an earlier update, we only received the funding from Indiegogo on 27th January - a whole 2 months later. This caused several delays with the design process.     We are now moving forward at speed and will be posting an update later today.    P.S. Yes, we do remember you asking about the kinetic motion unit.",2014-04-30T16:31:27Z,https://www.indiegogo.com//projects/retrievor-self-charging-gps-tracking#/,"{""authorID"": 2775796, ""authorType"": 1, ""children"": [], ""childrenTotalCount"": 0, ""commentID"": 546593, ""commentThreadID"": 30157, ""createdAt"": ""2014-04-30T16:31:27Z"", ""editedAt"": ""2014-04-30T16:31:27Z"", ""isDeleted"": false, ""isHidden"": false, ""isReportedByCreator"": false, ""likesCount"": 0, ""newerChildrenCount"": 0, ""newRepliesCount"": 0, ""parentID"": null, ""pinnedAt"": null, ""text"": ""Hi hjorgenogueira,\r\n\r\nYes, you are correct, the campaign was fully funded and ended on 24th November. However, as mentioned in an earlier update, we only received the funding from Indiegogo on 27th January - a whole 2 months later. This caused several delays with the design process. \r\n\r\nWe are now moving forward at speed and will be posting an update later today.\r\n\r\nP.S. Yes, we do remember you asking about the kinetic motion unit."", ""userComment"": null}"
546592,,0,Dennis_van der Pool,no,@Creator: Can you please send another update as promised in update 74? :-),2014-04-29T19:40:00Z,https://www.indiegogo.com//projects/retrievor-self-charging-gps-tracking#/,"{""authorID"": 3523143, ""authorType"": 0, ""children"": [], ""childrenTotalCount"": 0, ""commentID"": 546592, ""commentThreadID"": 30157, ""createdAt"": ""2014-04-29T19:40:00Z"", ""editedAt"": ""2014-04-29T19:40:00Z"", ""isDeleted"": false, ""isHidden"": false, ""isReportedByCreator"": false, ""likesCount"": 0, ""newerChildrenCount"": 0, ""newRepliesCount"": 0, ""parentID"": null, ""pinnedAt"": null, ""text"": ""@Creator: Can you please send another update as promised in update 74? :-)"", ""userComment"": null}"
546591,,0,helderalmeida,no,"and believe i am a big supporter  from beginning as you may remember, i asked you about some info on the  tiny generator you were implementing, for a project of mine...    again i do not think is asking too much you guys to give a bit  more info... no need secrets here just plain common sense... i think we deserve it don't you?!",2014-04-29T14:43:19Z,https://www.indiegogo.com//projects/retrievor-self-charging-gps-tracking#/,"{""authorID"": 1659003, ""authorType"": 0, ""children"": [], ""childrenTotalCount"": 0, ""commentID"": 546591, ""commentThreadID"": 30157, ""createdAt"": ""2014-04-29T14:43:19Z"", ""editedAt"": ""2014-04-29T14:43:19Z"", ""isDeleted"": false, ""isHidden"": false, ""isReportedByCreator"": false, ""likesCount"": 0, ""newerChildrenCount"": 0, ""newRepliesCount"": 0, ""parentID"": null, ""pinnedAt"": null, ""text"": ""and believe i am a big supporter  from beginning as you may remember, i asked you about some info on the  tiny generator you were implementing, for a project of mine...\r\n\r\nagain i do not think is asking too much you guys to give a bit  more info... no need secrets here just plain common sense... i think we deserve it don't you?!"", ""userComment"": null}"
546590,,0,helderalmeida,no,"Hey guys,     in-spite on who said what and which are the motives underneath of everyone, the fact still remains ....the campaign was funded on November 24, 2013, we are now around May 2014 and still have not yet seen really pics from what we suppose to support. ....",2014-04-29T14:41:00Z,https://www.indiegogo.com//projects/retrievor-self-charging-gps-tracking#/,"{""authorID"": 1659003, ""authorType"": 0, ""children"": [], ""childrenTotalCount"": 0, ""commentID"": 546590, ""commentThreadID"": 30157, ""createdAt"": ""2014-04-29T14:41:00Z"", ""editedAt"": ""2014-04-29T14:41:00Z"", ""isDeleted"": false, ""isHidden"": false, ""isReportedByCreator"": false, ""likesCount"": 0, ""newerChildrenCount"": 0, ""newRepliesCount"": 0, ""parentID"": null, ""pinnedAt"": null, ""text"": ""Hey guys, \r\n\r\nin-spite on who said what and which are the motives underneath of everyone, the fact still remains ....the campaign was funded on November 24, 2013, we are now around May 2014 and still have not yet seen really pics from what we suppose to support. ...."", ""userComment"": null}"
546579,,0,RETRIEVOR_GPS,yes,"Mark Pulver,    And finally, it you had read the latest update correctly you would have seen this:    ""As we are now in the process of patenting our device, for this reason we are reluctant to disclose the inner workings of Retrievor until we hear back from our patent attorneys.This is a costly and time consuming exercise so we ask for your patience until this process is completed""    And not the twisted words you have used for your purpose!",2014-04-11T15:48:36Z,https://www.indiegogo.com//projects/retrievor-self-charging-gps-tracking#/,"{""authorID"": 2775796, ""authorType"": 1, ""children"": [], ""childrenTotalCount"": 0, ""commentID"": 546579, ""commentThreadID"": 30157, ""createdAt"": ""2014-04-11T15:48:36Z"", ""editedAt"": ""2014-04-11T15:48:36Z"", ""isDeleted"": false, ""isHidden"": false, ""isReportedByCreator"": false, ""likesCount"": 0, ""newerChildrenCount"": 0, ""newRepliesCount"": 0, ""parentID"": null, ""pinnedAt"": null, ""text"": ""Mark Pulver,\r\n\r\nAnd finally, it you had read the latest update correctly you would have seen this:\r\n\r\n\""As we are now in the process of patenting our device, for this reason we are reluctant to disclose the inner workings of Retrievor until we hear back from our patent attorneys.This is a costly and time consuming exercise so we ask for your patience until this process is completed\""\r\n\r\nAnd not the twisted words you have used for your purpose!"", ""userComment"": null}"
546578,,0,RETRIEVOR_GPS,yes,Cont.    It is clear to see that the motivation behind your $2 contribution to this campaign was noting more than to allow you to comment publicly in an attempt to discredit what we are trying to achieve. The very fact that you made a comparison between our GPS tracker and that of a campaign for a Bluetooth tracker speaks volumes about your motives too.,2014-04-11T15:44:49Z,https://www.indiegogo.com//projects/retrievor-self-charging-gps-tracking#/,"{""authorID"": 2775796, ""authorType"": 1, ""children"": [], ""childrenTotalCount"": 0, ""commentID"": 546578, ""commentThreadID"": 30157, ""createdAt"": ""2014-04-11T15:44:49Z"", ""editedAt"": ""2014-04-11T15:44:49Z"", ""isDeleted"": false, ""isHidden"": false, ""isReportedByCreator"": false, ""likesCount"": 0, ""newerChildrenCount"": 0, ""newRepliesCount"": 0, ""parentID"": null, ""pinnedAt"": null, ""text"": ""Cont.\r\n\r\nIt is clear to see that the motivation behind your $2 contribution to this campaign was noting more than to allow you to comment publicly in an attempt to discredit what we are trying to achieve. The very fact that you made a comparison between our GPS tracker and that of a campaign for a Bluetooth tracker speaks volumes about your motives too."", ""userComment"": null}"
546577,,0,RETRIEVOR_GPS,yes,"Mark Pulver,    It appears yet again that you are failing to pay attention. The first campaign was one for a completely different product as that was not a solar powered GPS tracker.     We are not waiting for a patent to be issued but are instead waiting to hear that our application is correctly submitted by our lawyers.",2014-04-11T15:44:36Z,https://www.indiegogo.com//projects/retrievor-self-charging-gps-tracking#/,"{""authorID"": 2775796, ""authorType"": 1, ""children"": [], ""childrenTotalCount"": 0, ""commentID"": 546577, ""commentThreadID"": 30157, ""createdAt"": ""2014-04-11T15:44:36Z"", ""editedAt"": ""2014-04-11T15:44:36Z"", ""isDeleted"": false, ""isHidden"": false, ""isReportedByCreator"": false, ""likesCount"": 0, ""newerChildrenCount"": 0, ""newRepliesCount"": 0, ""parentID"": null, ""pinnedAt"": null, ""text"": ""Mark Pulver,\r\n\r\nIt appears yet again that you are failing to pay attention. The first campaign was one for a completely different product as that was not a solar powered GPS tracker. \r\n\r\nWe are not waiting for a patent to be issued but are instead waiting to hear that our application is correctly submitted by our lawyers."", ""userComment"": null}"
546576,,0,Mark_Pulver,no,"In their first campaign for RETRIEVOR, they clearly talk about already having prototypes.    https://www.indiegogo.com/projects/retrievor-the-complete-gps-tracking-retrieving-solution/x/1154136    The inference about waiting for a patent to be issued before posting pics is interesting. The US Patent Office can take YEARS to issue a patent.    The ""screen shot"" on the home page is a fake. I posted links months ago to an open source Android project, and now its running on an iPhone?",2014-04-11T15:25:55Z,https://www.indiegogo.com//projects/retrievor-self-charging-gps-tracking#/,"{""authorID"": 1097395, ""authorType"": 0, ""children"": [], ""childrenTotalCount"": 0, ""commentID"": 546576, ""commentThreadID"": 30157, ""createdAt"": ""2014-04-11T15:25:55Z"", ""editedAt"": ""2014-04-11T15:25:55Z"", ""isDeleted"": false, ""isHidden"": false, ""isReportedByCreator"": false, ""likesCount"": 0, ""newerChildrenCount"": 0, ""newRepliesCount"": 0, ""parentID"": null, ""pinnedAt"": null, ""text"": ""In their first campaign for RETRIEVOR, they clearly talk about already having prototypes.\r\n\r\nhttps://www.indiegogo.com/projects/retrievor-the-complete-gps-tracking-retrieving-solution/x/1154136\r\n\r\nThe inference about waiting for a patent to be issued before posting pics is interesting. The US Patent Office can take YEARS to issue a patent.\r\n\r\nThe \""screen shot\"" on the home page is a fake. I posted links months ago to an open source Android project, and now its running on an iPhone?"", ""userComment"": null}"
546575,,0,RETRIEVOR_GPS,yes,"Hi guys and girls,    Sorry for the delay but we have been really busy, busy. We will update later today with the latest developments.",2014-04-09T17:15:35Z,https://www.indiegogo.com//projects/retrievor-self-charging-gps-tracking#/,"{""authorID"": 2775796, ""authorType"": 1, ""children"": [], ""childrenTotalCount"": 0, ""commentID"": 546575, ""commentThreadID"": 30157, ""createdAt"": ""2014-04-09T17:15:35Z"", ""editedAt"": ""2014-04-09T17:15:35Z"", ""isDeleted"": false, ""isHidden"": false, ""isReportedByCreator"": false, ""likesCount"": 0, ""newerChildrenCount"": 0, ""newRepliesCount"": 0, ""parentID"": null, ""pinnedAt"": null, ""text"": ""Hi guys and girls,\r\n\r\nSorry for the delay but we have been really busy, busy. We will update later today with the latest developments."", ""userComment"": null}"
546574,,0,,no,Its Tuesday. Where is the Monday update you announced on Saturday. Seriously what are the issues here?,2014-04-09T00:13:22Z,https://www.indiegogo.com//projects/retrievor-self-charging-gps-tracking#/,"{""authorID"": 5152849, ""authorType"": 0, ""children"": [], ""childrenTotalCount"": 0, ""commentID"": 546574, ""commentThreadID"": 30157, ""createdAt"": ""2014-04-09T00:13:22Z"", ""editedAt"": ""2014-04-09T00:13:22Z"", ""isDeleted"": false, ""isHidden"": false, ""isReportedByCreator"": false, ""likesCount"": 0, ""newerChildrenCount"": 0, ""newRepliesCount"": 0, ""parentID"": null, ""pinnedAt"": null, ""text"": ""Its Tuesday. Where is the Monday update you announced on Saturday. Seriously what are the issues here?"", ""userComment"": null}"
546573,,0,,no,"Pictures, samples,... SOMETHING!!!  We have nothing, a part for weak updates without information!!!!    Please!!!!!",2014-04-08T15:15:49Z,https://www.indiegogo.com//projects/retrievor-self-charging-gps-tracking#/,"{""authorID"": 4968663, ""authorType"": 0, ""children"": [], ""childrenTotalCount"": 0, ""commentID"": 546573, ""commentThreadID"": 30157, ""createdAt"": ""2014-04-08T15:15:49Z"", ""editedAt"": ""2014-04-08T15:15:49Z"", ""isDeleted"": false, ""isHidden"": false, ""isReportedByCreator"": false, ""likesCount"": 0, ""newerChildrenCount"": 0, ""newRepliesCount"": 0, ""parentID"": null, ""pinnedAt"": null, ""text"": ""Pictures, samples,... SOMETHING!!!\r\nWe have nothing, a part for weak updates without information!!!!\r\n\r\nPlease!!!!!"", ""userComment"": null}"
546572,,0,helderalmeida,no,"there are things that i see many projects here lack, one is the lack of regular updates and these are not with just empty words... i think this is not your case here RETRIEVOR, ...but the lack of some pic of work, of pcb or manufacturing process that is for someone like us that believe and invest money is something i am pretty sure you have to agree that makes everyone at ease... i am still a strong supporter of you guys but please RETRIEVOR send us some photos...",2014-04-05T15:40:17Z,https://www.indiegogo.com//projects/retrievor-self-charging-gps-tracking#/,"{""authorID"": 1659003, ""authorType"": 0, ""children"": [], ""childrenTotalCount"": 0, ""commentID"": 546572, ""commentThreadID"": 30157, ""createdAt"": ""2014-04-05T15:40:17Z"", ""editedAt"": ""2014-04-05T15:40:17Z"", ""isDeleted"": false, ""isHidden"": false, ""isReportedByCreator"": false, ""likesCount"": 0, ""newerChildrenCount"": 0, ""newRepliesCount"": 0, ""parentID"": null, ""pinnedAt"": null, ""text"": ""there are things that i see many projects here lack, one is the lack of regular updates and these are not with just empty words... i think this is not your case here RETRIEVOR, ...but the lack of some pic of work, of pcb or manufacturing process that is for someone like us that believe and invest money is something i am pretty sure you have to agree that makes everyone at ease... i am still a strong supporter of you guys but please RETRIEVOR send us some photos..."", ""userComment"": null}"
546571,,0,Mark_Pulver,no,"Ooo,.. name calling. Awesome.    Folks, I know what I linked to, do you know why I linked to it? Inherently it's the same product as Retrievor, the only difference is the radio, and with today's tech, that's nothing. The infrastructure around the radio account is certainly more complex, but that's out of scope here.    Riaan; this campaign has been run before here. They're talked about already having prototypes. But, no one has seen anything except bad screen mockups.",2014-04-04T17:50:06Z,https://www.indiegogo.com//projects/retrievor-self-charging-gps-tracking#/,"{""authorID"": 1097395, ""authorType"": 0, ""children"": [], ""childrenTotalCount"": 0, ""commentID"": 546571, ""commentThreadID"": 30157, ""createdAt"": ""2014-04-04T17:50:06Z"", ""editedAt"": ""2014-04-04T17:50:06Z"", ""isDeleted"": false, ""isHidden"": false, ""isReportedByCreator"": false, ""likesCount"": 0, ""newerChildrenCount"": 0, ""newRepliesCount"": 0, ""parentID"": null, ""pinnedAt"": null, ""text"": ""Ooo,.. name calling. Awesome.\r\n\r\nFolks, I know what I linked to, do you know why I linked to it? Inherently it's the same product as Retrievor, the only difference is the radio, and with today's tech, that's nothing. The infrastructure around the radio account is certainly more complex, but that's out of scope here.\r\n\r\nRiaan; this campaign has been run before here. They're talked about already having prototypes. But, no one has seen anything except bad screen mockups."", ""userComment"": null}"
546570,,0,Riccardo_Spagni,no,"Also ya'll need to chill out, Retrievor only received their money from Indiegogo a month ago. We're getting some custom electronics done in Canada, and the company has an 8-10 week design period for the prototypes (that is costing us just south of $100k to do), and then 4-8 weeks of actual manufacturing per run with a MOQ of 50 units. If these guys can pull this off in the compressed timelines and with only $87k I'll be highly impressed.",2014-04-04T07:33:40Z,https://www.indiegogo.com//projects/retrievor-self-charging-gps-tracking#/,"{""authorID"": 5308827, ""authorType"": 0, ""children"": [], ""childrenTotalCount"": 0, ""commentID"": 546570, ""commentThreadID"": 30157, ""createdAt"": ""2014-04-04T07:33:40Z"", ""editedAt"": ""2014-04-04T07:33:40Z"", ""isDeleted"": false, ""isHidden"": false, ""isReportedByCreator"": false, ""likesCount"": 0, ""newerChildrenCount"": 0, ""newRepliesCount"": 0, ""parentID"": null, ""pinnedAt"": null, ""text"": ""Also ya'll need to chill out, Retrievor only received their money from Indiegogo a month ago. We're getting some custom electronics done in Canada, and the company has an 8-10 week design period for the prototypes (that is costing us just south of $100k to do), and then 4-8 weeks of actual manufacturing per run with a MOQ of 50 units. If these guys can pull this off in the compressed timelines and with only $87k I'll be highly impressed."", ""userComment"": null}"
546569,,0,Riccardo_Spagni,no,"@Mark Pulver: you're an idiot, a bluetooth tracker is nothing close to this. If we stuck bluetooth trackers on our dogs we'd be able to track them in the garden and that's it - we need to track them if they escape. This is a full-blown GPS based tracker that updates its position *worldwide* over the Internet using any modern GSM network. It's completely incomparable to a bluetooth tracker, and it's precisely why we spent several hundred Dollars on these.",2014-04-04T07:33:29Z,https://www.indiegogo.com//projects/retrievor-self-charging-gps-tracking#/,"{""authorID"": 5308827, ""authorType"": 0, ""children"": [], ""childrenTotalCount"": 0, ""commentID"": 546569, ""commentThreadID"": 30157, ""createdAt"": ""2014-04-04T07:33:29Z"", ""editedAt"": ""2014-04-04T07:33:29Z"", ""isDeleted"": false, ""isHidden"": false, ""isReportedByCreator"": false, ""likesCount"": 0, ""newerChildrenCount"": 0, ""newRepliesCount"": 0, ""parentID"": null, ""pinnedAt"": null, ""text"": ""@Mark Pulver: you're an idiot, a bluetooth tracker is nothing close to this. If we stuck bluetooth trackers on our dogs we'd be able to track them in the garden and that's it - we need to track them if they escape. This is a full-blown GPS based tracker that updates its position *worldwide* over the Internet using any modern GSM network. It's completely incomparable to a bluetooth tracker, and it's precisely why we spent several hundred Dollars on these."", ""userComment"": null}"
546567,,0,RETRIEVOR_GPS,yes,"Hi Mark Pulver,    I guess the fact that you have made a comparison between our device and that of a bluetooth tracking device shows that you do not understand our product at all.    We will post photos when we have completed manufacturing and units are shipped on route to our customers.. As previously mentioned, we have no protection covering our technology as this is cost prohibitive.",2014-04-03T13:10:50Z,https://www.indiegogo.com//projects/retrievor-self-charging-gps-tracking#/,"{""authorID"": 2775796, ""authorType"": 1, ""children"": [], ""childrenTotalCount"": 0, ""commentID"": 546567, ""commentThreadID"": 30157, ""createdAt"": ""2014-04-03T13:10:50Z"", ""editedAt"": ""2014-04-03T13:10:50Z"", ""isDeleted"": false, ""isHidden"": false, ""isReportedByCreator"": false, ""likesCount"": 0, ""newerChildrenCount"": 0, ""newRepliesCount"": 0, ""parentID"": null, ""pinnedAt"": null, ""text"": ""Hi Mark Pulver,\r\n\r\nI guess the fact that you have made a comparison between our device and that of a bluetooth tracking device shows that you do not understand our product at all.\r\n\r\nWe will post photos when we have completed manufacturing and units are shipped on route to our customers.. As previously mentioned, we have no protection covering our technology as this is cost prohibitive."", ""userComment"": null}"
546566,,0,Mark_Pulver,no,"Don't hold your breath Mark, I and other folks were asking for pics of even a soldering iron months ago. There's a lot in this campaign that doesn't (""didn't"") add up - scroll back through the comments to see the back & forth.    Meanwhile, other folks have successfully done what these folks claimed to be doing:    https://www.kickstarter.com/projects/192833321/pebblebee-the-most-versatile-ios-android-bluetooth",2014-04-03T12:43:58Z,https://www.indiegogo.com//projects/retrievor-self-charging-gps-tracking#/,"{""authorID"": 1097395, ""authorType"": 0, ""children"": [], ""childrenTotalCount"": 0, ""commentID"": 546566, ""commentThreadID"": 30157, ""createdAt"": ""2014-04-03T12:43:58Z"", ""editedAt"": ""2014-04-03T12:43:58Z"", ""isDeleted"": false, ""isHidden"": false, ""isReportedByCreator"": false, ""likesCount"": 0, ""newerChildrenCount"": 0, ""newRepliesCount"": 0, ""parentID"": null, ""pinnedAt"": null, ""text"": ""Don't hold your breath Mark, I and other folks were asking for pics of even a soldering iron months ago. There's a lot in this campaign that doesn't (\""didn't\"") add up - scroll back through the comments to see the back & forth.\r\n\r\nMeanwhile, other folks have successfully done what these folks claimed to be doing:\r\n\r\nhttps://www.kickstarter.com/projects/192833321/pebblebee-the-most-versatile-ios-android-bluetooth"", ""userComment"": null}"
546565,,0,"Mark ""Polar""_Adam",no,"Hey Guys;    Perhaps you can show us some photos of the PCB boards, or something.      Thanks.    Mark",2014-03-31T17:43:39Z,https://www.indiegogo.com//projects/retrievor-self-charging-gps-tracking#/,"{""authorID"": 1771899, ""authorType"": 0, ""children"": [], ""childrenTotalCount"": 0, ""commentID"": 546565, ""commentThreadID"": 30157, ""createdAt"": ""2014-03-31T17:43:39Z"", ""editedAt"": ""2014-03-31T17:43:39Z"", ""isDeleted"": false, ""isHidden"": false, ""isReportedByCreator"": false, ""likesCount"": 0, ""newerChildrenCount"": 0, ""newRepliesCount"": 0, ""parentID"": null, ""pinnedAt"": null, ""text"": ""Hey Guys;\r\n\r\nPerhaps you can show us some photos of the PCB boards, or something.  \r\n\r\nThanks.\r\n\r\nMark"", ""userComment"": null}"
546563,,0,RETRIEVOR_GPS,yes,"Hi Mark & Andi,    We will be posting an update tomorrow morning with information on our progress.    The Retrievor Team",2014-03-17T18:22:26Z,https://www.indiegogo.com//projects/retrievor-self-charging-gps-tracking#/,"{""authorID"": 2775796, ""authorType"": 1, ""children"": [], ""childrenTotalCount"": 0, ""commentID"": 546563, ""commentThreadID"": 30157, ""createdAt"": ""2014-03-17T18:22:26Z"", ""editedAt"": ""2014-03-17T18:22:26Z"", ""isDeleted"": false, ""isHidden"": false, ""isReportedByCreator"": false, ""likesCount"": 0, ""newerChildrenCount"": 0, ""newRepliesCount"": 0, ""parentID"": null, ""pinnedAt"": null, ""text"": ""Hi Mark & Andi,\r\n\r\nWe will be posting an update tomorrow morning with information on our progress.\r\n\r\nThe Retrievor Team"", ""userComment"": null}"
546562,,0,Andi_Berger,no,yes pelase update us,2014-03-17T08:16:58Z,https://www.indiegogo.com//projects/retrievor-self-charging-gps-tracking#/,"{""authorID"": 2032290, ""authorType"": 0, ""children"": [], ""childrenTotalCount"": 0, ""commentID"": 546562, ""commentThreadID"": 30157, ""createdAt"": ""2014-03-17T08:16:58Z"", ""editedAt"": ""2014-03-17T08:16:58Z"", ""isDeleted"": false, ""isHidden"": false, ""isReportedByCreator"": false, ""likesCount"": 0, ""newerChildrenCount"": 0, ""newRepliesCount"": 0, ""parentID"": null, ""pinnedAt"": null, ""text"": ""yes pelase update us"", ""userComment"": null}"
546561,,0,"Mark ""Polar""_Adam",no,"So guys,    Haven't heard from you in a while.  Where are you in the process?     Mark",2014-03-17T06:16:12Z,https://www.indiegogo.com//projects/retrievor-self-charging-gps-tracking#/,"{""authorID"": 1771899, ""authorType"": 0, ""children"": [], ""childrenTotalCount"": 0, ""commentID"": 546561, ""commentThreadID"": 30157, ""createdAt"": ""2014-03-17T06:16:12Z"", ""editedAt"": ""2014-03-17T06:16:12Z"", ""isDeleted"": false, ""isHidden"": false, ""isReportedByCreator"": false, ""likesCount"": 0, ""newerChildrenCount"": 0, ""newRepliesCount"": 0, ""parentID"": null, ""pinnedAt"": null, ""text"": ""So guys,\r\n\r\nHaven't heard from you in a while.  Where are you in the process? \r\n\r\nMark"", ""userComment"": null}"
546556,,0,RETRIEVOR_GPS,yes,"Hi Andy,    Our campaign has been delayed. Please click on the ""Updates"" Tab for more information.",2014-01-23T15:43:33Z,https://www.indiegogo.com//projects/retrievor-self-charging-gps-tracking#/,"{""authorID"": 2775796, ""authorType"": 1, ""children"": [], ""childrenTotalCount"": 0, ""commentID"": 546556, ""commentThreadID"": 30157, ""createdAt"": ""2014-01-23T15:43:33Z"", ""editedAt"": ""2014-01-23T15:43:33Z"", ""isDeleted"": false, ""isHidden"": false, ""isReportedByCreator"": false, ""likesCount"": 0, ""newerChildrenCount"": 0, ""newRepliesCount"": 0, ""parentID"": null, ""pinnedAt"": null, ""text"": ""Hi Andy,\r\n\r\nOur campaign has been delayed. Please click on the \""Updates\"" Tab for more information."", ""userComment"": null}"
546555,,0,Andi_Berger,no,"January comes to an End soon and i would like to know when we will receive the RETRIEVOR     Perk: The Retrievor Double Up Perk  Voraussichtliches Lieferdatum: January 31, 2014",2014-01-22T08:09:40Z,https://www.indiegogo.com//projects/retrievor-self-charging-gps-tracking#/,"{""authorID"": 2032290, ""authorType"": 0, ""children"": [], ""childrenTotalCount"": 0, ""commentID"": 546555, ""commentThreadID"": 30157, ""createdAt"": ""2014-01-22T08:09:40Z"", ""editedAt"": ""2014-01-22T08:09:40Z"", ""isDeleted"": false, ""isHidden"": false, ""isReportedByCreator"": false, ""likesCount"": 0, ""newerChildrenCount"": 0, ""newRepliesCount"": 0, ""parentID"": null, ""pinnedAt"": null, ""text"": ""January comes to an End soon and i would like to know when we will receive the RETRIEVOR \r\n\r\nPerk: The Retrievor Double Up Perk\r\nVoraussichtliches Lieferdatum: January 31, 2014"", ""userComment"": null}"
546553,,0,,no,"1 month ago the update said there would be pictures and a video of the working prototype within 1-2 weeks.  I have not seen any to this point and would be very interested in receiving an update on this prototype.  Even if the final spec has changed, I would expect the 'working' prototype to have been completed and can be shown to investors..or am I wrong?  I think it would give a level of comfort for all investors to see the prototype in whatever stage it is at.   Thanks",2014-01-10T18:03:51Z,https://www.indiegogo.com//projects/retrievor-self-charging-gps-tracking#/,"{""authorID"": 5119898, ""authorType"": 0, ""children"": [], ""childrenTotalCount"": 0, ""commentID"": 546553, ""commentThreadID"": 30157, ""createdAt"": ""2014-01-10T18:03:51Z"", ""editedAt"": ""2014-01-10T18:03:51Z"", ""isDeleted"": false, ""isHidden"": false, ""isReportedByCreator"": false, ""likesCount"": 0, ""newerChildrenCount"": 0, ""newRepliesCount"": 0, ""parentID"": null, ""pinnedAt"": null, ""text"": ""1 month ago the update said there would be pictures and a video of the working prototype within 1-2 weeks.  I have not seen any to this point and would be very interested in receiving an update on this prototype.  Even if the final spec has changed, I would expect the 'working' prototype to have been completed and can be shown to investors..or am I wrong?  I think it would give a level of comfort for all investors to see the prototype in whatever stage it is at.   Thanks"", ""userComment"": null}"
546552,,0,,no,"Can you add some real pictures....¿? Samples, etc... When are you sending the devices?    Thanks?",2014-01-09T19:00:48Z,https://www.indiegogo.com//projects/retrievor-self-charging-gps-tracking#/,"{""authorID"": 4968663, ""authorType"": 0, ""children"": [], ""childrenTotalCount"": 0, ""commentID"": 546552, ""commentThreadID"": 30157, ""createdAt"": ""2014-01-09T19:00:48Z"", ""editedAt"": ""2014-01-09T19:00:48Z"", ""isDeleted"": false, ""isHidden"": false, ""isReportedByCreator"": false, ""likesCount"": 0, ""newerChildrenCount"": 0, ""newRepliesCount"": 0, ""parentID"": null, ""pinnedAt"": null, ""text"": ""Can you add some real pictures....¿? Samples, etc... When are you sending the devices?\r\n\r\nThanks?"", ""userComment"": null}"
546550,,0,RETRIEVOR_GPS,yes,"Hi grjfield,    Thanks for the comment.     If you click the 'Updates' tab you will see there was an update posted 14 days ago. We will be updating later today with more news regarding developments etc.",2013-12-24T09:47:08Z,https://www.indiegogo.com//projects/retrievor-self-charging-gps-tracking#/,"{""authorID"": 2775796, ""authorType"": 1, ""children"": [], ""childrenTotalCount"": 0, ""commentID"": 546550, ""commentThreadID"": 30157, ""createdAt"": ""2013-12-24T09:47:08Z"", ""editedAt"": ""2013-12-24T09:47:08Z"", ""isDeleted"": false, ""isHidden"": false, ""isReportedByCreator"": false, ""likesCount"": 0, ""newerChildrenCount"": 0, ""newRepliesCount"": 0, ""parentID"": null, ""pinnedAt"": null, ""text"": ""Hi grjfield,\r\n\r\nThanks for the comment. \r\n\r\nIf you click the 'Updates' tab you will see there was an update posted 14 days ago. We will be updating later today with more news regarding developments etc."", ""userComment"": null}"
546549,,0,,no,I have not seen any update on this product for 1 month....whereas in my other campaign they update regularly.  Is there any product news or perhaps new pictures/updates that can be provided to keep all investors involved and in the loop?  Thanks,2013-12-23T19:42:14Z,https://www.indiegogo.com//projects/retrievor-self-charging-gps-tracking#/,"{""authorID"": 5119898, ""authorType"": 0, ""children"": [], ""childrenTotalCount"": 0, ""commentID"": 546549, ""commentThreadID"": 30157, ""createdAt"": ""2013-12-23T19:42:14Z"", ""editedAt"": ""2013-12-23T19:42:14Z"", ""isDeleted"": false, ""isHidden"": false, ""isReportedByCreator"": false, ""likesCount"": 0, ""newerChildrenCount"": 0, ""newRepliesCount"": 0, ""parentID"": null, ""pinnedAt"": null, ""text"": ""I have not seen any update on this product for 1 month....whereas in my other campaign they update regularly.  Is there any product news or perhaps new pictures/updates that can be provided to keep all investors involved and in the loop?  Thanks"", ""userComment"": null}"
546546,,0,Rudy_De Volder_cc71,no,I like the latest update on the battery and the reliability.  Don't mind the missing sd-card slot.,2013-11-24T13:58:45Z,https://www.indiegogo.com//projects/retrievor-self-charging-gps-tracking#/,"{""authorID"": 4708078, ""authorType"": 0, ""children"": [], ""childrenTotalCount"": 0, ""commentID"": 546546, ""commentThreadID"": 30157, ""createdAt"": ""2013-11-24T13:58:45Z"", ""editedAt"": ""2013-11-24T13:58:45Z"", ""isDeleted"": false, ""isHidden"": false, ""isReportedByCreator"": false, ""likesCount"": 0, ""newerChildrenCount"": 0, ""newRepliesCount"": 0, ""parentID"": null, ""pinnedAt"": null, ""text"": ""I like the latest update on the battery and the reliability.\r\nDon't mind the missing sd-card slot."", ""userComment"": null}"
546542,,0,RETRIEVOR_GPS,yes,"Hi Mirko,    Thanks for the suggestion!",2013-11-19T17:53:06Z,https://www.indiegogo.com//projects/retrievor-self-charging-gps-tracking#/,"{""authorID"": 2775796, ""authorType"": 1, ""children"": [], ""childrenTotalCount"": 0, ""commentID"": 546542, ""commentThreadID"": 30157, ""createdAt"": ""2013-11-19T17:53:06Z"", ""editedAt"": ""2013-11-19T17:53:06Z"", ""isDeleted"": false, ""isHidden"": false, ""isReportedByCreator"": false, ""likesCount"": 0, ""newerChildrenCount"": 0, ""newRepliesCount"": 0, ""parentID"": null, ""pinnedAt"": null, ""text"": ""Hi Mirko,\r\n\r\nThanks for the suggestion!"", ""userComment"": null}"
546541,,0,RETRIEVOR_GPS,yes,"Dominik Schmid    Thank you for the suggestion. Due to limited space withing the device, we do not plan on including a SD card slot",2013-11-19T17:52:41Z,https://www.indiegogo.com//projects/retrievor-self-charging-gps-tracking#/,"{""authorID"": 2775796, ""authorType"": 1, ""children"": [], ""childrenTotalCount"": 0, ""commentID"": 546541, ""commentThreadID"": 30157, ""createdAt"": ""2013-11-19T17:52:41Z"", ""editedAt"": ""2013-11-19T17:52:41Z"", ""isDeleted"": false, ""isHidden"": false, ""isReportedByCreator"": false, ""likesCount"": 0, ""newerChildrenCount"": 0, ""newRepliesCount"": 0, ""parentID"": null, ""pinnedAt"": null, ""text"": ""Dominik Schmid\r\n\r\nThank you for the suggestion. Due to limited space withing the device, we do not plan on including a SD card slot"", ""userComment"": null}"
546539,,0,Mirko_Massarutto,no,80000 - 75214 = 4786  4786 / 353 = 13.56 $    So why not Create a last offer to reach the target... with a little bonus? i suggest more service month..,2013-11-19T07:51:24Z,https://www.indiegogo.com//projects/retrievor-self-charging-gps-tracking#/,"{""authorID"": 4735799, ""authorType"": 0, ""children"": [], ""childrenTotalCount"": 0, ""commentID"": 546539, ""commentThreadID"": 30157, ""createdAt"": ""2013-11-19T07:51:24Z"", ""editedAt"": ""2013-11-19T07:51:24Z"", ""isDeleted"": false, ""isHidden"": false, ""isReportedByCreator"": false, ""likesCount"": 0, ""newerChildrenCount"": 0, ""newRepliesCount"": 0, ""parentID"": null, ""pinnedAt"": null, ""text"": ""80000 - 75214 = 4786\r\n4786 / 353 = 13.56 $\r\n\r\nSo why not Create a last offer to reach the target... with a little bonus? i suggest more service month.."", ""userComment"": null}"
546538,,0,Dominik_Schmid_6ab6,no,"Hi,    It would be great if you added GPS logger functionalities and a slot for a micro SD card Tod record its recorded data. Do you think you could inegrare my suggestion?",2013-11-18T20:25:21Z,https://www.indiegogo.com//projects/retrievor-self-charging-gps-tracking#/,"{""authorID"": 3963694, ""authorType"": 0, ""children"": [], ""childrenTotalCount"": 0, ""commentID"": 546538, ""commentThreadID"": 30157, ""createdAt"": ""2013-11-18T20:25:21Z"", ""editedAt"": ""2013-11-18T20:25:21Z"", ""isDeleted"": false, ""isHidden"": false, ""isReportedByCreator"": false, ""likesCount"": 0, ""newerChildrenCount"": 0, ""newRepliesCount"": 0, ""parentID"": null, ""pinnedAt"": null, ""text"": ""Hi,\r\n\r\nIt would be great if you added GPS logger functionalities and a slot for a micro SD card Tod record its recorded data. Do you think you could inegrare my suggestion?"", ""userComment"": null}"
546533,,0,Mark_Pulver,no,"You're simply wrong, I have been asking a number of questions. If you hadn't been deleting my comments other people would have been able to more easily see them:    - What CPU are you using?  - Why are you using a screen shot from an OpenSource 2010 *Android* application as a prop on an *iPhone*?  - Have you done any testing with a body mass in the way of the uplink radio?  - Do you have any pictures of the prototype or proof of concept?    ... and many more.",2013-11-13T17:20:15Z,https://www.indiegogo.com//projects/retrievor-self-charging-gps-tracking#/,"{""authorID"": 1097395, ""authorType"": 0, ""children"": [], ""childrenTotalCount"": 0, ""commentID"": 546533, ""commentThreadID"": 30157, ""createdAt"": ""2013-11-13T17:20:15Z"", ""editedAt"": ""2013-11-13T17:20:15Z"", ""isDeleted"": false, ""isHidden"": false, ""isReportedByCreator"": false, ""likesCount"": 0, ""newerChildrenCount"": 0, ""newRepliesCount"": 0, ""parentID"": null, ""pinnedAt"": null, ""text"": ""You're simply wrong, I have been asking a number of questions. If you hadn't been deleting my comments other people would have been able to more easily see them:\r\n\r\n- What CPU are you using?\r\n- Why are you using a screen shot from an OpenSource 2010 *Android* application as a prop on an *iPhone*?\r\n- Have you done any testing with a body mass in the way of the uplink radio?\r\n- Do you have any pictures of the prototype or proof of concept?\r\n\r\n... and many more."", ""userComment"": null}"
546532,,0,E Joseph_B,no,no more comments?  bueller...... bueller......,2013-11-13T02:32:52Z,https://www.indiegogo.com//projects/retrievor-self-charging-gps-tracking#/,"{""authorID"": 4871405, ""authorType"": 0, ""children"": [], ""childrenTotalCount"": 0, ""commentID"": 546532, ""commentThreadID"": 30157, ""createdAt"": ""2013-11-13T02:32:52Z"", ""editedAt"": ""2013-11-13T02:32:52Z"", ""isDeleted"": false, ""isHidden"": false, ""isReportedByCreator"": false, ""likesCount"": 0, ""newerChildrenCount"": 0, ""newRepliesCount"": 0, ""parentID"": null, ""pinnedAt"": null, ""text"": ""no more comments?\r\nbueller...... bueller......"", ""userComment"": null}"
546526,,0,RETRIEVOR_GPS,yes,"Let me remind you Mark -  you were not asking questions Mark but were instead making accusations:    ""There are no real pictures, the ""app running on a phone"" on the homepage is a fake, the project timeline in the Gantt chart is impossible, there is mixed information around a prototype or even a proof of concept""",2013-11-05T16:37:38Z,https://www.indiegogo.com//projects/retrievor-self-charging-gps-tracking#/,"{""authorID"": 2775796, ""authorType"": 1, ""children"": [], ""childrenTotalCount"": 0, ""commentID"": 546526, ""commentThreadID"": 30157, ""createdAt"": ""2013-11-05T16:37:38Z"", ""editedAt"": ""2013-11-05T16:37:38Z"", ""isDeleted"": false, ""isHidden"": false, ""isReportedByCreator"": false, ""likesCount"": 0, ""newerChildrenCount"": 0, ""newRepliesCount"": 0, ""parentID"": null, ""pinnedAt"": null, ""text"": ""Let me remind you Mark -  you were not asking questions Mark but were instead making accusations:\r\n\r\n\""There are no real pictures, the \""app running on a phone\"" on the homepage is a fake, the project timeline in the Gantt chart is impossible, there is mixed information around a prototype or even a proof of concept\"""", ""userComment"": null}"
546524,,0,RETRIEVOR_GPS,yes,"Mark,    Your copy and pasting the same questions over and over and refusing to acknowledge any answers we have given only shows your true intent here. You critisize other successful campaigns and when proiven wrong, continue to goad. We will not take part in your games any longer. The Gantt chart is as it clearly shows on the campaign page. There was no question about using an off the shelf GPS as you were in fact making an assumption and statement. What we are developing is obvious.",2013-11-05T16:34:39Z,https://www.indiegogo.com//projects/retrievor-self-charging-gps-tracking#/,"{""authorID"": 2775796, ""authorType"": 1, ""children"": [], ""childrenTotalCount"": 0, ""commentID"": 546524, ""commentThreadID"": 30157, ""createdAt"": ""2013-11-05T16:34:39Z"", ""editedAt"": ""2013-11-05T16:34:39Z"", ""isDeleted"": false, ""isHidden"": false, ""isReportedByCreator"": false, ""likesCount"": 0, ""newerChildrenCount"": 0, ""newRepliesCount"": 0, ""parentID"": null, ""pinnedAt"": null, ""text"": ""Mark,\r\n\r\nYour copy and pasting the same questions over and over and refusing to acknowledge any answers we have given only shows your true intent here. You critisize other successful campaigns and when proiven wrong, continue to goad. We will not take part in your games any longer. The Gantt chart is as it clearly shows on the campaign page. There was no question about using an off the shelf GPS as you were in fact making an assumption and statement. What we are developing is obvious."", ""userComment"": null}"
546523,,0,Mark_Pulver,no,"(to repeat myself)     Curiously, all of the information I posted up about how the pic of ""the app running on a phone"" is a fake (it's an OpenSource Android app supposedly running on an iPhone) has been deleted. The questions about discrepancies in the Gantt chart are gone. The information about using an off-the-shelf GPS chip is gone. The question asking ""just what ar you developing"" is gone. The question asking for CPU information is gone.",2013-11-05T16:00:24Z,https://www.indiegogo.com//projects/retrievor-self-charging-gps-tracking#/,"{""authorID"": 1097395, ""authorType"": 0, ""children"": [], ""childrenTotalCount"": 0, ""commentID"": 546523, ""commentThreadID"": 30157, ""createdAt"": ""2013-11-05T16:00:24Z"", ""editedAt"": ""2013-11-05T16:00:24Z"", ""isDeleted"": false, ""isHidden"": false, ""isReportedByCreator"": false, ""likesCount"": 0, ""newerChildrenCount"": 0, ""newRepliesCount"": 0, ""parentID"": null, ""pinnedAt"": null, ""text"": ""(to repeat myself) \r\n\r\nCuriously, all of the information I posted up about how the pic of \""the app running on a phone\"" is a fake (it's an OpenSource Android app supposedly running on an iPhone) has been deleted. The questions about discrepancies in the Gantt chart are gone. The information about using an off-the-shelf GPS chip is gone. The question asking \""just what ar you developing\"" is gone. The question asking for CPU information is gone."", ""userComment"": null}"
546521,,0,RETRIEVOR_GPS,yes,"Hi gerardus44,    Please send us an e-mail to sales@retrievor.com including your full name and old and new address details.",2013-11-04T21:23:54Z,https://www.indiegogo.com//projects/retrievor-self-charging-gps-tracking#/,"{""authorID"": 2775796, ""authorType"": 1, ""children"": [], ""childrenTotalCount"": 0, ""commentID"": 546521, ""commentThreadID"": 30157, ""createdAt"": ""2013-11-04T21:23:54Z"", ""editedAt"": ""2013-11-04T21:23:54Z"", ""isDeleted"": false, ""isHidden"": false, ""isReportedByCreator"": false, ""likesCount"": 0, ""newerChildrenCount"": 0, ""newRepliesCount"": 0, ""parentID"": null, ""pinnedAt"": null, ""text"": ""Hi gerardus44,\r\n\r\nPlease send us an e-mail to sales@retrievor.com including your full name and old and new address details."", ""userComment"": null}"
546520,,0,Arurle_Edsist,no,like to chance billing adress how thanks,2013-11-04T18:44:29Z,https://www.indiegogo.com//projects/retrievor-self-charging-gps-tracking#/,"{""authorID"": 3160746, ""authorType"": 0, ""children"": [], ""childrenTotalCount"": 0, ""commentID"": 546520, ""commentThreadID"": 30157, ""createdAt"": ""2013-11-04T18:44:29Z"", ""editedAt"": ""2013-11-04T18:44:29Z"", ""isDeleted"": false, ""isHidden"": false, ""isReportedByCreator"": false, ""likesCount"": 0, ""newerChildrenCount"": 0, ""newRepliesCount"": 0, ""parentID"": null, ""pinnedAt"": null, ""text"": ""like to chance billing adress how thanks"", ""userComment"": null}"
546518,,0,Jasmine_Prentice,no,"This all started when you asked for all of the details of the project. Did you really expect him to divulge his schematics on a public forum? You were once burned by divulging too much to an associate, the creators of iDrive I believe.     You didn't answer me. What is your obsession with Shane?",2013-11-03T22:03:52Z,https://www.indiegogo.com//projects/retrievor-self-charging-gps-tracking#/,"{""authorID"": 5062096, ""authorType"": 0, ""children"": [], ""childrenTotalCount"": 0, ""commentID"": 546518, ""commentThreadID"": 30157, ""createdAt"": ""2013-11-03T22:03:52Z"", ""editedAt"": ""2013-11-03T22:03:52Z"", ""isDeleted"": false, ""isHidden"": false, ""isReportedByCreator"": false, ""likesCount"": 0, ""newerChildrenCount"": 0, ""newRepliesCount"": 0, ""parentID"": null, ""pinnedAt"": null, ""text"": ""This all started when you asked for all of the details of the project. Did you really expect him to divulge his schematics on a public forum? You were once burned by divulging too much to an associate, the creators of iDrive I believe. \r\n\r\nYou didn't answer me. What is your obsession with Shane?"", ""userComment"": null}"
546517,,0,Jasmine_Prentice,no,"You are stating that he has threatened you, May I ask you what threats. I have searched this thread and been unable to find any. All I see is rather juvenile behavior from someone who claims to be a businessman.     You stepped into criminal when you began to slander and make false statements you cannot prove. You claim it is a scam, yet cannot prove it. You use a disgruntled customer from a different company as proof. You come across as a bitter angry man with a grudge.",2013-11-03T22:00:00Z,https://www.indiegogo.com//projects/retrievor-self-charging-gps-tracking#/,"{""authorID"": 5062096, ""authorType"": 0, ""children"": [], ""childrenTotalCount"": 0, ""commentID"": 546517, ""commentThreadID"": 30157, ""createdAt"": ""2013-11-03T22:00:00Z"", ""editedAt"": ""2013-11-03T22:00:00Z"", ""isDeleted"": false, ""isHidden"": false, ""isReportedByCreator"": false, ""likesCount"": 0, ""newerChildrenCount"": 0, ""newRepliesCount"": 0, ""parentID"": null, ""pinnedAt"": null, ""text"": ""You are stating that he has threatened you, May I ask you what threats. I have searched this thread and been unable to find any. All I see is rather juvenile behavior from someone who claims to be a businessman. \r\n\r\nYou stepped into criminal when you began to slander and make false statements you cannot prove. You claim it is a scam, yet cannot prove it. You use a disgruntled customer from a different company as proof. You come across as a bitter angry man with a grudge."", ""userComment"": null}"
546515,,0,Jasmine_Prentice,no,"No Daniel, I am neither an affiliate or an alias. Your psychosis runs deep I see. I am merely a contributor who became intrigued by your smear campaign. Maybe it is the psychologist in me. At first you intrigued me with your petulant behavior, but then I saw you dive into the criminal realm. It is a good thing you have an attorney as I have a gut feeling you will need one.    Why have you become obsessed with harming a man you do not know?",2013-11-03T21:12:35Z,https://www.indiegogo.com//projects/retrievor-self-charging-gps-tracking#/,"{""authorID"": 5062096, ""authorType"": 0, ""children"": [], ""childrenTotalCount"": 0, ""commentID"": 546515, ""commentThreadID"": 30157, ""createdAt"": ""2013-11-03T21:12:35Z"", ""editedAt"": ""2013-11-03T21:12:35Z"", ""isDeleted"": false, ""isHidden"": false, ""isReportedByCreator"": false, ""likesCount"": 0, ""newerChildrenCount"": 0, ""newRepliesCount"": 0, ""parentID"": null, ""pinnedAt"": null, ""text"": ""No Daniel, I am neither an affiliate or an alias. Your psychosis runs deep I see. I am merely a contributor who became intrigued by your smear campaign. Maybe it is the psychologist in me. At first you intrigued me with your petulant behavior, but then I saw you dive into the criminal realm. It is a good thing you have an attorney as I have a gut feeling you will need one.\r\n\r\nWhy have you become obsessed with harming a man you do not know?"", ""userComment"": null}"
546511,,0,Jasmine_Prentice,no,"Oh and Daniel,    One only has to google you to see that you have had a long list of failures. Don't you think it is hypocritical to point out someone else's unsuccessful campaign? You are beginning to look obsessed with this Shane guy, and mentally unstable to be honest. I think that discredits anything you have to say.    Retrievor GPS:    I think you should hand this over to your legal team, if you have one.",2013-11-03T20:14:16Z,https://www.indiegogo.com//projects/retrievor-self-charging-gps-tracking#/,"{""authorID"": 5062096, ""authorType"": 0, ""children"": [], ""childrenTotalCount"": 0, ""commentID"": 546511, ""commentThreadID"": 30157, ""createdAt"": ""2013-11-03T20:14:16Z"", ""editedAt"": ""2013-11-03T20:14:16Z"", ""isDeleted"": false, ""isHidden"": false, ""isReportedByCreator"": false, ""likesCount"": 0, ""newerChildrenCount"": 0, ""newRepliesCount"": 0, ""parentID"": null, ""pinnedAt"": null, ""text"": ""Oh and Daniel,\r\n\r\nOne only has to google you to see that you have had a long list of failures. Don't you think it is hypocritical to point out someone else's unsuccessful campaign? You are beginning to look obsessed with this Shane guy, and mentally unstable to be honest. I think that discredits anything you have to say.\r\n\r\nRetrievor GPS:\r\n\r\nI think you should hand this over to your legal team, if you have one."", ""userComment"": null}"
546510,,0,Jasmine_Prentice,no,"Daniel,   Just out of curiosity, what does the fact that this Shane person is an avid anti-hunting and hates the thought that animals are sadistically tortured and killed for pleasure have to do with this campaign? I must assume you support hunting and animal sadism.    And I checked out your links, they are obviously the same disgruntled person posting multiple times. I thought you claimed to be a businessman? If that were true you would know you can't make everyone happy.",2013-11-03T20:09:18Z,https://www.indiegogo.com//projects/retrievor-self-charging-gps-tracking#/,"{""authorID"": 5062096, ""authorType"": 0, ""children"": [], ""childrenTotalCount"": 0, ""commentID"": 546510, ""commentThreadID"": 30157, ""createdAt"": ""2013-11-03T20:09:18Z"", ""editedAt"": ""2013-11-03T20:09:18Z"", ""isDeleted"": false, ""isHidden"": false, ""isReportedByCreator"": false, ""likesCount"": 0, ""newerChildrenCount"": 0, ""newRepliesCount"": 0, ""parentID"": null, ""pinnedAt"": null, ""text"": ""Daniel, \r\nJust out of curiosity, what does the fact that this Shane person is an avid anti-hunting and hates the thought that animals are sadistically tortured and killed for pleasure have to do with this campaign? I must assume you support hunting and animal sadism.\r\n\r\nAnd I checked out your links, they are obviously the same disgruntled person posting multiple times. I thought you claimed to be a businessman? If that were true you would know you can't make everyone happy."", ""userComment"": null}"
546502,,0,Mark_Pulver,no,"Ah, ""first day"", yeup, I used the word then.    There are no pictures of a product, the “app running on a phone” on the homepage is a fake, the project timeline in the Gantt chart is impossible, there is mixed information around a prototype or even a proof of concept, people associated with the project continue to belittle those people asking questions.    Why were you vehemently deleting posts? Why won't you answer questions about the project? Why are there no _project_ updates?",2013-11-03T00:57:25Z,https://www.indiegogo.com//projects/retrievor-self-charging-gps-tracking#/,"{""authorID"": 1097395, ""authorType"": 0, ""children"": [], ""childrenTotalCount"": 0, ""commentID"": 546502, ""commentThreadID"": 30157, ""createdAt"": ""2013-11-03T00:57:25Z"", ""editedAt"": ""2013-11-03T00:57:25Z"", ""isDeleted"": false, ""isHidden"": false, ""isReportedByCreator"": false, ""likesCount"": 0, ""newerChildrenCount"": 0, ""newRepliesCount"": 0, ""parentID"": null, ""pinnedAt"": null, ""text"": ""Ah, \""first day\"", yeup, I used the word then.\r\n\r\nThere are no pictures of a product, the “app running on a phone” on the homepage is a fake, the project timeline in the Gantt chart is impossible, there is mixed information around a prototype or even a proof of concept, people associated with the project continue to belittle those people asking questions.\r\n\r\nWhy were you vehemently deleting posts? Why won't you answer questions about the project? Why are there no _project_ updates?"", ""userComment"": null}"
546501,,0,Mj_Sinat,no,Bonne chance pour votre projet,2013-11-02T22:57:24Z,https://www.indiegogo.com//projects/retrievor-self-charging-gps-tracking#/,"{""authorID"": 5083830, ""authorType"": 0, ""children"": [], ""childrenTotalCount"": 0, ""commentID"": 546501, ""commentThreadID"": 30157, ""createdAt"": ""2013-11-02T22:57:24Z"", ""editedAt"": ""2013-11-02T22:57:24Z"", ""isDeleted"": false, ""isHidden"": false, ""isReportedByCreator"": false, ""likesCount"": 0, ""newerChildrenCount"": 0, ""newRepliesCount"": 0, ""parentID"": null, ""pinnedAt"": null, ""text"": ""Bonne chance pour votre projet"", ""userComment"": null}"
546496,,0,RETRIEVOR_GPS,yes,Daniel. We did not put your name on the list. Indiegogo did as you refered people to the campaign. So in effect you put your own name in the list. Our referal standings correctly reflect this ad does your own profile.    When you make accusations of scam complaints please provide proof. As far as we are aware there a no such complaints against Retrievor GPS nor Spectikon Corp.,2013-11-02T19:15:10Z,https://www.indiegogo.com//projects/retrievor-self-charging-gps-tracking#/,"{""authorID"": 2775796, ""authorType"": 1, ""children"": [], ""childrenTotalCount"": 0, ""commentID"": 546496, ""commentThreadID"": 30157, ""createdAt"": ""2013-11-02T19:15:10Z"", ""editedAt"": ""2013-11-02T19:15:10Z"", ""isDeleted"": false, ""isHidden"": false, ""isReportedByCreator"": false, ""likesCount"": 0, ""newerChildrenCount"": 0, ""newRepliesCount"": 0, ""parentID"": null, ""pinnedAt"": null, ""text"": ""Daniel. We did not put your name on the list. Indiegogo did as you refered people to the campaign. So in effect you put your own name in the list. Our referal standings correctly reflect this ad does your own profile.\r\n\r\nWhen you make accusations of scam complaints please provide proof. As far as we are aware there a no such complaints against Retrievor GPS nor Spectikon Corp."", ""userComment"": null}"
546494,,0,Bob_Call,no,"Retrievor GPS,    I think it is counter productive to waste anymore time on this Mark character while feeding his ego. People have seen enough and are intelligent enough to see what his game is and to make their own minds up about him and your project.",2013-11-02T16:31:12Z,https://www.indiegogo.com//projects/retrievor-self-charging-gps-tracking#/,"{""authorID"": 5056485, ""authorType"": 0, ""children"": [], ""childrenTotalCount"": 0, ""commentID"": 546494, ""commentThreadID"": 30157, ""createdAt"": ""2013-11-02T16:31:12Z"", ""editedAt"": ""2013-11-02T16:31:12Z"", ""isDeleted"": false, ""isHidden"": false, ""isReportedByCreator"": false, ""likesCount"": 0, ""newerChildrenCount"": 0, ""newRepliesCount"": 0, ""parentID"": null, ""pinnedAt"": null, ""text"": ""Retrievor GPS,\r\n\r\nI think it is counter productive to waste anymore time on this Mark character while feeding his ego. People have seen enough and are intelligent enough to see what his game is and to make their own minds up about him and your project."", ""userComment"": null}"
546493,,0,RETRIEVOR_GPS,yes,"Nobody mentioned your first post Mark, only this ""Your very first day of so called ‘questions’ included you using the word ‘sham’     Thank you for proving your dishonesty and confirming your intent. Remember this “A few hours ago I reported this campaign to Indiegogo… At the time I did, I think I (we) had enough evidence that this is a sham.” ? See the word ‘sham’ there? I do and so can anyone else who takes the time to check the comments history on your profile.",2013-11-02T16:22:09Z,https://www.indiegogo.com//projects/retrievor-self-charging-gps-tracking#/,"{""authorID"": 2775796, ""authorType"": 1, ""children"": [], ""childrenTotalCount"": 0, ""commentID"": 546493, ""commentThreadID"": 30157, ""createdAt"": ""2013-11-02T16:22:09Z"", ""editedAt"": ""2013-11-02T16:22:09Z"", ""isDeleted"": false, ""isHidden"": false, ""isReportedByCreator"": false, ""likesCount"": 0, ""newerChildrenCount"": 0, ""newRepliesCount"": 0, ""parentID"": null, ""pinnedAt"": null, ""text"": ""Nobody mentioned your first post Mark, only this \""Your very first day of so called ‘questions’ included you using the word ‘sham’ \r\n\r\nThank you for proving your dishonesty and confirming your intent. Remember this “A few hours ago I reported this campaign to Indiegogo… At the time I did, I think I (we) had enough evidence that this is a sham.” ? See the word ‘sham’ there? I do and so can anyone else who takes the time to check the comments history on your profile."", ""userComment"": null}"
546490,,0,Mark_Pulver,no,"My first post did call this campaign into question, but it didn't include the word ""sham"". I didn't report you to Indiegogo until after you dodged all of my questions - along with Mathias' and Daniel's - and vehemently deleted our posts.    There are no pictures of a product, the “app running on a phone” on the homepage is a fake, the project timeline in the Gantt chart is impossible, there is mixed information around a prototype or even a proof of concept.",2013-11-02T15:27:13Z,https://www.indiegogo.com//projects/retrievor-self-charging-gps-tracking#/,"{""authorID"": 1097395, ""authorType"": 0, ""children"": [], ""childrenTotalCount"": 0, ""commentID"": 546490, ""commentThreadID"": 30157, ""createdAt"": ""2013-11-02T15:27:13Z"", ""editedAt"": ""2013-11-02T15:27:13Z"", ""isDeleted"": false, ""isHidden"": false, ""isReportedByCreator"": false, ""likesCount"": 0, ""newerChildrenCount"": 0, ""newRepliesCount"": 0, ""parentID"": null, ""pinnedAt"": null, ""text"": ""My first post did call this campaign into question, but it didn't include the word \""sham\"". I didn't report you to Indiegogo until after you dodged all of my questions - along with Mathias' and Daniel's - and vehemently deleted our posts.\r\n\r\nThere are no pictures of a product, the “app running on a phone” on the homepage is a fake, the project timeline in the Gantt chart is impossible, there is mixed information around a prototype or even a proof of concept."", ""userComment"": null}"
546486,,0,RETRIEVOR_GPS,yes,"The ""questions' you are referring to were not only questions Mark, they were accusations  and no matter what answers you have been given, you have either ignored or brushed aside.    Your very first day of so called 'questions' included you using the word 'sham' and reporting to Indiegogo so your intent was very clear from the start.",2013-11-01T18:30:17Z,https://www.indiegogo.com//projects/retrievor-self-charging-gps-tracking#/,"{""authorID"": 2775796, ""authorType"": 1, ""children"": [], ""childrenTotalCount"": 0, ""commentID"": 546486, ""commentThreadID"": 30157, ""createdAt"": ""2013-11-01T18:30:17Z"", ""editedAt"": ""2013-11-01T18:30:17Z"", ""isDeleted"": false, ""isHidden"": false, ""isReportedByCreator"": false, ""likesCount"": 0, ""newerChildrenCount"": 0, ""newRepliesCount"": 0, ""parentID"": null, ""pinnedAt"": null, ""text"": ""The \""questions' you are referring to were not only questions Mark, they were accusations  and no matter what answers you have been given, you have either ignored or brushed aside.\r\n\r\nYour very first day of so called 'questions' included you using the word 'sham' and reporting to Indiegogo so your intent was very clear from the start."", ""userComment"": null}"
546485,,0,Mark_Pulver,no,"I watched this campaign from almost the beginning, it's very interesting and I have a real need for two of these. But I bought in at the $2 level in order to ask questions. I've gotten no answers, and many of my original questions and concerns have been deleted. I have copies of all of it.    Why would people delete the questions? Why not just answer them?     None of this feels good to me, and folks should be really looking at what these folks are claiming.",2013-11-01T18:24:43Z,https://www.indiegogo.com//projects/retrievor-self-charging-gps-tracking#/,"{""authorID"": 1097395, ""authorType"": 0, ""children"": [], ""childrenTotalCount"": 0, ""commentID"": 546485, ""commentThreadID"": 30157, ""createdAt"": ""2013-11-01T18:24:43Z"", ""editedAt"": ""2013-11-01T18:24:43Z"", ""isDeleted"": false, ""isHidden"": false, ""isReportedByCreator"": false, ""likesCount"": 0, ""newerChildrenCount"": 0, ""newRepliesCount"": 0, ""parentID"": null, ""pinnedAt"": null, ""text"": ""I watched this campaign from almost the beginning, it's very interesting and I have a real need for two of these. But I bought in at the $2 level in order to ask questions. I've gotten no answers, and many of my original questions and concerns have been deleted. I have copies of all of it.\r\n\r\nWhy would people delete the questions? Why not just answer them? \r\n\r\nNone of this feels good to me, and folks should be really looking at what these folks are claiming."", ""userComment"": null}"
546484,,0,Mark_Pulver,no,"Yes, technology has progressed quite a bit, but the numbers here don't add up, and no one from this project is providing info to prove the math and physics wrong. Instead, there have been mostly personal attacks on the people asking the tough questions.     There are no real pictures, the ""app running on a phone"" on the homepage is a fake, the project timeline in the Gantt chart is impossible, there is mixed information around a prototype or even a proof of concept.",2013-11-01T18:22:12Z,https://www.indiegogo.com//projects/retrievor-self-charging-gps-tracking#/,"{""authorID"": 1097395, ""authorType"": 0, ""children"": [], ""childrenTotalCount"": 0, ""commentID"": 546484, ""commentThreadID"": 30157, ""createdAt"": ""2013-11-01T18:22:12Z"", ""editedAt"": ""2013-11-01T18:22:12Z"", ""isDeleted"": false, ""isHidden"": false, ""isReportedByCreator"": false, ""likesCount"": 0, ""newerChildrenCount"": 0, ""newRepliesCount"": 0, ""parentID"": null, ""pinnedAt"": null, ""text"": ""Yes, technology has progressed quite a bit, but the numbers here don't add up, and no one from this project is providing info to prove the math and physics wrong. Instead, there have been mostly personal attacks on the people asking the tough questions. \r\n\r\nThere are no real pictures, the \""app running on a phone\"" on the homepage is a fake, the project timeline in the Gantt chart is impossible, there is mixed information around a prototype or even a proof of concept."", ""userComment"": null}"
546483,,0,Daniel_DAgostino_b8ad,no,"Good luck everyone.  I believe some features are not feasible.  However, I hope you can deliver a great product that meets all claims.  My other comments have been deleted.",2013-11-01T04:25:36Z,https://www.indiegogo.com//projects/retrievor-self-charging-gps-tracking#/,"{""authorID"": 4517722, ""authorType"": 0, ""children"": [], ""childrenTotalCount"": 0, ""commentID"": 546483, ""commentThreadID"": 30157, ""createdAt"": ""2013-11-01T04:25:36Z"", ""editedAt"": ""2013-11-01T04:25:36Z"", ""isDeleted"": false, ""isHidden"": false, ""isReportedByCreator"": false, ""likesCount"": 0, ""newerChildrenCount"": 0, ""newRepliesCount"": 0, ""parentID"": null, ""pinnedAt"": null, ""text"": ""Good luck everyone.  I believe some features are not feasible.  However, I hope you can deliver a great product that meets all claims.  My other comments have been deleted."", ""userComment"": null}"
546480,,0,Jasmine_Prentice,no,"Personally, I am surprised by the amount of skepticism. Look at where our technology was 10 years ago compared to today. We have many devices that were once considered impossible. It is truly narrow-minded to believe that only the technology you currently see is the only technology possible. It is time to step out of the tunnel and open your eyes. I can picture you laughing at Benjamin Franklin for flying his kite, telling the Wright brothers it would never fly, and ridiculing Edison.",2013-11-01T00:46:22Z,https://www.indiegogo.com//projects/retrievor-self-charging-gps-tracking#/,"{""authorID"": 5062096, ""authorType"": 0, ""children"": [], ""childrenTotalCount"": 0, ""commentID"": 546480, ""commentThreadID"": 30157, ""createdAt"": ""2013-11-01T00:46:22Z"", ""editedAt"": ""2013-11-01T00:46:22Z"", ""isDeleted"": false, ""isHidden"": false, ""isReportedByCreator"": false, ""likesCount"": 0, ""newerChildrenCount"": 0, ""newRepliesCount"": 0, ""parentID"": null, ""pinnedAt"": null, ""text"": ""Personally, I am surprised by the amount of skepticism. Look at where our technology was 10 years ago compared to today. We have many devices that were once considered impossible. It is truly narrow-minded to believe that only the technology you currently see is the only technology possible. It is time to step out of the tunnel and open your eyes. I can picture you laughing at Benjamin Franklin for flying his kite, telling the Wright brothers it would never fly, and ridiculing Edison."", ""userComment"": null}"
546479,,0,Jasmine_Prentice,no,"I agree with Bob. I have been following this campaign from its launch, and have been shocked by the level of the comments this week. I see two men who seem to have made it their mission to harm someone they don't even know and destroy a campaign. There is nothing more here than a case of harassment and cyber-bullying. If you don't like the product then don't pre-order one. That is as simple as it gets.",2013-11-01T00:42:04Z,https://www.indiegogo.com//projects/retrievor-self-charging-gps-tracking#/,"{""authorID"": 5062096, ""authorType"": 0, ""children"": [], ""childrenTotalCount"": 0, ""commentID"": 546479, ""commentThreadID"": 30157, ""createdAt"": ""2013-11-01T00:42:04Z"", ""editedAt"": ""2013-11-01T00:42:04Z"", ""isDeleted"": false, ""isHidden"": false, ""isReportedByCreator"": false, ""likesCount"": 0, ""newerChildrenCount"": 0, ""newRepliesCount"": 0, ""parentID"": null, ""pinnedAt"": null, ""text"": ""I agree with Bob. I have been following this campaign from its launch, and have been shocked by the level of the comments this week. I see two men who seem to have made it their mission to harm someone they don't even know and destroy a campaign. There is nothing more here than a case of harassment and cyber-bullying. If you don't like the product then don't pre-order one. That is as simple as it gets."", ""userComment"": null}"
546478,,0,Bob_Call,no,"Mark,    You mention snarky but, your behavior and that of Daniel's on the very first day you arrived on this page wasn't exactly conducive to healthy discussion. Just click on Daniels profile and scroll to the first 2 comments he made on here and all will and should be understood.     Had your approach been respectful then maybe things would be different. It's always easy to sit behind a computer and throw tantrums as it appears the two of you did.",2013-11-01T00:33:22Z,https://www.indiegogo.com//projects/retrievor-self-charging-gps-tracking#/,"{""authorID"": 5056485, ""authorType"": 0, ""children"": [], ""childrenTotalCount"": 0, ""commentID"": 546478, ""commentThreadID"": 30157, ""createdAt"": ""2013-11-01T00:33:22Z"", ""editedAt"": ""2013-11-01T00:33:22Z"", ""isDeleted"": false, ""isHidden"": false, ""isReportedByCreator"": false, ""likesCount"": 0, ""newerChildrenCount"": 0, ""newRepliesCount"": 0, ""parentID"": null, ""pinnedAt"": null, ""text"": ""Mark,\r\n\r\nYou mention snarky but, your behavior and that of Daniel's on the very first day you arrived on this page wasn't exactly conducive to healthy discussion. Just click on Daniels profile and scroll to the first 2 comments he made on here and all will and should be understood. \r\n\r\nHad your approach been respectful then maybe things would be different. It's always easy to sit behind a computer and throw tantrums as it appears the two of you did."", ""userComment"": null}"
546477,,0,Mark_Pulver,no,"Daniel; yeup.    ---  ""I think you already know the answer to this one!""    If I did, I wouldn't have asked.    Does the body mass interfere with the uplink radio? As well, given a 2 hour battery life, then if Fido lays down, he's not going to be found.    It's like pulling teeth trying to get any real answers out of you people. Why are you all so snarky? Don't you guys get it that if you would just shoot straight and answer questions that you'd have more contributors?",2013-10-31T23:16:40Z,https://www.indiegogo.com//projects/retrievor-self-charging-gps-tracking#/,"{""authorID"": 1097395, ""authorType"": 0, ""children"": [], ""childrenTotalCount"": 0, ""commentID"": 546477, ""commentThreadID"": 30157, ""createdAt"": ""2013-10-31T23:16:40Z"", ""editedAt"": ""2013-10-31T23:16:40Z"", ""isDeleted"": false, ""isHidden"": false, ""isReportedByCreator"": false, ""likesCount"": 0, ""newerChildrenCount"": 0, ""newRepliesCount"": 0, ""parentID"": null, ""pinnedAt"": null, ""text"": ""Daniel; yeup.\r\n\r\n---\r\n\""I think you already know the answer to this one!\""\r\n\r\nIf I did, I wouldn't have asked.\r\n\r\nDoes the body mass interfere with the uplink radio? As well, given a 2 hour battery life, then if Fido lays down, he's not going to be found.\r\n\r\nIt's like pulling teeth trying to get any real answers out of you people. Why are you all so snarky? Don't you guys get it that if you would just shoot straight and answer questions that you'd have more contributors?"", ""userComment"": null}"
546473,,0,RETRIEVOR_GPS,yes,"""Would someone address the use case of this device being used on a dog collar? What happens when gravity takes over and the device shifts to under the dog’s neck?""    I think you already know the answer to this one!",2013-10-31T18:37:23Z,https://www.indiegogo.com//projects/retrievor-self-charging-gps-tracking#/,"{""authorID"": 2775796, ""authorType"": 1, ""children"": [], ""childrenTotalCount"": 0, ""commentID"": 546473, ""commentThreadID"": 30157, ""createdAt"": ""2013-10-31T18:37:23Z"", ""editedAt"": ""2013-10-31T18:37:23Z"", ""isDeleted"": false, ""isHidden"": false, ""isReportedByCreator"": false, ""likesCount"": 0, ""newerChildrenCount"": 0, ""newRepliesCount"": 0, ""parentID"": null, ""pinnedAt"": null, ""text"": ""\""Would someone address the use case of this device being used on a dog collar? What happens when gravity takes over and the device shifts to under the dog’s neck?\""\r\n\r\nI think you already know the answer to this one!"", ""userComment"": null}"
546472,,0,Mark_Pulver,no,So you must be using the 4.5v version of this:    http://www.sol-chip.com/product.asp,2013-10-31T18:05:53Z,https://www.indiegogo.com//projects/retrievor-self-charging-gps-tracking#/,"{""authorID"": 1097395, ""authorType"": 0, ""children"": [], ""childrenTotalCount"": 0, ""commentID"": 546472, ""commentThreadID"": 30157, ""createdAt"": ""2013-10-31T18:05:53Z"", ""editedAt"": ""2013-10-31T18:05:53Z"", ""isDeleted"": false, ""isHidden"": false, ""isReportedByCreator"": false, ""likesCount"": 0, ""newerChildrenCount"": 0, ""newRepliesCount"": 0, ""parentID"": null, ""pinnedAt"": null, ""text"": ""So you must be using the 4.5v version of this:\r\n\r\nhttp://www.sol-chip.com/product.asp"", ""userComment"": null}"
546471,,0,RETRIEVOR_GPS,yes,"Hi algerdonna,    The  update (ping) rate can be user set from per second intervals through to once per day or continuous 'sleep' state.     Breach of fence time I'm uncertain of but will find out for you. I think it's around a few seconds though.",2013-10-31T17:35:19Z,https://www.indiegogo.com//projects/retrievor-self-charging-gps-tracking#/,"{""authorID"": 2775796, ""authorType"": 1, ""children"": [], ""childrenTotalCount"": 0, ""commentID"": 546471, ""commentThreadID"": 30157, ""createdAt"": ""2013-10-31T17:35:19Z"", ""editedAt"": ""2013-10-31T17:35:19Z"", ""isDeleted"": false, ""isHidden"": false, ""isReportedByCreator"": false, ""likesCount"": 0, ""newerChildrenCount"": 0, ""newRepliesCount"": 0, ""parentID"": null, ""pinnedAt"": null, ""text"": ""Hi algerdonna,\r\n\r\nThe  update (ping) rate can be user set from per second intervals through to once per day or continuous 'sleep' state. \r\n\r\nBreach of fence time I'm uncertain of but will find out for you. I think it's around a few seconds though."", ""userComment"": null}"
546469,,0,RETRIEVOR_GPS,yes,Update:Solar power specs    ISC(1) at full daylight:	10 mAmp  Pmax at full daylight:	4 mWatt  Pmax at office light(2):	up to 50 μWatt,2013-10-31T17:05:03Z,https://www.indiegogo.com//projects/retrievor-self-charging-gps-tracking#/,"{""authorID"": 2775796, ""authorType"": 1, ""children"": [], ""childrenTotalCount"": 0, ""commentID"": 546469, ""commentThreadID"": 30157, ""createdAt"": ""2013-10-31T17:05:03Z"", ""editedAt"": ""2013-10-31T17:05:03Z"", ""isDeleted"": false, ""isHidden"": false, ""isReportedByCreator"": false, ""likesCount"": 0, ""newerChildrenCount"": 0, ""newRepliesCount"": 0, ""parentID"": null, ""pinnedAt"": null, ""text"": ""Update:Solar power specs\r\n\r\nISC(1) at full daylight:\t10 mAmp\r\nPmax at full daylight:\t4 mWatt\r\nPmax at office light(2):\tup to 50 μWatt"", ""userComment"": null}"
546468,,0,Mark_Pulver,no,"I wonder if Bob is a shill? He's got the same ""poke on the guys asking the real questions"" attitude as Shane and the other person.    Would someone address the use case of this device being used on a dog collar? What happens when gravity takes over and the device shifts to under the dog's neck? Solar power is out, so there's only the kinetic drive left. And how does that affect the radio output for the uplink?",2013-10-31T17:02:12Z,https://www.indiegogo.com//projects/retrievor-self-charging-gps-tracking#/,"{""authorID"": 1097395, ""authorType"": 0, ""children"": [], ""childrenTotalCount"": 0, ""commentID"": 546468, ""commentThreadID"": 30157, ""createdAt"": ""2013-10-31T17:02:12Z"", ""editedAt"": ""2013-10-31T17:02:12Z"", ""isDeleted"": false, ""isHidden"": false, ""isReportedByCreator"": false, ""likesCount"": 0, ""newerChildrenCount"": 0, ""newRepliesCount"": 0, ""parentID"": null, ""pinnedAt"": null, ""text"": ""I wonder if Bob is a shill? He's got the same \""poke on the guys asking the real questions\"" attitude as Shane and the other person.\r\n\r\nWould someone address the use case of this device being used on a dog collar? What happens when gravity takes over and the device shifts to under the dog's neck? Solar power is out, so there's only the kinetic drive left. And how does that affect the radio output for the uplink?"", ""userComment"": null}"
546466,,0,RETRIEVOR_GPS,yes,"Hi Bob,    Thank you for supporting us with your contribution kind words. No need to get involved as all is in order.     Thank you!",2013-10-31T15:12:19Z,https://www.indiegogo.com//projects/retrievor-self-charging-gps-tracking#/,"{""authorID"": 2775796, ""authorType"": 1, ""children"": [], ""childrenTotalCount"": 0, ""commentID"": 546466, ""commentThreadID"": 30157, ""createdAt"": ""2013-10-31T15:12:19Z"", ""editedAt"": ""2013-10-31T15:12:19Z"", ""isDeleted"": false, ""isHidden"": false, ""isReportedByCreator"": false, ""likesCount"": 0, ""newerChildrenCount"": 0, ""newRepliesCount"": 0, ""parentID"": null, ""pinnedAt"": null, ""text"": ""Hi Bob,\r\n\r\nThank you for supporting us with your contribution kind words. No need to get involved as all is in order. \r\n\r\nThank you!"", ""userComment"": null}"
546464,,0,Bob_Call,no,"Your own campaign failed but it is no surprise why. one just has to look at the PR you released to see that over 80% of it is all about you and carries such negativity with tales of failure and bankruptcy. not a very good PR by any means.For such self-proclaimed individual,it seems strange that you need to plead for a job on your campaign update video. Surely, people would be banging your door down to employ you would they not.    http://www.prweb.com/releases/2013/10/prweb11210803.htm",2013-10-31T14:51:38Z,https://www.indiegogo.com//projects/retrievor-self-charging-gps-tracking#/,"{""authorID"": 5056485, ""authorType"": 0, ""children"": [], ""childrenTotalCount"": 0, ""commentID"": 546464, ""commentThreadID"": 30157, ""createdAt"": ""2013-10-31T14:51:38Z"", ""editedAt"": ""2013-10-31T14:51:38Z"", ""isDeleted"": false, ""isHidden"": false, ""isReportedByCreator"": false, ""likesCount"": 0, ""newerChildrenCount"": 0, ""newRepliesCount"": 0, ""parentID"": null, ""pinnedAt"": null, ""text"": ""Your own campaign failed but it is no surprise why. one just has to look at the PR you released to see that over 80% of it is all about you and carries such negativity with tales of failure and bankruptcy. not a very good PR by any means.For such self-proclaimed individual,it seems strange that you need to plead for a job on your campaign update video. Surely, people would be banging your door down to employ you would they not.\r\n\r\nhttp://www.prweb.com/releases/2013/10/prweb11210803.htm"", ""userComment"": null}"
546463,,0,Bob_Call,no,I have no intention of getting into any debates with someone who carries little credibility Daniel. One just has to look at your profile to see that your commenting is excessive and that the content of your comments are nothing but a planned attempt at sabotage.32 comments in a little over 2 days tells the whole story no matter how you try to justify it.,2013-10-31T14:40:14Z,https://www.indiegogo.com//projects/retrievor-self-charging-gps-tracking#/,"{""authorID"": 5056485, ""authorType"": 0, ""children"": [], ""childrenTotalCount"": 0, ""commentID"": 546463, ""commentThreadID"": 30157, ""createdAt"": ""2013-10-31T14:40:14Z"", ""editedAt"": ""2013-10-31T14:40:14Z"", ""isDeleted"": false, ""isHidden"": false, ""isReportedByCreator"": false, ""likesCount"": 0, ""newerChildrenCount"": 0, ""newRepliesCount"": 0, ""parentID"": null, ""pinnedAt"": null, ""text"": ""I have no intention of getting into any debates with someone who carries little credibility Daniel. One just has to look at your profile to see that your commenting is excessive and that the content of your comments are nothing but a planned attempt at sabotage.32 comments in a little over 2 days tells the whole story no matter how you try to justify it."", ""userComment"": null}"
546461,,0,Bob_Call,no,"Great project guys    I have followed this campaign for some time and all i see here is cyber bullying, harassment and fabrications by two people who are obviously intent on causing as much harm to your project as possible. Cyber-bullying is criminal. Report them to Indiegogo as I will do and I suggest others do the same.",2013-10-31T11:25:14Z,https://www.indiegogo.com//projects/retrievor-self-charging-gps-tracking#/,"{""authorID"": 5056485, ""authorType"": 0, ""children"": [], ""childrenTotalCount"": 0, ""commentID"": 546461, ""commentThreadID"": 30157, ""createdAt"": ""2013-10-31T11:25:14Z"", ""editedAt"": ""2013-10-31T11:25:14Z"", ""isDeleted"": false, ""isHidden"": false, ""isReportedByCreator"": false, ""likesCount"": 0, ""newerChildrenCount"": 0, ""newRepliesCount"": 0, ""parentID"": null, ""pinnedAt"": null, ""text"": ""Great project guys\r\n\r\nI have followed this campaign for some time and all i see here is cyber bullying, harassment and fabrications by two people who are obviously intent on causing as much harm to your project as possible. Cyber-bullying is criminal. Report them to Indiegogo as I will do and I suggest others do the same."", ""userComment"": null}"
546460,,0,Mark_Pulver,no,"Outside of the issues around the impossibility of incorporating a kinetic charging system, there are plenty of other things that will doom this project, if there's any truth to it at all.    The timelines are completely off; some people say that there was a prototype, some say there wasn't. Shane claims there was a proof of concept, yet there has been no proof of that. Questions are always dodged, people are personally attacked. There are no project updates, only referral contests.",2013-10-30T22:18:35Z,https://www.indiegogo.com//projects/retrievor-self-charging-gps-tracking#/,"{""authorID"": 1097395, ""authorType"": 0, ""children"": [], ""childrenTotalCount"": 0, ""commentID"": 546460, ""commentThreadID"": 30157, ""createdAt"": ""2013-10-30T22:18:35Z"", ""editedAt"": ""2013-10-30T22:18:35Z"", ""isDeleted"": false, ""isHidden"": false, ""isReportedByCreator"": false, ""likesCount"": 0, ""newerChildrenCount"": 0, ""newRepliesCount"": 0, ""parentID"": null, ""pinnedAt"": null, ""text"": ""Outside of the issues around the impossibility of incorporating a kinetic charging system, there are plenty of other things that will doom this project, if there's any truth to it at all.\r\n\r\nThe timelines are completely off; some people say that there was a prototype, some say there wasn't. Shane claims there was a proof of concept, yet there has been no proof of that. Questions are always dodged, people are personally attacked. There are no project updates, only referral contests."", ""userComment"": null}"
546455,,0,Shane_Liddell_c76b,no,"Daniel,    Daniel, I have at no time become defensive. You forget that your initial conversations on here were with another person.    I have no need to elaborate on the 'gimmicky' comment Daniel as I feel that most things outside of 'techie' are beyond you. I have headed up mulit-million $ projects in the past and yes, there were techies just like you involved too. The difficult part with them was trying to get them to see the bigger picture.     Best of luck with your job hunting!",2013-10-30T20:11:36Z,https://www.indiegogo.com//projects/retrievor-self-charging-gps-tracking#/,"{""authorID"": 3438725, ""authorType"": 0, ""children"": [], ""childrenTotalCount"": 0, ""commentID"": 546455, ""commentThreadID"": 30157, ""createdAt"": ""2013-10-30T20:11:36Z"", ""editedAt"": ""2013-10-30T20:11:36Z"", ""isDeleted"": false, ""isHidden"": false, ""isReportedByCreator"": false, ""likesCount"": 0, ""newerChildrenCount"": 0, ""newRepliesCount"": 0, ""parentID"": null, ""pinnedAt"": null, ""text"": ""Daniel,\r\n\r\nDaniel, I have at no time become defensive. You forget that your initial conversations on here were with another person.\r\n\r\nI have no need to elaborate on the 'gimmicky' comment Daniel as I feel that most things outside of 'techie' are beyond you. I have headed up mulit-million $ projects in the past and yes, there were techies just like you involved too. The difficult part with them was trying to get them to see the bigger picture. \r\n\r\nBest of luck with your job hunting!"", ""userComment"": null}"
546451,,0,Shane_Liddell_c76b,no,"Daniel,    I have noticed that no matter what is said you always twist them with your negative connotations.    The wright brothers were told they would never fly. The Beatles were told they couldn't sing and this list goes on. It takes true innovation to re-invent the 'wheel'  and many are blinded by ignorance. There willalways those who say ""it can't be possible""",2013-10-30T19:36:27Z,https://www.indiegogo.com//projects/retrievor-self-charging-gps-tracking#/,"{""authorID"": 3438725, ""authorType"": 0, ""children"": [], ""childrenTotalCount"": 0, ""commentID"": 546451, ""commentThreadID"": 30157, ""createdAt"": ""2013-10-30T19:36:27Z"", ""editedAt"": ""2013-10-30T19:36:27Z"", ""isDeleted"": false, ""isHidden"": false, ""isReportedByCreator"": false, ""likesCount"": 0, ""newerChildrenCount"": 0, ""newRepliesCount"": 0, ""parentID"": null, ""pinnedAt"": null, ""text"": ""Daniel,\r\n\r\nI have noticed that no matter what is said you always twist them with your negative connotations.\r\n\r\nThe wright brothers were told they would never fly. The Beatles were told they couldn't sing and this list goes on. It takes true innovation to re-invent the 'wheel'  and many are blinded by ignorance. There willalways those who say \""it can't be possible\"""", ""userComment"": null}"
546450,,0,Shane_Liddell_c76b,no,"Daniel,    I have not admitted anything but was attempting to get you to think outside of the box.     If you feel you are the expert in all things then I guess I am wasting my time.",2013-10-30T19:30:03Z,https://www.indiegogo.com//projects/retrievor-self-charging-gps-tracking#/,"{""authorID"": 3438725, ""authorType"": 0, ""children"": [], ""childrenTotalCount"": 0, ""commentID"": 546450, ""commentThreadID"": 30157, ""createdAt"": ""2013-10-30T19:30:03Z"", ""editedAt"": ""2013-10-30T19:30:03Z"", ""isDeleted"": false, ""isHidden"": false, ""isReportedByCreator"": false, ""likesCount"": 0, ""newerChildrenCount"": 0, ""newRepliesCount"": 0, ""parentID"": null, ""pinnedAt"": null, ""text"": ""Daniel,\r\n\r\nI have not admitted anything but was attempting to get you to think outside of the box. \r\n\r\nIf you feel you are the expert in all things then I guess I am wasting my time."", ""userComment"": null}"
546447,,0,Shane_Liddell_c76b,no,"Hi Daniel,    You mentioned the word "" gimmicky"" earlier. Bear in mind that in the business world it takes a lot more than pure technical ability to take a product to market and that effective marketing is a very important function of the whole.     Food for thought perhaps!",2013-10-30T19:20:56Z,https://www.indiegogo.com//projects/retrievor-self-charging-gps-tracking#/,"{""authorID"": 3438725, ""authorType"": 0, ""children"": [], ""childrenTotalCount"": 0, ""commentID"": 546447, ""commentThreadID"": 30157, ""createdAt"": ""2013-10-30T19:20:56Z"", ""editedAt"": ""2013-10-30T19:20:56Z"", ""isDeleted"": false, ""isHidden"": false, ""isReportedByCreator"": false, ""likesCount"": 0, ""newerChildrenCount"": 0, ""newRepliesCount"": 0, ""parentID"": null, ""pinnedAt"": null, ""text"": ""Hi Daniel,\r\n\r\nYou mentioned the word \"" gimmicky\"" earlier. Bear in mind that in the business world it takes a lot more than pure technical ability to take a product to market and that effective marketing is a very important function of the whole. \r\n\r\nFood for thought perhaps!"", ""userComment"": null}"
546446,,0,Shane_Liddell_c76b,no,"Daniel,    You also need to  consider the fact that the top of the device is convex allowing for an additional 3mm height at the centre",2013-10-30T19:07:01Z,https://www.indiegogo.com//projects/retrievor-self-charging-gps-tracking#/,"{""authorID"": 3438725, ""authorType"": 0, ""children"": [], ""childrenTotalCount"": 0, ""commentID"": 546446, ""commentThreadID"": 30157, ""createdAt"": ""2013-10-30T19:07:01Z"", ""editedAt"": ""2013-10-30T19:07:01Z"", ""isDeleted"": false, ""isHidden"": false, ""isReportedByCreator"": false, ""likesCount"": 0, ""newerChildrenCount"": 0, ""newRepliesCount"": 0, ""parentID"": null, ""pinnedAt"": null, ""text"": ""Daniel,\r\n\r\nYou also need to  consider the fact that the top of the device is convex allowing for an additional 3mm height at the centre"", ""userComment"": null}"
546445,,0,Shane_Liddell_c76b,no,"Daniel,    Here are the actual sizes    3mm (battery) + 2.35mm (Micro USB) + 0.6 mm (board thickness) + 0.8mm (tallest component on bottom side of board) + 0.6mm PCABS casing",2013-10-30T19:01:33Z,https://www.indiegogo.com//projects/retrievor-self-charging-gps-tracking#/,"{""authorID"": 3438725, ""authorType"": 0, ""children"": [], ""childrenTotalCount"": 0, ""commentID"": 546445, ""commentThreadID"": 30157, ""createdAt"": ""2013-10-30T19:01:33Z"", ""editedAt"": ""2013-10-30T19:01:33Z"", ""isDeleted"": false, ""isHidden"": false, ""isReportedByCreator"": false, ""likesCount"": 0, ""newerChildrenCount"": 0, ""newRepliesCount"": 0, ""parentID"": null, ""pinnedAt"": null, ""text"": ""Daniel,\r\n\r\nHere are the actual sizes\r\n\r\n3mm (battery) + 2.35mm (Micro USB) + 0.6 mm (board thickness) + 0.8mm (tallest component on bottom side of board) + 0.6mm PCABS casing"", ""userComment"": null}"
546444,,0,Mark_Pulver,no,"Hi Daniel!    Yeah, and I made a mistake on the power draw of the 4475 as well - it's actually more on the order of 10ma, so that's another 60ma to share - it's still not enough to make this viable.",2013-10-30T18:37:02Z,https://www.indiegogo.com//projects/retrievor-self-charging-gps-tracking#/,"{""authorID"": 1097395, ""authorType"": 0, ""children"": [], ""childrenTotalCount"": 0, ""commentID"": 546444, ""commentThreadID"": 30157, ""createdAt"": ""2013-10-30T18:37:02Z"", ""editedAt"": ""2013-10-30T18:37:02Z"", ""isDeleted"": false, ""isHidden"": false, ""isReportedByCreator"": false, ""likesCount"": 0, ""newerChildrenCount"": 0, ""newRepliesCount"": 0, ""parentID"": null, ""pinnedAt"": null, ""text"": ""Hi Daniel!\r\n\r\nYeah, and I made a mistake on the power draw of the 4475 as well - it's actually more on the order of 10ma, so that's another 60ma to share - it's still not enough to make this viable."", ""userComment"": null}"
546442,,0,Mark_Pulver,no,"Thanks for doing the power math Daniel. I was working through that on my drive into work, it didn't feel right.    Just so you know, the power consumption of the Origin 4475 GPS chip is 75ma, so your math is being gracious. On top of that they would have a CPU and some sort of FLASH, along with an uplink radio.    Gut feel is that total power consumption would be around 150ma, probably peeking above 200ma in transmit.",2013-10-30T17:57:19Z,https://www.indiegogo.com//projects/retrievor-self-charging-gps-tracking#/,"{""authorID"": 1097395, ""authorType"": 0, ""children"": [], ""childrenTotalCount"": 0, ""commentID"": 546442, ""commentThreadID"": 30157, ""createdAt"": ""2013-10-30T17:57:19Z"", ""editedAt"": ""2013-10-30T17:57:19Z"", ""isDeleted"": false, ""isHidden"": false, ""isReportedByCreator"": false, ""likesCount"": 0, ""newerChildrenCount"": 0, ""newRepliesCount"": 0, ""parentID"": null, ""pinnedAt"": null, ""text"": ""Thanks for doing the power math Daniel. I was working through that on my drive into work, it didn't feel right.\r\n\r\nJust so you know, the power consumption of the Origin 4475 GPS chip is 75ma, so your math is being gracious. On top of that they would have a CPU and some sort of FLASH, along with an uplink radio.\r\n\r\nGut feel is that total power consumption would be around 150ma, probably peeking above 200ma in transmit."", ""userComment"": null}"
546439,,0,Shane_Liddell_c76b,no,"Daniel,    Firstly, our device is 28 mm diameter so slightly larger than ""Quarter size"" which is 24.3 mm, our battery size is 120mAh 3.7v  3mm x 23mm x 23mm. I am awaiting further information on the solar and kinetic total output voltage.     FYI We are considering extending the duration of our campaign by a further 10-14 days",2013-10-30T16:23:20Z,https://www.indiegogo.com//projects/retrievor-self-charging-gps-tracking#/,"{""authorID"": 3438725, ""authorType"": 0, ""children"": [], ""childrenTotalCount"": 0, ""commentID"": 546439, ""commentThreadID"": 30157, ""createdAt"": ""2013-10-30T16:23:20Z"", ""editedAt"": ""2013-10-30T16:23:20Z"", ""isDeleted"": false, ""isHidden"": false, ""isReportedByCreator"": false, ""likesCount"": 0, ""newerChildrenCount"": 0, ""newRepliesCount"": 0, ""parentID"": null, ""pinnedAt"": null, ""text"": ""Daniel,\r\n\r\nFirstly, our device is 28 mm diameter so slightly larger than \""Quarter size\"" which is 24.3 mm, our battery size is 120mAh 3.7v  3mm x 23mm x 23mm. I am awaiting further information on the solar and kinetic total output voltage. \r\n\r\nFYI We are considering extending the duration of our campaign by a further 10-14 days"", ""userComment"": null}"
546438,,0,Mark_Pulver,no,"btw, when you delete comments, you should know that they're not physically deleted. They're marked as ""don't show"". There is legal precedent in the US keeping any forum management to NOT physically delete information.That said, you should expect that a) Indiegogo admin's know that you've ""deleted"" comments, and b) they can see what you've ""deleted"".     You're tampering with the truth... That's not a good thing.",2013-10-30T16:03:49Z,https://www.indiegogo.com//projects/retrievor-self-charging-gps-tracking#/,"{""authorID"": 1097395, ""authorType"": 0, ""children"": [], ""childrenTotalCount"": 0, ""commentID"": 546438, ""commentThreadID"": 30157, ""createdAt"": ""2013-10-30T16:03:49Z"", ""editedAt"": ""2013-10-30T16:03:49Z"", ""isDeleted"": false, ""isHidden"": false, ""isReportedByCreator"": false, ""likesCount"": 0, ""newerChildrenCount"": 0, ""newRepliesCount"": 0, ""parentID"": null, ""pinnedAt"": null, ""text"": ""btw, when you delete comments, you should know that they're not physically deleted. They're marked as \""don't show\"". There is legal precedent in the US keeping any forum management to NOT physically delete information.That said, you should expect that a) Indiegogo admin's know that you've \""deleted\"" comments, and b) they can see what you've \""deleted\"". \r\n\r\nYou're tampering with the truth... That's not a good thing."", ""userComment"": null}"
546436,,0,Mark_Pulver,no,"Instead of providing answers, you deflect the tough questions and choose to poke at the character of those people asking the tough questions.    I understand what you're doing... You're rolling the dice to see if you can make it another 16 days before you get shut down, or that Mathias, Daniel and I give up. 16 days is a long time for this project to hide under the bush.",2013-10-30T15:58:42Z,https://www.indiegogo.com//projects/retrievor-self-charging-gps-tracking#/,"{""authorID"": 1097395, ""authorType"": 0, ""children"": [], ""childrenTotalCount"": 0, ""commentID"": 546436, ""commentThreadID"": 30157, ""createdAt"": ""2013-10-30T15:58:42Z"", ""editedAt"": ""2013-10-30T15:58:42Z"", ""isDeleted"": false, ""isHidden"": false, ""isReportedByCreator"": false, ""likesCount"": 0, ""newerChildrenCount"": 0, ""newRepliesCount"": 0, ""parentID"": null, ""pinnedAt"": null, ""text"": ""Instead of providing answers, you deflect the tough questions and choose to poke at the character of those people asking the tough questions.\r\n\r\nI understand what you're doing... You're rolling the dice to see if you can make it another 16 days before you get shut down, or that Mathias, Daniel and I give up. 16 days is a long time for this project to hide under the bush."", ""userComment"": null}"
546435,,0,Mark_Pulver,no,"Shane, you're hilarious... If you would go go back through the comments, you would see that I started out by asking questions - oh, wait, you can't because you've deleted them. When I came on, I openly admitted that I spent $2 in order to ask questions. I didn't spend $400 because I wasn't sure that this project was real. To date, you and the Retrievor person have done NOTHING to boost my confidence in this project. There are no pictures, no hard info, and an unreasonable project timeline.",2013-10-30T15:55:30Z,https://www.indiegogo.com//projects/retrievor-self-charging-gps-tracking#/,"{""authorID"": 1097395, ""authorType"": 0, ""children"": [], ""childrenTotalCount"": 0, ""commentID"": 546435, ""commentThreadID"": 30157, ""createdAt"": ""2013-10-30T15:55:30Z"", ""editedAt"": ""2013-10-30T15:55:30Z"", ""isDeleted"": false, ""isHidden"": false, ""isReportedByCreator"": false, ""likesCount"": 0, ""newerChildrenCount"": 0, ""newRepliesCount"": 0, ""parentID"": null, ""pinnedAt"": null, ""text"": ""Shane, you're hilarious... If you would go go back through the comments, you would see that I started out by asking questions - oh, wait, you can't because you've deleted them. When I came on, I openly admitted that I spent $2 in order to ask questions. I didn't spend $400 because I wasn't sure that this project was real. To date, you and the Retrievor person have done NOTHING to boost my confidence in this project. There are no pictures, no hard info, and an unreasonable project timeline."", ""userComment"": null}"
546434,,0,RETRIEVOR_GPS,yes,Battery Life Chart (No Solar or Kinetic)     Tracking Interval / Life  Continuous / 2 - 3 hours  1 min/ 3 - 4 hours  5 mins / 14 - 15 hours  10 mins / 22 - 24 hours  1 hr / 42 - 44 hours  12hrs / 44 - 46 hours  24hrs / 44 - 46 hours    More information coming soon!,2013-10-30T15:16:26Z,https://www.indiegogo.com//projects/retrievor-self-charging-gps-tracking#/,"{""authorID"": 2775796, ""authorType"": 1, ""children"": [], ""childrenTotalCount"": 0, ""commentID"": 546434, ""commentThreadID"": 30157, ""createdAt"": ""2013-10-30T15:16:26Z"", ""editedAt"": ""2013-10-30T15:16:26Z"", ""isDeleted"": false, ""isHidden"": false, ""isReportedByCreator"": false, ""likesCount"": 0, ""newerChildrenCount"": 0, ""newRepliesCount"": 0, ""parentID"": null, ""pinnedAt"": null, ""text"": ""Battery Life Chart (No Solar or Kinetic) \r\n\r\nTracking Interval / Life\r\nContinuous / 2 - 3 hours\r\n1 min/ 3 - 4 hours\r\n5 mins / 14 - 15 hours\r\n10 mins / 22 - 24 hours\r\n1 hr / 42 - 44 hours\r\n12hrs / 44 - 46 hours\r\n24hrs / 44 - 46 hours\r\n\r\nMore information coming soon!"", ""userComment"": null}"
546433,,0,RETRIEVOR_GPS,yes,"Daniel,    You asked a question 2 days ago and in the same comment went on to say how expensive our device is in comparison to last years cell phone. The crowd have spoken and it seems they think the price is right for what we are offering. If you don't, then it is your choice not to order.",2013-10-30T15:16:05Z,https://www.indiegogo.com//projects/retrievor-self-charging-gps-tracking#/,"{""authorID"": 2775796, ""authorType"": 1, ""children"": [], ""childrenTotalCount"": 0, ""commentID"": 546433, ""commentThreadID"": 30157, ""createdAt"": ""2013-10-30T15:16:05Z"", ""editedAt"": ""2013-10-30T15:16:05Z"", ""isDeleted"": false, ""isHidden"": false, ""isReportedByCreator"": false, ""likesCount"": 0, ""newerChildrenCount"": 0, ""newRepliesCount"": 0, ""parentID"": null, ""pinnedAt"": null, ""text"": ""Daniel,\r\n\r\nYou asked a question 2 days ago and in the same comment went on to say how expensive our device is in comparison to last years cell phone. The crowd have spoken and it seems they think the price is right for what we are offering. If you don't, then it is your choice not to order."", ""userComment"": null}"
546431,,0,Shane_Liddell_c76b,no,"Daniel,    As mentioned yesterday ""Firstly I would like to point out that it is unreasonable of Daniel, Mathias & Mark to expect the people behind our campaign to be on call 24/7 especially considering timezones..""     Our team is globally spread so getting specific answers does take a little time.",2013-10-30T13:25:27Z,https://www.indiegogo.com//projects/retrievor-self-charging-gps-tracking#/,"{""authorID"": 3438725, ""authorType"": 0, ""children"": [], ""childrenTotalCount"": 0, ""commentID"": 546431, ""commentThreadID"": 30157, ""createdAt"": ""2013-10-30T13:25:27Z"", ""editedAt"": ""2013-10-30T13:25:27Z"", ""isDeleted"": false, ""isHidden"": false, ""isReportedByCreator"": false, ""likesCount"": 0, ""newerChildrenCount"": 0, ""newRepliesCount"": 0, ""parentID"": null, ""pinnedAt"": null, ""text"": ""Daniel,\r\n\r\nAs mentioned yesterday \""Firstly I would like to point out that it is unreasonable of Daniel, Mathias & Mark to expect the people behind our campaign to be on call 24/7 especially considering timezones..\"" \r\n\r\nOur team is globally spread so getting specific answers does take a little time."", ""userComment"": null}"
546430,,0,Shane_Liddell_c76b,no,"cont.    Based on your conduct, I/we will no longer engage with you as it appears that all you seek is attention. We will continue to answer questions by others when they are presented to us.",2013-10-30T13:20:45Z,https://www.indiegogo.com//projects/retrievor-self-charging-gps-tracking#/,"{""authorID"": 3438725, ""authorType"": 0, ""children"": [], ""childrenTotalCount"": 0, ""commentID"": 546430, ""commentThreadID"": 30157, ""createdAt"": ""2013-10-30T13:20:45Z"", ""editedAt"": ""2013-10-30T13:20:45Z"", ""isDeleted"": false, ""isHidden"": false, ""isReportedByCreator"": false, ""likesCount"": 0, ""newerChildrenCount"": 0, ""newRepliesCount"": 0, ""parentID"": null, ""pinnedAt"": null, ""text"": ""cont.\r\n\r\nBased on your conduct, I/we will no longer engage with you as it appears that all you seek is attention. We will continue to answer questions by others when they are presented to us."", ""userComment"": null}"
546429,,0,Shane_Liddell_c76b,no,"Mark,    By your own admission ""I am quite qualified to bring concern to this campaign."" and from you posting history on this comment thread, it is clear to see your intent and purpose.    As a non contributor for pre-ordering a Retrievor device, our production schedule should be of no concern to you     It is also clear that you have a very high opinion of yourself and seem to think that you have to speak for Mathias and Daniel, when they are quite capable of doing so for themselves.",2013-10-30T13:18:26Z,https://www.indiegogo.com//projects/retrievor-self-charging-gps-tracking#/,"{""authorID"": 3438725, ""authorType"": 0, ""children"": [], ""childrenTotalCount"": 0, ""commentID"": 546429, ""commentThreadID"": 30157, ""createdAt"": ""2013-10-30T13:18:26Z"", ""editedAt"": ""2013-10-30T13:18:26Z"", ""isDeleted"": false, ""isHidden"": false, ""isReportedByCreator"": false, ""likesCount"": 0, ""newerChildrenCount"": 0, ""newRepliesCount"": 0, ""parentID"": null, ""pinnedAt"": null, ""text"": ""Mark,\r\n\r\nBy your own admission \""I am quite qualified to bring concern to this campaign.\"" and from you posting history on this comment thread, it is clear to see your intent and purpose.\r\n\r\nAs a non contributor for pre-ordering a Retrievor device, our production schedule should be of no concern to you \r\n\r\nIt is also clear that you have a very high opinion of yourself and seem to think that you have to speak for Mathias and Daniel, when they are quite capable of doing so for themselves."", ""userComment"": null}"
546427,,0,Mark_Pulver,no,"Also, Shane indicated that you do *not* have a prototype. Given my ""lack of business skills"", that implies that you're going to miss your January 2014 date. Supply chains can;t be ramped up that fast, production can't be ramped up that fast, test and QA will have issues...    What about firmware issues down the road? Will the device be able to be updated?",2013-10-29T19:27:46Z,https://www.indiegogo.com//projects/retrievor-self-charging-gps-tracking#/,"{""authorID"": 1097395, ""authorType"": 0, ""children"": [], ""childrenTotalCount"": 0, ""commentID"": 546427, ""commentThreadID"": 30157, ""createdAt"": ""2013-10-29T19:27:46Z"", ""editedAt"": ""2013-10-29T19:27:46Z"", ""isDeleted"": false, ""isHidden"": false, ""isReportedByCreator"": false, ""likesCount"": 0, ""newerChildrenCount"": 0, ""newRepliesCount"": 0, ""parentID"": null, ""pinnedAt"": null, ""text"": ""Also, Shane indicated that you do *not* have a prototype. Given my \""lack of business skills\"", that implies that you're going to miss your January 2014 date. Supply chains can;t be ramped up that fast, production can't be ramped up that fast, test and QA will have issues...\r\n\r\nWhat about firmware issues down the road? Will the device be able to be updated?"", ""userComment"": null}"
546426,,0,Mark_Pulver,no,"Ahh, so it is. My bad. Thanks.    How about a comment on Daniel's other question, the Kinetic Charging? Or Mathias' question about this working indoors, or in the trunk of a car? Or my question about poaching a pic from an OpenSource Android app to mock-up the appearance of the application running on an iPhone?",2013-10-29T19:24:15Z,https://www.indiegogo.com//projects/retrievor-self-charging-gps-tracking#/,"{""authorID"": 1097395, ""authorType"": 0, ""children"": [], ""childrenTotalCount"": 0, ""commentID"": 546426, ""commentThreadID"": 30157, ""createdAt"": ""2013-10-29T19:24:15Z"", ""editedAt"": ""2013-10-29T19:24:15Z"", ""isDeleted"": false, ""isHidden"": false, ""isReportedByCreator"": false, ""likesCount"": 0, ""newerChildrenCount"": 0, ""newRepliesCount"": 0, ""parentID"": null, ""pinnedAt"": null, ""text"": ""Ahh, so it is. My bad. Thanks.\r\n\r\nHow about a comment on Daniel's other question, the Kinetic Charging? Or Mathias' question about this working indoors, or in the trunk of a car? Or my question about poaching a pic from an OpenSource Android app to mock-up the appearance of the application running on an iPhone?"", ""userComment"": null}"
546425,,0,RETRIEVOR_GPS,yes,"Mark,     This is also mentioned on our FB page ""Using Retrievor stationery and pinging at a rate of once per day, the battery should last around 30 days.""    The battery capacity is listed under ""Retrievor Specs"" on the campaign page.",2013-10-29T19:01:41Z,https://www.indiegogo.com//projects/retrievor-self-charging-gps-tracking#/,"{""authorID"": 2775796, ""authorType"": 1, ""children"": [], ""childrenTotalCount"": 0, ""commentID"": 546425, ""commentThreadID"": 30157, ""createdAt"": ""2013-10-29T19:01:41Z"", ""editedAt"": ""2013-10-29T19:01:41Z"", ""isDeleted"": false, ""isHidden"": false, ""isReportedByCreator"": false, ""likesCount"": 0, ""newerChildrenCount"": 0, ""newRepliesCount"": 0, ""parentID"": null, ""pinnedAt"": null, ""text"": ""Mark, \r\n\r\nThis is also mentioned on our FB page \""Using Retrievor stationery and pinging at a rate of once per day, the battery should last around 30 days.\""\r\n\r\nThe battery capacity is listed under \""Retrievor Specs\"" on the campaign page."", ""userComment"": null}"
546424,,0,Mark_Pulver,no,"Here's a straight-up question... On the project Facebook page you make a battery life claim of ""30 days"" depending on polling time. That's awesome!    Considering the physical limitations of size, and space in the enclosure, what capacity battery is in the product, and what math do you have to show this battery life?",2013-10-29T18:35:56Z,https://www.indiegogo.com//projects/retrievor-self-charging-gps-tracking#/,"{""authorID"": 1097395, ""authorType"": 0, ""children"": [], ""childrenTotalCount"": 0, ""commentID"": 546424, ""commentThreadID"": 30157, ""createdAt"": ""2013-10-29T18:35:56Z"", ""editedAt"": ""2013-10-29T18:35:56Z"", ""isDeleted"": false, ""isHidden"": false, ""isReportedByCreator"": false, ""likesCount"": 0, ""newerChildrenCount"": 0, ""newRepliesCount"": 0, ""parentID"": null, ""pinnedAt"": null, ""text"": ""Here's a straight-up question... On the project Facebook page you make a battery life claim of \""30 days\"" depending on polling time. That's awesome!\r\n\r\nConsidering the physical limitations of size, and space in the enclosure, what capacity battery is in the product, and what math do you have to show this battery life?"", ""userComment"": null}"
546423,,0,Mark_Pulver,no,"Shane, why does it seem that your company model includes poking at people with failed projects? Again ""an employee"" of your company is picking on Daniel. He has a valid question, and I have many. None are being answered.    Congrats on Googling my name. Did you have a point you wanted to make about midiwall.com? In your own words ""dig a little deeper"" and you'll find my background and accomplishments. I am quite qualified to bring concern to this campaign.",2013-10-29T18:34:22Z,https://www.indiegogo.com//projects/retrievor-self-charging-gps-tracking#/,"{""authorID"": 1097395, ""authorType"": 0, ""children"": [], ""childrenTotalCount"": 0, ""commentID"": 546423, ""commentThreadID"": 30157, ""createdAt"": ""2013-10-29T18:34:22Z"", ""editedAt"": ""2013-10-29T18:34:22Z"", ""isDeleted"": false, ""isHidden"": false, ""isReportedByCreator"": false, ""likesCount"": 0, ""newerChildrenCount"": 0, ""newRepliesCount"": 0, ""parentID"": null, ""pinnedAt"": null, ""text"": ""Shane, why does it seem that your company model includes poking at people with failed projects? Again \""an employee\"" of your company is picking on Daniel. He has a valid question, and I have many. None are being answered.\r\n\r\nCongrats on Googling my name. Did you have a point you wanted to make about midiwall.com? In your own words \""dig a little deeper\"" and you'll find my background and accomplishments. I am quite qualified to bring concern to this campaign."", ""userComment"": null}"
546420,,0,RETRIEVOR_GPS,yes,"Daniel,    If we hadn't proved that this concept will work, we wouldn't be here. Period! You of all people (considering your rate of failure) should be the last person to question anyone but yourself. The fact that your own campaign was obviously flawed and that you are frustrated is understandable.    Let me also add, the solar panel on our device is not a standard panel as can easily be seen by the design. It is a highly efficient panel and is not freely available (yet)",2013-10-29T17:35:42Z,https://www.indiegogo.com//projects/retrievor-self-charging-gps-tracking#/,"{""authorID"": 2775796, ""authorType"": 1, ""children"": [], ""childrenTotalCount"": 0, ""commentID"": 546420, ""commentThreadID"": 30157, ""createdAt"": ""2013-10-29T17:35:42Z"", ""editedAt"": ""2013-10-29T17:35:42Z"", ""isDeleted"": false, ""isHidden"": false, ""isReportedByCreator"": false, ""likesCount"": 0, ""newerChildrenCount"": 0, ""newRepliesCount"": 0, ""parentID"": null, ""pinnedAt"": null, ""text"": ""Daniel,\r\n\r\nIf we hadn't proved that this concept will work, we wouldn't be here. Period! You of all people (considering your rate of failure) should be the last person to question anyone but yourself. The fact that your own campaign was obviously flawed and that you are frustrated is understandable.\r\n\r\nLet me also add, the solar panel on our device is not a standard panel as can easily be seen by the design. It is a highly efficient panel and is not freely available (yet)"", ""userComment"": null}"
546413,,0,Shane_Liddell_c76b,no,"Mark Pulver,    As I thought all along, it is normally those who lack a general understanding of the business world and the world of technology who make the most noise. Maybe you should concentrate on your own website as a starting point before pointing fingers at others: http://midiwall.com/",2013-10-29T16:57:29Z,https://www.indiegogo.com//projects/retrievor-self-charging-gps-tracking#/,"{""authorID"": 3438725, ""authorType"": 0, ""children"": [], ""childrenTotalCount"": 0, ""commentID"": 546413, ""commentThreadID"": 30157, ""createdAt"": ""2013-10-29T16:57:29Z"", ""editedAt"": ""2013-10-29T16:57:29Z"", ""isDeleted"": false, ""isHidden"": false, ""isReportedByCreator"": false, ""likesCount"": 0, ""newerChildrenCount"": 0, ""newRepliesCount"": 0, ""parentID"": null, ""pinnedAt"": null, ""text"": ""Mark Pulver,\r\n\r\nAs I thought all along, it is normally those who lack a general understanding of the business world and the world of technology who make the most noise. Maybe you should concentrate on your own website as a starting point before pointing fingers at others: http://midiwall.com/"", ""userComment"": null}"
546412,,0,Shane_Liddell_c76b,no,"Daniel, I find it quite uncanny that as you were the one making accusations about Smart Crowdfunding LLC and having now seen the truth you completely skip the issue. Maybe it is hard for you to acknowledge it when you make a mistake. The reason you were initially contacted by SC was an attempt by us at helping you after having read what had happened to you over the past decade. I will get the information you need when it is available to me. A prototype is not a prerequisite to crowdfunding.",2013-10-29T16:55:49Z,https://www.indiegogo.com//projects/retrievor-self-charging-gps-tracking#/,"{""authorID"": 3438725, ""authorType"": 0, ""children"": [], ""childrenTotalCount"": 0, ""commentID"": 546412, ""commentThreadID"": 30157, ""createdAt"": ""2013-10-29T16:55:49Z"", ""editedAt"": ""2013-10-29T16:55:49Z"", ""isDeleted"": false, ""isHidden"": false, ""isReportedByCreator"": false, ""likesCount"": 0, ""newerChildrenCount"": 0, ""newRepliesCount"": 0, ""parentID"": null, ""pinnedAt"": null, ""text"": ""Daniel, I find it quite uncanny that as you were the one making accusations about Smart Crowdfunding LLC and having now seen the truth you completely skip the issue. Maybe it is hard for you to acknowledge it when you make a mistake. The reason you were initially contacted by SC was an attempt by us at helping you after having read what had happened to you over the past decade. I will get the information you need when it is available to me. A prototype is not a prerequisite to crowdfunding."", ""userComment"": null}"
546409,,0,RETRIEVOR_GPS,yes,To all of our supporters we say a very big thank you. Only 17 days to go so help us by sharing the campaign.     Thank you.,2013-10-29T15:32:14Z,https://www.indiegogo.com//projects/retrievor-self-charging-gps-tracking#/,"{""authorID"": 2775796, ""authorType"": 1, ""children"": [], ""childrenTotalCount"": 0, ""commentID"": 546409, ""commentThreadID"": 30157, ""createdAt"": ""2013-10-29T15:32:14Z"", ""editedAt"": ""2013-10-29T15:32:14Z"", ""isDeleted"": false, ""isHidden"": false, ""isReportedByCreator"": false, ""likesCount"": 0, ""newerChildrenCount"": 0, ""newRepliesCount"": 0, ""parentID"": null, ""pinnedAt"": null, ""text"": ""To all of our supporters we say a very big thank you. Only 17 days to go so help us by sharing the campaign. \r\n\r\nThank you."", ""userComment"": null}"
546402,,0,Shane_Liddell_c76b,no,"Mark,     We are an official Indiegogo Partner and you have been reported to Indiegogo for personal harassment and also for the bad mouthing of other successful campaigns.    The way you conduct yourself in a public space is here for all to see and for them to make their own minds up.    Goodbye Mark.",2013-10-29T15:19:20Z,https://www.indiegogo.com//projects/retrievor-self-charging-gps-tracking#/,"{""authorID"": 3438725, ""authorType"": 0, ""children"": [], ""childrenTotalCount"": 0, ""commentID"": 546402, ""commentThreadID"": 30157, ""createdAt"": ""2013-10-29T15:19:20Z"", ""editedAt"": ""2013-10-29T15:19:20Z"", ""isDeleted"": false, ""isHidden"": false, ""isReportedByCreator"": false, ""likesCount"": 0, ""newerChildrenCount"": 0, ""newRepliesCount"": 0, ""parentID"": null, ""pinnedAt"": null, ""text"": ""Mark, \r\n\r\nWe are an official Indiegogo Partner and you have been reported to Indiegogo for personal harassment and also for the bad mouthing of other successful campaigns.\r\n\r\nThe way you conduct yourself in a public space is here for all to see and for them to make their own minds up.\r\n\r\nGoodbye Mark."", ""userComment"": null}"
546400,,0,Mark_Pulver,no,"I take no side in your support of wildlife, only in the way that you acted in a public space.    Can I get a pic of a prototype? How hard was it to port the Android app to iOS?",2013-10-29T15:13:33Z,https://www.indiegogo.com//projects/retrievor-self-charging-gps-tracking#/,"{""authorID"": 1097395, ""authorType"": 0, ""children"": [], ""childrenTotalCount"": 0, ""commentID"": 546400, ""commentThreadID"": 30157, ""createdAt"": ""2013-10-29T15:13:33Z"", ""editedAt"": ""2013-10-29T15:13:33Z"", ""isDeleted"": false, ""isHidden"": false, ""isReportedByCreator"": false, ""likesCount"": 0, ""newerChildrenCount"": 0, ""newRepliesCount"": 0, ""parentID"": null, ""pinnedAt"": null, ""text"": ""I take no side in your support of wildlife, only in the way that you acted in a public space.\r\n\r\nCan I get a pic of a prototype? How hard was it to port the Android app to iOS?"", ""userComment"": null}"
546399,,0,Shane_Liddell_c76b,no,"And yes Mark, I am an avid  and active supporter of wildlife and the link you have posted is a blog created by a South Afican hunter by the name of Jaco Van Deventer. One just has to look at his blog to get an accurate assessment of his character. You are clutching at straws Mark. Sad but true.",2013-10-29T15:09:37Z,https://www.indiegogo.com//projects/retrievor-self-charging-gps-tracking#/,"{""authorID"": 3438725, ""authorType"": 0, ""children"": [], ""childrenTotalCount"": 0, ""commentID"": 546399, ""commentThreadID"": 30157, ""createdAt"": ""2013-10-29T15:09:37Z"", ""editedAt"": ""2013-10-29T15:09:37Z"", ""isDeleted"": false, ""isHidden"": false, ""isReportedByCreator"": false, ""likesCount"": 0, ""newerChildrenCount"": 0, ""newRepliesCount"": 0, ""parentID"": null, ""pinnedAt"": null, ""text"": ""And yes Mark, I am an avid  and active supporter of wildlife and the link you have posted is a blog created by a South Afican hunter by the name of Jaco Van Deventer. One just has to look at his blog to get an accurate assessment of his character. You are clutching at straws Mark. Sad but true."", ""userComment"": null}"
546398,,0,Shane_Liddell_c76b,no,"Mark, I will ask you one last time to stop this childish behavior of yours. You are obviously a very insecure person who does nothing but attempt to find fault with everything. By the way Micro-phone have shipped over 2000 units plus another 1000 going to their customers soon. They ran into issues with the Hong Kong Postal service: http://www.fasttech.com/forums/stickies/t/1037107/hk-post-delay-in-outbound-air-mail-services-10",2013-10-29T15:07:37Z,https://www.indiegogo.com//projects/retrievor-self-charging-gps-tracking#/,"{""authorID"": 3438725, ""authorType"": 0, ""children"": [], ""childrenTotalCount"": 0, ""commentID"": 546398, ""commentThreadID"": 30157, ""createdAt"": ""2013-10-29T15:07:37Z"", ""editedAt"": ""2013-10-29T15:07:37Z"", ""isDeleted"": false, ""isHidden"": false, ""isReportedByCreator"": false, ""likesCount"": 0, ""newerChildrenCount"": 0, ""newRepliesCount"": 0, ""parentID"": null, ""pinnedAt"": null, ""text"": ""Mark, I will ask you one last time to stop this childish behavior of yours. You are obviously a very insecure person who does nothing but attempt to find fault with everything. By the way Micro-phone have shipped over 2000 units plus another 1000 going to their customers soon. They ran into issues with the Hong Kong Postal service: http://www.fasttech.com/forums/stickies/t/1037107/hk-post-delay-in-outbound-air-mail-services-10"", ""userComment"": null}"
546397,,0,Mark_Pulver,no,"Shane: ""As per out timeline image, our prototype is currently in development."". Well, your Gantt chart says that you've been in prototype since the beginning of September. Got a pic?    Shane: ""Secondly, your accusations are unfounded and I will address then one by one."". There are plenty of questions in the air. It would be great if you picked one and actually answered it.    ""...to press on without any acknowledgement of the answers I have given"". What answers?",2013-10-29T15:06:33Z,https://www.indiegogo.com//projects/retrievor-self-charging-gps-tracking#/,"{""authorID"": 1097395, ""authorType"": 0, ""children"": [], ""childrenTotalCount"": 0, ""commentID"": 546397, ""commentThreadID"": 30157, ""createdAt"": ""2013-10-29T15:06:33Z"", ""editedAt"": ""2013-10-29T15:06:33Z"", ""isDeleted"": false, ""isHidden"": false, ""isReportedByCreator"": false, ""likesCount"": 0, ""newerChildrenCount"": 0, ""newRepliesCount"": 0, ""parentID"": null, ""pinnedAt"": null, ""text"": ""Shane: \""As per out timeline image, our prototype is currently in development.\"". Well, your Gantt chart says that you've been in prototype since the beginning of September. Got a pic?\r\n\r\nShane: \""Secondly, your accusations are unfounded and I will address then one by one.\"". There are plenty of questions in the air. It would be great if you picked one and actually answered it.\r\n\r\n\""...to press on without any acknowledgement of the answers I have given\"". What answers?"", ""userComment"": null}"
546396,,0,Mark_Pulver,no,"Shane, it's interesting that you point to SIGMO and Micro-Phone for support - those are also suspect campaigns. In fact, the contributors to Micro-Phone are getting restless. As for SIGMO, that's another example of someone running a campaign without pics of real prototypes. 3400 people are in the process of getting burned.    Here's a nice character portrayal of Shane...    http://corumana.wordpress.com/tag/shane-liddell/",2013-10-29T15:01:47Z,https://www.indiegogo.com//projects/retrievor-self-charging-gps-tracking#/,"{""authorID"": 1097395, ""authorType"": 0, ""children"": [], ""childrenTotalCount"": 0, ""commentID"": 546396, ""commentThreadID"": 30157, ""createdAt"": ""2013-10-29T15:01:47Z"", ""editedAt"": ""2013-10-29T15:01:47Z"", ""isDeleted"": false, ""isHidden"": false, ""isReportedByCreator"": false, ""likesCount"": 0, ""newerChildrenCount"": 0, ""newRepliesCount"": 0, ""parentID"": null, ""pinnedAt"": null, ""text"": ""Shane, it's interesting that you point to SIGMO and Micro-Phone for support - those are also suspect campaigns. In fact, the contributors to Micro-Phone are getting restless. As for SIGMO, that's another example of someone running a campaign without pics of real prototypes. 3400 people are in the process of getting burned.\r\n\r\nHere's a nice character portrayal of Shane...\r\n\r\nhttp://corumana.wordpress.com/tag/shane-liddell/"", ""userComment"": null}"
546395,,0,Shane_Liddell_c76b,no,"Mark,    The person you are referring to ""taking pot shots"" is an employee and yes, they should not have done so.    As I mentioned earlier "" As per out timeline image, our prototype is currently in development.""    I have answered and explained as much as I can but you seem determined (for whatever reason) to press on without any acknowledgement of the answers I have given. So it appears that no matter what answers you get you will continue to goad.",2013-10-29T15:00:44Z,https://www.indiegogo.com//projects/retrievor-self-charging-gps-tracking#/,"{""authorID"": 3438725, ""authorType"": 0, ""children"": [], ""childrenTotalCount"": 0, ""commentID"": 546395, ""commentThreadID"": 30157, ""createdAt"": ""2013-10-29T15:00:44Z"", ""editedAt"": ""2013-10-29T15:00:44Z"", ""isDeleted"": false, ""isHidden"": false, ""isReportedByCreator"": false, ""likesCount"": 0, ""newerChildrenCount"": 0, ""newRepliesCount"": 0, ""parentID"": null, ""pinnedAt"": null, ""text"": ""Mark,\r\n\r\nThe person you are referring to \""taking pot shots\"" is an employee and yes, they should not have done so.\r\n\r\nAs I mentioned earlier \"" As per out timeline image, our prototype is currently in development.\""\r\n\r\nI have answered and explained as much as I can but you seem determined (for whatever reason) to press on without any acknowledgement of the answers I have given. So it appears that no matter what answers you get you will continue to goad."", ""userComment"": null}"
546394,,0,Mark_Pulver,no,"What's with the person behind the Retrievor GPS tag taking pot shots at someone else's campaign? I can't tell you how much that makes me want to hand over $400.    So now that Shane is here, having been so successful in other campaigns, can we possibly get a pic of a prototype while it's working?    And, how hard was it to port that Android app over to iOS?",2013-10-29T14:48:08Z,https://www.indiegogo.com//projects/retrievor-self-charging-gps-tracking#/,"{""authorID"": 1097395, ""authorType"": 0, ""children"": [], ""childrenTotalCount"": 0, ""commentID"": 546394, ""commentThreadID"": 30157, ""createdAt"": ""2013-10-29T14:48:08Z"", ""editedAt"": ""2013-10-29T14:48:08Z"", ""isDeleted"": false, ""isHidden"": false, ""isReportedByCreator"": false, ""likesCount"": 0, ""newerChildrenCount"": 0, ""newRepliesCount"": 0, ""parentID"": null, ""pinnedAt"": null, ""text"": ""What's with the person behind the Retrievor GPS tag taking pot shots at someone else's campaign? I can't tell you how much that makes me want to hand over $400.\r\n\r\nSo now that Shane is here, having been so successful in other campaigns, can we possibly get a pic of a prototype while it's working?\r\n\r\nAnd, how hard was it to port that Android app over to iOS?"", ""userComment"": null}"
546393,,0,Mark_Pulver,no,"Okay, so the man behind the curtain comes forward... Thank you Shane.    There is no backstabbing going on here, there are three people who have paid the entry fee of $2 to ask questions. Answer them in truth, and I'm in for a couple of these things.    I had no expectations of a quick response to questions posted here. I did have an expectation of not getting the run-around. Funny though, that's still happening.",2013-10-29T14:46:19Z,https://www.indiegogo.com//projects/retrievor-self-charging-gps-tracking#/,"{""authorID"": 1097395, ""authorType"": 0, ""children"": [], ""childrenTotalCount"": 0, ""commentID"": 546393, ""commentThreadID"": 30157, ""createdAt"": ""2013-10-29T14:46:19Z"", ""editedAt"": ""2013-10-29T14:46:19Z"", ""isDeleted"": false, ""isHidden"": false, ""isReportedByCreator"": false, ""likesCount"": 0, ""newerChildrenCount"": 0, ""newRepliesCount"": 0, ""parentID"": null, ""pinnedAt"": null, ""text"": ""Okay, so the man behind the curtain comes forward... Thank you Shane.\r\n\r\nThere is no backstabbing going on here, there are three people who have paid the entry fee of $2 to ask questions. Answer them in truth, and I'm in for a couple of these things.\r\n\r\nI had no expectations of a quick response to questions posted here. I did have an expectation of not getting the run-around. Funny though, that's still happening."", ""userComment"": null}"
546391,,0,RETRIEVOR_GPS,yes,"Hi Roseli,    Thank you for supporting us. Much appreciated.",2013-10-29T13:00:36Z,https://www.indiegogo.com//projects/retrievor-self-charging-gps-tracking#/,"{""authorID"": 2775796, ""authorType"": 1, ""children"": [], ""childrenTotalCount"": 0, ""commentID"": 546391, ""commentThreadID"": 30157, ""createdAt"": ""2013-10-29T13:00:36Z"", ""editedAt"": ""2013-10-29T13:00:36Z"", ""isDeleted"": false, ""isHidden"": false, ""isReportedByCreator"": false, ""likesCount"": 0, ""newerChildrenCount"": 0, ""newRepliesCount"": 0, ""parentID"": null, ""pinnedAt"": null, ""text"": ""Hi Roseli,\r\n\r\nThank you for supporting us. Much appreciated."", ""userComment"": null}"
546390,,0,Roseli_Garcia,no,Esquibike.com is proud to be part of this unique campaign!,2013-10-29T12:53:07Z,https://www.indiegogo.com//projects/retrievor-self-charging-gps-tracking#/,"{""authorID"": 5038366, ""authorType"": 0, ""children"": [], ""childrenTotalCount"": 0, ""commentID"": 546390, ""commentThreadID"": 30157, ""createdAt"": ""2013-10-29T12:53:07Z"", ""editedAt"": ""2013-10-29T12:53:07Z"", ""isDeleted"": false, ""isHidden"": false, ""isReportedByCreator"": false, ""likesCount"": 0, ""newerChildrenCount"": 0, ""newRepliesCount"": 0, ""parentID"": null, ""pinnedAt"": null, ""text"": ""Esquibike.com is proud to be part of this unique campaign!"", ""userComment"": null}"
546389,,0,Shane_Liddell_c76b,no,"Mathias,    We do not claim to cover the entire world for tracking as state this on our campaign page ""Retrievor will function almost anywhere in the world..........""    APRS-IS ----.> Base station-----> Earth Satellite (ES) ----->  bi-directional TCP/IP over satellite -------> Server",2013-10-29T12:50:24Z,https://www.indiegogo.com//projects/retrievor-self-charging-gps-tracking#/,"{""authorID"": 3438725, ""authorType"": 0, ""children"": [], ""childrenTotalCount"": 0, ""commentID"": 546389, ""commentThreadID"": 30157, ""createdAt"": ""2013-10-29T12:50:24Z"", ""editedAt"": ""2013-10-29T12:50:24Z"", ""isDeleted"": false, ""isHidden"": false, ""isReportedByCreator"": false, ""likesCount"": 0, ""newerChildrenCount"": 0, ""newRepliesCount"": 0, ""parentID"": null, ""pinnedAt"": null, ""text"": ""Mathias,\r\n\r\nWe do not claim to cover the entire world for tracking as state this on our campaign page \""Retrievor will function almost anywhere in the world..........\""\r\n\r\nAPRS-IS ----.> Base station-----> Earth Satellite (ES) ----->  bi-directional TCP/IP over satellite -------> Server"", ""userComment"": null}"
546388,,0,Mathias_Korber,no,"I asked my (backchannel question) last week, and had no satisfactory reply since then. But now you are talking APRS is interesting. It's much different from the 'GPS"" claim you made/make, which is still wrong.  I'm not sure how well such a small device might be able to send its updates, esp in locations that are far from other stations (and where 3G etc is also unavailable). A BigRedBee is still quite abit larger and that apparently needs a 3"" antenna wire still.  but maybe that will work....",2013-10-29T12:32:23Z,https://www.indiegogo.com//projects/retrievor-self-charging-gps-tracking#/,"{""authorID"": 337020, ""authorType"": 0, ""children"": [], ""childrenTotalCount"": 0, ""commentID"": 546388, ""commentThreadID"": 30157, ""createdAt"": ""2013-10-29T12:32:23Z"", ""editedAt"": ""2013-10-29T12:32:23Z"", ""isDeleted"": false, ""isHidden"": false, ""isReportedByCreator"": false, ""likesCount"": 0, ""newerChildrenCount"": 0, ""newRepliesCount"": 0, ""parentID"": null, ""pinnedAt"": null, ""text"": ""I asked my (backchannel question) last week, and had no satisfactory reply since then. But now you are talking APRS is interesting. It's much different from the 'GPS\"" claim you made/make, which is still wrong.\r\nI'm not sure how well such a small device might be able to send its updates, esp in locations that are far from other stations (and where 3G etc is also unavailable). A BigRedBee is still quite abit larger and that apparently needs a 3\"" antenna wire still.  but maybe that will work...."", ""userComment"": null}"
546386,,0,Shane_Liddell_c76b,no,"And finally, it has been no secret that Retrievor is owned by Spectikon Corp. One just had to Google ""Retrievor"" to see this all along.    If you would prefer to talk in person then please ping us an e-mail to sales@retrievor.com and I will personally answer any further questions you may have.    Have a great day!",2013-10-29T10:22:29Z,https://www.indiegogo.com//projects/retrievor-self-charging-gps-tracking#/,"{""authorID"": 3438725, ""authorType"": 0, ""children"": [], ""childrenTotalCount"": 0, ""commentID"": 546386, ""commentThreadID"": 30157, ""createdAt"": ""2013-10-29T10:22:29Z"", ""editedAt"": ""2013-10-29T10:22:29Z"", ""isDeleted"": false, ""isHidden"": false, ""isReportedByCreator"": false, ""likesCount"": 0, ""newerChildrenCount"": 0, ""newRepliesCount"": 0, ""parentID"": null, ""pinnedAt"": null, ""text"": ""And finally, it has been no secret that Retrievor is owned by Spectikon Corp. One just had to Google \""Retrievor\"" to see this all along.\r\n\r\nIf you would prefer to talk in person then please ping us an e-mail to sales@retrievor.com and I will personally answer any further questions you may have.\r\n\r\nHave a great day!"", ""userComment"": null}"
546385,,0,Shane_Liddell_c76b,no,"Cont.    Our Retrievor uses Flash to store tracking information and in partnership with a VSat global operator. We have developed a propriety backlink solution using both Satellite technology and APRS-IS packet switching.    As per out timeline image, our prototype is currently in development. The purpose of our crowdfunding campaign is fourfold - for market testing, entry price testing, feedback,  and financing for molds. Our initial manufacturing quantity is 10,000 units, so do the math.",2013-10-29T10:18:44Z,https://www.indiegogo.com//projects/retrievor-self-charging-gps-tracking#/,"{""authorID"": 3438725, ""authorType"": 0, ""children"": [], ""childrenTotalCount"": 0, ""commentID"": 546385, ""commentThreadID"": 30157, ""createdAt"": ""2013-10-29T10:18:44Z"", ""editedAt"": ""2013-10-29T10:18:44Z"", ""isDeleted"": false, ""isHidden"": false, ""isReportedByCreator"": false, ""likesCount"": 0, ""newerChildrenCount"": 0, ""newRepliesCount"": 0, ""parentID"": null, ""pinnedAt"": null, ""text"": ""Cont.\r\n\r\nOur Retrievor uses Flash to store tracking information and in partnership with a VSat global operator. We have developed a propriety backlink solution using both Satellite technology and APRS-IS packet switching.\r\n\r\nAs per out timeline image, our prototype is currently in development. The purpose of our crowdfunding campaign is fourfold - for market testing, entry price testing, feedback,  and financing for molds. Our initial manufacturing quantity is 10,000 units, so do the math."", ""userComment"": null}"
546384,,0,Shane_Liddell_c76b,no,"Cont.  I have spoken directly to many people from all over the world who have asked questions about our Retrievor project.    Mathias, you seem fixated on the autonomous GPS tracking mentioned on our campaign page but seem to forget that 90% of applications will be in areas where GSM connectivity is freely available. After all, this is the current state of the GPS market as it has been for years. .",2013-10-29T10:09:01Z,https://www.indiegogo.com//projects/retrievor-self-charging-gps-tracking#/,"{""authorID"": 3438725, ""authorType"": 0, ""children"": [], ""childrenTotalCount"": 0, ""commentID"": 546384, ""commentThreadID"": 30157, ""createdAt"": ""2013-10-29T10:09:01Z"", ""editedAt"": ""2013-10-29T10:09:01Z"", ""isDeleted"": false, ""isHidden"": false, ""isReportedByCreator"": false, ""likesCount"": 0, ""newerChildrenCount"": 0, ""newRepliesCount"": 0, ""parentID"": null, ""pinnedAt"": null, ""text"": ""Cont.\r\nI have spoken directly to many people from all over the world who have asked questions about our Retrievor project.\r\n\r\nMathias, you seem fixated on the autonomous GPS tracking mentioned on our campaign page but seem to forget that 90% of applications will be in areas where GSM connectivity is freely available. After all, this is the current state of the GPS market as it has been for years. ."", ""userComment"": null}"
546383,,0,Shane_Liddell_c76b,no,"The fact that I personally have operated several campaigns in the past and share my knowledge with others for a fee is not in any way criminal or a ""scam"" as you so bluntly put it. Nor is it a crime to own several companies in diverse markets.  Many in the business world would consider this as smart business practice.    Nor have we anything to hide. In fact we receive hundreds of e-mails relating to our Retrievor project and we answer them timeously.",2013-10-29T09:58:11Z,https://www.indiegogo.com//projects/retrievor-self-charging-gps-tracking#/,"{""authorID"": 3438725, ""authorType"": 0, ""children"": [], ""childrenTotalCount"": 0, ""commentID"": 546383, ""commentThreadID"": 30157, ""createdAt"": ""2013-10-29T09:58:11Z"", ""editedAt"": ""2013-10-29T09:58:11Z"", ""isDeleted"": false, ""isHidden"": false, ""isReportedByCreator"": false, ""likesCount"": 0, ""newerChildrenCount"": 0, ""newRepliesCount"": 0, ""parentID"": null, ""pinnedAt"": null, ""text"": ""The fact that I personally have operated several campaigns in the past and share my knowledge with others for a fee is not in any way criminal or a \""scam\"" as you so bluntly put it. Nor is it a crime to own several companies in diverse markets.  Many in the business world would consider this as smart business practice.\r\n\r\nNor have we anything to hide. In fact we receive hundreds of e-mails relating to our Retrievor project and we answer them timeously."", ""userComment"": null}"
546382,,0,Shane_Liddell_c76b,no,"Cont.    We have had a single customer out of literally hundreds who has posted a complaint online. In fact, you failed to mention that there are 2 complaints online but it is plain and obvious to see that the second one was a copy and paste job of the fist and done by the same person.  Had you researched further you would have seen this loatest Update on this very successful campaign:http://igg.me/at/sigmo/x/3600563 or Update number 79 on this one: http://igg.me/p/394121/x/3600563.",2013-10-29T09:50:31Z,https://www.indiegogo.com//projects/retrievor-self-charging-gps-tracking#/,"{""authorID"": 3438725, ""authorType"": 0, ""children"": [], ""childrenTotalCount"": 0, ""commentID"": 546382, ""commentThreadID"": 30157, ""createdAt"": ""2013-10-29T09:50:31Z"", ""editedAt"": ""2013-10-29T09:50:31Z"", ""isDeleted"": false, ""isHidden"": false, ""isReportedByCreator"": false, ""likesCount"": 0, ""newerChildrenCount"": 0, ""newRepliesCount"": 0, ""parentID"": null, ""pinnedAt"": null, ""text"": ""Cont.\r\n\r\nWe have had a single customer out of literally hundreds who has posted a complaint online. In fact, you failed to mention that there are 2 complaints online but it is plain and obvious to see that the second one was a copy and paste job of the fist and done by the same person.\r\nHad you researched further you would have seen this loatest Update on this very successful campaign:http://igg.me/at/sigmo/x/3600563 or Update number 79 on this one: http://igg.me/p/394121/x/3600563."", ""userComment"": null}"
546381,,0,Shane_Liddell_c76b,no,"Hello all,    Firstly I would like to point out that it is unreasonable of Daniel, Mathias  & Mark to expect the people behind our campaign to be on call 24/7 especially considering timezones.. Secondly, your accusations are unfounded and I will address then one by one.    Daniel sais this ""....Smart Crowdfunding LLC” can help with my own project. Google this company, there are scam complaints."" Smart Crowfdfunding LLC is a 100% owned subsidiary of Spectikon Corp. I am the CEO of both companies.",2013-10-29T09:45:03Z,https://www.indiegogo.com//projects/retrievor-self-charging-gps-tracking#/,"{""authorID"": 3438725, ""authorType"": 0, ""children"": [], ""childrenTotalCount"": 0, ""commentID"": 546381, ""commentThreadID"": 30157, ""createdAt"": ""2013-10-29T09:45:03Z"", ""editedAt"": ""2013-10-29T09:45:03Z"", ""isDeleted"": false, ""isHidden"": false, ""isReportedByCreator"": false, ""likesCount"": 0, ""newerChildrenCount"": 0, ""newRepliesCount"": 0, ""parentID"": null, ""pinnedAt"": null, ""text"": ""Hello all,\r\n\r\nFirstly I would like to point out that it is unreasonable of Daniel, Mathias  & Mark to expect the people behind our campaign to be on call 24/7 especially considering timezones.. Secondly, your accusations are unfounded and I will address then one by one.\r\n\r\nDaniel sais this \""....Smart Crowdfunding LLC” can help with my own project. Google this company, there are scam complaints.\"" Smart Crowfdfunding LLC is a 100% owned subsidiary of Spectikon Corp. I am the CEO of both companies."", ""userComment"": null}"
546380,,0,RETRIEVOR_GPS,yes,"And one more thing Mathias,    There is nothing stated in the description of the project that is false. The fact that you can't understand, is what the real issue is here.",2013-10-29T08:37:00Z,https://www.indiegogo.com//projects/retrievor-self-charging-gps-tracking#/,"{""authorID"": 2775796, ""authorType"": 1, ""children"": [], ""childrenTotalCount"": 0, ""commentID"": 546380, ""commentThreadID"": 30157, ""createdAt"": ""2013-10-29T08:37:00Z"", ""editedAt"": ""2013-10-29T08:37:00Z"", ""isDeleted"": false, ""isHidden"": false, ""isReportedByCreator"": false, ""likesCount"": 0, ""newerChildrenCount"": 0, ""newRepliesCount"": 0, ""parentID"": null, ""pinnedAt"": null, ""text"": ""And one more thing Mathias,\r\n\r\nThere is nothing stated in the description of the project that is false. The fact that you can't understand, is what the real issue is here."", ""userComment"": null}"
546379,,0,RETRIEVOR_GPS,yes,"Mathias,    Indiegogo is a reputable platform and are quite capable of protecting people at any time. I have worked with them for years. They have stringent anti fraud mechanisms in place to do so.. Please do not make more false statements and aqusations such as "".... that already forked out $$$ that they cannot get back?""",2013-10-29T08:21:07Z,https://www.indiegogo.com//projects/retrievor-self-charging-gps-tracking#/,"{""authorID"": 2775796, ""authorType"": 1, ""children"": [], ""childrenTotalCount"": 0, ""commentID"": 546379, ""commentThreadID"": 30157, ""createdAt"": ""2013-10-29T08:21:07Z"", ""editedAt"": ""2013-10-29T08:21:07Z"", ""isDeleted"": false, ""isHidden"": false, ""isReportedByCreator"": false, ""likesCount"": 0, ""newerChildrenCount"": 0, ""newRepliesCount"": 0, ""parentID"": null, ""pinnedAt"": null, ""text"": ""Mathias,\r\n\r\nIndiegogo is a reputable platform and are quite capable of protecting people at any time. I have worked with them for years. They have stringent anti fraud mechanisms in place to do so.. Please do not make more false statements and aqusations such as \"".... that already forked out $$$ that they cannot get back?\"""", ""userComment"": null}"
546378,,0,Mathias_Korber,no,are are you implying that the only ones that are allowed to query you on your compaign (dare I even call it project at this point) are those that already forked out $$$ that they cannot get back? Shady,2013-10-29T07:46:33Z,https://www.indiegogo.com//projects/retrievor-self-charging-gps-tracking#/,"{""authorID"": 337020, ""authorType"": 0, ""children"": [], ""childrenTotalCount"": 0, ""commentID"": 546378, ""commentThreadID"": 30157, ""createdAt"": ""2013-10-29T07:46:33Z"", ""editedAt"": ""2013-10-29T07:46:33Z"", ""isDeleted"": false, ""isHidden"": false, ""isReportedByCreator"": false, ""likesCount"": 0, ""newerChildrenCount"": 0, ""newRepliesCount"": 0, ""parentID"": null, ""pinnedAt"": null, ""text"": ""are are you implying that the only ones that are allowed to query you on your compaign (dare I even call it project at this point) are those that already forked out $$$ that they cannot get back? Shady"", ""userComment"": null}"
546377,,0,Mathias_Korber,no,"Similarly, I contributes $2 simply because I wanted the burning question about your backchannel answered. I have no interested in derailing a genuine project/campaign, but if all I get is buzzwords and a runaround (and my comments deleted etc) when what is stated in the description of the project is clearly false, I want the rest of the world to see that. All you need to do is clearly state what method you will be having for the device to be tracked in the absence of 3G/GPRS?GSM, but you waffle",2013-10-29T07:40:36Z,https://www.indiegogo.com//projects/retrievor-self-charging-gps-tracking#/,"{""authorID"": 337020, ""authorType"": 0, ""children"": [], ""childrenTotalCount"": 0, ""commentID"": 546377, ""commentThreadID"": 30157, ""createdAt"": ""2013-10-29T07:40:36Z"", ""editedAt"": ""2013-10-29T07:40:36Z"", ""isDeleted"": false, ""isHidden"": false, ""isReportedByCreator"": false, ""likesCount"": 0, ""newerChildrenCount"": 0, ""newRepliesCount"": 0, ""parentID"": null, ""pinnedAt"": null, ""text"": ""Similarly, I contributes $2 simply because I wanted the burning question about your backchannel answered. I have no interested in derailing a genuine project/campaign, but if all I get is buzzwords and a runaround (and my comments deleted etc) when what is stated in the description of the project is clearly false, I want the rest of the world to see that. All you need to do is clearly state what method you will be having for the device to be tracked in the absence of 3G/GPRS?GSM, but you waffle"", ""userComment"": null}"
546375,,0,RETRIEVOR_GPS,yes,"Please note.    It is clear to see that Daniel, Mark & Mathias are deliberately attempting to sabotage this campaign. They are not real contributors to the campaign but instead have contributed $2 each so that they can be abusive publicly.   The fact that the Retrievor name is owned by Spectikon Corp is nothing new and has been in the public domain for a long time.",2013-10-29T06:55:39Z,https://www.indiegogo.com//projects/retrievor-self-charging-gps-tracking#/,"{""authorID"": 2775796, ""authorType"": 1, ""children"": [], ""childrenTotalCount"": 0, ""commentID"": 546375, ""commentThreadID"": 30157, ""createdAt"": ""2013-10-29T06:55:39Z"", ""editedAt"": ""2013-10-29T06:55:39Z"", ""isDeleted"": false, ""isHidden"": false, ""isReportedByCreator"": false, ""likesCount"": 0, ""newerChildrenCount"": 0, ""newRepliesCount"": 0, ""parentID"": null, ""pinnedAt"": null, ""text"": ""Please note.\r\n\r\nIt is clear to see that Daniel, Mark & Mathias are deliberately attempting to sabotage this campaign. They are not real contributors to the campaign but instead have contributed $2 each so that they can be abusive publicly. \r\nThe fact that the Retrievor name is owned by Spectikon Corp is nothing new and has been in the public domain for a long time."", ""userComment"": null}"
546374,,0,RETRIEVOR_GPS,yes,"The Retrievor Website footer has always stated. ""Copyright © 2013 Spectikon Corporation. All rights reserved.""     Just because your campaign failed Daniel, you feel now that the best wat to release your stress is to attack others.    According to the heartfelt video on your page campaign page you have had many failures in life. Must be hard to take so understandable that you are finally taking the sensible route and getting a job.    Good luck with it.",2013-10-29T06:36:48Z,https://www.indiegogo.com//projects/retrievor-self-charging-gps-tracking#/,"{""authorID"": 2775796, ""authorType"": 1, ""children"": [], ""childrenTotalCount"": 0, ""commentID"": 546374, ""commentThreadID"": 30157, ""createdAt"": ""2013-10-29T06:36:48Z"", ""editedAt"": ""2013-10-29T06:36:48Z"", ""isDeleted"": false, ""isHidden"": false, ""isReportedByCreator"": false, ""likesCount"": 0, ""newerChildrenCount"": 0, ""newRepliesCount"": 0, ""parentID"": null, ""pinnedAt"": null, ""text"": ""The Retrievor Website footer has always stated. \""Copyright © 2013 Spectikon Corporation. All rights reserved.\"" \r\n\r\nJust because your campaign failed Daniel, you feel now that the best wat to release your stress is to attack others.\r\n\r\nAccording to the heartfelt video on your page campaign page you have had many failures in life. Must be hard to take so understandable that you are finally taking the sensible route and getting a job.\r\n\r\nGood luck with it."", ""userComment"": null}"
546371,,0,Mark_Pulver,no,"A few hours ago I reported this campaign to Indiegogo... At the time I did, I think I (we) had enough evidence that this is a sham. I have more data that I haven't (yet) posted. Contributor Mathias has found some of it, and Contributor Daniel has added in his own not-so-comfy feelings...",2013-10-29T05:33:18Z,https://www.indiegogo.com//projects/retrievor-self-charging-gps-tracking#/,"{""authorID"": 1097395, ""authorType"": 0, ""children"": [], ""childrenTotalCount"": 0, ""commentID"": 546371, ""commentThreadID"": 30157, ""createdAt"": ""2013-10-29T05:33:18Z"", ""editedAt"": ""2013-10-29T05:33:18Z"", ""isDeleted"": false, ""isHidden"": false, ""isReportedByCreator"": false, ""likesCount"": 0, ""newerChildrenCount"": 0, ""newRepliesCount"": 0, ""parentID"": null, ""pinnedAt"": null, ""text"": ""A few hours ago I reported this campaign to Indiegogo... At the time I did, I think I (we) had enough evidence that this is a sham. I have more data that I haven't (yet) posted. Contributor Mathias has found some of it, and Contributor Daniel has added in his own not-so-comfy feelings..."", ""userComment"": null}"
546370,,0,Mark_Pulver,no,"Awesome, thank you Mathias!    It's interesting that the email address you were given had a domain of ""spectikon.com"", that's the same domain that holds the Terms and Conditions statement from http://retrievor.com/ (scroll to the bottom of the page)    And, who is ""spectikon.com""? Well, the domain registration has the same admin name as retrievor.com, though a different address...",2013-10-29T05:27:04Z,https://www.indiegogo.com//projects/retrievor-self-charging-gps-tracking#/,"{""authorID"": 1097395, ""authorType"": 0, ""children"": [], ""childrenTotalCount"": 0, ""commentID"": 546370, ""commentThreadID"": 30157, ""createdAt"": ""2013-10-29T05:27:04Z"", ""editedAt"": ""2013-10-29T05:27:04Z"", ""isDeleted"": false, ""isHidden"": false, ""isReportedByCreator"": false, ""likesCount"": 0, ""newerChildrenCount"": 0, ""newRepliesCount"": 0, ""parentID"": null, ""pinnedAt"": null, ""text"": ""Awesome, thank you Mathias!\r\n\r\nIt's interesting that the email address you were given had a domain of \""spectikon.com\"", that's the same domain that holds the Terms and Conditions statement from http://retrievor.com/ (scroll to the bottom of the page)\r\n\r\nAnd, who is \""spectikon.com\""? Well, the domain registration has the same admin name as retrievor.com, though a different address..."", ""userComment"": null}"
546368,,0,Mathias_Korber,no,"FTR here is that deleted 'private' reply again:      Although I am not a technical person, I do know that we have not included Bluetooth functionality in our device. As far as I understand we have partnered with a  global VSat company.    If you require more detailed information, then please e-mail Shane at shane@spectikon.com. I think that he may need you to sign a NDA first before giving you any detailed information.",2013-10-29T04:00:52Z,https://www.indiegogo.com//projects/retrievor-self-charging-gps-tracking#/,"{""authorID"": 337020, ""authorType"": 0, ""children"": [], ""childrenTotalCount"": 0, ""commentID"": 546368, ""commentThreadID"": 30157, ""createdAt"": ""2013-10-29T04:00:52Z"", ""editedAt"": ""2013-10-29T04:00:52Z"", ""isDeleted"": false, ""isHidden"": false, ""isReportedByCreator"": false, ""likesCount"": 0, ""newerChildrenCount"": 0, ""newRepliesCount"": 0, ""parentID"": null, ""pinnedAt"": null, ""text"": ""FTR here is that deleted 'private' reply again:  \r\n\r\nAlthough I am not a technical person, I do know that we have not included Bluetooth functionality in our device. As far as I understand we have partnered with a  global VSat company.\r\n\r\nIf you require more detailed information, then please e-mail Shane at shane@spectikon.com. I think that he may need you to sign a NDA first before giving you any detailed information."", ""userComment"": null}"
546367,,0,Mathias_Korber,no,"Ah, so you said nothing would stop me from posting a privately received answer, yet you deleted the one I gt and posted here right away. Classy",2013-10-29T03:57:39Z,https://www.indiegogo.com//projects/retrievor-self-charging-gps-tracking#/,"{""authorID"": 337020, ""authorType"": 0, ""children"": [], ""childrenTotalCount"": 0, ""commentID"": 546367, ""commentThreadID"": 30157, ""createdAt"": ""2013-10-29T03:57:39Z"", ""editedAt"": ""2013-10-29T03:57:39Z"", ""isDeleted"": false, ""isHidden"": false, ""isReportedByCreator"": false, ""likesCount"": 0, ""newerChildrenCount"": 0, ""newRepliesCount"": 0, ""parentID"": null, ""pinnedAt"": null, ""text"": ""Ah, so you said nothing would stop me from posting a privately received answer, yet you deleted the one I gt and posted here right away. Classy"", ""userComment"": null}"
546366,,0,Mark_Pulver,no,"Why did you delete my comment of:    ""I would also counter that asking for a picture of one of the prototypes that you were testing a couple of months ago isn’t uber technical.""?",2013-10-29T03:44:09Z,https://www.indiegogo.com//projects/retrievor-self-charging-gps-tracking#/,"{""authorID"": 1097395, ""authorType"": 0, ""children"": [], ""childrenTotalCount"": 0, ""commentID"": 546366, ""commentThreadID"": 30157, ""createdAt"": ""2013-10-29T03:44:09Z"", ""editedAt"": ""2013-10-29T03:44:09Z"", ""isDeleted"": false, ""isHidden"": false, ""isReportedByCreator"": false, ""likesCount"": 0, ""newerChildrenCount"": 0, ""newRepliesCount"": 0, ""parentID"": null, ""pinnedAt"": null, ""text"": ""Why did you delete my comment of:\r\n\r\n\""I would also counter that asking for a picture of one of the prototypes that you were testing a couple of months ago isn’t uber technical.\""?"", ""userComment"": null}"
546365,,0,Mark_Pulver,no,"I've been watching you longer than Daniel has been a contributor. I don't know him outside of seeing someone else (along with Mathias) that is asking perfectly valid questions and getting the run-around in return.    fwiw, you aimed your condescending ""ridiculous"" retort at the wrong person. You're not getting nervous with this pressure are you?    If ""you"" aren't technical, then ask someone who is and parrot the answer. There's no shame in saying ""I don't know, but I'll find out"".",2013-10-29T02:50:06Z,https://www.indiegogo.com//projects/retrievor-self-charging-gps-tracking#/,"{""authorID"": 1097395, ""authorType"": 0, ""children"": [], ""childrenTotalCount"": 0, ""commentID"": 546365, ""commentThreadID"": 30157, ""createdAt"": ""2013-10-29T02:50:06Z"", ""editedAt"": ""2013-10-29T02:50:06Z"", ""isDeleted"": false, ""isHidden"": false, ""isReportedByCreator"": false, ""likesCount"": 0, ""newerChildrenCount"": 0, ""newRepliesCount"": 0, ""parentID"": null, ""pinnedAt"": null, ""text"": ""I've been watching you longer than Daniel has been a contributor. I don't know him outside of seeing someone else (along with Mathias) that is asking perfectly valid questions and getting the run-around in return.\r\n\r\nfwiw, you aimed your condescending \""ridiculous\"" retort at the wrong person. You're not getting nervous with this pressure are you?\r\n\r\nIf \""you\"" aren't technical, then ask someone who is and parrot the answer. There's no shame in saying \""I don't know, but I'll find out\""."", ""userComment"": null}"
546364,,0,Mark_Pulver,no,"""this is not a technical forum""... Really? You're about to take home $57,000 for a highly TECHNICAL product. I think that simple answers to questions like ""how does send work?"", ""can we see a pic of a prototype?"".    I've contributed to projects here and on the other crowd funding site. Some technical. some not so. I have never seen such a series of dodging questions as what's happened here.",2013-10-29T02:45:52Z,https://www.indiegogo.com//projects/retrievor-self-charging-gps-tracking#/,"{""authorID"": 1097395, ""authorType"": 0, ""children"": [], ""childrenTotalCount"": 0, ""commentID"": 546364, ""commentThreadID"": 30157, ""createdAt"": ""2013-10-29T02:45:52Z"", ""editedAt"": ""2013-10-29T02:45:52Z"", ""isDeleted"": false, ""isHidden"": false, ""isReportedByCreator"": false, ""likesCount"": 0, ""newerChildrenCount"": 0, ""newRepliesCount"": 0, ""parentID"": null, ""pinnedAt"": null, ""text"": ""\""this is not a technical forum\""... Really? You're about to take home $57,000 for a highly TECHNICAL product. I think that simple answers to questions like \""how does send work?\"", \""can we see a pic of a prototype?\"".\r\n\r\nI've contributed to projects here and on the other crowd funding site. Some technical. some not so. I have never seen such a series of dodging questions as what's happened here."", ""userComment"": null}"
546363,,0,Mathias_Korber,no,"But you should acppet us being sceptical as the one explanation you do provide (standard GPS used for tracking) is patently false, as GPS has no backchannel.",2013-10-29T01:25:12Z,https://www.indiegogo.com//projects/retrievor-self-charging-gps-tracking#/,"{""authorID"": 337020, ""authorType"": 0, ""children"": [], ""childrenTotalCount"": 0, ""commentID"": 546363, ""commentThreadID"": 30157, ""createdAt"": ""2013-10-29T01:25:12Z"", ""editedAt"": ""2013-10-29T01:25:12Z"", ""isDeleted"": false, ""isHidden"": false, ""isReportedByCreator"": false, ""likesCount"": 0, ""newerChildrenCount"": 0, ""newRepliesCount"": 0, ""parentID"": null, ""pinnedAt"": null, ""text"": ""But you should acppet us being sceptical as the one explanation you do provide (standard GPS used for tracking) is patently false, as GPS has no backchannel."", ""userComment"": null}"
546362,,0,Mathias_Korber,no,"That's what I got when I did ask in private. I don't think it should take an NDA to find out what general technology you use (so that I can judge whether in fact my itemd would be trackable when no 3G is available). No-one is asking for implementation specifics, just a high-level description on how you propose to get the device located in the absence of any other backchannel",2013-10-29T01:23:12Z,https://www.indiegogo.com//projects/retrievor-self-charging-gps-tracking#/,"{""authorID"": 337020, ""authorType"": 0, ""children"": [], ""childrenTotalCount"": 0, ""commentID"": 546362, ""commentThreadID"": 30157, ""createdAt"": ""2013-10-29T01:23:12Z"", ""editedAt"": ""2013-10-29T01:23:12Z"", ""isDeleted"": false, ""isHidden"": false, ""isReportedByCreator"": false, ""likesCount"": 0, ""newerChildrenCount"": 0, ""newRepliesCount"": 0, ""parentID"": null, ""pinnedAt"": null, ""text"": ""That's what I got when I did ask in private. I don't think it should take an NDA to find out what general technology you use (so that I can judge whether in fact my itemd would be trackable when no 3G is available). No-one is asking for implementation specifics, just a high-level description on how you propose to get the device located in the absence of any other backchannel"", ""userComment"": null}"
546360,,0,RETRIEVOR_GPS,yes,"""..answer that is sent only to me (premusably to keep others from seeing it)."" Don't be ridiculous Mark. What's to stop you posting the answer you receive via e-mail on this thread.    Hmm, coffee time!",2013-10-29T01:14:39Z,https://www.indiegogo.com//projects/retrievor-self-charging-gps-tracking#/,"{""authorID"": 2775796, ""authorType"": 1, ""children"": [], ""childrenTotalCount"": 0, ""commentID"": 546360, ""commentThreadID"": 30157, ""createdAt"": ""2013-10-29T01:14:39Z"", ""editedAt"": ""2013-10-29T01:14:39Z"", ""isDeleted"": false, ""isHidden"": false, ""isReportedByCreator"": false, ""likesCount"": 0, ""newerChildrenCount"": 0, ""newRepliesCount"": 0, ""parentID"": null, ""pinnedAt"": null, ""text"": ""\""..answer that is sent only to me (premusably to keep others from seeing it).\"" Don't be ridiculous Mark. What's to stop you posting the answer you receive via e-mail on this thread.\r\n\r\nHmm, coffee time!"", ""userComment"": null}"
546359,,0,Mathias_Korber,no,No. I am not interested in a 'technical' answer that is sent only to me (premusably to keep others from seeing it). I am interested in an honest answer what technology/service you are using for the device to announce its location back to your service. The answer dos not have to be 'technical' but on the same level as '3G/GSM/GPSR'. Juts something like: We are using xyz Satellite system for the backchannel would likely suffice (and allow interested parties to see if that would work for them,2013-10-29T01:09:06Z,https://www.indiegogo.com//projects/retrievor-self-charging-gps-tracking#/,"{""authorID"": 337020, ""authorType"": 0, ""children"": [], ""childrenTotalCount"": 0, ""commentID"": 546359, ""commentThreadID"": 30157, ""createdAt"": ""2013-10-29T01:09:06Z"", ""editedAt"": ""2013-10-29T01:09:06Z"", ""isDeleted"": false, ""isHidden"": false, ""isReportedByCreator"": false, ""likesCount"": 0, ""newerChildrenCount"": 0, ""newRepliesCount"": 0, ""parentID"": null, ""pinnedAt"": null, ""text"": ""No. I am not interested in a 'technical' answer that is sent only to me (premusably to keep others from seeing it). I am interested in an honest answer what technology/service you are using for the device to announce its location back to your service. The answer dos not have to be 'technical' but on the same level as '3G/GSM/GPSR'. Juts something like: We are using xyz Satellite system for the backchannel would likely suffice (and allow interested parties to see if that would work for them"", ""userComment"": null}"
546358,,0,RETRIEVOR_GPS,yes,"Mark, this is not a technical forum. We have answered questions about SDK by advising people to register their interest with us by e-mailing.      Ahh so this is in retaliation to the comment to Daniel. You his buddy's or something? Funny how you sprung up a short while later.    You make the assumption that everyone wants to hear what you want to talk about. Quite self-centered in my opinion. I have advised you what to do to get answers to your questions and will end off now",2013-10-29T01:02:39Z,https://www.indiegogo.com//projects/retrievor-self-charging-gps-tracking#/,"{""authorID"": 2775796, ""authorType"": 1, ""children"": [], ""childrenTotalCount"": 0, ""commentID"": 546358, ""commentThreadID"": 30157, ""createdAt"": ""2013-10-29T01:02:39Z"", ""editedAt"": ""2013-10-29T01:02:39Z"", ""isDeleted"": false, ""isHidden"": false, ""isReportedByCreator"": false, ""likesCount"": 0, ""newerChildrenCount"": 0, ""newRepliesCount"": 0, ""parentID"": null, ""pinnedAt"": null, ""text"": ""Mark, this is not a technical forum. We have answered questions about SDK by advising people to register their interest with us by e-mailing.  \r\n\r\nAhh so this is in retaliation to the comment to Daniel. You his buddy's or something? Funny how you sprung up a short while later.\r\n\r\nYou make the assumption that everyone wants to hear what you want to talk about. Quite self-centered in my opinion. I have advised you what to do to get answers to your questions and will end off now"", ""userComment"": null}"
546356,,0,Mark_Pulver,no,"You've answered questions here about an SDK, you've composed a snooty response to Daniel by talking about ""quarter sized technology"", you didn't seem to flinch much when I pointed out the off-the-shelf GPS chip.    With 17 days to go, and people asking technical questions in public, maybe it's time to put someone technical on the keyboard and answer these things in public.",2013-10-29T00:52:47Z,https://www.indiegogo.com//projects/retrievor-self-charging-gps-tracking#/,"{""authorID"": 1097395, ""authorType"": 0, ""children"": [], ""childrenTotalCount"": 0, ""commentID"": 546356, ""commentThreadID"": 30157, ""createdAt"": ""2013-10-29T00:52:47Z"", ""editedAt"": ""2013-10-29T00:52:47Z"", ""isDeleted"": false, ""isHidden"": false, ""isReportedByCreator"": false, ""likesCount"": 0, ""newerChildrenCount"": 0, ""newRepliesCount"": 0, ""parentID"": null, ""pinnedAt"": null, ""text"": ""You've answered questions here about an SDK, you've composed a snooty response to Daniel by talking about \""quarter sized technology\"", you didn't seem to flinch much when I pointed out the off-the-shelf GPS chip.\r\n\r\nWith 17 days to go, and people asking technical questions in public, maybe it's time to put someone technical on the keyboard and answer these things in public."", ""userComment"": null}"
546354,,0,RETRIEVOR_GPS,yes,"Mark & Mathias,    You are incorrectly making the assumption that you are talking to a technical person. I suggest you direct your questions to support@retrievor.com where they will answer your questions",2013-10-29T00:46:18Z,https://www.indiegogo.com//projects/retrievor-self-charging-gps-tracking#/,"{""authorID"": 2775796, ""authorType"": 1, ""children"": [], ""childrenTotalCount"": 0, ""commentID"": 546354, ""commentThreadID"": 30157, ""createdAt"": ""2013-10-29T00:46:18Z"", ""editedAt"": ""2013-10-29T00:46:18Z"", ""isDeleted"": false, ""isHidden"": false, ""isReportedByCreator"": false, ""likesCount"": 0, ""newerChildrenCount"": 0, ""newRepliesCount"": 0, ""parentID"": null, ""pinnedAt"": null, ""text"": ""Mark & Mathias,\r\n\r\nYou are incorrectly making the assumption that you are talking to a technical person. I suggest you direct your questions to support@retrievor.com where they will answer your questions"", ""userComment"": null}"
546353,,0,Mark_Pulver,no,"Obviously the GPS isn't the only component involved. Can you shed some light on what you're doing for a CPU? There needs to be additional code involved in order to get that SEND to work.    Will there be firmware updates? How will those work? From the OpenSource mapping app?    What ""backend"" services are you developing? The SEND infrastructure? How's that being handled outside of the US? Cloud services? Who's are you looking to use?",2013-10-29T00:12:47Z,https://www.indiegogo.com//projects/retrievor-self-charging-gps-tracking#/,"{""authorID"": 1097395, ""authorType"": 0, ""children"": [], ""childrenTotalCount"": 0, ""commentID"": 546353, ""commentThreadID"": 30157, ""createdAt"": ""2013-10-29T00:12:47Z"", ""editedAt"": ""2013-10-29T00:12:47Z"", ""isDeleted"": false, ""isHidden"": false, ""isReportedByCreator"": false, ""likesCount"": 0, ""newerChildrenCount"": 0, ""newRepliesCount"": 0, ""parentID"": null, ""pinnedAt"": null, ""text"": ""Obviously the GPS isn't the only component involved. Can you shed some light on what you're doing for a CPU? There needs to be additional code involved in order to get that SEND to work.\r\n\r\nWill there be firmware updates? How will those work? From the OpenSource mapping app?\r\n\r\nWhat \""backend\"" services are you developing? The SEND infrastructure? How's that being handled outside of the US? Cloud services? Who's are you looking to use?"", ""userComment"": null}"
546351,,0,Mathias_Korber,no,"Does whatever technology you use need a clear sky to work? Are there other limitations that make it stop working indoors, under tree cover, in large cities (often no clear view of the sky)?  Can it work when the device is not on top of whetever is beingtracked (under a car, in  bag etc)?",2013-10-28T23:49:57Z,https://www.indiegogo.com//projects/retrievor-self-charging-gps-tracking#/,"{""authorID"": 337020, ""authorType"": 0, ""children"": [], ""childrenTotalCount"": 0, ""commentID"": 546351, ""commentThreadID"": 30157, ""createdAt"": ""2013-10-28T23:49:57Z"", ""editedAt"": ""2013-10-28T23:49:57Z"", ""isDeleted"": false, ""isHidden"": false, ""isReportedByCreator"": false, ""likesCount"": 0, ""newerChildrenCount"": 0, ""newRepliesCount"": 0, ""parentID"": null, ""pinnedAt"": null, ""text"": ""Does whatever technology you use need a clear sky to work? Are there other limitations that make it stop working indoors, under tree cover, in large cities (often no clear view of the sky)?\r\nCan it work when the device is not on top of whetever is beingtracked (under a car, in  bag etc)?"", ""userComment"": null}"
546345,,0,RETRIEVOR_GPS,yes,"Mark (continued)    We have spent considerable time and money developing the technology and have partnered with several micro technology manufacturers,including those involved in the Smartwatch industry.    I can assure you that if something was ""pretty wrong here' it would have made much more sense for us to have renamed our product and to have started afresh leaving the old crowdfunding campaign way behind.",2013-10-28T23:27:02Z,https://www.indiegogo.com//projects/retrievor-self-charging-gps-tracking#/,"{""authorID"": 2775796, ""authorType"": 1, ""children"": [], ""childrenTotalCount"": 0, ""commentID"": 546345, ""commentThreadID"": 30157, ""createdAt"": ""2013-10-28T23:27:02Z"", ""editedAt"": ""2013-10-28T23:27:02Z"", ""isDeleted"": false, ""isHidden"": false, ""isReportedByCreator"": false, ""likesCount"": 0, ""newerChildrenCount"": 0, ""newRepliesCount"": 0, ""parentID"": null, ""pinnedAt"": null, ""text"": ""Mark (continued)\r\n\r\nWe have spent considerable time and money developing the technology and have partnered with several micro technology manufacturers,including those involved in the Smartwatch industry.\r\n\r\nI can assure you that if something was \""pretty wrong here' it would have made much more sense for us to have renamed our product and to have started afresh leaving the old crowdfunding campaign way behind."", ""userComment"": null}"
546344,,0,RETRIEVOR_GPS,yes,"Mark,    Thanks for the questions.     Firstly, our Retrievor device has evolved since the first campaign. At that time we had a functioning device but saw little demand for what we were offering.  We had a decision to make at that time and that was to either ditch the project completely our continue searching for answers. Through perseverance and some luck we have found them. We are not prepared to go into too much detail from a technical standpoint as need to protect our investment.",2013-10-28T23:26:13Z,https://www.indiegogo.com//projects/retrievor-self-charging-gps-tracking#/,"{""authorID"": 2775796, ""authorType"": 1, ""children"": [], ""childrenTotalCount"": 0, ""commentID"": 546344, ""commentThreadID"": 30157, ""createdAt"": ""2013-10-28T23:26:13Z"", ""editedAt"": ""2013-10-28T23:26:13Z"", ""isDeleted"": false, ""isHidden"": false, ""isReportedByCreator"": false, ""likesCount"": 0, ""newerChildrenCount"": 0, ""newRepliesCount"": 0, ""parentID"": null, ""pinnedAt"": null, ""text"": ""Mark,\r\n\r\nThanks for the questions. \r\n\r\nFirstly, our Retrievor device has evolved since the first campaign. At that time we had a functioning device but saw little demand for what we were offering.  We had a decision to make at that time and that was to either ditch the project completely our continue searching for answers. Through perseverance and some luck we have found them. We are not prepared to go into too much detail from a technical standpoint as need to protect our investment."", ""userComment"": null}"
546343,,0,Mark_Pulver,no,"I'm in along with Daniel and Mathais. There's something pretty wrong here. I would be in for a unit if something more happened than two ""referral campaigns"" and the same news story copied across a bunch of press outlets.    Can you please address why this same campaign was run back in April and a) you then asked for $125k, b) you took away $1668, c) you had no prototype then, d) you have no prototype now?    Why keep the tech a ""secret""? You should be answering the questions raised here.",2013-10-28T22:34:54Z,https://www.indiegogo.com//projects/retrievor-self-charging-gps-tracking#/,"{""authorID"": 1097395, ""authorType"": 0, ""children"": [], ""childrenTotalCount"": 0, ""commentID"": 546343, ""commentThreadID"": 30157, ""createdAt"": ""2013-10-28T22:34:54Z"", ""editedAt"": ""2013-10-28T22:34:54Z"", ""isDeleted"": false, ""isHidden"": false, ""isReportedByCreator"": false, ""likesCount"": 0, ""newerChildrenCount"": 0, ""newRepliesCount"": 0, ""parentID"": null, ""pinnedAt"": null, ""text"": ""I'm in along with Daniel and Mathais. There's something pretty wrong here. I would be in for a unit if something more happened than two \""referral campaigns\"" and the same news story copied across a bunch of press outlets.\r\n\r\nCan you please address why this same campaign was run back in April and a) you then asked for $125k, b) you took away $1668, c) you had no prototype then, d) you have no prototype now?\r\n\r\nWhy keep the tech a \""secret\""? You should be answering the questions raised here."", ""userComment"": null}"
546342,,0,RETRIEVOR_GPS,yes,"Daniel DAgostino,    Firstly, thank you very much for your $2 contribution to our campaign and very generous of you to assist.      This quarter sized device uses quarter size technology and quarter sized battery charging technology which is not cheap by any means. Retrievor can not in any way be compared to a cell phone as there is little similarity in technology nor application thereof.    Maybe it's best to focus your attention on your own campaign Daniel.",2013-10-28T19:42:14Z,https://www.indiegogo.com//projects/retrievor-self-charging-gps-tracking#/,"{""authorID"": 2775796, ""authorType"": 1, ""children"": [], ""childrenTotalCount"": 0, ""commentID"": 546342, ""commentThreadID"": 30157, ""createdAt"": ""2013-10-28T19:42:14Z"", ""editedAt"": ""2013-10-28T19:42:14Z"", ""isDeleted"": false, ""isHidden"": false, ""isReportedByCreator"": false, ""likesCount"": 0, ""newerChildrenCount"": 0, ""newRepliesCount"": 0, ""parentID"": null, ""pinnedAt"": null, ""text"": ""Daniel DAgostino,\r\n\r\nFirstly, thank you very much for your $2 contribution to our campaign and very generous of you to assist. \r\n \r\nThis quarter sized device uses quarter size technology and quarter sized battery charging technology which is not cheap by any means. Retrievor can not in any way be compared to a cell phone as there is little similarity in technology nor application thereof.\r\n\r\nMaybe it's best to focus your attention on your own campaign Daniel."", ""userComment"": null}"
546335,,0,RETRIEVOR_GPS,yes,"Hi Mathais,    Thanks for the question. Please contact us through this link http://www.retrievor.com/contact-us and we will get one of our technical people to answer your question.",2013-10-27T11:27:39Z,https://www.indiegogo.com//projects/retrievor-self-charging-gps-tracking#/,"{""authorID"": 2775796, ""authorType"": 1, ""children"": [], ""childrenTotalCount"": 0, ""commentID"": 546335, ""commentThreadID"": 30157, ""createdAt"": ""2013-10-27T11:27:39Z"", ""editedAt"": ""2013-10-27T11:27:39Z"", ""isDeleted"": false, ""isHidden"": false, ""isReportedByCreator"": false, ""likesCount"": 0, ""newerChildrenCount"": 0, ""newRepliesCount"": 0, ""parentID"": null, ""pinnedAt"": null, ""text"": ""Hi Mathais,\r\n\r\nThanks for the question. Please contact us through this link http://www.retrievor.com/contact-us and we will get one of our technical people to answer your question."", ""userComment"": null}"
546333,,0,Mathias_Korber,no,"What technology do you use to transmit the device’s location? ‘traditional GPS’ does not allow finding a device remotely. It only allows a device to determine its own location, so if you don’t always use GSM/GPRS/3G, (if it is not available) then how does the device transmit?",2013-10-27T01:38:20Z,https://www.indiegogo.com//projects/retrievor-self-charging-gps-tracking#/,"{""authorID"": 337020, ""authorType"": 0, ""children"": [], ""childrenTotalCount"": 0, ""commentID"": 546333, ""commentThreadID"": 30157, ""createdAt"": ""2013-10-27T01:38:20Z"", ""editedAt"": ""2013-10-27T01:38:20Z"", ""isDeleted"": false, ""isHidden"": false, ""isReportedByCreator"": false, ""likesCount"": 0, ""newerChildrenCount"": 0, ""newRepliesCount"": 0, ""parentID"": null, ""pinnedAt"": null, ""text"": ""What technology do you use to transmit the device’s location? ‘traditional GPS’ does not allow finding a device remotely. It only allows a device to determine its own location, so if you don’t always use GSM/GPRS/3G, (if it is not available) then how does the device transmit?"", ""userComment"": null}"
546332,,0,RETRIEVOR_GPS,yes,"cgardiner    Thanks for the question. Unfortunatley, this wont' be possible with the release of our first model as we are extremely limited with space within the device casing. However, we will be releasing future models (some will not be waterproof but will include such things as microphone for listening to Retrievor's surroundings) and this temperature sensor could be included.",2013-10-26T13:41:25Z,https://www.indiegogo.com//projects/retrievor-self-charging-gps-tracking#/,"{""authorID"": 2775796, ""authorType"": 1, ""children"": [], ""childrenTotalCount"": 0, ""commentID"": 546332, ""commentThreadID"": 30157, ""createdAt"": ""2013-10-26T13:41:25Z"", ""editedAt"": ""2013-10-26T13:41:25Z"", ""isDeleted"": false, ""isHidden"": false, ""isReportedByCreator"": false, ""likesCount"": 0, ""newerChildrenCount"": 0, ""newRepliesCount"": 0, ""parentID"": null, ""pinnedAt"": null, ""text"": ""cgardiner\r\n\r\nThanks for the question. Unfortunatley, this wont' be possible with the release of our first model as we are extremely limited with space within the device casing. However, we will be releasing future models (some will not be waterproof but will include such things as microphone for listening to Retrievor's surroundings) and this temperature sensor could be included."", ""userComment"": null}"
546331,,0,,no,"Hi Guys,    Is it possible to have a set temperature on the Retrievor that triggers an alert via sms etc?  Unfortunately about a year ago here in Australia, there was an accident where a guide dog trainee was left in a car in the heat and it died. I was hoping that this device may be able to be used on the collar to trigger an alert to the Guide Dog organisation if a dog is left in a hot car.  It would also obviously be useful for locating a lost blind person with their dog.    Cheers,  Craig",2013-10-26T08:08:09Z,https://www.indiegogo.com//projects/retrievor-self-charging-gps-tracking#/,"{""authorID"": 3987836, ""authorType"": 0, ""children"": [], ""childrenTotalCount"": 0, ""commentID"": 546331, ""commentThreadID"": 30157, ""createdAt"": ""2013-10-26T08:08:09Z"", ""editedAt"": ""2013-10-26T08:08:09Z"", ""isDeleted"": false, ""isHidden"": false, ""isReportedByCreator"": false, ""likesCount"": 0, ""newerChildrenCount"": 0, ""newRepliesCount"": 0, ""parentID"": null, ""pinnedAt"": null, ""text"": ""Hi Guys,\r\n\r\nIs it possible to have a set temperature on the Retrievor that triggers an alert via sms etc?\r\nUnfortunately about a year ago here in Australia, there was an accident where a guide dog trainee was left in a car in the heat and it died. I was hoping that this device may be able to be used on the collar to trigger an alert to the Guide Dog organisation if a dog is left in a hot car.\r\nIt would also obviously be useful for locating a lost blind person with their dog.\r\n\r\nCheers,\r\nCraig"", ""userComment"": null}"
546321,,0,Sherry_Colbourne_afcb,no,"Hi guys, yet another idea which you may have thought of but throwing at you anyway. I work with aging in place service providers and your device would be excellent for keeping track of those transitioning through dementia and alzheimers. You provide a wonderfully non-invasive way for adult children to keep track of their aging parents.",2013-10-22T12:39:59Z,https://www.indiegogo.com//projects/retrievor-self-charging-gps-tracking#/,"{""authorID"": 4938126, ""authorType"": 0, ""children"": [], ""childrenTotalCount"": 0, ""commentID"": 546321, ""commentThreadID"": 30157, ""createdAt"": ""2013-10-22T12:39:59Z"", ""editedAt"": ""2013-10-22T12:39:59Z"", ""isDeleted"": false, ""isHidden"": false, ""isReportedByCreator"": false, ""likesCount"": 0, ""newerChildrenCount"": 0, ""newRepliesCount"": 0, ""parentID"": null, ""pinnedAt"": null, ""text"": ""Hi guys, yet another idea which you may have thought of but throwing at you anyway. I work with aging in place service providers and your device would be excellent for keeping track of those transitioning through dementia and alzheimers. You provide a wonderfully non-invasive way for adult children to keep track of their aging parents."", ""userComment"": null}"
546320,,0,RETRIEVOR_GPS,yes,"indigogo60     Thank you for supporting our project.    Yes, we are planning to release an SDK during Q1 2014 and until the release there will be no way to change the reporting setup. Please e-mail us at sales@ retrievor.com if you want to be added to the list for an SDK",2013-10-21T19:29:50Z,https://www.indiegogo.com//projects/retrievor-self-charging-gps-tracking#/,"{""authorID"": 2775796, ""authorType"": 1, ""children"": [], ""childrenTotalCount"": 0, ""commentID"": 546320, ""commentThreadID"": 30157, ""createdAt"": ""2013-10-21T19:29:50Z"", ""editedAt"": ""2013-10-21T19:29:50Z"", ""isDeleted"": false, ""isHidden"": false, ""isReportedByCreator"": false, ""likesCount"": 0, ""newerChildrenCount"": 0, ""newRepliesCount"": 0, ""parentID"": null, ""pinnedAt"": null, ""text"": ""indigogo60 \r\n\r\nThank you for supporting our project.\r\n\r\nYes, we are planning to release an SDK during Q1 2014 and until the release there will be no way to change the reporting setup. Please e-mail us at sales@ retrievor.com if you want to be added to the list for an SDK"", ""userComment"": null}"
546319,,0,,no,Are there any plans for an SDK? is there a way to change where the device reports its location to?  What kind of functionality exists without the subscription?,2013-10-21T14:58:10Z,https://www.indiegogo.com//projects/retrievor-self-charging-gps-tracking#/,"{""authorID"": 4937292, ""authorType"": 0, ""children"": [], ""childrenTotalCount"": 0, ""commentID"": 546319, ""commentThreadID"": 30157, ""createdAt"": ""2013-10-21T14:58:10Z"", ""editedAt"": ""2013-10-21T14:58:10Z"", ""isDeleted"": false, ""isHidden"": false, ""isReportedByCreator"": false, ""likesCount"": 0, ""newerChildrenCount"": 0, ""newRepliesCount"": 0, ""parentID"": null, ""pinnedAt"": null, ""text"": ""Are there any plans for an SDK? is there a way to change where the device reports its location to?\r\nWhat kind of functionality exists without the subscription?"", ""userComment"": null}"
546318,,0,RETRIEVOR_GPS,yes,"Hi Sherry,    Thanks for the comment. RC advocates was something we never even thought of so thank you for highlighting this. It is through people like you, that we see there is more to Retrievor than we ever imagined.    Much appreciated!",2013-10-21T12:28:41Z,https://www.indiegogo.com//projects/retrievor-self-charging-gps-tracking#/,"{""authorID"": 2775796, ""authorType"": 1, ""children"": [], ""childrenTotalCount"": 0, ""commentID"": 546318, ""commentThreadID"": 30157, ""createdAt"": ""2013-10-21T12:28:41Z"", ""editedAt"": ""2013-10-21T12:28:41Z"", ""isDeleted"": false, ""isHidden"": false, ""isReportedByCreator"": false, ""likesCount"": 0, ""newerChildrenCount"": 0, ""newRepliesCount"": 0, ""parentID"": null, ""pinnedAt"": null, ""text"": ""Hi Sherry,\r\n\r\nThanks for the comment. RC advocates was something we never even thought of so thank you for highlighting this. It is through people like you, that we see there is more to Retrievor than we ever imagined.\r\n\r\nMuch appreciated!"", ""userComment"": null}"
546315,,0,Sherry_Colbourne_afcb,no,"Hey guys, love the device! Don't forget about all the RC advocates out there. This little device will be a godsend on my husbands RC Heli or on RC trucks/boats, etc. These toys are expensive and worth keeping track of!",2013-10-21T05:11:51Z,https://www.indiegogo.com//projects/retrievor-self-charging-gps-tracking#/,"{""authorID"": 4938126, ""authorType"": 0, ""children"": [], ""childrenTotalCount"": 0, ""commentID"": 546315, ""commentThreadID"": 30157, ""createdAt"": ""2013-10-21T05:11:51Z"", ""editedAt"": ""2013-10-21T05:11:51Z"", ""isDeleted"": false, ""isHidden"": false, ""isReportedByCreator"": false, ""likesCount"": 0, ""newerChildrenCount"": 0, ""newRepliesCount"": 0, ""parentID"": null, ""pinnedAt"": null, ""text"": ""Hey guys, love the device! Don't forget about all the RC advocates out there. This little device will be a godsend on my husbands RC Heli or on RC trucks/boats, etc. These toys are expensive and worth keeping track of!"", ""userComment"": null}"
546309,,0,RETRIEVOR_GPS,yes,"Hi Rudy,    Polling can be user configured for every minute through to once per day. The device sleep status is also user controlled. The device has an internal battery. When this is in a low power state Retrievor will notify you via SMS, e-mail or ringtone dependent on the set-up you have chosen. User configuration is provided through our online server applications.",2013-10-19T17:06:20Z,https://www.indiegogo.com//projects/retrievor-self-charging-gps-tracking#/,"{""authorID"": 2775796, ""authorType"": 1, ""children"": [], ""childrenTotalCount"": 0, ""commentID"": 546309, ""commentThreadID"": 30157, ""createdAt"": ""2013-10-19T17:06:20Z"", ""editedAt"": ""2013-10-19T17:06:20Z"", ""isDeleted"": false, ""isHidden"": false, ""isReportedByCreator"": false, ""likesCount"": 0, ""newerChildrenCount"": 0, ""newRepliesCount"": 0, ""parentID"": null, ""pinnedAt"": null, ""text"": ""Hi Rudy,\r\n\r\nPolling can be user configured for every minute through to once per day. The device sleep status is also user controlled. The device has an internal battery. When this is in a low power state Retrievor will notify you via SMS, e-mail or ringtone dependent on the set-up you have chosen. User configuration is provided through our online server applications."", ""userComment"": null}"
546308,,0,Rudy_De Volder_cc71,no,To make my batterylife tabel  1. Is the system working via polling or sending every xxx seconds or minutes?  2. Can the awake period being configured & being auto-configured to different values depending on the status leaving the virtual fence?  3. How many power is the device draining during it’s awake period sending data?   4. It would be nice to have the option of external power via a battery and being warned about the external battery being to low or even monitoring the  battery. Possible?,2013-10-19T15:40:30Z,https://www.indiegogo.com//projects/retrievor-self-charging-gps-tracking#/,"{""authorID"": 4708078, ""authorType"": 0, ""children"": [], ""childrenTotalCount"": 0, ""commentID"": 546308, ""commentThreadID"": 30157, ""createdAt"": ""2013-10-19T15:40:30Z"", ""editedAt"": ""2013-10-19T15:40:30Z"", ""isDeleted"": false, ""isHidden"": false, ""isReportedByCreator"": false, ""likesCount"": 0, ""newerChildrenCount"": 0, ""newRepliesCount"": 0, ""parentID"": null, ""pinnedAt"": null, ""text"": ""To make my batterylife tabel\r\n1. Is the system working via polling or sending every xxx seconds or minutes?\r\n2. Can the awake period being configured & being auto-configured to different values depending on the status leaving the virtual fence?\r\n3. How many power is the device draining during it’s awake period sending data? \r\n4. It would be nice to have the option of external power via a battery and being warned about the external battery being to low or even monitoring the  battery. Possible?"", ""userComment"": null}"
546301,,0,RETRIEVOR_GPS,yes,cnj10 Johansson    Please send an e-mail to sales@retrievor.com stating your interest.    Thank you.,2013-10-18T09:04:38Z,https://www.indiegogo.com//projects/retrievor-self-charging-gps-tracking#/,"{""authorID"": 2775796, ""authorType"": 1, ""children"": [], ""childrenTotalCount"": 0, ""commentID"": 546301, ""commentThreadID"": 30157, ""createdAt"": ""2013-10-18T09:04:38Z"", ""editedAt"": ""2013-10-18T09:04:38Z"", ""isDeleted"": false, ""isHidden"": false, ""isReportedByCreator"": false, ""likesCount"": 0, ""newerChildrenCount"": 0, ""newRepliesCount"": 0, ""parentID"": null, ""pinnedAt"": null, ""text"": ""cnj10 Johansson\r\n\r\nPlease send an e-mail to sales@retrievor.com stating your interest.\r\n\r\nThank you."", ""userComment"": null}"
546298,,0,cnj10_Johansson,no,I would like to be envolved in sales of this device. I have some great marketing ideas and would like to start a business around this product or be affiliated with the sales/marketing of this product.,2013-10-17T20:45:08Z,https://www.indiegogo.com//projects/retrievor-self-charging-gps-tracking#/,"{""authorID"": 4909241, ""authorType"": 0, ""children"": [], ""childrenTotalCount"": 0, ""commentID"": 546298, ""commentThreadID"": 30157, ""createdAt"": ""2013-10-17T20:45:08Z"", ""editedAt"": ""2013-10-17T20:45:08Z"", ""isDeleted"": false, ""isHidden"": false, ""isReportedByCreator"": false, ""likesCount"": 0, ""newerChildrenCount"": 0, ""newRepliesCount"": 0, ""parentID"": null, ""pinnedAt"": null, ""text"": ""I would like to be envolved in sales of this device. I have some great marketing ideas and would like to start a business around this product or be affiliated with the sales/marketing of this product."", ""userComment"": null}"
546293,,0,RETRIEVOR_GPS,yes,Please note. The attachment clip will be included free with all orders.,2013-10-14T11:52:47Z,https://www.indiegogo.com//projects/retrievor-self-charging-gps-tracking#/,"{""authorID"": 2775796, ""authorType"": 1, ""children"": [], ""childrenTotalCount"": 0, ""commentID"": 546293, ""commentThreadID"": 30157, ""createdAt"": ""2013-10-14T11:52:47Z"", ""editedAt"": ""2013-10-14T11:52:47Z"", ""isDeleted"": false, ""isHidden"": false, ""isReportedByCreator"": false, ""likesCount"": 0, ""newerChildrenCount"": 0, ""newRepliesCount"": 0, ""parentID"": null, ""pinnedAt"": null, ""text"": ""Please note. The attachment clip will be included free with all orders."", ""userComment"": null}"
546291,,0,RETRIEVOR_GPS,yes,"Referral Competition    Please note that we will publish the referral competition standings on Friday each week. This will show the top 10 positions on our leaderboard Our first Retrievor give away ends on 22nd October so get sharing and referring all who you know. Please remember that the competition rules state  that the ""the person who has referred the most people to pre-order a Retrievor, wins one for themselves""    So hurry, get sharing and who knows, it could be you!",2013-10-10T15:46:53Z,https://www.indiegogo.com//projects/retrievor-self-charging-gps-tracking#/,"{""authorID"": 2775796, ""authorType"": 1, ""children"": [], ""childrenTotalCount"": 0, ""commentID"": 546291, ""commentThreadID"": 30157, ""createdAt"": ""2013-10-10T15:46:53Z"", ""editedAt"": ""2013-10-10T15:46:53Z"", ""isDeleted"": false, ""isHidden"": false, ""isReportedByCreator"": false, ""likesCount"": 0, ""newerChildrenCount"": 0, ""newRepliesCount"": 0, ""parentID"": null, ""pinnedAt"": null, ""text"": ""Referral Competition\r\n\r\nPlease note that we will publish the referral competition standings on Friday each week. This will show the top 10 positions on our leaderboard Our first Retrievor give away ends on 22nd October so get sharing and referring all who you know. Please remember that the competition rules state  that the \""the person who has referred the most people to pre-order a Retrievor, wins one for themselves\""\r\n\r\nSo hurry, get sharing and who knows, it could be you!"", ""userComment"": null}"
546289,,0,RETRIEVOR_GPS,yes,Thank you for your support Alberto.,2013-10-09T21:16:06Z,https://www.indiegogo.com//projects/retrievor-self-charging-gps-tracking#/,"{""authorID"": 2775796, ""authorType"": 1, ""children"": [], ""childrenTotalCount"": 0, ""commentID"": 546289, ""commentThreadID"": 30157, ""createdAt"": ""2013-10-09T21:16:06Z"", ""editedAt"": ""2013-10-09T21:16:06Z"", ""isDeleted"": false, ""isHidden"": false, ""isReportedByCreator"": false, ""likesCount"": 0, ""newerChildrenCount"": 0, ""newRepliesCount"": 0, ""parentID"": null, ""pinnedAt"": null, ""text"": ""Thank you for your support Alberto."", ""userComment"": null}"
546288,,0,Alberto_Nunziata,no,Good luck:),2013-10-09T18:04:25Z,https://www.indiegogo.com//projects/retrievor-self-charging-gps-tracking#/,"{""authorID"": 4411198, ""authorType"": 0, ""children"": [], ""childrenTotalCount"": 0, ""commentID"": 546288, ""commentThreadID"": 30157, ""createdAt"": ""2013-10-09T18:04:25Z"", ""editedAt"": ""2013-10-09T18:04:25Z"", ""isDeleted"": false, ""isHidden"": false, ""isReportedByCreator"": false, ""likesCount"": 0, ""newerChildrenCount"": 0, ""newRepliesCount"": 0, ""parentID"": null, ""pinnedAt"": null, ""text"": ""Good luck:)"", ""userComment"": null}"
546276,,0,RETRIEVOR_GPS,yes,"Hi Minh,    Thanks for the heads up. We will add the $5 shipping perk as had overlooked it. Much appreciated.",2013-10-03T09:22:18Z,https://www.indiegogo.com//projects/retrievor-self-charging-gps-tracking#/,"{""authorID"": 2775796, ""authorType"": 1, ""children"": [], ""childrenTotalCount"": 0, ""commentID"": 546276, ""commentThreadID"": 30157, ""createdAt"": ""2013-10-03T09:22:18Z"", ""editedAt"": ""2013-10-03T09:22:18Z"", ""isDeleted"": false, ""isHidden"": false, ""isReportedByCreator"": false, ""likesCount"": 0, ""newerChildrenCount"": 0, ""newRepliesCount"": 0, ""parentID"": null, ""pinnedAt"": null, ""text"": ""Hi Minh,\r\n\r\nThanks for the heads up. We will add the $5 shipping perk as had overlooked it. Much appreciated."", ""userComment"": null}"
546275,,0,Minh_Tran_f704,no,i see you have the forgot shipping perk for $10 but shouldn't there also be a shipping perk for $5?,2013-10-03T03:24:10Z,https://www.indiegogo.com//projects/retrievor-self-charging-gps-tracking#/,"{""authorID"": 3832277, ""authorType"": 0, ""children"": [], ""childrenTotalCount"": 0, ""commentID"": 546275, ""commentThreadID"": 30157, ""createdAt"": ""2013-10-03T03:24:10Z"", ""editedAt"": ""2013-10-03T03:24:10Z"", ""isDeleted"": false, ""isHidden"": false, ""isReportedByCreator"": false, ""likesCount"": 0, ""newerChildrenCount"": 0, ""newRepliesCount"": 0, ""parentID"": null, ""pinnedAt"": null, ""text"": ""i see you have the forgot shipping perk for $10 but shouldn't there also be a shipping perk for $5?"", ""userComment"": null}"
546270,,0,RETRIEVOR_GPS,yes,"TheJJ  We cannot guarantee that the subscription will remain at $1.79 indefinitely. This is all dependent on associated costs - GSM data pricing, staffing and support costs and as with inflation will have to be increased over the years ahead as operating costs rise.",2013-10-02T07:55:18Z,https://www.indiegogo.com//projects/retrievor-self-charging-gps-tracking#/,"{""authorID"": 2775796, ""authorType"": 1, ""children"": [], ""childrenTotalCount"": 0, ""commentID"": 546270, ""commentThreadID"": 30157, ""createdAt"": ""2013-10-02T07:55:18Z"", ""editedAt"": ""2013-10-02T07:55:18Z"", ""isDeleted"": false, ""isHidden"": false, ""isReportedByCreator"": false, ""likesCount"": 0, ""newerChildrenCount"": 0, ""newRepliesCount"": 0, ""parentID"": null, ""pinnedAt"": null, ""text"": ""TheJJ\r\nWe cannot guarantee that the subscription will remain at $1.79 indefinitely. This is all dependent on associated costs - GSM data pricing, staffing and support costs and as with inflation will have to be increased over the years ahead as operating costs rise."", ""userComment"": null}"
546269,,0,RETRIEVOR_GPS,yes,"Hi TheJJ    Thanks for the contact.  Our device tracks in real-time via our web portal/ app login. Reporting of the unit is managed through the application software.The GPS functionality works in almost all parts of the world so yes, you will be able to receive satellite reception there so Retrievor will operate just fine.",2013-10-02T07:54:45Z,https://www.indiegogo.com//projects/retrievor-self-charging-gps-tracking#/,"{""authorID"": 2775796, ""authorType"": 1, ""children"": [], ""childrenTotalCount"": 0, ""commentID"": 546269, ""commentThreadID"": 30157, ""createdAt"": ""2013-10-02T07:54:45Z"", ""editedAt"": ""2013-10-02T07:54:45Z"", ""isDeleted"": false, ""isHidden"": false, ""isReportedByCreator"": false, ""likesCount"": 0, ""newerChildrenCount"": 0, ""newRepliesCount"": 0, ""parentID"": null, ""pinnedAt"": null, ""text"": ""Hi TheJJ\r\n\r\nThanks for the contact.\r\nOur device tracks in real-time via our web portal/ app login. Reporting of the unit is managed through the application software.The GPS functionality works in almost all parts of the world so yes, you will be able to receive satellite reception there so Retrievor will operate just fine."", ""userComment"": null}"
546263,,0,RETRIEVOR_GPS,yes,mirko11    The device uses a nano sim and 3G for data access. It is not necessary to have GSM access to track the device as it uses traditional GPS for this purpose. GSM enhances accuracy and adds functionality - sms's etc.,2013-10-01T16:17:59Z,https://www.indiegogo.com//projects/retrievor-self-charging-gps-tracking#/,"{""authorID"": 2775796, ""authorType"": 1, ""children"": [], ""childrenTotalCount"": 0, ""commentID"": 546263, ""commentThreadID"": 30157, ""createdAt"": ""2013-10-01T16:17:59Z"", ""editedAt"": ""2013-10-01T16:17:59Z"", ""isDeleted"": false, ""isHidden"": false, ""isReportedByCreator"": false, ""likesCount"": 0, ""newerChildrenCount"": 0, ""newRepliesCount"": 0, ""parentID"": null, ""pinnedAt"": null, ""text"": ""mirko11\r\n\r\nThe device uses a nano sim and 3G for data access. It is not necessary to have GSM access to track the device as it uses traditional GPS for this purpose. GSM enhances accuracy and adds functionality - sms's etc."", ""userComment"": null}"
546257,,0,RETRIEVOR_GPS,yes,"For those of you who forgot to include the $10 for shipping your Retrievor, we have added a perk (down the right side of the campaign page)specifically for this purpose. From an administrative point of view, it really will help us out if you could pay shipping now.    Thank you for taking part!",2013-09-30T18:13:21Z,https://www.indiegogo.com//projects/retrievor-self-charging-gps-tracking#/,"{""authorID"": 2775796, ""authorType"": 1, ""children"": [], ""childrenTotalCount"": 0, ""commentID"": 546257, ""commentThreadID"": 30157, ""createdAt"": ""2013-09-30T18:13:21Z"", ""editedAt"": ""2013-09-30T18:13:21Z"", ""isDeleted"": false, ""isHidden"": false, ""isReportedByCreator"": false, ""likesCount"": 0, ""newerChildrenCount"": 0, ""newRepliesCount"": 0, ""parentID"": null, ""pinnedAt"": null, ""text"": ""For those of you who forgot to include the $10 for shipping your Retrievor, we have added a perk (down the right side of the campaign page)specifically for this purpose. From an administrative point of view, it really will help us out if you could pay shipping now.\r\n\r\nThank you for taking part!"", ""userComment"": null}"
