comment_id,parent_id,depth,name,is_creator,content,created_at,url,raw
1434007,,0,Heidi_Bollinger,no,A. Will our Gen 1  iTENS Bluetooth devices work with the new Gen 2 models? Are they interchangeable so when one runs dead I can pop the other in?  B.Do I have to purchase the entire Gen 2 package or can I just get the wings or something since I already have a BlueTooth device?,2018-05-23T14:26:48Z,https://www.indiegogo.com//projects/itens-device-wireless-electrotherapy#/,"{""authorID"": 10025082, ""authorType"": 0, ""children"": [{""authorID"": 12935298, ""authorType"": 1, ""children"": null, ""childrenTotalCount"": 0, ""commentID"": 1434059, ""commentThreadID"": 103127, ""createdAt"": ""2018-05-23T14:40:44Z"", ""editedAt"": null, ""isDeleted"": false, ""isHidden"": false, ""isReportedByCreator"": false, ""likesCount"": 0, ""newerChildrenCount"": 0, ""newRepliesCount"": 0, ""parentID"": 1434007, ""pinnedAt"": null, ""text"": ""Yes, the Gen 1 and Gen 2 devices are interchangeable between the new and old wings. The Gen 2 wings will be available as a standalone item in the future, but for the next couple months we have only the full kit in stock."", ""userComment"": null}], ""childrenTotalCount"": 1, ""commentID"": 1434007, ""commentThreadID"": 103127, ""createdAt"": ""2018-05-23T14:26:48Z"", ""editedAt"": ""2018-05-23T14:26:48Z"", ""isDeleted"": false, ""isHidden"": false, ""isReportedByCreator"": false, ""likesCount"": 0, ""newerChildrenCount"": 0, ""newRepliesCount"": 0, ""parentID"": null, ""pinnedAt"": null, ""text"": ""A. Will our Gen 1  iTENS Bluetooth devices work with the new Gen 2 models? Are they interchangeable so when one runs dead I can pop the other in?\n\nB.Do I have to purchase the entire Gen 2 package or can I just get the wings or something since I already have a BlueTooth device?"", ""userComment"": null}"
1434059,1434007,1,Brighteye_Innovations,yes,"Yes, the Gen 1 and Gen 2 devices are interchangeable between the new and old wings. The Gen 2 wings will be available as a standalone item in the future, but for the next couple months we have only the full kit in stock.",2018-05-23T14:40:44Z,https://www.indiegogo.com//projects/itens-device-wireless-electrotherapy#/,"{""authorID"": 12935298, ""authorType"": 1, ""children"": null, ""childrenTotalCount"": 0, ""commentID"": 1434059, ""commentThreadID"": 103127, ""createdAt"": ""2018-05-23T14:40:44Z"", ""editedAt"": null, ""isDeleted"": false, ""isHidden"": false, ""isReportedByCreator"": false, ""likesCount"": 0, ""newerChildrenCount"": 0, ""newRepliesCount"": 0, ""parentID"": 1434007, ""pinnedAt"": null, ""text"": ""Yes, the Gen 1 and Gen 2 devices are interchangeable between the new and old wings. The Gen 2 wings will be available as a standalone item in the future, but for the next couple months we have only the full kit in stock."", ""userComment"": null}"
1434006,,0,Shirleen_Yeoh,no,"Hi, order ID 458. When is the expected delivery? Thanks : )",2018-02-04T16:07:16Z,https://www.indiegogo.com//projects/itens-device-wireless-electrotherapy#/,"{""authorID"": 17572926, ""authorType"": 0, ""children"": [], ""childrenTotalCount"": 0, ""commentID"": 1434006, ""commentThreadID"": 103127, ""createdAt"": ""2018-02-04T16:07:16Z"", ""editedAt"": ""2018-02-04T16:07:16Z"", ""isDeleted"": false, ""isHidden"": false, ""isReportedByCreator"": false, ""likesCount"": 0, ""newerChildrenCount"": 0, ""newRepliesCount"": 0, ""parentID"": null, ""pinnedAt"": null, ""text"": ""Hi, order ID 458. When is the expected delivery? Thanks : )"", ""userComment"": null}"
1434005,,0,,no,"Hi I ordered the Total Package Perk #456. Could I please get the small wing pack in green, large wing pack in blue, and the long strip accessory in grey? Also when is the expected shipping date? Thank you :-)",2018-02-04T03:25:31Z,https://www.indiegogo.com//projects/itens-device-wireless-electrotherapy#/,"{""authorID"": 15254527, ""authorType"": 0, ""children"": [], ""childrenTotalCount"": 0, ""commentID"": 1434005, ""commentThreadID"": 103127, ""createdAt"": ""2018-02-04T03:25:31Z"", ""editedAt"": ""2018-02-04T03:25:31Z"", ""isDeleted"": false, ""isHidden"": false, ""isReportedByCreator"": false, ""likesCount"": 0, ""newerChildrenCount"": 0, ""newRepliesCount"": 0, ""parentID"": null, ""pinnedAt"": null, ""text"": ""Hi I ordered the Total Package Perk #456. Could I please get the small wing pack in green, large wing pack in blue, and the long strip accessory in grey? Also when is the expected shipping date? Thank you :-)"", ""userComment"": null}"
1434004,,0,Melanie_Hofmann_d5ee,no,Hi- I ordered all 3 types of iTENS but 2 of the colours are wrong. The big wing wasn’t the purple I wanted and the long one wasn’t in the free color I wanted / ordered. Can I get them?,2017-12-24T23:19:02Z,https://www.indiegogo.com//projects/itens-device-wireless-electrotherapy#/,"{""authorID"": 15234893, ""authorType"": 0, ""children"": [{""authorID"": 12935298, ""authorType"": 1, ""children"": null, ""childrenTotalCount"": 0, ""commentID"": 1434058, ""commentThreadID"": 103127, ""createdAt"": ""2017-12-26T15:14:36Z"", ""editedAt"": null, ""isDeleted"": false, ""isHidden"": false, ""isReportedByCreator"": false, ""likesCount"": 0, ""newerChildrenCount"": 0, ""newRepliesCount"": 0, ""parentID"": 1434004, ""pinnedAt"": null, ""text"": ""Hi Melanie, \nIf you ordered the Total Package perk or Variety perk, you'd need to message us to request the specific color choices. If you'd like to exchange for the other colors, please return the exchange items to us with a note requesting the colors you'd like."", ""userComment"": null}], ""childrenTotalCount"": 1, ""commentID"": 1434004, ""commentThreadID"": 103127, ""createdAt"": ""2017-12-24T23:19:02Z"", ""editedAt"": ""2017-12-24T23:19:02Z"", ""isDeleted"": false, ""isHidden"": false, ""isReportedByCreator"": false, ""likesCount"": 0, ""newerChildrenCount"": 0, ""newRepliesCount"": 0, ""parentID"": null, ""pinnedAt"": null, ""text"": ""Hi- I ordered all 3 types of iTENS but 2 of the colours are wrong. The big wing wasn’t the purple I wanted and the long one wasn’t in the free color I wanted / ordered. Can I get them?"", ""userComment"": null}"
1434058,1434004,1,Brighteye_Innovations,yes,"Hi Melanie,  If you ordered the Total Package perk or Variety perk, you'd need to message us to request the specific color choices. If you'd like to exchange for the other colors, please return the exchange items to us with a note requesting the colors you'd like.",2017-12-26T15:14:36Z,https://www.indiegogo.com//projects/itens-device-wireless-electrotherapy#/,"{""authorID"": 12935298, ""authorType"": 1, ""children"": null, ""childrenTotalCount"": 0, ""commentID"": 1434058, ""commentThreadID"": 103127, ""createdAt"": ""2017-12-26T15:14:36Z"", ""editedAt"": null, ""isDeleted"": false, ""isHidden"": false, ""isReportedByCreator"": false, ""likesCount"": 0, ""newerChildrenCount"": 0, ""newRepliesCount"": 0, ""parentID"": 1434004, ""pinnedAt"": null, ""text"": ""Hi Melanie, \nIf you ordered the Total Package perk or Variety perk, you'd need to message us to request the specific color choices. If you'd like to exchange for the other colors, please return the exchange items to us with a note requesting the colors you'd like."", ""userComment"": null}"
1434003,,0,Bob_O'Hara_4057,no,"Can I get an update on my order, #372?",2017-03-08T21:55:52Z,https://www.indiegogo.com//projects/itens-device-wireless-electrotherapy#/,"{""authorID"": 14580796, ""authorType"": 0, ""children"": [{""authorID"": 12935298, ""authorType"": 1, ""children"": null, ""childrenTotalCount"": 0, ""commentID"": 1434057, ""commentThreadID"": 103127, ""createdAt"": ""2017-03-10T17:06:51Z"", ""editedAt"": null, ""isDeleted"": false, ""isHidden"": false, ""isReportedByCreator"": false, ""likesCount"": 0, ""newerChildrenCount"": 0, ""newRepliesCount"": 0, ""parentID"": 1434003, ""pinnedAt"": null, ""text"": ""Hi Bob. Sorry for the delay on the order. We're currently out of stock on the Long Strip and should be getting them next week."", ""userComment"": null}], ""childrenTotalCount"": 1, ""commentID"": 1434003, ""commentThreadID"": 103127, ""createdAt"": ""2017-03-08T21:55:52Z"", ""editedAt"": ""2017-03-08T21:55:52Z"", ""isDeleted"": false, ""isHidden"": false, ""isReportedByCreator"": false, ""likesCount"": 0, ""newerChildrenCount"": 0, ""newRepliesCount"": 0, ""parentID"": null, ""pinnedAt"": null, ""text"": ""Can I get an update on my order, #372?"", ""userComment"": null}"
1434057,1434003,1,Brighteye_Innovations,yes,Hi Bob. Sorry for the delay on the order. We're currently out of stock on the Long Strip and should be getting them next week.,2017-03-10T17:06:51Z,https://www.indiegogo.com//projects/itens-device-wireless-electrotherapy#/,"{""authorID"": 12935298, ""authorType"": 1, ""children"": null, ""childrenTotalCount"": 0, ""commentID"": 1434057, ""commentThreadID"": 103127, ""createdAt"": ""2017-03-10T17:06:51Z"", ""editedAt"": null, ""isDeleted"": false, ""isHidden"": false, ""isReportedByCreator"": false, ""likesCount"": 0, ""newerChildrenCount"": 0, ""newRepliesCount"": 0, ""parentID"": 1434003, ""pinnedAt"": null, ""text"": ""Hi Bob. Sorry for the delay on the order. We're currently out of stock on the Long Strip and should be getting them next week."", ""userComment"": null}"
1434002,,0,Roger_Michel,no,Hello when can I expect to ship my order? Order No. 369! Thank you :),2017-03-06T17:28:56Z,https://www.indiegogo.com//projects/itens-device-wireless-electrotherapy#/,"{""authorID"": 10272232, ""authorType"": 0, ""children"": [], ""childrenTotalCount"": 0, ""commentID"": 1434002, ""commentThreadID"": 103127, ""createdAt"": ""2017-03-06T17:28:56Z"", ""editedAt"": ""2017-03-06T17:28:56Z"", ""isDeleted"": false, ""isHidden"": false, ""isReportedByCreator"": false, ""likesCount"": 0, ""newerChildrenCount"": 0, ""newRepliesCount"": 0, ""parentID"": null, ""pinnedAt"": null, ""text"": ""Hello when can I expect to ship my order? Order No. 369! Thank you :)"", ""userComment"": null}"
1434001,,0,Roger_Michel,no,Hello when can I expect to ship my order? Order No. 369! Thank you :),2017-02-13T13:20:50Z,https://www.indiegogo.com//projects/itens-device-wireless-electrotherapy#/,"{""authorID"": 10272232, ""authorType"": 0, ""children"": [{""authorID"": 12935298, ""authorType"": 1, ""children"": null, ""childrenTotalCount"": 0, ""commentID"": 1434054, ""commentThreadID"": 103127, ""createdAt"": ""2017-02-14T15:40:32Z"", ""editedAt"": null, ""isDeleted"": false, ""isHidden"": false, ""isReportedByCreator"": false, ""likesCount"": 0, ""newerChildrenCount"": 0, ""newRepliesCount"": 0, ""parentID"": 1434001, ""pinnedAt"": null, ""text"": ""Hi Roger! Sorry for the delay. We are out of stock on the Long Strip but will have them next week, so we'll ship ASAP when we get them!"", ""userComment"": null}, {""authorID"": 10272232, ""authorType"": 0, ""children"": null, ""childrenTotalCount"": 0, ""commentID"": 1434055, ""commentThreadID"": 103127, ""createdAt"": ""2017-02-14T15:41:59Z"", ""editedAt"": null, ""isDeleted"": false, ""isHidden"": false, ""isReportedByCreator"": false, ""likesCount"": 0, ""newerChildrenCount"": 0, ""newRepliesCount"": 0, ""parentID"": 1434001, ""pinnedAt"": null, ""text"": ""Thank you for the Answer :) Have a nice Day"", ""userComment"": null}, {""authorID"": 10272232, ""authorType"": 0, ""children"": null, ""childrenTotalCount"": 0, ""commentID"": 1434056, ""commentThreadID"": 103127, ""createdAt"": ""2017-02-27T16:57:54Z"", ""editedAt"": null, ""isDeleted"": false, ""isHidden"": false, ""isReportedByCreator"": false, ""likesCount"": 0, ""newerChildrenCount"": 0, ""newRepliesCount"": 0, ""parentID"": 1434001, ""pinnedAt"": null, ""text"": ""Still no Tracking Number whats wrong?"", ""userComment"": null}], ""childrenTotalCount"": 3, ""commentID"": 1434001, ""commentThreadID"": 103127, ""createdAt"": ""2017-02-13T13:20:50Z"", ""editedAt"": ""2017-02-13T13:20:50Z"", ""isDeleted"": false, ""isHidden"": false, ""isReportedByCreator"": false, ""likesCount"": 0, ""newerChildrenCount"": 0, ""newRepliesCount"": 0, ""parentID"": null, ""pinnedAt"": null, ""text"": ""Hello when can I expect to ship my order? Order No. 369! Thank you :)"", ""userComment"": null}"
1434054,1434001,1,Brighteye_Innovations,yes,"Hi Roger! Sorry for the delay. We are out of stock on the Long Strip but will have them next week, so we'll ship ASAP when we get them!",2017-02-14T15:40:32Z,https://www.indiegogo.com//projects/itens-device-wireless-electrotherapy#/,"{""authorID"": 12935298, ""authorType"": 1, ""children"": null, ""childrenTotalCount"": 0, ""commentID"": 1434054, ""commentThreadID"": 103127, ""createdAt"": ""2017-02-14T15:40:32Z"", ""editedAt"": null, ""isDeleted"": false, ""isHidden"": false, ""isReportedByCreator"": false, ""likesCount"": 0, ""newerChildrenCount"": 0, ""newRepliesCount"": 0, ""parentID"": 1434001, ""pinnedAt"": null, ""text"": ""Hi Roger! Sorry for the delay. We are out of stock on the Long Strip but will have them next week, so we'll ship ASAP when we get them!"", ""userComment"": null}"
1434055,1434001,1,Roger_Michel,no,Thank you for the Answer :) Have a nice Day,2017-02-14T15:41:59Z,https://www.indiegogo.com//projects/itens-device-wireless-electrotherapy#/,"{""authorID"": 10272232, ""authorType"": 0, ""children"": null, ""childrenTotalCount"": 0, ""commentID"": 1434055, ""commentThreadID"": 103127, ""createdAt"": ""2017-02-14T15:41:59Z"", ""editedAt"": null, ""isDeleted"": false, ""isHidden"": false, ""isReportedByCreator"": false, ""likesCount"": 0, ""newerChildrenCount"": 0, ""newRepliesCount"": 0, ""parentID"": 1434001, ""pinnedAt"": null, ""text"": ""Thank you for the Answer :) Have a nice Day"", ""userComment"": null}"
1434056,1434001,1,Roger_Michel,no,Still no Tracking Number whats wrong?,2017-02-27T16:57:54Z,https://www.indiegogo.com//projects/itens-device-wireless-electrotherapy#/,"{""authorID"": 10272232, ""authorType"": 0, ""children"": null, ""childrenTotalCount"": 0, ""commentID"": 1434056, ""commentThreadID"": 103127, ""createdAt"": ""2017-02-27T16:57:54Z"", ""editedAt"": null, ""isDeleted"": false, ""isHidden"": false, ""isReportedByCreator"": false, ""likesCount"": 0, ""newerChildrenCount"": 0, ""newRepliesCount"": 0, ""parentID"": 1434001, ""pinnedAt"": null, ""text"": ""Still no Tracking Number whats wrong?"", ""userComment"": null}"
1434000,,0,Celine_W,no,"Hi I ordered the secret perk (Total Package BackersHub Disc). Could I please get the small wing pack in green,  large wing pack in blue, and the long strip accessory in grey? Also when is the expected shipping date? Thank you :-)",2017-01-18T21:30:09Z,https://www.indiegogo.com//projects/itens-device-wireless-electrotherapy#/,"{""authorID"": 15603368, ""authorType"": 0, ""children"": [{""authorID"": 12935298, ""authorType"": 1, ""children"": null, ""childrenTotalCount"": 0, ""commentID"": 1434053, ""commentThreadID"": 103127, ""createdAt"": ""2017-01-19T19:51:38Z"", ""editedAt"": null, ""isDeleted"": false, ""isHidden"": false, ""isReportedByCreator"": false, ""likesCount"": 0, ""newerChildrenCount"": 0, ""newRepliesCount"": 0, ""parentID"": 1434000, ""pinnedAt"": null, ""text"": ""Absoutely! This should ship tomorrow!"", ""userComment"": null}], ""childrenTotalCount"": 1, ""commentID"": 1434000, ""commentThreadID"": 103127, ""createdAt"": ""2017-01-18T21:30:09Z"", ""editedAt"": ""2017-01-18T21:30:09Z"", ""isDeleted"": false, ""isHidden"": false, ""isReportedByCreator"": false, ""likesCount"": 0, ""newerChildrenCount"": 0, ""newRepliesCount"": 0, ""parentID"": null, ""pinnedAt"": null, ""text"": ""Hi I ordered the secret perk (Total Package BackersHub Disc). Could I please get the small wing pack in green,  large wing pack in blue, and the long strip accessory in grey? Also when is the expected shipping date? Thank you :-)"", ""userComment"": null}"
1434053,1434000,1,Brighteye_Innovations,yes,Absoutely! This should ship tomorrow!,2017-01-19T19:51:38Z,https://www.indiegogo.com//projects/itens-device-wireless-electrotherapy#/,"{""authorID"": 12935298, ""authorType"": 1, ""children"": null, ""childrenTotalCount"": 0, ""commentID"": 1434053, ""commentThreadID"": 103127, ""createdAt"": ""2017-01-19T19:51:38Z"", ""editedAt"": null, ""isDeleted"": false, ""isHidden"": false, ""isReportedByCreator"": false, ""likesCount"": 0, ""newerChildrenCount"": 0, ""newRepliesCount"": 0, ""parentID"": 1434000, ""pinnedAt"": null, ""text"": ""Absoutely! This should ship tomorrow!"", ""userComment"": null}"
1433999,,0,Gan_Keys,no,Does the color request come via email? I didn't see one during my purchase of the total package perk!,2016-12-03T02:32:13Z,https://www.indiegogo.com//projects/itens-device-wireless-electrotherapy#/,"{""authorID"": 15304104, ""authorType"": 0, ""children"": [{""authorID"": 12935298, ""authorType"": 1, ""children"": null, ""childrenTotalCount"": 0, ""commentID"": 1434052, ""commentThreadID"": 103127, ""createdAt"": ""2016-12-05T17:21:11Z"", ""editedAt"": null, ""isDeleted"": false, ""isHidden"": false, ""isReportedByCreator"": false, ""likesCount"": 0, ""newerChildrenCount"": 0, ""newRepliesCount"": 0, ""parentID"": 1433999, ""pinnedAt"": null, ""text"": ""Hi Gan, \nYou'll need to send us a message if you have a color preference!"", ""userComment"": null}], ""childrenTotalCount"": 1, ""commentID"": 1433999, ""commentThreadID"": 103127, ""createdAt"": ""2016-12-03T02:32:13Z"", ""editedAt"": ""2016-12-03T02:32:13Z"", ""isDeleted"": false, ""isHidden"": false, ""isReportedByCreator"": false, ""likesCount"": 0, ""newerChildrenCount"": 0, ""newRepliesCount"": 0, ""parentID"": null, ""pinnedAt"": null, ""text"": ""Does the color request come via email? I didn't see one during my purchase of the total package perk!"", ""userComment"": null}"
1434052,1433999,1,Brighteye_Innovations,yes,"Hi Gan,  You'll need to send us a message if you have a color preference!",2016-12-05T17:21:11Z,https://www.indiegogo.com//projects/itens-device-wireless-electrotherapy#/,"{""authorID"": 12935298, ""authorType"": 1, ""children"": null, ""childrenTotalCount"": 0, ""commentID"": 1434052, ""commentThreadID"": 103127, ""createdAt"": ""2016-12-05T17:21:11Z"", ""editedAt"": null, ""isDeleted"": false, ""isHidden"": false, ""isReportedByCreator"": false, ""likesCount"": 0, ""newerChildrenCount"": 0, ""newRepliesCount"": 0, ""parentID"": 1433999, ""pinnedAt"": null, ""text"": ""Hi Gan, \nYou'll need to send us a message if you have a color preference!"", ""userComment"": null}"
1433998,,0,,no,"Hi, Can I get it in green(large) and blue (small) please? Also, I am going on an active vacation soon - when is the expected shipping date?",2016-08-24T20:00:54Z,https://www.indiegogo.com//projects/itens-device-wireless-electrotherapy#/,"{""authorID"": 14583227, ""authorType"": 0, ""children"": [{""authorID"": 12935298, ""authorType"": 1, ""children"": null, ""childrenTotalCount"": 0, ""commentID"": 1434051, ""commentThreadID"": 103127, ""createdAt"": ""2016-08-25T20:08:17Z"", ""editedAt"": null, ""isDeleted"": false, ""isHidden"": false, ""isReportedByCreator"": false, ""likesCount"": 0, ""newerChildrenCount"": 0, ""newRepliesCount"": 0, ""parentID"": 1433998, ""pinnedAt"": null, ""text"": ""Hi Paarth,  It looks like the order shipped before we received the color requests so they may not match up with that you are requesting for colors. It looks like the package it due for delivery on 8/30. If you want to refuse the package we can reship the order with the colors you wanted but we may not make the vacation window. Otherwise, we can offer a discount on our wings accessories on itens.com for you to get the colors you want."", ""userComment"": null}], ""childrenTotalCount"": 1, ""commentID"": 1433998, ""commentThreadID"": 103127, ""createdAt"": ""2016-08-24T20:00:54Z"", ""editedAt"": ""2016-08-24T20:00:54Z"", ""isDeleted"": false, ""isHidden"": false, ""isReportedByCreator"": false, ""likesCount"": 0, ""newerChildrenCount"": 0, ""newRepliesCount"": 0, ""parentID"": null, ""pinnedAt"": null, ""text"": ""Hi,\nCan I get it in green(large) and blue (small) please? Also, I am going on an active vacation soon - when is the expected shipping date?"", ""userComment"": null}"
1434051,1433998,1,Brighteye_Innovations,yes,"Hi Paarth,  It looks like the order shipped before we received the color requests so they may not match up with that you are requesting for colors. It looks like the package it due for delivery on 8/30. If you want to refuse the package we can reship the order with the colors you wanted but we may not make the vacation window. Otherwise, we can offer a discount on our wings accessories on itens.com for you to get the colors you want.",2016-08-25T20:08:17Z,https://www.indiegogo.com//projects/itens-device-wireless-electrotherapy#/,"{""authorID"": 12935298, ""authorType"": 1, ""children"": null, ""childrenTotalCount"": 0, ""commentID"": 1434051, ""commentThreadID"": 103127, ""createdAt"": ""2016-08-25T20:08:17Z"", ""editedAt"": null, ""isDeleted"": false, ""isHidden"": false, ""isReportedByCreator"": false, ""likesCount"": 0, ""newerChildrenCount"": 0, ""newRepliesCount"": 0, ""parentID"": 1433998, ""pinnedAt"": null, ""text"": ""Hi Paarth,  It looks like the order shipped before we received the color requests so they may not match up with that you are requesting for colors. It looks like the package it due for delivery on 8/30. If you want to refuse the package we can reship the order with the colors you wanted but we may not make the vacation window. Otherwise, we can offer a discount on our wings accessories on itens.com for you to get the colors you want."", ""userComment"": null}"
1433997,,0,,no,"Hi, Just ordered the variety pack. Can I get it in green please. Can't wait to try this...thanks.",2016-08-21T19:09:41Z,https://www.indiegogo.com//projects/itens-device-wireless-electrotherapy#/,"{""authorID"": 14288206, ""authorType"": 0, ""children"": [{""authorID"": 12935298, ""authorType"": 1, ""children"": null, ""childrenTotalCount"": 0, ""commentID"": 1434050, ""commentThreadID"": 103127, ""createdAt"": ""2016-08-22T18:49:44Z"", ""editedAt"": null, ""isDeleted"": false, ""isHidden"": false, ""isReportedByCreator"": false, ""likesCount"": 0, ""newerChildrenCount"": 0, ""newRepliesCount"": 0, ""parentID"": 1433997, ""pinnedAt"": null, ""text"": ""Thanks Ira, we will make sure to send the green!"", ""userComment"": null}], ""childrenTotalCount"": 1, ""commentID"": 1433997, ""commentThreadID"": 103127, ""createdAt"": ""2016-08-21T19:09:41Z"", ""editedAt"": ""2016-08-21T19:09:41Z"", ""isDeleted"": false, ""isHidden"": false, ""isReportedByCreator"": false, ""likesCount"": 0, ""newerChildrenCount"": 0, ""newRepliesCount"": 0, ""parentID"": null, ""pinnedAt"": null, ""text"": ""Hi,\nJust ordered the variety pack. Can I get it in green please. Can't wait to try this...thanks."", ""userComment"": null}"
1434050,1433997,1,Brighteye_Innovations,yes,"Thanks Ira, we will make sure to send the green!",2016-08-22T18:49:44Z,https://www.indiegogo.com//projects/itens-device-wireless-electrotherapy#/,"{""authorID"": 12935298, ""authorType"": 1, ""children"": null, ""childrenTotalCount"": 0, ""commentID"": 1434050, ""commentThreadID"": 103127, ""createdAt"": ""2016-08-22T18:49:44Z"", ""editedAt"": null, ""isDeleted"": false, ""isHidden"": false, ""isReportedByCreator"": false, ""likesCount"": 0, ""newerChildrenCount"": 0, ""newRepliesCount"": 0, ""parentID"": 1433997, ""pinnedAt"": null, ""text"": ""Thanks Ira, we will make sure to send the green!"", ""userComment"": null}"
1433996,,0,Mario_Williams_3619,no,Looking forward to using your device.,2016-07-28T18:06:29Z,https://www.indiegogo.com//projects/itens-device-wireless-electrotherapy#/,"{""authorID"": 11534314, ""authorType"": 0, ""children"": [{""authorID"": 12935298, ""authorType"": 1, ""children"": null, ""childrenTotalCount"": 0, ""commentID"": 1434049, ""commentThreadID"": 103127, ""createdAt"": ""2016-08-01T16:11:08Z"", ""editedAt"": null, ""isDeleted"": false, ""isHidden"": false, ""isReportedByCreator"": false, ""likesCount"": 0, ""newerChildrenCount"": 0, ""newRepliesCount"": 0, ""parentID"": 1433996, ""pinnedAt"": null, ""text"": ""Let us know how you like it! Thank you!"", ""userComment"": null}], ""childrenTotalCount"": 1, ""commentID"": 1433996, ""commentThreadID"": 103127, ""createdAt"": ""2016-07-28T18:06:29Z"", ""editedAt"": ""2016-07-28T18:06:29Z"", ""isDeleted"": false, ""isHidden"": false, ""isReportedByCreator"": false, ""likesCount"": 0, ""newerChildrenCount"": 0, ""newRepliesCount"": 0, ""parentID"": null, ""pinnedAt"": null, ""text"": ""Looking forward to using your device."", ""userComment"": null}"
1434049,1433996,1,Brighteye_Innovations,yes,Let us know how you like it! Thank you!,2016-08-01T16:11:08Z,https://www.indiegogo.com//projects/itens-device-wireless-electrotherapy#/,"{""authorID"": 12935298, ""authorType"": 1, ""children"": null, ""childrenTotalCount"": 0, ""commentID"": 1434049, ""commentThreadID"": 103127, ""createdAt"": ""2016-08-01T16:11:08Z"", ""editedAt"": null, ""isDeleted"": false, ""isHidden"": false, ""isReportedByCreator"": false, ""likesCount"": 0, ""newerChildrenCount"": 0, ""newRepliesCount"": 0, ""parentID"": 1433996, ""pinnedAt"": null, ""text"": ""Let us know how you like it! Thank you!"", ""userComment"": null}"
1433995,,0,Litzia_Galvan,no,ok thank you so much for you reply. Your product is wonderful! <3 It helps me to reduce my chronic pain because of scoliosis.,2016-06-24T20:54:22Z,https://www.indiegogo.com//projects/itens-device-wireless-electrotherapy#/,"{""authorID"": 11385290, ""authorType"": 0, ""children"": [{""authorID"": 12935298, ""authorType"": 1, ""children"": null, ""childrenTotalCount"": 0, ""commentID"": 1434048, ""commentThreadID"": 103127, ""createdAt"": ""2016-06-27T15:26:14Z"", ""editedAt"": null, ""isDeleted"": false, ""isHidden"": false, ""isReportedByCreator"": false, ""likesCount"": 0, ""newerChildrenCount"": 0, ""newRepliesCount"": 0, ""parentID"": 1433995, ""pinnedAt"": null, ""text"": ""So glad to hear it!"", ""userComment"": null}], ""childrenTotalCount"": 1, ""commentID"": 1433995, ""commentThreadID"": 103127, ""createdAt"": ""2016-06-24T20:54:22Z"", ""editedAt"": ""2016-06-24T20:54:22Z"", ""isDeleted"": false, ""isHidden"": false, ""isReportedByCreator"": false, ""likesCount"": 0, ""newerChildrenCount"": 0, ""newRepliesCount"": 0, ""parentID"": null, ""pinnedAt"": null, ""text"": ""ok thank you so much for you reply. Your product is wonderful! <3 It helps me to reduce my chronic pain because of scoliosis."", ""userComment"": null}"
1434048,1433995,1,Brighteye_Innovations,yes,So glad to hear it!,2016-06-27T15:26:14Z,https://www.indiegogo.com//projects/itens-device-wireless-electrotherapy#/,"{""authorID"": 12935298, ""authorType"": 1, ""children"": null, ""childrenTotalCount"": 0, ""commentID"": 1434048, ""commentThreadID"": 103127, ""createdAt"": ""2016-06-27T15:26:14Z"", ""editedAt"": null, ""isDeleted"": false, ""isHidden"": false, ""isReportedByCreator"": false, ""likesCount"": 0, ""newerChildrenCount"": 0, ""newRepliesCount"": 0, ""parentID"": 1433995, ""pinnedAt"": null, ""text"": ""So glad to hear it!"", ""userComment"": null}"
1433994,,0,Litzia_Galvan,no,HI! I'd like to know how to charge the wings. I did not receive any ac adapter in my variety package.,2016-06-24T06:00:31Z,https://www.indiegogo.com//projects/itens-device-wireless-electrotherapy#/,"{""authorID"": 11385290, ""authorType"": 0, ""children"": [{""authorID"": 12935298, ""authorType"": 1, ""children"": null, ""childrenTotalCount"": 0, ""commentID"": 1434047, ""commentThreadID"": 103127, ""createdAt"": ""2016-06-24T13:15:21Z"", ""editedAt"": null, ""isDeleted"": false, ""isHidden"": false, ""isReportedByCreator"": false, ""likesCount"": 0, ""newerChildrenCount"": 0, ""newRepliesCount"": 0, ""parentID"": 1433994, ""pinnedAt"": null, ""text"": ""Hi Litzia, \nThe wings do not charge, you need to remove the iTENS device from the wings with a twist and pull, they are magnetically attached. Once removed, place the device into the charging dock which connects to the power source via the USB charging cord. \n\nAs far as the AC adapter, this accessory was removed from the multi-packs once our initial campaign ended on 4/15, due to the number of international orders. You can purchase the adapter on iTENS.com, or use any standard USB to AC adapter."", ""userComment"": null}], ""childrenTotalCount"": 1, ""commentID"": 1433994, ""commentThreadID"": 103127, ""createdAt"": ""2016-06-24T06:00:31Z"", ""editedAt"": ""2016-06-24T06:00:31Z"", ""isDeleted"": false, ""isHidden"": false, ""isReportedByCreator"": false, ""likesCount"": 0, ""newerChildrenCount"": 0, ""newRepliesCount"": 0, ""parentID"": null, ""pinnedAt"": null, ""text"": ""HI! I'd like to know how to charge the wings. I did not receive any ac adapter in my variety package."", ""userComment"": null}"
1434047,1433994,1,Brighteye_Innovations,yes,"Hi Litzia,  The wings do not charge, you need to remove the iTENS device from the wings with a twist and pull, they are magnetically attached. Once removed, place the device into the charging dock which connects to the power source via the USB charging cord.   As far as the AC adapter, this accessory was removed from the multi-packs once our initial campaign ended on 4/15, due to the number of international orders. You can purchase the adapter on iTENS.com, or use any standard USB to AC adapter.",2016-06-24T13:15:21Z,https://www.indiegogo.com//projects/itens-device-wireless-electrotherapy#/,"{""authorID"": 12935298, ""authorType"": 1, ""children"": null, ""childrenTotalCount"": 0, ""commentID"": 1434047, ""commentThreadID"": 103127, ""createdAt"": ""2016-06-24T13:15:21Z"", ""editedAt"": null, ""isDeleted"": false, ""isHidden"": false, ""isReportedByCreator"": false, ""likesCount"": 0, ""newerChildrenCount"": 0, ""newRepliesCount"": 0, ""parentID"": 1433994, ""pinnedAt"": null, ""text"": ""Hi Litzia, \nThe wings do not charge, you need to remove the iTENS device from the wings with a twist and pull, they are magnetically attached. Once removed, place the device into the charging dock which connects to the power source via the USB charging cord. \n\nAs far as the AC adapter, this accessory was removed from the multi-packs once our initial campaign ended on 4/15, due to the number of international orders. You can purchase the adapter on iTENS.com, or use any standard USB to AC adapter."", ""userComment"": null}"
1433993,,0,Alexnhm,no,"Tried for few days, it's amazing and powerful. Great!",2016-05-28T13:21:31Z,https://www.indiegogo.com//projects/itens-device-wireless-electrotherapy#/,"{""authorID"": 12764441, ""authorType"": 0, ""children"": [{""authorID"": 12935298, ""authorType"": 1, ""children"": null, ""childrenTotalCount"": 0, ""commentID"": 1434046, ""commentThreadID"": 103127, ""createdAt"": ""2016-06-01T19:40:00Z"", ""editedAt"": null, ""isDeleted"": false, ""isHidden"": false, ""isReportedByCreator"": false, ""likesCount"": 0, ""newerChildrenCount"": 0, ""newRepliesCount"": 0, ""parentID"": 1433993, ""pinnedAt"": null, ""text"": ""Excellent, thanks for the feedback! Please send us an email, we can offer a special deal on a refill pack for you!"", ""userComment"": null}], ""childrenTotalCount"": 1, ""commentID"": 1433993, ""commentThreadID"": 103127, ""createdAt"": ""2016-05-28T13:21:31Z"", ""editedAt"": ""2016-05-28T13:21:31Z"", ""isDeleted"": false, ""isHidden"": false, ""isReportedByCreator"": false, ""likesCount"": 0, ""newerChildrenCount"": 0, ""newRepliesCount"": 0, ""parentID"": null, ""pinnedAt"": null, ""text"": ""Tried for few days, it's amazing and powerful. Great!"", ""userComment"": null}"
1434046,1433993,1,Brighteye_Innovations,yes,"Excellent, thanks for the feedback! Please send us an email, we can offer a special deal on a refill pack for you!",2016-06-01T19:40:00Z,https://www.indiegogo.com//projects/itens-device-wireless-electrotherapy#/,"{""authorID"": 12935298, ""authorType"": 1, ""children"": null, ""childrenTotalCount"": 0, ""commentID"": 1434046, ""commentThreadID"": 103127, ""createdAt"": ""2016-06-01T19:40:00Z"", ""editedAt"": null, ""isDeleted"": false, ""isHidden"": false, ""isReportedByCreator"": false, ""likesCount"": 0, ""newerChildrenCount"": 0, ""newRepliesCount"": 0, ""parentID"": 1433993, ""pinnedAt"": null, ""text"": ""Excellent, thanks for the feedback! Please send us an email, we can offer a special deal on a refill pack for you!"", ""userComment"": null}"
1433992,,0,Andrea_Pietroboni,no,Hi My perk is for l'Argentina tens and small tens but i received only the large Why?,2016-05-20T08:30:29Z,https://www.indiegogo.com//projects/itens-device-wireless-electrotherapy#/,"{""authorID"": 1076687, ""authorType"": 0, ""children"": [{""authorID"": 12935298, ""authorType"": 1, ""children"": null, ""childrenTotalCount"": 0, ""commentID"": 1434045, ""commentThreadID"": 103127, ""createdAt"": ""2016-05-20T13:18:42Z"", ""editedAt"": null, ""isDeleted"": false, ""isHidden"": false, ""isReportedByCreator"": false, ""likesCount"": 0, ""newerChildrenCount"": 0, ""newRepliesCount"": 0, ""parentID"": 1433992, ""pinnedAt"": null, ""text"": ""Hi Andrea, you purchased the variety wings pack which includes one iTENS unit, and the small wings and long strip as accessories. Were you missing the small wings accessory? Can you please send an email to support@itens.com with a picture of what you received?"", ""userComment"": null}], ""childrenTotalCount"": 1, ""commentID"": 1433992, ""commentThreadID"": 103127, ""createdAt"": ""2016-05-20T08:30:29Z"", ""editedAt"": ""2016-05-20T08:30:29Z"", ""isDeleted"": false, ""isHidden"": false, ""isReportedByCreator"": false, ""likesCount"": 0, ""newerChildrenCount"": 0, ""newRepliesCount"": 0, ""parentID"": null, ""pinnedAt"": null, ""text"": ""Hi\nMy perk is for l'Argentina tens and small tens but i received only the large Why?"", ""userComment"": null}"
1434045,1433992,1,Brighteye_Innovations,yes,"Hi Andrea, you purchased the variety wings pack which includes one iTENS unit, and the small wings and long strip as accessories. Were you missing the small wings accessory? Can you please send an email to support@itens.com with a picture of what you received?",2016-05-20T13:18:42Z,https://www.indiegogo.com//projects/itens-device-wireless-electrotherapy#/,"{""authorID"": 12935298, ""authorType"": 1, ""children"": null, ""childrenTotalCount"": 0, ""commentID"": 1434045, ""commentThreadID"": 103127, ""createdAt"": ""2016-05-20T13:18:42Z"", ""editedAt"": null, ""isDeleted"": false, ""isHidden"": false, ""isReportedByCreator"": false, ""likesCount"": 0, ""newerChildrenCount"": 0, ""newRepliesCount"": 0, ""parentID"": 1433992, ""pinnedAt"": null, ""text"": ""Hi Andrea, you purchased the variety wings pack which includes one iTENS unit, and the small wings and long strip as accessories. Were you missing the small wings accessory? Can you please send an email to support@itens.com with a picture of what you received?"", ""userComment"": null}"
1433991,,0,Stephan_Lamoureux,no,This thing is incredible!! I've been using it for a couple weeks now and absolutely love it.,2016-05-19T02:42:33Z,https://www.indiegogo.com//projects/itens-device-wireless-electrotherapy#/,"{""authorID"": 9846254, ""authorType"": 0, ""children"": [{""authorID"": 12935298, ""authorType"": 1, ""children"": null, ""childrenTotalCount"": 0, ""commentID"": 1434044, ""commentThreadID"": 103127, ""createdAt"": ""2016-05-19T17:18:42Z"", ""editedAt"": null, ""isDeleted"": false, ""isHidden"": false, ""isReportedByCreator"": false, ""likesCount"": 0, ""newerChildrenCount"": 0, ""newRepliesCount"": 0, ""parentID"": 1433991, ""pinnedAt"": null, ""text"": ""Glad to hear it! Please send us a message, we have a special offer for a free pack of gel pads!"", ""userComment"": null}], ""childrenTotalCount"": 1, ""commentID"": 1433991, ""commentThreadID"": 103127, ""createdAt"": ""2016-05-19T02:42:33Z"", ""editedAt"": ""2016-05-19T02:42:33Z"", ""isDeleted"": false, ""isHidden"": false, ""isReportedByCreator"": false, ""likesCount"": 0, ""newerChildrenCount"": 0, ""newRepliesCount"": 0, ""parentID"": null, ""pinnedAt"": null, ""text"": ""This thing is incredible!! I've been using it for a couple weeks now and absolutely love it."", ""userComment"": null}"
1434044,1433991,1,Brighteye_Innovations,yes,"Glad to hear it! Please send us a message, we have a special offer for a free pack of gel pads!",2016-05-19T17:18:42Z,https://www.indiegogo.com//projects/itens-device-wireless-electrotherapy#/,"{""authorID"": 12935298, ""authorType"": 1, ""children"": null, ""childrenTotalCount"": 0, ""commentID"": 1434044, ""commentThreadID"": 103127, ""createdAt"": ""2016-05-19T17:18:42Z"", ""editedAt"": null, ""isDeleted"": false, ""isHidden"": false, ""isReportedByCreator"": false, ""likesCount"": 0, ""newerChildrenCount"": 0, ""newRepliesCount"": 0, ""parentID"": 1433991, ""pinnedAt"": null, ""text"": ""Glad to hear it! Please send us a message, we have a special offer for a free pack of gel pads!"", ""userComment"": null}"
1433990,,0,,no,"Hi, when do you think I could be getting my shipment?",2016-05-15T20:27:21Z,https://www.indiegogo.com//projects/itens-device-wireless-electrotherapy#/,"{""authorID"": 8715303, ""authorType"": 0, ""children"": [{""authorID"": 12935298, ""authorType"": 1, ""children"": null, ""childrenTotalCount"": 0, ""commentID"": 1434043, ""commentThreadID"": 103127, ""createdAt"": ""2016-05-16T15:01:06Z"", ""editedAt"": null, ""isDeleted"": false, ""isHidden"": false, ""isReportedByCreator"": false, ""likesCount"": 0, ""newerChildrenCount"": 0, ""newRepliesCount"": 0, ""parentID"": 1433990, ""pinnedAt"": null, ""text"": ""Hi Lila, \n\nPlease send an email to support@itens.com and we will reply with tracking info."", ""userComment"": null}], ""childrenTotalCount"": 1, ""commentID"": 1433990, ""commentThreadID"": 103127, ""createdAt"": ""2016-05-15T20:27:21Z"", ""editedAt"": ""2016-05-15T20:27:21Z"", ""isDeleted"": false, ""isHidden"": false, ""isReportedByCreator"": false, ""likesCount"": 0, ""newerChildrenCount"": 0, ""newRepliesCount"": 0, ""parentID"": null, ""pinnedAt"": null, ""text"": ""Hi, when do you think I could be getting my shipment?"", ""userComment"": null}"
1434043,1433990,1,Brighteye_Innovations,yes,"Hi Lila,   Please send an email to support@itens.com and we will reply with tracking info.",2016-05-16T15:01:06Z,https://www.indiegogo.com//projects/itens-device-wireless-electrotherapy#/,"{""authorID"": 12935298, ""authorType"": 1, ""children"": null, ""childrenTotalCount"": 0, ""commentID"": 1434043, ""commentThreadID"": 103127, ""createdAt"": ""2016-05-16T15:01:06Z"", ""editedAt"": null, ""isDeleted"": false, ""isHidden"": false, ""isReportedByCreator"": false, ""likesCount"": 0, ""newerChildrenCount"": 0, ""newRepliesCount"": 0, ""parentID"": 1433990, ""pinnedAt"": null, ""text"": ""Hi Lila, \n\nPlease send an email to support@itens.com and we will reply with tracking info."", ""userComment"": null}"
1433989,,0,Aileen_Li_e9e7,no,I would also like to know when I can expect my shipment as well.,2016-05-09T02:57:39Z,https://www.indiegogo.com//projects/itens-device-wireless-electrotherapy#/,"{""authorID"": 13540038, ""authorType"": 0, ""children"": [{""authorID"": 12935298, ""authorType"": 1, ""children"": null, ""childrenTotalCount"": 0, ""commentID"": 1434042, ""commentThreadID"": 103127, ""createdAt"": ""2016-05-10T18:32:49Z"", ""editedAt"": null, ""isDeleted"": false, ""isHidden"": false, ""isReportedByCreator"": false, ""likesCount"": 0, ""newerChildrenCount"": 0, ""newRepliesCount"": 0, ""parentID"": 1433989, ""pinnedAt"": null, ""text"": ""Hi Aileen, \n\nAll presale orders have been shipped, please send us a message so we can reply with your tracking info."", ""userComment"": null}], ""childrenTotalCount"": 1, ""commentID"": 1433989, ""commentThreadID"": 103127, ""createdAt"": ""2016-05-09T02:57:39Z"", ""editedAt"": ""2016-05-09T02:57:39Z"", ""isDeleted"": false, ""isHidden"": false, ""isReportedByCreator"": false, ""likesCount"": 0, ""newerChildrenCount"": 0, ""newRepliesCount"": 0, ""parentID"": null, ""pinnedAt"": null, ""text"": ""I would also like to know when I can expect my shipment as well."", ""userComment"": null}"
1434042,1433989,1,Brighteye_Innovations,yes,"Hi Aileen,   All presale orders have been shipped, please send us a message so we can reply with your tracking info.",2016-05-10T18:32:49Z,https://www.indiegogo.com//projects/itens-device-wireless-electrotherapy#/,"{""authorID"": 12935298, ""authorType"": 1, ""children"": null, ""childrenTotalCount"": 0, ""commentID"": 1434042, ""commentThreadID"": 103127, ""createdAt"": ""2016-05-10T18:32:49Z"", ""editedAt"": null, ""isDeleted"": false, ""isHidden"": false, ""isReportedByCreator"": false, ""likesCount"": 0, ""newerChildrenCount"": 0, ""newRepliesCount"": 0, ""parentID"": 1433989, ""pinnedAt"": null, ""text"": ""Hi Aileen, \n\nAll presale orders have been shipped, please send us a message so we can reply with your tracking info."", ""userComment"": null}"
1433988,,0,Daniel_Lerps,no,Hi. when can I expect my shipment to be done?,2016-05-08T21:03:24Z,https://www.indiegogo.com//projects/itens-device-wireless-electrotherapy#/,"{""authorID"": 13406574, ""authorType"": 0, ""children"": [{""authorID"": 12935298, ""authorType"": 1, ""children"": null, ""childrenTotalCount"": 0, ""commentID"": 1434041, ""commentThreadID"": 103127, ""createdAt"": ""2016-05-10T18:31:23Z"", ""editedAt"": null, ""isDeleted"": false, ""isHidden"": false, ""isReportedByCreator"": false, ""likesCount"": 0, ""newerChildrenCount"": 0, ""newRepliesCount"": 0, ""parentID"": 1433988, ""pinnedAt"": null, ""text"": ""Hi Daniel, \n\nAll presale orders have been shipped, please send us a message so we can reply with your tracking info."", ""userComment"": null}], ""childrenTotalCount"": 1, ""commentID"": 1433988, ""commentThreadID"": 103127, ""createdAt"": ""2016-05-08T21:03:24Z"", ""editedAt"": ""2016-05-08T21:03:24Z"", ""isDeleted"": false, ""isHidden"": false, ""isReportedByCreator"": false, ""likesCount"": 0, ""newerChildrenCount"": 0, ""newRepliesCount"": 0, ""parentID"": null, ""pinnedAt"": null, ""text"": ""Hi. when can I expect my shipment to be done?"", ""userComment"": null}"
1434041,1433988,1,Brighteye_Innovations,yes,"Hi Daniel,   All presale orders have been shipped, please send us a message so we can reply with your tracking info.",2016-05-10T18:31:23Z,https://www.indiegogo.com//projects/itens-device-wireless-electrotherapy#/,"{""authorID"": 12935298, ""authorType"": 1, ""children"": null, ""childrenTotalCount"": 0, ""commentID"": 1434041, ""commentThreadID"": 103127, ""createdAt"": ""2016-05-10T18:31:23Z"", ""editedAt"": null, ""isDeleted"": false, ""isHidden"": false, ""isReportedByCreator"": false, ""likesCount"": 0, ""newerChildrenCount"": 0, ""newRepliesCount"": 0, ""parentID"": 1433988, ""pinnedAt"": null, ""text"": ""Hi Daniel, \n\nAll presale orders have been shipped, please send us a message so we can reply with your tracking info."", ""userComment"": null}"
1433987,,0,Jonathan_Smelcer,no,Hi  I was wondering when you guys would be in touch with me (backer id: 3353049) about when I could chose the colours for my units and confirm my shipping details thanks,2016-05-03T00:05:46Z,https://www.indiegogo.com//projects/itens-device-wireless-electrotherapy#/,"{""authorID"": 3539209, ""authorType"": 0, ""children"": [{""authorID"": 12935298, ""authorType"": 1, ""children"": null, ""childrenTotalCount"": 0, ""commentID"": 1434040, ""commentThreadID"": 103127, ""createdAt"": ""2016-05-03T19:50:09Z"", ""editedAt"": null, ""isDeleted"": false, ""isHidden"": false, ""isReportedByCreator"": false, ""likesCount"": 0, ""newerChildrenCount"": 0, ""newRepliesCount"": 0, ""parentID"": 1433987, ""pinnedAt"": null, ""text"": ""Please send us an email: support@itens.com"", ""userComment"": null}], ""childrenTotalCount"": 1, ""commentID"": 1433987, ""commentThreadID"": 103127, ""createdAt"": ""2016-05-03T00:05:46Z"", ""editedAt"": ""2016-05-03T00:05:46Z"", ""isDeleted"": false, ""isHidden"": false, ""isReportedByCreator"": false, ""likesCount"": 0, ""newerChildrenCount"": 0, ""newRepliesCount"": 0, ""parentID"": null, ""pinnedAt"": null, ""text"": ""Hi \nI was wondering when you guys would be in touch with me (backer id: 3353049) about when I could chose the colours for my units and confirm my shipping details\nthanks"", ""userComment"": null}"
1434040,1433987,1,Brighteye_Innovations,yes,Please send us an email: support@itens.com,2016-05-03T19:50:09Z,https://www.indiegogo.com//projects/itens-device-wireless-electrotherapy#/,"{""authorID"": 12935298, ""authorType"": 1, ""children"": null, ""childrenTotalCount"": 0, ""commentID"": 1434040, ""commentThreadID"": 103127, ""createdAt"": ""2016-05-03T19:50:09Z"", ""editedAt"": null, ""isDeleted"": false, ""isHidden"": false, ""isReportedByCreator"": false, ""likesCount"": 0, ""newerChildrenCount"": 0, ""newRepliesCount"": 0, ""parentID"": 1433987, ""pinnedAt"": null, ""text"": ""Please send us an email: support@itens.com"", ""userComment"": null}"
1433986,,0,,no,"Hi ... Received mine yesterday, works great, set up is easy, nice job!  I like the charging port and how discreet it is when being worn, no need to hide wires.  You need to develop a daily travel case for it, so I can keep with me without having to carry the box. Thank You!",2016-05-01T19:38:01Z,https://www.indiegogo.com//projects/itens-device-wireless-electrotherapy#/,"{""authorID"": 12843217, ""authorType"": 0, ""children"": [{""authorID"": 12935298, ""authorType"": 1, ""children"": null, ""childrenTotalCount"": 0, ""commentID"": 1434038, ""commentThreadID"": 103127, ""createdAt"": ""2016-05-02T17:36:59Z"", ""editedAt"": null, ""isDeleted"": false, ""isHidden"": false, ""isReportedByCreator"": false, ""likesCount"": 0, ""newerChildrenCount"": 0, ""newRepliesCount"": 0, ""parentID"": 1433986, ""pinnedAt"": null, ""text"": ""Thanks for the feedback! We have a case in the works!"", ""userComment"": null}], ""childrenTotalCount"": 1, ""commentID"": 1433986, ""commentThreadID"": 103127, ""createdAt"": ""2016-05-01T19:38:01Z"", ""editedAt"": ""2016-05-01T19:38:01Z"", ""isDeleted"": false, ""isHidden"": false, ""isReportedByCreator"": false, ""likesCount"": 0, ""newerChildrenCount"": 0, ""newRepliesCount"": 0, ""parentID"": null, ""pinnedAt"": null, ""text"": ""Hi ... Received mine yesterday, works great, set up is easy, nice job!  I like the charging port and how discreet it is when being worn, no need to hide wires.  You need to develop a daily travel case for it, so I can keep with me without having to carry the box. Thank You!"", ""userComment"": null}"
1434038,1433986,1,Brighteye_Innovations,yes,Thanks for the feedback! We have a case in the works!,2016-05-02T17:36:59Z,https://www.indiegogo.com//projects/itens-device-wireless-electrotherapy#/,"{""authorID"": 12935298, ""authorType"": 1, ""children"": null, ""childrenTotalCount"": 0, ""commentID"": 1434038, ""commentThreadID"": 103127, ""createdAt"": ""2016-05-02T17:36:59Z"", ""editedAt"": null, ""isDeleted"": false, ""isHidden"": false, ""isReportedByCreator"": false, ""likesCount"": 0, ""newerChildrenCount"": 0, ""newRepliesCount"": 0, ""parentID"": 1433986, ""pinnedAt"": null, ""text"": ""Thanks for the feedback! We have a case in the works!"", ""userComment"": null}"
1433985,,0,Michael_Dahl_702e,no,"Hi, just wanted to know..... Shipment when ? :-D",2016-05-01T16:22:06Z,https://www.indiegogo.com//projects/itens-device-wireless-electrotherapy#/,"{""authorID"": 10309744, ""authorType"": 0, ""children"": [{""authorID"": 12935298, ""authorType"": 1, ""children"": null, ""childrenTotalCount"": 0, ""commentID"": 1434039, ""commentThreadID"": 103127, ""createdAt"": ""2016-05-02T17:37:37Z"", ""editedAt"": null, ""isDeleted"": false, ""isHidden"": false, ""isReportedByCreator"": false, ""likesCount"": 0, ""newerChildrenCount"": 0, ""newRepliesCount"": 0, ""parentID"": 1433985, ""pinnedAt"": null, ""text"": ""Hi Michael, \n\nWe've started shipping, your order is in queue to ship on Thursday."", ""userComment"": null}], ""childrenTotalCount"": 1, ""commentID"": 1433985, ""commentThreadID"": 103127, ""createdAt"": ""2016-05-01T16:22:06Z"", ""editedAt"": ""2016-05-01T16:22:06Z"", ""isDeleted"": false, ""isHidden"": false, ""isReportedByCreator"": false, ""likesCount"": 0, ""newerChildrenCount"": 0, ""newRepliesCount"": 0, ""parentID"": null, ""pinnedAt"": null, ""text"": ""Hi, just wanted to know..... Shipment when ? :-D"", ""userComment"": null}"
1434039,1433985,1,Brighteye_Innovations,yes,"Hi Michael,   We've started shipping, your order is in queue to ship on Thursday.",2016-05-02T17:37:37Z,https://www.indiegogo.com//projects/itens-device-wireless-electrotherapy#/,"{""authorID"": 12935298, ""authorType"": 1, ""children"": null, ""childrenTotalCount"": 0, ""commentID"": 1434039, ""commentThreadID"": 103127, ""createdAt"": ""2016-05-02T17:37:37Z"", ""editedAt"": null, ""isDeleted"": false, ""isHidden"": false, ""isReportedByCreator"": false, ""likesCount"": 0, ""newerChildrenCount"": 0, ""newRepliesCount"": 0, ""parentID"": 1433985, ""pinnedAt"": null, ""text"": ""Hi Michael, \n\nWe've started shipping, your order is in queue to ship on Thursday."", ""userComment"": null}"
1433984,,0,,no,"Hi there, just wondering how do I tell you what colour I'd like for my iTens devices?",2016-04-30T00:57:16Z,https://www.indiegogo.com//projects/itens-device-wireless-electrotherapy#/,"{""authorID"": 8715303, ""authorType"": 0, ""children"": [{""authorID"": 12935298, ""authorType"": 1, ""children"": null, ""childrenTotalCount"": 0, ""commentID"": 1434037, ""commentThreadID"": 103127, ""createdAt"": ""2016-05-02T17:36:28Z"", ""editedAt"": null, ""isDeleted"": false, ""isHidden"": false, ""isReportedByCreator"": false, ""likesCount"": 0, ""newerChildrenCount"": 0, ""newRepliesCount"": 0, ""parentID"": 1433984, ""pinnedAt"": null, ""text"": ""Please email us with your color choices. Noelle@itens.com"", ""userComment"": null}], ""childrenTotalCount"": 1, ""commentID"": 1433984, ""commentThreadID"": 103127, ""createdAt"": ""2016-04-30T00:57:16Z"", ""editedAt"": ""2016-04-30T00:57:16Z"", ""isDeleted"": false, ""isHidden"": false, ""isReportedByCreator"": false, ""likesCount"": 0, ""newerChildrenCount"": 0, ""newRepliesCount"": 0, ""parentID"": null, ""pinnedAt"": null, ""text"": ""Hi there, just wondering how do I tell you what colour I'd like for my iTens devices?"", ""userComment"": null}"
1434037,1433984,1,Brighteye_Innovations,yes,Please email us with your color choices. Noelle@itens.com,2016-05-02T17:36:28Z,https://www.indiegogo.com//projects/itens-device-wireless-electrotherapy#/,"{""authorID"": 12935298, ""authorType"": 1, ""children"": null, ""childrenTotalCount"": 0, ""commentID"": 1434037, ""commentThreadID"": 103127, ""createdAt"": ""2016-05-02T17:36:28Z"", ""editedAt"": null, ""isDeleted"": false, ""isHidden"": false, ""isReportedByCreator"": false, ""likesCount"": 0, ""newerChildrenCount"": 0, ""newRepliesCount"": 0, ""parentID"": 1433984, ""pinnedAt"": null, ""text"": ""Please email us with your color choices. Noelle@itens.com"", ""userComment"": null}"
1433983,,0,Nathe_Marc,no,"Hello, plege ID 16077117, I do also mot need a US charger and would also like a gel pad (long if possible). How to proceed with multiple pledges for gel pads, it can't be that I would have to pay 4 USD for transport for each gel pad package (want to buy 6)",2016-04-24T17:34:27Z,https://www.indiegogo.com//projects/itens-device-wireless-electrotherapy#/,"{""authorID"": 13306283, ""authorType"": 0, ""children"": [{""authorID"": 12935298, ""authorType"": 1, ""children"": null, ""childrenTotalCount"": 0, ""commentID"": 1434034, ""commentThreadID"": 103127, ""createdAt"": ""2016-04-25T12:16:20Z"", ""editedAt"": null, ""isDeleted"": false, ""isHidden"": false, ""isReportedByCreator"": false, ""likesCount"": 0, ""newerChildrenCount"": 0, ""newRepliesCount"": 0, ""parentID"": 1433983, ""pinnedAt"": null, ""text"": ""Hi Nathe, \nWhen the original campaign ended, we updated the perks so that the AC adapter is no longer included with the perk packages because of the number of requests to exclude it for international customers. Please send us an email letting us know exactly how many of which pads you'd like, and we will reply with a link for you for a larger refill pack on the gel pads."", ""userComment"": null}], ""childrenTotalCount"": 1, ""commentID"": 1433983, ""commentThreadID"": 103127, ""createdAt"": ""2016-04-24T17:34:27Z"", ""editedAt"": ""2016-04-24T17:34:27Z"", ""isDeleted"": false, ""isHidden"": false, ""isReportedByCreator"": false, ""likesCount"": 0, ""newerChildrenCount"": 0, ""newRepliesCount"": 0, ""parentID"": null, ""pinnedAt"": null, ""text"": ""Hello, plege ID 16077117, I do also mot need a US charger and would also like a gel pad (long if possible). How to proceed with multiple pledges for gel pads, it can't be that I would have to pay 4 USD for transport for each gel pad package (want to buy 6)"", ""userComment"": null}"
1434034,1433983,1,Brighteye_Innovations,yes,"Hi Nathe,  When the original campaign ended, we updated the perks so that the AC adapter is no longer included with the perk packages because of the number of requests to exclude it for international customers. Please send us an email letting us know exactly how many of which pads you'd like, and we will reply with a link for you for a larger refill pack on the gel pads.",2016-04-25T12:16:20Z,https://www.indiegogo.com//projects/itens-device-wireless-electrotherapy#/,"{""authorID"": 12935298, ""authorType"": 1, ""children"": null, ""childrenTotalCount"": 0, ""commentID"": 1434034, ""commentThreadID"": 103127, ""createdAt"": ""2016-04-25T12:16:20Z"", ""editedAt"": null, ""isDeleted"": false, ""isHidden"": false, ""isReportedByCreator"": false, ""likesCount"": 0, ""newerChildrenCount"": 0, ""newRepliesCount"": 0, ""parentID"": 1433983, ""pinnedAt"": null, ""text"": ""Hi Nathe, \nWhen the original campaign ended, we updated the perks so that the AC adapter is no longer included with the perk packages because of the number of requests to exclude it for international customers. Please send us an email letting us know exactly how many of which pads you'd like, and we will reply with a link for you for a larger refill pack on the gel pads."", ""userComment"": null}"
1433982,,0,Christian_Rygaard-Bach_e362,no,"Hello, If there's still time, can I switch the US charger to gel pads as it will do me no good in Denmark?",2016-04-19T17:38:29Z,https://www.indiegogo.com//projects/itens-device-wireless-electrotherapy#/,"{""authorID"": 7921075, ""authorType"": 0, ""children"": [{""authorID"": 12935298, ""authorType"": 1, ""children"": null, ""childrenTotalCount"": 0, ""commentID"": 1434033, ""commentThreadID"": 103127, ""createdAt"": ""2016-04-19T19:39:03Z"", ""editedAt"": null, ""isDeleted"": false, ""isHidden"": false, ""isReportedByCreator"": false, ""likesCount"": 0, ""newerChildrenCount"": 0, ""newRepliesCount"": 0, ""parentID"": 1433982, ""pinnedAt"": null, ""text"": ""Sure, I can make a note on your order."", ""userComment"": null}], ""childrenTotalCount"": 1, ""commentID"": 1433982, ""commentThreadID"": 103127, ""createdAt"": ""2016-04-19T17:38:29Z"", ""editedAt"": ""2016-04-19T17:38:29Z"", ""isDeleted"": false, ""isHidden"": false, ""isReportedByCreator"": false, ""likesCount"": 0, ""newerChildrenCount"": 0, ""newRepliesCount"": 0, ""parentID"": null, ""pinnedAt"": null, ""text"": ""Hello,\nIf there's still time, can I switch the US charger to gel pads as it will do me no good in Denmark?"", ""userComment"": null}"
1434033,1433982,1,Brighteye_Innovations,yes,"Sure, I can make a note on your order.",2016-04-19T19:39:03Z,https://www.indiegogo.com//projects/itens-device-wireless-electrotherapy#/,"{""authorID"": 12935298, ""authorType"": 1, ""children"": null, ""childrenTotalCount"": 0, ""commentID"": 1434033, ""commentThreadID"": 103127, ""createdAt"": ""2016-04-19T19:39:03Z"", ""editedAt"": null, ""isDeleted"": false, ""isHidden"": false, ""isReportedByCreator"": false, ""likesCount"": 0, ""newerChildrenCount"": 0, ""newRepliesCount"": 0, ""parentID"": 1433982, ""pinnedAt"": null, ""text"": ""Sure, I can make a note on your order."", ""userComment"": null}"
1433981,,0,Cyandroid_Cyandroid,no,"Hello,  I have just contributed with the Pledge ID - 15992338. Can you include a socket for India too along with the charger or will any USB charger for Android work for iTENS?",2016-04-19T00:55:01Z,https://www.indiegogo.com//projects/itens-device-wireless-electrotherapy#/,"{""authorID"": 13634270, ""authorType"": 0, ""children"": [{""authorID"": 12935298, ""authorType"": 1, ""children"": null, ""childrenTotalCount"": 0, ""commentID"": 1434032, ""commentThreadID"": 103127, ""createdAt"": ""2016-04-19T16:00:12Z"", ""editedAt"": null, ""isDeleted"": false, ""isHidden"": false, ""isReportedByCreator"": false, ""likesCount"": 0, ""newerChildrenCount"": 0, ""newRepliesCount"": 0, ""parentID"": 1433981, ""pinnedAt"": null, ""text"": ""The Small Wings pack doesn't include a wall adapter. But the charging cord that comes included in the box fits into the iTENS charging dock on one end, and is a USB plug on the other. It will work with any USB wall converter. We don't have a wall adapter for India available."", ""userComment"": null}, {""authorID"": 13634270, ""authorType"": 0, ""children"": null, ""childrenTotalCount"": 0, ""commentID"": 1434035, ""commentThreadID"": 103127, ""createdAt"": ""2016-04-27T02:09:54Z"", ""editedAt"": null, ""isDeleted"": false, ""isHidden"": false, ""isReportedByCreator"": false, ""likesCount"": 0, ""newerChildrenCount"": 0, ""newRepliesCount"": 0, ""parentID"": 1433981, ""pinnedAt"": null, ""text"": ""Hello,\n\nSo can you also include an additional pad in case the wall adapters are not included anymore.\n\nAlso when is the shipping expected to begin?"", ""userComment"": null}, {""authorID"": 12935298, ""authorType"": 1, ""children"": null, ""childrenTotalCount"": 0, ""commentID"": 1434036, ""commentThreadID"": 103127, ""createdAt"": ""2016-04-27T13:59:03Z"", ""editedAt"": null, ""isDeleted"": false, ""isHidden"": false, ""isReportedByCreator"": false, ""likesCount"": 0, ""newerChildrenCount"": 0, ""newRepliesCount"": 0, ""parentID"": 1433981, ""pinnedAt"": null, ""text"": ""When we updated the perk, we made sure the price reflected the change so people were not paying for an adapter they may not need. The previous perk had the pricing of the adapter built in, the new pricing does not include it. \n\n We've begun shipping, in order of when the contribution was placed!"", ""userComment"": null}], ""childrenTotalCount"": 3, ""commentID"": 1433981, ""commentThreadID"": 103127, ""createdAt"": ""2016-04-19T00:55:01Z"", ""editedAt"": ""2016-04-19T00:55:01Z"", ""isDeleted"": false, ""isHidden"": false, ""isReportedByCreator"": false, ""likesCount"": 0, ""newerChildrenCount"": 0, ""newRepliesCount"": 0, ""parentID"": null, ""pinnedAt"": null, ""text"": ""Hello,\n\nI have just contributed with the Pledge ID - 15992338. Can you include a socket for India too along with the charger or will any USB charger for Android work for iTENS?"", ""userComment"": null}"
1434032,1433981,1,Brighteye_Innovations,yes,"The Small Wings pack doesn't include a wall adapter. But the charging cord that comes included in the box fits into the iTENS charging dock on one end, and is a USB plug on the other. It will work with any USB wall converter. We don't have a wall adapter for India available.",2016-04-19T16:00:12Z,https://www.indiegogo.com//projects/itens-device-wireless-electrotherapy#/,"{""authorID"": 12935298, ""authorType"": 1, ""children"": null, ""childrenTotalCount"": 0, ""commentID"": 1434032, ""commentThreadID"": 103127, ""createdAt"": ""2016-04-19T16:00:12Z"", ""editedAt"": null, ""isDeleted"": false, ""isHidden"": false, ""isReportedByCreator"": false, ""likesCount"": 0, ""newerChildrenCount"": 0, ""newRepliesCount"": 0, ""parentID"": 1433981, ""pinnedAt"": null, ""text"": ""The Small Wings pack doesn't include a wall adapter. But the charging cord that comes included in the box fits into the iTENS charging dock on one end, and is a USB plug on the other. It will work with any USB wall converter. We don't have a wall adapter for India available."", ""userComment"": null}"
1434035,1433981,1,Cyandroid_Cyandroid,no,"Hello,  So can you also include an additional pad in case the wall adapters are not included anymore.  Also when is the shipping expected to begin?",2016-04-27T02:09:54Z,https://www.indiegogo.com//projects/itens-device-wireless-electrotherapy#/,"{""authorID"": 13634270, ""authorType"": 0, ""children"": null, ""childrenTotalCount"": 0, ""commentID"": 1434035, ""commentThreadID"": 103127, ""createdAt"": ""2016-04-27T02:09:54Z"", ""editedAt"": null, ""isDeleted"": false, ""isHidden"": false, ""isReportedByCreator"": false, ""likesCount"": 0, ""newerChildrenCount"": 0, ""newRepliesCount"": 0, ""parentID"": 1433981, ""pinnedAt"": null, ""text"": ""Hello,\n\nSo can you also include an additional pad in case the wall adapters are not included anymore.\n\nAlso when is the shipping expected to begin?"", ""userComment"": null}"
1434036,1433981,1,Brighteye_Innovations,yes,"When we updated the perk, we made sure the price reflected the change so people were not paying for an adapter they may not need. The previous perk had the pricing of the adapter built in, the new pricing does not include it.    We've begun shipping, in order of when the contribution was placed!",2016-04-27T13:59:03Z,https://www.indiegogo.com//projects/itens-device-wireless-electrotherapy#/,"{""authorID"": 12935298, ""authorType"": 1, ""children"": null, ""childrenTotalCount"": 0, ""commentID"": 1434036, ""commentThreadID"": 103127, ""createdAt"": ""2016-04-27T13:59:03Z"", ""editedAt"": null, ""isDeleted"": false, ""isHidden"": false, ""isReportedByCreator"": false, ""likesCount"": 0, ""newerChildrenCount"": 0, ""newRepliesCount"": 0, ""parentID"": 1433981, ""pinnedAt"": null, ""text"": ""When we updated the perk, we made sure the price reflected the change so people were not paying for an adapter they may not need. The previous perk had the pricing of the adapter built in, the new pricing does not include it. \n\n We've begun shipping, in order of when the contribution was placed!"", ""userComment"": null}"
1433980,,0,,no,When will you guys start shipping?,2016-04-17T00:02:40Z,https://www.indiegogo.com//projects/itens-device-wireless-electrotherapy#/,"{""authorID"": 13145718, ""authorType"": 0, ""children"": [{""authorID"": 12935298, ""authorType"": 1, ""children"": null, ""childrenTotalCount"": 0, ""commentID"": 1434029, ""commentThreadID"": 103127, ""createdAt"": ""2016-04-18T15:40:06Z"", ""editedAt"": null, ""isDeleted"": false, ""isHidden"": false, ""isReportedByCreator"": false, ""likesCount"": 0, ""newerChildrenCount"": 0, ""newRepliesCount"": 0, ""parentID"": 1433980, ""pinnedAt"": null, ""text"": ""We start shipping this week, and will have all orders shipped  by the end of the month!"", ""userComment"": null}], ""childrenTotalCount"": 1, ""commentID"": 1433980, ""commentThreadID"": 103127, ""createdAt"": ""2016-04-17T00:02:40Z"", ""editedAt"": ""2016-04-17T00:02:40Z"", ""isDeleted"": false, ""isHidden"": false, ""isReportedByCreator"": false, ""likesCount"": 0, ""newerChildrenCount"": 0, ""newRepliesCount"": 0, ""parentID"": null, ""pinnedAt"": null, ""text"": ""When will you guys start shipping?"", ""userComment"": null}"
1434029,1433980,1,Brighteye_Innovations,yes,"We start shipping this week, and will have all orders shipped  by the end of the month!",2016-04-18T15:40:06Z,https://www.indiegogo.com//projects/itens-device-wireless-electrotherapy#/,"{""authorID"": 12935298, ""authorType"": 1, ""children"": null, ""childrenTotalCount"": 0, ""commentID"": 1434029, ""commentThreadID"": 103127, ""createdAt"": ""2016-04-18T15:40:06Z"", ""editedAt"": null, ""isDeleted"": false, ""isHidden"": false, ""isReportedByCreator"": false, ""likesCount"": 0, ""newerChildrenCount"": 0, ""newRepliesCount"": 0, ""parentID"": 1433980, ""pinnedAt"": null, ""text"": ""We start shipping this week, and will have all orders shipped  by the end of the month!"", ""userComment"": null}"
1433979,,0,Julian_Bourne,no,"Hi, Just found you and put the $125 package, but the US charger is no good for me as I live in Spain. Can you offer anything else instead please? My wife is a therapist and often seems to take on others pain, so needs something to help her recuperate.  Thanks and all the best for what looks like a great product.",2016-04-16T09:36:43Z,https://www.indiegogo.com//projects/itens-device-wireless-electrotherapy#/,"{""authorID"": 5506045, ""authorType"": 0, ""children"": [{""authorID"": 12935298, ""authorType"": 1, ""children"": null, ""childrenTotalCount"": 0, ""commentID"": 1434030, ""commentThreadID"": 103127, ""createdAt"": ""2016-04-18T15:57:36Z"", ""editedAt"": null, ""isDeleted"": false, ""isHidden"": false, ""isReportedByCreator"": false, ""likesCount"": 0, ""newerChildrenCount"": 0, ""newRepliesCount"": 0, ""parentID"": 1433979, ""pinnedAt"": null, ""text"": ""Hi Julian, \nWe can include an extra gel pack in place of the AC wall adapter"", ""userComment"": null}, {""authorID"": 5506045, ""authorType"": 0, ""children"": null, ""childrenTotalCount"": 0, ""commentID"": 1434031, ""commentThreadID"": 103127, ""createdAt"": ""2016-04-18T22:07:16Z"", ""editedAt"": null, ""isDeleted"": false, ""isHidden"": false, ""isReportedByCreator"": false, ""likesCount"": 0, ""newerChildrenCount"": 0, ""newRepliesCount"": 0, ""parentID"": 1433979, ""pinnedAt"": null, ""text"": ""That would be excellent,  thank you very much."", ""userComment"": null}], ""childrenTotalCount"": 2, ""commentID"": 1433979, ""commentThreadID"": 103127, ""createdAt"": ""2016-04-16T09:36:43Z"", ""editedAt"": ""2016-04-16T09:36:43Z"", ""isDeleted"": false, ""isHidden"": false, ""isReportedByCreator"": false, ""likesCount"": 0, ""newerChildrenCount"": 0, ""newRepliesCount"": 0, ""parentID"": null, ""pinnedAt"": null, ""text"": ""Hi,\nJust found you and put the $125 package, but the US charger is no good for me as I live in Spain. Can you offer anything else instead please?\nMy wife is a therapist and often seems to take on others pain, so needs something to help her recuperate. \nThanks and all the best for what looks like a great product."", ""userComment"": null}"
1434030,1433979,1,Brighteye_Innovations,yes,"Hi Julian,  We can include an extra gel pack in place of the AC wall adapter",2016-04-18T15:57:36Z,https://www.indiegogo.com//projects/itens-device-wireless-electrotherapy#/,"{""authorID"": 12935298, ""authorType"": 1, ""children"": null, ""childrenTotalCount"": 0, ""commentID"": 1434030, ""commentThreadID"": 103127, ""createdAt"": ""2016-04-18T15:57:36Z"", ""editedAt"": null, ""isDeleted"": false, ""isHidden"": false, ""isReportedByCreator"": false, ""likesCount"": 0, ""newerChildrenCount"": 0, ""newRepliesCount"": 0, ""parentID"": 1433979, ""pinnedAt"": null, ""text"": ""Hi Julian, \nWe can include an extra gel pack in place of the AC wall adapter"", ""userComment"": null}"
1434031,1433979,1,Julian_Bourne,no,"That would be excellent,  thank you very much.",2016-04-18T22:07:16Z,https://www.indiegogo.com//projects/itens-device-wireless-electrotherapy#/,"{""authorID"": 5506045, ""authorType"": 0, ""children"": null, ""childrenTotalCount"": 0, ""commentID"": 1434031, ""commentThreadID"": 103127, ""createdAt"": ""2016-04-18T22:07:16Z"", ""editedAt"": null, ""isDeleted"": false, ""isHidden"": false, ""isReportedByCreator"": false, ""likesCount"": 0, ""newerChildrenCount"": 0, ""newRepliesCount"": 0, ""parentID"": 1433979, ""pinnedAt"": null, ""text"": ""That would be excellent,  thank you very much."", ""userComment"": null}"
1433978,,0,Lai Ho_Chua,no,"Hi,  I spoke to Noelle to have an additional accessories to add $35 to my pledge but there was no link to the payment? Pls advice",2016-04-16T01:31:03Z,https://www.indiegogo.com//projects/itens-device-wireless-electrotherapy#/,"{""authorID"": 1786098, ""authorType"": 0, ""children"": [], ""childrenTotalCount"": 0, ""commentID"": 1433978, ""commentThreadID"": 103127, ""createdAt"": ""2016-04-16T01:31:03Z"", ""editedAt"": ""2016-04-16T01:31:03Z"", ""isDeleted"": false, ""isHidden"": false, ""isReportedByCreator"": false, ""likesCount"": 0, ""newerChildrenCount"": 0, ""newRepliesCount"": 0, ""parentID"": null, ""pinnedAt"": null, ""text"": ""Hi,\n\nI spoke to Noelle to have an additional accessories to add $35 to my pledge but there was no link to the payment? Pls advice"", ""userComment"": null}"
1433977,,0,Jessica_Lau_f90d,no,"Hi,  I just put in an order for the Small Wings iTENS Device, pledge ID number 15936919, however, it was meant as a gift so I was wondering if it was possible to not include the bill in the delivery?",2016-04-15T02:14:38Z,https://www.indiegogo.com//projects/itens-device-wireless-electrotherapy#/,"{""authorID"": 13605770, ""authorType"": 0, ""children"": [{""authorID"": 12935298, ""authorType"": 1, ""children"": null, ""childrenTotalCount"": 0, ""commentID"": 1434028, ""commentThreadID"": 103127, ""createdAt"": ""2016-04-15T14:54:31Z"", ""editedAt"": null, ""isDeleted"": false, ""isHidden"": false, ""isReportedByCreator"": false, ""likesCount"": 0, ""newerChildrenCount"": 0, ""newRepliesCount"": 0, ""parentID"": 1433977, ""pinnedAt"": null, ""text"": ""Absolutely!"", ""userComment"": null}], ""childrenTotalCount"": 1, ""commentID"": 1433977, ""commentThreadID"": 103127, ""createdAt"": ""2016-04-15T02:14:38Z"", ""editedAt"": ""2016-04-15T02:14:38Z"", ""isDeleted"": false, ""isHidden"": false, ""isReportedByCreator"": false, ""likesCount"": 0, ""newerChildrenCount"": 0, ""newRepliesCount"": 0, ""parentID"": null, ""pinnedAt"": null, ""text"": ""Hi,\n\nI just put in an order for the Small Wings iTENS Device, pledge ID number 15936919, however, it was meant as a gift so I was wondering if it was possible to not include the bill in the delivery?"", ""userComment"": null}"
1434028,1433977,1,Brighteye_Innovations,yes,Absolutely!,2016-04-15T14:54:31Z,https://www.indiegogo.com//projects/itens-device-wireless-electrotherapy#/,"{""authorID"": 12935298, ""authorType"": 1, ""children"": null, ""childrenTotalCount"": 0, ""commentID"": 1434028, ""commentThreadID"": 103127, ""createdAt"": ""2016-04-15T14:54:31Z"", ""editedAt"": null, ""isDeleted"": false, ""isHidden"": false, ""isReportedByCreator"": false, ""likesCount"": 0, ""newerChildrenCount"": 0, ""newRepliesCount"": 0, ""parentID"": 1433977, ""pinnedAt"": null, ""text"": ""Absolutely!"", ""userComment"": null}"
1433976,,0,,no,I contributed a while ago €50._ via Paypal ( Pledge ID 15846201 ). What steps do I take to get The Total Package- Two Units?,2016-04-14T15:33:22Z,https://www.indiegogo.com//projects/itens-device-wireless-electrotherapy#/,"{""authorID"": 7480347, ""authorType"": 0, ""children"": [{""authorID"": 12935298, ""authorType"": 1, ""children"": null, ""childrenTotalCount"": 0, ""commentID"": 1434027, ""commentThreadID"": 103127, ""createdAt"": ""2016-04-14T15:38:46Z"", ""editedAt"": null, ""isDeleted"": false, ""isHidden"": false, ""isReportedByCreator"": false, ""likesCount"": 0, ""newerChildrenCount"": 0, ""newRepliesCount"": 0, ""parentID"": 1433976, ""pinnedAt"": null, ""text"": ""We will send you an email with a special link to a perk just for you!"", ""userComment"": null}], ""childrenTotalCount"": 1, ""commentID"": 1433976, ""commentThreadID"": 103127, ""createdAt"": ""2016-04-14T15:33:22Z"", ""editedAt"": ""2016-04-14T15:33:22Z"", ""isDeleted"": false, ""isHidden"": false, ""isReportedByCreator"": false, ""likesCount"": 0, ""newerChildrenCount"": 0, ""newRepliesCount"": 0, ""parentID"": null, ""pinnedAt"": null, ""text"": ""I contributed a while ago €50._ via Paypal ( Pledge ID 15846201 ).\nWhat steps do I take to get The Total Package- Two Units?"", ""userComment"": null}"
1434027,1433976,1,Brighteye_Innovations,yes,We will send you an email with a special link to a perk just for you!,2016-04-14T15:38:46Z,https://www.indiegogo.com//projects/itens-device-wireless-electrotherapy#/,"{""authorID"": 12935298, ""authorType"": 1, ""children"": null, ""childrenTotalCount"": 0, ""commentID"": 1434027, ""commentThreadID"": 103127, ""createdAt"": ""2016-04-14T15:38:46Z"", ""editedAt"": null, ""isDeleted"": false, ""isHidden"": false, ""isReportedByCreator"": false, ""likesCount"": 0, ""newerChildrenCount"": 0, ""newRepliesCount"": 0, ""parentID"": 1433976, ""pinnedAt"": null, ""text"": ""We will send you an email with a special link to a perk just for you!"", ""userComment"": null}"
1433975,,0,Daniel_Lerps,no,"Sorry, my bad... If got an additional refill instead now. How can I pick a colour? I would prefer orange.",2016-04-14T07:12:35Z,https://www.indiegogo.com//projects/itens-device-wireless-electrotherapy#/,"{""authorID"": 13406574, ""authorType"": 0, ""children"": [{""authorID"": 12935298, ""authorType"": 1, ""children"": null, ""childrenTotalCount"": 0, ""commentID"": 1434026, ""commentThreadID"": 103127, ""createdAt"": ""2016-04-14T15:17:51Z"", ""editedAt"": null, ""isDeleted"": false, ""isHidden"": false, ""isReportedByCreator"": false, ""likesCount"": 0, ""newerChildrenCount"": 0, ""newRepliesCount"": 0, ""parentID"": 1433975, ""pinnedAt"": null, ""text"": ""Got it! I will make a note on your order."", ""userComment"": null}], ""childrenTotalCount"": 1, ""commentID"": 1433975, ""commentThreadID"": 103127, ""createdAt"": ""2016-04-14T07:12:35Z"", ""editedAt"": ""2016-04-14T07:12:35Z"", ""isDeleted"": false, ""isHidden"": false, ""isReportedByCreator"": false, ""likesCount"": 0, ""newerChildrenCount"": 0, ""newRepliesCount"": 0, ""parentID"": null, ""pinnedAt"": null, ""text"": ""Sorry, my bad... If got an additional refill instead now. How can I pick a colour? I would prefer orange."", ""userComment"": null}"
1434026,1433975,1,Brighteye_Innovations,yes,Got it! I will make a note on your order.,2016-04-14T15:17:51Z,https://www.indiegogo.com//projects/itens-device-wireless-electrotherapy#/,"{""authorID"": 12935298, ""authorType"": 1, ""children"": null, ""childrenTotalCount"": 0, ""commentID"": 1434026, ""commentThreadID"": 103127, ""createdAt"": ""2016-04-14T15:17:51Z"", ""editedAt"": null, ""isDeleted"": false, ""isHidden"": false, ""isReportedByCreator"": false, ""likesCount"": 0, ""newerChildrenCount"": 0, ""newRepliesCount"": 0, ""parentID"": 1433975, ""pinnedAt"": null, ""text"": ""Got it! I will make a note on your order."", ""userComment"": null}"
1433974,,0,alison_gurney,no,"hello campaigner, can I also exchange the usb charger for an extra gel pad pack as I am in the UK and have plenty of UK usb chargers but would have to get an adapter to be able to use the US charger. thanks a lot.",2016-04-13T13:53:37Z,https://www.indiegogo.com//projects/itens-device-wireless-electrotherapy#/,"{""authorID"": 10325659, ""authorType"": 0, ""children"": [{""authorID"": 12935298, ""authorType"": 1, ""children"": null, ""childrenTotalCount"": 0, ""commentID"": 1434025, ""commentThreadID"": 103127, ""createdAt"": ""2016-04-13T17:20:32Z"", ""editedAt"": null, ""isDeleted"": false, ""isHidden"": false, ""isReportedByCreator"": false, ""likesCount"": 0, ""newerChildrenCount"": 0, ""newRepliesCount"": 0, ""parentID"": 1433974, ""pinnedAt"": null, ""text"": ""I will note on your order!"", ""userComment"": null}], ""childrenTotalCount"": 1, ""commentID"": 1433974, ""commentThreadID"": 103127, ""createdAt"": ""2016-04-13T13:53:37Z"", ""editedAt"": ""2016-04-13T13:53:37Z"", ""isDeleted"": false, ""isHidden"": false, ""isReportedByCreator"": false, ""likesCount"": 0, ""newerChildrenCount"": 0, ""newRepliesCount"": 0, ""parentID"": null, ""pinnedAt"": null, ""text"": ""hello campaigner,\ncan I also exchange the usb charger for an extra gel pad pack as I am in the UK and have plenty of UK usb chargers but would have to get an adapter to be able to use the US charger.\nthanks a lot."", ""userComment"": null}"
1434025,1433974,1,Brighteye_Innovations,yes,I will note on your order!,2016-04-13T17:20:32Z,https://www.indiegogo.com//projects/itens-device-wireless-electrotherapy#/,"{""authorID"": 12935298, ""authorType"": 1, ""children"": null, ""childrenTotalCount"": 0, ""commentID"": 1434025, ""commentThreadID"": 103127, ""createdAt"": ""2016-04-13T17:20:32Z"", ""editedAt"": null, ""isDeleted"": false, ""isHidden"": false, ""isReportedByCreator"": false, ""likesCount"": 0, ""newerChildrenCount"": 0, ""newRepliesCount"": 0, ""parentID"": 1433974, ""pinnedAt"": null, ""text"": ""I will note on your order!"", ""userComment"": null}"
1433973,,0,Sahay,no,how long for gel pad last?,2016-04-12T04:25:05Z,https://www.indiegogo.com//projects/itens-device-wireless-electrotherapy#/,"{""authorID"": 3339238, ""authorType"": 0, ""children"": [{""authorID"": 12935298, ""authorType"": 1, ""children"": null, ""childrenTotalCount"": 0, ""commentID"": 1434024, ""commentThreadID"": 103127, ""createdAt"": ""2016-04-12T15:47:37Z"", ""editedAt"": null, ""isDeleted"": false, ""isHidden"": false, ""isReportedByCreator"": false, ""likesCount"": 0, ""newerChildrenCount"": 0, ""newRepliesCount"": 0, ""parentID"": 1433973, ""pinnedAt"": null, ""text"": ""Gel pads last for about 10 uses"", ""userComment"": null}], ""childrenTotalCount"": 1, ""commentID"": 1433973, ""commentThreadID"": 103127, ""createdAt"": ""2016-04-12T04:25:05Z"", ""editedAt"": ""2016-04-12T04:25:05Z"", ""isDeleted"": false, ""isHidden"": false, ""isReportedByCreator"": false, ""likesCount"": 0, ""newerChildrenCount"": 0, ""newRepliesCount"": 0, ""parentID"": null, ""pinnedAt"": null, ""text"": ""how long for gel pad last?"", ""userComment"": null}"
1434024,1433973,1,Brighteye_Innovations,yes,Gel pads last for about 10 uses,2016-04-12T15:47:37Z,https://www.indiegogo.com//projects/itens-device-wireless-electrotherapy#/,"{""authorID"": 12935298, ""authorType"": 1, ""children"": null, ""childrenTotalCount"": 0, ""commentID"": 1434024, ""commentThreadID"": 103127, ""createdAt"": ""2016-04-12T15:47:37Z"", ""editedAt"": null, ""isDeleted"": false, ""isHidden"": false, ""isReportedByCreator"": false, ""likesCount"": 0, ""newerChildrenCount"": 0, ""newRepliesCount"": 0, ""parentID"": 1433973, ""pinnedAt"": null, ""text"": ""Gel pads last for about 10 uses"", ""userComment"": null}"
1433972,,0,Michael_Dahl_702e,no,"Hi, I'd like extra gel pack, as i'm also in Denmark, and cant use an US charger",2016-04-11T15:34:48Z,https://www.indiegogo.com//projects/itens-device-wireless-electrotherapy#/,"{""authorID"": 10309744, ""authorType"": 0, ""children"": [{""authorID"": 12935298, ""authorType"": 1, ""children"": null, ""childrenTotalCount"": 0, ""commentID"": 1434022, ""commentThreadID"": 103127, ""createdAt"": ""2016-04-11T16:39:52Z"", ""editedAt"": null, ""isDeleted"": false, ""isHidden"": false, ""isReportedByCreator"": false, ""likesCount"": 0, ""newerChildrenCount"": 0, ""newRepliesCount"": 0, ""parentID"": 1433972, ""pinnedAt"": null, ""text"": ""Got it!"", ""userComment"": null}], ""childrenTotalCount"": 1, ""commentID"": 1433972, ""commentThreadID"": 103127, ""createdAt"": ""2016-04-11T15:34:48Z"", ""editedAt"": ""2016-04-11T15:34:48Z"", ""isDeleted"": false, ""isHidden"": false, ""isReportedByCreator"": false, ""likesCount"": 0, ""newerChildrenCount"": 0, ""newRepliesCount"": 0, ""parentID"": null, ""pinnedAt"": null, ""text"": ""Hi, I'd like extra gel pack, as i'm also in Denmark, and cant use an US charger"", ""userComment"": null}"
1434022,1433972,1,Brighteye_Innovations,yes,Got it!,2016-04-11T16:39:52Z,https://www.indiegogo.com//projects/itens-device-wireless-electrotherapy#/,"{""authorID"": 12935298, ""authorType"": 1, ""children"": null, ""childrenTotalCount"": 0, ""commentID"": 1434022, ""commentThreadID"": 103127, ""createdAt"": ""2016-04-11T16:39:52Z"", ""editedAt"": null, ""isDeleted"": false, ""isHidden"": false, ""isReportedByCreator"": false, ""likesCount"": 0, ""newerChildrenCount"": 0, ""newRepliesCount"": 0, ""parentID"": 1433972, ""pinnedAt"": null, ""text"": ""Got it!"", ""userComment"": null}"
1433971,,0,,no,"Hello! :) Looking forward to receiving my iTens. As I live in Australia and won't be able to utilise the AC adapter, can I also swap that out for an extra set of gel pads? Thank you :)",2016-04-10T08:06:54Z,https://www.indiegogo.com//projects/itens-device-wireless-electrotherapy#/,"{""authorID"": 3693238, ""authorType"": 0, ""children"": [{""authorID"": 12935298, ""authorType"": 1, ""children"": null, ""childrenTotalCount"": 0, ""commentID"": 1434021, ""commentThreadID"": 103127, ""createdAt"": ""2016-04-11T15:01:32Z"", ""editedAt"": null, ""isDeleted"": false, ""isHidden"": false, ""isReportedByCreator"": false, ""likesCount"": 0, ""newerChildrenCount"": 0, ""newRepliesCount"": 0, ""parentID"": 1433971, ""pinnedAt"": null, ""text"": ""I will make a note on your order!"", ""userComment"": null}], ""childrenTotalCount"": 1, ""commentID"": 1433971, ""commentThreadID"": 103127, ""createdAt"": ""2016-04-10T08:06:54Z"", ""editedAt"": ""2016-04-10T08:06:54Z"", ""isDeleted"": false, ""isHidden"": false, ""isReportedByCreator"": false, ""likesCount"": 0, ""newerChildrenCount"": 0, ""newRepliesCount"": 0, ""parentID"": null, ""pinnedAt"": null, ""text"": ""Hello! :) Looking forward to receiving my iTens.\nAs I live in Australia and won't be able to utilise the AC adapter, can I also swap that out for an extra set of gel pads?\nThank you :)"", ""userComment"": null}"
1434021,1433971,1,Brighteye_Innovations,yes,I will make a note on your order!,2016-04-11T15:01:32Z,https://www.indiegogo.com//projects/itens-device-wireless-electrotherapy#/,"{""authorID"": 12935298, ""authorType"": 1, ""children"": null, ""childrenTotalCount"": 0, ""commentID"": 1434021, ""commentThreadID"": 103127, ""createdAt"": ""2016-04-11T15:01:32Z"", ""editedAt"": null, ""isDeleted"": false, ""isHidden"": false, ""isReportedByCreator"": false, ""likesCount"": 0, ""newerChildrenCount"": 0, ""newRepliesCount"": 0, ""parentID"": 1433971, ""pinnedAt"": null, ""text"": ""I will make a note on your order!"", ""userComment"": null}"
1433970,,0,Daniel_Lerps,no,Thanks for your reply. That's good news... if the charging is done via normal USB I'd like to opt for an extra pack of pads instead of the charger if that's possible.,2016-04-09T10:12:26Z,https://www.indiegogo.com//projects/itens-device-wireless-electrotherapy#/,"{""authorID"": 13406574, ""authorType"": 0, ""children"": [{""authorID"": 12935298, ""authorType"": 1, ""children"": null, ""childrenTotalCount"": 0, ""commentID"": 1434023, ""commentThreadID"": 103127, ""createdAt"": ""2016-04-11T16:56:35Z"", ""editedAt"": null, ""isDeleted"": false, ""isHidden"": false, ""isReportedByCreator"": false, ""likesCount"": 0, ""newerChildrenCount"": 0, ""newRepliesCount"": 0, ""parentID"": 1433970, ""pinnedAt"": null, ""text"": ""Hi Daniel, \nIt looks like your order is for the Early Bird Small Wings, which didn't include the AC Accessory in the perk. If you want to upgrade to the Total Package perk, let me know and I can send you a link!"", ""userComment"": null}], ""childrenTotalCount"": 1, ""commentID"": 1433970, ""commentThreadID"": 103127, ""createdAt"": ""2016-04-09T10:12:26Z"", ""editedAt"": ""2016-04-09T10:12:26Z"", ""isDeleted"": false, ""isHidden"": false, ""isReportedByCreator"": false, ""likesCount"": 0, ""newerChildrenCount"": 0, ""newRepliesCount"": 0, ""parentID"": null, ""pinnedAt"": null, ""text"": ""Thanks for your reply. That's good news... if the charging is done via normal USB I'd like to opt for an extra pack of pads instead of the charger if that's possible."", ""userComment"": null}"
1434023,1433970,1,Brighteye_Innovations,yes,"Hi Daniel,  It looks like your order is for the Early Bird Small Wings, which didn't include the AC Accessory in the perk. If you want to upgrade to the Total Package perk, let me know and I can send you a link!",2016-04-11T16:56:35Z,https://www.indiegogo.com//projects/itens-device-wireless-electrotherapy#/,"{""authorID"": 12935298, ""authorType"": 1, ""children"": null, ""childrenTotalCount"": 0, ""commentID"": 1434023, ""commentThreadID"": 103127, ""createdAt"": ""2016-04-11T16:56:35Z"", ""editedAt"": null, ""isDeleted"": false, ""isHidden"": false, ""isReportedByCreator"": false, ""likesCount"": 0, ""newerChildrenCount"": 0, ""newRepliesCount"": 0, ""parentID"": 1433970, ""pinnedAt"": null, ""text"": ""Hi Daniel, \nIt looks like your order is for the Early Bird Small Wings, which didn't include the AC Accessory in the perk. If you want to upgrade to the Total Package perk, let me know and I can send you a link!"", ""userComment"": null}"
1433969,,0,Daniel_Lerps,no,Great project. Looking forward to try it out. I have a question about the gel pads though. are they single use or can they be used multiple times? How will I be able to get new ones once I run out?,2016-04-08T21:31:51Z,https://www.indiegogo.com//projects/itens-device-wireless-electrotherapy#/,"{""authorID"": 13406574, ""authorType"": 0, ""children"": [{""authorID"": 12935298, ""authorType"": 1, ""children"": null, ""childrenTotalCount"": 0, ""commentID"": 1434019, ""commentThreadID"": 103127, ""createdAt"": ""2016-04-08T22:00:37Z"", ""editedAt"": null, ""isDeleted"": false, ""isHidden"": false, ""isReportedByCreator"": false, ""likesCount"": 0, ""newerChildrenCount"": 0, ""newRepliesCount"": 0, ""parentID"": 1433969, ""pinnedAt"": null, ""text"": ""The Gel Pads are reusable for about 10 applications!"", ""userComment"": null}, {""authorID"": 12935298, ""authorType"": 1, ""children"": null, ""childrenTotalCount"": 0, ""commentID"": 1434020, ""commentThreadID"": 103127, ""createdAt"": ""2016-04-08T22:01:32Z"", ""editedAt"": null, ""isDeleted"": false, ""isHidden"": false, ""isReportedByCreator"": false, ""likesCount"": 0, ""newerChildrenCount"": 0, ""newRepliesCount"": 0, ""parentID"": 1433969, ""pinnedAt"": null, ""text"": ""We'll have them up for sale on itens.com once we have them in stock!"", ""userComment"": null}], ""childrenTotalCount"": 2, ""commentID"": 1433969, ""commentThreadID"": 103127, ""createdAt"": ""2016-04-08T21:31:51Z"", ""editedAt"": ""2016-04-08T21:31:51Z"", ""isDeleted"": false, ""isHidden"": false, ""isReportedByCreator"": false, ""likesCount"": 0, ""newerChildrenCount"": 0, ""newRepliesCount"": 0, ""parentID"": null, ""pinnedAt"": null, ""text"": ""Great project. Looking forward to try it out. I have a question about the gel pads though. are they single use or can they be used multiple times? How will I be able to get new ones once I run out?"", ""userComment"": null}"
1434019,1433969,1,Brighteye_Innovations,yes,The Gel Pads are reusable for about 10 applications!,2016-04-08T22:00:37Z,https://www.indiegogo.com//projects/itens-device-wireless-electrotherapy#/,"{""authorID"": 12935298, ""authorType"": 1, ""children"": null, ""childrenTotalCount"": 0, ""commentID"": 1434019, ""commentThreadID"": 103127, ""createdAt"": ""2016-04-08T22:00:37Z"", ""editedAt"": null, ""isDeleted"": false, ""isHidden"": false, ""isReportedByCreator"": false, ""likesCount"": 0, ""newerChildrenCount"": 0, ""newRepliesCount"": 0, ""parentID"": 1433969, ""pinnedAt"": null, ""text"": ""The Gel Pads are reusable for about 10 applications!"", ""userComment"": null}"
1434020,1433969,1,Brighteye_Innovations,yes,We'll have them up for sale on itens.com once we have them in stock!,2016-04-08T22:01:32Z,https://www.indiegogo.com//projects/itens-device-wireless-electrotherapy#/,"{""authorID"": 12935298, ""authorType"": 1, ""children"": null, ""childrenTotalCount"": 0, ""commentID"": 1434020, ""commentThreadID"": 103127, ""createdAt"": ""2016-04-08T22:01:32Z"", ""editedAt"": null, ""isDeleted"": false, ""isHidden"": false, ""isReportedByCreator"": false, ""likesCount"": 0, ""newerChildrenCount"": 0, ""newRepliesCount"": 0, ""parentID"": 1433969, ""pinnedAt"": null, ""text"": ""We'll have them up for sale on itens.com once we have them in stock!"", ""userComment"": null}"
1433968,,0,"Ann,_Denmark",no,"Does the AC wall adapter have different pins etc. for different countries? I have just signed up for the Variety Wings Pack and live in Denmark. Should I order extra gel pad refills now, or will the price be the same after the campaign has ended? Cant wait to try this out!",2016-04-08T19:20:07Z,https://www.indiegogo.com//projects/itens-device-wireless-electrotherapy#/,"{""authorID"": 9148631, ""authorType"": 0, ""children"": [{""authorID"": 12935298, ""authorType"": 1, ""children"": null, ""childrenTotalCount"": 0, ""commentID"": 1434017, ""commentThreadID"": 103127, ""createdAt"": ""2016-04-08T19:37:20Z"", ""editedAt"": null, ""isDeleted"": false, ""isHidden"": false, ""isReportedByCreator"": false, ""likesCount"": 0, ""newerChildrenCount"": 0, ""newRepliesCount"": 0, ""parentID"": 1433968, ""pinnedAt"": null, ""text"": ""Right now we only have a US version of the adapter, but the charging cord for the iTENS is a standard USB, so you can use it with any USB adapter. We can exchange it out for an extra set of gel pads if you'd like. Once the campaign ends, that ends our pre-order pricing,  gel packs will retail for $7 USD + shipping."", ""userComment"": null}, {""authorID"": 9148631, ""authorType"": 0, ""children"": null, ""childrenTotalCount"": 0, ""commentID"": 1434018, ""commentThreadID"": 103127, ""createdAt"": ""2016-04-08T20:28:34Z"", ""editedAt"": null, ""isDeleted"": false, ""isHidden"": false, ""isReportedByCreator"": false, ""likesCount"": 0, ""newerChildrenCount"": 0, ""newRepliesCount"": 0, ""parentID"": 1433968, ""pinnedAt"": null, ""text"": ""Many thanks for your quick reply. I would like to take up your kind offer to exchange the AC adapter for an extra set of gel pads. Thanks again."", ""userComment"": null}], ""childrenTotalCount"": 2, ""commentID"": 1433968, ""commentThreadID"": 103127, ""createdAt"": ""2016-04-08T19:20:07Z"", ""editedAt"": ""2016-04-08T19:20:07Z"", ""isDeleted"": false, ""isHidden"": false, ""isReportedByCreator"": false, ""likesCount"": 0, ""newerChildrenCount"": 0, ""newRepliesCount"": 0, ""parentID"": null, ""pinnedAt"": null, ""text"": ""Does the AC wall adapter have different pins etc. for different countries? I have just signed up for the Variety Wings Pack and live in Denmark. Should I order extra gel pad refills now, or will the price be the same after the campaign has ended? Cant wait to try this out!"", ""userComment"": null}"
1434017,1433968,1,Brighteye_Innovations,yes,"Right now we only have a US version of the adapter, but the charging cord for the iTENS is a standard USB, so you can use it with any USB adapter. We can exchange it out for an extra set of gel pads if you'd like. Once the campaign ends, that ends our pre-order pricing,  gel packs will retail for $7 USD + shipping.",2016-04-08T19:37:20Z,https://www.indiegogo.com//projects/itens-device-wireless-electrotherapy#/,"{""authorID"": 12935298, ""authorType"": 1, ""children"": null, ""childrenTotalCount"": 0, ""commentID"": 1434017, ""commentThreadID"": 103127, ""createdAt"": ""2016-04-08T19:37:20Z"", ""editedAt"": null, ""isDeleted"": false, ""isHidden"": false, ""isReportedByCreator"": false, ""likesCount"": 0, ""newerChildrenCount"": 0, ""newRepliesCount"": 0, ""parentID"": 1433968, ""pinnedAt"": null, ""text"": ""Right now we only have a US version of the adapter, but the charging cord for the iTENS is a standard USB, so you can use it with any USB adapter. We can exchange it out for an extra set of gel pads if you'd like. Once the campaign ends, that ends our pre-order pricing,  gel packs will retail for $7 USD + shipping."", ""userComment"": null}"
1434018,1433968,1,"Ann,_Denmark",no,Many thanks for your quick reply. I would like to take up your kind offer to exchange the AC adapter for an extra set of gel pads. Thanks again.,2016-04-08T20:28:34Z,https://www.indiegogo.com//projects/itens-device-wireless-electrotherapy#/,"{""authorID"": 9148631, ""authorType"": 0, ""children"": null, ""childrenTotalCount"": 0, ""commentID"": 1434018, ""commentThreadID"": 103127, ""createdAt"": ""2016-04-08T20:28:34Z"", ""editedAt"": null, ""isDeleted"": false, ""isHidden"": false, ""isReportedByCreator"": false, ""likesCount"": 0, ""newerChildrenCount"": 0, ""newRepliesCount"": 0, ""parentID"": 1433968, ""pinnedAt"": null, ""text"": ""Many thanks for your quick reply. I would like to take up your kind offer to exchange the AC adapter for an extra set of gel pads. Thanks again."", ""userComment"": null}"
1433967,,0,Sahay,no,how long battery last? and what kind charging method? thanks,2016-04-08T02:57:16Z,https://www.indiegogo.com//projects/itens-device-wireless-electrotherapy#/,"{""authorID"": 3339238, ""authorType"": 0, ""children"": [{""authorID"": 12935298, ""authorType"": 1, ""children"": null, ""childrenTotalCount"": 0, ""commentID"": 1434016, ""commentThreadID"": 103127, ""createdAt"": ""2016-04-08T14:08:09Z"", ""editedAt"": null, ""isDeleted"": false, ""isHidden"": false, ""isReportedByCreator"": false, ""likesCount"": 0, ""newerChildrenCount"": 0, ""newRepliesCount"": 0, ""parentID"": 1433967, ""pinnedAt"": null, ""text"": ""The battery will last about 24 hours, the iTENS comes with a charging dock. Take a look at the gallery for an image of the charging dock!"", ""userComment"": null}], ""childrenTotalCount"": 1, ""commentID"": 1433967, ""commentThreadID"": 103127, ""createdAt"": ""2016-04-08T02:57:16Z"", ""editedAt"": ""2016-04-08T02:57:16Z"", ""isDeleted"": false, ""isHidden"": false, ""isReportedByCreator"": false, ""likesCount"": 0, ""newerChildrenCount"": 0, ""newRepliesCount"": 0, ""parentID"": null, ""pinnedAt"": null, ""text"": ""how long battery last? and what kind charging method? thanks"", ""userComment"": null}"
1434016,1433967,1,Brighteye_Innovations,yes,"The battery will last about 24 hours, the iTENS comes with a charging dock. Take a look at the gallery for an image of the charging dock!",2016-04-08T14:08:09Z,https://www.indiegogo.com//projects/itens-device-wireless-electrotherapy#/,"{""authorID"": 12935298, ""authorType"": 1, ""children"": null, ""childrenTotalCount"": 0, ""commentID"": 1434016, ""commentThreadID"": 103127, ""createdAt"": ""2016-04-08T14:08:09Z"", ""editedAt"": null, ""isDeleted"": false, ""isHidden"": false, ""isReportedByCreator"": false, ""likesCount"": 0, ""newerChildrenCount"": 0, ""newRepliesCount"": 0, ""parentID"": 1433967, ""pinnedAt"": null, ""text"": ""The battery will last about 24 hours, the iTENS comes with a charging dock. Take a look at the gallery for an image of the charging dock!"", ""userComment"": null}"
1433966,,0,Michael_Dahl_702e,no,The fastest shipping one :-D,2016-04-04T17:17:48Z,https://www.indiegogo.com//projects/itens-device-wireless-electrotherapy#/,"{""authorID"": 10309744, ""authorType"": 0, ""children"": [{""authorID"": 12935298, ""authorType"": 1, ""children"": null, ""childrenTotalCount"": 0, ""commentID"": 1434015, ""commentThreadID"": 103127, ""createdAt"": ""2016-04-08T14:07:15Z"", ""editedAt"": null, ""isDeleted"": false, ""isHidden"": false, ""isReportedByCreator"": false, ""likesCount"": 0, ""newerChildrenCount"": 0, ""newRepliesCount"": 0, ""parentID"": 1433966, ""pinnedAt"": null, ""text"": ""As soon as our first batch arrives, we'll be sure to get them out ASAP!"", ""userComment"": null}], ""childrenTotalCount"": 1, ""commentID"": 1433966, ""commentThreadID"": 103127, ""createdAt"": ""2016-04-04T17:17:48Z"", ""editedAt"": ""2016-04-04T17:17:48Z"", ""isDeleted"": false, ""isHidden"": false, ""isReportedByCreator"": false, ""likesCount"": 0, ""newerChildrenCount"": 0, ""newRepliesCount"": 0, ""parentID"": null, ""pinnedAt"": null, ""text"": ""The fastest shipping one :-D"", ""userComment"": null}"
1434015,1433966,1,Brighteye_Innovations,yes,"As soon as our first batch arrives, we'll be sure to get them out ASAP!",2016-04-08T14:07:15Z,https://www.indiegogo.com//projects/itens-device-wireless-electrotherapy#/,"{""authorID"": 12935298, ""authorType"": 1, ""children"": null, ""childrenTotalCount"": 0, ""commentID"": 1434015, ""commentThreadID"": 103127, ""createdAt"": ""2016-04-08T14:07:15Z"", ""editedAt"": null, ""isDeleted"": false, ""isHidden"": false, ""isReportedByCreator"": false, ""likesCount"": 0, ""newerChildrenCount"": 0, ""newRepliesCount"": 0, ""parentID"": 1433966, ""pinnedAt"": null, ""text"": ""As soon as our first batch arrives, we'll be sure to get them out ASAP!"", ""userComment"": null}"
1433965,,0,Michael F._Price,no,White,2016-04-02T07:26:41Z,https://www.indiegogo.com//projects/itens-device-wireless-electrotherapy#/,"{""authorID"": 3874626, ""authorType"": 0, ""children"": [{""authorID"": 12935298, ""authorType"": 1, ""children"": null, ""childrenTotalCount"": 0, ""commentID"": 1434014, ""commentThreadID"": 103127, ""createdAt"": ""2016-04-08T14:06:33Z"", ""editedAt"": null, ""isDeleted"": false, ""isHidden"": false, ""isReportedByCreator"": false, ""likesCount"": 0, ""newerChildrenCount"": 0, ""newRepliesCount"": 0, ""parentID"": 1433965, ""pinnedAt"": null, ""text"": ""Got it, thanks!"", ""userComment"": null}], ""childrenTotalCount"": 1, ""commentID"": 1433965, ""commentThreadID"": 103127, ""createdAt"": ""2016-04-02T07:26:41Z"", ""editedAt"": ""2016-04-02T07:26:41Z"", ""isDeleted"": false, ""isHidden"": false, ""isReportedByCreator"": false, ""likesCount"": 0, ""newerChildrenCount"": 0, ""newRepliesCount"": 0, ""parentID"": null, ""pinnedAt"": null, ""text"": ""White"", ""userComment"": null}"
1434014,1433965,1,Brighteye_Innovations,yes,"Got it, thanks!",2016-04-08T14:06:33Z,https://www.indiegogo.com//projects/itens-device-wireless-electrotherapy#/,"{""authorID"": 12935298, ""authorType"": 1, ""children"": null, ""childrenTotalCount"": 0, ""commentID"": 1434014, ""commentThreadID"": 103127, ""createdAt"": ""2016-04-08T14:06:33Z"", ""editedAt"": null, ""isDeleted"": false, ""isHidden"": false, ""isReportedByCreator"": false, ""likesCount"": 0, ""newerChildrenCount"": 0, ""newRepliesCount"": 0, ""parentID"": 1433965, ""pinnedAt"": null, ""text"": ""Got it, thanks!"", ""userComment"": null}"
1433964,,0,,no,When you think you'd be able to send first devices?,2016-03-31T08:01:43Z,https://www.indiegogo.com//projects/itens-device-wireless-electrotherapy#/,"{""authorID"": 10591710, ""authorType"": 0, ""children"": [{""authorID"": 12935298, ""authorType"": 1, ""children"": null, ""childrenTotalCount"": 0, ""commentID"": 1434013, ""commentThreadID"": 103127, ""createdAt"": ""2016-03-31T21:33:50Z"", ""editedAt"": null, ""isDeleted"": false, ""isHidden"": false, ""isReportedByCreator"": false, ""likesCount"": 0, ""newerChildrenCount"": 0, ""newRepliesCount"": 0, ""parentID"": 1433964, ""pinnedAt"": null, ""text"": ""We're looking to send them out around the time the campaign ends!"", ""userComment"": null}], ""childrenTotalCount"": 1, ""commentID"": 1433964, ""commentThreadID"": 103127, ""createdAt"": ""2016-03-31T08:01:43Z"", ""editedAt"": ""2016-03-31T08:01:43Z"", ""isDeleted"": false, ""isHidden"": false, ""isReportedByCreator"": false, ""likesCount"": 0, ""newerChildrenCount"": 0, ""newRepliesCount"": 0, ""parentID"": null, ""pinnedAt"": null, ""text"": ""When you think you'd be able to send first devices?"", ""userComment"": null}"
1434013,1433964,1,Brighteye_Innovations,yes,We're looking to send them out around the time the campaign ends!,2016-03-31T21:33:50Z,https://www.indiegogo.com//projects/itens-device-wireless-electrotherapy#/,"{""authorID"": 12935298, ""authorType"": 1, ""children"": null, ""childrenTotalCount"": 0, ""commentID"": 1434013, ""commentThreadID"": 103127, ""createdAt"": ""2016-03-31T21:33:50Z"", ""editedAt"": null, ""isDeleted"": false, ""isHidden"": false, ""isReportedByCreator"": false, ""likesCount"": 0, ""newerChildrenCount"": 0, ""newRepliesCount"": 0, ""parentID"": 1433964, ""pinnedAt"": null, ""text"": ""We're looking to send them out around the time the campaign ends!"", ""userComment"": null}"
1433963,,0,,no,I ordered the variety wings pack. Do I get to choose what color I get?,2016-03-28T20:10:51Z,https://www.indiegogo.com//projects/itens-device-wireless-electrotherapy#/,"{""authorID"": 11612631, ""authorType"": 0, ""children"": [{""authorID"": 12935298, ""authorType"": 1, ""children"": null, ""childrenTotalCount"": 0, ""commentID"": 1434012, ""commentThreadID"": 103127, ""createdAt"": ""2016-03-30T13:47:36Z"", ""editedAt"": null, ""isDeleted"": false, ""isHidden"": false, ""isReportedByCreator"": false, ""likesCount"": 0, ""newerChildrenCount"": 0, ""newRepliesCount"": 0, ""parentID"": 1433963, ""pinnedAt"": null, ""text"": ""If you'd like to, you can! Send us an email and we will make a note!"", ""userComment"": null}], ""childrenTotalCount"": 1, ""commentID"": 1433963, ""commentThreadID"": 103127, ""createdAt"": ""2016-03-28T20:10:51Z"", ""editedAt"": ""2016-03-28T20:10:51Z"", ""isDeleted"": false, ""isHidden"": false, ""isReportedByCreator"": false, ""likesCount"": 0, ""newerChildrenCount"": 0, ""newRepliesCount"": 0, ""parentID"": null, ""pinnedAt"": null, ""text"": ""I ordered the variety wings pack. Do I get to choose what color I get?"", ""userComment"": null}"
1434012,1433963,1,Brighteye_Innovations,yes,"If you'd like to, you can! Send us an email and we will make a note!",2016-03-30T13:47:36Z,https://www.indiegogo.com//projects/itens-device-wireless-electrotherapy#/,"{""authorID"": 12935298, ""authorType"": 1, ""children"": null, ""childrenTotalCount"": 0, ""commentID"": 1434012, ""commentThreadID"": 103127, ""createdAt"": ""2016-03-30T13:47:36Z"", ""editedAt"": null, ""isDeleted"": false, ""isHidden"": false, ""isReportedByCreator"": false, ""likesCount"": 0, ""newerChildrenCount"": 0, ""newRepliesCount"": 0, ""parentID"": 1433963, ""pinnedAt"": null, ""text"": ""If you'd like to, you can! Send us an email and we will make a note!"", ""userComment"": null}"
1433962,,0,Brighteye_Innovations,yes,"To answer a question we've received from you: Yes! The iTENS device is compatible and interchangeable  between the three different options: small wings, large wings, and long strip!",2016-03-03T19:17:16Z,https://www.indiegogo.com//projects/itens-device-wireless-electrotherapy#/,"{""authorID"": 12935298, ""authorType"": 1, ""children"": [], ""childrenTotalCount"": 0, ""commentID"": 1433962, ""commentThreadID"": 103127, ""createdAt"": ""2016-03-03T19:17:16Z"", ""editedAt"": ""2016-03-03T19:17:16Z"", ""isDeleted"": false, ""isHidden"": false, ""isReportedByCreator"": false, ""likesCount"": 0, ""newerChildrenCount"": 0, ""newRepliesCount"": 0, ""parentID"": null, ""pinnedAt"": null, ""text"": ""To answer a question we've received from you: Yes! The iTENS device is compatible and interchangeable  between the three different options: small wings, large wings, and long strip!"", ""userComment"": null}"
1433961,,0,Brighteye_Innovations,yes,"Shout out to @MichaelDahl, @RafVanAken, @FrederickRudolph, @RonaldBrink, and @powersb11 for being among our very first supporters!",2016-02-26T19:18:36Z,https://www.indiegogo.com//projects/itens-device-wireless-electrotherapy#/,"{""authorID"": 12935298, ""authorType"": 1, ""children"": [], ""childrenTotalCount"": 0, ""commentID"": 1433961, ""commentThreadID"": 103127, ""createdAt"": ""2016-02-26T19:18:36Z"", ""editedAt"": ""2016-02-26T19:18:36Z"", ""isDeleted"": false, ""isHidden"": false, ""isReportedByCreator"": false, ""likesCount"": 0, ""newerChildrenCount"": 0, ""newRepliesCount"": 0, ""parentID"": null, ""pinnedAt"": null, ""text"": ""Shout out to @MichaelDahl, @RafVanAken, @FrederickRudolph, @RonaldBrink, and @powersb11 for being among our very first supporters!"", ""userComment"": null}"
