comment_id,parent_id,depth,name,is_creator,content,created_at,url,raw
3843843,,0,BEST_Pictures,no,It's a shame and a waste of money. Cheap China scrap that doesn't work at all. I had high hopes but was disappointed. Better buy the DJI 3D focus. It works perfectly!,2021-09-29T10:40:44Z,https://www.indiegogo.com//projects/afx-autofocus-adapter#/,"{""authorID"": 24840213, ""authorType"": 0, ""children"": [], ""childrenTotalCount"": 0, ""commentID"": 3843843, ""commentThreadID"": 220961, ""createdAt"": ""2021-09-29T10:40:44Z"", ""editedAt"": ""2021-09-29T10:40:44Z"", ""isDeleted"": false, ""isHidden"": false, ""isReportedByCreator"": false, ""likesCount"": 0, ""newerChildrenCount"": 0, ""newRepliesCount"": 0, ""parentID"": null, ""pinnedAt"": null, ""text"": ""It's a shame and a waste of money. Cheap China scrap that doesn't work at all. I had high hopes but was disappointed. Better buy the DJI 3D focus. It works perfectly!"", ""userComment"": null}"
3843842,,0,Carlos_Raoul,no,Would be cool if we could just download settings for specific lenses.  Too much of a hassle to calibrate.,2021-08-30T01:19:13Z,https://www.indiegogo.com//projects/afx-autofocus-adapter#/,"{""authorID"": 83930, ""authorType"": 0, ""children"": [], ""childrenTotalCount"": 0, ""commentID"": 3843842, ""commentThreadID"": 220961, ""createdAt"": ""2021-08-30T01:19:13Z"", ""editedAt"": ""2021-08-30T01:19:13Z"", ""isDeleted"": false, ""isHidden"": false, ""isReportedByCreator"": false, ""likesCount"": 1, ""newerChildrenCount"": 0, ""newRepliesCount"": 0, ""parentID"": null, ""pinnedAt"": null, ""text"": ""Would be cool if we could just download settings for specific lenses.  Too much of a hassle to calibrate."", ""userComment"": null}"
3843841,,0,mark_eberle,no,Is there anyone out there that has mastered setting this up on a P4k ?  I need help this weekend.  HELP !!  email :   captdp1@aol.com,2021-08-27T04:45:29Z,https://www.indiegogo.com//projects/afx-autofocus-adapter#/,"{""authorID"": 18441407, ""authorType"": 0, ""children"": [], ""childrenTotalCount"": 0, ""commentID"": 3843841, ""commentThreadID"": 220961, ""createdAt"": ""2021-08-27T04:45:29Z"", ""editedAt"": ""2021-08-27T04:45:29Z"", ""isDeleted"": false, ""isHidden"": false, ""isReportedByCreator"": false, ""likesCount"": 0, ""newerChildrenCount"": 0, ""newRepliesCount"": 0, ""parentID"": null, ""pinnedAt"": null, ""text"": ""Is there anyone out there that has mastered setting this up on a P4k ?  I need help this weekend.  HELP !!  email :   captdp1@aol.com"", ""userComment"": null}"
3843840,,0,Hanling_Dong,no,Does this work with the 6K Pro?,2021-07-30T07:48:59Z,https://www.indiegogo.com//projects/afx-autofocus-adapter#/,"{""authorID"": 19234296, ""authorType"": 0, ""children"": [], ""childrenTotalCount"": 0, ""commentID"": 3843840, ""commentThreadID"": 220961, ""createdAt"": ""2021-07-30T07:48:59Z"", ""editedAt"": ""2021-07-30T07:48:59Z"", ""isDeleted"": false, ""isHidden"": false, ""isReportedByCreator"": false, ""likesCount"": 0, ""newerChildrenCount"": 0, ""newRepliesCount"": 0, ""parentID"": null, ""pinnedAt"": null, ""text"": ""Does this work with the 6K Pro?"", ""userComment"": null}"
3843839,,0,,no,"@Mark: that's correct. You have to set up to 50 different focal points by slowly stepping back from the focus chart and setting them.  Once done, the unit will jump or transition focus only at those marks.  3 meters won't change, but 4 will.  In effect, it's barely better than the autofocus on the 6k, the only thing is that you don't have to press the AF button to set focus.  It's a blisteringly bad product",2021-07-20T20:43:04Z,https://www.indiegogo.com//projects/afx-autofocus-adapter#/,"{""authorID"": 6835922, ""authorType"": 0, ""children"": [], ""childrenTotalCount"": 0, ""commentID"": 3843839, ""commentThreadID"": 220961, ""createdAt"": ""2021-07-20T20:43:04Z"", ""editedAt"": ""2021-07-20T20:43:04Z"", ""isDeleted"": false, ""isHidden"": false, ""isReportedByCreator"": false, ""likesCount"": 0, ""newerChildrenCount"": 0, ""newRepliesCount"": 0, ""parentID"": null, ""pinnedAt"": null, ""text"": ""@Mark: that's correct. You have to set up to 50 different focal points by slowly stepping back from the focus chart and setting them.  Once done, the unit will jump or transition focus only at those marks.  3 meters won't change, but 4 will.\n\nIn effect, it's barely better than the autofocus on the 6k, the only thing is that you don't have to press the AF button to set focus.  It's a blisteringly bad product"", ""userComment"": null}"
3843838,,0,,no,"@Devolve : Does it mean that if you intentionally don't input any value between 2 and 4 meters, the AFX won't bother calculate the value for 3 meters, and will therefore make your nucleus nano focus at either 2 or 4 meters?!   Doesn't It calculate anything? Isn't the afx program able to create a curve from a set of points (completing the curve)?",2021-07-14T04:11:29Z,https://www.indiegogo.com//projects/afx-autofocus-adapter#/,"{""authorID"": 26614134, ""authorType"": 0, ""children"": [], ""childrenTotalCount"": 0, ""commentID"": 3843838, ""commentThreadID"": 220961, ""createdAt"": ""2021-07-14T04:11:29Z"", ""editedAt"": ""2021-07-14T07:29:24Z"", ""isDeleted"": false, ""isHidden"": false, ""isReportedByCreator"": false, ""likesCount"": 0, ""newerChildrenCount"": 0, ""newRepliesCount"": 0, ""parentID"": null, ""pinnedAt"": null, ""text"": ""@Devolve : Does it mean that if you intentionally don't input any value between 2 and 4 meters, the AFX won't bother calculate the value for 3 meters, and will therefore make your nucleus nano focus at either 2 or 4 meters?! \n\nDoesn't It calculate anything? Isn't the afx program able to create a curve from a set of points (completing the curve)?"", ""userComment"": null}"
3843837,,0,,no,"For anyone considering buying this - do not.  It's only marginally better than manual focus, and it IS NOT for continuous autofocus.  the unit ""jumps"" to each focal point that you've set, so for things like sports or moving the camera, it's completely useless.  The DJI lidar autofocus is continuous and smooth and doesn't require the ridiculous setup this thing requires.  Don't waste your money.",2021-07-10T18:25:15Z,https://www.indiegogo.com//projects/afx-autofocus-adapter#/,"{""authorID"": 6835922, ""authorType"": 0, ""children"": [], ""childrenTotalCount"": 0, ""commentID"": 3843837, ""commentThreadID"": 220961, ""createdAt"": ""2021-07-10T18:25:15Z"", ""editedAt"": ""2021-07-10T18:25:15Z"", ""isDeleted"": false, ""isHidden"": false, ""isReportedByCreator"": false, ""likesCount"": 1, ""newerChildrenCount"": 0, ""newRepliesCount"": 0, ""parentID"": null, ""pinnedAt"": null, ""text"": ""For anyone considering buying this - do not.  It's only marginally better than manual focus, and it IS NOT for continuous autofocus.\n\nthe unit \""jumps\"" to each focal point that you've set, so for things like sports or moving the camera, it's completely useless.\n\nThe DJI lidar autofocus is continuous and smooth and doesn't require the ridiculous setup this thing requires.  Don't waste your money."", ""userComment"": null}"
3843836,,0,John_Cranman_34ce,no,Does this work with the 6K Pro?,2021-06-21T03:40:38Z,https://www.indiegogo.com//projects/afx-autofocus-adapter#/,"{""authorID"": 26628667, ""authorType"": 0, ""children"": [], ""childrenTotalCount"": 0, ""commentID"": 3843836, ""commentThreadID"": 220961, ""createdAt"": ""2021-06-21T03:40:38Z"", ""editedAt"": ""2021-06-21T03:40:38Z"", ""isDeleted"": false, ""isHidden"": false, ""isReportedByCreator"": false, ""likesCount"": 0, ""newerChildrenCount"": 0, ""newRepliesCount"": 0, ""parentID"": null, ""pinnedAt"": null, ""text"": ""Does this work with the 6K Pro?"", ""userComment"": null}"
3843835,,0,Andy_McBeer,no,When can we expect the MMX to be available again?,2021-06-19T07:21:59Z,https://www.indiegogo.com//projects/afx-autofocus-adapter#/,"{""authorID"": 25770769, ""authorType"": 0, ""children"": [], ""childrenTotalCount"": 0, ""commentID"": 3843835, ""commentThreadID"": 220961, ""createdAt"": ""2021-06-19T07:21:59Z"", ""editedAt"": ""2021-06-19T07:21:59Z"", ""isDeleted"": false, ""isHidden"": false, ""isReportedByCreator"": false, ""likesCount"": 1, ""newerChildrenCount"": 0, ""newRepliesCount"": 0, ""parentID"": null, ""pinnedAt"": null, ""text"": ""When can we expect the MMX to be available again?"", ""userComment"": null}"
3843834,,0,,no,"is anyone else having a nightmare of a time getting their unit to work *at all*?    I've been following their directions precisely and yet still can't press the D button on my R1 to calibrate a lens. Even though I initialize the R1, it doesn't appear to work.  CDA, this is another reason why requiring the R1 to operate is a stupid requirement.",2021-06-03T21:15:14Z,https://www.indiegogo.com//projects/afx-autofocus-adapter#/,"{""authorID"": 6835922, ""authorType"": 0, ""children"": [], ""childrenTotalCount"": 0, ""commentID"": 3843834, ""commentThreadID"": 220961, ""createdAt"": ""2021-06-03T21:15:14Z"", ""editedAt"": ""2021-06-03T21:15:14Z"", ""isDeleted"": false, ""isHidden"": false, ""isReportedByCreator"": false, ""likesCount"": 0, ""newerChildrenCount"": 0, ""newRepliesCount"": 0, ""parentID"": null, ""pinnedAt"": null, ""text"": ""is anyone else having a nightmare of a time getting their unit to work *at all*?  \n\nI've been following their directions precisely and yet still can't press the D button on my R1 to calibrate a lens. Even though I initialize the R1, it doesn't appear to work.\n\nCDA, this is another reason why requiring the R1 to operate is a stupid requirement."", ""userComment"": null}"
3843833,,0,BEST_Pictures,no,"Hello everybody. Can someone please help me and tell me the best way to calibrate the Sigma Art 18-35mm / Nucleus N with it, since this lens has no stops. Maybe someone can give me / us a tutorial for it. I would also like to attach the AFX adapter upside down under the matte box on the front. Does that work too? Many Thanks! Stay healthy!",2021-05-15T16:22:09Z,https://www.indiegogo.com//projects/afx-autofocus-adapter#/,"{""authorID"": 24840213, ""authorType"": 0, ""children"": [{""authorID"": 24840213, ""authorType"": 0, ""children"": null, ""childrenTotalCount"": 0, ""commentID"": 3843896, ""commentThreadID"": 220961, ""createdAt"": ""2021-05-15T17:27:23Z"", ""editedAt"": null, ""isDeleted"": false, ""isHidden"": false, ""isReportedByCreator"": false, ""likesCount"": 0, ""newerChildrenCount"": 0, ""newRepliesCount"": 0, ""parentID"": 3843833, ""pinnedAt"": null, ""text"": ""CDA-Tek responded via email. We talk there... Thank you! :-)"", ""userComment"": null}], ""childrenTotalCount"": 1, ""commentID"": 3843833, ""commentThreadID"": 220961, ""createdAt"": ""2021-05-15T16:22:09Z"", ""editedAt"": ""2021-05-15T16:22:09Z"", ""isDeleted"": false, ""isHidden"": false, ""isReportedByCreator"": false, ""likesCount"": 0, ""newerChildrenCount"": 0, ""newRepliesCount"": 0, ""parentID"": null, ""pinnedAt"": null, ""text"": ""Hello everybody. Can someone please help me and tell me the best way to calibrate the Sigma Art 18-35mm / Nucleus N with it, since this lens has no stops. Maybe someone can give me / us a tutorial for it. I would also like to attach the AFX adapter upside down under the matte box on the front. Does that work too? Many Thanks! Stay healthy!"", ""userComment"": null}"
3843896,3843833,1,BEST_Pictures,no,CDA-Tek responded via email. We talk there... Thank you! :-),2021-05-15T17:27:23Z,https://www.indiegogo.com//projects/afx-autofocus-adapter#/,"{""authorID"": 24840213, ""authorType"": 0, ""children"": null, ""childrenTotalCount"": 0, ""commentID"": 3843896, ""commentThreadID"": 220961, ""createdAt"": ""2021-05-15T17:27:23Z"", ""editedAt"": null, ""isDeleted"": false, ""isHidden"": false, ""isReportedByCreator"": false, ""likesCount"": 0, ""newerChildrenCount"": 0, ""newRepliesCount"": 0, ""parentID"": 3843833, ""pinnedAt"": null, ""text"": ""CDA-Tek responded via email. We talk there... Thank you! :-)"", ""userComment"": null}"
3843832,,0,Antonio_Barrientos,no,I am happy with my AFX unit and my R1 controller. They work properly and meet my expectations. Thank you.,2021-05-04T17:54:33Z,https://www.indiegogo.com//projects/afx-autofocus-adapter#/,"{""authorID"": 24107013, ""authorType"": 0, ""children"": [], ""childrenTotalCount"": 0, ""commentID"": 3843832, ""commentThreadID"": 220961, ""createdAt"": ""2021-05-04T17:54:33Z"", ""editedAt"": ""2021-05-06T18:54:02Z"", ""isDeleted"": false, ""isHidden"": false, ""isReportedByCreator"": false, ""likesCount"": 0, ""newerChildrenCount"": 0, ""newRepliesCount"": 0, ""parentID"": null, ""pinnedAt"": null, ""text"": ""I am happy with my AFX unit and my R1 controller. They work properly and meet my expectations. Thank you."", ""userComment"": null}"
3843831,,0,,no,"Is anyone in the USA looking to purchase the AFX? I received my preorder 2 weeks ago, but I no longer own the Blackmagic camera.",2021-04-30T15:03:19Z,https://www.indiegogo.com//projects/afx-autofocus-adapter#/,"{""authorID"": 24686669, ""authorType"": 0, ""children"": [{""authorID"": 24686669, ""authorType"": 0, ""children"": null, ""childrenTotalCount"": 0, ""commentID"": 3843895, ""commentThreadID"": 220961, ""createdAt"": ""2021-04-30T19:27:30Z"", ""editedAt"": null, ""isDeleted"": false, ""isHidden"": false, ""isReportedByCreator"": false, ""likesCount"": 0, ""newerChildrenCount"": 0, ""newRepliesCount"": 0, ""parentID"": 3843831, ""pinnedAt"": null, ""text"": ""Here is the ebay link if anyone is interested:\nhttp://ebay.us/Yz5ECc?cmpnId=5338273189"", ""userComment"": null}], ""childrenTotalCount"": 1, ""commentID"": 3843831, ""commentThreadID"": 220961, ""createdAt"": ""2021-04-30T15:03:19Z"", ""editedAt"": ""2021-04-30T15:03:19Z"", ""isDeleted"": false, ""isHidden"": false, ""isReportedByCreator"": false, ""likesCount"": 3, ""newerChildrenCount"": 0, ""newRepliesCount"": 0, ""parentID"": null, ""pinnedAt"": null, ""text"": ""Is anyone in the USA looking to purchase the AFX? I received my preorder 2 weeks ago, but I no longer own the Blackmagic camera."", ""userComment"": null}"
3843895,3843831,1,,no,Here is the ebay link if anyone is interested: http://ebay.us/Yz5ECc?cmpnId=5338273189,2021-04-30T19:27:30Z,https://www.indiegogo.com//projects/afx-autofocus-adapter#/,"{""authorID"": 24686669, ""authorType"": 0, ""children"": null, ""childrenTotalCount"": 0, ""commentID"": 3843895, ""commentThreadID"": 220961, ""createdAt"": ""2021-04-30T19:27:30Z"", ""editedAt"": null, ""isDeleted"": false, ""isHidden"": false, ""isReportedByCreator"": false, ""likesCount"": 0, ""newerChildrenCount"": 0, ""newRepliesCount"": 0, ""parentID"": 3843831, ""pinnedAt"": null, ""text"": ""Here is the ebay link if anyone is interested:\nhttp://ebay.us/Yz5ECc?cmpnId=5338273189"", ""userComment"": null}"
3843830,,0,Koji_Onose,no,I'm using BMPCC 6K Pro. Neither PBC nor AFX seems to currently support 6K Pro. Do you have any plans to support it in the future?,2021-04-27T07:51:23Z,https://www.indiegogo.com//projects/afx-autofocus-adapter#/,"{""authorID"": 19236070, ""authorType"": 0, ""children"": [], ""childrenTotalCount"": 0, ""commentID"": 3843830, ""commentThreadID"": 220961, ""createdAt"": ""2021-04-27T07:51:23Z"", ""editedAt"": ""2021-04-27T07:51:23Z"", ""isDeleted"": false, ""isHidden"": false, ""isReportedByCreator"": false, ""likesCount"": 2, ""newerChildrenCount"": 0, ""newRepliesCount"": 0, ""parentID"": null, ""pinnedAt"": null, ""text"": ""I'm using BMPCC 6K Pro. Neither PBC nor AFX seems to currently support 6K Pro. Do you have any plans to support it in the future?"", ""userComment"": null}"
3843829,,0,Carlos_Raoul,no,I'd like to put the afx upside down to relocate it between my grips.  Does it work upside down and is there a way to flip the display?  thx,2021-04-26T04:31:37Z,https://www.indiegogo.com//projects/afx-autofocus-adapter#/,"{""authorID"": 83930, ""authorType"": 0, ""children"": [], ""childrenTotalCount"": 0, ""commentID"": 3843829, ""commentThreadID"": 220961, ""createdAt"": ""2021-04-26T04:31:37Z"", ""editedAt"": ""2021-04-26T04:31:37Z"", ""isDeleted"": false, ""isHidden"": false, ""isReportedByCreator"": false, ""likesCount"": 0, ""newerChildrenCount"": 0, ""newRepliesCount"": 0, ""parentID"": null, ""pinnedAt"": null, ""text"": ""I'd like to put the afx upside down to relocate it between my grips.  Does it work upside down and is there a way to flip the display?  thx"", ""userComment"": null}"
3843828,,0,Carlos_Raoul,no,what kind of cable is the motor interface cable?  I want to buy a right angle version of it.  thanks,2021-04-26T04:07:07Z,https://www.indiegogo.com//projects/afx-autofocus-adapter#/,"{""authorID"": 83930, ""authorType"": 0, ""children"": [{""authorID"": 83930, ""authorType"": 0, ""children"": null, ""childrenTotalCount"": 0, ""commentID"": 3843890, ""commentThreadID"": 220961, ""createdAt"": ""2021-04-26T04:08:51Z"", ""editedAt"": null, ""isDeleted"": false, ""isHidden"": false, ""isReportedByCreator"": false, ""likesCount"": 0, ""newerChildrenCount"": 0, ""newRepliesCount"": 0, ""parentID"": 3843828, ""pinnedAt"": null, ""text"": ""nevermind i found it... 4 pole :/"", ""userComment"": null}], ""childrenTotalCount"": 1, ""commentID"": 3843828, ""commentThreadID"": 220961, ""createdAt"": ""2021-04-26T04:07:07Z"", ""editedAt"": ""2021-04-26T04:07:07Z"", ""isDeleted"": false, ""isHidden"": false, ""isReportedByCreator"": false, ""likesCount"": 0, ""newerChildrenCount"": 0, ""newRepliesCount"": 0, ""parentID"": null, ""pinnedAt"": null, ""text"": ""what kind of cable is the motor interface cable?  I want to buy a right angle version of it.  thanks"", ""userComment"": null}"
3843890,3843828,1,Carlos_Raoul,no,nevermind i found it... 4 pole :/,2021-04-26T04:08:51Z,https://www.indiegogo.com//projects/afx-autofocus-adapter#/,"{""authorID"": 83930, ""authorType"": 0, ""children"": null, ""childrenTotalCount"": 0, ""commentID"": 3843890, ""commentThreadID"": 220961, ""createdAt"": ""2021-04-26T04:08:51Z"", ""editedAt"": null, ""isDeleted"": false, ""isHidden"": false, ""isReportedByCreator"": false, ""likesCount"": 0, ""newerChildrenCount"": 0, ""newRepliesCount"": 0, ""parentID"": 3843828, ""pinnedAt"": null, ""text"": ""nevermind i found it... 4 pole :/"", ""userComment"": null}"
3843827,,0,Ben_Halford_25c7,no,"Yikes, so an update about shipping but no reply as to why all these units are rattling and failing?",2021-04-23T12:31:07Z,https://www.indiegogo.com//projects/afx-autofocus-adapter#/,"{""authorID"": 24516409, ""authorType"": 0, ""children"": [], ""childrenTotalCount"": 0, ""commentID"": 3843827, ""commentThreadID"": 220961, ""createdAt"": ""2021-04-23T12:31:07Z"", ""editedAt"": ""2021-04-23T12:31:07Z"", ""isDeleted"": false, ""isHidden"": false, ""isReportedByCreator"": false, ""likesCount"": 1, ""newerChildrenCount"": 0, ""newRepliesCount"": 0, ""parentID"": null, ""pinnedAt"": null, ""text"": ""Yikes, so an update about shipping but no reply as to why all these units are rattling and failing?"", ""userComment"": null}"
3843826,,0,Istvan_Sandor_7d88,no,"Still no package, Still not even have a tracking number :-( whats going in here? Very dissapointed atm",2021-04-23T11:45:02Z,https://www.indiegogo.com//projects/afx-autofocus-adapter#/,"{""authorID"": 19118469, ""authorType"": 0, ""children"": [], ""childrenTotalCount"": 0, ""commentID"": 3843826, ""commentThreadID"": 220961, ""createdAt"": ""2021-04-23T11:45:02Z"", ""editedAt"": ""2021-04-23T11:45:02Z"", ""isDeleted"": false, ""isHidden"": false, ""isReportedByCreator"": false, ""likesCount"": 1, ""newerChildrenCount"": 0, ""newRepliesCount"": 0, ""parentID"": null, ""pinnedAt"": null, ""text"": ""Still no package, Still not even have a tracking number :-( whats going in here? Very dissapointed atm"", ""userComment"": null}"
3843825,,0,Ian_Pena,no,"Hello, I'm not sure if my unit was damaged during shipping, but right out the box the components inside were rattling. I have everything set up but the unit randomly comes back with a lidar failed message, I was wondering if you guys could help me out. Thank you.",2021-04-21T18:27:13Z,https://www.indiegogo.com//projects/afx-autofocus-adapter#/,"{""authorID"": 24683026, ""authorType"": 0, ""children"": [], ""childrenTotalCount"": 0, ""commentID"": 3843825, ""commentThreadID"": 220961, ""createdAt"": ""2021-04-21T18:27:13Z"", ""editedAt"": ""2021-04-21T18:27:13Z"", ""isDeleted"": false, ""isHidden"": false, ""isReportedByCreator"": false, ""likesCount"": 0, ""newerChildrenCount"": 0, ""newRepliesCount"": 0, ""parentID"": null, ""pinnedAt"": null, ""text"": ""Hello, I'm not sure if my unit was damaged during shipping, but right out the box the components inside were rattling. I have everything set up but the unit randomly comes back with a lidar failed message, I was wondering if you guys could help me out. Thank you."", ""userComment"": null}"
3843824,,0,Ben_Halford_25c7,no,"Jonathan, in the same boat. Word of advice for UPS, they are now very unreliable at giving out the invoice for imports. If we do end of paying charges, my advice would not to pay them before delivery and get the invoice from the delivery driver's hand. Then simply go and pay charges over the phone and they'll either come back later and deliver or come back the next day, small price to pay to be able to claim that money back IMO.",2021-04-21T11:52:36Z,https://www.indiegogo.com//projects/afx-autofocus-adapter#/,"{""authorID"": 24516409, ""authorType"": 0, ""children"": [{""authorID"": 24516409, ""authorType"": 0, ""children"": null, ""childrenTotalCount"": 0, ""commentID"": 3843887, ""commentThreadID"": 220961, ""createdAt"": ""2021-04-23T07:52:33Z"", ""editedAt"": null, ""isDeleted"": false, ""isHidden"": false, ""isReportedByCreator"": false, ""likesCount"": 0, ""newerChildrenCount"": 0, ""newRepliesCount"": 0, ""parentID"": 3843824, ""pinnedAt"": null, ""text"": ""Jonathan, makes sense. Does yours keep saying delayed? "", ""userComment"": null}, {""authorID"": 24516409, ""authorType"": 0, ""children"": null, ""childrenTotalCount"": 0, ""commentID"": 3843891, ""commentThreadID"": 220961, ""createdAt"": ""2021-04-26T13:19:47Z"", ""editedAt"": null, ""isDeleted"": false, ""isHidden"": false, ""isReportedByCreator"": false, ""likesCount"": 0, ""newerChildrenCount"": 0, ""newRepliesCount"": 0, ""parentID"": 3843824, ""pinnedAt"": null, ""text"": ""Mine's still in Spain, I could walk faster. "", ""userComment"": null}, {""authorID"": 24516409, ""authorType"": 0, ""children"": null, ""childrenTotalCount"": 0, ""commentID"": 3843894, ""commentThreadID"": 220961, ""createdAt"": ""2021-04-27T10:05:35Z"", ""editedAt"": null, ""isDeleted"": false, ""isHidden"": false, ""isReportedByCreator"": false, ""likesCount"": 0, ""newerChildrenCount"": 0, ""newRepliesCount"": 0, ""parentID"": 3843824, ""pinnedAt"": null, ""text"": ""Mine has also now gone through France, must be on the same truck. "", ""userComment"": null}], ""childrenTotalCount"": 4, ""commentID"": 3843824, ""commentThreadID"": 220961, ""createdAt"": ""2021-04-21T11:52:36Z"", ""editedAt"": ""2021-04-21T11:52:36Z"", ""isDeleted"": false, ""isHidden"": false, ""isReportedByCreator"": false, ""likesCount"": 1, ""newerChildrenCount"": 0, ""newRepliesCount"": 0, ""parentID"": null, ""pinnedAt"": null, ""text"": ""Jonathan, in the same boat. Word of advice for UPS, they are now very unreliable at giving out the invoice for imports. If we do end of paying charges, my advice would not to pay them before delivery and get the invoice from the delivery driver's hand. Then simply go and pay charges over the phone and they'll either come back later and deliver or come back the next day, small price to pay to be able to claim that money back IMO."", ""userComment"": null}"
3843887,3843824,1,Ben_Halford_25c7,no,"Jonathan, makes sense. Does yours keep saying delayed? ",2021-04-23T07:52:33Z,https://www.indiegogo.com//projects/afx-autofocus-adapter#/,"{""authorID"": 24516409, ""authorType"": 0, ""children"": null, ""childrenTotalCount"": 0, ""commentID"": 3843887, ""commentThreadID"": 220961, ""createdAt"": ""2021-04-23T07:52:33Z"", ""editedAt"": null, ""isDeleted"": false, ""isHidden"": false, ""isReportedByCreator"": false, ""likesCount"": 0, ""newerChildrenCount"": 0, ""newRepliesCount"": 0, ""parentID"": 3843824, ""pinnedAt"": null, ""text"": ""Jonathan, makes sense. Does yours keep saying delayed? "", ""userComment"": null}"
3843891,3843824,1,Ben_Halford_25c7,no,"Mine's still in Spain, I could walk faster. ",2021-04-26T13:19:47Z,https://www.indiegogo.com//projects/afx-autofocus-adapter#/,"{""authorID"": 24516409, ""authorType"": 0, ""children"": null, ""childrenTotalCount"": 0, ""commentID"": 3843891, ""commentThreadID"": 220961, ""createdAt"": ""2021-04-26T13:19:47Z"", ""editedAt"": null, ""isDeleted"": false, ""isHidden"": false, ""isReportedByCreator"": false, ""likesCount"": 0, ""newerChildrenCount"": 0, ""newRepliesCount"": 0, ""parentID"": 3843824, ""pinnedAt"": null, ""text"": ""Mine's still in Spain, I could walk faster. "", ""userComment"": null}"
3843894,3843824,1,Ben_Halford_25c7,no,"Mine has also now gone through France, must be on the same truck. ",2021-04-27T10:05:35Z,https://www.indiegogo.com//projects/afx-autofocus-adapter#/,"{""authorID"": 24516409, ""authorType"": 0, ""children"": null, ""childrenTotalCount"": 0, ""commentID"": 3843894, ""commentThreadID"": 220961, ""createdAt"": ""2021-04-27T10:05:35Z"", ""editedAt"": null, ""isDeleted"": false, ""isHidden"": false, ""isReportedByCreator"": false, ""likesCount"": 0, ""newerChildrenCount"": 0, ""newRepliesCount"": 0, ""parentID"": 3843824, ""pinnedAt"": null, ""text"": ""Mine has also now gone through France, must be on the same truck. "", ""userComment"": null}"
3843885,3843824,1,Ben_Halford_25c7,no,"Jonathan Statt, mine was £75? Unit and motor cable. But like I said, DO NOT PAY before delivery. ",2021-04-22T19:49:58Z,https://www.indiegogo.com//projects/afx-autofocus-adapter#/,"{""authorID"": 24516409, ""authorType"": 0, ""children"": [], ""childrenTotalCount"": 0, ""commentID"": 3843885, ""commentThreadID"": 220961, ""createdAt"": ""2021-04-22T19:49:58Z"", ""editedAt"": null, ""isDeleted"": false, ""isHidden"": false, ""isReportedByCreator"": false, ""likesCount"": 0, ""newerChildrenCount"": 0, ""newRepliesCount"": 0, ""parentID"": 3843824, ""pinnedAt"": null, ""text"": ""Jonathan Statt, mine was £75? Unit and motor cable. But like I said, DO NOT PAY before delivery. "", ""userComment"": null}"
3843823,,0,Jonathan_Statt,no,Anyone in UK received theirs yet? I was surprised when they chose UPS rather than DHL as UPS is a mess with Brexit. So unsurprisingly I now see Delay due to clearance issues in the tracking and it hasn't left Spain.,2021-04-21T09:22:03Z,https://www.indiegogo.com//projects/afx-autofocus-adapter#/,"{""authorID"": 18037947, ""authorType"": 0, ""children"": [{""authorID"": 18037947, ""authorType"": 0, ""children"": null, ""childrenTotalCount"": 0, ""commentID"": 3843889, ""commentThreadID"": 220961, ""createdAt"": ""2021-04-24T08:37:18Z"", ""editedAt"": null, ""isDeleted"": false, ""isHidden"": false, ""isReportedByCreator"": false, ""likesCount"": 0, ""newerChildrenCount"": 0, ""newRepliesCount"": 0, ""parentID"": 3843823, ""pinnedAt"": null, ""text"": ""Finally it's on the move! But there could be further delays if it goes via Germany and when it reaches the UK. Don't be surprised if you see a Held in Warehouse status. UPS are struggling to reduce the backlog"", ""userComment"": null}, {""authorID"": 18037947, ""authorType"": 0, ""children"": null, ""childrenTotalCount"": 0, ""commentID"": 3843892, ""commentThreadID"": 220961, ""createdAt"": ""2021-04-26T20:17:03Z"", ""editedAt"": null, ""isDeleted"": false, ""isHidden"": false, ""isReportedByCreator"": false, ""likesCount"": 0, ""newerChildrenCount"": 0, ""newRepliesCount"": 0, ""parentID"": 3843823, ""pinnedAt"": null, ""text"": ""Mine got to Madrid where it sat all weekend. Left Madrid this morning.  I hope it's on the 24 hr run to the UK at this point ...or where will it stop next!!"", ""userComment"": null}, {""authorID"": 18037947, ""authorType"": 0, ""children"": null, ""childrenTotalCount"": 0, ""commentID"": 3843893, ""commentThreadID"": 220961, ""createdAt"": ""2021-04-27T08:17:53Z"", ""editedAt"": null, ""isDeleted"": false, ""isHidden"": false, ""isReportedByCreator"": false, ""likesCount"": 0, ""newerChildrenCount"": 0, ""newRepliesCount"": 0, ""parentID"": 3843823, ""pinnedAt"": null, ""text"": ""Ben, my package passed through the middle of France in the early hours. Hope yours is moving too."", ""userComment"": null}], ""childrenTotalCount"": 6, ""commentID"": 3843823, ""commentThreadID"": 220961, ""createdAt"": ""2021-04-21T09:22:03Z"", ""editedAt"": ""2021-04-21T09:22:03Z"", ""isDeleted"": false, ""isHidden"": false, ""isReportedByCreator"": false, ""likesCount"": 0, ""newerChildrenCount"": 0, ""newRepliesCount"": 0, ""parentID"": null, ""pinnedAt"": null, ""text"": ""Anyone in UK received theirs yet? I was surprised when they chose UPS rather than DHL as UPS is a mess with Brexit. So unsurprisingly I now see Delay due to clearance issues in the tracking and it hasn't left Spain."", ""userComment"": null}"
3843889,3843823,1,Jonathan_Statt,no,Finally it's on the move! But there could be further delays if it goes via Germany and when it reaches the UK. Don't be surprised if you see a Held in Warehouse status. UPS are struggling to reduce the backlog,2021-04-24T08:37:18Z,https://www.indiegogo.com//projects/afx-autofocus-adapter#/,"{""authorID"": 18037947, ""authorType"": 0, ""children"": null, ""childrenTotalCount"": 0, ""commentID"": 3843889, ""commentThreadID"": 220961, ""createdAt"": ""2021-04-24T08:37:18Z"", ""editedAt"": null, ""isDeleted"": false, ""isHidden"": false, ""isReportedByCreator"": false, ""likesCount"": 0, ""newerChildrenCount"": 0, ""newRepliesCount"": 0, ""parentID"": 3843823, ""pinnedAt"": null, ""text"": ""Finally it's on the move! But there could be further delays if it goes via Germany and when it reaches the UK. Don't be surprised if you see a Held in Warehouse status. UPS are struggling to reduce the backlog"", ""userComment"": null}"
3843892,3843823,1,Jonathan_Statt,no,Mine got to Madrid where it sat all weekend. Left Madrid this morning.  I hope it's on the 24 hr run to the UK at this point ...or where will it stop next!!,2021-04-26T20:17:03Z,https://www.indiegogo.com//projects/afx-autofocus-adapter#/,"{""authorID"": 18037947, ""authorType"": 0, ""children"": null, ""childrenTotalCount"": 0, ""commentID"": 3843892, ""commentThreadID"": 220961, ""createdAt"": ""2021-04-26T20:17:03Z"", ""editedAt"": null, ""isDeleted"": false, ""isHidden"": false, ""isReportedByCreator"": false, ""likesCount"": 0, ""newerChildrenCount"": 0, ""newRepliesCount"": 0, ""parentID"": 3843823, ""pinnedAt"": null, ""text"": ""Mine got to Madrid where it sat all weekend. Left Madrid this morning.  I hope it's on the 24 hr run to the UK at this point ...or where will it stop next!!"", ""userComment"": null}"
3843893,3843823,1,Jonathan_Statt,no,"Ben, my package passed through the middle of France in the early hours. Hope yours is moving too.",2021-04-27T08:17:53Z,https://www.indiegogo.com//projects/afx-autofocus-adapter#/,"{""authorID"": 18037947, ""authorType"": 0, ""children"": null, ""childrenTotalCount"": 0, ""commentID"": 3843893, ""commentThreadID"": 220961, ""createdAt"": ""2021-04-27T08:17:53Z"", ""editedAt"": null, ""isDeleted"": false, ""isHidden"": false, ""isReportedByCreator"": false, ""likesCount"": 0, ""newerChildrenCount"": 0, ""newRepliesCount"": 0, ""parentID"": 3843823, ""pinnedAt"": null, ""text"": ""Ben, my package passed through the middle of France in the early hours. Hope yours is moving too."", ""userComment"": null}"
3843888,3843823,1,Jonathan_Statt,no,"Yes Ben. It hasnt left Spain yet. This is typical of UPS right now. I have had packages take over 3 weeks, some just 1 week. But DHL are running fine. Bad choice of courier. ",2021-04-23T10:38:32Z,https://www.indiegogo.com//projects/afx-autofocus-adapter#/,"{""authorID"": 18037947, ""authorType"": 0, ""children"": [], ""childrenTotalCount"": 0, ""commentID"": 3843888, ""commentThreadID"": 220961, ""createdAt"": ""2021-04-23T10:38:32Z"", ""editedAt"": null, ""isDeleted"": false, ""isHidden"": false, ""isReportedByCreator"": false, ""likesCount"": 0, ""newerChildrenCount"": 0, ""newRepliesCount"": 0, ""parentID"": 3843823, ""pinnedAt"": null, ""text"": ""Yes Ben. It hasnt left Spain yet. This is typical of UPS right now. I have had packages take over 3 weeks, some just 1 week. But DHL are running fine. Bad choice of courier. "", ""userComment"": null}"
3843886,3843823,1,Jonathan_Statt,no,I hear you Ben. Thanks for the tip. I ordered 2 cables and the MMX box on top of the AFX so mine will be more. ,2021-04-22T21:33:22Z,https://www.indiegogo.com//projects/afx-autofocus-adapter#/,"{""authorID"": 18037947, ""authorType"": 0, ""children"": [], ""childrenTotalCount"": 0, ""commentID"": 3843886, ""commentThreadID"": 220961, ""createdAt"": ""2021-04-22T21:33:22Z"", ""editedAt"": null, ""isDeleted"": false, ""isHidden"": false, ""isReportedByCreator"": false, ""likesCount"": 0, ""newerChildrenCount"": 0, ""newRepliesCount"": 0, ""parentID"": 3843823, ""pinnedAt"": null, ""text"": ""I hear you Ben. Thanks for the tip. I ordered 2 cables and the MMX box on top of the AFX so mine will be more. "", ""userComment"": null}"
3843884,3843823,1,Jonathan_Statt,no,Got a Brexit customs bill from UPS for over 100 pounds :(,2021-04-22T19:27:01Z,https://www.indiegogo.com//projects/afx-autofocus-adapter#/,"{""authorID"": 18037947, ""authorType"": 0, ""children"": [], ""childrenTotalCount"": 0, ""commentID"": 3843884, ""commentThreadID"": 220961, ""createdAt"": ""2021-04-22T19:27:01Z"", ""editedAt"": null, ""isDeleted"": false, ""isHidden"": false, ""isReportedByCreator"": false, ""likesCount"": 0, ""newerChildrenCount"": 0, ""newRepliesCount"": 0, ""parentID"": 3843823, ""pinnedAt"": null, ""text"": ""Got a Brexit customs bill from UPS for over 100 pounds :("", ""userComment"": null}"
3843822,,0,Eung_Kim,no,"After spending the entire day trying to calibrate my lenses, my lidar has died and the AFX unit smells of burnt plastic.  Red letters stating LIDAR: FAILED.   I also have the same complaint as others.  Very cheap materials on the AFX unit, skewed LCD screen, poor assembly and tremendous rattling noise. I was finally able to get it to work with a couple of lenses, one electronic, and one manual, with my Nano, but then the lidar just died.",2021-04-21T04:46:05Z,https://www.indiegogo.com//projects/afx-autofocus-adapter#/,"{""authorID"": 23752183, ""authorType"": 0, ""children"": [], ""childrenTotalCount"": 0, ""commentID"": 3843822, ""commentThreadID"": 220961, ""createdAt"": ""2021-04-21T04:46:05Z"", ""editedAt"": ""2021-04-21T04:46:05Z"", ""isDeleted"": false, ""isHidden"": false, ""isReportedByCreator"": false, ""likesCount"": 0, ""newerChildrenCount"": 0, ""newRepliesCount"": 0, ""parentID"": null, ""pinnedAt"": null, ""text"": ""After spending the entire day trying to calibrate my lenses, my lidar has died and the AFX unit smells of burnt plastic.  Red letters stating LIDAR: FAILED.  \nI also have the same complaint as others.  Very cheap materials on the AFX unit, skewed LCD screen, poor assembly and tremendous rattling noise.\nI was finally able to get it to work with a couple of lenses, one electronic, and one manual, with my Nano, but then the lidar just died."", ""userComment"": null}"
3843821,,0,Markus_Lintu,no,"I've noticed same when took this out of the box, that this rattles and feels like everything inside is loose or something, also the LCD screen is not even straight attached to the body (it's not sealed), it's little skewed and I can see little bit inside. Build quality of this product is not what I expected for 290€ device, this feels like it's made in someones garage, not in a factory. I haven't tested this, does this really work, update coming soon.",2021-04-20T18:53:15Z,https://www.indiegogo.com//projects/afx-autofocus-adapter#/,"{""authorID"": 22384822, ""authorType"": 0, ""children"": [], ""childrenTotalCount"": 0, ""commentID"": 3843821, ""commentThreadID"": 220961, ""createdAt"": ""2021-04-20T18:53:15Z"", ""editedAt"": ""2021-04-20T18:53:15Z"", ""isDeleted"": false, ""isHidden"": false, ""isReportedByCreator"": false, ""likesCount"": 0, ""newerChildrenCount"": 0, ""newRepliesCount"": 0, ""parentID"": null, ""pinnedAt"": null, ""text"": ""I've noticed same when took this out of the box, that this rattles and feels like everything inside is loose or something, also the LCD screen is not even straight attached to the body (it's not sealed), it's little skewed and I can see little bit inside. Build quality of this product is not what I expected for 290€ device, this feels like it's made in someones garage, not in a factory. I haven't tested this, does this really work, update coming soon."", ""userComment"": null}"
3843820,,0,Gediminas_Vansevicius_7388,no,"Same hear. Rattling as hell. As if everything inside is completely loose. I contacted the support, waiting for their reply. I probably can live with this if the unit functions as intended. But doesn't give much confidence. How long before something is damaged inside?",2021-04-20T10:07:49Z,https://www.indiegogo.com//projects/afx-autofocus-adapter#/,"{""authorID"": 24685801, ""authorType"": 0, ""children"": [], ""childrenTotalCount"": 0, ""commentID"": 3843820, ""commentThreadID"": 220961, ""createdAt"": ""2021-04-20T10:07:49Z"", ""editedAt"": ""2021-04-20T10:07:49Z"", ""isDeleted"": false, ""isHidden"": false, ""isReportedByCreator"": false, ""likesCount"": 4, ""newerChildrenCount"": 0, ""newRepliesCount"": 0, ""parentID"": null, ""pinnedAt"": null, ""text"": ""Same hear. Rattling as hell. As if everything inside is completely loose. I contacted the support, waiting for their reply. I probably can live with this if the unit functions as intended. But doesn't give much confidence. How long before something is damaged inside?"", ""userComment"": null}"
3843819,,0,Daniele_Cernera,no,"Even if I just move the AFX unit, it sounds like maracas... This rattling sound is crazy,! The light and plasticky unit is covered with a soft matte spray that becomes scratched just looking at it. Regardless of the functionality (that I haven’t tested) this is garbage. If it doesn’t work as description then it’s a complete ripoff, I will update",2021-04-20T07:45:57Z,https://www.indiegogo.com//projects/afx-autofocus-adapter#/,"{""authorID"": 10146440, ""authorType"": 0, ""children"": [], ""childrenTotalCount"": 0, ""commentID"": 3843819, ""commentThreadID"": 220961, ""createdAt"": ""2021-04-20T07:45:57Z"", ""editedAt"": ""2021-04-20T07:45:57Z"", ""isDeleted"": false, ""isHidden"": false, ""isReportedByCreator"": false, ""likesCount"": 3, ""newerChildrenCount"": 0, ""newRepliesCount"": 0, ""parentID"": null, ""pinnedAt"": null, ""text"": ""Even if I just move the AFX unit, it sounds like maracas... This rattling sound is crazy,! The light and plasticky unit is covered with a soft matte spray that becomes scratched just looking at it. Regardless of the functionality (that I haven’t tested) this is garbage. If it doesn’t work as description then it’s a complete ripoff, I will update"", ""userComment"": null}"
3843818,,0,Hanling_Dong,no,I have not received my shiping track number yet.sent email to admin@cdatek.com already.,2021-04-18T15:51:16Z,https://www.indiegogo.com//projects/afx-autofocus-adapter#/,"{""authorID"": 19234296, ""authorType"": 0, ""children"": [], ""childrenTotalCount"": 0, ""commentID"": 3843818, ""commentThreadID"": 220961, ""createdAt"": ""2021-04-18T15:51:16Z"", ""editedAt"": ""2021-04-18T15:51:16Z"", ""isDeleted"": false, ""isHidden"": false, ""isReportedByCreator"": false, ""likesCount"": 0, ""newerChildrenCount"": 0, ""newRepliesCount"": 0, ""parentID"": null, ""pinnedAt"": null, ""text"": ""I have not received my shiping track number yet.sent email to admin@cdatek.com already."", ""userComment"": null}"
3843817,,0,CDA_Tek,yes,"Hi all As this page is not an effective way to do tech support as it has a limited character count, terrible layout making responses difficult to read  and we cannot attach or request files/screenshots etc can you please direct all tech support messages to admin@cdatek.com where we can deal with them more effectively. Thanks",2021-04-15T17:35:46Z,https://www.indiegogo.com//projects/afx-autofocus-adapter#/,"{""authorID"": 22423672, ""authorType"": 1, ""children"": [], ""childrenTotalCount"": 0, ""commentID"": 3843817, ""commentThreadID"": 220961, ""createdAt"": ""2021-04-15T17:35:46Z"", ""editedAt"": ""2021-04-15T17:35:46Z"", ""isDeleted"": false, ""isHidden"": false, ""isReportedByCreator"": false, ""likesCount"": 1, ""newerChildrenCount"": 0, ""newRepliesCount"": 0, ""parentID"": null, ""pinnedAt"": null, ""text"": ""Hi all\nAs this page is not an effective way to do tech support as it has a limited character count, terrible layout making responses difficult to read  and we cannot attach or request files/screenshots etc can you please direct all tech support messages to admin@cdatek.com where we can deal with them more effectively.\nThanks"", ""userComment"": null}"
3843816,,0,DISANT_Valentin,no,"Hello, nothing is working as expected.  The buttons of the controller change in a random way, the button A becomes the up trigger etc ... The calibration of the lens is impossible for me, it asks me to move the camera on 600 point one by one to calibrate it (Prime AF lens on P6K) is this the normal procedure?  In that case, it has never been specified before nor in the manual.",2021-04-15T16:27:53Z,https://www.indiegogo.com//projects/afx-autofocus-adapter#/,"{""authorID"": 24682623, ""authorType"": 0, ""children"": [{""authorID"": 22423672, ""authorType"": 1, ""children"": null, ""childrenTotalCount"": 0, ""commentID"": 3843881, ""commentThreadID"": 220961, ""createdAt"": ""2021-04-15T17:25:11Z"", ""editedAt"": null, ""isDeleted"": false, ""isHidden"": false, ""isReportedByCreator"": false, ""likesCount"": 0, ""newerChildrenCount"": 0, ""newRepliesCount"": 0, ""parentID"": 3843816, ""pinnedAt"": null, ""text"": ""The R1 keys perform different functions depending on time pressed (see Page 18 for details). On the P4K/6K when you are in command mode,it will perform camera functions when Joy L and Joy R are long pressed. Full details of supported functions are on Page 35 and setup of them is in SETUP>MAINTENANCE>BUTTON ASSIGNMENT. A default for the Joy L is the REC function which explains why you are seeing it activate on long presses of the stick. In that menu you can change it for another function."", ""userComment"": null}, {""authorID"": 22423672, ""authorType"": 1, ""children"": null, ""childrenTotalCount"": 0, ""commentID"": 3843882, ""commentThreadID"": 220961, ""createdAt"": ""2021-04-15T17:29:11Z"", ""editedAt"": null, ""isDeleted"": false, ""isHidden"": false, ""isReportedByCreator"": false, ""likesCount"": 0, ""newerChildrenCount"": 0, ""newRepliesCount"": 0, ""parentID"": 3843816, ""pinnedAt"": null, ""text"": ""To recap over the calibration, for the P6K only there are two phases. The first is the Profiling phase  where it ramps the lens from one end to the other in order to calculate the number of steps the lens is capable of. This is dependent on the lens and can range from as few as 30 steps to over 650. All you have to do in this phase as it is automatically incrementing the lens is to press B on the AFX when it reaches the end of travel."", ""userComment"": null}, {""authorID"": 22423672, ""authorType"": 1, ""children"": null, ""childrenTotalCount"": 0, ""commentID"": 3843883, ""commentThreadID"": 220961, ""createdAt"": ""2021-04-15T17:34:09Z"", ""editedAt"": null, ""isDeleted"": false, ""isHidden"": false, ""isReportedByCreator"": false, ""likesCount"": 0, ""newerChildrenCount"": 0, ""newRepliesCount"": 0, ""parentID"": 3843816, ""pinnedAt"": null, ""text"": ""Once this is done,you are then moved to the standard calibration process (Page 12 onwards) that all camera types use.It is in this phase that all lenses are then calibrated at 50 different positions.The Profiling phase is unique to the P6K due to the way lenses are controlled on that camera and the AFX uses that figure to create the 50 points for the calibration process proper.\nAs this page is not an easy way to do tech support can you please mail us at admin@cdatek.com to continue. Thanks"", ""userComment"": null}], ""childrenTotalCount"": 5, ""commentID"": 3843816, ""commentThreadID"": 220961, ""createdAt"": ""2021-04-15T16:27:53Z"", ""editedAt"": ""2021-04-15T16:27:53Z"", ""isDeleted"": false, ""isHidden"": false, ""isReportedByCreator"": false, ""likesCount"": 0, ""newerChildrenCount"": 0, ""newRepliesCount"": 0, ""parentID"": null, ""pinnedAt"": null, ""text"": ""Hello, nothing is working as expected.  The buttons of the controller change in a random way, the button A becomes the up trigger etc ... The calibration of the lens is impossible for me, it asks me to move the camera on 600 point one by one to calibrate it (Prime AF lens on P6K) is this the normal procedure?  In that case, it has never been specified before nor in the manual."", ""userComment"": null}"
3843881,3843816,1,CDA_Tek,yes,"The R1 keys perform different functions depending on time pressed (see Page 18 for details). On the P4K/6K when you are in command mode,it will perform camera functions when Joy L and Joy R are long pressed. Full details of supported functions are on Page 35 and setup of them is in SETUP>MAINTENANCE>BUTTON ASSIGNMENT. A default for the Joy L is the REC function which explains why you are seeing it activate on long presses of the stick. In that menu you can change it for another function.",2021-04-15T17:25:11Z,https://www.indiegogo.com//projects/afx-autofocus-adapter#/,"{""authorID"": 22423672, ""authorType"": 1, ""children"": null, ""childrenTotalCount"": 0, ""commentID"": 3843881, ""commentThreadID"": 220961, ""createdAt"": ""2021-04-15T17:25:11Z"", ""editedAt"": null, ""isDeleted"": false, ""isHidden"": false, ""isReportedByCreator"": false, ""likesCount"": 0, ""newerChildrenCount"": 0, ""newRepliesCount"": 0, ""parentID"": 3843816, ""pinnedAt"": null, ""text"": ""The R1 keys perform different functions depending on time pressed (see Page 18 for details). On the P4K/6K when you are in command mode,it will perform camera functions when Joy L and Joy R are long pressed. Full details of supported functions are on Page 35 and setup of them is in SETUP>MAINTENANCE>BUTTON ASSIGNMENT. A default for the Joy L is the REC function which explains why you are seeing it activate on long presses of the stick. In that menu you can change it for another function."", ""userComment"": null}"
3843882,3843816,1,CDA_Tek,yes,"To recap over the calibration, for the P6K only there are two phases. The first is the Profiling phase  where it ramps the lens from one end to the other in order to calculate the number of steps the lens is capable of. This is dependent on the lens and can range from as few as 30 steps to over 650. All you have to do in this phase as it is automatically incrementing the lens is to press B on the AFX when it reaches the end of travel.",2021-04-15T17:29:11Z,https://www.indiegogo.com//projects/afx-autofocus-adapter#/,"{""authorID"": 22423672, ""authorType"": 1, ""children"": null, ""childrenTotalCount"": 0, ""commentID"": 3843882, ""commentThreadID"": 220961, ""createdAt"": ""2021-04-15T17:29:11Z"", ""editedAt"": null, ""isDeleted"": false, ""isHidden"": false, ""isReportedByCreator"": false, ""likesCount"": 0, ""newerChildrenCount"": 0, ""newRepliesCount"": 0, ""parentID"": 3843816, ""pinnedAt"": null, ""text"": ""To recap over the calibration, for the P6K only there are two phases. The first is the Profiling phase  where it ramps the lens from one end to the other in order to calculate the number of steps the lens is capable of. This is dependent on the lens and can range from as few as 30 steps to over 650. All you have to do in this phase as it is automatically incrementing the lens is to press B on the AFX when it reaches the end of travel."", ""userComment"": null}"
3843883,3843816,1,CDA_Tek,yes,"Once this is done,you are then moved to the standard calibration process (Page 12 onwards) that all camera types use.It is in this phase that all lenses are then calibrated at 50 different positions.The Profiling phase is unique to the P6K due to the way lenses are controlled on that camera and the AFX uses that figure to create the 50 points for the calibration process proper. As this page is not an easy way to do tech support can you please mail us at admin@cdatek.com to continue. Thanks",2021-04-15T17:34:09Z,https://www.indiegogo.com//projects/afx-autofocus-adapter#/,"{""authorID"": 22423672, ""authorType"": 1, ""children"": null, ""childrenTotalCount"": 0, ""commentID"": 3843883, ""commentThreadID"": 220961, ""createdAt"": ""2021-04-15T17:34:09Z"", ""editedAt"": null, ""isDeleted"": false, ""isHidden"": false, ""isReportedByCreator"": false, ""likesCount"": 0, ""newerChildrenCount"": 0, ""newRepliesCount"": 0, ""parentID"": 3843816, ""pinnedAt"": null, ""text"": ""Once this is done,you are then moved to the standard calibration process (Page 12 onwards) that all camera types use.It is in this phase that all lenses are then calibrated at 50 different positions.The Profiling phase is unique to the P6K due to the way lenses are controlled on that camera and the AFX uses that figure to create the 50 points for the calibration process proper.\nAs this page is not an easy way to do tech support can you please mail us at admin@cdatek.com to continue. Thanks"", ""userComment"": null}"
3843880,3843816,1,DISANT_Valentin,no,"The controller is recognized and works fine for a few seconds, 1 minute maybe then the button commands change randomly, left joystick launch record for example. For the lens it requires over 50 steps to the nearest point to the most distant.",2021-04-15T16:53:48Z,https://www.indiegogo.com//projects/afx-autofocus-adapter#/,"{""authorID"": 24682623, ""authorType"": 0, ""children"": [], ""childrenTotalCount"": 0, ""commentID"": 3843880, ""commentThreadID"": 220961, ""createdAt"": ""2021-04-15T16:53:48Z"", ""editedAt"": null, ""isDeleted"": false, ""isHidden"": false, ""isReportedByCreator"": false, ""likesCount"": 0, ""newerChildrenCount"": 0, ""newRepliesCount"": 0, ""parentID"": 3843816, ""pinnedAt"": null, ""text"": ""The controller is recognized and works fine for a few seconds, 1 minute maybe then the button commands change randomly, left joystick launch record for example. For the lens it requires over 50 steps to the nearest point to the most distant."", ""userComment"": null}"
3843878,3843816,1,CDA_Tek,yes,"Hi Please ensure that you have pressed the Mode button and the C button on the R1 simultaneously after boot to enable it correctly for the AFX For P6K,please see Page 11 of the User Guide.Before the main calibration starts the lens begins a profile procedure (P6K Only) to determine its resolution. This begins automatically but you must press B on the AFX unit when the lens reaches the end of its travel. This will then move you to the main calibration process, which has 50 steps. Thanks",2021-04-15T16:38:00Z,https://www.indiegogo.com//projects/afx-autofocus-adapter#/,"{""authorID"": 22423672, ""authorType"": 1, ""children"": [], ""childrenTotalCount"": 0, ""commentID"": 3843878, ""commentThreadID"": 220961, ""createdAt"": ""2021-04-15T16:38:00Z"", ""editedAt"": null, ""isDeleted"": false, ""isHidden"": false, ""isReportedByCreator"": false, ""likesCount"": 0, ""newerChildrenCount"": 0, ""newRepliesCount"": 0, ""parentID"": 3843816, ""pinnedAt"": null, ""text"": ""Hi\nPlease ensure that you have pressed the Mode button and the C button on the R1 simultaneously after boot to enable it correctly for the AFX\nFor P6K,please see Page 11 of the User Guide.Before the main calibration starts the lens begins a profile procedure (P6K Only) to determine its resolution. This begins automatically but you must press B on the AFX unit when the lens reaches the end of its travel. This will then move you to the main calibration process, which has 50 steps.\nThanks"", ""userComment"": null}"
3843815,,0,Antonio_Barrientos,no,I have not received my shiping track number yet.,2021-04-15T14:17:30Z,https://www.indiegogo.com//projects/afx-autofocus-adapter#/,"{""authorID"": 24107013, ""authorType"": 0, ""children"": [{""authorID"": 22423672, ""authorType"": 1, ""children"": null, ""childrenTotalCount"": 0, ""commentID"": 3843879, ""commentThreadID"": 220961, ""createdAt"": ""2021-04-15T16:39:19Z"", ""editedAt"": null, ""isDeleted"": false, ""isHidden"": false, ""isReportedByCreator"": false, ""likesCount"": 0, ""newerChildrenCount"": 0, ""newRepliesCount"": 0, ""parentID"": 3843815, ""pinnedAt"": null, ""text"": ""Hi. \nUnits for your region are scheduled to ship tomorrow Antonio and you will receive your tracking number then. Thanks\n"", ""userComment"": null}], ""childrenTotalCount"": 1, ""commentID"": 3843815, ""commentThreadID"": 220961, ""createdAt"": ""2021-04-15T14:17:30Z"", ""editedAt"": ""2021-04-15T14:17:30Z"", ""isDeleted"": false, ""isHidden"": false, ""isReportedByCreator"": false, ""likesCount"": 0, ""newerChildrenCount"": 0, ""newRepliesCount"": 0, ""parentID"": null, ""pinnedAt"": null, ""text"": ""I have not received my shiping track number yet."", ""userComment"": null}"
3843879,3843815,1,CDA_Tek,yes,Hi.  Units for your region are scheduled to ship tomorrow Antonio and you will receive your tracking number then. Thanks ,2021-04-15T16:39:19Z,https://www.indiegogo.com//projects/afx-autofocus-adapter#/,"{""authorID"": 22423672, ""authorType"": 1, ""children"": null, ""childrenTotalCount"": 0, ""commentID"": 3843879, ""commentThreadID"": 220961, ""createdAt"": ""2021-04-15T16:39:19Z"", ""editedAt"": null, ""isDeleted"": false, ""isHidden"": false, ""isReportedByCreator"": false, ""likesCount"": 0, ""newerChildrenCount"": 0, ""newRepliesCount"": 0, ""parentID"": 3843815, ""pinnedAt"": null, ""text"": ""Hi. \nUnits for your region are scheduled to ship tomorrow Antonio and you will receive your tracking number then. Thanks\n"", ""userComment"": null}"
3843814,,0,Joseph_Moore_6e45,no,"Received my unit today. R1 unit appears to be broken (Upper trigger won't press.) Besides that, nothing happens when I try to use it to do a calibration. Terrible out of the box experience. How do we get support?",2021-04-15T01:23:54Z,https://www.indiegogo.com//projects/afx-autofocus-adapter#/,"{""authorID"": 7043406, ""authorType"": 0, ""children"": [{""authorID"": 22423672, ""authorType"": 1, ""children"": null, ""childrenTotalCount"": 0, ""commentID"": 3843877, ""commentThreadID"": 220961, ""createdAt"": ""2021-04-15T06:57:31Z"", ""editedAt"": null, ""isDeleted"": false, ""isHidden"": false, ""isReportedByCreator"": false, ""likesCount"": 0, ""newerChildrenCount"": 0, ""newRepliesCount"": 0, ""parentID"": 3843814, ""pinnedAt"": null, ""text"": ""Hi Joseph\nBased on this description and the additional details in your email to us, it sounds like you have not initialised the R1 after boot.\nAs per the User Guide, this is done by pressing the MODE button on the side of the R1 whilst pressing the C button on it at the same time, at which point it should flash once.\nCan you please confirm that you still have the same issue after doing this initialisation by posting here or  contacting us again at admin@cdatek.com.\nThanks"", ""userComment"": null}], ""childrenTotalCount"": 1, ""commentID"": 3843814, ""commentThreadID"": 220961, ""createdAt"": ""2021-04-15T01:23:54Z"", ""editedAt"": ""2021-04-15T01:23:54Z"", ""isDeleted"": false, ""isHidden"": false, ""isReportedByCreator"": false, ""likesCount"": 0, ""newerChildrenCount"": 0, ""newRepliesCount"": 0, ""parentID"": null, ""pinnedAt"": null, ""text"": ""Received my unit today. R1 unit appears to be broken (Upper trigger won't press.) Besides that, nothing happens when I try to use it to do a calibration. Terrible out of the box experience. How do we get support?"", ""userComment"": null}"
3843877,3843814,1,CDA_Tek,yes,"Hi Joseph Based on this description and the additional details in your email to us, it sounds like you have not initialised the R1 after boot. As per the User Guide, this is done by pressing the MODE button on the side of the R1 whilst pressing the C button on it at the same time, at which point it should flash once. Can you please confirm that you still have the same issue after doing this initialisation by posting here or  contacting us again at admin@cdatek.com. Thanks",2021-04-15T06:57:31Z,https://www.indiegogo.com//projects/afx-autofocus-adapter#/,"{""authorID"": 22423672, ""authorType"": 1, ""children"": null, ""childrenTotalCount"": 0, ""commentID"": 3843877, ""commentThreadID"": 220961, ""createdAt"": ""2021-04-15T06:57:31Z"", ""editedAt"": null, ""isDeleted"": false, ""isHidden"": false, ""isReportedByCreator"": false, ""likesCount"": 0, ""newerChildrenCount"": 0, ""newRepliesCount"": 0, ""parentID"": 3843814, ""pinnedAt"": null, ""text"": ""Hi Joseph\nBased on this description and the additional details in your email to us, it sounds like you have not initialised the R1 after boot.\nAs per the User Guide, this is done by pressing the MODE button on the side of the R1 whilst pressing the C button on it at the same time, at which point it should flash once.\nCan you please confirm that you still have the same issue after doing this initialisation by posting here or  contacting us again at admin@cdatek.com.\nThanks"", ""userComment"": null}"
3843813,,0,Nathan_Woods_8abc,no,"I'm really looking forward to this and understand how it can take longer, especially with COVID, so no worries. Thank you so much for all the hard work and a really neat product. Keep it up : D Have a good day.",2021-03-26T00:56:43Z,https://www.indiegogo.com//projects/afx-autofocus-adapter#/,"{""authorID"": 15742299, ""authorType"": 0, ""children"": [], ""childrenTotalCount"": 0, ""commentID"": 3843813, ""commentThreadID"": 220961, ""createdAt"": ""2021-03-26T00:56:43Z"", ""editedAt"": ""2021-03-26T00:56:43Z"", ""isDeleted"": false, ""isHidden"": false, ""isReportedByCreator"": false, ""likesCount"": 3, ""newerChildrenCount"": 0, ""newRepliesCount"": 0, ""parentID"": null, ""pinnedAt"": null, ""text"": ""I'm really looking forward to this and understand how it can take longer, especially with COVID, so no worries. Thank you so much for all the hard work and a really neat product. Keep it up : D Have a good day."", ""userComment"": null}"
3843812,,0,Ian_Pena,no,Is it true we are getting overnight shipping because of the three month delay?,2021-03-24T16:36:37Z,https://www.indiegogo.com//projects/afx-autofocus-adapter#/,"{""authorID"": 24683026, ""authorType"": 0, ""children"": [], ""childrenTotalCount"": 0, ""commentID"": 3843812, ""commentThreadID"": 220961, ""createdAt"": ""2021-03-24T16:36:37Z"", ""editedAt"": ""2021-03-24T16:36:37Z"", ""isDeleted"": false, ""isHidden"": false, ""isReportedByCreator"": false, ""likesCount"": 2, ""newerChildrenCount"": 0, ""newRepliesCount"": 0, ""parentID"": null, ""pinnedAt"": null, ""text"": ""Is it true we are getting overnight shipping because of the three month delay?"", ""userComment"": null}"
3843811,,0,BEST_Pictures,no,Do you have some good news for us? Shipping updates etc.? That'll be fantastic...,2021-02-26T13:04:32Z,https://www.indiegogo.com//projects/afx-autofocus-adapter#/,"{""authorID"": 24840213, ""authorType"": 0, ""children"": [], ""childrenTotalCount"": 0, ""commentID"": 3843811, ""commentThreadID"": 220961, ""createdAt"": ""2021-02-26T13:04:32Z"", ""editedAt"": ""2021-02-26T13:04:32Z"", ""isDeleted"": false, ""isHidden"": false, ""isReportedByCreator"": false, ""likesCount"": 5, ""newerChildrenCount"": 0, ""newRepliesCount"": 0, ""parentID"": null, ""pinnedAt"": null, ""text"": ""Do you have some good news for us? Shipping updates etc.? That'll be fantastic..."", ""userComment"": null}"
3843810,,0,George_Nathanson,no,Shipping updates???,2021-02-21T18:21:10Z,https://www.indiegogo.com//projects/afx-autofocus-adapter#/,"{""authorID"": 1061087, ""authorType"": 0, ""children"": [], ""childrenTotalCount"": 0, ""commentID"": 3843810, ""commentThreadID"": 220961, ""createdAt"": ""2021-02-21T18:21:10Z"", ""editedAt"": ""2021-02-21T18:21:10Z"", ""isDeleted"": false, ""isHidden"": false, ""isReportedByCreator"": false, ""likesCount"": 7, ""newerChildrenCount"": 0, ""newRepliesCount"": 0, ""parentID"": null, ""pinnedAt"": null, ""text"": ""Shipping updates???"", ""userComment"": null}"
3843809,,0,Liz_Calingasan,no,When will wave 4 be released please?,2021-02-12T00:12:55Z,https://www.indiegogo.com//projects/afx-autofocus-adapter#/,"{""authorID"": 25611087, ""authorType"": 0, ""children"": [{""authorID"": 22423672, ""authorType"": 1, ""children"": null, ""childrenTotalCount"": 0, ""commentID"": 3843876, ""commentThreadID"": 220961, ""createdAt"": ""2021-02-15T10:26:27Z"", ""editedAt"": null, ""isDeleted"": false, ""isHidden"": false, ""isReportedByCreator"": false, ""likesCount"": 0, ""newerChildrenCount"": 0, ""newRepliesCount"": 0, ""parentID"": 3843809, ""pinnedAt"": null, ""text"": ""HI\nWhen the current AFXs have been despatched there will be another Wave opened up. "", ""userComment"": null}], ""childrenTotalCount"": 1, ""commentID"": 3843809, ""commentThreadID"": 220961, ""createdAt"": ""2021-02-12T00:12:55Z"", ""editedAt"": ""2021-02-12T00:12:55Z"", ""isDeleted"": false, ""isHidden"": false, ""isReportedByCreator"": false, ""likesCount"": 5, ""newerChildrenCount"": 0, ""newRepliesCount"": 0, ""parentID"": null, ""pinnedAt"": null, ""text"": ""When will wave 4 be released please?"", ""userComment"": null}"
3843876,3843809,1,CDA_Tek,yes,HI When the current AFXs have been despatched there will be another Wave opened up. ,2021-02-15T10:26:27Z,https://www.indiegogo.com//projects/afx-autofocus-adapter#/,"{""authorID"": 22423672, ""authorType"": 1, ""children"": null, ""childrenTotalCount"": 0, ""commentID"": 3843876, ""commentThreadID"": 220961, ""createdAt"": ""2021-02-15T10:26:27Z"", ""editedAt"": null, ""isDeleted"": false, ""isHidden"": false, ""isReportedByCreator"": false, ""likesCount"": 0, ""newerChildrenCount"": 0, ""newRepliesCount"": 0, ""parentID"": 3843809, ""pinnedAt"": null, ""text"": ""HI\nWhen the current AFXs have been despatched there will be another Wave opened up. "", ""userComment"": null}"
3843808,,0,Salah_Hamed,no,Are you guys considering a wave 4?,2021-02-11T12:27:53Z,https://www.indiegogo.com//projects/afx-autofocus-adapter#/,"{""authorID"": 23944783, ""authorType"": 0, ""children"": [{""authorID"": 22423672, ""authorType"": 1, ""children"": null, ""childrenTotalCount"": 0, ""commentID"": 3843875, ""commentThreadID"": 220961, ""createdAt"": ""2021-02-15T10:26:13Z"", ""editedAt"": null, ""isDeleted"": false, ""isHidden"": false, ""isReportedByCreator"": false, ""likesCount"": 0, ""newerChildrenCount"": 0, ""newRepliesCount"": 0, ""parentID"": 3843808, ""pinnedAt"": null, ""text"": ""HI\nYes, when the current AFXs have been despatched there will be another Wave opened up. "", ""userComment"": null}], ""childrenTotalCount"": 1, ""commentID"": 3843808, ""commentThreadID"": 220961, ""createdAt"": ""2021-02-11T12:27:53Z"", ""editedAt"": ""2021-02-11T12:27:53Z"", ""isDeleted"": false, ""isHidden"": false, ""isReportedByCreator"": false, ""likesCount"": 3, ""newerChildrenCount"": 0, ""newRepliesCount"": 0, ""parentID"": null, ""pinnedAt"": null, ""text"": ""Are you guys considering a wave 4?"", ""userComment"": null}"
3843875,3843808,1,CDA_Tek,yes,"HI Yes, when the current AFXs have been despatched there will be another Wave opened up. ",2021-02-15T10:26:13Z,https://www.indiegogo.com//projects/afx-autofocus-adapter#/,"{""authorID"": 22423672, ""authorType"": 1, ""children"": null, ""childrenTotalCount"": 0, ""commentID"": 3843875, ""commentThreadID"": 220961, ""createdAt"": ""2021-02-15T10:26:13Z"", ""editedAt"": null, ""isDeleted"": false, ""isHidden"": false, ""isReportedByCreator"": false, ""likesCount"": 0, ""newerChildrenCount"": 0, ""newRepliesCount"": 0, ""parentID"": 3843808, ""pinnedAt"": null, ""text"": ""HI\nYes, when the current AFXs have been despatched there will be another Wave opened up. "", ""userComment"": null}"
3843807,,0,Eung_Kim,no,"Out of curiosity, is the campaign still on track to deliver the product in January or did COVID interfere with that projection?",2021-01-15T06:20:51Z,https://www.indiegogo.com//projects/afx-autofocus-adapter#/,"{""authorID"": 23752183, ""authorType"": 0, ""children"": [], ""childrenTotalCount"": 0, ""commentID"": 3843807, ""commentThreadID"": 220961, ""createdAt"": ""2021-01-15T06:20:51Z"", ""editedAt"": ""2021-01-15T06:20:51Z"", ""isDeleted"": false, ""isHidden"": false, ""isReportedByCreator"": false, ""likesCount"": 2, ""newerChildrenCount"": 0, ""newRepliesCount"": 0, ""parentID"": null, ""pinnedAt"": null, ""text"": ""Out of curiosity, is the campaign still on track to deliver the product in January or did COVID interfere with that projection?"", ""userComment"": null}"
3843806,,0,Eung_Kim,no,"@Best Pictures,  I can attest the Nucleus N motors have no issues whatsoever with the Sigma 18-35 Art, the 50mm or 35mm Sirui Anamorphic lenses.  It's even strong enough to handle my DZO Film 20-70mm zoom, which is as cinema damp as focus gears pretty much get.",2020-12-15T18:59:21Z,https://www.indiegogo.com//projects/afx-autofocus-adapter#/,"{""authorID"": 23752183, ""authorType"": 0, ""children"": [], ""childrenTotalCount"": 0, ""commentID"": 3843806, ""commentThreadID"": 220961, ""createdAt"": ""2020-12-15T18:59:21Z"", ""editedAt"": ""2020-12-15T18:59:21Z"", ""isDeleted"": false, ""isHidden"": false, ""isReportedByCreator"": false, ""likesCount"": 3, ""newerChildrenCount"": 0, ""newRepliesCount"": 0, ""parentID"": null, ""pinnedAt"": null, ""text"": ""@Best Pictures,  I can attest the Nucleus N motors have no issues whatsoever with the Sigma 18-35 Art, the 50mm or 35mm Sirui Anamorphic lenses.  It's even strong enough to handle my DZO Film 20-70mm zoom, which is as cinema damp as focus gears pretty much get."", ""userComment"": null}"
3843805,,0,BEST_Pictures,no,Happy to find you and this product. Can't wait to get it for our two BMPCC4k. Do you think the Tilta Nucleus N is strong enough for the Sigma 18-35 mm Art and the Sirui Anamorphics? Wish you lot's of success!!! Looking forward... All the BEST! :-),2020-12-14T14:30:16Z,https://www.indiegogo.com//projects/afx-autofocus-adapter#/,"{""authorID"": 24840213, ""authorType"": 0, ""children"": [{""authorID"": 22423672, ""authorType"": 1, ""children"": null, ""childrenTotalCount"": 0, ""commentID"": 3843874, ""commentThreadID"": 220961, ""createdAt"": ""2020-12-14T16:16:30Z"", ""editedAt"": null, ""isDeleted"": false, ""isHidden"": false, ""isReportedByCreator"": false, ""likesCount"": 0, ""newerChildrenCount"": 0, ""newRepliesCount"": 0, ""parentID"": 3843805, ""pinnedAt"": null, ""text"": ""Hi\nThank you for your support of the AFX.\nThe N motor has enough torque to run the 18-35mm and of course, if you are using the EF mount version, you can also run it motor&wire free over BLE directly with the AFX and the P4K if you have a Metabones smart adapter.\nWe don't have a Sirui to confirm but its worth bearing in mind that although the N motor can run from 5v it is also able to be run on up to 14.8v which boosts the torque quite considerably in the event of an issue driving it,\nThanks"", ""userComment"": null}], ""childrenTotalCount"": 1, ""commentID"": 3843805, ""commentThreadID"": 220961, ""createdAt"": ""2020-12-14T14:30:16Z"", ""editedAt"": ""2020-12-14T14:30:16Z"", ""isDeleted"": false, ""isHidden"": false, ""isReportedByCreator"": false, ""likesCount"": 1, ""newerChildrenCount"": 0, ""newRepliesCount"": 0, ""parentID"": null, ""pinnedAt"": null, ""text"": ""Happy to find you and this product. Can't wait to get it for our two BMPCC4k. Do you think the Tilta Nucleus N is strong enough for the Sigma 18-35 mm Art and the Sirui Anamorphics? Wish you lot's of success!!! Looking forward... All the BEST! :-)"", ""userComment"": null}"
3843874,3843805,1,CDA_Tek,yes,"Hi Thank you for your support of the AFX. The N motor has enough torque to run the 18-35mm and of course, if you are using the EF mount version, you can also run it motor&wire free over BLE directly with the AFX and the P4K if you have a Metabones smart adapter. We don't have a Sirui to confirm but its worth bearing in mind that although the N motor can run from 5v it is also able to be run on up to 14.8v which boosts the torque quite considerably in the event of an issue driving it, Thanks",2020-12-14T16:16:30Z,https://www.indiegogo.com//projects/afx-autofocus-adapter#/,"{""authorID"": 22423672, ""authorType"": 1, ""children"": null, ""childrenTotalCount"": 0, ""commentID"": 3843874, ""commentThreadID"": 220961, ""createdAt"": ""2020-12-14T16:16:30Z"", ""editedAt"": null, ""isDeleted"": false, ""isHidden"": false, ""isReportedByCreator"": false, ""likesCount"": 0, ""newerChildrenCount"": 0, ""newRepliesCount"": 0, ""parentID"": 3843805, ""pinnedAt"": null, ""text"": ""Hi\nThank you for your support of the AFX.\nThe N motor has enough torque to run the 18-35mm and of course, if you are using the EF mount version, you can also run it motor&wire free over BLE directly with the AFX and the P4K if you have a Metabones smart adapter.\nWe don't have a Sirui to confirm but its worth bearing in mind that although the N motor can run from 5v it is also able to be run on up to 14.8v which boosts the torque quite considerably in the event of an issue driving it,\nThanks"", ""userComment"": null}"
3843804,,0,Chris_Gosling,no,"Posted this on the eoshd forum, but for some reason the post still hasn’t been approved. 1) How does this work with zoom lenses that are not parfocal? 2) What about usage with ""focus by wire"" lenses - example Olympus 12-40 Zuiko? Do you use it in the hard-stops mode or with the ""clutch"" disengaged? (and this is also not a parfocal lens).",2020-11-24T11:09:03Z,https://www.indiegogo.com//projects/afx-autofocus-adapter#/,"{""authorID"": 18487249, ""authorType"": 0, ""children"": [{""authorID"": 18487249, ""authorType"": 0, ""children"": null, ""childrenTotalCount"": 0, ""commentID"": 3843871, ""commentThreadID"": 220961, ""createdAt"": ""2020-11-24T12:10:17Z"", ""editedAt"": null, ""isDeleted"": false, ""isHidden"": false, ""isReportedByCreator"": false, ""likesCount"": 0, ""newerChildrenCount"": 0, ""newRepliesCount"": 0, ""parentID"": 3843804, ""pinnedAt"": null, ""text"": ""Thanks - and the eoshd comment was just so you weren't answering the same question twice ;-)\n\nAlso, do I understand correctly, that I can have 2 calibrations for the same lens - i.e. one for side mount (gimbal) and one for top mount (tripod)?"", ""userComment"": null}, {""authorID"": 22423672, ""authorType"": 1, ""children"": null, ""childrenTotalCount"": 0, ""commentID"": 3843872, ""commentThreadID"": 220961, ""createdAt"": ""2020-11-24T12:50:24Z"", ""editedAt"": null, ""isDeleted"": false, ""isHidden"": false, ""isReportedByCreator"": false, ""likesCount"": 0, ""newerChildrenCount"": 0, ""newRepliesCount"": 0, ""parentID"": 3843804, ""pinnedAt"": null, ""text"": ""Yes, you can have multiple calibrations for the same lens.\nFor P4K/6K the primary one is loaded automatically on startup or lens change but you can select the alternate one from the setup menu."", ""userComment"": null}, {""authorID"": 18487249, ""authorType"": 0, ""children"": null, ""childrenTotalCount"": 0, ""commentID"": 3843873, ""commentThreadID"": 220961, ""createdAt"": ""2020-11-24T12:51:31Z"", ""editedAt"": null, ""isDeleted"": false, ""isHidden"": false, ""isReportedByCreator"": false, ""likesCount"": 0, ""newerChildrenCount"": 0, ""newRepliesCount"": 0, ""parentID"": 3843804, ""pinnedAt"": null, ""text"": ""Perfect - looking forward to it :-)"", ""userComment"": null}], ""childrenTotalCount"": 4, ""commentID"": 3843804, ""commentThreadID"": 220961, ""createdAt"": ""2020-11-24T11:09:03Z"", ""editedAt"": ""2020-11-24T11:09:03Z"", ""isDeleted"": false, ""isHidden"": false, ""isReportedByCreator"": false, ""likesCount"": 0, ""newerChildrenCount"": 0, ""newRepliesCount"": 0, ""parentID"": null, ""pinnedAt"": null, ""text"": ""Posted this on the eoshd forum, but for some reason the post still hasn’t been approved.\n1) How does this work with zoom lenses that are not parfocal?\n2) What about usage with \""focus by wire\"" lenses - example Olympus 12-40 Zuiko? Do you use it in the hard-stops mode or with the \""clutch\"" disengaged? (and this is also not a parfocal lens)."", ""userComment"": null}"
3843871,3843804,1,Chris_Gosling,no,"Thanks - and the eoshd comment was just so you weren't answering the same question twice ;-)  Also, do I understand correctly, that I can have 2 calibrations for the same lens - i.e. one for side mount (gimbal) and one for top mount (tripod)?",2020-11-24T12:10:17Z,https://www.indiegogo.com//projects/afx-autofocus-adapter#/,"{""authorID"": 18487249, ""authorType"": 0, ""children"": null, ""childrenTotalCount"": 0, ""commentID"": 3843871, ""commentThreadID"": 220961, ""createdAt"": ""2020-11-24T12:10:17Z"", ""editedAt"": null, ""isDeleted"": false, ""isHidden"": false, ""isReportedByCreator"": false, ""likesCount"": 0, ""newerChildrenCount"": 0, ""newRepliesCount"": 0, ""parentID"": 3843804, ""pinnedAt"": null, ""text"": ""Thanks - and the eoshd comment was just so you weren't answering the same question twice ;-)\n\nAlso, do I understand correctly, that I can have 2 calibrations for the same lens - i.e. one for side mount (gimbal) and one for top mount (tripod)?"", ""userComment"": null}"
3843872,3843804,1,CDA_Tek,yes,"Yes, you can have multiple calibrations for the same lens. For P4K/6K the primary one is loaded automatically on startup or lens change but you can select the alternate one from the setup menu.",2020-11-24T12:50:24Z,https://www.indiegogo.com//projects/afx-autofocus-adapter#/,"{""authorID"": 22423672, ""authorType"": 1, ""children"": null, ""childrenTotalCount"": 0, ""commentID"": 3843872, ""commentThreadID"": 220961, ""createdAt"": ""2020-11-24T12:50:24Z"", ""editedAt"": null, ""isDeleted"": false, ""isHidden"": false, ""isReportedByCreator"": false, ""likesCount"": 0, ""newerChildrenCount"": 0, ""newRepliesCount"": 0, ""parentID"": 3843804, ""pinnedAt"": null, ""text"": ""Yes, you can have multiple calibrations for the same lens.\nFor P4K/6K the primary one is loaded automatically on startup or lens change but you can select the alternate one from the setup menu."", ""userComment"": null}"
3843873,3843804,1,Chris_Gosling,no,Perfect - looking forward to it :-),2020-11-24T12:51:31Z,https://www.indiegogo.com//projects/afx-autofocus-adapter#/,"{""authorID"": 18487249, ""authorType"": 0, ""children"": null, ""childrenTotalCount"": 0, ""commentID"": 3843873, ""commentThreadID"": 220961, ""createdAt"": ""2020-11-24T12:51:31Z"", ""editedAt"": null, ""isDeleted"": false, ""isHidden"": false, ""isReportedByCreator"": false, ""likesCount"": 0, ""newerChildrenCount"": 0, ""newRepliesCount"": 0, ""parentID"": 3843804, ""pinnedAt"": null, ""text"": ""Perfect - looking forward to it :-)"", ""userComment"": null}"
3843870,3843804,1,CDA_Tek,yes,"Hi Chris  Thank you for supporting AFX.   As far as we understand, all first time posts on EOSHD are subject to approval but we can't comment on the period of time that takes.   For zoom lenses, the calibration process is performed at multiple focal lengths. With P4K/6K it then switches calibrations in operation when the focal length is changed.   The 12-40 etc are operated without the clutch engaged.  Thanks",2020-11-24T11:27:27Z,https://www.indiegogo.com//projects/afx-autofocus-adapter#/,"{""authorID"": 22423672, ""authorType"": 1, ""children"": [], ""childrenTotalCount"": 0, ""commentID"": 3843870, ""commentThreadID"": 220961, ""createdAt"": ""2020-11-24T11:27:27Z"", ""editedAt"": null, ""isDeleted"": false, ""isHidden"": false, ""isReportedByCreator"": false, ""likesCount"": 0, ""newerChildrenCount"": 0, ""newRepliesCount"": 0, ""parentID"": 3843804, ""pinnedAt"": null, ""text"": ""Hi Chris\n\nThank you for supporting AFX. \n\nAs far as we understand, all first time posts on EOSHD are subject to approval but we can't comment on the period of time that takes. \n\nFor zoom lenses, the calibration process is performed at multiple focal lengths. With P4K/6K it then switches calibrations in operation when the focal length is changed. \n\nThe 12-40 etc are operated without the clutch engaged.\n\nThanks"", ""userComment"": null}"
3843803,,0,M_Aoki,no,hi  Is the AFX motor can connect nucleus nano motor? or do u need MMX Multi Motor Expander?,2020-11-20T03:48:35Z,https://www.indiegogo.com//projects/afx-autofocus-adapter#/,"{""authorID"": 24816131, ""authorType"": 0, ""children"": [{""authorID"": 24816131, ""authorType"": 0, ""children"": null, ""childrenTotalCount"": 0, ""commentID"": 3843867, ""commentThreadID"": 220961, ""createdAt"": ""2020-11-20T11:07:41Z"", ""editedAt"": null, ""isDeleted"": false, ""isHidden"": false, ""isReportedByCreator"": false, ""likesCount"": 0, ""newerChildrenCount"": 0, ""newRepliesCount"": 0, ""parentID"": 3843803, ""pinnedAt"": null, ""text"": ""ok if only need one nano motor to connect from AFX, it works without MMX, correct? "", ""userComment"": null}, {""authorID"": 22423672, ""authorType"": 1, ""children"": null, ""childrenTotalCount"": 0, ""commentID"": 3843868, ""commentThreadID"": 220961, ""createdAt"": ""2020-11-20T11:16:40Z"", ""editedAt"": null, ""isDeleted"": false, ""isHidden"": false, ""isReportedByCreator"": false, ""likesCount"": 0, ""newerChildrenCount"": 0, ""newRepliesCount"": 0, ""parentID"": 3843803, ""pinnedAt"": null, ""text"": ""Yes, that is correct."", ""userComment"": null}, {""authorID"": 24816131, ""authorType"": 0, ""children"": null, ""childrenTotalCount"": 0, ""commentID"": 3843869, ""commentThreadID"": 220961, ""createdAt"": ""2020-11-20T11:24:51Z"", ""editedAt"": null, ""isDeleted"": false, ""isHidden"": false, ""isReportedByCreator"": false, ""likesCount"": 0, ""newerChildrenCount"": 0, ""newRepliesCount"": 0, ""parentID"": 3843803, ""pinnedAt"": null, ""text"": ""ok thank u "", ""userComment"": null}], ""childrenTotalCount"": 4, ""commentID"": 3843803, ""commentThreadID"": 220961, ""createdAt"": ""2020-11-20T03:48:35Z"", ""editedAt"": ""2020-11-20T03:48:35Z"", ""isDeleted"": false, ""isHidden"": false, ""isReportedByCreator"": false, ""likesCount"": 0, ""newerChildrenCount"": 0, ""newRepliesCount"": 0, ""parentID"": null, ""pinnedAt"": null, ""text"": ""hi \nIs the AFX motor can connect nucleus nano motor?\nor do u need MMX Multi Motor Expander?"", ""userComment"": null}"
3843867,3843803,1,M_Aoki,no,"ok if only need one nano motor to connect from AFX, it works without MMX, correct? ",2020-11-20T11:07:41Z,https://www.indiegogo.com//projects/afx-autofocus-adapter#/,"{""authorID"": 24816131, ""authorType"": 0, ""children"": null, ""childrenTotalCount"": 0, ""commentID"": 3843867, ""commentThreadID"": 220961, ""createdAt"": ""2020-11-20T11:07:41Z"", ""editedAt"": null, ""isDeleted"": false, ""isHidden"": false, ""isReportedByCreator"": false, ""likesCount"": 0, ""newerChildrenCount"": 0, ""newRepliesCount"": 0, ""parentID"": 3843803, ""pinnedAt"": null, ""text"": ""ok if only need one nano motor to connect from AFX, it works without MMX, correct? "", ""userComment"": null}"
3843868,3843803,1,CDA_Tek,yes,"Yes, that is correct.",2020-11-20T11:16:40Z,https://www.indiegogo.com//projects/afx-autofocus-adapter#/,"{""authorID"": 22423672, ""authorType"": 1, ""children"": null, ""childrenTotalCount"": 0, ""commentID"": 3843868, ""commentThreadID"": 220961, ""createdAt"": ""2020-11-20T11:16:40Z"", ""editedAt"": null, ""isDeleted"": false, ""isHidden"": false, ""isReportedByCreator"": false, ""likesCount"": 0, ""newerChildrenCount"": 0, ""newRepliesCount"": 0, ""parentID"": 3843803, ""pinnedAt"": null, ""text"": ""Yes, that is correct."", ""userComment"": null}"
3843869,3843803,1,M_Aoki,no,ok thank u ,2020-11-20T11:24:51Z,https://www.indiegogo.com//projects/afx-autofocus-adapter#/,"{""authorID"": 24816131, ""authorType"": 0, ""children"": null, ""childrenTotalCount"": 0, ""commentID"": 3843869, ""commentThreadID"": 220961, ""createdAt"": ""2020-11-20T11:24:51Z"", ""editedAt"": null, ""isDeleted"": false, ""isHidden"": false, ""isReportedByCreator"": false, ""likesCount"": 0, ""newerChildrenCount"": 0, ""newRepliesCount"": 0, ""parentID"": 3843803, ""pinnedAt"": null, ""text"": ""ok thank u "", ""userComment"": null}"
3843866,3843803,1,CDA_Tek,yes,Hi Thank you for your support of the AFX. If you only want to use one Nucleus N or one Nucleus M Motor then you do not need the MMX. The MMX is only required when you want to use more than one motor.,2020-11-20T07:58:26Z,https://www.indiegogo.com//projects/afx-autofocus-adapter#/,"{""authorID"": 22423672, ""authorType"": 1, ""children"": [], ""childrenTotalCount"": 0, ""commentID"": 3843866, ""commentThreadID"": 220961, ""createdAt"": ""2020-11-20T07:58:26Z"", ""editedAt"": null, ""isDeleted"": false, ""isHidden"": false, ""isReportedByCreator"": false, ""likesCount"": 0, ""newerChildrenCount"": 0, ""newRepliesCount"": 0, ""parentID"": 3843803, ""pinnedAt"": null, ""text"": ""Hi\nThank you for your support of the AFX.\nIf you only want to use one Nucleus N or one Nucleus M Motor then you do not need the MMX.\nThe MMX is only required when you want to use more than one motor."", ""userComment"": null}"
3843802,,0,Nate_Harrison_78a5,no,"This looks like it has a lot of potential. I am also attracted to this for anamorphic/scope use. Does the sensor have to be directly above the lens as shown, on the shoe mount? Could I mount the sensor another way, trying to keep it centered to the lens? I am using a cage on my camera (GH5S) with a monitor in the same spot, so trying to imagine configuration options. Cheers!",2020-11-15T13:23:03Z,https://www.indiegogo.com//projects/afx-autofocus-adapter#/,"{""authorID"": 24834602, ""authorType"": 0, ""children"": [{""authorID"": 22423672, ""authorType"": 1, ""children"": null, ""childrenTotalCount"": 0, ""commentID"": 3843863, ""commentThreadID"": 220961, ""createdAt"": ""2020-11-15T13:37:04Z"", ""editedAt"": null, ""isDeleted"": false, ""isHidden"": false, ""isReportedByCreator"": false, ""likesCount"": 0, ""newerChildrenCount"": 0, ""newRepliesCount"": 0, ""parentID"": 3843802, ""pinnedAt"": null, ""text"": ""Hi Nate\nThank you for supporting the AFX.\nYou are free to mount the AFX where you choose with the only proviso that you must adhere to the position it was in when you calibrated the lens.\nSo, for example, if when you originally calibrated the lens, you had the AFX on an arm 10cm ahead of the shoe mount on your GH5s then it must be in that position when you use it.\nHowever, if you do wish to move the AFX position then it is a simple case of making a new calibration with it in that position"", ""userComment"": null}, {""authorID"": 22423672, ""authorType"": 1, ""children"": null, ""childrenTotalCount"": 0, ""commentID"": 3843864, ""commentThreadID"": 220961, ""createdAt"": ""2020-11-15T13:38:35Z"", ""editedAt"": null, ""isDeleted"": false, ""isHidden"": false, ""isReportedByCreator"": false, ""likesCount"": 0, ""newerChildrenCount"": 0, ""newRepliesCount"": 0, ""parentID"": 3843802, ""pinnedAt"": null, ""text"": ""There is also nothing stopping you having two separate calibrations for the same lens with it in different positions so you would simply recall the relevant one from the database when using it.\n"", ""userComment"": null}, {""authorID"": 24834602, ""authorType"": 0, ""children"": null, ""childrenTotalCount"": 0, ""commentID"": 3843865, ""commentThreadID"": 220961, ""createdAt"": ""2020-11-16T14:03:23Z"", ""editedAt"": null, ""isDeleted"": false, ""isHidden"": false, ""isReportedByCreator"": false, ""likesCount"": 0, ""newerChildrenCount"": 0, ""newRepliesCount"": 0, ""parentID"": 3843802, ""pinnedAt"": null, ""text"": ""Thank you much for the clarification!"", ""userComment"": null}], ""childrenTotalCount"": 3, ""commentID"": 3843802, ""commentThreadID"": 220961, ""createdAt"": ""2020-11-15T13:23:03Z"", ""editedAt"": ""2020-11-15T13:23:03Z"", ""isDeleted"": false, ""isHidden"": false, ""isReportedByCreator"": false, ""likesCount"": 0, ""newerChildrenCount"": 0, ""newRepliesCount"": 0, ""parentID"": null, ""pinnedAt"": null, ""text"": ""This looks like it has a lot of potential. I am also attracted to this for anamorphic/scope use. Does the sensor have to be directly above the lens as shown, on the shoe mount? Could I mount the sensor another way, trying to keep it centered to the lens? I am using a cage on my camera (GH5S) with a monitor in the same spot, so trying to imagine configuration options. Cheers!"", ""userComment"": null}"
3843863,3843802,1,CDA_Tek,yes,"Hi Nate Thank you for supporting the AFX. You are free to mount the AFX where you choose with the only proviso that you must adhere to the position it was in when you calibrated the lens. So, for example, if when you originally calibrated the lens, you had the AFX on an arm 10cm ahead of the shoe mount on your GH5s then it must be in that position when you use it. However, if you do wish to move the AFX position then it is a simple case of making a new calibration with it in that position",2020-11-15T13:37:04Z,https://www.indiegogo.com//projects/afx-autofocus-adapter#/,"{""authorID"": 22423672, ""authorType"": 1, ""children"": null, ""childrenTotalCount"": 0, ""commentID"": 3843863, ""commentThreadID"": 220961, ""createdAt"": ""2020-11-15T13:37:04Z"", ""editedAt"": null, ""isDeleted"": false, ""isHidden"": false, ""isReportedByCreator"": false, ""likesCount"": 0, ""newerChildrenCount"": 0, ""newRepliesCount"": 0, ""parentID"": 3843802, ""pinnedAt"": null, ""text"": ""Hi Nate\nThank you for supporting the AFX.\nYou are free to mount the AFX where you choose with the only proviso that you must adhere to the position it was in when you calibrated the lens.\nSo, for example, if when you originally calibrated the lens, you had the AFX on an arm 10cm ahead of the shoe mount on your GH5s then it must be in that position when you use it.\nHowever, if you do wish to move the AFX position then it is a simple case of making a new calibration with it in that position"", ""userComment"": null}"
3843864,3843802,1,CDA_Tek,yes,There is also nothing stopping you having two separate calibrations for the same lens with it in different positions so you would simply recall the relevant one from the database when using it. ,2020-11-15T13:38:35Z,https://www.indiegogo.com//projects/afx-autofocus-adapter#/,"{""authorID"": 22423672, ""authorType"": 1, ""children"": null, ""childrenTotalCount"": 0, ""commentID"": 3843864, ""commentThreadID"": 220961, ""createdAt"": ""2020-11-15T13:38:35Z"", ""editedAt"": null, ""isDeleted"": false, ""isHidden"": false, ""isReportedByCreator"": false, ""likesCount"": 0, ""newerChildrenCount"": 0, ""newRepliesCount"": 0, ""parentID"": 3843802, ""pinnedAt"": null, ""text"": ""There is also nothing stopping you having two separate calibrations for the same lens with it in different positions so you would simply recall the relevant one from the database when using it.\n"", ""userComment"": null}"
3843865,3843802,1,Nate_Harrison_78a5,no,Thank you much for the clarification!,2020-11-16T14:03:23Z,https://www.indiegogo.com//projects/afx-autofocus-adapter#/,"{""authorID"": 24834602, ""authorType"": 0, ""children"": null, ""childrenTotalCount"": 0, ""commentID"": 3843865, ""commentThreadID"": 220961, ""createdAt"": ""2020-11-16T14:03:23Z"", ""editedAt"": null, ""isDeleted"": false, ""isHidden"": false, ""isReportedByCreator"": false, ""likesCount"": 0, ""newerChildrenCount"": 0, ""newRepliesCount"": 0, ""parentID"": 3843802, ""pinnedAt"": null, ""text"": ""Thank you much for the clarification!"", ""userComment"": null}"
3843801,,0,,no,What happens when the Lidar sensor exceeds the 12m range?,2020-11-15T03:51:33Z,https://www.indiegogo.com//projects/afx-autofocus-adapter#/,"{""authorID"": 8077369, ""authorType"": 0, ""children"": [{""authorID"": 22423672, ""authorType"": 1, ""children"": null, ""childrenTotalCount"": 0, ""commentID"": 3843862, ""commentThreadID"": 220961, ""createdAt"": ""2020-11-15T09:31:04Z"", ""editedAt"": null, ""isDeleted"": false, ""isHidden"": false, ""isReportedByCreator"": false, ""likesCount"": 0, ""newerChildrenCount"": 0, ""newRepliesCount"": 0, ""parentID"": 3843801, ""pinnedAt"": null, ""text"": ""Hi\nThank you for supporting AFX.\nWhen the sensor goes out of range, there is a switchable option to retain last focus position or move to the set infinity focus point.\nBest regards"", ""userComment"": null}], ""childrenTotalCount"": 1, ""commentID"": 3843801, ""commentThreadID"": 220961, ""createdAt"": ""2020-11-15T03:51:33Z"", ""editedAt"": ""2020-11-15T03:51:33Z"", ""isDeleted"": false, ""isHidden"": false, ""isReportedByCreator"": false, ""likesCount"": 0, ""newerChildrenCount"": 0, ""newRepliesCount"": 0, ""parentID"": null, ""pinnedAt"": null, ""text"": ""What happens when the Lidar sensor exceeds the 12m range?"", ""userComment"": null}"
3843862,3843801,1,CDA_Tek,yes,"Hi Thank you for supporting AFX. When the sensor goes out of range, there is a switchable option to retain last focus position or move to the set infinity focus point. Best regards",2020-11-15T09:31:04Z,https://www.indiegogo.com//projects/afx-autofocus-adapter#/,"{""authorID"": 22423672, ""authorType"": 1, ""children"": null, ""childrenTotalCount"": 0, ""commentID"": 3843862, ""commentThreadID"": 220961, ""createdAt"": ""2020-11-15T09:31:04Z"", ""editedAt"": null, ""isDeleted"": false, ""isHidden"": false, ""isReportedByCreator"": false, ""likesCount"": 0, ""newerChildrenCount"": 0, ""newRepliesCount"": 0, ""parentID"": 3843801, ""pinnedAt"": null, ""text"": ""Hi\nThank you for supporting AFX.\nWhen the sensor goes out of range, there is a switchable option to retain last focus position or move to the set infinity focus point.\nBest regards"", ""userComment"": null}"
3843800,,0,Ben_Halford_25c7,no,"Bit confused, says it includes the motor cable but then you are selling them separate?",2020-11-13T09:14:57Z,https://www.indiegogo.com//projects/afx-autofocus-adapter#/,"{""authorID"": 24516409, ""authorType"": 0, ""children"": [{""authorID"": 24516409, ""authorType"": 0, ""children"": null, ""childrenTotalCount"": 0, ""commentID"": 3843859, ""commentThreadID"": 220961, ""createdAt"": ""2020-11-13T10:26:48Z"", ""editedAt"": null, ""isDeleted"": false, ""isHidden"": false, ""isReportedByCreator"": false, ""likesCount"": 0, ""newerChildrenCount"": 0, ""newRepliesCount"": 0, ""parentID"": 3843800, ""pinnedAt"": null, ""text"": ""Thanks. I have another question. In regards to how this works with the motor. How exactly does this calibrate to the motor and lens, I mean for example how would throwing diopters on work? Can you change the focus on the lens manually to calibate to the nearest object? Or is this how its done? Do you set the focus on the nearest object first then the motor works to keep that in focus? "", ""userComment"": null}, {""authorID"": 22423672, ""authorType"": 1, ""children"": null, ""childrenTotalCount"": 0, ""commentID"": 3843860, ""commentThreadID"": 220961, ""createdAt"": ""2020-11-13T10:41:24Z"", ""editedAt"": null, ""isDeleted"": false, ""isHidden"": false, ""isReportedByCreator"": false, ""likesCount"": 0, ""newerChildrenCount"": 0, ""newRepliesCount"": 0, ""parentID"": 3843800, ""pinnedAt"": null, ""text"": ""It is a multi-point calibration procedure where you match distance to focus at intervals rather than just one calibration point. This is a one-off procedure for each lens with the calibration stored in the AFX's database for recall whenever you use that lens\nAny additional elements that you add to the lens that impacts the focus/distance relationship would simply require you to create a second calibration and recall the relevant one from the database when using the lens."", ""userComment"": null}, {""authorID"": 24516409, ""authorType"": 0, ""children"": null, ""childrenTotalCount"": 0, ""commentID"": 3843861, ""commentThreadID"": 220961, ""createdAt"": ""2020-11-13T11:42:36Z"", ""editedAt"": null, ""isDeleted"": false, ""isHidden"": false, ""isReportedByCreator"": false, ""likesCount"": 0, ""newerChildrenCount"": 0, ""newRepliesCount"": 0, ""parentID"": 3843800, ""pinnedAt"": null, ""text"": ""Oh amazing, great this info can be stored for anamorphic with diopters etc.... Can wait to get this for use when there's no budget for AC. \nPerfection. "", ""userComment"": null}], ""childrenTotalCount"": 6, ""commentID"": 3843800, ""commentThreadID"": 220961, ""createdAt"": ""2020-11-13T09:14:57Z"", ""editedAt"": ""2020-11-13T09:14:57Z"", ""isDeleted"": false, ""isHidden"": false, ""isReportedByCreator"": false, ""likesCount"": 0, ""newerChildrenCount"": 0, ""newRepliesCount"": 0, ""parentID"": null, ""pinnedAt"": null, ""text"": ""Bit confused, says it includes the motor cable but then you are selling them separate?"", ""userComment"": null}"
3843859,3843800,1,Ben_Halford_25c7,no,"Thanks. I have another question. In regards to how this works with the motor. How exactly does this calibrate to the motor and lens, I mean for example how would throwing diopters on work? Can you change the focus on the lens manually to calibate to the nearest object? Or is this how its done? Do you set the focus on the nearest object first then the motor works to keep that in focus? ",2020-11-13T10:26:48Z,https://www.indiegogo.com//projects/afx-autofocus-adapter#/,"{""authorID"": 24516409, ""authorType"": 0, ""children"": null, ""childrenTotalCount"": 0, ""commentID"": 3843859, ""commentThreadID"": 220961, ""createdAt"": ""2020-11-13T10:26:48Z"", ""editedAt"": null, ""isDeleted"": false, ""isHidden"": false, ""isReportedByCreator"": false, ""likesCount"": 0, ""newerChildrenCount"": 0, ""newRepliesCount"": 0, ""parentID"": 3843800, ""pinnedAt"": null, ""text"": ""Thanks. I have another question. In regards to how this works with the motor. How exactly does this calibrate to the motor and lens, I mean for example how would throwing diopters on work? Can you change the focus on the lens manually to calibate to the nearest object? Or is this how its done? Do you set the focus on the nearest object first then the motor works to keep that in focus? "", ""userComment"": null}"
3843860,3843800,1,CDA_Tek,yes,It is a multi-point calibration procedure where you match distance to focus at intervals rather than just one calibration point. This is a one-off procedure for each lens with the calibration stored in the AFX's database for recall whenever you use that lens Any additional elements that you add to the lens that impacts the focus/distance relationship would simply require you to create a second calibration and recall the relevant one from the database when using the lens.,2020-11-13T10:41:24Z,https://www.indiegogo.com//projects/afx-autofocus-adapter#/,"{""authorID"": 22423672, ""authorType"": 1, ""children"": null, ""childrenTotalCount"": 0, ""commentID"": 3843860, ""commentThreadID"": 220961, ""createdAt"": ""2020-11-13T10:41:24Z"", ""editedAt"": null, ""isDeleted"": false, ""isHidden"": false, ""isReportedByCreator"": false, ""likesCount"": 0, ""newerChildrenCount"": 0, ""newRepliesCount"": 0, ""parentID"": 3843800, ""pinnedAt"": null, ""text"": ""It is a multi-point calibration procedure where you match distance to focus at intervals rather than just one calibration point. This is a one-off procedure for each lens with the calibration stored in the AFX's database for recall whenever you use that lens\nAny additional elements that you add to the lens that impacts the focus/distance relationship would simply require you to create a second calibration and recall the relevant one from the database when using the lens."", ""userComment"": null}"
3843861,3843800,1,Ben_Halford_25c7,no,"Oh amazing, great this info can be stored for anamorphic with diopters etc.... Can wait to get this for use when there's no budget for AC.  Perfection. ",2020-11-13T11:42:36Z,https://www.indiegogo.com//projects/afx-autofocus-adapter#/,"{""authorID"": 24516409, ""authorType"": 0, ""children"": null, ""childrenTotalCount"": 0, ""commentID"": 3843861, ""commentThreadID"": 220961, ""createdAt"": ""2020-11-13T11:42:36Z"", ""editedAt"": null, ""isDeleted"": false, ""isHidden"": false, ""isReportedByCreator"": false, ""likesCount"": 0, ""newerChildrenCount"": 0, ""newRepliesCount"": 0, ""parentID"": 3843800, ""pinnedAt"": null, ""text"": ""Oh amazing, great this info can be stored for anamorphic with diopters etc.... Can wait to get this for use when there's no budget for AC. \nPerfection. "", ""userComment"": null}"
3843858,3843800,1,CDA_Tek,yes,"We have now updated the description to state that the cable is now available. ""Users of Nucleus M motors will require an additional adapter that is now listed as an additional perk item and will ship at the same time as your AFX."" Best regards  Admin",2020-11-13T10:05:15Z,https://www.indiegogo.com//projects/afx-autofocus-adapter#/,"{""authorID"": 22423672, ""authorType"": 1, ""children"": [], ""childrenTotalCount"": 0, ""commentID"": 3843858, ""commentThreadID"": 220961, ""createdAt"": ""2020-11-13T10:05:15Z"", ""editedAt"": null, ""isDeleted"": false, ""isHidden"": false, ""isReportedByCreator"": false, ""likesCount"": 0, ""newerChildrenCount"": 0, ""newRepliesCount"": 0, ""parentID"": 3843800, ""pinnedAt"": null, ""text"": ""We have now updated the description to state that the cable is now available.\n\""Users of Nucleus M motors will require an additional adapter that is now listed as an additional perk item and will ship at the same time as your AFX.\""\nBest regards\n\nAdmin"", ""userComment"": null}"
3843857,3843800,1,CDA_Tek,yes,"Hi Ben Thanks for supporting AFX. Yes, the cable for the Nano N motor is included. In the description it does say that a separate adapter is required for M motors. ""To use the focus functionality of the AFX with your manual lenses, it is simply connected to a Tilta focus motor using an included cable and adapter. Users of Nucleus M motors will require an additional adapter that we will announce details of in the next 30 days."" and it is also mentioned in an overlay graphic in the video. ",2020-11-13T10:01:44Z,https://www.indiegogo.com//projects/afx-autofocus-adapter#/,"{""authorID"": 22423672, ""authorType"": 1, ""children"": [], ""childrenTotalCount"": 0, ""commentID"": 3843857, ""commentThreadID"": 220961, ""createdAt"": ""2020-11-13T10:01:44Z"", ""editedAt"": null, ""isDeleted"": false, ""isHidden"": false, ""isReportedByCreator"": false, ""likesCount"": 0, ""newerChildrenCount"": 0, ""newRepliesCount"": 0, ""parentID"": 3843800, ""pinnedAt"": null, ""text"": ""Hi Ben\nThanks for supporting AFX.\nYes, the cable for the Nano N motor is included.\nIn the description it does say that a separate adapter is required for M motors.\n\""To use the focus functionality of the AFX with your manual lenses, it is simply connected to a Tilta focus motor using an included cable and adapter. Users of Nucleus M motors will require an additional adapter that we will announce details of in the next 30 days.\"" and it is also mentioned in an overlay graphic in the video.\n"", ""userComment"": null}"
3843856,3843800,1,Ben_Halford_25c7,no,So I'm assuming it only comes with the NANO motor cable? you should make that more clear...it doesn't appear to be mentioned anywhere other than the separate cable perk. ,2020-11-13T09:23:02Z,https://www.indiegogo.com//projects/afx-autofocus-adapter#/,"{""authorID"": 24516409, ""authorType"": 0, ""children"": [], ""childrenTotalCount"": 0, ""commentID"": 3843856, ""commentThreadID"": 220961, ""createdAt"": ""2020-11-13T09:23:02Z"", ""editedAt"": null, ""isDeleted"": false, ""isHidden"": false, ""isReportedByCreator"": false, ""likesCount"": 0, ""newerChildrenCount"": 0, ""newRepliesCount"": 0, ""parentID"": 3843800, ""pinnedAt"": null, ""text"": ""So I'm assuming it only comes with the NANO motor cable? you should make that more clear...it doesn't appear to be mentioned anywhere other than the separate cable perk. "", ""userComment"": null}"
3843799,,0,M_Aoki,no,what is the difference between PBC and AFX base unit?,2020-11-12T12:14:55Z,https://www.indiegogo.com//projects/afx-autofocus-adapter#/,"{""authorID"": 24816131, ""authorType"": 0, ""children"": [{""authorID"": 22423672, ""authorType"": 1, ""children"": null, ""childrenTotalCount"": 0, ""commentID"": 3843855, ""commentThreadID"": 220961, ""createdAt"": ""2020-11-12T12:31:54Z"", ""editedAt"": null, ""isDeleted"": false, ""isHidden"": false, ""isReportedByCreator"": false, ""likesCount"": 0, ""newerChildrenCount"": 0, ""newRepliesCount"": 0, ""parentID"": 3843799, ""pinnedAt"": null, ""text"": ""Hi\nThank you for your question and your support.\nThe PBC is primarily only for parameter control of the BMPCC4K/6K but also has support for the Tilta Nucleus Nano control Wheel to allow motorless control of native MFT and EF lenses.\nThe PBC does not have the LIDAR sensor or the ability that the AFX does to provide autofocus for both native BMPCC4k/6K lenses and motor support for manual lenses.\nAs well as this new functionality, the AFX also contains ALL of the functionality of the PBC."", ""userComment"": null}], ""childrenTotalCount"": 1, ""commentID"": 3843799, ""commentThreadID"": 220961, ""createdAt"": ""2020-11-12T12:14:55Z"", ""editedAt"": ""2020-11-12T12:14:55Z"", ""isDeleted"": false, ""isHidden"": false, ""isReportedByCreator"": false, ""likesCount"": 0, ""newerChildrenCount"": 0, ""newRepliesCount"": 0, ""parentID"": null, ""pinnedAt"": null, ""text"": ""what is the difference between PBC and AFX base unit?"", ""userComment"": null}"
3843855,3843799,1,CDA_Tek,yes,"Hi Thank you for your question and your support. The PBC is primarily only for parameter control of the BMPCC4K/6K but also has support for the Tilta Nucleus Nano control Wheel to allow motorless control of native MFT and EF lenses. The PBC does not have the LIDAR sensor or the ability that the AFX does to provide autofocus for both native BMPCC4k/6K lenses and motor support for manual lenses. As well as this new functionality, the AFX also contains ALL of the functionality of the PBC.",2020-11-12T12:31:54Z,https://www.indiegogo.com//projects/afx-autofocus-adapter#/,"{""authorID"": 22423672, ""authorType"": 1, ""children"": null, ""childrenTotalCount"": 0, ""commentID"": 3843855, ""commentThreadID"": 220961, ""createdAt"": ""2020-11-12T12:31:54Z"", ""editedAt"": null, ""isDeleted"": false, ""isHidden"": false, ""isReportedByCreator"": false, ""likesCount"": 0, ""newerChildrenCount"": 0, ""newRepliesCount"": 0, ""parentID"": 3843799, ""pinnedAt"": null, ""text"": ""Hi\nThank you for your question and your support.\nThe PBC is primarily only for parameter control of the BMPCC4K/6K but also has support for the Tilta Nucleus Nano control Wheel to allow motorless control of native MFT and EF lenses.\nThe PBC does not have the LIDAR sensor or the ability that the AFX does to provide autofocus for both native BMPCC4k/6K lenses and motor support for manual lenses.\nAs well as this new functionality, the AFX also contains ALL of the functionality of the PBC."", ""userComment"": null}"
3843798,,0,Eung_Kim,no,"Couldn't find the answers on the description so I decided to ask here so everyone could see.  How does it calibrate with a lens?  Does this have the ability to calibrate with different lenses?  Can it store lens data?  If so, how many?",2020-11-06T20:23:07Z,https://www.indiegogo.com//projects/afx-autofocus-adapter#/,"{""authorID"": 23752183, ""authorType"": 0, ""children"": [{""authorID"": 22423672, ""authorType"": 1, ""children"": null, ""childrenTotalCount"": 0, ""commentID"": 3843852, ""commentThreadID"": 220961, ""createdAt"": ""2020-11-06T20:53:07Z"", ""editedAt"": null, ""isDeleted"": false, ""isHidden"": false, ""isReportedByCreator"": false, ""likesCount"": 0, ""newerChildrenCount"": 0, ""newRepliesCount"": 0, ""parentID"": 3843798, ""pinnedAt"": null, ""text"": ""If you have a Pocket4K/6K then it will drive the native MFT/EF electronic lenses on each camera without requiring a motor.\nFor the Pocket4K, it will also do this with adapted EF lenses with a compatible adapter.\nFor manual focus lenses you will need to connect a Tilta Nucleus N or M motor.\nCalibration process described above is the same whether you are using native or manual lenses."", ""userComment"": null}, {""authorID"": 23752183, ""authorType"": 0, ""children"": null, ""childrenTotalCount"": 0, ""commentID"": 3843853, ""commentThreadID"": 220961, ""createdAt"": ""2020-11-06T20:59:31Z"", ""editedAt"": null, ""isDeleted"": false, ""isHidden"": false, ""isReportedByCreator"": false, ""likesCount"": 0, ""newerChildrenCount"": 0, ""newRepliesCount"": 0, ""parentID"": 3843798, ""pinnedAt"": null, ""text"": ""Thank you, that's awesome and something I seriously think is worth highlighting on your \""Story\"" page.  No Tilta motor necessary when using electronically compatible motorized lenses."", ""userComment"": null}, {""authorID"": 22423672, ""authorType"": 1, ""children"": null, ""childrenTotalCount"": 0, ""commentID"": 3843854, ""commentThreadID"": 220961, ""createdAt"": ""2020-11-06T21:20:46Z"", ""editedAt"": null, ""isDeleted"": false, ""isHidden"": false, ""isReportedByCreator"": false, ""likesCount"": 0, ""newerChildrenCount"": 0, ""newRepliesCount"": 0, ""parentID"": 3843798, ""pinnedAt"": null, ""text"": ""The first paragraph does say it offers auto focus for \""Blackmagic Pocket 4K and 6K cinema cameras as well as offering motor based control of manual focus lenses\"" so it does note the motors as the exception.\nThe images of the Pocket cameras (aside from the special HYBRID mode) are all shown without motors too.\nHowever, we will make an adjustment to make it absolutely clear though.\nThanks"", ""userComment"": null}], ""childrenTotalCount"": 6, ""commentID"": 3843798, ""commentThreadID"": 220961, ""createdAt"": ""2020-11-06T20:23:07Z"", ""editedAt"": ""2020-11-06T20:23:07Z"", ""isDeleted"": false, ""isHidden"": false, ""isReportedByCreator"": false, ""likesCount"": 0, ""newerChildrenCount"": 0, ""newRepliesCount"": 0, ""parentID"": null, ""pinnedAt"": null, ""text"": ""Couldn't find the answers on the description so I decided to ask here so everyone could see.  How does it calibrate with a lens?  Does this have the ability to calibrate with different lenses?  Can it store lens data?  If so, how many?"", ""userComment"": null}"
3843852,3843798,1,CDA_Tek,yes,"If you have a Pocket4K/6K then it will drive the native MFT/EF electronic lenses on each camera without requiring a motor. For the Pocket4K, it will also do this with adapted EF lenses with a compatible adapter. For manual focus lenses you will need to connect a Tilta Nucleus N or M motor. Calibration process described above is the same whether you are using native or manual lenses.",2020-11-06T20:53:07Z,https://www.indiegogo.com//projects/afx-autofocus-adapter#/,"{""authorID"": 22423672, ""authorType"": 1, ""children"": null, ""childrenTotalCount"": 0, ""commentID"": 3843852, ""commentThreadID"": 220961, ""createdAt"": ""2020-11-06T20:53:07Z"", ""editedAt"": null, ""isDeleted"": false, ""isHidden"": false, ""isReportedByCreator"": false, ""likesCount"": 0, ""newerChildrenCount"": 0, ""newRepliesCount"": 0, ""parentID"": 3843798, ""pinnedAt"": null, ""text"": ""If you have a Pocket4K/6K then it will drive the native MFT/EF electronic lenses on each camera without requiring a motor.\nFor the Pocket4K, it will also do this with adapted EF lenses with a compatible adapter.\nFor manual focus lenses you will need to connect a Tilta Nucleus N or M motor.\nCalibration process described above is the same whether you are using native or manual lenses."", ""userComment"": null}"
3843853,3843798,1,Eung_Kim,no,"Thank you, that's awesome and something I seriously think is worth highlighting on your ""Story"" page.  No Tilta motor necessary when using electronically compatible motorized lenses.",2020-11-06T20:59:31Z,https://www.indiegogo.com//projects/afx-autofocus-adapter#/,"{""authorID"": 23752183, ""authorType"": 0, ""children"": null, ""childrenTotalCount"": 0, ""commentID"": 3843853, ""commentThreadID"": 220961, ""createdAt"": ""2020-11-06T20:59:31Z"", ""editedAt"": null, ""isDeleted"": false, ""isHidden"": false, ""isReportedByCreator"": false, ""likesCount"": 0, ""newerChildrenCount"": 0, ""newRepliesCount"": 0, ""parentID"": 3843798, ""pinnedAt"": null, ""text"": ""Thank you, that's awesome and something I seriously think is worth highlighting on your \""Story\"" page.  No Tilta motor necessary when using electronically compatible motorized lenses."", ""userComment"": null}"
3843854,3843798,1,CDA_Tek,yes,"The first paragraph does say it offers auto focus for ""Blackmagic Pocket 4K and 6K cinema cameras as well as offering motor based control of manual focus lenses"" so it does note the motors as the exception. The images of the Pocket cameras (aside from the special HYBRID mode) are all shown without motors too. However, we will make an adjustment to make it absolutely clear though. Thanks",2020-11-06T21:20:46Z,https://www.indiegogo.com//projects/afx-autofocus-adapter#/,"{""authorID"": 22423672, ""authorType"": 1, ""children"": null, ""childrenTotalCount"": 0, ""commentID"": 3843854, ""commentThreadID"": 220961, ""createdAt"": ""2020-11-06T21:20:46Z"", ""editedAt"": null, ""isDeleted"": false, ""isHidden"": false, ""isReportedByCreator"": false, ""likesCount"": 0, ""newerChildrenCount"": 0, ""newRepliesCount"": 0, ""parentID"": 3843798, ""pinnedAt"": null, ""text"": ""The first paragraph does say it offers auto focus for \""Blackmagic Pocket 4K and 6K cinema cameras as well as offering motor based control of manual focus lenses\"" so it does note the motors as the exception.\nThe images of the Pocket cameras (aside from the special HYBRID mode) are all shown without motors too.\nHowever, we will make an adjustment to make it absolutely clear though.\nThanks"", ""userComment"": null}"
3843851,3843798,1,Eung_Kim,no,"Thank you!  Sounds great.  Lastly, does this work independently with motorized lenses too or does it need a Tilta FIZ motor?",2020-11-06T20:46:44Z,https://www.indiegogo.com//projects/afx-autofocus-adapter#/,"{""authorID"": 23752183, ""authorType"": 0, ""children"": [], ""childrenTotalCount"": 0, ""commentID"": 3843851, ""commentThreadID"": 220961, ""createdAt"": ""2020-11-06T20:46:44Z"", ""editedAt"": null, ""isDeleted"": false, ""isHidden"": false, ""isReportedByCreator"": false, ""likesCount"": 0, ""newerChildrenCount"": 0, ""newRepliesCount"": 0, ""parentID"": 3843798, ""pinnedAt"": null, ""text"": ""Thank you!  Sounds great.  Lastly, does this work independently with motorized lenses too or does it need a Tilta FIZ motor?"", ""userComment"": null}"
3843850,3843798,1,CDA_Tek,yes,The process takes less than five minutes per lens and in the Maintenance menu you can delete individual lenses if you would like to re-calibrate them for any reason.,2020-11-06T20:43:24Z,https://www.indiegogo.com//projects/afx-autofocus-adapter#/,"{""authorID"": 22423672, ""authorType"": 1, ""children"": [], ""childrenTotalCount"": 0, ""commentID"": 3843850, ""commentThreadID"": 220961, ""createdAt"": ""2020-11-06T20:43:24Z"", ""editedAt"": null, ""isDeleted"": false, ""isHidden"": false, ""isReportedByCreator"": false, ""likesCount"": 0, ""newerChildrenCount"": 0, ""newRepliesCount"": 0, ""parentID"": 3843798, ""pinnedAt"": null, ""text"": ""The process takes less than five minutes per lens and in the Maintenance menu you can delete individual lenses if you would like to re-calibrate them for any reason."", ""userComment"": null}"
3843849,3843798,1,CDA_Tek,yes,"Hi There is a simple calibration process. You start at minimum focus,press the A button on the controller which will store the current distance with that focus point.You then move to the next focus point and repeat, then do the next etc The completed calibration is then stored in AFX's internal database and is only performed once per lens AFX then loads the relevant calibration when you change lens (automatically on P4K/6K,from a list for motor only cameras). You can store up to 64 lenses",2020-11-06T20:41:25Z,https://www.indiegogo.com//projects/afx-autofocus-adapter#/,"{""authorID"": 22423672, ""authorType"": 1, ""children"": [], ""childrenTotalCount"": 0, ""commentID"": 3843849, ""commentThreadID"": 220961, ""createdAt"": ""2020-11-06T20:41:25Z"", ""editedAt"": null, ""isDeleted"": false, ""isHidden"": false, ""isReportedByCreator"": false, ""likesCount"": 0, ""newerChildrenCount"": 0, ""newRepliesCount"": 0, ""parentID"": 3843798, ""pinnedAt"": null, ""text"": ""Hi\nThere is a simple calibration process.\nYou start at minimum focus,press the A button on the controller which will store the current distance with that focus point.You then move to the next focus point and repeat, then do the next etc\nThe completed calibration is then stored in AFX's internal database and is only performed once per lens\nAFX then loads the relevant calibration when you change lens (automatically on P4K/6K,from a list for motor only cameras).\nYou can store up to 64 lenses"", ""userComment"": null}"
3843797,,0,,no,Keeping an eye out for more updates! Thanks!,2020-11-02T22:37:58Z,https://www.indiegogo.com//projects/afx-autofocus-adapter#/,"{""authorID"": 9469453, ""authorType"": 0, ""children"": [], ""childrenTotalCount"": 0, ""commentID"": 3843797, ""commentThreadID"": 220961, ""createdAt"": ""2020-11-02T22:37:58Z"", ""editedAt"": ""2020-11-02T22:37:58Z"", ""isDeleted"": false, ""isHidden"": false, ""isReportedByCreator"": false, ""likesCount"": 0, ""newerChildrenCount"": 0, ""newRepliesCount"": 0, ""parentID"": null, ""pinnedAt"": null, ""text"": ""Keeping an eye out for more updates! Thanks!"", ""userComment"": null}"
3843796,,0,David_Duong,no,What will the distance display be measured in? Feet and inches hopefully?,2020-11-01T11:56:02Z,https://www.indiegogo.com//projects/afx-autofocus-adapter#/,"{""authorID"": 2060636, ""authorType"": 0, ""children"": [{""authorID"": 22423672, ""authorType"": 1, ""children"": null, ""childrenTotalCount"": 0, ""commentID"": 3843844, ""commentThreadID"": 220961, ""createdAt"": ""2020-11-02T13:55:27Z"", ""editedAt"": null, ""isDeleted"": false, ""isHidden"": false, ""isReportedByCreator"": false, ""likesCount"": 0, ""newerChildrenCount"": 0, ""newRepliesCount"": 0, ""parentID"": 3843796, ""pinnedAt"": null, ""text"": ""Hi David\nIt is a user preference to display the distance in metric or imperial form.\nBest regards"", ""userComment"": null}], ""childrenTotalCount"": 1, ""commentID"": 3843796, ""commentThreadID"": 220961, ""createdAt"": ""2020-11-01T11:56:02Z"", ""editedAt"": ""2020-11-01T11:56:02Z"", ""isDeleted"": false, ""isHidden"": false, ""isReportedByCreator"": false, ""likesCount"": 0, ""newerChildrenCount"": 0, ""newRepliesCount"": 0, ""parentID"": null, ""pinnedAt"": null, ""text"": ""What will the distance display be measured in? Feet and inches hopefully?"", ""userComment"": null}"
3843844,3843796,1,CDA_Tek,yes,Hi David It is a user preference to display the distance in metric or imperial form. Best regards,2020-11-02T13:55:27Z,https://www.indiegogo.com//projects/afx-autofocus-adapter#/,"{""authorID"": 22423672, ""authorType"": 1, ""children"": null, ""childrenTotalCount"": 0, ""commentID"": 3843844, ""commentThreadID"": 220961, ""createdAt"": ""2020-11-02T13:55:27Z"", ""editedAt"": null, ""isDeleted"": false, ""isHidden"": false, ""isReportedByCreator"": false, ""likesCount"": 0, ""newerChildrenCount"": 0, ""newRepliesCount"": 0, ""parentID"": 3843796, ""pinnedAt"": null, ""text"": ""Hi David\nIt is a user preference to display the distance in metric or imperial form.\nBest regards"", ""userComment"": null}"
3843795,,0,,no,this is like a dream come true for us anamorphic scope shooters. Thanks for doing this!,2020-10-28T15:44:13Z,https://www.indiegogo.com//projects/afx-autofocus-adapter#/,"{""authorID"": 8445713, ""authorType"": 0, ""children"": [{""authorID"": 22423672, ""authorType"": 1, ""children"": null, ""childrenTotalCount"": 0, ""commentID"": 3843845, ""commentThreadID"": 220961, ""createdAt"": ""2020-11-02T13:55:53Z"", ""editedAt"": null, ""isDeleted"": false, ""isHidden"": false, ""isReportedByCreator"": false, ""likesCount"": 0, ""newerChildrenCount"": 0, ""newRepliesCount"": 0, ""parentID"": 3843795, ""pinnedAt"": null, ""text"": ""Thank you"", ""userComment"": null}], ""childrenTotalCount"": 1, ""commentID"": 3843795, ""commentThreadID"": 220961, ""createdAt"": ""2020-10-28T15:44:13Z"", ""editedAt"": ""2020-10-28T15:44:13Z"", ""isDeleted"": false, ""isHidden"": false, ""isReportedByCreator"": false, ""likesCount"": 0, ""newerChildrenCount"": 0, ""newRepliesCount"": 0, ""parentID"": null, ""pinnedAt"": null, ""text"": ""this is like a dream come true for us anamorphic scope shooters. Thanks for doing this!"", ""userComment"": null}"
3843845,3843795,1,CDA_Tek,yes,Thank you,2020-11-02T13:55:53Z,https://www.indiegogo.com//projects/afx-autofocus-adapter#/,"{""authorID"": 22423672, ""authorType"": 1, ""children"": null, ""childrenTotalCount"": 0, ""commentID"": 3843845, ""commentThreadID"": 220961, ""createdAt"": ""2020-11-02T13:55:53Z"", ""editedAt"": null, ""isDeleted"": false, ""isHidden"": false, ""isReportedByCreator"": false, ""likesCount"": 0, ""newerChildrenCount"": 0, ""newRepliesCount"": 0, ""parentID"": 3843795, ""pinnedAt"": null, ""text"": ""Thank you"", ""userComment"": null}"
3843793,,0,Robie_Nepomuceno,no,I'm excited to pair this with my manual lenses!!,2020-10-27T15:42:42Z,https://www.indiegogo.com//projects/afx-autofocus-adapter#/,"{""authorID"": 24163438, ""authorType"": 0, ""children"": [{""authorID"": 22423672, ""authorType"": 1, ""children"": null, ""childrenTotalCount"": 0, ""commentID"": 3843848, ""commentThreadID"": 220961, ""createdAt"": ""2020-11-02T13:56:40Z"", ""editedAt"": null, ""isDeleted"": false, ""isHidden"": false, ""isReportedByCreator"": false, ""likesCount"": 0, ""newerChildrenCount"": 0, ""newRepliesCount"": 0, ""parentID"": 3843793, ""pinnedAt"": null, ""text"": ""Thank you"", ""userComment"": null}], ""childrenTotalCount"": 1, ""commentID"": 3843793, ""commentThreadID"": 220961, ""createdAt"": ""2020-10-27T15:42:42Z"", ""editedAt"": ""2020-10-27T15:42:42Z"", ""isDeleted"": false, ""isHidden"": false, ""isReportedByCreator"": false, ""likesCount"": 1, ""newerChildrenCount"": 0, ""newRepliesCount"": 0, ""parentID"": null, ""pinnedAt"": null, ""text"": ""I'm excited to pair this with my manual lenses!!"", ""userComment"": null}"
3843848,3843793,1,CDA_Tek,yes,Thank you,2020-11-02T13:56:40Z,https://www.indiegogo.com//projects/afx-autofocus-adapter#/,"{""authorID"": 22423672, ""authorType"": 1, ""children"": null, ""childrenTotalCount"": 0, ""commentID"": 3843848, ""commentThreadID"": 220961, ""createdAt"": ""2020-11-02T13:56:40Z"", ""editedAt"": null, ""isDeleted"": false, ""isHidden"": false, ""isReportedByCreator"": false, ""likesCount"": 0, ""newerChildrenCount"": 0, ""newRepliesCount"": 0, ""parentID"": 3843793, ""pinnedAt"": null, ""text"": ""Thank you"", ""userComment"": null}"
3843792,,0,Wesley_Chaplin_f232,no,I've been using my PBC on every project. Can't wait to bring this along too. Thank you for the Twitter and Youtube updates.,2020-10-27T02:58:31Z,https://www.indiegogo.com//projects/afx-autofocus-adapter#/,"{""authorID"": 24394419, ""authorType"": 0, ""children"": [{""authorID"": 22423672, ""authorType"": 1, ""children"": null, ""childrenTotalCount"": 0, ""commentID"": 3843847, ""commentThreadID"": 220961, ""createdAt"": ""2020-11-02T13:56:30Z"", ""editedAt"": null, ""isDeleted"": false, ""isHidden"": false, ""isReportedByCreator"": false, ""likesCount"": 0, ""newerChildrenCount"": 0, ""newRepliesCount"": 0, ""parentID"": 3843792, ""pinnedAt"": null, ""text"": ""Thank you. And please keep your eye out for more updates."", ""userComment"": null}], ""childrenTotalCount"": 1, ""commentID"": 3843792, ""commentThreadID"": 220961, ""createdAt"": ""2020-10-27T02:58:31Z"", ""editedAt"": ""2020-10-27T02:58:31Z"", ""isDeleted"": false, ""isHidden"": false, ""isReportedByCreator"": false, ""likesCount"": 1, ""newerChildrenCount"": 0, ""newRepliesCount"": 0, ""parentID"": null, ""pinnedAt"": null, ""text"": ""I've been using my PBC on every project. Can't wait to bring this along too. Thank you for the Twitter and Youtube updates."", ""userComment"": null}"
3843847,3843792,1,CDA_Tek,yes,Thank you. And please keep your eye out for more updates.,2020-11-02T13:56:30Z,https://www.indiegogo.com//projects/afx-autofocus-adapter#/,"{""authorID"": 22423672, ""authorType"": 1, ""children"": null, ""childrenTotalCount"": 0, ""commentID"": 3843847, ""commentThreadID"": 220961, ""createdAt"": ""2020-11-02T13:56:30Z"", ""editedAt"": null, ""isDeleted"": false, ""isHidden"": false, ""isReportedByCreator"": false, ""likesCount"": 0, ""newerChildrenCount"": 0, ""newRepliesCount"": 0, ""parentID"": 3843792, ""pinnedAt"": null, ""text"": ""Thank you. And please keep your eye out for more updates."", ""userComment"": null}"
