comment_id,parent_id,depth,name,is_creator,content,created_at,url,raw
2536714,,0,Simon_Waloschek,no,Hello! I also did not receive anything so far. Contribution ID 481,2019-04-02T12:06:25Z,https://www.indiegogo.com//projects/universal-lens-cap-1-cap-for-every-dslr-lens#/,"{""authorID"": 16494683, ""authorType"": 0, ""children"": [], ""childrenTotalCount"": 0, ""commentID"": 2536714, ""commentThreadID"": 158025, ""createdAt"": ""2019-04-02T12:06:25Z"", ""editedAt"": ""2019-04-02T12:06:25Z"", ""isDeleted"": false, ""isHidden"": false, ""isReportedByCreator"": false, ""likesCount"": 0, ""newerChildrenCount"": 0, ""newRepliesCount"": 0, ""parentID"": null, ""pinnedAt"": null, ""text"": ""Hello! I also did not receive anything so far. Contribution ID 481"", ""userComment"": null}"
2536713,,0,Diego_Olea,no,Hello I’m still waiting for my order!!!!,2019-02-17T14:02:19Z,https://www.indiegogo.com//projects/universal-lens-cap-1-cap-for-every-dslr-lens#/,"{""authorID"": 16013814, ""authorType"": 0, ""children"": [], ""childrenTotalCount"": 0, ""commentID"": 2536713, ""commentThreadID"": 158025, ""createdAt"": ""2019-02-17T14:02:19Z"", ""editedAt"": ""2019-02-17T14:02:19Z"", ""isDeleted"": false, ""isHidden"": false, ""isReportedByCreator"": false, ""likesCount"": 0, ""newerChildrenCount"": 0, ""newRepliesCount"": 0, ""parentID"": null, ""pinnedAt"": null, ""text"": ""Hello I’m still waiting for my order!!!!"", ""userComment"": null}"
2536712,,0,H_Chong,no,got my first order and reorder.  good product quick delivery.  very rarely happens on indiegogo,2018-12-11T06:09:21Z,https://www.indiegogo.com//projects/universal-lens-cap-1-cap-for-every-dslr-lens#/,"{""authorID"": 13730051, ""authorType"": 0, ""children"": [], ""childrenTotalCount"": 0, ""commentID"": 2536712, ""commentThreadID"": 158025, ""createdAt"": ""2018-12-11T06:09:21Z"", ""editedAt"": ""2018-12-11T06:09:21Z"", ""isDeleted"": false, ""isHidden"": false, ""isReportedByCreator"": false, ""likesCount"": 0, ""newerChildrenCount"": 0, ""newRepliesCount"": 0, ""parentID"": null, ""pinnedAt"": null, ""text"": ""got my first order and reorder.  good product quick delivery.  very rarely happens on indiegogo"", ""userComment"": null}"
2536711,,0,Agnes_Tjan,no,Hi!  I've not received my order either ??,2018-09-19T01:37:46Z,https://www.indiegogo.com//projects/universal-lens-cap-1-cap-for-every-dslr-lens#/,"{""authorID"": 7914074, ""authorType"": 0, ""children"": [{""authorID"": 17544637, ""authorType"": 1, ""children"": null, ""childrenTotalCount"": 0, ""commentID"": 2536819, ""commentThreadID"": 158025, ""createdAt"": ""2018-10-09T15:14:24Z"", ""editedAt"": null, ""isDeleted"": false, ""isHidden"": false, ""isReportedByCreator"": false, ""likesCount"": 0, ""newerChildrenCount"": 0, ""newRepliesCount"": 0, ""parentID"": 2536711, ""pinnedAt"": null, ""text"": ""Agnes, \n\nWe are terribly sorry about this. You most definitely should have your order by now. We have sent you out a brand-new order with an extra ULC just to say sorry! Thank you for your patience.\n\nSincerely, \n\nKUVRD"", ""userComment"": null}], ""childrenTotalCount"": 1, ""commentID"": 2536711, ""commentThreadID"": 158025, ""createdAt"": ""2018-09-19T01:37:46Z"", ""editedAt"": ""2018-09-19T01:37:46Z"", ""isDeleted"": false, ""isHidden"": false, ""isReportedByCreator"": false, ""likesCount"": 0, ""newerChildrenCount"": 0, ""newRepliesCount"": 0, ""parentID"": null, ""pinnedAt"": null, ""text"": ""Hi!  I've not received my order either ??"", ""userComment"": null}"
2536819,2536711,1,KUVRD_.,yes,"Agnes,   We are terribly sorry about this. You most definitely should have your order by now. We have sent you out a brand-new order with an extra ULC just to say sorry! Thank you for your patience.  Sincerely,   KUVRD",2018-10-09T15:14:24Z,https://www.indiegogo.com//projects/universal-lens-cap-1-cap-for-every-dslr-lens#/,"{""authorID"": 17544637, ""authorType"": 1, ""children"": null, ""childrenTotalCount"": 0, ""commentID"": 2536819, ""commentThreadID"": 158025, ""createdAt"": ""2018-10-09T15:14:24Z"", ""editedAt"": null, ""isDeleted"": false, ""isHidden"": false, ""isReportedByCreator"": false, ""likesCount"": 0, ""newerChildrenCount"": 0, ""newRepliesCount"": 0, ""parentID"": 2536711, ""pinnedAt"": null, ""text"": ""Agnes, \n\nWe are terribly sorry about this. You most definitely should have your order by now. We have sent you out a brand-new order with an extra ULC just to say sorry! Thank you for your patience.\n\nSincerely, \n\nKUVRD"", ""userComment"": null}"
2536710,,0,Marcus_Schmidt,no,habe meine Ware immer noch nicht erhalten.,2018-07-21T16:09:55Z,https://www.indiegogo.com//projects/universal-lens-cap-1-cap-for-every-dslr-lens#/,"{""authorID"": 12800654, ""authorType"": 0, ""children"": [{""authorID"": 17544637, ""authorType"": 1, ""children"": null, ""childrenTotalCount"": 0, ""commentID"": 2536818, ""commentThreadID"": 158025, ""createdAt"": ""2018-09-17T23:28:51Z"", ""editedAt"": null, ""isDeleted"": false, ""isHidden"": false, ""isReportedByCreator"": false, ""likesCount"": 0, ""newerChildrenCount"": 0, ""newRepliesCount"": 0, ""parentID"": 2536710, ""pinnedAt"": null, ""text"": ""Marcus, Hopefully you are enjoying your ULC's. If you have any other questions just let us know. Sincerely, KUVRD"", ""userComment"": null}], ""childrenTotalCount"": 1, ""commentID"": 2536710, ""commentThreadID"": 158025, ""createdAt"": ""2018-07-21T16:09:55Z"", ""editedAt"": ""2018-07-21T16:09:55Z"", ""isDeleted"": false, ""isHidden"": false, ""isReportedByCreator"": false, ""likesCount"": 0, ""newerChildrenCount"": 0, ""newRepliesCount"": 0, ""parentID"": null, ""pinnedAt"": null, ""text"": ""habe meine Ware immer noch nicht erhalten."", ""userComment"": null}"
2536818,2536710,1,KUVRD_.,yes,"Marcus, Hopefully you are enjoying your ULC's. If you have any other questions just let us know. Sincerely, KUVRD",2018-09-17T23:28:51Z,https://www.indiegogo.com//projects/universal-lens-cap-1-cap-for-every-dslr-lens#/,"{""authorID"": 17544637, ""authorType"": 1, ""children"": null, ""childrenTotalCount"": 0, ""commentID"": 2536818, ""commentThreadID"": 158025, ""createdAt"": ""2018-09-17T23:28:51Z"", ""editedAt"": null, ""isDeleted"": false, ""isHidden"": false, ""isReportedByCreator"": false, ""likesCount"": 0, ""newerChildrenCount"": 0, ""newRepliesCount"": 0, ""parentID"": 2536710, ""pinnedAt"": null, ""text"": ""Marcus, Hopefully you are enjoying your ULC's. If you have any other questions just let us know. Sincerely, KUVRD"", ""userComment"": null}"
2536709,,0,KUVRD_.,yes,"Hopefully all shipments have been taken care of! If anyone else has issues/questions, please feel free to reach out to us and we will get it taken care of!",2018-05-18T14:05:15Z,https://www.indiegogo.com//projects/universal-lens-cap-1-cap-for-every-dslr-lens#/,"{""authorID"": 17544637, ""authorType"": 1, ""children"": [], ""childrenTotalCount"": 0, ""commentID"": 2536709, ""commentThreadID"": 158025, ""createdAt"": ""2018-05-18T14:05:15Z"", ""editedAt"": ""2018-05-18T14:05:15Z"", ""isDeleted"": false, ""isHidden"": false, ""isReportedByCreator"": false, ""likesCount"": 0, ""newerChildrenCount"": 0, ""newRepliesCount"": 0, ""parentID"": null, ""pinnedAt"": null, ""text"": ""Hopefully all shipments have been taken care of! If anyone else has issues/questions, please feel free to reach out to us and we will get it taken care of!"", ""userComment"": null}"
2536708,,0,Glen_Ford_e619,no,KUVRD is  not responding to my question.   Where is my shipment?,2018-05-10T12:30:29Z,https://www.indiegogo.com//projects/universal-lens-cap-1-cap-for-every-dslr-lens#/,"{""authorID"": 14580426, ""authorType"": 0, ""children"": [{""authorID"": 17544637, ""authorType"": 1, ""children"": null, ""childrenTotalCount"": 0, ""commentID"": 2536817, ""commentThreadID"": 158025, ""createdAt"": ""2018-09-17T23:28:13Z"", ""editedAt"": null, ""isDeleted"": false, ""isHidden"": false, ""isReportedByCreator"": false, ""likesCount"": 0, ""newerChildrenCount"": 0, ""newRepliesCount"": 0, ""parentID"": 2536708, ""pinnedAt"": null, ""text"": ""Glen, As you know we reshipped your order! Hopefully you are enjoying your ULC's. If you have any other questions or concerns, feel free to reach out. Sincerely, KUVRD"", ""userComment"": null}], ""childrenTotalCount"": 1, ""commentID"": 2536708, ""commentThreadID"": 158025, ""createdAt"": ""2018-05-10T12:30:29Z"", ""editedAt"": ""2018-05-10T12:30:29Z"", ""isDeleted"": false, ""isHidden"": false, ""isReportedByCreator"": false, ""likesCount"": 0, ""newerChildrenCount"": 0, ""newRepliesCount"": 0, ""parentID"": null, ""pinnedAt"": null, ""text"": ""KUVRD is  not responding to my question.   Where is my shipment?"", ""userComment"": null}"
2536817,2536708,1,KUVRD_.,yes,"Glen, As you know we reshipped your order! Hopefully you are enjoying your ULC's. If you have any other questions or concerns, feel free to reach out. Sincerely, KUVRD",2018-09-17T23:28:13Z,https://www.indiegogo.com//projects/universal-lens-cap-1-cap-for-every-dslr-lens#/,"{""authorID"": 17544637, ""authorType"": 1, ""children"": null, ""childrenTotalCount"": 0, ""commentID"": 2536817, ""commentThreadID"": 158025, ""createdAt"": ""2018-09-17T23:28:13Z"", ""editedAt"": null, ""isDeleted"": false, ""isHidden"": false, ""isReportedByCreator"": false, ""likesCount"": 0, ""newerChildrenCount"": 0, ""newRepliesCount"": 0, ""parentID"": 2536708, ""pinnedAt"": null, ""text"": ""Glen, As you know we reshipped your order! Hopefully you are enjoying your ULC's. If you have any other questions or concerns, feel free to reach out. Sincerely, KUVRD"", ""userComment"": null}"
2536707,,0,Glen_Ford_e619,no,"No response, no product, no customer service.  Where is my perk?",2018-05-09T22:30:31Z,https://www.indiegogo.com//projects/universal-lens-cap-1-cap-for-every-dslr-lens#/,"{""authorID"": 14580426, ""authorType"": 0, ""children"": [{""authorID"": 17544637, ""authorType"": 1, ""children"": null, ""childrenTotalCount"": 0, ""commentID"": 2536816, ""commentThreadID"": 158025, ""createdAt"": ""2018-09-17T23:28:09Z"", ""editedAt"": null, ""isDeleted"": false, ""isHidden"": false, ""isReportedByCreator"": false, ""likesCount"": 0, ""newerChildrenCount"": 0, ""newRepliesCount"": 0, ""parentID"": 2536707, ""pinnedAt"": null, ""text"": ""Glen, As you know we reshipped your order! Hopefully you are enjoying your ULC's. If you have any other questions or concerns, feel free to reach out. Sincerely, KUVRD"", ""userComment"": null}], ""childrenTotalCount"": 1, ""commentID"": 2536707, ""commentThreadID"": 158025, ""createdAt"": ""2018-05-09T22:30:31Z"", ""editedAt"": ""2018-05-09T22:30:31Z"", ""isDeleted"": false, ""isHidden"": false, ""isReportedByCreator"": false, ""likesCount"": 0, ""newerChildrenCount"": 0, ""newRepliesCount"": 0, ""parentID"": null, ""pinnedAt"": null, ""text"": ""No response, no product, no customer service.  Where is my perk?"", ""userComment"": null}"
2536816,2536707,1,KUVRD_.,yes,"Glen, As you know we reshipped your order! Hopefully you are enjoying your ULC's. If you have any other questions or concerns, feel free to reach out. Sincerely, KUVRD",2018-09-17T23:28:09Z,https://www.indiegogo.com//projects/universal-lens-cap-1-cap-for-every-dslr-lens#/,"{""authorID"": 17544637, ""authorType"": 1, ""children"": null, ""childrenTotalCount"": 0, ""commentID"": 2536816, ""commentThreadID"": 158025, ""createdAt"": ""2018-09-17T23:28:09Z"", ""editedAt"": null, ""isDeleted"": false, ""isHidden"": false, ""isReportedByCreator"": false, ""likesCount"": 0, ""newerChildrenCount"": 0, ""newRepliesCount"": 0, ""parentID"": 2536707, ""pinnedAt"": null, ""text"": ""Glen, As you know we reshipped your order! Hopefully you are enjoying your ULC's. If you have any other questions or concerns, feel free to reach out. Sincerely, KUVRD"", ""userComment"": null}"
2536706,,0,Glen_Ford_e619,no,I am joining the unhappy crowd of those not having received my perk.  I received the tracking number and yet no perk ever arrived.  Please rectify this situation.,2018-05-09T08:20:00Z,https://www.indiegogo.com//projects/universal-lens-cap-1-cap-for-every-dslr-lens#/,"{""authorID"": 14580426, ""authorType"": 0, ""children"": [{""authorID"": 17544637, ""authorType"": 1, ""children"": null, ""childrenTotalCount"": 0, ""commentID"": 2536815, ""commentThreadID"": 158025, ""createdAt"": ""2018-09-17T23:28:00Z"", ""editedAt"": null, ""isDeleted"": false, ""isHidden"": false, ""isReportedByCreator"": false, ""likesCount"": 0, ""newerChildrenCount"": 0, ""newRepliesCount"": 0, ""parentID"": 2536706, ""pinnedAt"": null, ""text"": ""Glen, \n\nAs you know we reshipped your order! Hopefully you are enjoying your ULC's. If you have any other questions or concerns, feel free to reach out. \n\nSincerely, \n\nKUVRD"", ""userComment"": null}], ""childrenTotalCount"": 1, ""commentID"": 2536706, ""commentThreadID"": 158025, ""createdAt"": ""2018-05-09T08:20:00Z"", ""editedAt"": ""2018-05-09T08:20:00Z"", ""isDeleted"": false, ""isHidden"": false, ""isReportedByCreator"": false, ""likesCount"": 0, ""newerChildrenCount"": 0, ""newRepliesCount"": 0, ""parentID"": null, ""pinnedAt"": null, ""text"": ""I am joining the unhappy crowd of those not having received my perk.  I received the tracking number and yet no perk ever arrived.  Please rectify this situation."", ""userComment"": null}"
2536815,2536706,1,KUVRD_.,yes,"Glen,   As you know we reshipped your order! Hopefully you are enjoying your ULC's. If you have any other questions or concerns, feel free to reach out.   Sincerely,   KUVRD",2018-09-17T23:28:00Z,https://www.indiegogo.com//projects/universal-lens-cap-1-cap-for-every-dslr-lens#/,"{""authorID"": 17544637, ""authorType"": 1, ""children"": null, ""childrenTotalCount"": 0, ""commentID"": 2536815, ""commentThreadID"": 158025, ""createdAt"": ""2018-09-17T23:28:00Z"", ""editedAt"": null, ""isDeleted"": false, ""isHidden"": false, ""isReportedByCreator"": false, ""likesCount"": 0, ""newerChildrenCount"": 0, ""newRepliesCount"": 0, ""parentID"": 2536706, ""pinnedAt"": null, ""text"": ""Glen, \n\nAs you know we reshipped your order! Hopefully you are enjoying your ULC's. If you have any other questions or concerns, feel free to reach out. \n\nSincerely, \n\nKUVRD"", ""userComment"": null}"
2536705,,0,Arti_Dua,no,Hi where is my order? Tracking doesnt move.,2018-04-30T13:12:52Z,https://www.indiegogo.com//projects/universal-lens-cap-1-cap-for-every-dslr-lens#/,"{""authorID"": 17680878, ""authorType"": 0, ""children"": [{""authorID"": 17544637, ""authorType"": 1, ""children"": null, ""childrenTotalCount"": 0, ""commentID"": 2536812, ""commentThreadID"": 158025, ""createdAt"": ""2018-05-08T14:10:56Z"", ""editedAt"": null, ""isDeleted"": false, ""isHidden"": false, ""isReportedByCreator"": false, ""likesCount"": 0, ""newerChildrenCount"": 0, ""newRepliesCount"": 0, ""parentID"": 2536705, ""pinnedAt"": null, ""text"": ""Now, this is not KUVRD bagging on the Post Office but merely regurgitating that which was stated by 3 DIFFERENT employees at the Post Office. No one refutes those statements and because USPS is such a massive conglomerate and yet a necessary part of the system (otherwise companies use carriers like UPS, FEDEX, DHL, etc. which cost a fortune unless shipping thousands of packages a day and have negotiated great rates) it's a necessary evil that everyone deals with… especially small businesses."", ""userComment"": null}, {""authorID"": 17544637, ""authorType"": 1, ""children"": null, ""childrenTotalCount"": 0, ""commentID"": 2536813, ""commentThreadID"": 158025, ""createdAt"": ""2018-05-08T14:11:33Z"", ""editedAt"": null, ""isDeleted"": false, ""isHidden"": false, ""isReportedByCreator"": false, ""likesCount"": 0, ""newerChildrenCount"": 0, ""newRepliesCount"": 0, ""parentID"": 2536705, ""pinnedAt"": null, ""text"": ""By all means, Arti Dua, if you feel you have been wronged by us, please reach out to us personally via email; (contact@kuvrdcamera.com) and we'll be more than happy to refund you your money, create another order for you or come up with a way to help you understand that our intent isn't anything but to ELIMINATE stress photographers face, not create them. We sincerely look forward to hearing from you. - KUVRD"", ""userComment"": null}, {""authorID"": 17680878, ""authorType"": 0, ""children"": null, ""childrenTotalCount"": 0, ""commentID"": 2536814, ""commentThreadID"": 158025, ""createdAt"": ""2018-05-10T06:41:58Z"", ""editedAt"": null, ""isDeleted"": false, ""isHidden"": false, ""isReportedByCreator"": false, ""likesCount"": 0, ""newerChildrenCount"": 0, ""newRepliesCount"": 0, ""parentID"": 2536705, ""pinnedAt"": null, ""text"": ""Thank you for the revert, I have dropped you guys an email"", ""userComment"": null}], ""childrenTotalCount"": 15, ""commentID"": 2536705, ""commentThreadID"": 158025, ""createdAt"": ""2018-04-30T13:12:52Z"", ""editedAt"": ""2018-04-30T13:12:52Z"", ""isDeleted"": false, ""isHidden"": false, ""isReportedByCreator"": false, ""likesCount"": 0, ""newerChildrenCount"": 0, ""newRepliesCount"": 0, ""parentID"": null, ""pinnedAt"": null, ""text"": ""Hi where is my order? Tracking doesnt move."", ""userComment"": null}"
2536812,2536705,1,KUVRD_.,yes,"Now, this is not KUVRD bagging on the Post Office but merely regurgitating that which was stated by 3 DIFFERENT employees at the Post Office. No one refutes those statements and because USPS is such a massive conglomerate and yet a necessary part of the system (otherwise companies use carriers like UPS, FEDEX, DHL, etc. which cost a fortune unless shipping thousands of packages a day and have negotiated great rates) it's a necessary evil that everyone deals with… especially small businesses.",2018-05-08T14:10:56Z,https://www.indiegogo.com//projects/universal-lens-cap-1-cap-for-every-dslr-lens#/,"{""authorID"": 17544637, ""authorType"": 1, ""children"": null, ""childrenTotalCount"": 0, ""commentID"": 2536812, ""commentThreadID"": 158025, ""createdAt"": ""2018-05-08T14:10:56Z"", ""editedAt"": null, ""isDeleted"": false, ""isHidden"": false, ""isReportedByCreator"": false, ""likesCount"": 0, ""newerChildrenCount"": 0, ""newRepliesCount"": 0, ""parentID"": 2536705, ""pinnedAt"": null, ""text"": ""Now, this is not KUVRD bagging on the Post Office but merely regurgitating that which was stated by 3 DIFFERENT employees at the Post Office. No one refutes those statements and because USPS is such a massive conglomerate and yet a necessary part of the system (otherwise companies use carriers like UPS, FEDEX, DHL, etc. which cost a fortune unless shipping thousands of packages a day and have negotiated great rates) it's a necessary evil that everyone deals with… especially small businesses."", ""userComment"": null}"
2536813,2536705,1,KUVRD_.,yes,"By all means, Arti Dua, if you feel you have been wronged by us, please reach out to us personally via email; (contact@kuvrdcamera.com) and we'll be more than happy to refund you your money, create another order for you or come up with a way to help you understand that our intent isn't anything but to ELIMINATE stress photographers face, not create them. We sincerely look forward to hearing from you. - KUVRD",2018-05-08T14:11:33Z,https://www.indiegogo.com//projects/universal-lens-cap-1-cap-for-every-dslr-lens#/,"{""authorID"": 17544637, ""authorType"": 1, ""children"": null, ""childrenTotalCount"": 0, ""commentID"": 2536813, ""commentThreadID"": 158025, ""createdAt"": ""2018-05-08T14:11:33Z"", ""editedAt"": null, ""isDeleted"": false, ""isHidden"": false, ""isReportedByCreator"": false, ""likesCount"": 0, ""newerChildrenCount"": 0, ""newRepliesCount"": 0, ""parentID"": 2536705, ""pinnedAt"": null, ""text"": ""By all means, Arti Dua, if you feel you have been wronged by us, please reach out to us personally via email; (contact@kuvrdcamera.com) and we'll be more than happy to refund you your money, create another order for you or come up with a way to help you understand that our intent isn't anything but to ELIMINATE stress photographers face, not create them. We sincerely look forward to hearing from you. - KUVRD"", ""userComment"": null}"
2536814,2536705,1,Arti_Dua,no,"Thank you for the revert, I have dropped you guys an email",2018-05-10T06:41:58Z,https://www.indiegogo.com//projects/universal-lens-cap-1-cap-for-every-dslr-lens#/,"{""authorID"": 17680878, ""authorType"": 0, ""children"": null, ""childrenTotalCount"": 0, ""commentID"": 2536814, ""commentThreadID"": 158025, ""createdAt"": ""2018-05-10T06:41:58Z"", ""editedAt"": null, ""isDeleted"": false, ""isHidden"": false, ""isReportedByCreator"": false, ""likesCount"": 0, ""newerChildrenCount"": 0, ""newRepliesCount"": 0, ""parentID"": 2536705, ""pinnedAt"": null, ""text"": ""Thank you for the revert, I have dropped you guys an email"", ""userComment"": null}"
2536811,2536705,1,KUVRD_.,yes,Often times batching orders is left to the very end of the day due to the constant but sporadic inflow of customers that come in throughout the business hours dropping off and shipping individual packages. The other reasons are because they’re closing up shop for the weekend (Post Office is closed on Sundays and each branch has adjusted hours on Saturday) or it’s a holiday the next day… making it so they rush their work... especially when it comes to batching.,2018-05-08T14:09:11Z,https://www.indiegogo.com//projects/universal-lens-cap-1-cap-for-every-dslr-lens#/,"{""authorID"": 17544637, ""authorType"": 1, ""children"": [], ""childrenTotalCount"": 0, ""commentID"": 2536811, ""commentThreadID"": 158025, ""createdAt"": ""2018-05-08T14:09:11Z"", ""editedAt"": null, ""isDeleted"": false, ""isHidden"": false, ""isReportedByCreator"": false, ""likesCount"": 0, ""newerChildrenCount"": 0, ""newRepliesCount"": 0, ""parentID"": 2536705, ""pinnedAt"": null, ""text"": ""Often times batching orders is left to the very end of the day due to the constant but sporadic inflow of customers that come in throughout the business hours dropping off and shipping individual packages. The other reasons are because they’re closing up shop for the weekend (Post Office is closed on Sundays and each branch has adjusted hours on Saturday) or it’s a holiday the next day… making it so they rush their work... especially when it comes to batching."", ""userComment"": null}"
2536810,2536705,1,KUVRD_.,yes,"This is not only frustrating, but adds insult to injury because once it leaves that first USPS branch, NO USPS EMPLOYEE CAN PINPOINT THE EXACT LOCATION OF THE PACKAGE…. So, you might ask why wouldn’t USPS mandate the 2nd part with the 2nd employee? Because it’s a public sector company, one ran by the government and one that employs people who are there only to work their 9-5 job and that’s it, reverencing every holiday as sacred…",2018-05-08T14:08:24Z,https://www.indiegogo.com//projects/universal-lens-cap-1-cap-for-every-dslr-lens#/,"{""authorID"": 17544637, ""authorType"": 1, ""children"": [], ""childrenTotalCount"": 0, ""commentID"": 2536810, ""commentThreadID"": 158025, ""createdAt"": ""2018-05-08T14:08:24Z"", ""editedAt"": null, ""isDeleted"": false, ""isHidden"": false, ""isReportedByCreator"": false, ""likesCount"": 0, ""newerChildrenCount"": 0, ""newRepliesCount"": 0, ""parentID"": 2536705, ""pinnedAt"": null, ""text"": ""This is not only frustrating, but adds insult to injury because once it leaves that first USPS branch, NO USPS EMPLOYEE CAN PINPOINT THE EXACT LOCATION OF THE PACKAGE…. So, you might ask why wouldn’t USPS mandate the 2nd part with the 2nd employee? Because it’s a public sector company, one ran by the government and one that employs people who are there only to work their 9-5 job and that’s it, reverencing every holiday as sacred…"", ""userComment"": null}"
2536809,2536705,1,KUVRD_.,yes,"Because the batch list was scanned of the bulk orders, the tracking # number was activated and the recipient was notified. However the tracking # and status of the order will NOT be updated throughout the process of it being shipped from one USPS branch to the one closest to you because it wasn’t actually activated, it was merely put into the mail-stream which is the line at which customers and companies are notified that the package has made progress. In your words, the tracking doesn't move.",2018-05-08T14:07:29Z,https://www.indiegogo.com//projects/universal-lens-cap-1-cap-for-every-dslr-lens#/,"{""authorID"": 17544637, ""authorType"": 1, ""children"": [], ""childrenTotalCount"": 0, ""commentID"": 2536809, ""commentThreadID"": 158025, ""createdAt"": ""2018-05-08T14:07:29Z"", ""editedAt"": null, ""isDeleted"": false, ""isHidden"": false, ""isReportedByCreator"": false, ""likesCount"": 0, ""newerChildrenCount"": 0, ""newRepliesCount"": 0, ""parentID"": 2536705, ""pinnedAt"": null, ""text"": ""Because the batch list was scanned of the bulk orders, the tracking # number was activated and the recipient was notified. However the tracking # and status of the order will NOT be updated throughout the process of it being shipped from one USPS branch to the one closest to you because it wasn’t actually activated, it was merely put into the mail-stream which is the line at which customers and companies are notified that the package has made progress. In your words, the tracking doesn't move."", ""userComment"": null}"
2536808,2536705,1,KUVRD_.,yes,"However, it is not until the second employee goes in and personally scans each order and its associating barcode that the order ACTUALLY truly activates the tracking # and updates it accordingly. Here’s the kicker; the 2nd part with the 2nd employee isn’t NECESSARY in order to have packages delivered to addresses. It’s more of a ‘cross your ’t’s and dot your ‘i’s’ kind of thing and to provide temporary information to customers anxious about getting their package.",2018-05-08T14:06:52Z,https://www.indiegogo.com//projects/universal-lens-cap-1-cap-for-every-dslr-lens#/,"{""authorID"": 17544637, ""authorType"": 1, ""children"": [], ""childrenTotalCount"": 0, ""commentID"": 2536808, ""commentThreadID"": 158025, ""createdAt"": ""2018-05-08T14:06:52Z"", ""editedAt"": null, ""isDeleted"": false, ""isHidden"": false, ""isReportedByCreator"": false, ""likesCount"": 0, ""newerChildrenCount"": 0, ""newRepliesCount"": 0, ""parentID"": 2536705, ""pinnedAt"": null, ""text"": ""However, it is not until the second employee goes in and personally scans each order and its associating barcode that the order ACTUALLY truly activates the tracking # and updates it accordingly. Here’s the kicker; the 2nd part with the 2nd employee isn’t NECESSARY in order to have packages delivered to addresses. It’s more of a ‘cross your ’t’s and dot your ‘i’s’ kind of thing and to provide temporary information to customers anxious about getting their package."", ""userComment"": null}"
2536807,2536705,1,KUVRD_.,yes,"The employee scans the batch list (NOT THE TRACKING NUMBERS) and sets the bulk orders aside for a 2nd employee to go through and individually scan each barcode on each order.  When the 1st employee scans the batch list, everyone’s tracking # immediately hits the mail-stream and all customers are notified that their package is ‘on its way’.",2018-05-08T14:06:36Z,https://www.indiegogo.com//projects/universal-lens-cap-1-cap-for-every-dslr-lens#/,"{""authorID"": 17544637, ""authorType"": 1, ""children"": [], ""childrenTotalCount"": 0, ""commentID"": 2536807, ""commentThreadID"": 158025, ""createdAt"": ""2018-05-08T14:06:36Z"", ""editedAt"": null, ""isDeleted"": false, ""isHidden"": false, ""isReportedByCreator"": false, ""likesCount"": 0, ""newerChildrenCount"": 0, ""newRepliesCount"": 0, ""parentID"": 2536705, ""pinnedAt"": null, ""text"": ""The employee scans the batch list (NOT THE TRACKING NUMBERS) and sets the bulk orders aside for a 2nd employee to go through and individually scan each barcode on each order.  When the 1st employee scans the batch list, everyone’s tracking # immediately hits the mail-stream and all customers are notified that their package is ‘on its way’."", ""userComment"": null}"
2536806,2536705,1,KUVRD_.,yes,There is a quick and efficient way to ship out a bulk amount of orders for large companies. It’s called ‘batching’. Any amount of orders higher than 50 is considered a ‘batch’ and the way it works is a USPS employee will receive a batch list with the bulk order. This batch list will indicate the quantity of orders within bulk order and provide the ‘tracking #’ for each order.,2018-05-08T14:06:19Z,https://www.indiegogo.com//projects/universal-lens-cap-1-cap-for-every-dslr-lens#/,"{""authorID"": 17544637, ""authorType"": 1, ""children"": [], ""childrenTotalCount"": 0, ""commentID"": 2536806, ""commentThreadID"": 158025, ""createdAt"": ""2018-05-08T14:06:19Z"", ""editedAt"": null, ""isDeleted"": false, ""isHidden"": false, ""isReportedByCreator"": false, ""likesCount"": 0, ""newerChildrenCount"": 0, ""newRepliesCount"": 0, ""parentID"": 2536705, ""pinnedAt"": null, ""text"": ""There is a quick and efficient way to ship out a bulk amount of orders for large companies. It’s called ‘batching’. Any amount of orders higher than 50 is considered a ‘batch’ and the way it works is a USPS employee will receive a batch list with the bulk order. This batch list will indicate the quantity of orders within bulk order and provide the ‘tracking #’ for each order."", ""userComment"": null}"
2536805,2536705,1,KUVRD_.,yes,"With that said, we have 147 backers from Kickstarter alone that haven't given us their shipping addresses. We've reached out to them three times in three different updates, emailed each and everyone of them personally twice, direct messaged them twice and published a lengthy caption about this specific thing on our Social Media outlets.",2018-05-08T14:05:26Z,https://www.indiegogo.com//projects/universal-lens-cap-1-cap-for-every-dslr-lens#/,"{""authorID"": 17544637, ""authorType"": 1, ""children"": [], ""childrenTotalCount"": 0, ""commentID"": 2536805, ""commentThreadID"": 158025, ""createdAt"": ""2018-05-08T14:05:26Z"", ""editedAt"": null, ""isDeleted"": false, ""isHidden"": false, ""isReportedByCreator"": false, ""likesCount"": 0, ""newerChildrenCount"": 0, ""newRepliesCount"": 0, ""parentID"": 2536705, ""pinnedAt"": null, ""text"": ""With that said, we have 147 backers from Kickstarter alone that haven't given us their shipping addresses. We've reached out to them three times in three different updates, emailed each and everyone of them personally twice, direct messaged them twice and published a lengthy caption about this specific thing on our Social Media outlets."", ""userComment"": null}"
2536804,2536705,1,KUVRD_.,yes,"Arti Dua, 'claiming that an order has been received' is first an action dispatched by the campaigner (KUVRD) that then the backer approves stating that they did receive it. We've shipped out 942 orders, 98% of them have been received and we have tracking #s and data history to prove that. We're not trying to scam you or focus more on generating sales from amazon and other sources (by the way, we don't even handle sales via Amazon, a distributor reached out and does that for us).",2018-05-08T14:03:32Z,https://www.indiegogo.com//projects/universal-lens-cap-1-cap-for-every-dslr-lens#/,"{""authorID"": 17544637, ""authorType"": 1, ""children"": [], ""childrenTotalCount"": 0, ""commentID"": 2536804, ""commentThreadID"": 158025, ""createdAt"": ""2018-05-08T14:03:32Z"", ""editedAt"": null, ""isDeleted"": false, ""isHidden"": false, ""isReportedByCreator"": false, ""likesCount"": 0, ""newerChildrenCount"": 0, ""newRepliesCount"": 0, ""parentID"": 2536705, ""pinnedAt"": null, ""text"": ""Arti Dua, 'claiming that an order has been received' is first an action dispatched by the campaigner (KUVRD) that then the backer approves stating that they did receive it. We've shipped out 942 orders, 98% of them have been received and we have tracking #s and data history to prove that. We're not trying to scam you or focus more on generating sales from amazon and other sources (by the way, we don't even handle sales via Amazon, a distributor reached out and does that for us)."", ""userComment"": null}"
2536797,2536705,1,Arti_Dua,no,"I'm sorry but it doesnt look like. You guys look more focused on generating your sales from amazon and other sources, It doesnt look like you guys care about your original backers. Otherwise you would be investigating the issue, I dont see one person on indigogo claiming they received their product, this is isn't my first campaign, A lot of people ship products in batches.",2018-05-04T20:11:41Z,https://www.indiegogo.com//projects/universal-lens-cap-1-cap-for-every-dslr-lens#/,"{""authorID"": 17680878, ""authorType"": 0, ""children"": [], ""childrenTotalCount"": 0, ""commentID"": 2536797, ""commentThreadID"": 158025, ""createdAt"": ""2018-05-04T20:11:41Z"", ""editedAt"": null, ""isDeleted"": false, ""isHidden"": false, ""isReportedByCreator"": false, ""likesCount"": 0, ""newerChildrenCount"": 0, ""newRepliesCount"": 0, ""parentID"": 2536705, ""pinnedAt"": null, ""text"": ""I'm sorry but it doesnt look like. You guys look more focused on generating your sales from amazon and other sources, It doesnt look like you guys care about your original backers. Otherwise you would be investigating the issue, I dont see one person on indigogo claiming they received their product, this is isn't my first campaign, A lot of people ship products in batches."", ""userComment"": null}"
2536796,2536705,1,KUVRD_.,yes,We have been VERY involved.,2018-05-04T16:30:30Z,https://www.indiegogo.com//projects/universal-lens-cap-1-cap-for-every-dslr-lens#/,"{""authorID"": 17544637, ""authorType"": 1, ""children"": [], ""childrenTotalCount"": 0, ""commentID"": 2536796, ""commentThreadID"": 158025, ""createdAt"": ""2018-05-04T16:30:30Z"", ""editedAt"": null, ""isDeleted"": false, ""isHidden"": false, ""isReportedByCreator"": false, ""likesCount"": 0, ""newerChildrenCount"": 0, ""newRepliesCount"": 0, ""parentID"": 2536705, ""pinnedAt"": null, ""text"": ""We have been VERY involved."", ""userComment"": null}"
2536795,2536705,1,Arti_Dua,no,Putting it on the courier company doesnt work out. You need to get involve.,2018-04-30T18:30:48Z,https://www.indiegogo.com//projects/universal-lens-cap-1-cap-for-every-dslr-lens#/,"{""authorID"": 17680878, ""authorType"": 0, ""children"": [], ""childrenTotalCount"": 0, ""commentID"": 2536795, ""commentThreadID"": 158025, ""createdAt"": ""2018-04-30T18:30:48Z"", ""editedAt"": null, ""isDeleted"": false, ""isHidden"": false, ""isReportedByCreator"": false, ""likesCount"": 0, ""newerChildrenCount"": 0, ""newRepliesCount"": 0, ""parentID"": 2536705, ""pinnedAt"": null, ""text"": ""Putting it on the courier company doesnt work out. You need to get involve."", ""userComment"": null}"
2536794,2536705,1,KUVRD_.,yes,We tried to let everyone know in the update....,2018-04-30T18:25:59Z,https://www.indiegogo.com//projects/universal-lens-cap-1-cap-for-every-dslr-lens#/,"{""authorID"": 17544637, ""authorType"": 1, ""children"": [], ""childrenTotalCount"": 0, ""commentID"": 2536794, ""commentThreadID"": 158025, ""createdAt"": ""2018-04-30T18:25:59Z"", ""editedAt"": null, ""isDeleted"": false, ""isHidden"": false, ""isReportedByCreator"": false, ""likesCount"": 0, ""newerChildrenCount"": 0, ""newRepliesCount"": 0, ""parentID"": 2536705, ""pinnedAt"": null, ""text"": ""We tried to let everyone know in the update...."", ""userComment"": null}"
2536704,,0,Arjan_de Jong,no,"You refer to the update but there is no information or solution in it when it comes to crappy USPS giving no update about sending your product overseas. I agree that with your company size it's not really an option to track all individual orders but with quite some customers asking for info maybe it's time to make a call? My product has been in the void since March 27th. It's really unacceptable, both the delay and lack of info. $30 shipping costs: a ridiculous amount for the service you get.",2018-04-30T05:56:57Z,https://www.indiegogo.com//projects/universal-lens-cap-1-cap-for-every-dslr-lens#/,"{""authorID"": 3227323, ""authorType"": 0, ""children"": [{""authorID"": 17544637, ""authorType"": 1, ""children"": null, ""childrenTotalCount"": 0, ""commentID"": 2536801, ""commentThreadID"": 158025, ""createdAt"": ""2018-05-08T13:55:18Z"", ""editedAt"": null, ""isDeleted"": false, ""isHidden"": false, ""isReportedByCreator"": false, ""likesCount"": 0, ""newerChildrenCount"": 0, ""newRepliesCount"": 0, ""parentID"": 2536704, ""pinnedAt"": null, ""text"": ""We also have to wait longer to receive feedback from you -positive or constructive- and if anything, these kinds of things are headaches for all of us as it takes precious time away from you and away from us because of a problem SOMEONE else created. We're not here to take advantage of you, screw you out of money or deprive you of your belief in us a company, which is why at this point we're willing to eat the costs of creating a new order, packaging & fulfilling it and paying for shipping."", ""userComment"": null}, {""authorID"": 17544637, ""authorType"": 1, ""children"": null, ""childrenTotalCount"": 0, ""commentID"": 2536802, ""commentThreadID"": 158025, ""createdAt"": ""2018-05-08T13:58:33Z"", ""editedAt"": null, ""isDeleted"": false, ""isHidden"": false, ""isReportedByCreator"": false, ""likesCount"": 0, ""newerChildrenCount"": 0, ""newRepliesCount"": 0, ""parentID"": 2536704, ""pinnedAt"": null, ""text"": ""You're the 18th order from Indiegogo that has had issues with shipping and handling and knowing that USPS has an error rate of 3%, it lines up perfectly knowing we had to ship nearly 1000 orders from this Indiegogo Campaign. Again, we're not here to steal your money or place blame on others... at the same time, we as a small business and new start-up NEED to take necessary steps in order to ensure that customers don't take advantage of USPS's flaw and start receiving double their orders."", ""userComment"": null}, {""authorID"": 17544637, ""authorType"": 1, ""children"": null, ""childrenTotalCount"": 0, ""commentID"": 2536803, ""commentThreadID"": 158025, ""createdAt"": ""2018-05-08T13:59:58Z"", ""editedAt"": null, ""isDeleted"": false, ""isHidden"": false, ""isReportedByCreator"": false, ""likesCount"": 0, ""newerChildrenCount"": 0, ""newRepliesCount"": 0, ""parentID"": 2536704, ""pinnedAt"": null, ""text"": ""By all means, Arjan de Jong, if you feel you have been wronged by us, please reach out to us personally via email; (contact@kuvrdcamera.com) and we'll be more than happy to refund you your money, create another order for you or come up with a way to help you understand that our intent isn't anything but to ELIMINATE stress photographers face, not create them. We sincerely look forward to hearing from you. - KUVRD"", ""userComment"": null}], ""childrenTotalCount"": 7, ""commentID"": 2536704, ""commentThreadID"": 158025, ""createdAt"": ""2018-04-30T05:56:57Z"", ""editedAt"": ""2018-04-30T05:56:57Z"", ""isDeleted"": false, ""isHidden"": false, ""isReportedByCreator"": false, ""likesCount"": 0, ""newerChildrenCount"": 0, ""newRepliesCount"": 0, ""parentID"": null, ""pinnedAt"": null, ""text"": ""You refer to the update but there is no information or solution in it when it comes to crappy USPS giving no update about sending your product overseas. I agree that with your company size it's not really an option to track all individual orders but with quite some customers asking for info maybe it's time to make a call? My product has been in the void since March 27th. It's really unacceptable, both the delay and lack of info. $30 shipping costs: a ridiculous amount for the service you get."", ""userComment"": null}"
2536801,2536704,1,KUVRD_.,yes,"We also have to wait longer to receive feedback from you -positive or constructive- and if anything, these kinds of things are headaches for all of us as it takes precious time away from you and away from us because of a problem SOMEONE else created. We're not here to take advantage of you, screw you out of money or deprive you of your belief in us a company, which is why at this point we're willing to eat the costs of creating a new order, packaging & fulfilling it and paying for shipping.",2018-05-08T13:55:18Z,https://www.indiegogo.com//projects/universal-lens-cap-1-cap-for-every-dslr-lens#/,"{""authorID"": 17544637, ""authorType"": 1, ""children"": null, ""childrenTotalCount"": 0, ""commentID"": 2536801, ""commentThreadID"": 158025, ""createdAt"": ""2018-05-08T13:55:18Z"", ""editedAt"": null, ""isDeleted"": false, ""isHidden"": false, ""isReportedByCreator"": false, ""likesCount"": 0, ""newerChildrenCount"": 0, ""newRepliesCount"": 0, ""parentID"": 2536704, ""pinnedAt"": null, ""text"": ""We also have to wait longer to receive feedback from you -positive or constructive- and if anything, these kinds of things are headaches for all of us as it takes precious time away from you and away from us because of a problem SOMEONE else created. We're not here to take advantage of you, screw you out of money or deprive you of your belief in us a company, which is why at this point we're willing to eat the costs of creating a new order, packaging & fulfilling it and paying for shipping."", ""userComment"": null}"
2536802,2536704,1,KUVRD_.,yes,"You're the 18th order from Indiegogo that has had issues with shipping and handling and knowing that USPS has an error rate of 3%, it lines up perfectly knowing we had to ship nearly 1000 orders from this Indiegogo Campaign. Again, we're not here to steal your money or place blame on others... at the same time, we as a small business and new start-up NEED to take necessary steps in order to ensure that customers don't take advantage of USPS's flaw and start receiving double their orders.",2018-05-08T13:58:33Z,https://www.indiegogo.com//projects/universal-lens-cap-1-cap-for-every-dslr-lens#/,"{""authorID"": 17544637, ""authorType"": 1, ""children"": null, ""childrenTotalCount"": 0, ""commentID"": 2536802, ""commentThreadID"": 158025, ""createdAt"": ""2018-05-08T13:58:33Z"", ""editedAt"": null, ""isDeleted"": false, ""isHidden"": false, ""isReportedByCreator"": false, ""likesCount"": 0, ""newerChildrenCount"": 0, ""newRepliesCount"": 0, ""parentID"": 2536704, ""pinnedAt"": null, ""text"": ""You're the 18th order from Indiegogo that has had issues with shipping and handling and knowing that USPS has an error rate of 3%, it lines up perfectly knowing we had to ship nearly 1000 orders from this Indiegogo Campaign. Again, we're not here to steal your money or place blame on others... at the same time, we as a small business and new start-up NEED to take necessary steps in order to ensure that customers don't take advantage of USPS's flaw and start receiving double their orders."", ""userComment"": null}"
2536803,2536704,1,KUVRD_.,yes,"By all means, Arjan de Jong, if you feel you have been wronged by us, please reach out to us personally via email; (contact@kuvrdcamera.com) and we'll be more than happy to refund you your money, create another order for you or come up with a way to help you understand that our intent isn't anything but to ELIMINATE stress photographers face, not create them. We sincerely look forward to hearing from you. - KUVRD",2018-05-08T13:59:58Z,https://www.indiegogo.com//projects/universal-lens-cap-1-cap-for-every-dslr-lens#/,"{""authorID"": 17544637, ""authorType"": 1, ""children"": null, ""childrenTotalCount"": 0, ""commentID"": 2536803, ""commentThreadID"": 158025, ""createdAt"": ""2018-05-08T13:59:58Z"", ""editedAt"": null, ""isDeleted"": false, ""isHidden"": false, ""isReportedByCreator"": false, ""likesCount"": 0, ""newerChildrenCount"": 0, ""newRepliesCount"": 0, ""parentID"": 2536704, ""pinnedAt"": null, ""text"": ""By all means, Arjan de Jong, if you feel you have been wronged by us, please reach out to us personally via email; (contact@kuvrdcamera.com) and we'll be more than happy to refund you your money, create another order for you or come up with a way to help you understand that our intent isn't anything but to ELIMINATE stress photographers face, not create them. We sincerely look forward to hearing from you. - KUVRD"", ""userComment"": null}"
2536800,2536704,1,KUVRD_.,yes,"In no way does anyone benefit from having you NOT receive your package. You don't get your order and therefore your view of us as a company is tainted and often times poisoned because of an issue that was created by another company... in this case, the Post Office. We don't benefit because a potentially loyal and returning customer doesn't get to try out the product and see for themselves how it benefits them...",2018-05-08T13:52:40Z,https://www.indiegogo.com//projects/universal-lens-cap-1-cap-for-every-dslr-lens#/,"{""authorID"": 17544637, ""authorType"": 1, ""children"": [], ""childrenTotalCount"": 0, ""commentID"": 2536800, ""commentThreadID"": 158025, ""createdAt"": ""2018-05-08T13:52:40Z"", ""editedAt"": null, ""isDeleted"": false, ""isHidden"": false, ""isReportedByCreator"": false, ""likesCount"": 0, ""newerChildrenCount"": 0, ""newRepliesCount"": 0, ""parentID"": 2536704, ""pinnedAt"": null, ""text"": ""In no way does anyone benefit from having you NOT receive your package. You don't get your order and therefore your view of us as a company is tainted and often times poisoned because of an issue that was created by another company... in this case, the Post Office. We don't benefit because a potentially loyal and returning customer doesn't get to try out the product and see for themselves how it benefits them..."", ""userComment"": null}"
2536799,2536704,1,KUVRD_.,yes,"Arjan de Jong, what would you suggest we do at this point? We'd be happy to create another order for you, refund you your money, wait it out longer to see if the package arrives... what would you prefer? We're not trying to pass the buck onto the Post Office nor blame externalities outside our control but 97% of customers that have dealt with your exact problem either received the package, it just took longer due to USPS or customs notified them that their package was in holding.",2018-05-08T13:49:50Z,https://www.indiegogo.com//projects/universal-lens-cap-1-cap-for-every-dslr-lens#/,"{""authorID"": 17544637, ""authorType"": 1, ""children"": [], ""childrenTotalCount"": 0, ""commentID"": 2536799, ""commentThreadID"": 158025, ""createdAt"": ""2018-05-08T13:49:50Z"", ""editedAt"": null, ""isDeleted"": false, ""isHidden"": false, ""isReportedByCreator"": false, ""likesCount"": 0, ""newerChildrenCount"": 0, ""newRepliesCount"": 0, ""parentID"": 2536704, ""pinnedAt"": null, ""text"": ""Arjan de Jong, what would you suggest we do at this point? We'd be happy to create another order for you, refund you your money, wait it out longer to see if the package arrives... what would you prefer? We're not trying to pass the buck onto the Post Office nor blame externalities outside our control but 97% of customers that have dealt with your exact problem either received the package, it just took longer due to USPS or customs notified them that their package was in holding."", ""userComment"": null}"
2536798,2536704,1,Arjan_de Jong,no,"I have tried to contact USPS but they won't let me and say this on their website: ""For International inquiries, per the Universal Postal Union (UPU), if your inquiry pertains to the status of an article mailed from a US address to an address outside of the US, you must contact the US sender and ask them to initiate an inquiry with the US Postal Service by calling 1-800-222-1811. "" I'm at the point of taking legal steps against you so I expect you to act and follow up. Good luck.",2018-05-08T09:34:48Z,https://www.indiegogo.com//projects/universal-lens-cap-1-cap-for-every-dslr-lens#/,"{""authorID"": 3227323, ""authorType"": 0, ""children"": [], ""childrenTotalCount"": 0, ""commentID"": 2536798, ""commentThreadID"": 158025, ""createdAt"": ""2018-05-08T09:34:48Z"", ""editedAt"": null, ""isDeleted"": false, ""isHidden"": false, ""isReportedByCreator"": false, ""likesCount"": 0, ""newerChildrenCount"": 0, ""newRepliesCount"": 0, ""parentID"": 2536704, ""pinnedAt"": null, ""text"": ""I have tried to contact USPS but they won't let me and say this on their website: \""For International inquiries, per the Universal Postal Union (UPU), if your inquiry pertains to the status of an article mailed from a US address to an address outside of the US, you must contact the US sender and ask them to initiate an inquiry with the US Postal Service by calling 1-800-222-1811. \"" I'm at the point of taking legal steps against you so I expect you to act and follow up. Good luck."", ""userComment"": null}"
2536793,2536704,1,KUVRD_.,yes,"We totally understand your frustration, and if there was something else we could do, we would!!  We have called the post office many times, and there is no way for us to figure out any more information.  As far as KUVRD is concerned, we are trying to respond, and keep everyone updated as much as we can, even though it's not much.  Hopefully our service has been acceptable, even though the post office has not been able to deliver your product yet.",2018-04-30T18:25:32Z,https://www.indiegogo.com//projects/universal-lens-cap-1-cap-for-every-dslr-lens#/,"{""authorID"": 17544637, ""authorType"": 1, ""children"": [], ""childrenTotalCount"": 0, ""commentID"": 2536793, ""commentThreadID"": 158025, ""createdAt"": ""2018-04-30T18:25:32Z"", ""editedAt"": null, ""isDeleted"": false, ""isHidden"": false, ""isReportedByCreator"": false, ""likesCount"": 0, ""newerChildrenCount"": 0, ""newRepliesCount"": 0, ""parentID"": 2536704, ""pinnedAt"": null, ""text"": ""We totally understand your frustration, and if there was something else we could do, we would!!  We have called the post office many times, and there is no way for us to figure out any more information.  As far as KUVRD is concerned, we are trying to respond, and keep everyone updated as much as we can, even though it's not much.  Hopefully our service has been acceptable, even though the post office has not been able to deliver your product yet."", ""userComment"": null}"
2536703,,0,Paul_Brownie,no,"I received the tracking email to say the lens caps had been sent but like the other recent comments nothing has arrived and the status of the package has not changed in the last month, referring us to the update information is not really helping. I think after a month you might think about re-sending the lens caps.",2018-04-26T21:06:26Z,https://www.indiegogo.com//projects/universal-lens-cap-1-cap-for-every-dslr-lens#/,"{""authorID"": 14182513, ""authorType"": 0, ""children"": [{""authorID"": 17544637, ""authorType"": 1, ""children"": null, ""childrenTotalCount"": 0, ""commentID"": 2536790, ""commentThreadID"": 158025, ""createdAt"": ""2018-04-27T03:11:00Z"", ""editedAt"": null, ""isDeleted"": false, ""isHidden"": false, ""isReportedByCreator"": false, ""likesCount"": 0, ""newerChildrenCount"": 0, ""newRepliesCount"": 0, ""parentID"": 2536703, ""pinnedAt"": null, ""text"": ""Paul, The reason we refer you to the update is because it does explain why tracking may not be updating.  As of right now, only ONE customer has had their product returned to us.. all the rest eventually receive them if they are patient.  If we were to re-send everyones order, the same thing would happen again, except everyone would get a double order, and as I'm sure you can imagine, that's not really feasible for our small startup company.  Everyone just needs to be patient!  They will come!"", ""userComment"": null}, {""authorID"": 14182513, ""authorType"": 0, ""children"": null, ""childrenTotalCount"": 0, ""commentID"": 2536791, ""commentThreadID"": 158025, ""createdAt"": ""2018-04-27T03:26:17Z"", ""editedAt"": null, ""isDeleted"": false, ""isHidden"": false, ""isReportedByCreator"": false, ""likesCount"": 0, ""newerChildrenCount"": 0, ""newRepliesCount"": 0, ""parentID"": 2536703, ""pinnedAt"": null, ""text"": ""Thanks for your reply, any idea what is a realistic delivery time for the lens caps sent via USPS?\nI thought waiting 31 days after getting a shipping advise before saying anything was being patient,"", ""userComment"": null}, {""authorID"": 17544637, ""authorType"": 1, ""children"": null, ""childrenTotalCount"": 0, ""commentID"": 2536792, ""commentThreadID"": 158025, ""createdAt"": ""2018-04-30T18:22:20Z"", ""editedAt"": null, ""isDeleted"": false, ""isHidden"": false, ""isReportedByCreator"": false, ""likesCount"": 0, ""newerChildrenCount"": 0, ""newRepliesCount"": 0, ""parentID"": 2536703, ""pinnedAt"": null, ""text"": ""We understand, and are sorry that it is taking so long.  If you contact the post office, they may be able to give you some more information, but as of right now, we don't have any way to find out why the post is taking so long either."", ""userComment"": null}], ""childrenTotalCount"": 3, ""commentID"": 2536703, ""commentThreadID"": 158025, ""createdAt"": ""2018-04-26T21:06:26Z"", ""editedAt"": ""2018-04-26T21:06:26Z"", ""isDeleted"": false, ""isHidden"": false, ""isReportedByCreator"": false, ""likesCount"": 0, ""newerChildrenCount"": 0, ""newRepliesCount"": 0, ""parentID"": null, ""pinnedAt"": null, ""text"": ""I received the tracking email to say the lens caps had been sent but like the other recent comments nothing has arrived and the status of the package has not changed in the last month, referring us to the update information is not really helping. I think after a month you might think about re-sending the lens caps."", ""userComment"": null}"
2536790,2536703,1,KUVRD_.,yes,"Paul, The reason we refer you to the update is because it does explain why tracking may not be updating.  As of right now, only ONE customer has had their product returned to us.. all the rest eventually receive them if they are patient.  If we were to re-send everyones order, the same thing would happen again, except everyone would get a double order, and as I'm sure you can imagine, that's not really feasible for our small startup company.  Everyone just needs to be patient!  They will come!",2018-04-27T03:11:00Z,https://www.indiegogo.com//projects/universal-lens-cap-1-cap-for-every-dslr-lens#/,"{""authorID"": 17544637, ""authorType"": 1, ""children"": null, ""childrenTotalCount"": 0, ""commentID"": 2536790, ""commentThreadID"": 158025, ""createdAt"": ""2018-04-27T03:11:00Z"", ""editedAt"": null, ""isDeleted"": false, ""isHidden"": false, ""isReportedByCreator"": false, ""likesCount"": 0, ""newerChildrenCount"": 0, ""newRepliesCount"": 0, ""parentID"": 2536703, ""pinnedAt"": null, ""text"": ""Paul, The reason we refer you to the update is because it does explain why tracking may not be updating.  As of right now, only ONE customer has had their product returned to us.. all the rest eventually receive them if they are patient.  If we were to re-send everyones order, the same thing would happen again, except everyone would get a double order, and as I'm sure you can imagine, that's not really feasible for our small startup company.  Everyone just needs to be patient!  They will come!"", ""userComment"": null}"
2536791,2536703,1,Paul_Brownie,no,"Thanks for your reply, any idea what is a realistic delivery time for the lens caps sent via USPS? I thought waiting 31 days after getting a shipping advise before saying anything was being patient,",2018-04-27T03:26:17Z,https://www.indiegogo.com//projects/universal-lens-cap-1-cap-for-every-dslr-lens#/,"{""authorID"": 14182513, ""authorType"": 0, ""children"": null, ""childrenTotalCount"": 0, ""commentID"": 2536791, ""commentThreadID"": 158025, ""createdAt"": ""2018-04-27T03:26:17Z"", ""editedAt"": null, ""isDeleted"": false, ""isHidden"": false, ""isReportedByCreator"": false, ""likesCount"": 0, ""newerChildrenCount"": 0, ""newRepliesCount"": 0, ""parentID"": 2536703, ""pinnedAt"": null, ""text"": ""Thanks for your reply, any idea what is a realistic delivery time for the lens caps sent via USPS?\nI thought waiting 31 days after getting a shipping advise before saying anything was being patient,"", ""userComment"": null}"
2536792,2536703,1,KUVRD_.,yes,"We understand, and are sorry that it is taking so long.  If you contact the post office, they may be able to give you some more information, but as of right now, we don't have any way to find out why the post is taking so long either.",2018-04-30T18:22:20Z,https://www.indiegogo.com//projects/universal-lens-cap-1-cap-for-every-dslr-lens#/,"{""authorID"": 17544637, ""authorType"": 1, ""children"": null, ""childrenTotalCount"": 0, ""commentID"": 2536792, ""commentThreadID"": 158025, ""createdAt"": ""2018-04-30T18:22:20Z"", ""editedAt"": null, ""isDeleted"": false, ""isHidden"": false, ""isReportedByCreator"": false, ""likesCount"": 0, ""newerChildrenCount"": 0, ""newRepliesCount"": 0, ""parentID"": 2536703, ""pinnedAt"": null, ""text"": ""We understand, and are sorry that it is taking so long.  If you contact the post office, they may be able to give you some more information, but as of right now, we don't have any way to find out why the post is taking so long either."", ""userComment"": null}"
2536702,,0,Pedro_Carvalho_ef08,no,"My order still shows shipment Received Package Acceptance Pending (LZ549342640US). Its been there already one months, where is the product?",2018-04-23T07:00:25Z,https://www.indiegogo.com//projects/universal-lens-cap-1-cap-for-every-dslr-lens#/,"{""authorID"": 15265537, ""authorType"": 0, ""children"": [{""authorID"": 17544637, ""authorType"": 1, ""children"": null, ""childrenTotalCount"": 0, ""commentID"": 2536789, ""commentThreadID"": 158025, ""createdAt"": ""2018-04-23T20:00:44Z"", ""editedAt"": null, ""isDeleted"": false, ""isHidden"": false, ""isReportedByCreator"": false, ""likesCount"": 0, ""newerChildrenCount"": 0, ""newRepliesCount"": 0, ""parentID"": 2536702, ""pinnedAt"": null, ""text"": ""We tried to let everyone know in the update..."", ""userComment"": null}], ""childrenTotalCount"": 1, ""commentID"": 2536702, ""commentThreadID"": 158025, ""createdAt"": ""2018-04-23T07:00:25Z"", ""editedAt"": ""2018-04-23T07:00:25Z"", ""isDeleted"": false, ""isHidden"": false, ""isReportedByCreator"": false, ""likesCount"": 0, ""newerChildrenCount"": 0, ""newRepliesCount"": 0, ""parentID"": null, ""pinnedAt"": null, ""text"": ""My order still shows shipment Received Package Acceptance Pending (LZ549342640US). Its been there already one months, where is the product?"", ""userComment"": null}"
2536789,2536702,1,KUVRD_.,yes,We tried to let everyone know in the update...,2018-04-23T20:00:44Z,https://www.indiegogo.com//projects/universal-lens-cap-1-cap-for-every-dslr-lens#/,"{""authorID"": 17544637, ""authorType"": 1, ""children"": null, ""childrenTotalCount"": 0, ""commentID"": 2536789, ""commentThreadID"": 158025, ""createdAt"": ""2018-04-23T20:00:44Z"", ""editedAt"": null, ""isDeleted"": false, ""isHidden"": false, ""isReportedByCreator"": false, ""likesCount"": 0, ""newerChildrenCount"": 0, ""newRepliesCount"": 0, ""parentID"": 2536702, ""pinnedAt"": null, ""text"": ""We tried to let everyone know in the update..."", ""userComment"": null}"
2536701,,0,Gene_Lin_def0,no,It’s taking so long for shipping from facility to USPS. Is there any news ? It’s almost one month ald.,2018-04-21T03:09:48Z,https://www.indiegogo.com//projects/universal-lens-cap-1-cap-for-every-dslr-lens#/,"{""authorID"": 5436555, ""authorType"": 0, ""children"": [{""authorID"": 17544637, ""authorType"": 1, ""children"": null, ""childrenTotalCount"": 0, ""commentID"": 2536788, ""commentThreadID"": 158025, ""createdAt"": ""2018-04-23T20:00:29Z"", ""editedAt"": null, ""isDeleted"": false, ""isHidden"": false, ""isReportedByCreator"": false, ""likesCount"": 0, ""newerChildrenCount"": 0, ""newRepliesCount"": 0, ""parentID"": 2536701, ""pinnedAt"": null, ""text"": ""We tried to let everyone know in the update...."", ""userComment"": null}], ""childrenTotalCount"": 1, ""commentID"": 2536701, ""commentThreadID"": 158025, ""createdAt"": ""2018-04-21T03:09:48Z"", ""editedAt"": ""2018-04-21T03:09:48Z"", ""isDeleted"": false, ""isHidden"": false, ""isReportedByCreator"": false, ""likesCount"": 0, ""newerChildrenCount"": 0, ""newRepliesCount"": 0, ""parentID"": null, ""pinnedAt"": null, ""text"": ""It’s taking so long for shipping from facility to USPS. Is there any news ? It’s almost one month ald."", ""userComment"": null}"
2536788,2536701,1,KUVRD_.,yes,We tried to let everyone know in the update....,2018-04-23T20:00:29Z,https://www.indiegogo.com//projects/universal-lens-cap-1-cap-for-every-dslr-lens#/,"{""authorID"": 17544637, ""authorType"": 1, ""children"": null, ""childrenTotalCount"": 0, ""commentID"": 2536788, ""commentThreadID"": 158025, ""createdAt"": ""2018-04-23T20:00:29Z"", ""editedAt"": null, ""isDeleted"": false, ""isHidden"": false, ""isReportedByCreator"": false, ""likesCount"": 0, ""newerChildrenCount"": 0, ""newRepliesCount"": 0, ""parentID"": 2536701, ""pinnedAt"": null, ""text"": ""We tried to let everyone know in the update...."", ""userComment"": null}"
2536700,,0,Arti_Dua,no,"My order still shows  Shipment Received, Package Acceptance Pending . Its been more than 20 days, where is the product?",2018-04-17T05:18:44Z,https://www.indiegogo.com//projects/universal-lens-cap-1-cap-for-every-dslr-lens#/,"{""authorID"": 17680878, ""authorType"": 0, ""children"": [{""authorID"": 17544637, ""authorType"": 1, ""children"": null, ""childrenTotalCount"": 0, ""commentID"": 2536787, ""commentThreadID"": 158025, ""createdAt"": ""2018-04-17T15:10:44Z"", ""editedAt"": null, ""isDeleted"": false, ""isHidden"": false, ""isReportedByCreator"": false, ""likesCount"": 0, ""newerChildrenCount"": 0, ""newRepliesCount"": 0, ""parentID"": 2536700, ""pinnedAt"": null, ""text"": ""We tried to let everyone know in the update...."", ""userComment"": null}], ""childrenTotalCount"": 1, ""commentID"": 2536700, ""commentThreadID"": 158025, ""createdAt"": ""2018-04-17T05:18:44Z"", ""editedAt"": ""2018-04-17T05:18:44Z"", ""isDeleted"": false, ""isHidden"": false, ""isReportedByCreator"": false, ""likesCount"": 0, ""newerChildrenCount"": 0, ""newRepliesCount"": 0, ""parentID"": null, ""pinnedAt"": null, ""text"": ""My order still shows  Shipment Received, Package Acceptance Pending . Its been more than 20 days, where is the product?"", ""userComment"": null}"
2536787,2536700,1,KUVRD_.,yes,We tried to let everyone know in the update....,2018-04-17T15:10:44Z,https://www.indiegogo.com//projects/universal-lens-cap-1-cap-for-every-dslr-lens#/,"{""authorID"": 17544637, ""authorType"": 1, ""children"": null, ""childrenTotalCount"": 0, ""commentID"": 2536787, ""commentThreadID"": 158025, ""createdAt"": ""2018-04-17T15:10:44Z"", ""editedAt"": null, ""isDeleted"": false, ""isHidden"": false, ""isReportedByCreator"": false, ""likesCount"": 0, ""newerChildrenCount"": 0, ""newRepliesCount"": 0, ""parentID"": 2536700, ""pinnedAt"": null, ""text"": ""We tried to let everyone know in the update...."", ""userComment"": null}"
2536699,,0,Taeyong_Lee_a210,no,"Hi I received  tracking email but delivery status is just pending not going well.  could you contact UPS and check what is problem?  or send me email to me, I just want to communicate with you via email about delivery issue.",2018-04-17T02:27:28Z,https://www.indiegogo.com//projects/universal-lens-cap-1-cap-for-every-dslr-lens#/,"{""authorID"": 16786208, ""authorType"": 0, ""children"": [{""authorID"": 17544637, ""authorType"": 1, ""children"": null, ""childrenTotalCount"": 0, ""commentID"": 2536786, ""commentThreadID"": 158025, ""createdAt"": ""2018-04-17T15:10:29Z"", ""editedAt"": null, ""isDeleted"": false, ""isHidden"": false, ""isReportedByCreator"": false, ""likesCount"": 0, ""newerChildrenCount"": 0, ""newRepliesCount"": 0, ""parentID"": 2536699, ""pinnedAt"": null, ""text"": ""We tried to let everyone know in the update....."", ""userComment"": null}], ""childrenTotalCount"": 1, ""commentID"": 2536699, ""commentThreadID"": 158025, ""createdAt"": ""2018-04-17T02:27:28Z"", ""editedAt"": ""2018-04-17T02:27:28Z"", ""isDeleted"": false, ""isHidden"": false, ""isReportedByCreator"": false, ""likesCount"": 0, ""newerChildrenCount"": 0, ""newRepliesCount"": 0, ""parentID"": null, ""pinnedAt"": null, ""text"": ""Hi I received  tracking email but delivery status is just pending not going well.\n\ncould you contact UPS and check what is problem?\n\nor send me email to me, I just want to communicate with you via email about delivery issue."", ""userComment"": null}"
2536786,2536699,1,KUVRD_.,yes,We tried to let everyone know in the update.....,2018-04-17T15:10:29Z,https://www.indiegogo.com//projects/universal-lens-cap-1-cap-for-every-dslr-lens#/,"{""authorID"": 17544637, ""authorType"": 1, ""children"": null, ""childrenTotalCount"": 0, ""commentID"": 2536786, ""commentThreadID"": 158025, ""createdAt"": ""2018-04-17T15:10:29Z"", ""editedAt"": null, ""isDeleted"": false, ""isHidden"": false, ""isReportedByCreator"": false, ""likesCount"": 0, ""newerChildrenCount"": 0, ""newRepliesCount"": 0, ""parentID"": 2536699, ""pinnedAt"": null, ""text"": ""We tried to let everyone know in the update....."", ""userComment"": null}"
2536698,,0,jf_beguin,no,"Tracking information  received, shipment March 27...perk blocked since then. Could you please inform me?",2018-04-13T09:08:25Z,https://www.indiegogo.com//projects/universal-lens-cap-1-cap-for-every-dslr-lens#/,"{""authorID"": 10377796, ""authorType"": 0, ""children"": [{""authorID"": 17544637, ""authorType"": 1, ""children"": null, ""childrenTotalCount"": 0, ""commentID"": 2536785, ""commentThreadID"": 158025, ""createdAt"": ""2018-04-17T15:10:09Z"", ""editedAt"": null, ""isDeleted"": false, ""isHidden"": false, ""isReportedByCreator"": false, ""likesCount"": 0, ""newerChildrenCount"": 0, ""newRepliesCount"": 0, ""parentID"": 2536698, ""pinnedAt"": null, ""text"": ""We tried to let everyone know in the update....."", ""userComment"": null}], ""childrenTotalCount"": 1, ""commentID"": 2536698, ""commentThreadID"": 158025, ""createdAt"": ""2018-04-13T09:08:25Z"", ""editedAt"": ""2018-04-13T09:08:25Z"", ""isDeleted"": false, ""isHidden"": false, ""isReportedByCreator"": false, ""likesCount"": 0, ""newerChildrenCount"": 0, ""newRepliesCount"": 0, ""parentID"": null, ""pinnedAt"": null, ""text"": ""Tracking information  received, shipment March 27...perk blocked since then. Could you please inform me?"", ""userComment"": null}"
2536785,2536698,1,KUVRD_.,yes,We tried to let everyone know in the update.....,2018-04-17T15:10:09Z,https://www.indiegogo.com//projects/universal-lens-cap-1-cap-for-every-dslr-lens#/,"{""authorID"": 17544637, ""authorType"": 1, ""children"": null, ""childrenTotalCount"": 0, ""commentID"": 2536785, ""commentThreadID"": 158025, ""createdAt"": ""2018-04-17T15:10:09Z"", ""editedAt"": null, ""isDeleted"": false, ""isHidden"": false, ""isReportedByCreator"": false, ""likesCount"": 0, ""newerChildrenCount"": 0, ""newRepliesCount"": 0, ""parentID"": 2536698, ""pinnedAt"": null, ""text"": ""We tried to let everyone know in the update....."", ""userComment"": null}"
2536697,,0,MEL_BROWN,no,"WHAT SEEMS TO BE THE PROBLEM HERE !!!! Today is APRIL 9, 2018. I placed my order February 23, 2018 My Order ID #438. When will get my order?  whoever you guys are I WILL NEVER EVER DO BUSINESS WITH THIS COMPANY AGAIN.  SEND ME MY Lens caps PLEASE !!!!!!!!!!!!!!!!",2018-04-09T14:26:51Z,https://www.indiegogo.com//projects/universal-lens-cap-1-cap-for-every-dslr-lens#/,"{""authorID"": 17898451, ""authorType"": 0, ""children"": [{""authorID"": 17544637, ""authorType"": 1, ""children"": null, ""childrenTotalCount"": 0, ""commentID"": 2536783, ""commentThreadID"": 158025, ""createdAt"": ""2018-04-09T20:17:15Z"", ""editedAt"": null, ""isDeleted"": false, ""isHidden"": false, ""isReportedByCreator"": false, ""likesCount"": 0, ""newerChildrenCount"": 0, ""newRepliesCount"": 0, ""parentID"": 2536697, ""pinnedAt"": null, ""text"": ""If your address is not filled out properly, we cannot ship you your order.  Now that you have filled it out, and I have responded to your email, we will get it shipped out today."", ""userComment"": null}], ""childrenTotalCount"": 1, ""commentID"": 2536697, ""commentThreadID"": 158025, ""createdAt"": ""2018-04-09T14:26:51Z"", ""editedAt"": ""2018-04-09T14:26:51Z"", ""isDeleted"": false, ""isHidden"": false, ""isReportedByCreator"": false, ""likesCount"": 0, ""newerChildrenCount"": 0, ""newRepliesCount"": 0, ""parentID"": null, ""pinnedAt"": null, ""text"": ""WHAT SEEMS TO BE THE PROBLEM HERE !!!!\nToday is APRIL 9, 2018.\nI placed my order February 23, 2018 My Order ID #438. When will get my order?  whoever you guys are I WILL NEVER EVER DO BUSINESS WITH THIS COMPANY AGAIN.  SEND ME MY Lens caps PLEASE !!!!!!!!!!!!!!!!"", ""userComment"": null}"
2536783,2536697,1,KUVRD_.,yes,"If your address is not filled out properly, we cannot ship you your order.  Now that you have filled it out, and I have responded to your email, we will get it shipped out today.",2018-04-09T20:17:15Z,https://www.indiegogo.com//projects/universal-lens-cap-1-cap-for-every-dslr-lens#/,"{""authorID"": 17544637, ""authorType"": 1, ""children"": null, ""childrenTotalCount"": 0, ""commentID"": 2536783, ""commentThreadID"": 158025, ""createdAt"": ""2018-04-09T20:17:15Z"", ""editedAt"": null, ""isDeleted"": false, ""isHidden"": false, ""isReportedByCreator"": false, ""likesCount"": 0, ""newerChildrenCount"": 0, ""newRepliesCount"": 0, ""parentID"": 2536697, ""pinnedAt"": null, ""text"": ""If your address is not filled out properly, we cannot ship you your order.  Now that you have filled it out, and I have responded to your email, we will get it shipped out today."", ""userComment"": null}"
2536696,,0,Taeyong_Lee_a210,no,Hi KIVRD.  Could you send me tracking number? I did not receive anything. or send me email address I can request with you about tracking number.,2018-04-07T18:00:02Z,https://www.indiegogo.com//projects/universal-lens-cap-1-cap-for-every-dslr-lens#/,"{""authorID"": 16786208, ""authorType"": 0, ""children"": [{""authorID"": 17544637, ""authorType"": 1, ""children"": null, ""childrenTotalCount"": 0, ""commentID"": 2536784, ""commentThreadID"": 158025, ""createdAt"": ""2018-04-09T20:22:30Z"", ""editedAt"": null, ""isDeleted"": false, ""isHidden"": false, ""isReportedByCreator"": false, ""likesCount"": 0, ""newerChildrenCount"": 0, ""newRepliesCount"": 0, ""parentID"": 2536696, ""pinnedAt"": null, ""text"": ""We emailed you the tracking number!!"", ""userComment"": null}], ""childrenTotalCount"": 1, ""commentID"": 2536696, ""commentThreadID"": 158025, ""createdAt"": ""2018-04-07T18:00:02Z"", ""editedAt"": ""2018-04-07T18:00:02Z"", ""isDeleted"": false, ""isHidden"": false, ""isReportedByCreator"": false, ""likesCount"": 0, ""newerChildrenCount"": 0, ""newRepliesCount"": 0, ""parentID"": null, ""pinnedAt"": null, ""text"": ""Hi KIVRD. \nCould you send me tracking number? I did not receive anything. or send me email address I can request with you about tracking number."", ""userComment"": null}"
2536784,2536696,1,KUVRD_.,yes,We emailed you the tracking number!!,2018-04-09T20:22:30Z,https://www.indiegogo.com//projects/universal-lens-cap-1-cap-for-every-dslr-lens#/,"{""authorID"": 17544637, ""authorType"": 1, ""children"": null, ""childrenTotalCount"": 0, ""commentID"": 2536784, ""commentThreadID"": 158025, ""createdAt"": ""2018-04-09T20:22:30Z"", ""editedAt"": null, ""isDeleted"": false, ""isHidden"": false, ""isReportedByCreator"": false, ""likesCount"": 0, ""newerChildrenCount"": 0, ""newRepliesCount"": 0, ""parentID"": 2536696, ""pinnedAt"": null, ""text"": ""We emailed you the tracking number!!"", ""userComment"": null}"
2536695,,0,Arti_Dua,no,"My order keeps showing the following from the past 4 days -  Shipment Received, Package Acceptance Pending",2018-03-31T14:08:25Z,https://www.indiegogo.com//projects/universal-lens-cap-1-cap-for-every-dslr-lens#/,"{""authorID"": 17680878, ""authorType"": 0, ""children"": [{""authorID"": 17544637, ""authorType"": 1, ""children"": null, ""childrenTotalCount"": 0, ""commentID"": 2536782, ""commentThreadID"": 158025, ""createdAt"": ""2018-04-06T06:05:52Z"", ""editedAt"": null, ""isDeleted"": false, ""isHidden"": false, ""isReportedByCreator"": false, ""likesCount"": 0, ""newerChildrenCount"": 0, ""newRepliesCount"": 0, ""parentID"": 2536695, ""pinnedAt"": null, ""text"": ""The post office does not always update the current status of every shipment.  That means that they do have it, and it is on its way!"", ""userComment"": null}], ""childrenTotalCount"": 1, ""commentID"": 2536695, ""commentThreadID"": 158025, ""createdAt"": ""2018-03-31T14:08:25Z"", ""editedAt"": ""2018-03-31T14:08:25Z"", ""isDeleted"": false, ""isHidden"": false, ""isReportedByCreator"": false, ""likesCount"": 0, ""newerChildrenCount"": 0, ""newRepliesCount"": 0, ""parentID"": null, ""pinnedAt"": null, ""text"": ""My order keeps showing the following from the past 4 days -  Shipment Received, Package Acceptance Pending"", ""userComment"": null}"
2536782,2536695,1,KUVRD_.,yes,"The post office does not always update the current status of every shipment.  That means that they do have it, and it is on its way!",2018-04-06T06:05:52Z,https://www.indiegogo.com//projects/universal-lens-cap-1-cap-for-every-dslr-lens#/,"{""authorID"": 17544637, ""authorType"": 1, ""children"": null, ""childrenTotalCount"": 0, ""commentID"": 2536782, ""commentThreadID"": 158025, ""createdAt"": ""2018-04-06T06:05:52Z"", ""editedAt"": null, ""isDeleted"": false, ""isHidden"": false, ""isReportedByCreator"": false, ""likesCount"": 0, ""newerChildrenCount"": 0, ""newRepliesCount"": 0, ""parentID"": 2536695, ""pinnedAt"": null, ""text"": ""The post office does not always update the current status of every shipment.  That means that they do have it, and it is on its way!"", ""userComment"": null}"
2536694,,0,,no,"Order #779  Hi, when will you ship out ?",2018-03-29T12:35:06Z,https://www.indiegogo.com//projects/universal-lens-cap-1-cap-for-every-dslr-lens#/,"{""authorID"": 15535066, ""authorType"": 0, ""children"": [{""authorID"": 17544637, ""authorType"": 1, ""children"": null, ""childrenTotalCount"": 0, ""commentID"": 2536781, ""commentThreadID"": 158025, ""createdAt"": ""2018-04-06T06:04:36Z"", ""editedAt"": null, ""isDeleted"": false, ""isHidden"": false, ""isReportedByCreator"": false, ""likesCount"": 0, ""newerChildrenCount"": 0, ""newRepliesCount"": 0, ""parentID"": 2536694, ""pinnedAt"": null, ""text"": ""We have already begun shipping!!"", ""userComment"": null}], ""childrenTotalCount"": 1, ""commentID"": 2536694, ""commentThreadID"": 158025, ""createdAt"": ""2018-03-29T12:35:06Z"", ""editedAt"": ""2018-03-29T12:35:06Z"", ""isDeleted"": false, ""isHidden"": false, ""isReportedByCreator"": false, ""likesCount"": 0, ""newerChildrenCount"": 0, ""newRepliesCount"": 0, ""parentID"": null, ""pinnedAt"": null, ""text"": ""Order #779\n\nHi, when will you ship out ?"", ""userComment"": null}"
2536781,2536694,1,KUVRD_.,yes,We have already begun shipping!!,2018-04-06T06:04:36Z,https://www.indiegogo.com//projects/universal-lens-cap-1-cap-for-every-dslr-lens#/,"{""authorID"": 17544637, ""authorType"": 1, ""children"": null, ""childrenTotalCount"": 0, ""commentID"": 2536781, ""commentThreadID"": 158025, ""createdAt"": ""2018-04-06T06:04:36Z"", ""editedAt"": null, ""isDeleted"": false, ""isHidden"": false, ""isReportedByCreator"": false, ""likesCount"": 0, ""newerChildrenCount"": 0, ""newRepliesCount"": 0, ""parentID"": 2536694, ""pinnedAt"": null, ""text"": ""We have already begun shipping!!"", ""userComment"": null}"
2536693,,0,Pok_Kim,no,Share on FACEBOOK and TWITTER. Followed on TWITTER and INSTAGRAM (@kuvrdcamera) and Liked FACEBOOK PAGE.,2018-03-29T04:18:34Z,https://www.indiegogo.com//projects/universal-lens-cap-1-cap-for-every-dslr-lens#/,"{""authorID"": 14174205, ""authorType"": 0, ""children"": [{""authorID"": 17544637, ""authorType"": 1, ""children"": null, ""childrenTotalCount"": 0, ""commentID"": 2536780, ""commentThreadID"": 158025, ""createdAt"": ""2018-03-29T15:00:05Z"", ""editedAt"": null, ""isDeleted"": false, ""isHidden"": false, ""isReportedByCreator"": false, ""likesCount"": 0, ""newerChildrenCount"": 0, ""newRepliesCount"": 0, ""parentID"": 2536693, ""pinnedAt"": null, ""text"": ""Awesome!  Send us the link and we will get you a free ULC!"", ""userComment"": null}], ""childrenTotalCount"": 1, ""commentID"": 2536693, ""commentThreadID"": 158025, ""createdAt"": ""2018-03-29T04:18:34Z"", ""editedAt"": ""2018-03-29T04:18:34Z"", ""isDeleted"": false, ""isHidden"": false, ""isReportedByCreator"": false, ""likesCount"": 0, ""newerChildrenCount"": 0, ""newRepliesCount"": 0, ""parentID"": null, ""pinnedAt"": null, ""text"": ""Share on FACEBOOK and TWITTER. Followed on TWITTER and INSTAGRAM (@kuvrdcamera) and Liked FACEBOOK PAGE."", ""userComment"": null}"
2536780,2536693,1,KUVRD_.,yes,Awesome!  Send us the link and we will get you a free ULC!,2018-03-29T15:00:05Z,https://www.indiegogo.com//projects/universal-lens-cap-1-cap-for-every-dslr-lens#/,"{""authorID"": 17544637, ""authorType"": 1, ""children"": null, ""childrenTotalCount"": 0, ""commentID"": 2536780, ""commentThreadID"": 158025, ""createdAt"": ""2018-03-29T15:00:05Z"", ""editedAt"": null, ""isDeleted"": false, ""isHidden"": false, ""isReportedByCreator"": false, ""likesCount"": 0, ""newerChildrenCount"": 0, ""newRepliesCount"": 0, ""parentID"": 2536693, ""pinnedAt"": null, ""text"": ""Awesome!  Send us the link and we will get you a free ULC!"", ""userComment"": null}"
2536692,,0,Het_Koffiegenootschap,no,Order# 1086  Followed on Instagram and posted on Facebook: https://www.facebook.com/merijngijsbers/posts/1899731560050919  Thanks! :-),2018-03-28T07:04:53Z,https://www.indiegogo.com//projects/universal-lens-cap-1-cap-for-every-dslr-lens#/,"{""authorID"": 14016928, ""authorType"": 0, ""children"": [{""authorID"": 17544637, ""authorType"": 1, ""children"": null, ""childrenTotalCount"": 0, ""commentID"": 2536779, ""commentThreadID"": 158025, ""createdAt"": ""2018-03-29T14:59:35Z"", ""editedAt"": null, ""isDeleted"": false, ""isHidden"": false, ""isReportedByCreator"": false, ""likesCount"": 0, ""newerChildrenCount"": 0, ""newRepliesCount"": 0, ""parentID"": 2536692, ""pinnedAt"": null, ""text"": ""Alrighty!  We will get you the free one!  Thanks!"", ""userComment"": null}], ""childrenTotalCount"": 1, ""commentID"": 2536692, ""commentThreadID"": 158025, ""createdAt"": ""2018-03-28T07:04:53Z"", ""editedAt"": ""2018-03-28T07:04:53Z"", ""isDeleted"": false, ""isHidden"": false, ""isReportedByCreator"": false, ""likesCount"": 0, ""newerChildrenCount"": 0, ""newRepliesCount"": 0, ""parentID"": null, ""pinnedAt"": null, ""text"": ""Order# 1086\n\nFollowed on Instagram and posted on Facebook: https://www.facebook.com/merijngijsbers/posts/1899731560050919\n\nThanks! :-)"", ""userComment"": null}"
2536779,2536692,1,KUVRD_.,yes,Alrighty!  We will get you the free one!  Thanks!,2018-03-29T14:59:35Z,https://www.indiegogo.com//projects/universal-lens-cap-1-cap-for-every-dslr-lens#/,"{""authorID"": 17544637, ""authorType"": 1, ""children"": null, ""childrenTotalCount"": 0, ""commentID"": 2536779, ""commentThreadID"": 158025, ""createdAt"": ""2018-03-29T14:59:35Z"", ""editedAt"": null, ""isDeleted"": false, ""isHidden"": false, ""isReportedByCreator"": false, ""likesCount"": 0, ""newerChildrenCount"": 0, ""newRepliesCount"": 0, ""parentID"": 2536692, ""pinnedAt"": null, ""text"": ""Alrighty!  We will get you the free one!  Thanks!"", ""userComment"": null}"
2536691,,0,Jaimie_Heard,no,Forgot the link:  https://www.facebook.com/heardfam/posts/10216002162829785,2018-03-27T01:54:13Z,https://www.indiegogo.com//projects/universal-lens-cap-1-cap-for-every-dslr-lens#/,"{""authorID"": 15728079, ""authorType"": 0, ""children"": [{""authorID"": 17544637, ""authorType"": 1, ""children"": null, ""childrenTotalCount"": 0, ""commentID"": 2536778, ""commentThreadID"": 158025, ""createdAt"": ""2018-03-27T22:46:21Z"", ""editedAt"": null, ""isDeleted"": false, ""isHidden"": false, ""isReportedByCreator"": false, ""likesCount"": 0, ""newerChildrenCount"": 0, ""newRepliesCount"": 0, ""parentID"": 2536691, ""pinnedAt"": null, ""text"": ""Perfect!  We have you down for the free ULC!  Thanks Jaimie!"", ""userComment"": null}], ""childrenTotalCount"": 1, ""commentID"": 2536691, ""commentThreadID"": 158025, ""createdAt"": ""2018-03-27T01:54:13Z"", ""editedAt"": ""2018-03-27T01:54:13Z"", ""isDeleted"": false, ""isHidden"": false, ""isReportedByCreator"": false, ""likesCount"": 0, ""newerChildrenCount"": 0, ""newRepliesCount"": 0, ""parentID"": null, ""pinnedAt"": null, ""text"": ""Forgot the link:\n\nhttps://www.facebook.com/heardfam/posts/10216002162829785"", ""userComment"": null}"
2536778,2536691,1,KUVRD_.,yes,Perfect!  We have you down for the free ULC!  Thanks Jaimie!,2018-03-27T22:46:21Z,https://www.indiegogo.com//projects/universal-lens-cap-1-cap-for-every-dslr-lens#/,"{""authorID"": 17544637, ""authorType"": 1, ""children"": null, ""childrenTotalCount"": 0, ""commentID"": 2536778, ""commentThreadID"": 158025, ""createdAt"": ""2018-03-27T22:46:21Z"", ""editedAt"": null, ""isDeleted"": false, ""isHidden"": false, ""isReportedByCreator"": false, ""likesCount"": 0, ""newerChildrenCount"": 0, ""newRepliesCount"": 0, ""parentID"": 2536691, ""pinnedAt"": null, ""text"": ""Perfect!  We have you down for the free ULC!  Thanks Jaimie!"", ""userComment"": null}"
2536690,,0,Jaimie_Heard,no,Followed on Instagram under dreamsareforeverears and posted to Facebook under Jaimie Marie,2018-03-27T01:52:55Z,https://www.indiegogo.com//projects/universal-lens-cap-1-cap-for-every-dslr-lens#/,"{""authorID"": 15728079, ""authorType"": 0, ""children"": [{""authorID"": 15728079, ""authorType"": 0, ""children"": null, ""childrenTotalCount"": 0, ""commentID"": 2536777, ""commentThreadID"": 158025, ""createdAt"": ""2018-03-27T01:54:57Z"", ""editedAt"": null, ""isDeleted"": false, ""isHidden"": false, ""isReportedByCreator"": false, ""likesCount"": 0, ""newerChildrenCount"": 0, ""newRepliesCount"": 0, ""parentID"": 2536690, ""pinnedAt"": null, ""text"": ""Order #1074"", ""userComment"": null}], ""childrenTotalCount"": 1, ""commentID"": 2536690, ""commentThreadID"": 158025, ""createdAt"": ""2018-03-27T01:52:55Z"", ""editedAt"": ""2018-03-27T01:52:55Z"", ""isDeleted"": false, ""isHidden"": false, ""isReportedByCreator"": false, ""likesCount"": 0, ""newerChildrenCount"": 0, ""newRepliesCount"": 0, ""parentID"": null, ""pinnedAt"": null, ""text"": ""Followed on Instagram under dreamsareforeverears and posted to Facebook under Jaimie Marie"", ""userComment"": null}"
2536777,2536690,1,Jaimie_Heard,no,Order #1074,2018-03-27T01:54:57Z,https://www.indiegogo.com//projects/universal-lens-cap-1-cap-for-every-dslr-lens#/,"{""authorID"": 15728079, ""authorType"": 0, ""children"": null, ""childrenTotalCount"": 0, ""commentID"": 2536777, ""commentThreadID"": 158025, ""createdAt"": ""2018-03-27T01:54:57Z"", ""editedAt"": null, ""isDeleted"": false, ""isHidden"": false, ""isReportedByCreator"": false, ""likesCount"": 0, ""newerChildrenCount"": 0, ""newRepliesCount"": 0, ""parentID"": 2536690, ""pinnedAt"": null, ""text"": ""Order #1074"", ""userComment"": null}"
2536689,,0,Pd_Ko,no,Oder #1067 Followed on instagram posted to https://m.facebook.com/story.php?story_fbid=1807160929343504&id=100001488429805  Thank you!,2018-03-26T11:05:12Z,https://www.indiegogo.com//projects/universal-lens-cap-1-cap-for-every-dslr-lens#/,"{""authorID"": 16897242, ""authorType"": 0, ""children"": [{""authorID"": 17544637, ""authorType"": 1, ""children"": null, ""childrenTotalCount"": 0, ""commentID"": 2536776, ""commentThreadID"": 158025, ""createdAt"": ""2018-03-26T14:56:04Z"", ""editedAt"": null, ""isDeleted"": false, ""isHidden"": false, ""isReportedByCreator"": false, ""likesCount"": 0, ""newerChildrenCount"": 0, ""newRepliesCount"": 0, ""parentID"": 2536689, ""pinnedAt"": null, ""text"": ""Fantastic! We've got you down for another Universal Lens Cap! :)"", ""userComment"": null}], ""childrenTotalCount"": 1, ""commentID"": 2536689, ""commentThreadID"": 158025, ""createdAt"": ""2018-03-26T11:05:12Z"", ""editedAt"": ""2018-03-26T11:05:12Z"", ""isDeleted"": false, ""isHidden"": false, ""isReportedByCreator"": false, ""likesCount"": 0, ""newerChildrenCount"": 0, ""newRepliesCount"": 0, ""parentID"": null, ""pinnedAt"": null, ""text"": ""Oder #1067 Followed on instagram posted to https://m.facebook.com/story.php?story_fbid=1807160929343504&id=100001488429805\n\nThank you!"", ""userComment"": null}"
2536776,2536689,1,KUVRD_.,yes,Fantastic! We've got you down for another Universal Lens Cap! :),2018-03-26T14:56:04Z,https://www.indiegogo.com//projects/universal-lens-cap-1-cap-for-every-dslr-lens#/,"{""authorID"": 17544637, ""authorType"": 1, ""children"": null, ""childrenTotalCount"": 0, ""commentID"": 2536776, ""commentThreadID"": 158025, ""createdAt"": ""2018-03-26T14:56:04Z"", ""editedAt"": null, ""isDeleted"": false, ""isHidden"": false, ""isReportedByCreator"": false, ""likesCount"": 0, ""newerChildrenCount"": 0, ""newRepliesCount"": 0, ""parentID"": 2536689, ""pinnedAt"": null, ""text"": ""Fantastic! We've got you down for another Universal Lens Cap! :)"", ""userComment"": null}"
2536688,,0,Christian_Plath,no,order #1043 followed on Instagram (@chrisplathkonzerte) and postet on facebook https://www.facebook.com/chris.pl.7/posts/1624780134279608,2018-03-24T19:05:53Z,https://www.indiegogo.com//projects/universal-lens-cap-1-cap-for-every-dslr-lens#/,"{""authorID"": 18067144, ""authorType"": 0, ""children"": [{""authorID"": 17544637, ""authorType"": 1, ""children"": null, ""childrenTotalCount"": 0, ""commentID"": 2536775, ""commentThreadID"": 158025, ""createdAt"": ""2018-03-26T14:55:47Z"", ""editedAt"": null, ""isDeleted"": false, ""isHidden"": false, ""isReportedByCreator"": false, ""likesCount"": 0, ""newerChildrenCount"": 0, ""newRepliesCount"": 0, ""parentID"": 2536688, ""pinnedAt"": null, ""text"": ""Awesome! We'll put you down for one more lens cap!! Thanks!"", ""userComment"": null}], ""childrenTotalCount"": 1, ""commentID"": 2536688, ""commentThreadID"": 158025, ""createdAt"": ""2018-03-24T19:05:53Z"", ""editedAt"": ""2018-03-24T19:05:53Z"", ""isDeleted"": false, ""isHidden"": false, ""isReportedByCreator"": false, ""likesCount"": 0, ""newerChildrenCount"": 0, ""newRepliesCount"": 0, ""parentID"": null, ""pinnedAt"": null, ""text"": ""order #1043 followed on Instagram (@chrisplathkonzerte) and postet on facebook https://www.facebook.com/chris.pl.7/posts/1624780134279608"", ""userComment"": null}"
2536775,2536688,1,KUVRD_.,yes,Awesome! We'll put you down for one more lens cap!! Thanks!,2018-03-26T14:55:47Z,https://www.indiegogo.com//projects/universal-lens-cap-1-cap-for-every-dslr-lens#/,"{""authorID"": 17544637, ""authorType"": 1, ""children"": null, ""childrenTotalCount"": 0, ""commentID"": 2536775, ""commentThreadID"": 158025, ""createdAt"": ""2018-03-26T14:55:47Z"", ""editedAt"": null, ""isDeleted"": false, ""isHidden"": false, ""isReportedByCreator"": false, ""likesCount"": 0, ""newerChildrenCount"": 0, ""newRepliesCount"": 0, ""parentID"": 2536688, ""pinnedAt"": null, ""text"": ""Awesome! We'll put you down for one more lens cap!! Thanks!"", ""userComment"": null}"
2536687,,0,Carole_Merz,no,order# 998 shared on facebook and following on instagram,2018-03-21T19:29:12Z,https://www.indiegogo.com//projects/universal-lens-cap-1-cap-for-every-dslr-lens#/,"{""authorID"": 17468563, ""authorType"": 0, ""children"": [{""authorID"": 17544637, ""authorType"": 1, ""children"": null, ""childrenTotalCount"": 0, ""commentID"": 2536771, ""commentThreadID"": 158025, ""createdAt"": ""2018-03-22T02:58:08Z"", ""editedAt"": null, ""isDeleted"": false, ""isHidden"": false, ""isReportedByCreator"": false, ""likesCount"": 0, ""newerChildrenCount"": 0, ""newRepliesCount"": 0, ""parentID"": 2536687, ""pinnedAt"": null, ""text"": ""Perfect!  Send us the link and we will get you the free one added to your order!"", ""userComment"": null}, {""authorID"": 17468563, ""authorType"": 0, ""children"": null, ""childrenTotalCount"": 0, ""commentID"": 2536772, ""commentThreadID"": 158025, ""createdAt"": ""2018-03-23T13:58:35Z"", ""editedAt"": null, ""isDeleted"": false, ""isHidden"": false, ""isReportedByCreator"": false, ""likesCount"": 0, ""newerChildrenCount"": 0, ""newRepliesCount"": 0, ""parentID"": 2536687, ""pinnedAt"": null, ""text"": ""https://www.facebook.com/carole.merz.5/posts/10210261123916251"", ""userComment"": null}, {""authorID"": 17544637, ""authorType"": 1, ""children"": null, ""childrenTotalCount"": 0, ""commentID"": 2536773, ""commentThreadID"": 158025, ""createdAt"": ""2018-03-23T21:18:51Z"", ""editedAt"": null, ""isDeleted"": false, ""isHidden"": false, ""isReportedByCreator"": false, ""likesCount"": 0, ""newerChildrenCount"": 0, ""newRepliesCount"": 0, ""parentID"": 2536687, ""pinnedAt"": null, ""text"": ""Awesome!  We'll put you down for one more lens cap!!  Thanks!"", ""userComment"": null}], ""childrenTotalCount"": 3, ""commentID"": 2536687, ""commentThreadID"": 158025, ""createdAt"": ""2018-03-21T19:29:12Z"", ""editedAt"": ""2018-03-21T19:29:12Z"", ""isDeleted"": false, ""isHidden"": false, ""isReportedByCreator"": false, ""likesCount"": 0, ""newerChildrenCount"": 0, ""newRepliesCount"": 0, ""parentID"": null, ""pinnedAt"": null, ""text"": ""order# 998 shared on facebook and following on instagram"", ""userComment"": null}"
2536771,2536687,1,KUVRD_.,yes,Perfect!  Send us the link and we will get you the free one added to your order!,2018-03-22T02:58:08Z,https://www.indiegogo.com//projects/universal-lens-cap-1-cap-for-every-dslr-lens#/,"{""authorID"": 17544637, ""authorType"": 1, ""children"": null, ""childrenTotalCount"": 0, ""commentID"": 2536771, ""commentThreadID"": 158025, ""createdAt"": ""2018-03-22T02:58:08Z"", ""editedAt"": null, ""isDeleted"": false, ""isHidden"": false, ""isReportedByCreator"": false, ""likesCount"": 0, ""newerChildrenCount"": 0, ""newRepliesCount"": 0, ""parentID"": 2536687, ""pinnedAt"": null, ""text"": ""Perfect!  Send us the link and we will get you the free one added to your order!"", ""userComment"": null}"
2536772,2536687,1,Carole_Merz,no,https://www.facebook.com/carole.merz.5/posts/10210261123916251,2018-03-23T13:58:35Z,https://www.indiegogo.com//projects/universal-lens-cap-1-cap-for-every-dslr-lens#/,"{""authorID"": 17468563, ""authorType"": 0, ""children"": null, ""childrenTotalCount"": 0, ""commentID"": 2536772, ""commentThreadID"": 158025, ""createdAt"": ""2018-03-23T13:58:35Z"", ""editedAt"": null, ""isDeleted"": false, ""isHidden"": false, ""isReportedByCreator"": false, ""likesCount"": 0, ""newerChildrenCount"": 0, ""newRepliesCount"": 0, ""parentID"": 2536687, ""pinnedAt"": null, ""text"": ""https://www.facebook.com/carole.merz.5/posts/10210261123916251"", ""userComment"": null}"
2536773,2536687,1,KUVRD_.,yes,Awesome!  We'll put you down for one more lens cap!!  Thanks!,2018-03-23T21:18:51Z,https://www.indiegogo.com//projects/universal-lens-cap-1-cap-for-every-dslr-lens#/,"{""authorID"": 17544637, ""authorType"": 1, ""children"": null, ""childrenTotalCount"": 0, ""commentID"": 2536773, ""commentThreadID"": 158025, ""createdAt"": ""2018-03-23T21:18:51Z"", ""editedAt"": null, ""isDeleted"": false, ""isHidden"": false, ""isReportedByCreator"": false, ""likesCount"": 0, ""newerChildrenCount"": 0, ""newRepliesCount"": 0, ""parentID"": 2536687, ""pinnedAt"": null, ""text"": ""Awesome!  We'll put you down for one more lens cap!!  Thanks!"", ""userComment"": null}"
2536686,,0,Jennifer_Buege,no,Orde #962. Followed on Instagram and posted to Twitter: https://twitter.com/foodgurl/status/975565516579336192?s=12    Please confirm perk added to order. Looking forward to trying these out!,2018-03-19T02:56:32Z,https://www.indiegogo.com//projects/universal-lens-cap-1-cap-for-every-dslr-lens#/,"{""authorID"": 18039961, ""authorType"": 0, ""children"": [{""authorID"": 17544637, ""authorType"": 1, ""children"": null, ""childrenTotalCount"": 0, ""commentID"": 2536770, ""commentThreadID"": 158025, ""createdAt"": ""2018-03-22T02:57:42Z"", ""editedAt"": null, ""isDeleted"": false, ""isHidden"": false, ""isReportedByCreator"": false, ""likesCount"": 0, ""newerChildrenCount"": 0, ""newRepliesCount"": 0, ""parentID"": 2536686, ""pinnedAt"": null, ""text"": ""Awesome Jennifer!  We will get a free ULC included with your order!  Thanks!"", ""userComment"": null}], ""childrenTotalCount"": 1, ""commentID"": 2536686, ""commentThreadID"": 158025, ""createdAt"": ""2018-03-19T02:56:32Z"", ""editedAt"": ""2018-03-19T02:56:32Z"", ""isDeleted"": false, ""isHidden"": false, ""isReportedByCreator"": false, ""likesCount"": 0, ""newerChildrenCount"": 0, ""newRepliesCount"": 0, ""parentID"": null, ""pinnedAt"": null, ""text"": ""Orde #962. Followed on Instagram and posted to Twitter: https://twitter.com/foodgurl/status/975565516579336192?s=12  \n\nPlease confirm perk added to order. Looking forward to trying these out!"", ""userComment"": null}"
2536770,2536686,1,KUVRD_.,yes,Awesome Jennifer!  We will get a free ULC included with your order!  Thanks!,2018-03-22T02:57:42Z,https://www.indiegogo.com//projects/universal-lens-cap-1-cap-for-every-dslr-lens#/,"{""authorID"": 17544637, ""authorType"": 1, ""children"": null, ""childrenTotalCount"": 0, ""commentID"": 2536770, ""commentThreadID"": 158025, ""createdAt"": ""2018-03-22T02:57:42Z"", ""editedAt"": null, ""isDeleted"": false, ""isHidden"": false, ""isReportedByCreator"": false, ""likesCount"": 0, ""newerChildrenCount"": 0, ""newRepliesCount"": 0, ""parentID"": 2536686, ""pinnedAt"": null, ""text"": ""Awesome Jennifer!  We will get a free ULC included with your order!  Thanks!"", ""userComment"": null}"
2536685,,0,George_Potter_c784,no,Order #257 Followed on Instagram Posted On Facebook: https://www.facebook.com/george.potter.1426?hc_ref=ART3UIFKqy-3NjroTJ_3BMH7jbBzkcyUDUUf7FFlP7JXkzNgCelg8PnxVeE9SBNvbJI&fref=nf  Please Confirm Perk added to order. Thanks,2018-03-17T15:16:38Z,https://www.indiegogo.com//projects/universal-lens-cap-1-cap-for-every-dslr-lens#/,"{""authorID"": 8479047, ""authorType"": 0, ""children"": [{""authorID"": 17544637, ""authorType"": 1, ""children"": null, ""childrenTotalCount"": 0, ""commentID"": 2536769, ""commentThreadID"": 158025, ""createdAt"": ""2018-03-22T02:57:01Z"", ""editedAt"": null, ""isDeleted"": false, ""isHidden"": false, ""isReportedByCreator"": false, ""likesCount"": 0, ""newerChildrenCount"": 0, ""newRepliesCount"": 0, ""parentID"": 2536685, ""pinnedAt"": null, ""text"": ""Alright!  Free ULC coming your way!  Thanks!"", ""userComment"": null}], ""childrenTotalCount"": 1, ""commentID"": 2536685, ""commentThreadID"": 158025, ""createdAt"": ""2018-03-17T15:16:38Z"", ""editedAt"": ""2018-03-17T15:16:38Z"", ""isDeleted"": false, ""isHidden"": false, ""isReportedByCreator"": false, ""likesCount"": 0, ""newerChildrenCount"": 0, ""newRepliesCount"": 0, ""parentID"": null, ""pinnedAt"": null, ""text"": ""Order #257\nFollowed on Instagram\nPosted On Facebook:\nhttps://www.facebook.com/george.potter.1426?hc_ref=ART3UIFKqy-3NjroTJ_3BMH7jbBzkcyUDUUf7FFlP7JXkzNgCelg8PnxVeE9SBNvbJI&fref=nf\n\nPlease Confirm Perk added to order. Thanks"", ""userComment"": null}"
2536769,2536685,1,KUVRD_.,yes,Alright!  Free ULC coming your way!  Thanks!,2018-03-22T02:57:01Z,https://www.indiegogo.com//projects/universal-lens-cap-1-cap-for-every-dslr-lens#/,"{""authorID"": 17544637, ""authorType"": 1, ""children"": null, ""childrenTotalCount"": 0, ""commentID"": 2536769, ""commentThreadID"": 158025, ""createdAt"": ""2018-03-22T02:57:01Z"", ""editedAt"": null, ""isDeleted"": false, ""isHidden"": false, ""isReportedByCreator"": false, ""likesCount"": 0, ""newerChildrenCount"": 0, ""newRepliesCount"": 0, ""parentID"": 2536685, ""pinnedAt"": null, ""text"": ""Alright!  Free ULC coming your way!  Thanks!"", ""userComment"": null}"
2536684,,0,Lee_Devaney,no,Order #926 Shared on Twitter https://twitter.com/Ldevaney1 Also followed you on instagram - @ldevaney1 Please confirm perk added to order. Thanks!,2018-03-16T02:23:41Z,https://www.indiegogo.com//projects/universal-lens-cap-1-cap-for-every-dslr-lens#/,"{""authorID"": 18021582, ""authorType"": 0, ""children"": [{""authorID"": 17544637, ""authorType"": 1, ""children"": null, ""childrenTotalCount"": 0, ""commentID"": 2536768, ""commentThreadID"": 158025, ""createdAt"": ""2018-03-22T02:56:01Z"", ""editedAt"": null, ""isDeleted"": false, ""isHidden"": false, ""isReportedByCreator"": false, ""likesCount"": 0, ""newerChildrenCount"": 0, ""newRepliesCount"": 0, ""parentID"": 2536684, ""pinnedAt"": null, ""text"": ""Yes Lee!  You will be receiving a free ULC! Thanks for your support!"", ""userComment"": null}], ""childrenTotalCount"": 1, ""commentID"": 2536684, ""commentThreadID"": 158025, ""createdAt"": ""2018-03-16T02:23:41Z"", ""editedAt"": ""2018-03-16T02:23:41Z"", ""isDeleted"": false, ""isHidden"": false, ""isReportedByCreator"": false, ""likesCount"": 0, ""newerChildrenCount"": 0, ""newRepliesCount"": 0, ""parentID"": null, ""pinnedAt"": null, ""text"": ""Order #926\nShared on Twitter https://twitter.com/Ldevaney1\nAlso followed you on instagram - @ldevaney1\nPlease confirm perk added to order.\nThanks!"", ""userComment"": null}"
2536768,2536684,1,KUVRD_.,yes,Yes Lee!  You will be receiving a free ULC! Thanks for your support!,2018-03-22T02:56:01Z,https://www.indiegogo.com//projects/universal-lens-cap-1-cap-for-every-dslr-lens#/,"{""authorID"": 17544637, ""authorType"": 1, ""children"": null, ""childrenTotalCount"": 0, ""commentID"": 2536768, ""commentThreadID"": 158025, ""createdAt"": ""2018-03-22T02:56:01Z"", ""editedAt"": null, ""isDeleted"": false, ""isHidden"": false, ""isReportedByCreator"": false, ""likesCount"": 0, ""newerChildrenCount"": 0, ""newRepliesCount"": 0, ""parentID"": 2536684, ""pinnedAt"": null, ""text"": ""Yes Lee!  You will be receiving a free ULC! Thanks for your support!"", ""userComment"": null}"
2536683,,0,Dennis_Phelps,no,Order #901 Shared on Twitter @dlphelps - Help make it happen for Universal Lens Cap - 1 Cap for Every DSLR Lens https://igg.me/p/universal-lens-cap-1-cap-for-every-dslr-lens-photography/cstw/18323254 #indiegogo via @indiegogo  Following you on Twitter.  Please confirm perk added to order.  Thank you.,2018-03-14T01:48:18Z,https://www.indiegogo.com//projects/universal-lens-cap-1-cap-for-every-dslr-lens#/,"{""authorID"": 18012092, ""authorType"": 0, ""children"": [{""authorID"": 17544637, ""authorType"": 1, ""children"": null, ""childrenTotalCount"": 0, ""commentID"": 2536767, ""commentThreadID"": 158025, ""createdAt"": ""2018-03-22T02:55:26Z"", ""editedAt"": null, ""isDeleted"": false, ""isHidden"": false, ""isReportedByCreator"": false, ""likesCount"": 0, ""newerChildrenCount"": 0, ""newRepliesCount"": 0, ""parentID"": 2536683, ""pinnedAt"": null, ""text"": ""Hey Dennis!  Yep... We have you down for the free ULC!  Thank you!"", ""userComment"": null}], ""childrenTotalCount"": 1, ""commentID"": 2536683, ""commentThreadID"": 158025, ""createdAt"": ""2018-03-14T01:48:18Z"", ""editedAt"": ""2018-03-14T01:48:18Z"", ""isDeleted"": false, ""isHidden"": false, ""isReportedByCreator"": false, ""likesCount"": 0, ""newerChildrenCount"": 0, ""newRepliesCount"": 0, ""parentID"": null, ""pinnedAt"": null, ""text"": ""Order #901\nShared on Twitter @dlphelps - Help make it happen for Universal Lens Cap - 1 Cap for Every DSLR Lens https://igg.me/p/universal-lens-cap-1-cap-for-every-dslr-lens-photography/cstw/18323254 #indiegogo via @indiegogo\n\nFollowing you on Twitter.\n\nPlease confirm perk added to order.\n\nThank you."", ""userComment"": null}"
2536767,2536683,1,KUVRD_.,yes,Hey Dennis!  Yep... We have you down for the free ULC!  Thank you!,2018-03-22T02:55:26Z,https://www.indiegogo.com//projects/universal-lens-cap-1-cap-for-every-dslr-lens#/,"{""authorID"": 17544637, ""authorType"": 1, ""children"": null, ""childrenTotalCount"": 0, ""commentID"": 2536767, ""commentThreadID"": 158025, ""createdAt"": ""2018-03-22T02:55:26Z"", ""editedAt"": null, ""isDeleted"": false, ""isHidden"": false, ""isReportedByCreator"": false, ""likesCount"": 0, ""newerChildrenCount"": 0, ""newRepliesCount"": 0, ""parentID"": 2536683, ""pinnedAt"": null, ""text"": ""Hey Dennis!  Yep... We have you down for the free ULC!  Thank you!"", ""userComment"": null}"
2536682,,0,Jamie_Richards_2695,no,"Order #725  Shared on Facebook - https://www.facebook.com/goodshirtcollabtees/ Following you on Instagram & also shared on Instagram Stories - @goodshirt.co   Love this idea of share on social to receive a free Universal Lens Cap so much I will be using a similar type of offer when we launch our Indiegogo campaign Mid April.   PS. Great looking product, & I'm sure it's function will work well for me when shooting in the elements.",2018-03-13T07:46:14Z,https://www.indiegogo.com//projects/universal-lens-cap-1-cap-for-every-dslr-lens#/,"{""authorID"": 16112660, ""authorType"": 0, ""children"": [{""authorID"": 17544637, ""authorType"": 1, ""children"": null, ""childrenTotalCount"": 0, ""commentID"": 2536766, ""commentThreadID"": 158025, ""createdAt"": ""2018-03-22T02:51:24Z"", ""editedAt"": null, ""isDeleted"": false, ""isHidden"": false, ""isReportedByCreator"": false, ""likesCount"": 0, ""newerChildrenCount"": 0, ""newRepliesCount"": 0, ""parentID"": 2536682, ""pinnedAt"": null, ""text"": ""Awesome!!  We will mark you down for that free one!\n\nThank you and thank you!"", ""userComment"": null}, {""authorID"": 16112660, ""authorType"": 0, ""children"": null, ""childrenTotalCount"": 0, ""commentID"": 2536774, ""commentThreadID"": 158025, ""createdAt"": ""2018-03-26T13:06:23Z"", ""editedAt"": null, ""isDeleted"": false, ""isHidden"": false, ""isReportedByCreator"": false, ""likesCount"": 0, ""newerChildrenCount"": 0, ""newRepliesCount"": 0, ""parentID"": 2536682, ""pinnedAt"": null, ""text"": ""Cheers for your reply , looking forward to receiving my KUVRD ULC's"", ""userComment"": null}], ""childrenTotalCount"": 2, ""commentID"": 2536682, ""commentThreadID"": 158025, ""createdAt"": ""2018-03-13T07:46:14Z"", ""editedAt"": ""2018-03-13T07:46:14Z"", ""isDeleted"": false, ""isHidden"": false, ""isReportedByCreator"": false, ""likesCount"": 0, ""newerChildrenCount"": 0, ""newRepliesCount"": 0, ""parentID"": null, ""pinnedAt"": null, ""text"": ""Order #725 \nShared on Facebook - https://www.facebook.com/goodshirtcollabtees/\nFollowing you on Instagram & also shared on Instagram Stories - @goodshirt.co \n\nLove this idea of share on social to receive a free Universal Lens Cap so much I will be using a similar type of offer when we launch our Indiegogo campaign Mid April. \n\nPS. Great looking product, & I'm sure it's function will work well for me when shooting in the elements."", ""userComment"": null}"
2536766,2536682,1,KUVRD_.,yes,Awesome!!  We will mark you down for that free one!  Thank you and thank you!,2018-03-22T02:51:24Z,https://www.indiegogo.com//projects/universal-lens-cap-1-cap-for-every-dslr-lens#/,"{""authorID"": 17544637, ""authorType"": 1, ""children"": null, ""childrenTotalCount"": 0, ""commentID"": 2536766, ""commentThreadID"": 158025, ""createdAt"": ""2018-03-22T02:51:24Z"", ""editedAt"": null, ""isDeleted"": false, ""isHidden"": false, ""isReportedByCreator"": false, ""likesCount"": 0, ""newerChildrenCount"": 0, ""newRepliesCount"": 0, ""parentID"": 2536682, ""pinnedAt"": null, ""text"": ""Awesome!!  We will mark you down for that free one!\n\nThank you and thank you!"", ""userComment"": null}"
2536774,2536682,1,Jamie_Richards_2695,no,"Cheers for your reply , looking forward to receiving my KUVRD ULC's",2018-03-26T13:06:23Z,https://www.indiegogo.com//projects/universal-lens-cap-1-cap-for-every-dslr-lens#/,"{""authorID"": 16112660, ""authorType"": 0, ""children"": null, ""childrenTotalCount"": 0, ""commentID"": 2536774, ""commentThreadID"": 158025, ""createdAt"": ""2018-03-26T13:06:23Z"", ""editedAt"": null, ""isDeleted"": false, ""isHidden"": false, ""isReportedByCreator"": false, ""likesCount"": 0, ""newerChildrenCount"": 0, ""newRepliesCount"": 0, ""parentID"": 2536682, ""pinnedAt"": null, ""text"": ""Cheers for your reply , looking forward to receiving my KUVRD ULC's"", ""userComment"": null}"
2536681,,0,Dat_Le_12da,no,"Hello,  I had a question about the $50 shipping to Canada.  Is that an estimate or final shipping amount?  Thank you Dat",2018-03-13T00:36:15Z,https://www.indiegogo.com//projects/universal-lens-cap-1-cap-for-every-dslr-lens#/,"{""authorID"": 17999085, ""authorType"": 0, ""children"": [], ""childrenTotalCount"": 0, ""commentID"": 2536681, ""commentThreadID"": 158025, ""createdAt"": ""2018-03-13T00:36:15Z"", ""editedAt"": ""2018-03-13T00:36:15Z"", ""isDeleted"": false, ""isHidden"": false, ""isReportedByCreator"": false, ""likesCount"": 0, ""newerChildrenCount"": 0, ""newRepliesCount"": 0, ""parentID"": null, ""pinnedAt"": null, ""text"": ""Hello,\n\nI had a question about the $50 shipping to Canada.  Is that an estimate or final shipping amount?\n\nThank you\nDat"", ""userComment"": null}"
2536680,,0,Dat_Le_12da,no,Order #869  Followed on Instagram and posted https://www.facebook.com/dat.le.9619934/posts/10159975327400265 on fb,2018-03-13T00:30:48Z,https://www.indiegogo.com//projects/universal-lens-cap-1-cap-for-every-dslr-lens#/,"{""authorID"": 17999085, ""authorType"": 0, ""children"": [{""authorID"": 17544637, ""authorType"": 1, ""children"": null, ""childrenTotalCount"": 0, ""commentID"": 2536765, ""commentThreadID"": 158025, ""createdAt"": ""2018-03-22T02:47:50Z"", ""editedAt"": null, ""isDeleted"": false, ""isHidden"": false, ""isReportedByCreator"": false, ""likesCount"": 0, ""newerChildrenCount"": 0, ""newRepliesCount"": 0, ""parentID"": 2536680, ""pinnedAt"": null, ""text"": ""Perfect!  We will have that free one included in your order!"", ""userComment"": null}], ""childrenTotalCount"": 1, ""commentID"": 2536680, ""commentThreadID"": 158025, ""createdAt"": ""2018-03-13T00:30:48Z"", ""editedAt"": ""2018-03-13T00:30:48Z"", ""isDeleted"": false, ""isHidden"": false, ""isReportedByCreator"": false, ""likesCount"": 0, ""newerChildrenCount"": 0, ""newRepliesCount"": 0, ""parentID"": null, ""pinnedAt"": null, ""text"": ""Order #869\n\nFollowed on Instagram and posted https://www.facebook.com/dat.le.9619934/posts/10159975327400265 on fb"", ""userComment"": null}"
2536765,2536680,1,KUVRD_.,yes,Perfect!  We will have that free one included in your order!,2018-03-22T02:47:50Z,https://www.indiegogo.com//projects/universal-lens-cap-1-cap-for-every-dslr-lens#/,"{""authorID"": 17544637, ""authorType"": 1, ""children"": null, ""childrenTotalCount"": 0, ""commentID"": 2536765, ""commentThreadID"": 158025, ""createdAt"": ""2018-03-22T02:47:50Z"", ""editedAt"": null, ""isDeleted"": false, ""isHidden"": false, ""isReportedByCreator"": false, ""likesCount"": 0, ""newerChildrenCount"": 0, ""newRepliesCount"": 0, ""parentID"": 2536680, ""pinnedAt"": null, ""text"": ""Perfect!  We will have that free one included in your order!"", ""userComment"": null}"
2536679,,0,Arti_Dua,no,When do you guys start shipping these?,2018-03-12T21:28:37Z,https://www.indiegogo.com//projects/universal-lens-cap-1-cap-for-every-dslr-lens#/,"{""authorID"": 17680878, ""authorType"": 0, ""children"": [{""authorID"": 17544637, ""authorType"": 1, ""children"": null, ""childrenTotalCount"": 0, ""commentID"": 2536764, ""commentThreadID"": 158025, ""createdAt"": ""2018-03-12T22:26:08Z"", ""editedAt"": null, ""isDeleted"": false, ""isHidden"": false, ""isReportedByCreator"": false, ""likesCount"": 0, ""newerChildrenCount"": 0, ""newRepliesCount"": 0, ""parentID"": 2536679, ""pinnedAt"": null, ""text"": ""We are hoping to start shipping by the end of March or beginning of April."", ""userComment"": null}], ""childrenTotalCount"": 1, ""commentID"": 2536679, ""commentThreadID"": 158025, ""createdAt"": ""2018-03-12T21:28:37Z"", ""editedAt"": ""2018-03-12T21:28:37Z"", ""isDeleted"": false, ""isHidden"": false, ""isReportedByCreator"": false, ""likesCount"": 0, ""newerChildrenCount"": 0, ""newRepliesCount"": 0, ""parentID"": null, ""pinnedAt"": null, ""text"": ""When do you guys start shipping these?"", ""userComment"": null}"
2536764,2536679,1,KUVRD_.,yes,We are hoping to start shipping by the end of March or beginning of April.,2018-03-12T22:26:08Z,https://www.indiegogo.com//projects/universal-lens-cap-1-cap-for-every-dslr-lens#/,"{""authorID"": 17544637, ""authorType"": 1, ""children"": null, ""childrenTotalCount"": 0, ""commentID"": 2536764, ""commentThreadID"": 158025, ""createdAt"": ""2018-03-12T22:26:08Z"", ""editedAt"": null, ""isDeleted"": false, ""isHidden"": false, ""isReportedByCreator"": false, ""likesCount"": 0, ""newerChildrenCount"": 0, ""newRepliesCount"": 0, ""parentID"": 2536679, ""pinnedAt"": null, ""text"": ""We are hoping to start shipping by the end of March or beginning of April."", ""userComment"": null}"
2536678,,0,Dae-ho_Lee,no,Order ID #832 followed Instagram and posted here : https://m.facebook.com/story.php?story_fbid=2003777056317116&id=100000545230654,2018-03-11T14:38:36Z,https://www.indiegogo.com//projects/universal-lens-cap-1-cap-for-every-dslr-lens#/,"{""authorID"": 15079304, ""authorType"": 0, ""children"": [{""authorID"": 17544637, ""authorType"": 1, ""children"": null, ""childrenTotalCount"": 0, ""commentID"": 2536763, ""commentThreadID"": 158025, ""createdAt"": ""2018-03-12T22:24:44Z"", ""editedAt"": null, ""isDeleted"": false, ""isHidden"": false, ""isReportedByCreator"": false, ""likesCount"": 0, ""newerChildrenCount"": 0, ""newRepliesCount"": 0, ""parentID"": 2536678, ""pinnedAt"": null, ""text"": ""Thank you!  We will send you a free ULC with your order!!"", ""userComment"": null}], ""childrenTotalCount"": 1, ""commentID"": 2536678, ""commentThreadID"": 158025, ""createdAt"": ""2018-03-11T14:38:36Z"", ""editedAt"": ""2018-03-11T14:38:36Z"", ""isDeleted"": false, ""isHidden"": false, ""isReportedByCreator"": false, ""likesCount"": 0, ""newerChildrenCount"": 0, ""newRepliesCount"": 0, ""parentID"": null, ""pinnedAt"": null, ""text"": ""Order ID #832\nfollowed Instagram and posted here :\nhttps://m.facebook.com/story.php?story_fbid=2003777056317116&id=100000545230654"", ""userComment"": null}"
2536763,2536678,1,KUVRD_.,yes,Thank you!  We will send you a free ULC with your order!!,2018-03-12T22:24:44Z,https://www.indiegogo.com//projects/universal-lens-cap-1-cap-for-every-dslr-lens#/,"{""authorID"": 17544637, ""authorType"": 1, ""children"": null, ""childrenTotalCount"": 0, ""commentID"": 2536763, ""commentThreadID"": 158025, ""createdAt"": ""2018-03-12T22:24:44Z"", ""editedAt"": null, ""isDeleted"": false, ""isHidden"": false, ""isReportedByCreator"": false, ""likesCount"": 0, ""newerChildrenCount"": 0, ""newRepliesCount"": 0, ""parentID"": 2536678, ""pinnedAt"": null, ""text"": ""Thank you!  We will send you a free ULC with your order!!"", ""userComment"": null}"
2536677,,0,Stacey_Young_931a,no,Posted on Facebook and following on Instagram: https://www.facebook.com/slyyoga/posts/10156263162015746,2018-03-11T12:42:12Z,https://www.indiegogo.com//projects/universal-lens-cap-1-cap-for-every-dslr-lens#/,"{""authorID"": 1473498, ""authorType"": 0, ""children"": [{""authorID"": 17544637, ""authorType"": 1, ""children"": null, ""childrenTotalCount"": 0, ""commentID"": 2536762, ""commentThreadID"": 158025, ""createdAt"": ""2018-03-12T22:24:19Z"", ""editedAt"": null, ""isDeleted"": false, ""isHidden"": false, ""isReportedByCreator"": false, ""likesCount"": 0, ""newerChildrenCount"": 0, ""newRepliesCount"": 0, ""parentID"": 2536677, ""pinnedAt"": null, ""text"": ""Great!  We will be sure to get you a free ULC!"", ""userComment"": null}], ""childrenTotalCount"": 1, ""commentID"": 2536677, ""commentThreadID"": 158025, ""createdAt"": ""2018-03-11T12:42:12Z"", ""editedAt"": ""2018-03-11T12:42:12Z"", ""isDeleted"": false, ""isHidden"": false, ""isReportedByCreator"": false, ""likesCount"": 0, ""newerChildrenCount"": 0, ""newRepliesCount"": 0, ""parentID"": null, ""pinnedAt"": null, ""text"": ""Posted on Facebook and following on Instagram:\nhttps://www.facebook.com/slyyoga/posts/10156263162015746"", ""userComment"": null}"
2536762,2536677,1,KUVRD_.,yes,Great!  We will be sure to get you a free ULC!,2018-03-12T22:24:19Z,https://www.indiegogo.com//projects/universal-lens-cap-1-cap-for-every-dslr-lens#/,"{""authorID"": 17544637, ""authorType"": 1, ""children"": null, ""childrenTotalCount"": 0, ""commentID"": 2536762, ""commentThreadID"": 158025, ""createdAt"": ""2018-03-12T22:24:19Z"", ""editedAt"": null, ""isDeleted"": false, ""isHidden"": false, ""isReportedByCreator"": false, ""likesCount"": 0, ""newerChildrenCount"": 0, ""newRepliesCount"": 0, ""parentID"": 2536677, ""pinnedAt"": null, ""text"": ""Great!  We will be sure to get you a free ULC!"", ""userComment"": null}"
2536676,,0,Gerry_S,no,Followed on Instagram and posted here:  https://www.facebook.com/gerry.sair/posts/1688120877913735,2018-03-10T20:22:15Z,https://www.indiegogo.com//projects/universal-lens-cap-1-cap-for-every-dslr-lens#/,"{""authorID"": 9044298, ""authorType"": 0, ""children"": [{""authorID"": 17544637, ""authorType"": 1, ""children"": null, ""childrenTotalCount"": 0, ""commentID"": 2536761, ""commentThreadID"": 158025, ""createdAt"": ""2018-03-12T18:35:33Z"", ""editedAt"": null, ""isDeleted"": false, ""isHidden"": false, ""isReportedByCreator"": false, ""likesCount"": 0, ""newerChildrenCount"": 0, ""newRepliesCount"": 0, ""parentID"": 2536676, ""pinnedAt"": null, ""text"": ""Perfect!  Thanks Gerry!  We will be sure to send a free ULC with your order!"", ""userComment"": null}], ""childrenTotalCount"": 1, ""commentID"": 2536676, ""commentThreadID"": 158025, ""createdAt"": ""2018-03-10T20:22:15Z"", ""editedAt"": ""2018-03-10T20:22:15Z"", ""isDeleted"": false, ""isHidden"": false, ""isReportedByCreator"": false, ""likesCount"": 0, ""newerChildrenCount"": 0, ""newRepliesCount"": 0, ""parentID"": null, ""pinnedAt"": null, ""text"": ""Followed on Instagram and posted here:  https://www.facebook.com/gerry.sair/posts/1688120877913735"", ""userComment"": null}"
2536761,2536676,1,KUVRD_.,yes,Perfect!  Thanks Gerry!  We will be sure to send a free ULC with your order!,2018-03-12T18:35:33Z,https://www.indiegogo.com//projects/universal-lens-cap-1-cap-for-every-dslr-lens#/,"{""authorID"": 17544637, ""authorType"": 1, ""children"": null, ""childrenTotalCount"": 0, ""commentID"": 2536761, ""commentThreadID"": 158025, ""createdAt"": ""2018-03-12T18:35:33Z"", ""editedAt"": null, ""isDeleted"": false, ""isHidden"": false, ""isReportedByCreator"": false, ""likesCount"": 0, ""newerChildrenCount"": 0, ""newRepliesCount"": 0, ""parentID"": 2536676, ""pinnedAt"": null, ""text"": ""Perfect!  Thanks Gerry!  We will be sure to send a free ULC with your order!"", ""userComment"": null}"
2536675,,0,Derek_Leung_64eb,no,shared on https://www.facebook.com/derek.goten/posts/10155359868657157   and also follow on instagram,2018-03-10T18:11:02Z,https://www.indiegogo.com//projects/universal-lens-cap-1-cap-for-every-dslr-lens#/,"{""authorID"": 3307401, ""authorType"": 0, ""children"": [{""authorID"": 17544637, ""authorType"": 1, ""children"": null, ""childrenTotalCount"": 0, ""commentID"": 2536760, ""commentThreadID"": 158025, ""createdAt"": ""2018-03-12T18:35:07Z"", ""editedAt"": null, ""isDeleted"": false, ""isHidden"": false, ""isReportedByCreator"": false, ""likesCount"": 0, ""newerChildrenCount"": 0, ""newRepliesCount"": 0, ""parentID"": 2536675, ""pinnedAt"": null, ""text"": ""Thank you!  We will be sure to get you a free ULC with your order!!"", ""userComment"": null}], ""childrenTotalCount"": 1, ""commentID"": 2536675, ""commentThreadID"": 158025, ""createdAt"": ""2018-03-10T18:11:02Z"", ""editedAt"": ""2018-03-10T18:11:02Z"", ""isDeleted"": false, ""isHidden"": false, ""isReportedByCreator"": false, ""likesCount"": 0, ""newerChildrenCount"": 0, ""newRepliesCount"": 0, ""parentID"": null, ""pinnedAt"": null, ""text"": ""shared on https://www.facebook.com/derek.goten/posts/10155359868657157   and also follow on instagram"", ""userComment"": null}"
2536760,2536675,1,KUVRD_.,yes,Thank you!  We will be sure to get you a free ULC with your order!!,2018-03-12T18:35:07Z,https://www.indiegogo.com//projects/universal-lens-cap-1-cap-for-every-dslr-lens#/,"{""authorID"": 17544637, ""authorType"": 1, ""children"": null, ""childrenTotalCount"": 0, ""commentID"": 2536760, ""commentThreadID"": 158025, ""createdAt"": ""2018-03-12T18:35:07Z"", ""editedAt"": null, ""isDeleted"": false, ""isHidden"": false, ""isReportedByCreator"": false, ""likesCount"": 0, ""newerChildrenCount"": 0, ""newRepliesCount"": 0, ""parentID"": 2536675, ""pinnedAt"": null, ""text"": ""Thank you!  We will be sure to get you a free ULC with your order!!"", ""userComment"": null}"
2536674,,0,GH_Leung,no,Shared on Facebook and followed on INS https://www.facebook.com/leung.glory.9/posts/889445524551067,2018-03-10T11:29:51Z,https://www.indiegogo.com//projects/universal-lens-cap-1-cap-for-every-dslr-lens#/,"{""authorID"": 17718866, ""authorType"": 0, ""children"": [{""authorID"": 17544637, ""authorType"": 1, ""children"": null, ""childrenTotalCount"": 0, ""commentID"": 2536759, ""commentThreadID"": 158025, ""createdAt"": ""2018-03-10T17:10:42Z"", ""editedAt"": null, ""isDeleted"": false, ""isHidden"": false, ""isReportedByCreator"": false, ""likesCount"": 0, ""newerChildrenCount"": 0, ""newRepliesCount"": 0, ""parentID"": 2536674, ""pinnedAt"": null, ""text"": ""Perfect!!  We've got you down for a free ULC!  Thanks!"", ""userComment"": null}], ""childrenTotalCount"": 1, ""commentID"": 2536674, ""commentThreadID"": 158025, ""createdAt"": ""2018-03-10T11:29:51Z"", ""editedAt"": ""2018-03-10T11:29:51Z"", ""isDeleted"": false, ""isHidden"": false, ""isReportedByCreator"": false, ""likesCount"": 0, ""newerChildrenCount"": 0, ""newRepliesCount"": 0, ""parentID"": null, ""pinnedAt"": null, ""text"": ""Shared on Facebook and followed on INS https://www.facebook.com/leung.glory.9/posts/889445524551067"", ""userComment"": null}"
2536759,2536674,1,KUVRD_.,yes,Perfect!!  We've got you down for a free ULC!  Thanks!,2018-03-10T17:10:42Z,https://www.indiegogo.com//projects/universal-lens-cap-1-cap-for-every-dslr-lens#/,"{""authorID"": 17544637, ""authorType"": 1, ""children"": null, ""childrenTotalCount"": 0, ""commentID"": 2536759, ""commentThreadID"": 158025, ""createdAt"": ""2018-03-10T17:10:42Z"", ""editedAt"": null, ""isDeleted"": false, ""isHidden"": false, ""isReportedByCreator"": false, ""likesCount"": 0, ""newerChildrenCount"": 0, ""newRepliesCount"": 0, ""parentID"": 2536674, ""pinnedAt"": null, ""text"": ""Perfect!!  We've got you down for a free ULC!  Thanks!"", ""userComment"": null}"
2536673,,0,Kathy_Johnson_8fe8,no,Posted to Facebook https://www.facebook.com/kathy.a.johnson.33 to Facebook  and am Following you on Instagram  I'm backer #596,2018-03-08T14:34:42Z,https://www.indiegogo.com//projects/universal-lens-cap-1-cap-for-every-dslr-lens#/,"{""authorID"": 16148974, ""authorType"": 0, ""children"": [{""authorID"": 17544637, ""authorType"": 1, ""children"": null, ""childrenTotalCount"": 0, ""commentID"": 2536758, ""commentThreadID"": 158025, ""createdAt"": ""2018-03-10T17:10:20Z"", ""editedAt"": null, ""isDeleted"": false, ""isHidden"": false, ""isReportedByCreator"": false, ""likesCount"": 0, ""newerChildrenCount"": 0, ""newRepliesCount"": 0, ""parentID"": 2536673, ""pinnedAt"": null, ""text"": ""Awesome!  We will get you an additional ULC with your order!! Thanks Kathy!"", ""userComment"": null}], ""childrenTotalCount"": 1, ""commentID"": 2536673, ""commentThreadID"": 158025, ""createdAt"": ""2018-03-08T14:34:42Z"", ""editedAt"": ""2018-03-08T14:34:42Z"", ""isDeleted"": false, ""isHidden"": false, ""isReportedByCreator"": false, ""likesCount"": 0, ""newerChildrenCount"": 0, ""newRepliesCount"": 0, ""parentID"": null, ""pinnedAt"": null, ""text"": ""Posted to Facebook https://www.facebook.com/kathy.a.johnson.33 to Facebook  and am Following you on Instagram  I'm backer #596"", ""userComment"": null}"
2536758,2536673,1,KUVRD_.,yes,Awesome!  We will get you an additional ULC with your order!! Thanks Kathy!,2018-03-10T17:10:20Z,https://www.indiegogo.com//projects/universal-lens-cap-1-cap-for-every-dslr-lens#/,"{""authorID"": 17544637, ""authorType"": 1, ""children"": null, ""childrenTotalCount"": 0, ""commentID"": 2536758, ""commentThreadID"": 158025, ""createdAt"": ""2018-03-10T17:10:20Z"", ""editedAt"": null, ""isDeleted"": false, ""isHidden"": false, ""isReportedByCreator"": false, ""likesCount"": 0, ""newerChildrenCount"": 0, ""newRepliesCount"": 0, ""parentID"": 2536673, ""pinnedAt"": null, ""text"": ""Awesome!  We will get you an additional ULC with your order!! Thanks Kathy!"", ""userComment"": null}"
2536672,,0,Pamela_Jeffrey_f354,no,Posted on Facebook ! Backer #763 Not sure how to send you a link of my post though,2018-03-07T17:11:47Z,https://www.indiegogo.com//projects/universal-lens-cap-1-cap-for-every-dslr-lens#/,"{""authorID"": 17157622, ""authorType"": 0, ""children"": [{""authorID"": 17157622, ""authorType"": 0, ""children"": null, ""childrenTotalCount"": 0, ""commentID"": 2536756, ""commentThreadID"": 158025, ""createdAt"": ""2018-03-07T17:27:23Z"", ""editedAt"": null, ""isDeleted"": false, ""isHidden"": false, ""isReportedByCreator"": false, ""likesCount"": 0, ""newerChildrenCount"": 0, ""newRepliesCount"": 0, ""parentID"": 2536672, ""pinnedAt"": null, ""text"": ""https://l.facebook.com/l.php?u=https%3A%2F%2Fwww.indiegogo.com%2Fprojects%2F2295429&h=ATP6S-fHqWIydGcNAUCnoHjsMSVdXfedDz540L9WiAPCOViH7VsgVvy4nnGIapNCFqZ0DGfUPaVLgwJ4aiy7txaa0EJ0EjjmXL1Z2SGnhxXr8cTKMaDaMbI&s=1\nIs this what you need? Backer # 763"", ""userComment"": null}, {""authorID"": 17544637, ""authorType"": 1, ""children"": null, ""childrenTotalCount"": 0, ""commentID"": 2536757, ""commentThreadID"": 158025, ""createdAt"": ""2018-03-08T01:48:43Z"", ""editedAt"": null, ""isDeleted"": false, ""isHidden"": false, ""isReportedByCreator"": false, ""likesCount"": 0, ""newerChildrenCount"": 0, ""newRepliesCount"": 0, ""parentID"": 2536672, ""pinnedAt"": null, ""text"": ""Perfect!  You will get the free one with your order!  Thanks Pamela!"", ""userComment"": null}], ""childrenTotalCount"": 2, ""commentID"": 2536672, ""commentThreadID"": 158025, ""createdAt"": ""2018-03-07T17:11:47Z"", ""editedAt"": ""2018-03-07T17:11:47Z"", ""isDeleted"": false, ""isHidden"": false, ""isReportedByCreator"": false, ""likesCount"": 0, ""newerChildrenCount"": 0, ""newRepliesCount"": 0, ""parentID"": null, ""pinnedAt"": null, ""text"": ""Posted on Facebook ! Backer #763 Not sure how to send you a link of my post though"", ""userComment"": null}"
2536756,2536672,1,Pamela_Jeffrey_f354,no,https://l.facebook.com/l.php?u=https%3A%2F%2Fwww.indiegogo.com%2Fprojects%2F2295429&h=ATP6S-fHqWIydGcNAUCnoHjsMSVdXfedDz540L9WiAPCOViH7VsgVvy4nnGIapNCFqZ0DGfUPaVLgwJ4aiy7txaa0EJ0EjjmXL1Z2SGnhxXr8cTKMaDaMbI&s=1 Is this what you need? Backer # 763,2018-03-07T17:27:23Z,https://www.indiegogo.com//projects/universal-lens-cap-1-cap-for-every-dslr-lens#/,"{""authorID"": 17157622, ""authorType"": 0, ""children"": null, ""childrenTotalCount"": 0, ""commentID"": 2536756, ""commentThreadID"": 158025, ""createdAt"": ""2018-03-07T17:27:23Z"", ""editedAt"": null, ""isDeleted"": false, ""isHidden"": false, ""isReportedByCreator"": false, ""likesCount"": 0, ""newerChildrenCount"": 0, ""newRepliesCount"": 0, ""parentID"": 2536672, ""pinnedAt"": null, ""text"": ""https://l.facebook.com/l.php?u=https%3A%2F%2Fwww.indiegogo.com%2Fprojects%2F2295429&h=ATP6S-fHqWIydGcNAUCnoHjsMSVdXfedDz540L9WiAPCOViH7VsgVvy4nnGIapNCFqZ0DGfUPaVLgwJ4aiy7txaa0EJ0EjjmXL1Z2SGnhxXr8cTKMaDaMbI&s=1\nIs this what you need? Backer # 763"", ""userComment"": null}"
2536757,2536672,1,KUVRD_.,yes,Perfect!  You will get the free one with your order!  Thanks Pamela!,2018-03-08T01:48:43Z,https://www.indiegogo.com//projects/universal-lens-cap-1-cap-for-every-dslr-lens#/,"{""authorID"": 17544637, ""authorType"": 1, ""children"": null, ""childrenTotalCount"": 0, ""commentID"": 2536757, ""commentThreadID"": 158025, ""createdAt"": ""2018-03-08T01:48:43Z"", ""editedAt"": null, ""isDeleted"": false, ""isHidden"": false, ""isReportedByCreator"": false, ""likesCount"": 0, ""newerChildrenCount"": 0, ""newRepliesCount"": 0, ""parentID"": 2536672, ""pinnedAt"": null, ""text"": ""Perfect!  You will get the free one with your order!  Thanks Pamela!"", ""userComment"": null}"
2536671,,0,takashi_oka,no,https://www.facebook.com/takashi.oka.0210/posts/1604168763036438 I shared the Indiegogo campaign with FB and followed up with @ kuvrdcamera on instagram,2018-03-07T10:06:15Z,https://www.indiegogo.com//projects/universal-lens-cap-1-cap-for-every-dslr-lens#/,"{""authorID"": 17963995, ""authorType"": 0, ""children"": [{""authorID"": 17544637, ""authorType"": 1, ""children"": null, ""childrenTotalCount"": 0, ""commentID"": 2536755, ""commentThreadID"": 158025, ""createdAt"": ""2018-03-07T13:53:21Z"", ""editedAt"": null, ""isDeleted"": false, ""isHidden"": false, ""isReportedByCreator"": false, ""likesCount"": 0, ""newerChildrenCount"": 0, ""newRepliesCount"": 0, ""parentID"": 2536671, ""pinnedAt"": null, ""text"": ""Great!!  We've got you down for a free ULC!! Thanks!"", ""userComment"": null}], ""childrenTotalCount"": 1, ""commentID"": 2536671, ""commentThreadID"": 158025, ""createdAt"": ""2018-03-07T10:06:15Z"", ""editedAt"": ""2018-03-07T10:06:15Z"", ""isDeleted"": false, ""isHidden"": false, ""isReportedByCreator"": false, ""likesCount"": 0, ""newerChildrenCount"": 0, ""newRepliesCount"": 0, ""parentID"": null, ""pinnedAt"": null, ""text"": ""https://www.facebook.com/takashi.oka.0210/posts/1604168763036438\nI shared the Indiegogo campaign with FB and followed up with @ kuvrdcamera on instagram"", ""userComment"": null}"
2536755,2536671,1,KUVRD_.,yes,Great!!  We've got you down for a free ULC!! Thanks!,2018-03-07T13:53:21Z,https://www.indiegogo.com//projects/universal-lens-cap-1-cap-for-every-dslr-lens#/,"{""authorID"": 17544637, ""authorType"": 1, ""children"": null, ""childrenTotalCount"": 0, ""commentID"": 2536755, ""commentThreadID"": 158025, ""createdAt"": ""2018-03-07T13:53:21Z"", ""editedAt"": null, ""isDeleted"": false, ""isHidden"": false, ""isReportedByCreator"": false, ""likesCount"": 0, ""newerChildrenCount"": 0, ""newRepliesCount"": 0, ""parentID"": 2536671, ""pinnedAt"": null, ""text"": ""Great!!  We've got you down for a free ULC!! Thanks!"", ""userComment"": null}"
2536670,,0,Bradley_Nolan,no,Backed and posted - https://www.facebook.com/bradley.nolan.31/posts/10156271393202658?pnref=story (backer #750),2018-03-07T07:40:37Z,https://www.indiegogo.com//projects/universal-lens-cap-1-cap-for-every-dslr-lens#/,"{""authorID"": 8516198, ""authorType"": 0, ""children"": [{""authorID"": 17544637, ""authorType"": 1, ""children"": null, ""childrenTotalCount"": 0, ""commentID"": 2536754, ""commentThreadID"": 158025, ""createdAt"": ""2018-03-07T13:52:57Z"", ""editedAt"": null, ""isDeleted"": false, ""isHidden"": false, ""isReportedByCreator"": false, ""likesCount"": 0, ""newerChildrenCount"": 0, ""newRepliesCount"": 0, ""parentID"": 2536670, ""pinnedAt"": null, ""text"": ""Perfect Bradley!  Thank you for your support!!"", ""userComment"": null}], ""childrenTotalCount"": 1, ""commentID"": 2536670, ""commentThreadID"": 158025, ""createdAt"": ""2018-03-07T07:40:37Z"", ""editedAt"": ""2018-03-07T07:40:37Z"", ""isDeleted"": false, ""isHidden"": false, ""isReportedByCreator"": false, ""likesCount"": 0, ""newerChildrenCount"": 0, ""newRepliesCount"": 0, ""parentID"": null, ""pinnedAt"": null, ""text"": ""Backed and posted - https://www.facebook.com/bradley.nolan.31/posts/10156271393202658?pnref=story (backer #750)"", ""userComment"": null}"
2536754,2536670,1,KUVRD_.,yes,Perfect Bradley!  Thank you for your support!!,2018-03-07T13:52:57Z,https://www.indiegogo.com//projects/universal-lens-cap-1-cap-for-every-dslr-lens#/,"{""authorID"": 17544637, ""authorType"": 1, ""children"": null, ""childrenTotalCount"": 0, ""commentID"": 2536754, ""commentThreadID"": 158025, ""createdAt"": ""2018-03-07T13:52:57Z"", ""editedAt"": null, ""isDeleted"": false, ""isHidden"": false, ""isReportedByCreator"": false, ""likesCount"": 0, ""newerChildrenCount"": 0, ""newRepliesCount"": 0, ""parentID"": 2536670, ""pinnedAt"": null, ""text"": ""Perfect Bradley!  Thank you for your support!!"", ""userComment"": null}"
2536669,,0,Han Wah_Wah,no,#748 https://www.facebook.com/han.wah.9/posts/10155516856050895,2018-03-07T04:01:28Z,https://www.indiegogo.com//projects/universal-lens-cap-1-cap-for-every-dslr-lens#/,"{""authorID"": 12675747, ""authorType"": 0, ""children"": [{""authorID"": 17544637, ""authorType"": 1, ""children"": null, ""childrenTotalCount"": 0, ""commentID"": 2536753, ""commentThreadID"": 158025, ""createdAt"": ""2018-03-07T13:52:35Z"", ""editedAt"": null, ""isDeleted"": false, ""isHidden"": false, ""isReportedByCreator"": false, ""likesCount"": 0, ""newerChildrenCount"": 0, ""newRepliesCount"": 0, ""parentID"": 2536669, ""pinnedAt"": null, ""text"": ""Awesome!!  Thanks!  We will be sure to get you a free ULC!"", ""userComment"": null}], ""childrenTotalCount"": 1, ""commentID"": 2536669, ""commentThreadID"": 158025, ""createdAt"": ""2018-03-07T04:01:28Z"", ""editedAt"": ""2018-03-07T04:01:28Z"", ""isDeleted"": false, ""isHidden"": false, ""isReportedByCreator"": false, ""likesCount"": 0, ""newerChildrenCount"": 0, ""newRepliesCount"": 0, ""parentID"": null, ""pinnedAt"": null, ""text"": ""#748\nhttps://www.facebook.com/han.wah.9/posts/10155516856050895"", ""userComment"": null}"
2536753,2536669,1,KUVRD_.,yes,Awesome!!  Thanks!  We will be sure to get you a free ULC!,2018-03-07T13:52:35Z,https://www.indiegogo.com//projects/universal-lens-cap-1-cap-for-every-dslr-lens#/,"{""authorID"": 17544637, ""authorType"": 1, ""children"": null, ""childrenTotalCount"": 0, ""commentID"": 2536753, ""commentThreadID"": 158025, ""createdAt"": ""2018-03-07T13:52:35Z"", ""editedAt"": null, ""isDeleted"": false, ""isHidden"": false, ""isReportedByCreator"": false, ""likesCount"": 0, ""newerChildrenCount"": 0, ""newRepliesCount"": 0, ""parentID"": 2536669, ""pinnedAt"": null, ""text"": ""Awesome!!  Thanks!  We will be sure to get you a free ULC!"", ""userComment"": null}"
2536668,,0,,no,Shared for my extra!  https://www.facebook.com/spencerboliphant/posts/10155572481316298  Hopefully this works on Fuji Mirrorless lenses?!,2018-03-06T20:58:41Z,https://www.indiegogo.com//projects/universal-lens-cap-1-cap-for-every-dslr-lens#/,"{""authorID"": 9061358, ""authorType"": 0, ""children"": [], ""childrenTotalCount"": 0, ""commentID"": 2536668, ""commentThreadID"": 158025, ""createdAt"": ""2018-03-06T20:58:41Z"", ""editedAt"": ""2018-03-06T20:58:41Z"", ""isDeleted"": false, ""isHidden"": false, ""isReportedByCreator"": false, ""likesCount"": 0, ""newerChildrenCount"": 0, ""newRepliesCount"": 0, ""parentID"": null, ""pinnedAt"": null, ""text"": ""Shared for my extra! \nhttps://www.facebook.com/spencerboliphant/posts/10155572481316298\n\nHopefully this works on Fuji Mirrorless lenses?!"", ""userComment"": null}"
2536667,,0,Naomi_Ishisaka,no,Shared! https://www.facebook.com/naomiishisaka/posts/10156244604691255?pnref=story,2018-03-06T18:17:33Z,https://www.indiegogo.com//projects/universal-lens-cap-1-cap-for-every-dslr-lens#/,"{""authorID"": 1632534, ""authorType"": 0, ""children"": [{""authorID"": 1632534, ""authorType"": 0, ""children"": null, ""childrenTotalCount"": 0, ""commentID"": 2536748, ""commentThreadID"": 158025, ""createdAt"": ""2018-03-06T18:26:15Z"", ""editedAt"": null, ""isDeleted"": false, ""isHidden"": false, ""isReportedByCreator"": false, ""likesCount"": 0, ""newerChildrenCount"": 0, ""newRepliesCount"": 0, ""parentID"": 2536667, ""pinnedAt"": null, ""text"": ""Is that all I need to do to get the free cap or do you need me to send something else?"", ""userComment"": null}, {""authorID"": 17544637, ""authorType"": 1, ""children"": null, ""childrenTotalCount"": 0, ""commentID"": 2536752, ""commentThreadID"": 158025, ""createdAt"": ""2018-03-07T03:53:34Z"", ""editedAt"": null, ""isDeleted"": false, ""isHidden"": false, ""isReportedByCreator"": false, ""likesCount"": 0, ""newerChildrenCount"": 0, ""newRepliesCount"": 0, ""parentID"": 2536667, ""pinnedAt"": null, ""text"": ""You are all set!  We will be sure to get a free ULC sent out to you!!  Thank you!"", ""userComment"": null}], ""childrenTotalCount"": 2, ""commentID"": 2536667, ""commentThreadID"": 158025, ""createdAt"": ""2018-03-06T18:17:33Z"", ""editedAt"": ""2018-03-06T18:17:33Z"", ""isDeleted"": false, ""isHidden"": false, ""isReportedByCreator"": false, ""likesCount"": 0, ""newerChildrenCount"": 0, ""newRepliesCount"": 0, ""parentID"": null, ""pinnedAt"": null, ""text"": ""Shared! https://www.facebook.com/naomiishisaka/posts/10156244604691255?pnref=story"", ""userComment"": null}"
2536748,2536667,1,Naomi_Ishisaka,no,Is that all I need to do to get the free cap or do you need me to send something else?,2018-03-06T18:26:15Z,https://www.indiegogo.com//projects/universal-lens-cap-1-cap-for-every-dslr-lens#/,"{""authorID"": 1632534, ""authorType"": 0, ""children"": null, ""childrenTotalCount"": 0, ""commentID"": 2536748, ""commentThreadID"": 158025, ""createdAt"": ""2018-03-06T18:26:15Z"", ""editedAt"": null, ""isDeleted"": false, ""isHidden"": false, ""isReportedByCreator"": false, ""likesCount"": 0, ""newerChildrenCount"": 0, ""newRepliesCount"": 0, ""parentID"": 2536667, ""pinnedAt"": null, ""text"": ""Is that all I need to do to get the free cap or do you need me to send something else?"", ""userComment"": null}"
2536752,2536667,1,KUVRD_.,yes,You are all set!  We will be sure to get a free ULC sent out to you!!  Thank you!,2018-03-07T03:53:34Z,https://www.indiegogo.com//projects/universal-lens-cap-1-cap-for-every-dslr-lens#/,"{""authorID"": 17544637, ""authorType"": 1, ""children"": null, ""childrenTotalCount"": 0, ""commentID"": 2536752, ""commentThreadID"": 158025, ""createdAt"": ""2018-03-07T03:53:34Z"", ""editedAt"": null, ""isDeleted"": false, ""isHidden"": false, ""isReportedByCreator"": false, ""likesCount"": 0, ""newerChildrenCount"": 0, ""newRepliesCount"": 0, ""parentID"": 2536667, ""pinnedAt"": null, ""text"": ""You are all set!  We will be sure to get a free ULC sent out to you!!  Thank you!"", ""userComment"": null}"
2536666,,0,,no,https://www.facebook.com/cheng.c.kin.9/posts/1861617517191010  I love it provided better protection for my camera,2018-03-06T06:44:36Z,https://www.indiegogo.com//projects/universal-lens-cap-1-cap-for-every-dslr-lens#/,"{""authorID"": 10634351, ""authorType"": 0, ""children"": [{""authorID"": 17544637, ""authorType"": 1, ""children"": null, ""childrenTotalCount"": 0, ""commentID"": 2536751, ""commentThreadID"": 158025, ""createdAt"": ""2018-03-07T03:53:07Z"", ""editedAt"": null, ""isDeleted"": false, ""isHidden"": false, ""isReportedByCreator"": false, ""likesCount"": 0, ""newerChildrenCount"": 0, ""newRepliesCount"": 0, ""parentID"": 2536666, ""pinnedAt"": null, ""text"": ""Fantastic!  Thanks tamamura02!  We appreciate it!!"", ""userComment"": null}], ""childrenTotalCount"": 1, ""commentID"": 2536666, ""commentThreadID"": 158025, ""createdAt"": ""2018-03-06T06:44:36Z"", ""editedAt"": ""2018-03-06T06:44:36Z"", ""isDeleted"": false, ""isHidden"": false, ""isReportedByCreator"": false, ""likesCount"": 0, ""newerChildrenCount"": 0, ""newRepliesCount"": 0, ""parentID"": null, ""pinnedAt"": null, ""text"": ""https://www.facebook.com/cheng.c.kin.9/posts/1861617517191010\n\nI love it provided better protection for my camera"", ""userComment"": null}"
2536751,2536666,1,KUVRD_.,yes,Fantastic!  Thanks tamamura02!  We appreciate it!!,2018-03-07T03:53:07Z,https://www.indiegogo.com//projects/universal-lens-cap-1-cap-for-every-dslr-lens#/,"{""authorID"": 17544637, ""authorType"": 1, ""children"": null, ""childrenTotalCount"": 0, ""commentID"": 2536751, ""commentThreadID"": 158025, ""createdAt"": ""2018-03-07T03:53:07Z"", ""editedAt"": null, ""isDeleted"": false, ""isHidden"": false, ""isReportedByCreator"": false, ""likesCount"": 0, ""newerChildrenCount"": 0, ""newRepliesCount"": 0, ""parentID"": 2536666, ""pinnedAt"": null, ""text"": ""Fantastic!  Thanks tamamura02!  We appreciate it!!"", ""userComment"": null}"
2536665,,0,Natalie_Hopes,no,https://www.facebook.com/natalie.hopes.1/posts/10209743865706832  I shared this on my Facebook and I followed you on Instagram! I just lost my lens cap so this is amazing!,2018-03-05T18:36:33Z,https://www.indiegogo.com//projects/universal-lens-cap-1-cap-for-every-dslr-lens#/,"{""authorID"": 17955213, ""authorType"": 0, ""children"": [{""authorID"": 17544637, ""authorType"": 1, ""children"": null, ""childrenTotalCount"": 0, ""commentID"": 2536750, ""commentThreadID"": 158025, ""createdAt"": ""2018-03-07T03:52:29Z"", ""editedAt"": null, ""isDeleted"": false, ""isHidden"": false, ""isReportedByCreator"": false, ""likesCount"": 0, ""newerChildrenCount"": 0, ""newRepliesCount"": 0, ""parentID"": 2536665, ""pinnedAt"": null, ""text"": ""Perfect timing!  Thanks Natalie!"", ""userComment"": null}], ""childrenTotalCount"": 1, ""commentID"": 2536665, ""commentThreadID"": 158025, ""createdAt"": ""2018-03-05T18:36:33Z"", ""editedAt"": ""2018-03-05T18:36:33Z"", ""isDeleted"": false, ""isHidden"": false, ""isReportedByCreator"": false, ""likesCount"": 0, ""newerChildrenCount"": 0, ""newRepliesCount"": 0, ""parentID"": null, ""pinnedAt"": null, ""text"": ""https://www.facebook.com/natalie.hopes.1/posts/10209743865706832\n\nI shared this on my Facebook and I followed you on Instagram! I just lost my lens cap so this is amazing!"", ""userComment"": null}"
2536750,2536665,1,KUVRD_.,yes,Perfect timing!  Thanks Natalie!,2018-03-07T03:52:29Z,https://www.indiegogo.com//projects/universal-lens-cap-1-cap-for-every-dslr-lens#/,"{""authorID"": 17544637, ""authorType"": 1, ""children"": null, ""childrenTotalCount"": 0, ""commentID"": 2536750, ""commentThreadID"": 158025, ""createdAt"": ""2018-03-07T03:52:29Z"", ""editedAt"": null, ""isDeleted"": false, ""isHidden"": false, ""isReportedByCreator"": false, ""likesCount"": 0, ""newerChildrenCount"": 0, ""newRepliesCount"": 0, ""parentID"": 2536665, ""pinnedAt"": null, ""text"": ""Perfect timing!  Thanks Natalie!"", ""userComment"": null}"
2536664,,0,Kaitlyn_Irvine,no,https://www.facebook.com/kaitlyn.irvine.52/posts/10214294751475408 I love universal lens cap!! Honestly the best fits any camera and waterproof!!! Would totally recommend for anyone who owns a camera!!,2018-03-05T18:36:23Z,https://www.indiegogo.com//projects/universal-lens-cap-1-cap-for-every-dslr-lens#/,"{""authorID"": 17955052, ""authorType"": 0, ""children"": [{""authorID"": 17544637, ""authorType"": 1, ""children"": null, ""childrenTotalCount"": 0, ""commentID"": 2536749, ""commentThreadID"": 158025, ""createdAt"": ""2018-03-07T03:52:14Z"", ""editedAt"": null, ""isDeleted"": false, ""isHidden"": false, ""isReportedByCreator"": false, ""likesCount"": 0, ""newerChildrenCount"": 0, ""newRepliesCount"": 0, ""parentID"": 2536664, ""pinnedAt"": null, ""text"": ""Awesome!  Thank you!!  We have you down for a free ULC!!"", ""userComment"": null}], ""childrenTotalCount"": 1, ""commentID"": 2536664, ""commentThreadID"": 158025, ""createdAt"": ""2018-03-05T18:36:23Z"", ""editedAt"": ""2018-03-05T18:36:23Z"", ""isDeleted"": false, ""isHidden"": false, ""isReportedByCreator"": false, ""likesCount"": 0, ""newerChildrenCount"": 0, ""newRepliesCount"": 0, ""parentID"": null, ""pinnedAt"": null, ""text"": ""https://www.facebook.com/kaitlyn.irvine.52/posts/10214294751475408\nI love universal lens cap!! Honestly the best fits any camera and waterproof!!! Would totally recommend for anyone who owns a camera!!"", ""userComment"": null}"
2536749,2536664,1,KUVRD_.,yes,Awesome!  Thank you!!  We have you down for a free ULC!!,2018-03-07T03:52:14Z,https://www.indiegogo.com//projects/universal-lens-cap-1-cap-for-every-dslr-lens#/,"{""authorID"": 17544637, ""authorType"": 1, ""children"": null, ""childrenTotalCount"": 0, ""commentID"": 2536749, ""commentThreadID"": 158025, ""createdAt"": ""2018-03-07T03:52:14Z"", ""editedAt"": null, ""isDeleted"": false, ""isHidden"": false, ""isReportedByCreator"": false, ""likesCount"": 0, ""newerChildrenCount"": 0, ""newRepliesCount"": 0, ""parentID"": 2536664, ""pinnedAt"": null, ""text"": ""Awesome!  Thank you!!  We have you down for a free ULC!!"", ""userComment"": null}"
2536663,,0,,no,Followed in IG and posted on my IG,2018-03-05T01:51:15Z,https://www.indiegogo.com//projects/universal-lens-cap-1-cap-for-every-dslr-lens#/,"{""authorID"": 10634351, ""authorType"": 0, ""children"": [{""authorID"": 10634351, ""authorType"": 0, ""children"": null, ""childrenTotalCount"": 0, ""commentID"": 2536743, ""commentThreadID"": 158025, ""createdAt"": ""2018-03-05T03:55:23Z"", ""editedAt"": null, ""isDeleted"": false, ""isHidden"": false, ""isReportedByCreator"": false, ""likesCount"": 0, ""newerChildrenCount"": 0, ""newRepliesCount"": 0, ""parentID"": 2536663, ""pinnedAt"": null, ""text"": ""should be posted on my FB  ~_~\"""", ""userComment"": null}, {""authorID"": 17544637, ""authorType"": 1, ""children"": null, ""childrenTotalCount"": 0, ""commentID"": 2536747, ""commentThreadID"": 158025, ""createdAt"": ""2018-03-05T18:01:23Z"", ""editedAt"": null, ""isDeleted"": false, ""isHidden"": false, ""isReportedByCreator"": false, ""likesCount"": 0, ""newerChildrenCount"": 0, ""newRepliesCount"": 0, ""parentID"": 2536663, ""pinnedAt"": null, ""text"": ""HAHA!!  Thanks tamamura02!  Send us the link of your post and we will get you your free one!!"", ""userComment"": null}], ""childrenTotalCount"": 2, ""commentID"": 2536663, ""commentThreadID"": 158025, ""createdAt"": ""2018-03-05T01:51:15Z"", ""editedAt"": ""2018-03-05T01:51:15Z"", ""isDeleted"": false, ""isHidden"": false, ""isReportedByCreator"": false, ""likesCount"": 0, ""newerChildrenCount"": 0, ""newRepliesCount"": 0, ""parentID"": null, ""pinnedAt"": null, ""text"": ""Followed in IG and posted on my IG"", ""userComment"": null}"
2536743,2536663,1,,no,"should be posted on my FB  ~_~""",2018-03-05T03:55:23Z,https://www.indiegogo.com//projects/universal-lens-cap-1-cap-for-every-dslr-lens#/,"{""authorID"": 10634351, ""authorType"": 0, ""children"": null, ""childrenTotalCount"": 0, ""commentID"": 2536743, ""commentThreadID"": 158025, ""createdAt"": ""2018-03-05T03:55:23Z"", ""editedAt"": null, ""isDeleted"": false, ""isHidden"": false, ""isReportedByCreator"": false, ""likesCount"": 0, ""newerChildrenCount"": 0, ""newRepliesCount"": 0, ""parentID"": 2536663, ""pinnedAt"": null, ""text"": ""should be posted on my FB  ~_~\"""", ""userComment"": null}"
2536747,2536663,1,KUVRD_.,yes,HAHA!!  Thanks tamamura02!  Send us the link of your post and we will get you your free one!!,2018-03-05T18:01:23Z,https://www.indiegogo.com//projects/universal-lens-cap-1-cap-for-every-dslr-lens#/,"{""authorID"": 17544637, ""authorType"": 1, ""children"": null, ""childrenTotalCount"": 0, ""commentID"": 2536747, ""commentThreadID"": 158025, ""createdAt"": ""2018-03-05T18:01:23Z"", ""editedAt"": null, ""isDeleted"": false, ""isHidden"": false, ""isReportedByCreator"": false, ""likesCount"": 0, ""newerChildrenCount"": 0, ""newRepliesCount"": 0, ""parentID"": 2536663, ""pinnedAt"": null, ""text"": ""HAHA!!  Thanks tamamura02!  Send us the link of your post and we will get you your free one!!"", ""userComment"": null}"
2536662,,0,Nam_Chantepie,no,Following in IG and just posted as well. How do you verify so that I'm sure to get the 6th free cap?,2018-03-04T22:33:50Z,https://www.indiegogo.com//projects/universal-lens-cap-1-cap-for-every-dslr-lens#/,"{""authorID"": 5197462, ""authorType"": 0, ""children"": [{""authorID"": 17544637, ""authorType"": 1, ""children"": null, ""childrenTotalCount"": 0, ""commentID"": 2536746, ""commentThreadID"": 158025, ""createdAt"": ""2018-03-05T18:00:38Z"", ""editedAt"": null, ""isDeleted"": false, ""isHidden"": false, ""isReportedByCreator"": false, ""likesCount"": 0, ""newerChildrenCount"": 0, ""newRepliesCount"": 0, ""parentID"": 2536662, ""pinnedAt"": null, ""text"": ""Send us a link of your post, and we will make sure you get your free one!"", ""userComment"": null}], ""childrenTotalCount"": 1, ""commentID"": 2536662, ""commentThreadID"": 158025, ""createdAt"": ""2018-03-04T22:33:50Z"", ""editedAt"": ""2018-03-04T22:33:50Z"", ""isDeleted"": false, ""isHidden"": false, ""isReportedByCreator"": false, ""likesCount"": 0, ""newerChildrenCount"": 0, ""newRepliesCount"": 0, ""parentID"": null, ""pinnedAt"": null, ""text"": ""Following in IG and just posted as well. How do you verify so that I'm sure to get the 6th free cap?"", ""userComment"": null}"
2536746,2536662,1,KUVRD_.,yes,"Send us a link of your post, and we will make sure you get your free one!",2018-03-05T18:00:38Z,https://www.indiegogo.com//projects/universal-lens-cap-1-cap-for-every-dslr-lens#/,"{""authorID"": 17544637, ""authorType"": 1, ""children"": null, ""childrenTotalCount"": 0, ""commentID"": 2536746, ""commentThreadID"": 158025, ""createdAt"": ""2018-03-05T18:00:38Z"", ""editedAt"": null, ""isDeleted"": false, ""isHidden"": false, ""isReportedByCreator"": false, ""likesCount"": 0, ""newerChildrenCount"": 0, ""newRepliesCount"": 0, ""parentID"": 2536662, ""pinnedAt"": null, ""text"": ""Send us a link of your post, and we will make sure you get your free one!"", ""userComment"": null}"
2536661,,0,Ryan_McPherson_7ab6,no,and how can I get a hold of a marketing person for questions/inquiries etc? could they email me at ryan@goodbloodmedia.com ?,2018-03-04T08:06:45Z,https://www.indiegogo.com//projects/universal-lens-cap-1-cap-for-every-dslr-lens#/,"{""authorID"": 17948468, ""authorType"": 0, ""children"": [{""authorID"": 17544637, ""authorType"": 1, ""children"": null, ""childrenTotalCount"": 0, ""commentID"": 2536745, ""commentThreadID"": 158025, ""createdAt"": ""2018-03-05T17:59:22Z"", ""editedAt"": null, ""isDeleted"": false, ""isHidden"": false, ""isReportedByCreator"": false, ""likesCount"": 0, ""newerChildrenCount"": 0, ""newRepliesCount"": 0, ""parentID"": 2536661, ""pinnedAt"": null, ""text"": ""Hey Ryan!!  It might be better if you send an email directly to contact@kuvrdcamera.com.  Then we can go from there!!"", ""userComment"": null}], ""childrenTotalCount"": 1, ""commentID"": 2536661, ""commentThreadID"": 158025, ""createdAt"": ""2018-03-04T08:06:45Z"", ""editedAt"": ""2018-03-04T08:06:45Z"", ""isDeleted"": false, ""isHidden"": false, ""isReportedByCreator"": false, ""likesCount"": 0, ""newerChildrenCount"": 0, ""newRepliesCount"": 0, ""parentID"": null, ""pinnedAt"": null, ""text"": ""and how can I get a hold of a marketing person for questions/inquiries etc? could they email me at ryan@goodbloodmedia.com ?"", ""userComment"": null}"
2536745,2536661,1,KUVRD_.,yes,Hey Ryan!!  It might be better if you send an email directly to contact@kuvrdcamera.com.  Then we can go from there!!,2018-03-05T17:59:22Z,https://www.indiegogo.com//projects/universal-lens-cap-1-cap-for-every-dslr-lens#/,"{""authorID"": 17544637, ""authorType"": 1, ""children"": null, ""childrenTotalCount"": 0, ""commentID"": 2536745, ""commentThreadID"": 158025, ""createdAt"": ""2018-03-05T17:59:22Z"", ""editedAt"": null, ""isDeleted"": false, ""isHidden"": false, ""isReportedByCreator"": false, ""likesCount"": 0, ""newerChildrenCount"": 0, ""newRepliesCount"": 0, ""parentID"": 2536661, ""pinnedAt"": null, ""text"": ""Hey Ryan!!  It might be better if you send an email directly to contact@kuvrdcamera.com.  Then we can go from there!!"", ""userComment"": null}"
2536660,,0,Ryan_McPherson_7ab6,no,"Hey crew! I ordered the 2 caps and posted on my social media, are you still offering the same deal for the 3rd cap being free?",2018-03-04T08:04:35Z,https://www.indiegogo.com//projects/universal-lens-cap-1-cap-for-every-dslr-lens#/,"{""authorID"": 17948468, ""authorType"": 0, ""children"": [{""authorID"": 17544637, ""authorType"": 1, ""children"": null, ""childrenTotalCount"": 0, ""commentID"": 2536744, ""commentThreadID"": 158025, ""createdAt"": ""2018-03-05T17:58:25Z"", ""editedAt"": null, ""isDeleted"": false, ""isHidden"": false, ""isReportedByCreator"": false, ""likesCount"": 0, ""newerChildrenCount"": 0, ""newRepliesCount"": 0, ""parentID"": 2536660, ""pinnedAt"": null, ""text"": ""Yes we are!"", ""userComment"": null}], ""childrenTotalCount"": 1, ""commentID"": 2536660, ""commentThreadID"": 158025, ""createdAt"": ""2018-03-04T08:04:35Z"", ""editedAt"": ""2018-03-04T08:04:35Z"", ""isDeleted"": false, ""isHidden"": false, ""isReportedByCreator"": false, ""likesCount"": 0, ""newerChildrenCount"": 0, ""newRepliesCount"": 0, ""parentID"": null, ""pinnedAt"": null, ""text"": ""Hey crew! I ordered the 2 caps and posted on my social media, are you still offering the same deal for the 3rd cap being free?"", ""userComment"": null}"
2536744,2536660,1,KUVRD_.,yes,Yes we are!,2018-03-05T17:58:25Z,https://www.indiegogo.com//projects/universal-lens-cap-1-cap-for-every-dslr-lens#/,"{""authorID"": 17544637, ""authorType"": 1, ""children"": null, ""childrenTotalCount"": 0, ""commentID"": 2536744, ""commentThreadID"": 158025, ""createdAt"": ""2018-03-05T17:58:25Z"", ""editedAt"": null, ""isDeleted"": false, ""isHidden"": false, ""isReportedByCreator"": false, ""likesCount"": 0, ""newerChildrenCount"": 0, ""newRepliesCount"": 0, ""parentID"": 2536660, ""pinnedAt"": null, ""text"": ""Yes we are!"", ""userComment"": null}"
2536658,,0,Amber_Searls,no,Hey there! Just ordered some caps & posted on social media. How do I go about getting my free cap?,2018-02-28T16:58:20Z,https://www.indiegogo.com//projects/universal-lens-cap-1-cap-for-every-dslr-lens#/,"{""authorID"": 17923500, ""authorType"": 0, ""children"": [{""authorID"": 17923500, ""authorType"": 0, ""children"": null, ""childrenTotalCount"": 0, ""commentID"": 2536739, ""commentThreadID"": 158025, ""createdAt"": ""2018-02-28T17:09:13Z"", ""editedAt"": null, ""isDeleted"": false, ""isHidden"": false, ""isReportedByCreator"": false, ""likesCount"": 0, ""newerChildrenCount"": 0, ""newRepliesCount"": 0, ""parentID"": 2536658, ""pinnedAt"": null, ""text"": ""Sorry, also following on Instagram :) Hope to get a free cap"", ""userComment"": null}, {""authorID"": 17544637, ""authorType"": 1, ""children"": null, ""childrenTotalCount"": 0, ""commentID"": 2536741, ""commentThreadID"": 158025, ""createdAt"": ""2018-03-01T18:02:16Z"", ""editedAt"": null, ""isDeleted"": false, ""isHidden"": false, ""isReportedByCreator"": false, ""likesCount"": 0, ""newerChildrenCount"": 0, ""newRepliesCount"": 0, ""parentID"": 2536658, ""pinnedAt"": null, ""text"": ""Alrighty Amber! We have you down for the free one!!  Thanks a bunch!"", ""userComment"": null}], ""childrenTotalCount"": 2, ""commentID"": 2536658, ""commentThreadID"": 158025, ""createdAt"": ""2018-02-28T16:58:20Z"", ""editedAt"": ""2018-02-28T16:58:20Z"", ""isDeleted"": false, ""isHidden"": false, ""isReportedByCreator"": false, ""likesCount"": 0, ""newerChildrenCount"": 0, ""newRepliesCount"": 0, ""parentID"": null, ""pinnedAt"": null, ""text"": ""Hey there! Just ordered some caps & posted on social media. How do I go about getting my free cap?"", ""userComment"": null}"
2536739,2536658,1,Amber_Searls,no,"Sorry, also following on Instagram :) Hope to get a free cap",2018-02-28T17:09:13Z,https://www.indiegogo.com//projects/universal-lens-cap-1-cap-for-every-dslr-lens#/,"{""authorID"": 17923500, ""authorType"": 0, ""children"": null, ""childrenTotalCount"": 0, ""commentID"": 2536739, ""commentThreadID"": 158025, ""createdAt"": ""2018-02-28T17:09:13Z"", ""editedAt"": null, ""isDeleted"": false, ""isHidden"": false, ""isReportedByCreator"": false, ""likesCount"": 0, ""newerChildrenCount"": 0, ""newRepliesCount"": 0, ""parentID"": 2536658, ""pinnedAt"": null, ""text"": ""Sorry, also following on Instagram :) Hope to get a free cap"", ""userComment"": null}"
2536741,2536658,1,KUVRD_.,yes,Alrighty Amber! We have you down for the free one!!  Thanks a bunch!,2018-03-01T18:02:16Z,https://www.indiegogo.com//projects/universal-lens-cap-1-cap-for-every-dslr-lens#/,"{""authorID"": 17544637, ""authorType"": 1, ""children"": null, ""childrenTotalCount"": 0, ""commentID"": 2536741, ""commentThreadID"": 158025, ""createdAt"": ""2018-03-01T18:02:16Z"", ""editedAt"": null, ""isDeleted"": false, ""isHidden"": false, ""isReportedByCreator"": false, ""likesCount"": 0, ""newerChildrenCount"": 0, ""newRepliesCount"": 0, ""parentID"": 2536658, ""pinnedAt"": null, ""text"": ""Alrighty Amber! We have you down for the free one!!  Thanks a bunch!"", ""userComment"": null}"
2536657,,0,Diego_Olea,no,"Hey, good stuff, hope these will allow me to keep the lenses in my pockets safely.  I did share the campaign in FB and now following you in Instagram (I one that extra cap for sure)",2018-02-28T14:35:20Z,https://www.indiegogo.com//projects/universal-lens-cap-1-cap-for-every-dslr-lens#/,"{""authorID"": 16013814, ""authorType"": 0, ""children"": [{""authorID"": 17544637, ""authorType"": 1, ""children"": null, ""childrenTotalCount"": 0, ""commentID"": 2536740, ""commentThreadID"": 158025, ""createdAt"": ""2018-03-01T18:01:50Z"", ""editedAt"": null, ""isDeleted"": false, ""isHidden"": false, ""isReportedByCreator"": false, ""likesCount"": 0, ""newerChildrenCount"": 0, ""newRepliesCount"": 0, ""parentID"": 2536657, ""pinnedAt"": null, ""text"": ""Awesome Diego!  You got it!!  They will be safe in your pocket, and you will get the extra one for free!!  Thanks!!"", ""userComment"": null}], ""childrenTotalCount"": 1, ""commentID"": 2536657, ""commentThreadID"": 158025, ""createdAt"": ""2018-02-28T14:35:20Z"", ""editedAt"": ""2018-02-28T14:35:20Z"", ""isDeleted"": false, ""isHidden"": false, ""isReportedByCreator"": false, ""likesCount"": 0, ""newerChildrenCount"": 0, ""newRepliesCount"": 0, ""parentID"": null, ""pinnedAt"": null, ""text"": ""Hey, good stuff, hope these will allow me to keep the lenses in my pockets safely.  I did share the campaign in FB and now following you in Instagram (I one that extra cap for sure)"", ""userComment"": null}"
2536740,2536657,1,KUVRD_.,yes,"Awesome Diego!  You got it!!  They will be safe in your pocket, and you will get the extra one for free!!  Thanks!!",2018-03-01T18:01:50Z,https://www.indiegogo.com//projects/universal-lens-cap-1-cap-for-every-dslr-lens#/,"{""authorID"": 17544637, ""authorType"": 1, ""children"": null, ""childrenTotalCount"": 0, ""commentID"": 2536740, ""commentThreadID"": 158025, ""createdAt"": ""2018-03-01T18:01:50Z"", ""editedAt"": null, ""isDeleted"": false, ""isHidden"": false, ""isReportedByCreator"": false, ""likesCount"": 0, ""newerChildrenCount"": 0, ""newRepliesCount"": 0, ""parentID"": 2536657, ""pinnedAt"": null, ""text"": ""Awesome Diego!  You got it!!  They will be safe in your pocket, and you will get the extra one for free!!  Thanks!!"", ""userComment"": null}"
2536656,,0,Pascal_Lachance_8a4d,no,"Hey, these lens caps look awesome, can't wait to get mine to replace my plastic caps! And since I'm clumsy, this will protect them too. Shared on facebook. Thanks!!!",2018-02-27T10:24:18Z,https://www.indiegogo.com//projects/universal-lens-cap-1-cap-for-every-dslr-lens#/,"{""authorID"": 17484817, ""authorType"": 0, ""children"": [{""authorID"": 17544637, ""authorType"": 1, ""children"": null, ""childrenTotalCount"": 0, ""commentID"": 2536738, ""commentThreadID"": 158025, ""createdAt"": ""2018-02-27T18:14:01Z"", ""editedAt"": null, ""isDeleted"": false, ""isHidden"": false, ""isReportedByCreator"": false, ""likesCount"": 0, ""newerChildrenCount"": 0, ""newRepliesCount"": 0, ""parentID"": 2536656, ""pinnedAt"": null, ""text"": ""Hopefully they will be perfect for you Pascal!  And you will get a free one!! Thank you!"", ""userComment"": null}], ""childrenTotalCount"": 1, ""commentID"": 2536656, ""commentThreadID"": 158025, ""createdAt"": ""2018-02-27T10:24:18Z"", ""editedAt"": ""2018-02-27T10:24:18Z"", ""isDeleted"": false, ""isHidden"": false, ""isReportedByCreator"": false, ""likesCount"": 0, ""newerChildrenCount"": 0, ""newRepliesCount"": 0, ""parentID"": null, ""pinnedAt"": null, ""text"": ""Hey, these lens caps look awesome, can't wait to get mine to replace my plastic caps! And since I'm clumsy, this will protect them too. Shared on facebook. Thanks!!!"", ""userComment"": null}"
2536738,2536656,1,KUVRD_.,yes,Hopefully they will be perfect for you Pascal!  And you will get a free one!! Thank you!,2018-02-27T18:14:01Z,https://www.indiegogo.com//projects/universal-lens-cap-1-cap-for-every-dslr-lens#/,"{""authorID"": 17544637, ""authorType"": 1, ""children"": null, ""childrenTotalCount"": 0, ""commentID"": 2536738, ""commentThreadID"": 158025, ""createdAt"": ""2018-02-27T18:14:01Z"", ""editedAt"": null, ""isDeleted"": false, ""isHidden"": false, ""isReportedByCreator"": false, ""likesCount"": 0, ""newerChildrenCount"": 0, ""newRepliesCount"": 0, ""parentID"": 2536656, ""pinnedAt"": null, ""text"": ""Hopefully they will be perfect for you Pascal!  And you will get a free one!! Thank you!"", ""userComment"": null}"
2536655,,0,William_McIntyre_fc1b,no,"Hi.  Order #560.  Shared on Twitter (@dawog); followed @KUVRD on Twitter; followed you on Instagram (wcm132).  Don't have FB, tho'. Thanks!!!",2018-02-27T03:24:28Z,https://www.indiegogo.com//projects/universal-lens-cap-1-cap-for-every-dslr-lens#/,"{""authorID"": 7648555, ""authorType"": 0, ""children"": [{""authorID"": 17544637, ""authorType"": 1, ""children"": null, ""childrenTotalCount"": 0, ""commentID"": 2536737, ""commentThreadID"": 158025, ""createdAt"": ""2018-02-27T18:13:27Z"", ""editedAt"": null, ""isDeleted"": false, ""isHidden"": false, ""isReportedByCreator"": false, ""likesCount"": 0, ""newerChildrenCount"": 0, ""newRepliesCount"": 0, ""parentID"": 2536655, ""pinnedAt"": null, ""text"": ""Great!  We have you down for a free lens cap! Thank you William!"", ""userComment"": null}], ""childrenTotalCount"": 1, ""commentID"": 2536655, ""commentThreadID"": 158025, ""createdAt"": ""2018-02-27T03:24:28Z"", ""editedAt"": ""2018-02-27T03:24:28Z"", ""isDeleted"": false, ""isHidden"": false, ""isReportedByCreator"": false, ""likesCount"": 0, ""newerChildrenCount"": 0, ""newRepliesCount"": 0, ""parentID"": null, ""pinnedAt"": null, ""text"": ""Hi.  Order #560.  Shared on Twitter (@dawog); followed @KUVRD on Twitter; followed you on Instagram (wcm132).  Don't have FB, tho'.\nThanks!!!"", ""userComment"": null}"
2536737,2536655,1,KUVRD_.,yes,Great!  We have you down for a free lens cap! Thank you William!,2018-02-27T18:13:27Z,https://www.indiegogo.com//projects/universal-lens-cap-1-cap-for-every-dslr-lens#/,"{""authorID"": 17544637, ""authorType"": 1, ""children"": null, ""childrenTotalCount"": 0, ""commentID"": 2536737, ""commentThreadID"": 158025, ""createdAt"": ""2018-02-27T18:13:27Z"", ""editedAt"": null, ""isDeleted"": false, ""isHidden"": false, ""isReportedByCreator"": false, ""likesCount"": 0, ""newerChildrenCount"": 0, ""newRepliesCount"": 0, ""parentID"": 2536655, ""pinnedAt"": null, ""text"": ""Great!  We have you down for a free lens cap! Thank you William!"", ""userComment"": null}"
2536654,,0,Christin_Couvreux,no,Order #533. Shared on twitter and followed on IG (christincouvreux). Thanks!,2018-02-26T18:36:16Z,https://www.indiegogo.com//projects/universal-lens-cap-1-cap-for-every-dslr-lens#/,"{""authorID"": 13087308, ""authorType"": 0, ""children"": [{""authorID"": 17544637, ""authorType"": 1, ""children"": null, ""childrenTotalCount"": 0, ""commentID"": 2536736, ""commentThreadID"": 158025, ""createdAt"": ""2018-02-26T21:59:09Z"", ""editedAt"": null, ""isDeleted"": false, ""isHidden"": false, ""isReportedByCreator"": false, ""likesCount"": 0, ""newerChildrenCount"": 0, ""newRepliesCount"": 0, ""parentID"": 2536654, ""pinnedAt"": null, ""text"": ""Perfect Christin Couvreux!  We will send a free ULC with your order!! -KUVRD"", ""userComment"": null}], ""childrenTotalCount"": 1, ""commentID"": 2536654, ""commentThreadID"": 158025, ""createdAt"": ""2018-02-26T18:36:16Z"", ""editedAt"": ""2018-02-26T18:36:16Z"", ""isDeleted"": false, ""isHidden"": false, ""isReportedByCreator"": false, ""likesCount"": 0, ""newerChildrenCount"": 0, ""newRepliesCount"": 0, ""parentID"": null, ""pinnedAt"": null, ""text"": ""Order #533. Shared on twitter and followed on IG (christincouvreux). Thanks!"", ""userComment"": null}"
2536736,2536654,1,KUVRD_.,yes,Perfect Christin Couvreux!  We will send a free ULC with your order!! -KUVRD,2018-02-26T21:59:09Z,https://www.indiegogo.com//projects/universal-lens-cap-1-cap-for-every-dslr-lens#/,"{""authorID"": 17544637, ""authorType"": 1, ""children"": null, ""childrenTotalCount"": 0, ""commentID"": 2536736, ""commentThreadID"": 158025, ""createdAt"": ""2018-02-26T21:59:09Z"", ""editedAt"": null, ""isDeleted"": false, ""isHidden"": false, ""isReportedByCreator"": false, ""likesCount"": 0, ""newerChildrenCount"": 0, ""newRepliesCount"": 0, ""parentID"": 2536654, ""pinnedAt"": null, ""text"": ""Perfect Christin Couvreux!  We will send a free ULC with your order!! -KUVRD"", ""userComment"": null}"
2536653,,0,Arti_Dua,no,"Just ordered, shared on my social channels too! Cant wait to get them, I keep losing my lens caps.",2018-02-26T16:42:46Z,https://www.indiegogo.com//projects/universal-lens-cap-1-cap-for-every-dslr-lens#/,"{""authorID"": 17680878, ""authorType"": 0, ""children"": [{""authorID"": 17544637, ""authorType"": 1, ""children"": null, ""childrenTotalCount"": 0, ""commentID"": 2536735, ""commentThreadID"": 158025, ""createdAt"": ""2018-02-26T21:58:25Z"", ""editedAt"": null, ""isDeleted"": false, ""isHidden"": false, ""isReportedByCreator"": false, ""likesCount"": 0, ""newerChildrenCount"": 0, ""newRepliesCount"": 0, ""parentID"": 2536653, ""pinnedAt"": null, ""text"": ""Arti Dua, hopefully that won't happen any more!!  And you'll get a free one!!  Thank you!"", ""userComment"": null}], ""childrenTotalCount"": 1, ""commentID"": 2536653, ""commentThreadID"": 158025, ""createdAt"": ""2018-02-26T16:42:46Z"", ""editedAt"": ""2018-02-26T16:42:46Z"", ""isDeleted"": false, ""isHidden"": false, ""isReportedByCreator"": false, ""likesCount"": 0, ""newerChildrenCount"": 0, ""newRepliesCount"": 0, ""parentID"": null, ""pinnedAt"": null, ""text"": ""Just ordered, shared on my social channels too! Cant wait to get them, I keep losing my lens caps."", ""userComment"": null}"
2536735,2536653,1,KUVRD_.,yes,"Arti Dua, hopefully that won't happen any more!!  And you'll get a free one!!  Thank you!",2018-02-26T21:58:25Z,https://www.indiegogo.com//projects/universal-lens-cap-1-cap-for-every-dslr-lens#/,"{""authorID"": 17544637, ""authorType"": 1, ""children"": null, ""childrenTotalCount"": 0, ""commentID"": 2536735, ""commentThreadID"": 158025, ""createdAt"": ""2018-02-26T21:58:25Z"", ""editedAt"": null, ""isDeleted"": false, ""isHidden"": false, ""isReportedByCreator"": false, ""likesCount"": 0, ""newerChildrenCount"": 0, ""newRepliesCount"": 0, ""parentID"": 2536653, ""pinnedAt"": null, ""text"": ""Arti Dua, hopefully that won't happen any more!!  And you'll get a free one!!  Thank you!"", ""userComment"": null}"
2536652,,0,PAUL_CHANG,no,Order ID #511: very excited to try them out. Following on Instagram (@chang_411) and shared on FB. Thanks! :),2018-02-26T15:42:03Z,https://www.indiegogo.com//projects/universal-lens-cap-1-cap-for-every-dslr-lens#/,"{""authorID"": 9965944, ""authorType"": 0, ""children"": [{""authorID"": 17544637, ""authorType"": 1, ""children"": null, ""childrenTotalCount"": 0, ""commentID"": 2536734, ""commentThreadID"": 158025, ""createdAt"": ""2018-02-26T21:57:58Z"", ""editedAt"": null, ""isDeleted"": false, ""isHidden"": false, ""isReportedByCreator"": false, ""likesCount"": 0, ""newerChildrenCount"": 0, ""newRepliesCount"": 0, ""parentID"": 2536652, ""pinnedAt"": null, ""text"": ""Fantastic Paul!!  You'll get a free one with your order!!  -KUVRD"", ""userComment"": null}], ""childrenTotalCount"": 1, ""commentID"": 2536652, ""commentThreadID"": 158025, ""createdAt"": ""2018-02-26T15:42:03Z"", ""editedAt"": ""2018-02-26T15:42:03Z"", ""isDeleted"": false, ""isHidden"": false, ""isReportedByCreator"": false, ""likesCount"": 0, ""newerChildrenCount"": 0, ""newRepliesCount"": 0, ""parentID"": null, ""pinnedAt"": null, ""text"": ""Order ID #511: very excited to try them out. Following on Instagram (@chang_411) and shared on FB. Thanks! :)"", ""userComment"": null}"
2536734,2536652,1,KUVRD_.,yes,Fantastic Paul!!  You'll get a free one with your order!!  -KUVRD,2018-02-26T21:57:58Z,https://www.indiegogo.com//projects/universal-lens-cap-1-cap-for-every-dslr-lens#/,"{""authorID"": 17544637, ""authorType"": 1, ""children"": null, ""childrenTotalCount"": 0, ""commentID"": 2536734, ""commentThreadID"": 158025, ""createdAt"": ""2018-02-26T21:57:58Z"", ""editedAt"": null, ""isDeleted"": false, ""isHidden"": false, ""isReportedByCreator"": false, ""likesCount"": 0, ""newerChildrenCount"": 0, ""newRepliesCount"": 0, ""parentID"": 2536652, ""pinnedAt"": null, ""text"": ""Fantastic Paul!!  You'll get a free one with your order!!  -KUVRD"", ""userComment"": null}"
2536651,,0,,no,Following on Instagram (fjbeiderbecke) and shared on FB.  Thanks!,2018-02-25T13:45:38Z,https://www.indiegogo.com//projects/universal-lens-cap-1-cap-for-every-dslr-lens#/,"{""authorID"": 4422401, ""authorType"": 0, ""children"": [{""authorID"": 17544637, ""authorType"": 1, ""children"": null, ""childrenTotalCount"": 0, ""commentID"": 2536733, ""commentThreadID"": 158025, ""createdAt"": ""2018-02-26T21:57:21Z"", ""editedAt"": null, ""isDeleted"": false, ""isHidden"": false, ""isReportedByCreator"": false, ""likesCount"": 0, ""newerChildrenCount"": 0, ""newRepliesCount"": 0, ""parentID"": 2536651, ""pinnedAt"": null, ""text"": ""Great fjbeiderbecke!!  A free one will be on its way to you with your order! Thanks!"", ""userComment"": null}], ""childrenTotalCount"": 1, ""commentID"": 2536651, ""commentThreadID"": 158025, ""createdAt"": ""2018-02-25T13:45:38Z"", ""editedAt"": ""2018-02-25T13:45:38Z"", ""isDeleted"": false, ""isHidden"": false, ""isReportedByCreator"": false, ""likesCount"": 0, ""newerChildrenCount"": 0, ""newRepliesCount"": 0, ""parentID"": null, ""pinnedAt"": null, ""text"": ""Following on Instagram (fjbeiderbecke) and shared on FB.  Thanks!"", ""userComment"": null}"
2536733,2536651,1,KUVRD_.,yes,Great fjbeiderbecke!!  A free one will be on its way to you with your order! Thanks!,2018-02-26T21:57:21Z,https://www.indiegogo.com//projects/universal-lens-cap-1-cap-for-every-dslr-lens#/,"{""authorID"": 17544637, ""authorType"": 1, ""children"": null, ""childrenTotalCount"": 0, ""commentID"": 2536733, ""commentThreadID"": 158025, ""createdAt"": ""2018-02-26T21:57:21Z"", ""editedAt"": null, ""isDeleted"": false, ""isHidden"": false, ""isReportedByCreator"": false, ""likesCount"": 0, ""newerChildrenCount"": 0, ""newRepliesCount"": 0, ""parentID"": 2536651, ""pinnedAt"": null, ""text"": ""Great fjbeiderbecke!!  A free one will be on its way to you with your order! Thanks!"", ""userComment"": null}"
2536650,,0,,no,Shared at twitter.com/ralfh  Follower at IG @ralfh,2018-02-24T18:15:25Z,https://www.indiegogo.com//projects/universal-lens-cap-1-cap-for-every-dslr-lens#/,"{""authorID"": 6929826, ""authorType"": 0, ""children"": [{""authorID"": 17544637, ""authorType"": 1, ""children"": null, ""childrenTotalCount"": 0, ""commentID"": 2536732, ""commentThreadID"": 158025, ""createdAt"": ""2018-02-26T21:56:50Z"", ""editedAt"": null, ""isDeleted"": false, ""isHidden"": false, ""isReportedByCreator"": false, ""likesCount"": 0, ""newerChildrenCount"": 0, ""newRepliesCount"": 0, ""parentID"": 2536650, ""pinnedAt"": null, ""text"": ""Thanks rh!!  We will get you a free one sent out with your order!  -KUVRD"", ""userComment"": null}], ""childrenTotalCount"": 1, ""commentID"": 2536650, ""commentThreadID"": 158025, ""createdAt"": ""2018-02-24T18:15:25Z"", ""editedAt"": ""2018-02-24T18:15:25Z"", ""isDeleted"": false, ""isHidden"": false, ""isReportedByCreator"": false, ""likesCount"": 0, ""newerChildrenCount"": 0, ""newRepliesCount"": 0, ""parentID"": null, ""pinnedAt"": null, ""text"": ""Shared at twitter.com/ralfh  Follower at IG @ralfh"", ""userComment"": null}"
2536732,2536650,1,KUVRD_.,yes,Thanks rh!!  We will get you a free one sent out with your order!  -KUVRD,2018-02-26T21:56:50Z,https://www.indiegogo.com//projects/universal-lens-cap-1-cap-for-every-dslr-lens#/,"{""authorID"": 17544637, ""authorType"": 1, ""children"": null, ""childrenTotalCount"": 0, ""commentID"": 2536732, ""commentThreadID"": 158025, ""createdAt"": ""2018-02-26T21:56:50Z"", ""editedAt"": null, ""isDeleted"": false, ""isHidden"": false, ""isReportedByCreator"": false, ""likesCount"": 0, ""newerChildrenCount"": 0, ""newRepliesCount"": 0, ""parentID"": 2536650, ""pinnedAt"": null, ""text"": ""Thanks rh!!  We will get you a free one sent out with your order!  -KUVRD"", ""userComment"": null}"
2536649,,0,,no,Shared on FB and followed on IG (@craigboudreauxphoto). Thanks!,2018-02-24T15:56:23Z,https://www.indiegogo.com//projects/universal-lens-cap-1-cap-for-every-dslr-lens#/,"{""authorID"": 14215651, ""authorType"": 0, ""children"": [{""authorID"": 17544637, ""authorType"": 1, ""children"": null, ""childrenTotalCount"": 0, ""commentID"": 2536731, ""commentThreadID"": 158025, ""createdAt"": ""2018-02-26T21:56:21Z"", ""editedAt"": null, ""isDeleted"": false, ""isHidden"": false, ""isReportedByCreator"": false, ""likesCount"": 0, ""newerChildrenCount"": 0, ""newRepliesCount"": 0, ""parentID"": 2536649, ""pinnedAt"": null, ""text"": ""You're awesome craig!  You're free one will be with your order!"", ""userComment"": null}], ""childrenTotalCount"": 1, ""commentID"": 2536649, ""commentThreadID"": 158025, ""createdAt"": ""2018-02-24T15:56:23Z"", ""editedAt"": ""2018-02-24T15:56:23Z"", ""isDeleted"": false, ""isHidden"": false, ""isReportedByCreator"": false, ""likesCount"": 0, ""newerChildrenCount"": 0, ""newRepliesCount"": 0, ""parentID"": null, ""pinnedAt"": null, ""text"": ""Shared on FB and followed on IG (@craigboudreauxphoto). Thanks!"", ""userComment"": null}"
2536731,2536649,1,KUVRD_.,yes,You're awesome craig!  You're free one will be with your order!,2018-02-26T21:56:21Z,https://www.indiegogo.com//projects/universal-lens-cap-1-cap-for-every-dslr-lens#/,"{""authorID"": 17544637, ""authorType"": 1, ""children"": null, ""childrenTotalCount"": 0, ""commentID"": 2536731, ""commentThreadID"": 158025, ""createdAt"": ""2018-02-26T21:56:21Z"", ""editedAt"": null, ""isDeleted"": false, ""isHidden"": false, ""isReportedByCreator"": false, ""likesCount"": 0, ""newerChildrenCount"": 0, ""newRepliesCount"": 0, ""parentID"": 2536649, ""pinnedAt"": null, ""text"": ""You're awesome craig!  You're free one will be with your order!"", ""userComment"": null}"
2536648,,0,Chang Su_Hyun,no,"I’ve purchased, followed your IG @kuvrdcamera. My Instagram(@orum2000)~~",2018-02-23T07:47:21Z,https://www.indiegogo.com//projects/universal-lens-cap-1-cap-for-every-dslr-lens#/,"{""authorID"": 16162341, ""authorType"": 0, ""children"": [{""authorID"": 17544637, ""authorType"": 1, ""children"": null, ""childrenTotalCount"": 0, ""commentID"": 2536730, ""commentThreadID"": 158025, ""createdAt"": ""2018-02-26T21:55:56Z"", ""editedAt"": null, ""isDeleted"": false, ""isHidden"": false, ""isReportedByCreator"": false, ""likesCount"": 0, ""newerChildrenCount"": 0, ""newRepliesCount"": 0, ""parentID"": 2536648, ""pinnedAt"": null, ""text"": ""Sweet Chang!!  You'll get your free one!!  Thank you!"", ""userComment"": null}], ""childrenTotalCount"": 1, ""commentID"": 2536648, ""commentThreadID"": 158025, ""createdAt"": ""2018-02-23T07:47:21Z"", ""editedAt"": ""2018-02-23T07:47:21Z"", ""isDeleted"": false, ""isHidden"": false, ""isReportedByCreator"": false, ""likesCount"": 0, ""newerChildrenCount"": 0, ""newRepliesCount"": 0, ""parentID"": null, ""pinnedAt"": null, ""text"": ""I’ve purchased, followed your IG @kuvrdcamera.\nMy Instagram(@orum2000)~~"", ""userComment"": null}"
2536730,2536648,1,KUVRD_.,yes,Sweet Chang!!  You'll get your free one!!  Thank you!,2018-02-26T21:55:56Z,https://www.indiegogo.com//projects/universal-lens-cap-1-cap-for-every-dslr-lens#/,"{""authorID"": 17544637, ""authorType"": 1, ""children"": null, ""childrenTotalCount"": 0, ""commentID"": 2536730, ""commentThreadID"": 158025, ""createdAt"": ""2018-02-26T21:55:56Z"", ""editedAt"": null, ""isDeleted"": false, ""isHidden"": false, ""isReportedByCreator"": false, ""likesCount"": 0, ""newerChildrenCount"": 0, ""newRepliesCount"": 0, ""parentID"": 2536648, ""pinnedAt"": null, ""text"": ""Sweet Chang!!  You'll get your free one!!  Thank you!"", ""userComment"": null}"
2536647,,0,KWOK_CHI HO ANDY,no,It looks awesome and can’t wait to get mine. I have shared on Facebook and followed on Instagram.,2018-02-22T01:45:53Z,https://www.indiegogo.com//projects/universal-lens-cap-1-cap-for-every-dslr-lens#/,"{""authorID"": 17884833, ""authorType"": 0, ""children"": [{""authorID"": 17544637, ""authorType"": 1, ""children"": null, ""childrenTotalCount"": 0, ""commentID"": 2536729, ""commentThreadID"": 158025, ""createdAt"": ""2018-02-26T21:55:02Z"", ""editedAt"": null, ""isDeleted"": false, ""isHidden"": false, ""isReportedByCreator"": false, ""likesCount"": 0, ""newerChildrenCount"": 0, ""newRepliesCount"": 0, ""parentID"": 2536647, ""pinnedAt"": null, ""text"": ""AWESOME!!  We will get you a free Universal Lens Cap!  -KUVRD"", ""userComment"": null}], ""childrenTotalCount"": 1, ""commentID"": 2536647, ""commentThreadID"": 158025, ""createdAt"": ""2018-02-22T01:45:53Z"", ""editedAt"": ""2018-02-22T01:45:53Z"", ""isDeleted"": false, ""isHidden"": false, ""isReportedByCreator"": false, ""likesCount"": 0, ""newerChildrenCount"": 0, ""newRepliesCount"": 0, ""parentID"": null, ""pinnedAt"": null, ""text"": ""It looks awesome and can’t wait to get mine. I have shared on Facebook and followed on Instagram."", ""userComment"": null}"
2536729,2536647,1,KUVRD_.,yes,AWESOME!!  We will get you a free Universal Lens Cap!  -KUVRD,2018-02-26T21:55:02Z,https://www.indiegogo.com//projects/universal-lens-cap-1-cap-for-every-dslr-lens#/,"{""authorID"": 17544637, ""authorType"": 1, ""children"": null, ""childrenTotalCount"": 0, ""commentID"": 2536729, ""commentThreadID"": 158025, ""createdAt"": ""2018-02-26T21:55:02Z"", ""editedAt"": null, ""isDeleted"": false, ""isHidden"": false, ""isReportedByCreator"": false, ""likesCount"": 0, ""newerChildrenCount"": 0, ""newRepliesCount"": 0, ""parentID"": 2536647, ""pinnedAt"": null, ""text"": ""AWESOME!!  We will get you a free Universal Lens Cap!  -KUVRD"", ""userComment"": null}"
2536646,,0,Eric_Malenfant,no,"These look fantastic, and I can't wait to get mine. I have shared them on Facebook and am following on Instagram.",2018-02-17T04:34:53Z,https://www.indiegogo.com//projects/universal-lens-cap-1-cap-for-every-dslr-lens#/,"{""authorID"": 16450080, ""authorType"": 0, ""children"": [{""authorID"": 17544637, ""authorType"": 1, ""children"": null, ""childrenTotalCount"": 0, ""commentID"": 2536728, ""commentThreadID"": 158025, ""createdAt"": ""2018-02-17T16:51:22Z"", ""editedAt"": null, ""isDeleted"": false, ""isHidden"": false, ""isReportedByCreator"": false, ""likesCount"": 0, ""newerChildrenCount"": 0, ""newRepliesCount"": 0, ""parentID"": 2536646, ""pinnedAt"": null, ""text"": ""Eric Malenfant, YES YES YES!! We've got you down for that additional Universal Lens Cap included to your order! - KUVRD"", ""userComment"": null}], ""childrenTotalCount"": 1, ""commentID"": 2536646, ""commentThreadID"": 158025, ""createdAt"": ""2018-02-17T04:34:53Z"", ""editedAt"": ""2018-02-17T04:34:53Z"", ""isDeleted"": false, ""isHidden"": false, ""isReportedByCreator"": false, ""likesCount"": 0, ""newerChildrenCount"": 0, ""newRepliesCount"": 0, ""parentID"": null, ""pinnedAt"": null, ""text"": ""These look fantastic, and I can't wait to get mine. I have shared them on Facebook and am following on Instagram."", ""userComment"": null}"
2536728,2536646,1,KUVRD_.,yes,"Eric Malenfant, YES YES YES!! We've got you down for that additional Universal Lens Cap included to your order! - KUVRD",2018-02-17T16:51:22Z,https://www.indiegogo.com//projects/universal-lens-cap-1-cap-for-every-dslr-lens#/,"{""authorID"": 17544637, ""authorType"": 1, ""children"": null, ""childrenTotalCount"": 0, ""commentID"": 2536728, ""commentThreadID"": 158025, ""createdAt"": ""2018-02-17T16:51:22Z"", ""editedAt"": null, ""isDeleted"": false, ""isHidden"": false, ""isReportedByCreator"": false, ""likesCount"": 0, ""newerChildrenCount"": 0, ""newRepliesCount"": 0, ""parentID"": 2536646, ""pinnedAt"": null, ""text"": ""Eric Malenfant, YES YES YES!! We've got you down for that additional Universal Lens Cap included to your order! - KUVRD"", ""userComment"": null}"
2536645,,0,Maile_Soon,no,Excited to receive my order! I have shared to FB and followed on Instagram.,2018-02-15T21:37:11Z,https://www.indiegogo.com//projects/universal-lens-cap-1-cap-for-every-dslr-lens#/,"{""authorID"": 17856639, ""authorType"": 0, ""children"": [{""authorID"": 17544637, ""authorType"": 1, ""children"": null, ""childrenTotalCount"": 0, ""commentID"": 2536727, ""commentThreadID"": 158025, ""createdAt"": ""2018-02-17T16:50:48Z"", ""editedAt"": null, ""isDeleted"": false, ""isHidden"": false, ""isReportedByCreator"": false, ""likesCount"": 0, ""newerChildrenCount"": 0, ""newRepliesCount"": 0, ""parentID"": 2536645, ""pinnedAt"": null, ""text"": ""Maile Soon, excellent! We'll have that additional Universal Lens Cap added to your order! - KUVRD"", ""userComment"": null}], ""childrenTotalCount"": 1, ""commentID"": 2536645, ""commentThreadID"": 158025, ""createdAt"": ""2018-02-15T21:37:11Z"", ""editedAt"": ""2018-02-15T21:37:11Z"", ""isDeleted"": false, ""isHidden"": false, ""isReportedByCreator"": false, ""likesCount"": 0, ""newerChildrenCount"": 0, ""newRepliesCount"": 0, ""parentID"": null, ""pinnedAt"": null, ""text"": ""Excited to receive my order! I have shared to FB and followed on Instagram."", ""userComment"": null}"
2536727,2536645,1,KUVRD_.,yes,"Maile Soon, excellent! We'll have that additional Universal Lens Cap added to your order! - KUVRD",2018-02-17T16:50:48Z,https://www.indiegogo.com//projects/universal-lens-cap-1-cap-for-every-dslr-lens#/,"{""authorID"": 17544637, ""authorType"": 1, ""children"": null, ""childrenTotalCount"": 0, ""commentID"": 2536727, ""commentThreadID"": 158025, ""createdAt"": ""2018-02-17T16:50:48Z"", ""editedAt"": null, ""isDeleted"": false, ""isHidden"": false, ""isReportedByCreator"": false, ""likesCount"": 0, ""newerChildrenCount"": 0, ""newRepliesCount"": 0, ""parentID"": 2536645, ""pinnedAt"": null, ""text"": ""Maile Soon, excellent! We'll have that additional Universal Lens Cap added to your order! - KUVRD"", ""userComment"": null}"
2536644,,0,Alec_Malenfant,no,A Facebook share and an Insta follow is a small price to pay to encourage people to back what looks like a great product! Can't wait to get mine!,2018-02-12T03:22:49Z,https://www.indiegogo.com//projects/universal-lens-cap-1-cap-for-every-dslr-lens#/,"{""authorID"": 17840812, ""authorType"": 0, ""children"": [{""authorID"": 17544637, ""authorType"": 1, ""children"": null, ""childrenTotalCount"": 0, ""commentID"": 2536726, ""commentThreadID"": 158025, ""createdAt"": ""2018-02-17T16:50:17Z"", ""editedAt"": null, ""isDeleted"": false, ""isHidden"": false, ""isReportedByCreator"": false, ""likesCount"": 0, ""newerChildrenCount"": 0, ""newRepliesCount"": 0, ""parentID"": 2536644, ""pinnedAt"": null, ""text"": ""Alec Malenfant, thank you thank you! We'll definitely get that additional Universal Lens Cap included with your order! - KUVRD"", ""userComment"": null}], ""childrenTotalCount"": 1, ""commentID"": 2536644, ""commentThreadID"": 158025, ""createdAt"": ""2018-02-12T03:22:49Z"", ""editedAt"": ""2018-02-12T03:22:49Z"", ""isDeleted"": false, ""isHidden"": false, ""isReportedByCreator"": false, ""likesCount"": 0, ""newerChildrenCount"": 0, ""newRepliesCount"": 0, ""parentID"": null, ""pinnedAt"": null, ""text"": ""A Facebook share and an Insta follow is a small price to pay to encourage people to back what looks like a great product! Can't wait to get mine!"", ""userComment"": null}"
2536726,2536644,1,KUVRD_.,yes,"Alec Malenfant, thank you thank you! We'll definitely get that additional Universal Lens Cap included with your order! - KUVRD",2018-02-17T16:50:17Z,https://www.indiegogo.com//projects/universal-lens-cap-1-cap-for-every-dslr-lens#/,"{""authorID"": 17544637, ""authorType"": 1, ""children"": null, ""childrenTotalCount"": 0, ""commentID"": 2536726, ""commentThreadID"": 158025, ""createdAt"": ""2018-02-17T16:50:17Z"", ""editedAt"": null, ""isDeleted"": false, ""isHidden"": false, ""isReportedByCreator"": false, ""likesCount"": 0, ""newerChildrenCount"": 0, ""newRepliesCount"": 0, ""parentID"": 2536644, ""pinnedAt"": null, ""text"": ""Alec Malenfant, thank you thank you! We'll definitely get that additional Universal Lens Cap included with your order! - KUVRD"", ""userComment"": null}"
2536643,,0,,no,Shared on my Facebook and following on Instagram!  Great looking product.,2018-02-07T03:18:55Z,https://www.indiegogo.com//projects/universal-lens-cap-1-cap-for-every-dslr-lens#/,"{""authorID"": 9044652, ""authorType"": 0, ""children"": [{""authorID"": 17544637, ""authorType"": 1, ""children"": null, ""childrenTotalCount"": 0, ""commentID"": 2536725, ""commentThreadID"": 158025, ""createdAt"": ""2018-02-08T22:46:54Z"", ""editedAt"": null, ""isDeleted"": false, ""isHidden"": false, ""isReportedByCreator"": false, ""likesCount"": 0, ""newerChildrenCount"": 0, ""newRepliesCount"": 0, ""parentID"": 2536643, ""pinnedAt"": null, ""text"": ""Awesome!  Thanks steveeverest!  We will make sure to include your free one with your order! KUVRD"", ""userComment"": null}], ""childrenTotalCount"": 1, ""commentID"": 2536643, ""commentThreadID"": 158025, ""createdAt"": ""2018-02-07T03:18:55Z"", ""editedAt"": ""2018-02-07T03:18:55Z"", ""isDeleted"": false, ""isHidden"": false, ""isReportedByCreator"": false, ""likesCount"": 0, ""newerChildrenCount"": 0, ""newRepliesCount"": 0, ""parentID"": null, ""pinnedAt"": null, ""text"": ""Shared on my Facebook and following on Instagram!  Great looking product."", ""userComment"": null}"
2536725,2536643,1,KUVRD_.,yes,Awesome!  Thanks steveeverest!  We will make sure to include your free one with your order! KUVRD,2018-02-08T22:46:54Z,https://www.indiegogo.com//projects/universal-lens-cap-1-cap-for-every-dslr-lens#/,"{""authorID"": 17544637, ""authorType"": 1, ""children"": null, ""childrenTotalCount"": 0, ""commentID"": 2536725, ""commentThreadID"": 158025, ""createdAt"": ""2018-02-08T22:46:54Z"", ""editedAt"": null, ""isDeleted"": false, ""isHidden"": false, ""isReportedByCreator"": false, ""likesCount"": 0, ""newerChildrenCount"": 0, ""newRepliesCount"": 0, ""parentID"": 2536643, ""pinnedAt"": null, ""text"": ""Awesome!  Thanks steveeverest!  We will make sure to include your free one with your order! KUVRD"", ""userComment"": null}"
2536642,,0,lisa_kinberger,no,"backed, tweeted and followed, looking forward to these!",2018-02-06T22:50:29Z,https://www.indiegogo.com//projects/universal-lens-cap-1-cap-for-every-dslr-lens#/,"{""authorID"": 5026676, ""authorType"": 0, ""children"": [{""authorID"": 17544637, ""authorType"": 1, ""children"": null, ""childrenTotalCount"": 0, ""commentID"": 2536724, ""commentThreadID"": 158025, ""createdAt"": ""2018-02-08T21:19:57Z"", ""editedAt"": null, ""isDeleted"": false, ""isHidden"": false, ""isReportedByCreator"": false, ""likesCount"": 0, ""newerChildrenCount"": 0, ""newRepliesCount"": 0, ""parentID"": 2536642, ""pinnedAt"": null, ""text"": ""lisa kingberger, thank you! You will get your order and an extra one soon! Thanks for sharing! -KUVRD"", ""userComment"": null}], ""childrenTotalCount"": 1, ""commentID"": 2536642, ""commentThreadID"": 158025, ""createdAt"": ""2018-02-06T22:50:29Z"", ""editedAt"": ""2018-02-06T22:50:29Z"", ""isDeleted"": false, ""isHidden"": false, ""isReportedByCreator"": false, ""likesCount"": 0, ""newerChildrenCount"": 0, ""newRepliesCount"": 0, ""parentID"": null, ""pinnedAt"": null, ""text"": ""backed, tweeted and followed, looking forward to these!"", ""userComment"": null}"
2536724,2536642,1,KUVRD_.,yes,"lisa kingberger, thank you! You will get your order and an extra one soon! Thanks for sharing! -KUVRD",2018-02-08T21:19:57Z,https://www.indiegogo.com//projects/universal-lens-cap-1-cap-for-every-dslr-lens#/,"{""authorID"": 17544637, ""authorType"": 1, ""children"": null, ""childrenTotalCount"": 0, ""commentID"": 2536724, ""commentThreadID"": 158025, ""createdAt"": ""2018-02-08T21:19:57Z"", ""editedAt"": null, ""isDeleted"": false, ""isHidden"": false, ""isReportedByCreator"": false, ""likesCount"": 0, ""newerChildrenCount"": 0, ""newRepliesCount"": 0, ""parentID"": 2536642, ""pinnedAt"": null, ""text"": ""lisa kingberger, thank you! You will get your order and an extra one soon! Thanks for sharing! -KUVRD"", ""userComment"": null}"
2536641,,0,Ee Tat_Teo,no,Just backed and have share this campaign on my Facebook and follow your Instagram. Great idea to protect the lens,2018-02-05T12:27:07Z,https://www.indiegogo.com//projects/universal-lens-cap-1-cap-for-every-dslr-lens#/,"{""authorID"": 17800221, ""authorType"": 0, ""children"": [{""authorID"": 17544637, ""authorType"": 1, ""children"": null, ""childrenTotalCount"": 0, ""commentID"": 2536723, ""commentThreadID"": 158025, ""createdAt"": ""2018-02-06T06:39:39Z"", ""editedAt"": null, ""isDeleted"": false, ""isHidden"": false, ""isReportedByCreator"": false, ""likesCount"": 0, ""newerChildrenCount"": 0, ""newRepliesCount"": 0, ""parentID"": 2536641, ""pinnedAt"": null, ""text"": ""Thank you thank you for backing! It is much appreciated and we'll make sure to get you that additional Universal Lens Cap with your order! - KUVRD"", ""userComment"": null}], ""childrenTotalCount"": 1, ""commentID"": 2536641, ""commentThreadID"": 158025, ""createdAt"": ""2018-02-05T12:27:07Z"", ""editedAt"": ""2018-02-05T12:27:07Z"", ""isDeleted"": false, ""isHidden"": false, ""isReportedByCreator"": false, ""likesCount"": 0, ""newerChildrenCount"": 0, ""newRepliesCount"": 0, ""parentID"": null, ""pinnedAt"": null, ""text"": ""Just backed and have share this campaign on my Facebook and follow your Instagram. Great idea to protect the lens"", ""userComment"": null}"
2536723,2536641,1,KUVRD_.,yes,Thank you thank you for backing! It is much appreciated and we'll make sure to get you that additional Universal Lens Cap with your order! - KUVRD,2018-02-06T06:39:39Z,https://www.indiegogo.com//projects/universal-lens-cap-1-cap-for-every-dslr-lens#/,"{""authorID"": 17544637, ""authorType"": 1, ""children"": null, ""childrenTotalCount"": 0, ""commentID"": 2536723, ""commentThreadID"": 158025, ""createdAt"": ""2018-02-06T06:39:39Z"", ""editedAt"": null, ""isDeleted"": false, ""isHidden"": false, ""isReportedByCreator"": false, ""likesCount"": 0, ""newerChildrenCount"": 0, ""newRepliesCount"": 0, ""parentID"": 2536641, ""pinnedAt"": null, ""text"": ""Thank you thank you for backing! It is much appreciated and we'll make sure to get you that additional Universal Lens Cap with your order! - KUVRD"", ""userComment"": null}"
2536640,,0,Annet_Neijmeijer,no,"What a great innovation! Backed, shared and followed. Can't wait to find them in the mail!!",2018-02-04T14:02:38Z,https://www.indiegogo.com//projects/universal-lens-cap-1-cap-for-every-dslr-lens#/,"{""authorID"": 17803918, ""authorType"": 0, ""children"": [{""authorID"": 17544637, ""authorType"": 1, ""children"": null, ""childrenTotalCount"": 0, ""commentID"": 2536722, ""commentThreadID"": 158025, ""createdAt"": ""2018-02-05T16:40:21Z"", ""editedAt"": null, ""isDeleted"": false, ""isHidden"": false, ""isReportedByCreator"": false, ""likesCount"": 0, ""newerChildrenCount"": 0, ""newRepliesCount"": 0, ""parentID"": 2536640, ""pinnedAt"": null, ""text"": ""Annet, Thank you!  You will get your order and an extra one soon!\nKUVRD"", ""userComment"": null}], ""childrenTotalCount"": 1, ""commentID"": 2536640, ""commentThreadID"": 158025, ""createdAt"": ""2018-02-04T14:02:38Z"", ""editedAt"": ""2018-02-04T14:02:38Z"", ""isDeleted"": false, ""isHidden"": false, ""isReportedByCreator"": false, ""likesCount"": 0, ""newerChildrenCount"": 0, ""newRepliesCount"": 0, ""parentID"": null, ""pinnedAt"": null, ""text"": ""What a great innovation! Backed, shared and followed. Can't wait to find them in the mail!!"", ""userComment"": null}"
2536722,2536640,1,KUVRD_.,yes,"Annet, Thank you!  You will get your order and an extra one soon! KUVRD",2018-02-05T16:40:21Z,https://www.indiegogo.com//projects/universal-lens-cap-1-cap-for-every-dslr-lens#/,"{""authorID"": 17544637, ""authorType"": 1, ""children"": null, ""childrenTotalCount"": 0, ""commentID"": 2536722, ""commentThreadID"": 158025, ""createdAt"": ""2018-02-05T16:40:21Z"", ""editedAt"": null, ""isDeleted"": false, ""isHidden"": false, ""isReportedByCreator"": false, ""likesCount"": 0, ""newerChildrenCount"": 0, ""newRepliesCount"": 0, ""parentID"": 2536640, ""pinnedAt"": null, ""text"": ""Annet, Thank you!  You will get your order and an extra one soon!\nKUVRD"", ""userComment"": null}"
2536639,,0,Joanne_Aldrich,no,Backed on Kickstarter and backed on Indiegogo! Shared on Twitter and Facebook and following too! Can’t wait to get this........https://t.co/Jv1ZXjRt6P?amp=1,2018-02-04T10:28:10Z,https://www.indiegogo.com//projects/universal-lens-cap-1-cap-for-every-dslr-lens#/,"{""authorID"": 17748716, ""authorType"": 0, ""children"": [{""authorID"": 17544637, ""authorType"": 1, ""children"": null, ""childrenTotalCount"": 0, ""commentID"": 2536721, ""commentThreadID"": 158025, ""createdAt"": ""2018-02-05T16:39:19Z"", ""editedAt"": null, ""isDeleted"": false, ""isHidden"": false, ""isReportedByCreator"": false, ""likesCount"": 0, ""newerChildrenCount"": 0, ""newRepliesCount"": 0, ""parentID"": 2536639, ""pinnedAt"": null, ""text"": ""Thanks Joanne!  You're awesome!!  We will get you that extra lens cap!\nKUVRD"", ""userComment"": null}], ""childrenTotalCount"": 1, ""commentID"": 2536639, ""commentThreadID"": 158025, ""createdAt"": ""2018-02-04T10:28:10Z"", ""editedAt"": ""2018-02-04T10:28:10Z"", ""isDeleted"": false, ""isHidden"": false, ""isReportedByCreator"": false, ""likesCount"": 0, ""newerChildrenCount"": 0, ""newRepliesCount"": 0, ""parentID"": null, ""pinnedAt"": null, ""text"": ""Backed on Kickstarter and backed on Indiegogo! Shared on Twitter and Facebook and following too! Can’t wait to get this........https://t.co/Jv1ZXjRt6P?amp=1"", ""userComment"": null}"
2536721,2536639,1,KUVRD_.,yes,Thanks Joanne!  You're awesome!!  We will get you that extra lens cap! KUVRD,2018-02-05T16:39:19Z,https://www.indiegogo.com//projects/universal-lens-cap-1-cap-for-every-dslr-lens#/,"{""authorID"": 17544637, ""authorType"": 1, ""children"": null, ""childrenTotalCount"": 0, ""commentID"": 2536721, ""commentThreadID"": 158025, ""createdAt"": ""2018-02-05T16:39:19Z"", ""editedAt"": null, ""isDeleted"": false, ""isHidden"": false, ""isReportedByCreator"": false, ""likesCount"": 0, ""newerChildrenCount"": 0, ""newRepliesCount"": 0, ""parentID"": 2536639, ""pinnedAt"": null, ""text"": ""Thanks Joanne!  You're awesome!!  We will get you that extra lens cap!\nKUVRD"", ""userComment"": null}"
2536638,,0,Ludovic_Cadet,no,"Nice work ! Backed, twitted and followed. Keep going on ;)",2018-01-30T22:35:17Z,https://www.indiegogo.com//projects/universal-lens-cap-1-cap-for-every-dslr-lens#/,"{""authorID"": 13375055, ""authorType"": 0, ""children"": [{""authorID"": 17544637, ""authorType"": 1, ""children"": null, ""childrenTotalCount"": 0, ""commentID"": 2536720, ""commentThreadID"": 158025, ""createdAt"": ""2018-01-31T23:20:25Z"", ""editedAt"": null, ""isDeleted"": false, ""isHidden"": false, ""isReportedByCreator"": false, ""likesCount"": 0, ""newerChildrenCount"": 0, ""newRepliesCount"": 0, ""parentID"": 2536638, ""pinnedAt"": null, ""text"": ""Thanks Ludovic Cadet!!  We will be sure to include the free ULC for free!  -KUVRD"", ""userComment"": null}], ""childrenTotalCount"": 1, ""commentID"": 2536638, ""commentThreadID"": 158025, ""createdAt"": ""2018-01-30T22:35:17Z"", ""editedAt"": ""2018-01-30T22:35:17Z"", ""isDeleted"": false, ""isHidden"": false, ""isReportedByCreator"": false, ""likesCount"": 0, ""newerChildrenCount"": 0, ""newRepliesCount"": 0, ""parentID"": null, ""pinnedAt"": null, ""text"": ""Nice work ! Backed, twitted and followed. Keep going on ;)"", ""userComment"": null}"
2536720,2536638,1,KUVRD_.,yes,Thanks Ludovic Cadet!!  We will be sure to include the free ULC for free!  -KUVRD,2018-01-31T23:20:25Z,https://www.indiegogo.com//projects/universal-lens-cap-1-cap-for-every-dslr-lens#/,"{""authorID"": 17544637, ""authorType"": 1, ""children"": null, ""childrenTotalCount"": 0, ""commentID"": 2536720, ""commentThreadID"": 158025, ""createdAt"": ""2018-01-31T23:20:25Z"", ""editedAt"": null, ""isDeleted"": false, ""isHidden"": false, ""isReportedByCreator"": false, ""likesCount"": 0, ""newerChildrenCount"": 0, ""newRepliesCount"": 0, ""parentID"": 2536638, ""pinnedAt"": null, ""text"": ""Thanks Ludovic Cadet!!  We will be sure to include the free ULC for free!  -KUVRD"", ""userComment"": null}"
2536637,,0,,no,"That's an fantastic idea! Backed, shared (Twitter&Facebook), followed :)",2018-01-30T12:49:37Z,https://www.indiegogo.com//projects/universal-lens-cap-1-cap-for-every-dslr-lens#/,"{""authorID"": 13158514, ""authorType"": 0, ""children"": [{""authorID"": 17544637, ""authorType"": 1, ""children"": null, ""childrenTotalCount"": 0, ""commentID"": 2536719, ""commentThreadID"": 158025, ""createdAt"": ""2018-01-30T20:24:57Z"", ""editedAt"": null, ""isDeleted"": false, ""isHidden"": false, ""isReportedByCreator"": false, ""likesCount"": 0, ""newerChildrenCount"": 0, ""newRepliesCount"": 0, ""parentID"": 2536637, ""pinnedAt"": null, ""text"": ""weggaesser, awesome awesome! We've got you down for that additional ULC for free! - KUVRD"", ""userComment"": null}], ""childrenTotalCount"": 1, ""commentID"": 2536637, ""commentThreadID"": 158025, ""createdAt"": ""2018-01-30T12:49:37Z"", ""editedAt"": ""2018-01-30T12:49:37Z"", ""isDeleted"": false, ""isHidden"": false, ""isReportedByCreator"": false, ""likesCount"": 0, ""newerChildrenCount"": 0, ""newRepliesCount"": 0, ""parentID"": null, ""pinnedAt"": null, ""text"": ""That's an fantastic idea! Backed, shared (Twitter&Facebook), followed :)"", ""userComment"": null}"
2536719,2536637,1,KUVRD_.,yes,"weggaesser, awesome awesome! We've got you down for that additional ULC for free! - KUVRD",2018-01-30T20:24:57Z,https://www.indiegogo.com//projects/universal-lens-cap-1-cap-for-every-dslr-lens#/,"{""authorID"": 17544637, ""authorType"": 1, ""children"": null, ""childrenTotalCount"": 0, ""commentID"": 2536719, ""commentThreadID"": 158025, ""createdAt"": ""2018-01-30T20:24:57Z"", ""editedAt"": null, ""isDeleted"": false, ""isHidden"": false, ""isReportedByCreator"": false, ""likesCount"": 0, ""newerChildrenCount"": 0, ""newRepliesCount"": 0, ""parentID"": 2536637, ""pinnedAt"": null, ""text"": ""weggaesser, awesome awesome! We've got you down for that additional ULC for free! - KUVRD"", ""userComment"": null}"
2536636,,0,Ryan_Chernochan,no,"Thanks! I’ve purchased, followed your IG and shared on twitter! https://twitter.com/chernochan/status/956258265184141312",2018-01-24T20:16:59Z,https://www.indiegogo.com//projects/universal-lens-cap-1-cap-for-every-dslr-lens#/,"{""authorID"": 17745124, ""authorType"": 0, ""children"": [{""authorID"": 17544637, ""authorType"": 1, ""children"": null, ""childrenTotalCount"": 0, ""commentID"": 2536718, ""commentThreadID"": 158025, ""createdAt"": ""2018-01-29T20:50:33Z"", ""editedAt"": null, ""isDeleted"": false, ""isHidden"": false, ""isReportedByCreator"": false, ""likesCount"": 0, ""newerChildrenCount"": 0, ""newRepliesCount"": 0, ""parentID"": 2536636, ""pinnedAt"": null, ""text"": ""Ryan Chernochan, EXCELLENT! We've got you down for that additional Universal Lens Cap for FREE! - KUVRD"", ""userComment"": null}], ""childrenTotalCount"": 1, ""commentID"": 2536636, ""commentThreadID"": 158025, ""createdAt"": ""2018-01-24T20:16:59Z"", ""editedAt"": ""2018-01-24T20:16:59Z"", ""isDeleted"": false, ""isHidden"": false, ""isReportedByCreator"": false, ""likesCount"": 0, ""newerChildrenCount"": 0, ""newRepliesCount"": 0, ""parentID"": null, ""pinnedAt"": null, ""text"": ""Thanks! I’ve purchased, followed your IG and shared on twitter! https://twitter.com/chernochan/status/956258265184141312"", ""userComment"": null}"
2536718,2536636,1,KUVRD_.,yes,"Ryan Chernochan, EXCELLENT! We've got you down for that additional Universal Lens Cap for FREE! - KUVRD",2018-01-29T20:50:33Z,https://www.indiegogo.com//projects/universal-lens-cap-1-cap-for-every-dslr-lens#/,"{""authorID"": 17544637, ""authorType"": 1, ""children"": null, ""childrenTotalCount"": 0, ""commentID"": 2536718, ""commentThreadID"": 158025, ""createdAt"": ""2018-01-29T20:50:33Z"", ""editedAt"": null, ""isDeleted"": false, ""isHidden"": false, ""isReportedByCreator"": false, ""likesCount"": 0, ""newerChildrenCount"": 0, ""newRepliesCount"": 0, ""parentID"": 2536636, ""pinnedAt"": null, ""text"": ""Ryan Chernochan, EXCELLENT! We've got you down for that additional Universal Lens Cap for FREE! - KUVRD"", ""userComment"": null}"
2536635,,0,Benson_Lee_4bb2,no,"backed, followed and twitted, how can we confirm the addition of an extra ULC? thx",2018-01-23T02:06:01Z,https://www.indiegogo.com//projects/universal-lens-cap-1-cap-for-every-dslr-lens#/,"{""authorID"": 14407992, ""authorType"": 0, ""children"": [{""authorID"": 17544637, ""authorType"": 1, ""children"": null, ""childrenTotalCount"": 0, ""commentID"": 2536717, ""commentThreadID"": 158025, ""createdAt"": ""2018-01-29T20:50:02Z"", ""editedAt"": null, ""isDeleted"": false, ""isHidden"": false, ""isReportedByCreator"": false, ""likesCount"": 0, ""newerChildrenCount"": 0, ""newRepliesCount"": 0, ""parentID"": 2536635, ""pinnedAt"": null, ""text"": ""Benson Lee, this is perfect my friend! Thanks again! We've got you down for that extra ULC! - KUVRD"", ""userComment"": null}], ""childrenTotalCount"": 1, ""commentID"": 2536635, ""commentThreadID"": 158025, ""createdAt"": ""2018-01-23T02:06:01Z"", ""editedAt"": ""2018-01-23T02:06:01Z"", ""isDeleted"": false, ""isHidden"": false, ""isReportedByCreator"": false, ""likesCount"": 0, ""newerChildrenCount"": 0, ""newRepliesCount"": 0, ""parentID"": null, ""pinnedAt"": null, ""text"": ""backed, followed and twitted, how can we confirm the addition of an extra ULC?\nthx"", ""userComment"": null}"
2536717,2536635,1,KUVRD_.,yes,"Benson Lee, this is perfect my friend! Thanks again! We've got you down for that extra ULC! - KUVRD",2018-01-29T20:50:02Z,https://www.indiegogo.com//projects/universal-lens-cap-1-cap-for-every-dslr-lens#/,"{""authorID"": 17544637, ""authorType"": 1, ""children"": null, ""childrenTotalCount"": 0, ""commentID"": 2536717, ""commentThreadID"": 158025, ""createdAt"": ""2018-01-29T20:50:02Z"", ""editedAt"": null, ""isDeleted"": false, ""isHidden"": false, ""isReportedByCreator"": false, ""likesCount"": 0, ""newerChildrenCount"": 0, ""newRepliesCount"": 0, ""parentID"": 2536635, ""pinnedAt"": null, ""text"": ""Benson Lee, this is perfect my friend! Thanks again! We've got you down for that extra ULC! - KUVRD"", ""userComment"": null}"
2536634,,0,Eldar_Aron Mortensen,no,"As soon as I saw this lens cap, I knew I had to get it. What a great way to protect my lenses!  Shared it among my friends on Twitter: https://goo.gl/xpXaiv",2018-01-21T11:29:30Z,https://www.indiegogo.com//projects/universal-lens-cap-1-cap-for-every-dslr-lens#/,"{""authorID"": 16025359, ""authorType"": 0, ""children"": [{""authorID"": 17544637, ""authorType"": 1, ""children"": null, ""childrenTotalCount"": 0, ""commentID"": 2536716, ""commentThreadID"": 158025, ""createdAt"": ""2018-01-29T20:49:35Z"", ""editedAt"": null, ""isDeleted"": false, ""isHidden"": false, ""isReportedByCreator"": false, ""likesCount"": 0, ""newerChildrenCount"": 0, ""newRepliesCount"": 0, ""parentID"": 2536634, ""pinnedAt"": null, ""text"": ""Eldar Aron Mortensen, AWESOME! We've got you down for that additional ULCs for free! - KUVRD"", ""userComment"": null}], ""childrenTotalCount"": 1, ""commentID"": 2536634, ""commentThreadID"": 158025, ""createdAt"": ""2018-01-21T11:29:30Z"", ""editedAt"": ""2018-01-21T11:29:30Z"", ""isDeleted"": false, ""isHidden"": false, ""isReportedByCreator"": false, ""likesCount"": 0, ""newerChildrenCount"": 0, ""newRepliesCount"": 0, ""parentID"": null, ""pinnedAt"": null, ""text"": ""As soon as I saw this lens cap, I knew I had to get it. What a great way to protect my lenses! \nShared it among my friends on Twitter: https://goo.gl/xpXaiv"", ""userComment"": null}"
2536716,2536634,1,KUVRD_.,yes,"Eldar Aron Mortensen, AWESOME! We've got you down for that additional ULCs for free! - KUVRD",2018-01-29T20:49:35Z,https://www.indiegogo.com//projects/universal-lens-cap-1-cap-for-every-dslr-lens#/,"{""authorID"": 17544637, ""authorType"": 1, ""children"": null, ""childrenTotalCount"": 0, ""commentID"": 2536716, ""commentThreadID"": 158025, ""createdAt"": ""2018-01-29T20:49:35Z"", ""editedAt"": null, ""isDeleted"": false, ""isHidden"": false, ""isReportedByCreator"": false, ""likesCount"": 0, ""newerChildrenCount"": 0, ""newRepliesCount"": 0, ""parentID"": 2536634, ""pinnedAt"": null, ""text"": ""Eldar Aron Mortensen, AWESOME! We've got you down for that additional ULCs for free! - KUVRD"", ""userComment"": null}"
2536633,,0,Jaime_McCabe_acaf,no,"I'm a BackerClub Member, just backed and I'm super excited to get the Universal Lens Cap because it'll fit all my lenses which saves me time and worry! posted to FB & Twiter",2018-01-19T06:39:31Z,https://www.indiegogo.com//projects/universal-lens-cap-1-cap-for-every-dslr-lens#/,"{""authorID"": 17713064, ""authorType"": 0, ""children"": [{""authorID"": 17544637, ""authorType"": 1, ""children"": null, ""childrenTotalCount"": 0, ""commentID"": 2536715, ""commentThreadID"": 158025, ""createdAt"": ""2018-01-29T20:49:09Z"", ""editedAt"": null, ""isDeleted"": false, ""isHidden"": false, ""isReportedByCreator"": false, ""likesCount"": 0, ""newerChildrenCount"": 0, ""newRepliesCount"": 0, ""parentID"": 2536633, ""pinnedAt"": null, ""text"": ""Jaime, AWESOME! We've got you down for that additional Universal Lens Cap and the special reward for Backer Club Members! - KUVRD"", ""userComment"": null}], ""childrenTotalCount"": 1, ""commentID"": 2536633, ""commentThreadID"": 158025, ""createdAt"": ""2018-01-19T06:39:31Z"", ""editedAt"": ""2018-01-19T06:39:31Z"", ""isDeleted"": false, ""isHidden"": false, ""isReportedByCreator"": false, ""likesCount"": 0, ""newerChildrenCount"": 0, ""newRepliesCount"": 0, ""parentID"": null, ""pinnedAt"": null, ""text"": ""I'm a BackerClub Member, just backed and I'm super excited to get the Universal Lens Cap because it'll fit all my lenses which saves me time and worry! posted to FB & Twiter"", ""userComment"": null}"
2536715,2536633,1,KUVRD_.,yes,"Jaime, AWESOME! We've got you down for that additional Universal Lens Cap and the special reward for Backer Club Members! - KUVRD",2018-01-29T20:49:09Z,https://www.indiegogo.com//projects/universal-lens-cap-1-cap-for-every-dslr-lens#/,"{""authorID"": 17544637, ""authorType"": 1, ""children"": null, ""childrenTotalCount"": 0, ""commentID"": 2536715, ""commentThreadID"": 158025, ""createdAt"": ""2018-01-29T20:49:09Z"", ""editedAt"": null, ""isDeleted"": false, ""isHidden"": false, ""isReportedByCreator"": false, ""likesCount"": 0, ""newerChildrenCount"": 0, ""newRepliesCount"": 0, ""parentID"": 2536633, ""pinnedAt"": null, ""text"": ""Jaime, AWESOME! We've got you down for that additional Universal Lens Cap and the special reward for Backer Club Members! - KUVRD"", ""userComment"": null}"
