商品URL,商品ID,层级,名称,价格,红色标注,描述,图片链接,图片路径
https://shop.toysanta.jp/?pid=193046794,193046794,"ホーム > コミック・アニメ(ジャンプ) > ハイキュー!!
ホーム > 2026年8月13日(木)新商品
",【全部揃ってます!!】でふぉフィグ！ ハイキュー!! 稲荷崎高校・鴎台高校・井闥山学院高校キーホルダー [全4種セット(フルコンプ)]【ネコポス配送対応】【C】,"1,700円(内税)",51pt,"この商品のラインナップを全て見る

 ▼この商品は【全4種セット(フルコンプ)】です。

 今回は人気の稲荷崎高校・鴎台高校・井闥山学院高校のキャラをピックアップ！
 全種ボールチェーン付き！

 英語名：Defofig! Haikyu!! Inarizaki High School, Kamomedai High School, and Itachiyama Gakuin High School Keychain TakaraTomyArts Capsule Toy

 このシリーズには4種類のラインナップがあります。
 お届け商品は、商品名及び画像のものになります。

 ・宮 侑
 ・宮 治
 ・星海 光来
 ・佐久早 聖臣

 キャラクター：ハイキュー!! 
 サイズ：全高約45mm
 材質：PVC
 商品状態：新古品・未使用・ミニブック付属 ※カプセルは付属しません。内袋は未開封です。

 ■58573
 ■メーカー：タカラトミーアーツ
 ■分類：ガチャガチャ
 ■code：20260813
 ■JAN：4904790901072",https://img07.shop-pro.jp/PA01455/769/product/193046794.jpg?cmsp_timestamp=20260812165548|https://img07.shop-pro.jp/PA01455/769/product/193046794_o1.jpg?cmsp_timestamp=20260812165548|https://img07.shop-pro.jp/PA01455/769/product/193046794_o2.jpg?cmsp_timestamp=20260812165548,/Users/hong/Desktop/日本商品2/采集数据/images/193046794_M_0.jpg|/Users/hong/Desktop/日本商品2/采集数据/images/193046794_M_1.jpg|/Users/hong/Desktop/日本商品2/采集数据/images/193046794_M_2.jpg
https://shop.toysanta.jp/?pid=193046789,193046789,"ホーム > コミック・アニメ(ジャンプ) > ジョジョの奇妙な冒険
ホーム > 2026年8月13日(木)新商品
",【全部揃ってます!!】肩ズンFig. ジョジョの奇妙な冒険 ストーンオーシャン [全4種セット(フルコンプ)]【 ネコポス不可 】【C】,"2,100円(内税)",63pt,"この商品のラインナップを全て見る

 ▼この商品は【全4種セット(フルコンプ)】です。

 肩ズンFig.に「ジョジョの奇妙な冒険 ストーンオーシャン」が登場！

 英語名：Katazun Fig. JoJo's Bizarre Adventure Stone Ocean TakaraTomyArts Capsule Toy

 このシリーズには4種類のラインナップがあります。
 お届け商品は、商品名及び画像のものになります。

 ・空条徐倫
 ・E・コステロ
 ・フー・F
 ・ウェザー・R

 キャラクター：ジョジョの奇妙な冒険
 サイズ：全高約53mm
 材質：PVC
 商品状態：新古品・未使用・ミニブック付属 ※カプセルは付属しません。内袋は未開封です。

 ■58138
 ■メーカー：タカラトミーアーツ
 ■分類：ガチャガチャ
 ■code：20260813
 ■JAN：4904790090646",https://img07.shop-pro.jp/PA01455/769/product/193046789.jpg?cmsp_timestamp=20260812165544|https://img07.shop-pro.jp/PA01455/769/product/193046789_o1.jpg?cmsp_timestamp=20260812165544|https://img07.shop-pro.jp/PA01455/769/product/193046789_o2.jpg?cmsp_timestamp=20260812165544,/Users/hong/Desktop/日本商品2/采集数据/images/193046789_M_0.jpg|/Users/hong/Desktop/日本商品2/采集数据/images/193046789_M_1.jpg|/Users/hong/Desktop/日本商品2/采集数据/images/193046789_M_2.jpg
https://shop.toysanta.jp/?pid=193046751,193046751,"ホーム > キャラクター > ディズニー
ホーム > 2026年8月13日(木)新商品
",【全部揃ってます!!】リロ＆スティッチ ゆらゆらつながるマスコット [全4種セット(フルコンプ)]【ネコポス配送対応】【C】,"1,700円(内税)",51pt,"この商品のラインナップを全て見る

 ▼この商品は【全4種セット(フルコンプ)】です。

 カニカンで上下に連結できる「ゆらゆらつながるマスコット」に、ディズニー映画『リロ＆スティッチ』が仲間入り。
 逆さにつながる「スティッチ」やキュートな表情の「エンジェル」など、キャラクターの個性あふれる姿にも注目です。

 英語名：Lilo & Stitch Yurayura Connectable Mascot TakaraTomyArts Capsule Toy

 このシリーズには4種類のラインナップがあります。
 お届け商品は、商品名及び画像のものになります。

 ・ディズニー スティッチ
 ・エンジェル
 ・ルーベン
 ・スクランプ

 キャラクター：ディズニー
 サイズ：全長約45-49mm
 材質：PVC
 商品状態：新古品・未使用・ミニブック付属 ※カプセルは付属しません。内袋は未開封です。

 ■58554
 ■メーカー：タカラトミーアーツ
 ■分類：ガチャガチャ
 ■code：20260813
 ■JAN：4904790903403",https://img07.shop-pro.jp/PA01455/769/product/193046751.jpg?cmsp_timestamp=20260812165531|https://img07.shop-pro.jp/PA01455/769/product/193046751_o1.jpg?cmsp_timestamp=20260812165531|https://img07.shop-pro.jp/PA01455/769/product/193046751_o2.jpg?cmsp_timestamp=20260812165531,/Users/hong/Desktop/日本商品2/采集数据/images/193046751_M_0.jpg|/Users/hong/Desktop/日本商品2/采集数据/images/193046751_M_1.jpg|/Users/hong/Desktop/日本商品2/采集数据/images/193046751_M_2.jpg
https://shop.toysanta.jp/?pid=193046739,193046739,"ホーム > キャラクター > ディズニー
ホーム > 2026年8月13日(木)新商品
",【全部揃ってます!!】コスチュームベイマックス Hide＆Seek かくれんぼフィギュア [全4種セット(フルコンプ)]【 ネコポス不可 】【C】,"1,700円(内税)",51pt,"この商品のラインナップを全て見る

 ▼この商品は【全4種セット(フルコンプ)】です。

 小物などで顔をかくして、かくれんぼ(!?)をしている「Hide&Seekかくれんぼフィギュア」に、ディズニー映画『ベイマックス』が登場。
 会社員の新聞には作品の舞台である『サンフランソウキョウ』の文字、推し活のリュックには『痛みレベル1』のスマイルがデザインされています。

 英語名：Costume Baymax Hide & Seek Figure TakaraTomyArts Capsule Toy

 このシリーズには4種類のラインナップがあります。
 お届け商品は、商品名及び画像のものになります。

 ・サウナ
 ・会社員
 ・推し活
 ・ウェイター

 キャラクター：ディズニー
 サイズ：全高約50mm
 材質：PVC
 商品状態：新古品・未使用・ミニブック付属 ※カプセルは付属しません。内袋は未開封です。

 ■58135
 ■メーカー：タカラトミーアーツ
 ■分類：ガチャガチャ
 ■code：20260813
 ■JAN：4904790904479",https://img07.shop-pro.jp/PA01455/769/product/193046739.jpg?cmsp_timestamp=20260812165526|https://img07.shop-pro.jp/PA01455/769/product/193046739_o1.jpg?cmsp_timestamp=20260812165526|https://img07.shop-pro.jp/PA01455/769/product/193046739_o2.jpg?cmsp_timestamp=20260812165526,/Users/hong/Desktop/日本商品2/采集数据/images/193046739_M_2.jpg
https://shop.toysanta.jp/?pid=193046727,193046727,"ホーム > 模型・ミニチュア > その他
ホーム > 2026年8月13日(木)新商品
",【全部揃ってます!!】富士ホーロー Red HORO ミニコレクション [全4種セット(フルコンプ)]【 ネコポス不可 】【C】,"1,700円(内税)",51pt,"この商品のラインナップを全て見る

 ▼この商品は【全4種セット(フルコンプ)】です。

 富士ホーローで発売されている赤を基調とした定番キッチンアイテムが、ミニチュアモデルになりました。
 フタは開けられる仕様で、ボウルの内側にはメモリも再現されています。バットとボウルは重ねることが可能。

 ※本商品はプラスチック製です。
 ※ホーローバットと片口ボウルの赤い部分には、多くの商品で塗装ムラが見られます。あらかじめご了承ください。

 英語名：FUJIHORO Red HORO Mini Collection TakaraTomyArts Capsule Toy

 このシリーズには4種類のラインナップがあります。
 お届け商品は、商品名及び画像のものになります。

 ・ホーローバット
 ・キャセロール ソリッド
 ・ミルクパン
 ・片口ボウル

 キャラクター：模型
 サイズ：全長約30-52mm
 材質：ABS
 商品状態：新古品・未使用・ミニブック付属 ※カプセルは付属しません。内袋は未開封です。

 ■58570
 ■メーカー：タカラトミーアーツ
 ■分類：ガチャガチャ
 ■code：20260813
 ■JAN：4904790905216",https://img07.shop-pro.jp/PA01455/769/product/193046727.jpg?cmsp_timestamp=20260812165521|https://img07.shop-pro.jp/PA01455/769/product/193046727_o1.jpg?cmsp_timestamp=20260812165521|https://img07.shop-pro.jp/PA01455/769/product/193046727_o2.jpg?cmsp_timestamp=20260812165521,/Users/hong/Desktop/日本商品2/采集数据/images/193046727_M_0.jpg|/Users/hong/Desktop/日本商品2/采集数据/images/193046727_M_1.jpg|/Users/hong/Desktop/日本商品2/采集数据/images/193046727_M_2.jpg
https://shop.toysanta.jp/?pid=193046666,193046666,"ホーム > 模型・ミニチュア > その他
ホーム > 2026年8月13日(木)新商品
",【全部揃ってます!!】血液型輸血パックボールチェーンvol.2 [全4種セット(フルコンプ)]【ネコポス配送対応】【C】,"1,700円(内税)",51pt,"この商品のラインナップを全て見る

 ▼この商品は【全4種セット(フルコンプ)】です。

 大きめサイズでぷにゅぷにゅ感触！
 全種ボールチェーン付き！

 英語名：Blood Type Transfusion Pack Ball Chain vol.2 Rainbow Capsule Toy

 このシリーズには4種類のラインナップがあります。
 お届け商品は、商品名及び画像のものになります。

 ・Type-A
 ・Type-B
 ・Type-O
 ・Type-AB

 キャラクター：模型
 サイズ：全長約95mm
 材質：カルボマー,トリエタノールアミン,水,着色料
 商品状態：新古品・未使用・ミニブック付属 ※カプセルは付属しません。内袋は未開封です。

 ■58412
 ■メーカー：レインボー
 ■分類：ガチャガチャ
 ■code：20260813
 ■JAN：4573217370168",https://img07.shop-pro.jp/PA01455/769/product/193046666.jpg?cmsp_timestamp=20260812165457|https://img07.shop-pro.jp/PA01455/769/product/193046666_o1.jpg?cmsp_timestamp=20260812165457|https://img07.shop-pro.jp/PA01455/769/product/193046666_o2.jpg?cmsp_timestamp=20260812165457,/Users/hong/Desktop/日本商品2/采集数据/images/193046666_M_0.jpg|/Users/hong/Desktop/日本商品2/采集数据/images/193046666_M_1.jpg|/Users/hong/Desktop/日本商品2/采集数据/images/193046666_M_2.jpg
https://shop.toysanta.jp/?pid=193046648,193046648,"ホーム > 模型・ミニチュア > その他
ホーム > 2026年8月13日(木)新商品
",【全部揃ってます!!】苦悩の梨めじるしチャーム [全4種セット(フルコンプ)]【ネコポス配送対応】【C】,"1,400円(内税)",42pt,"この商品のラインナップを全て見る

 ▼この商品は【全4種セット(フルコンプ)】です。

 いま再び注目を集める中世ヨーロッパの世界観。
 梨型の造形器具をモチーフにしためじるしチャーム。
 鈍く光る金属感と、どこか退廃的な雰囲気──
 アンティーク調の質感や細かな装飾まで、こだわって再現。
 カバンやポーチ、傘の持ち手につければ、いつもの持ち物にちょっとダークな存在感を添えてくれます！
 あなたも『禁断の一本』を手に入れてください！

 英語名：Pear of anguish Mejirushi Charm Rainbow Capsule Toy

 このシリーズには4種類のラインナップがあります。
 お届け商品は、商品名及び画像のものになります。

 ・古銅(ブロンズ)
 ・黄金(ゴールド)
 ・聖銀(シルバー)
 ・漆黒(マットブラック)

 キャラクター：模型
 サイズ：全長約35mm
 材質：亜鉛合金
 商品状態：新古品・未使用・ミニブック付属 ※カプセルは付属しません。内袋は未開封です。

 ■58409
 ■メーカー：レインボー
 ■分類：ガチャガチャ
 ■code：20260813
 ■JAN：4573217374340",https://img07.shop-pro.jp/PA01455/769/product/193046648.jpg?cmsp_timestamp=20260812165453|https://img07.shop-pro.jp/PA01455/769/product/193046648_o1.jpg?cmsp_timestamp=20260812165453|https://img07.shop-pro.jp/PA01455/769/product/193046648_o2.jpg?cmsp_timestamp=20260812165453,/Users/hong/Desktop/日本商品2/采集数据/images/193046648_M_0.jpg|/Users/hong/Desktop/日本商品2/采集数据/images/193046648_M_1.jpg|/Users/hong/Desktop/日本商品2/采集数据/images/193046648_M_2.jpg
https://shop.toysanta.jp/?pid=193046624,193046624,"ホーム > 模型・ミニチュア > その他
ホーム > 2026年8月13日(木)新商品
",【全部揃ってます!!】山紫水明 和扇子キーホルダー [全5種セット(フルコンプ)]【ネコポス配送対応】【C】,"1,600円(内税)",48pt,"この商品のラインナップを全て見る

 ▼この商品は【全5種セット(フルコンプ)】です。

 金属パーツを贅沢に使った和風目印チャームが登場。

 英語名：Sanshisuimei Japanese Folding Fan Keychain Rainbow Capsule Toy

 このシリーズには5種類のラインナップがあります。
 お届け商品は、商品名及び画像のものになります。

 ・桜うさぎ
 ・富士絶景
 ・寿うさぎ
 ・霜うさぎ
 ・ふじかえで

 キャラクター：模型
 サイズ：全長約70mm
 材質：合金
 商品状態：新古品・未使用・ミニブック付属 ※カプセルは付属しません。内袋は未開封です。

 ■58410
 ■メーカー：レインボー
 ■分類：ガチャガチャ
 ■code：20260813
 ■JAN：4573217374296",https://img07.shop-pro.jp/PA01455/769/product/193046624.jpg?cmsp_timestamp=20260812165448|https://img07.shop-pro.jp/PA01455/769/product/193046624_o1.jpg?cmsp_timestamp=20260812165448|https://img07.shop-pro.jp/PA01455/769/product/193046624_o2.jpg?cmsp_timestamp=20260812165448,/Users/hong/Desktop/日本商品2/采集数据/images/193046624_M_0.jpg|/Users/hong/Desktop/日本商品2/采集数据/images/193046624_M_1.jpg|/Users/hong/Desktop/日本商品2/采集数据/images/193046624_M_2.jpg
https://shop.toysanta.jp/?pid=193046561,193046561,"ホーム > キャラクター > その他
ホーム > 2026年8月13日(木)新商品
",【全部揃ってます!!】ナルミヤキャラクターズ ピカっと！ハートの南京錠マスコット [全7種セット(フルコンプ)]【ネコポス配送対応】【C】,"3,000円(内税)",90pt,"この商品のラインナップを全て見る

 ▼この商品は【全7種セット(フルコンプ)】です。

 夏祭りにぴったり!?ナルミヤキャラクターズ の光る南京錠がカプセルトイに登場☆
 集めてつけても、友達とお揃いでつけても可愛い！
 ※実際の鍵として使用できません。
 ※ボタン電池内蔵(型番：CR1632)/電池交換可

 英語名：Narumiya Characters Pikatto! Heart Padlock Mascot Toys spirits Capsule Toy

 このシリーズには7種類のラインナップがあります。
 お届け商品は、商品名及び画像のものになります。

 ・ナカムラくん
 ・ベリエちゃん
 ・ルッキー
 ・ミントくん
 ・ハナちゃん
 ・ブルーベリエちゃん
 ・デビリーちゃん

 キャラクター：ナルミヤキャラクターズ 
 サイズ：全長約50mm
 材質：ABS,金属,ライトギミック,ボタン電池
 商品状態：新古品・未使用・ミニブック付属 ※カプセルは付属しません。内袋は未開封です。

 ■58047
 ■メーカー：トイズスピリッツ
 ■分類：ガチャガチャ
 ■code：20260813
 ■JAN：4580854481270",https://img07.shop-pro.jp/PA01455/769/product/193046561.jpg?cmsp_timestamp=20260812165429|https://img07.shop-pro.jp/PA01455/769/product/193046561_o1.jpg?cmsp_timestamp=20260812165429|https://img07.shop-pro.jp/PA01455/769/product/193046561_o2.jpg?cmsp_timestamp=20260812165429,/Users/hong/Desktop/日本商品2/采集数据/images/193046561_M_0.jpg|/Users/hong/Desktop/日本商品2/采集数据/images/193046561_M_1.jpg|/Users/hong/Desktop/日本商品2/采集数据/images/193046561_M_2.jpg
https://shop.toysanta.jp/?pid=193046540,193046540,"ホーム > キャラクター > その他
ホーム > 2026年8月13日(木)新商品
",【全部揃ってます!!】ナルミヤキャラクターズ シール帳風フォトホルダーマスコット [全5種セット(フルコンプ)]【ネコポス配送対応】【C】,"2,600円(内税)",78pt,"この商品のラインナップを全て見る

 ▼この商品は【全5種セット(フルコンプ)】です。

 デニム調生地が懐かしいナルミヤキャラクターズのシール帳風フォトホルダーが登場！
 写真やICカードが入るよ！

 英語名：Narumiya Characters Sticker-Album-Style Photo Holder Mascot Toys spirits Capsule Toy

 このシリーズには5種類のラインナップがあります。
 お届け商品は、商品名及び画像のものになります。

 ・Mezzo Piano
 ・ANGEL BLUE
 ・DAISY LOVERS
 ・Pom Ponette
 ・ナルミヤキャラクターズ

 キャラクター：ナルミヤキャラクターズ 
 サイズ：約120×85mm
 材質：ポリエステル,ノンフタル酸PVC,金属
 商品状態：新古品・未使用・ミニブック付属 ※カプセルは付属しません。内袋は未開封です。

 ■58048
 ■メーカー：トイズスピリッツ
 ■分類：ガチャガチャ
 ■code：20260813
 ■JAN：4580854481287",https://img07.shop-pro.jp/PA01455/769/product/193046540.jpg?cmsp_timestamp=20260812165421|https://img07.shop-pro.jp/PA01455/769/product/193046540_o1.jpg?cmsp_timestamp=20260812165421|https://img07.shop-pro.jp/PA01455/769/product/193046540_o2.jpg?cmsp_timestamp=20260812165421,/Users/hong/Desktop/日本商品2/采集数据/images/193046540_M_0.jpg|/Users/hong/Desktop/日本商品2/采集数据/images/193046540_M_1.jpg|/Users/hong/Desktop/日本商品2/采集数据/images/193046540_M_2.jpg
https://shop.toysanta.jp/?pid=193029909,193029909,"ホーム > コミック・アニメ(その他) > クレヨンしんちゃん
ホーム > 2026年8月12日(水)新商品
",【全部揃ってます!!】『映画クレヨンしんちゃん 奇々怪々！オラの妖怪バケ～ション』 スイングマスコット [全6種セット(フルコンプ)]【 ネコポス不可 】【C】,"2,300円(内税)",69pt,"この商品のラインナップを全て見る

 ▼この商品は【全6種セット(フルコンプ)】です。

 2026年7月31日公開の『映画クレヨンしんちゃん 奇々怪々！オラの妖怪バケ～ション』に登場するキャラクターたちがスイングマスコットになって登場！
 全種ボールチェーン付き！

 英語名：Crayon Shin-chan the Movie: Spooky! My Yokai Vacation Swing Mascot BANDAI Capsule Toy

 このシリーズには6種類のラインナップがあります。
 お届け商品は、商品名及び画像のものになります。

 ・しんちゃん
 ・ひまわり
 ・シロ
 ・ひろし
 ・みさえ
 ・銀の介

 キャラクター：クレヨンしんちゃん
 サイズ：全長約37-49mm
 材質：***
 商品状態：新古品・未使用・ミニブック付属 ※カプセルは付属しません。内袋は未開封です。

 ■58214
 ■メーカー：バンダイ
 ■分類：ガチャガチャ
 ■code：20260812
 ■JAN：4582769995132",https://img07.shop-pro.jp/PA01455/769/product/193029909.jpg?cmsp_timestamp=20260812105149|https://img07.shop-pro.jp/PA01455/769/product/193029909_o1.jpg?cmsp_timestamp=20260812105149|https://img07.shop-pro.jp/PA01455/769/product/193029909_o2.jpg?cmsp_timestamp=20260812105149,/Users/hong/Desktop/日本商品2/采集数据/images/193029909_M_0.jpg|/Users/hong/Desktop/日本商品2/采集数据/images/193029909_M_1.jpg|/Users/hong/Desktop/日本商品2/采集数据/images/193029909_M_2.jpg
https://shop.toysanta.jp/?pid=193029876,193029876,"ホーム > キャラクター > サンリオ
ホーム > 2026年8月12日(水)新商品
",【全部揃ってます!!】サンリオキャラクターズ ルーズソックス風ペットボトルカバー2 日焼けギャルver. [全5種セット(フルコンプ)]【ネコポス配送対応】【C】,"2,600円(内税)",78pt,"この商品のラインナップを全て見る

 ▼この商品は【全5種セット(フルコンプ)】です。

 サンリオキャラクターズ「ルーズソックス風ペットボトルカバー2 日焼けギャルver.」が登場！
 第二弾は大ブームを起こしている日焼けシリーズデザイン！

 英語名：Sanrio Characters Loose-Sock Style PET Bottle Cover Part.2 Hiyake Gal ver. K Company Capsule Toy

 このシリーズには5種類のラインナップがあります。
 お届け商品は、商品名及び画像のものになります。

 ・ハローキティ
 ・マイメロディ
 ・ポチャッコ
 ・クロミ
 ・シナモロール

 キャラクター：サンリオ
 サイズ：全長約295mm
 材質：ポリエステル
 商品状態：新古品・未使用・ミニブック付属 ※カプセルは付属しません。内袋は未開封です。

 ■58450
 ■メーカー：ケイカンパニー
 ■分類：ガチャガチャ
 ■code：20260812
 ■JAN：4930972626181",https://img07.shop-pro.jp/PA01455/769/product/193029876.jpg?cmsp_timestamp=20260812105139|https://img07.shop-pro.jp/PA01455/769/product/193029876_o1.jpg?cmsp_timestamp=20260812105139|https://img07.shop-pro.jp/PA01455/769/product/193029876_o2.jpg?cmsp_timestamp=20260812105139,/Users/hong/Desktop/日本商品2/采集数据/images/193029876_M_0.jpg|/Users/hong/Desktop/日本商品2/采集数据/images/193029876_M_1.jpg|/Users/hong/Desktop/日本商品2/采集数据/images/193029876_M_2.jpg
https://shop.toysanta.jp/?pid=193029862,193029862,"ホーム > キャラクター > サンリオ
ホーム > 2026年8月12日(水)新商品
",【全部揃ってます!!】サンリオキャラクターズ テイクアウトマスコット おやさいベビーver. [全5種セット(フルコンプ)]【ネコポス配送対応】【C】,"2,600円(内税)",78pt,"この商品のラインナップを全て見る

 ▼この商品は【全5種セット(フルコンプ)】です。

 サンリオキャラクターズのテイクアウトマスコットから「おやさいベビーver.」が新登場！
 おやさいになったサンリオキャラクターたちがスーパーの袋に入ったテイクアウト仕様に！
 マスコットは袋から取り出して単体でもお楽しみいただけます♪
 全種ボールチェーン付き！

 英語名：Sanrio Characters Takeout Mascot Vegetable Baby ver. K Company Capsule Toy

 このシリーズには5種類のラインナップがあります。
 お届け商品は、商品名及び画像のものになります。

 ・ハローキティ(トマト)
 ・クロミ(ナス)
 ・シナモロール(はくさい)
 ・ポチャッコ(ピーマン)
 ・ポムポムプリン(かぼちゃ)

 キャラクター：サンリオ
 サイズ：全長約100mm
 材質：ポリエステル,PVC
 商品状態：新古品・未使用・ミニブック付属 ※カプセルは付属しません。内袋は未開封です。

 ■58451
 ■メーカー：ケイカンパニー
 ■分類：ガチャガチャ
 ■code：20260812
 ■JAN：4930972622220",https://img07.shop-pro.jp/PA01455/769/product/193029862.jpg?cmsp_timestamp=20260812105135|https://img07.shop-pro.jp/PA01455/769/product/193029862_o1.jpg?cmsp_timestamp=20260812105135|https://img07.shop-pro.jp/PA01455/769/product/193029862_o2.jpg?cmsp_timestamp=20260812105135,/Users/hong/Desktop/日本商品2/采集数据/images/193029862_M_0.jpg|/Users/hong/Desktop/日本商品2/采集数据/images/193029862_M_1.jpg|/Users/hong/Desktop/日本商品2/采集数据/images/193029862_M_2.jpg
https://shop.toysanta.jp/?pid=193029854,193029854,"ホーム > 模型・ミニチュア > その他
ホーム > 2026年8月12日(水)新商品
",【全部揃ってます!!】ルーレットゲーム [全2種セット(フルコンプ)]【 ネコポス不可 】,"1,100円(内税)",33pt,"この商品のラインナップを全て見る

 ▼この商品は【全2種セット(フルコンプ)】です。

 本当に遊べるルーレットがミニチュアで登場！
 何番にボールが入るか、みんなで予想しよう！

 英語名：Roulette game Tarlin International Capsule Toy

 このシリーズには2種類のラインナップがあります。
 お届け商品は、商品名及び画像のものになります。

 ・レッド
 ・ブラック

 キャラクター：模型
 サイズ：全長約54mm(ルーレット)
 材質：ABS,PS,紙
 商品状態：新古品・未使用・カプセル付属・ミニブック付属・内袋は未開封です。

 ■58596
 ■メーカー：ターリンインターナショナル
 ■分類：ガチャガチャ
 ■code：20260812
 ■JAN：4573626022894",https://img07.shop-pro.jp/PA01455/769/product/193029854.jpg?cmsp_timestamp=20260812105130|https://img07.shop-pro.jp/PA01455/769/product/193029854_o1.jpg?cmsp_timestamp=20260812105130|https://img07.shop-pro.jp/PA01455/769/product/193029854_o2.jpg?cmsp_timestamp=20260812105130,/Users/hong/Desktop/日本商品2/采集数据/images/193029854_M_0.jpg|/Users/hong/Desktop/日本商品2/采集数据/images/193029854_M_1.jpg|/Users/hong/Desktop/日本商品2/采集数据/images/193029854_M_2.jpg
https://shop.toysanta.jp/?pid=193029851,193029851,"ホーム > 模型・ミニチュア > その他
ホーム > 2026年8月12日(水)新商品
",【全部揃ってます!!】ファンシードールと魔法の小瓶 [全6種セット(フルコンプ)]【 ネコポス不可 】【C】,"2,200円(内税)",66pt,"この商品のラインナップを全て見る

 ▼この商品は【全6種セット(フルコンプ)】です。

 全世代の乙女心を射抜くファンシーモチーフが登場 全種類集めたくなるコレクション欲をくすぐる夢の世界観♪

 英語名：Fancy Dolls and Magic Bottles Tarlin International Capsule Toy

 このシリーズには6種類のラインナップがあります。
 お届け商品は、商品名及び画像のものになります。

 ・くまのアンバー
 ・うさぎのベリー
 ・ユニコーンのムスク
 ・ユニコーンのラベンダー
 ・白鳥のピオニー
 ・白鳥のサボン

 キャラクター：模型
 サイズ：全高約50mm(小瓶)
 材質：MABS,PVC,ABS
 商品状態：新古品・未使用・ミニブック付属 ※カプセルは付属しません。内袋は未開封です。

 ■58600
 ■メーカー：ターリンインターナショナル
 ■分類：ガチャガチャ
 ■code：20260812
 ■JAN：4573626022955",https://img07.shop-pro.jp/PA01455/769/product/193029851.jpg?cmsp_timestamp=20260812105128|https://img07.shop-pro.jp/PA01455/769/product/193029851_o1.jpg?cmsp_timestamp=20260812105128|https://img07.shop-pro.jp/PA01455/769/product/193029851_o2.jpg?cmsp_timestamp=20260812105128,/Users/hong/Desktop/日本商品2/采集数据/images/193029851_M_0.jpg|/Users/hong/Desktop/日本商品2/采集数据/images/193029851_M_1.jpg|/Users/hong/Desktop/日本商品2/采集数据/images/193029851_M_2.jpg
https://shop.toysanta.jp/?pid=193029843,193029843,"ホーム > 模型・ミニチュア > 生き物
ホーム > 2026年8月12日(水)新商品
",【全部揃ってます!!】わんこ厨房7 さっぱりヘルシー料理 [全4種セット(フルコンプ)]【 ネコポス不可 】,"1,300円(内税)",39pt,"この商品のラインナップを全て見る

 ▼この商品は【全4種セット(フルコンプ)】です。

 シリーズ第7弾はさっぱりヘルシー料理！
 涼しげなクリアパーツ入りで、暑い季節にぴったり♪

 英語名：Wanko Chubo Part.7 Sappari healthy dishes Tarlin International Capsule Toy

 このシリーズには4種類のラインナップがあります。
 お届け商品は、商品名及び画像のものになります。

 ・そうめんセット
 ・大根おろしセット
 ・かつお節セット
 ・おはぎセット

 キャラクター：生き物
 サイズ：全長約12-45mm
 材質：MABS,PVC,ABS
 商品状態：新古品・未使用・カプセル付属・ミニブック付属・内袋は未開封です。

 ■58597
 ■メーカー：ターリンインターナショナル
 ■分類：ガチャガチャ
 ■code：20260812
 ■JAN：4573626022917",https://img07.shop-pro.jp/PA01455/769/product/193029843.jpg?cmsp_timestamp=20260812105123|https://img07.shop-pro.jp/PA01455/769/product/193029843_o1.jpg?cmsp_timestamp=20260812105123|https://img07.shop-pro.jp/PA01455/769/product/193029843_o2.jpg?cmsp_timestamp=20260812105123,/Users/hong/Desktop/日本商品2/采集数据/images/193029843_M_0.jpg|/Users/hong/Desktop/日本商品2/采集数据/images/193029843_M_1.jpg|/Users/hong/Desktop/日本商品2/采集数据/images/193029843_M_2.jpg
https://shop.toysanta.jp/?pid=193029838,193029838,"ホーム > 模型・ミニチュア > 生き物
ホーム > 2026年8月12日(水)新商品
",【全部揃ってます!!】シュナとボブ サガラ刺繍ポーチ2 [全5種セット(フルコンプ)]【ネコポス配送対応】【C】,"2,100円(内税)",63pt,"この商品のラインナップを全て見る

 ▼この商品は【全5種セット(フルコンプ)】です。

 もこもこ刺繍がポイント☆
 カラーでしっかりした帆布のスクエアポーチ第二弾が登場！
 大人気シュナ＆ボブのもこもこ刺繍がとってもかわいい♪

 英語名：Schna and Bob Sagara Embroidered Pouch Part.2 Amuse Capsule Toy

 このシリーズには5種類のラインナップがあります。
 お届け商品は、商品名及び画像のものになります。

 ・ボブ 縦型
 ・ビーン ねそべり
 ・ボブ
 ・シュナ
 ・シュナ＆ボブ

 キャラクター：生き物
 サイズ：約130×90mm
 材質：帆布,ポリエステル
 商品状態：新古品・未使用・ミニブック付属 ※カプセルは付属しません。内袋は未開封です。

 ■58338
 ■メーカー：アミューズ
 ■分類：ガチャガチャ
 ■code：20260812
 ■JAN：4534943762269",https://img07.shop-pro.jp/PA01455/769/product/193029838.jpg?cmsp_timestamp=20260812105119|https://img07.shop-pro.jp/PA01455/769/product/193029838_o1.jpg?cmsp_timestamp=20260812105119|https://img07.shop-pro.jp/PA01455/769/product/193029838_o2.jpg?cmsp_timestamp=20260812105119,/Users/hong/Desktop/日本商品2/采集数据/images/193029838_M_0.jpg|/Users/hong/Desktop/日本商品2/采集数据/images/193029838_M_1.jpg|/Users/hong/Desktop/日本商品2/采集数据/images/193029838_M_2.jpg
https://shop.toysanta.jp/?pid=193029832,193029832,"ホーム > 模型・ミニチュア > ポーチ・バッグ
ホーム > 2026年8月12日(水)新商品
",【全部揃ってます!!】よいどれ缶用バッグ参 [全4種セット(フルコンプ)]【ネコポス配送対応】【C】,"1,700円(内税)",51pt,"この商品のラインナップを全て見る

 ▼この商品は【全4種セット(フルコンプ)】です。

 1本の缶専用バッグの第3弾が登場！
 新色が登場したよ～！
 350ml缶やワンカップお酒がぴったり入るよ♪
 もちろん好きなものを入れてもだいじょうぶ！

 英語名：Yoidore can bag Part.3 Amuse Capsule Toy

 このシリーズには4種類のラインナップがあります。
 お届け商品は、商品名及び画像のものになります。

 ・酒
 ・雪坊主
 ・おさんぽちくわきゅうり
 ・美酒佳肴

 キャラクター：模型
 サイズ：全長約160mm
 材質：綿ポリエステル
 商品状態：新古品・未使用・ミニブック付属 ※カプセルは付属しません。内袋は未開封です。

 ■58340
 ■メーカー：アミューズ
 ■分類：ガチャガチャ
 ■code：20260812
 ■JAN：4534943762290",https://img07.shop-pro.jp/PA01455/769/product/193029832.jpg?cmsp_timestamp=20260812105113|https://img07.shop-pro.jp/PA01455/769/product/193029832_o1.jpg?cmsp_timestamp=20260812105113|https://img07.shop-pro.jp/PA01455/769/product/193029832_o2.jpg?cmsp_timestamp=20260812105113,/Users/hong/Desktop/日本商品2/采集数据/images/193029832_M_0.jpg|/Users/hong/Desktop/日本商品2/采集数据/images/193029832_M_1.jpg|/Users/hong/Desktop/日本商品2/采集数据/images/193029832_M_2.jpg
https://shop.toysanta.jp/?pid=193029826,193029826,"ホーム > 模型・ミニチュア > その他
ホーム > 2026年8月12日(水)新商品
",【全部揃ってます!!】バレエコアリップホルダー [全5種セット(フルコンプ)]【 ネコポス不可 】【C】,"2,000円(内税)",60pt,"この商品のラインナップを全て見る

 ▼この商品は【全5種セット(フルコンプ)】です。

 トレンドのバレエコア風かわいいリボン型のリップホルダー！
 3Dプリントアイテムでツヤツヤの質感♪
 リップやハンコにつけて持ち歩いてね！
 直径約17mmのリップの本体に奥まで差し込んでね。

 英語名：Ballet Core Lip Holder J.DREAM Capsule Toy

 このシリーズには5種類のラインナップがあります。
 お届け商品は、商品名及び画像のものになります。

 ・ミントグリーン
 ・リッチブラック
 ・ローズピンク
 ・スノーホワイト
 ・アクアブルー

 キャラクター：模型
 サイズ：幅約50mm(リボン)
 材質：ナイロン
 商品状態：新古品・未使用・ミニブック付属 ※カプセルは付属しません。内袋は未開封です。

 ■58382
 ■メーカー：J.DREAM
 ■分類：ガチャガチャ
 ■code：20260812
 ■JAN：4571660580646",https://img07.shop-pro.jp/PA01455/769/product/193029826.jpg?cmsp_timestamp=20260812105109|https://img07.shop-pro.jp/PA01455/769/product/193029826_o1.jpg?cmsp_timestamp=20260812105109|https://img07.shop-pro.jp/PA01455/769/product/193029826_o2.jpg?cmsp_timestamp=20260812105109,/Users/hong/Desktop/日本商品2/采集数据/images/193029826_M_0.jpg|/Users/hong/Desktop/日本商品2/采集数据/images/193029826_M_1.jpg|/Users/hong/Desktop/日本商品2/采集数据/images/193029826_M_2.jpg
https://shop.toysanta.jp/?pid=193029790,193029790,"ホーム > 模型・ミニチュア > 生き物
ホーム > 2026年8月12日(水)新商品
",【全部揃ってます!!】ふわとりのmineチャーム [全5種セット(フルコンプ)]【ネコポス配送対応】【C】,"1,100円(内税)",33pt,"この商品のラインナップを全て見る

 ▼この商品は【全5種セット(フルコンプ)】です。

 人気のmineチャーム♪
 ふわふわフロッキー！鳥好きさんへおすすめしたい商品！
 シリコンリング2種付き！

 英語名：Fuwatori no mine charm Yell Capsule Toy

 このシリーズには5種類のラインナップがあります。
 お届け商品は、商品名及び画像のものになります。

 ・Green
 ・Blue
 ・Pink
 ・Yellow
 ・Purple

 キャラクター：生き物
 サイズ：全長約30mm
 材質：レジン,鉄,シリコン
 商品状態：新古品・未使用・ミニブック付属 ※カプセルは付属しません。内袋は未開封です。

 ■58453
 ■メーカー：エール
 ■分類：ガチャガチャ
 ■code：20260812
 ■JAN：4580800203116",https://img07.shop-pro.jp/PA01455/769/product/193029790.jpg?cmsp_timestamp=20260812105042|https://img07.shop-pro.jp/PA01455/769/product/193029790_o1.jpg?cmsp_timestamp=20260812105042|https://img07.shop-pro.jp/PA01455/769/product/193029790_o2.jpg?cmsp_timestamp=20260812105042,/Users/hong/Desktop/日本商品2/采集数据/images/193029790_M_0.jpg|/Users/hong/Desktop/日本商品2/采集数据/images/193029790_M_1.jpg|/Users/hong/Desktop/日本商品2/采集数据/images/193029790_M_2.jpg
https://shop.toysanta.jp/?pid=193029784,193029784,"ホーム > キャラクター > サンリオ
ホーム > 2026年8月12日(水)新商品
",【全部揃ってます!!】シュガーバニーズ ぬいぐるみポーチ [全4種セット(フルコンプ)]【 ネコポス不可 】【C】,"2,100円(内税)",63pt,"この商品のラインナップを全て見る

 ▼この商品は【全4種セット(フルコンプ)】です。

 人気のシュガーバニーズがポーチになったよ！
 ふわふわキラキラな生地でかわいく実用性があります。

 英語名：Sugarbunnies Plush Pouch Yumeya Capsule Toy

 このシリーズには4種類のラインナップがあります。
 お届け商品は、商品名及び画像のものになります。

 ・しろうさ
 ・くろうさ
 ・ミントうさぎ
 ・ぶちうさ

 キャラクター：サンリオ
 サイズ：全長約140mm(収納サイズ)
 材質：ポリエステル,PP
 商品状態：新古品・未使用・ミニブック付属 ※カプセルは付属しません。内袋は未開封です。

 ■57934
 ■メーカー：夢屋
 ■分類：ガチャガチャ
 ■code：20260812
 ■JAN：4582302294043",https://img07.shop-pro.jp/PA01455/769/product/193029784.jpg?cmsp_timestamp=20260812105036|https://img07.shop-pro.jp/PA01455/769/product/193029784_o1.jpg?cmsp_timestamp=20260812105036|https://img07.shop-pro.jp/PA01455/769/product/193029784_o2.jpg?cmsp_timestamp=20260812105036,/Users/hong/Desktop/日本商品2/采集数据/images/193029784_M_0.jpg|/Users/hong/Desktop/日本商品2/采集数据/images/193029784_M_1.jpg|/Users/hong/Desktop/日本商品2/采集数据/images/193029784_M_2.jpg
https://shop.toysanta.jp/?pid=193007571,193007571,"ホーム > 模型・ミニチュア > 自動車・バイク・その他
ホーム > 2026年8月11日(火)新商品
",【全部揃ってます!!】SUZUKI カーメタルキーホルダー Jimny [全6種セット(フルコンプ)]【ネコポス配送対応】【C】,"3,100円(内税)",93pt,"この商品のラインナップを全て見る

 ▼この商品は【全6種セット(フルコンプ)】です。

 世界中で広く愛され、アウトドア好きの心を抱み続けるジムニーがメタルキーホルダーで登場！
 メタルならではの高級感とフォルムを最大限に引き立てる横向きダイカットデザインが
 ファンの心を魅了します。

 英語名：Suzuki Car Metal Keychain Jimny Ishikawa Toy Capsule Toy

 このシリーズには6種類のラインナップがあります。
 お届け商品は、商品名及び画像のものになります。

 ・キネティックイエロー
 ・シフォンアイボリーメタリック
 ・ブリスクブルーメタリック
 ・ジャングルグリーン
 ・ピュアホワイトパール
 ・シルキーシルバーメタリック

 キャラクター：模型
 サイズ：約54×23mm
 材質：亜鉛合金,鉄
 商品状態：新古品・未使用・ミニブック付属 ※カプセルは付属しません。内袋は未開封です。

 ■58349
 ■メーカー：石川玩具
 ■分類：ガチャガチャ
 ■code：20260811
 ■JAN：4905505454913",https://img07.shop-pro.jp/PA01455/769/product/193007571.jpg?cmsp_timestamp=20260811105119|https://img07.shop-pro.jp/PA01455/769/product/193007571_o1.jpg?cmsp_timestamp=20260811105119|https://img07.shop-pro.jp/PA01455/769/product/193007571_o2.jpg?cmsp_timestamp=20260811105119,/Users/hong/Desktop/日本商品2/采集数据/images/193007571_M_0.jpg|/Users/hong/Desktop/日本商品2/采集数据/images/193007571_M_1.jpg|/Users/hong/Desktop/日本商品2/采集数据/images/193007571_M_2.jpg
https://shop.toysanta.jp/?pid=193007014,193007014,"ホーム > キャラクター > SNSキャラクター
ホーム > 2026年8月11日(火)新商品
",【全部揃ってます!!】Capsule Flockies パペットスンスン [全4種セット(フルコンプ)]【ネコポス配送対応】【C】,"2,500円(内税)",75pt,"この商品のラインナップを全て見る

 ▼この商品は【全4種セット(フルコンプ)】です。

 スンスンたちがふわふわのフロッキーフィギュアになりました。
 並べて飾りたくなる全4種類です。

 英語名：Capsule Flockies PUPPET SUNSUN BANDAI Capsule Toy

 このシリーズには4種類のラインナップがあります。
 お届け商品は、商品名及び画像のものになります。

 ・スンスンA
 ・スンスンB
 ・ノンノン
 ・ゾンゾン

 キャラクター：パペットスンスン
 サイズ：全高約47-54mm
 材質：***
 商品状態：新古品・未使用・ミニブック付属 ※カプセルは付属しません。内袋は未開封です。

 ■58206
 ■メーカー：バンダイ
 ■分類：ガチャガチャ
 ■code：20260811
 ■JAN：4582769875984",https://img07.shop-pro.jp/PA01455/769/product/193007014.jpg?cmsp_timestamp=20260811104446|https://img07.shop-pro.jp/PA01455/769/product/193007014_o1.jpg?cmsp_timestamp=20260811104446|https://img07.shop-pro.jp/PA01455/769/product/193007014_o2.jpg?cmsp_timestamp=20260811104446,/Users/hong/Desktop/日本商品2/采集数据/images/193007014_M_0.jpg|/Users/hong/Desktop/日本商品2/采集数据/images/193007014_M_1.jpg|/Users/hong/Desktop/日本商品2/采集数据/images/193007014_M_2.jpg
https://shop.toysanta.jp/?pid=193006942,193006942,"ホーム > 模型・ミニチュア > その他
ホーム > 2026年8月11日(火)新商品
",【全部揃ってます!!】まちぼうけ 思い出の場合 夏 [全5種セット(フルコンプ)]【ネコポス配送対応】【C】,"2,000円(内税)",60pt,"この商品のラインナップを全て見る

 ▼この商品は【全5種セット(フルコンプ)】です。

 ずっとあなたを待っている・・・をコンセプトとした、儚い可愛さが詰まった大好評のフィギュアシリーズ「まちぼうけ」に、夏の思い出を彷彿とさせるラインナップが登場！
 集めて並べれば、SNS映えする面白い写真や可愛い写真が撮れます！

 英語名：Machiboke Omoide Summer Mejirushi Accessory BANDAI Capsule Toy

 このシリーズには5種類のラインナップがあります。
 お届け商品は、商品名及び画像のものになります。

 ・スイカ
 ・ビーチサンダル
 ・アイス
 ・うきわ
 ・カメラ

 キャラクター：模型
 サイズ：全長約30-40mm
 材質：***
 商品状態：新古品・未使用・ミニブック付属 ※カプセルは付属しません。内袋は未開封です。

 ■58173
 ■メーカー：バンダイ
 ■分類：ガチャガチャ
 ■code：20260811
 ■JAN：4582770054538",https://img07.shop-pro.jp/PA01455/769/product/193006942.jpg?cmsp_timestamp=20260811104426|https://img07.shop-pro.jp/PA01455/769/product/193006942_o1.jpg?cmsp_timestamp=20260811104426|https://img07.shop-pro.jp/PA01455/769/product/193006942_o2.jpg?cmsp_timestamp=20260811104426,/Users/hong/Desktop/日本商品2/采集数据/images/193006942_M_0.jpg|/Users/hong/Desktop/日本商品2/采集数据/images/193006942_M_1.jpg|/Users/hong/Desktop/日本商品2/采集数据/images/193006942_M_2.jpg
https://shop.toysanta.jp/?pid=193006887,193006887,"ホーム > 模型・ミニチュア > その他
ホーム > 2026年8月11日(火)新商品
",【全部揃ってます!!】楽器アピるチャーム [全15種セット(フルコンプ)]【ネコポス配送対応】【C】,"3,200円(内税)",96pt,"この商品のラインナップを全て見る

 ▼この商品は【全15種セット(フルコンプ)】です。

 吹奏楽部の必需品！自分の楽器がひと目でわかる、カラフルな楽器チャームです。
 1つでも可愛い＆3色集めるとキャンディのような可愛さで、集めたくなること間違い無し！

 英語名：Gakki Appeal Charm Tarlin International Capsule Toy

 このシリーズには15種類のラインナップがあります。
 お届け商品は、商品名及び画像のものになります。

 ・チューバ(ピンク)
 ・チューバ(イエロー)
 ・チューバ(ブルー)
 ・トランペット(ピンク)
 ・トランペット(イエロー)
 ・トランペット(ブルー)
 ・フルート(ピンク)
 ・フルート(イエロー)
 ・フルート(ブルー)
 ・ホルン(ピンク)
 ・ホルン(イエロー)
 ・ホルン(ブルー)
 ・テナーサックス(ピンク)
 ・テナーサックス(イエロー)
 ・テナーサックス(ブルー)

 キャラクター：模型
 サイズ：全長約40-55mm
 材質：MABS,シリコン,Fe(亜鉛メッキ),Cu(亜鉛メッキ)
 商品状態：新古品・未使用・ミニブック付属 ※カプセルは付属しません。内袋は未開封です。

 ■58156
 ■メーカー：ターリンインターナショナル
 ■分類：ガチャガチャ
 ■code：20260811
 ■JAN：4573626022597",https://img07.shop-pro.jp/PA01455/769/product/193006887.jpg?cmsp_timestamp=20260811104410|https://img07.shop-pro.jp/PA01455/769/product/193006887_o1.jpg?cmsp_timestamp=20260811104410|https://img07.shop-pro.jp/PA01455/769/product/193006887_o2.jpg?cmsp_timestamp=20260811104410,/Users/hong/Desktop/日本商品2/采集数据/images/193006887_M_0.jpg|/Users/hong/Desktop/日本商品2/采集数据/images/193006887_M_1.jpg|/Users/hong/Desktop/日本商品2/采集数据/images/193006887_M_2.jpg
https://shop.toysanta.jp/?pid=193006844,193006844,"ホーム > 模型・ミニチュア > 生き物
ホーム > 2026年8月11日(火)新商品
",【全部揃ってます!!】おさんぽカエル Fit [全7種セット(フルコンプ)]【ネコポス配送対応】【C】,"2,300円(内税)",69pt,"この商品のラインナップを全て見る

 ▼この商品は【全7種セット(フルコンプ)】です。

 2010年の発売以来、根強い人気を誇る「おさんぽカエル」シリーズが、シリコンリング付きのマーカーチャームになって帰ってきました！
 発売第1弾をリバイバルしたベーシックカラー全7種をラインナップ。
 当時から親しまれてきたカエルたちが、より使いやすく、毎日の暮らしにフィットする仕様で復活します。
 最大の魅力は、舌・左手・右手・両足の4カ所が可動するギミック。
 ぶら下げると揺れに合わせて手足がぶらぶら、舌がぺろぺろ動きます。
 更に座らせたり、寝そべらせたり、手足を動かして様々なポーズをつけることが可能！飾ってもよし、写真を撮って遊んでもよしと、楽しみ方はいろいろ。
 カエルたちの色に合わせたシリコンリングもポイント。
 傘に付ければ、ぶら下がって一緒におさんぽしているような姿に。
 ペットボトルの目印としてはもちろん、リングを外せばファスナーチャームとしても使用できます。
 初めて出会う方も、久しぶりに再会する方も、『おさんぽ』のお供に。

 英語名：Osanpo Frog Fit KITANCLUB Capsule Toy

 このシリーズには7種類のラインナップがあります。
 お届け商品は、商品名及び画像のものになります。

 ・ブルー
 ・ホワイト
 ・レッド
 ・ピンク
 ・グリーン
 ・ブラック
 ・イエロー

 キャラクター：生き物
 サイズ：全高約50mm
 材質：ABS,亜鉛合金,鉄,シリコン
 商品状態：新古品・未使用・ミニブック付属 ※カプセルは付属しません。内袋は未開封です。

 ■58583
 ■メーカー：キタンクラブ
 ■分類：ガチャガチャ
 ■code：20260811
 ■JAN：4571670335212",https://img07.shop-pro.jp/PA01455/769/product/193006844.jpg?cmsp_timestamp=20260811104358|https://img07.shop-pro.jp/PA01455/769/product/193006844_o1.jpg?cmsp_timestamp=20260811104358|https://img07.shop-pro.jp/PA01455/769/product/193006844_o2.jpg?cmsp_timestamp=20260811104358,/Users/hong/Desktop/日本商品2/采集数据/images/193006844_M_0.jpg|/Users/hong/Desktop/日本商品2/采集数据/images/193006844_M_1.jpg|/Users/hong/Desktop/日本商品2/采集数据/images/193006844_M_2.jpg
https://shop.toysanta.jp/?pid=192978008,192978008,"ホーム > 模型・ミニチュア > 鉄道・カププラ
ホーム > 2026年8月8日(土)新商品
",【全部揃ってます!!】ミニモータートレイン SLデラックス2 [全15種セット(フルコンプ)]【 ネコポス不可 】,"6,000円(内税)",180pt,"この商品のラインナップを全て見る

 ▼この商品は【全15種セット(フルコンプ)】です。

 ミニモータートレインの第11弾はSLデラックス2！ 
 SLやまぐち号にデゴイチが新登場！
 貨物列車も色が新しくなりました！ 
 ※3・7(モーター車)は単4電池(別売り)をセットしてから遊んでください。

 英語名：Mini Motor Train SL Deluxe Part.2 Tarlin International Capsule Toy

 このシリーズには15種類のラインナップがあります。
 お届け商品は、商品名及び画像のものになります。

 1 .SLやまぐち号 D51200 (1)
 2 .SLやまぐち号 D51200 (2)
 3 .SLやまぐち号 D51200 (3)
 4 .SLやまぐち号 D51200 (4)
 5 .SLやまぐち号 D51200 (5)
 6 .C58 31 蒸気機関車・貨物列車(1)
 7 .C58 31 蒸気機関車・貨物列車(2)
 8 .C58 31 蒸気機関車・貨物列車(3)
 9 .C58 31 蒸気機関車・貨物列車(4)
 10 .C58 31 蒸気機関車・貨物列車(5)
 11 .C58 31 蒸気機関車・貨物列車(6)
 12 .ストラクチャー (1)
 13 .ストラクチャー (2)
 14 .ストラクチャー (3)
 15 .ストラクチャー (4)

 キャラクター：乗り物
 サイズ：***
 材質：PVC,ABS,Cu(ニッケルメッキ),PS
 商品状態：新古品・未使用・カプセル付属・ミニブック付属・内袋は未開封です。

 ■58158
 ■メーカー：ターリンインターナショナル
 ■分類：ガチャガチャ
 ■code：20260808
 ■JAN：4573626022573",https://img07.shop-pro.jp/PA01455/769/product/192978008.jpg?cmsp_timestamp=20260808122234|https://img07.shop-pro.jp/PA01455/769/product/192978008_o1.jpg?cmsp_timestamp=20260808122234|https://img07.shop-pro.jp/PA01455/769/product/192978008_o2.jpg?cmsp_timestamp=20260808122234,/Users/hong/Desktop/日本商品2/采集数据/images/192978008_M_0.jpg|/Users/hong/Desktop/日本商品2/采集数据/images/192978008_M_1.jpg|/Users/hong/Desktop/日本商品2/采集数据/images/192978008_M_2.jpg
https://shop.toysanta.jp/?pid=192977954,192977954,"ホーム > オリジナル > クリエイター・アーティスト系
ホーム > 2026年8月8日(土)新商品
",【全部揃ってます!!】mojojojo シリコンポーチ [全5種セット(フルコンプ)]【ネコポス配送対応】【C】,"2,600円(内税)",78pt,"この商品のラインナップを全て見る

 ▼この商品は【全5種セット(フルコンプ)】です。

 ぷっくりやわらかなポーチだよ♪
 全種ボールチェーン付き！

 英語名：mojojojo Silicone Pouch Lian Q Labo Capsule Toy

 このシリーズには5種類のラインナップがあります。
 お届け商品は、商品名及び画像のものになります。

 ・A
 ・B
 ・C
 ・D
 ・E

 キャラクター：mojojojo
 サイズ：全長約45-83mm
 材質：シリコン,鉄
 商品状態：新古品・未使用・ミニブック付属 ※カプセルは付属しません。内袋は未開封です。

 ■58348
 ■メーカー：リアンキューラボ
 ■分類：ガチャガチャ
 ■code：20260808
 ■JAN：4582288137563",https://img07.shop-pro.jp/PA01455/769/product/192977954.jpg?cmsp_timestamp=20260808122157|https://img07.shop-pro.jp/PA01455/769/product/192977954_o1.jpg?cmsp_timestamp=20260808122157|https://img07.shop-pro.jp/PA01455/769/product/192977954_o2.jpg?cmsp_timestamp=20260808122157|https://img07.shop-pro.jp/PA01455/769/product/192977954_o3.png?cmsp_timestamp=20260810173658|https://img07.shop-pro.jp/PA01455/769/product/192977954_o4.jpg?cmsp_timestamp=20260810173658|https://img07.shop-pro.jp/PA01455/769/product/192977954_o5.jpg?cmsp_timestamp=20260810173658|https://img07.shop-pro.jp/PA01455/769/product/192977954_o6.jpg?cmsp_timestamp=20260810173658|https://img07.shop-pro.jp/PA01455/769/product/192977954_o7.jpg?cmsp_timestamp=20260810173658,/Users/hong/Desktop/日本商品2/采集数据/images/192977954_M_0.jpg|/Users/hong/Desktop/日本商品2/采集数据/images/192977954_M_1.jpg|/Users/hong/Desktop/日本商品2/采集数据/images/192977954_M_2.jpg|/Users/hong/Desktop/日本商品2/采集数据/images/192977954_M_3.jpg|/Users/hong/Desktop/日本商品2/采集数据/images/192977954_M_4.jpg|/Users/hong/Desktop/日本商品2/采集数据/images/192977954_M_5.jpg|/Users/hong/Desktop/日本商品2/采集数据/images/192977954_M_6.jpg|/Users/hong/Desktop/日本商品2/采集数据/images/192977954_M_7.jpg
https://shop.toysanta.jp/?pid=192977948,192977948,"ホーム > オリジナル > クリエイター・アーティスト系
ホーム > 2026年8月8日(土)新商品
",【全部揃ってます!!】いしかわかずや キーウィの醤油さし [全4種セット(フルコンプ)]【 ネコポス不可 】【C】,"2,100円(内税)",63pt,"フォトレビューはこちら(トイサンタのブログへ移動します)


この商品のラインナップを全て見る

 ▼この商品は【全4種セット(フルコンプ)】です。

 アイデアクリエイター いしかわかずや の『キーウィの醤油さし』がカプセルトイになって登場！
 アソートはカラフルなキーウィ達が4種類！
 醤油だけでなくラー油やお酢などお好きな調味料を入れるのにもピッタリとなっています！

 英語名：Ishikawa Kazuya Kiwi Soy Sauce Dispenser Lian Q Labo Capsule Toy

 このシリーズには4種類のラインナップがあります。
 お届け商品は、商品名及び画像のものになります。

 ・醤油用
 ・お酢用
 ・ラー油用
 ・ぽん酢用

 キャラクター：いしかわかずや
 サイズ：全高約60mm
 材質：PE,PVC
 商品状態：新古品・未使用・ミニブック付属 ※カプセルは付属しません。内袋は未開封です。

 ■58347
 ■メーカー：リアンキューラボ
 ■分類：ガチャガチャ
 ■code：20260808
 ■JAN：4582288137594",https://img07.shop-pro.jp/PA01455/769/product/192977948.jpg?cmsp_timestamp=20260808122153|https://img07.shop-pro.jp/PA01455/769/product/192977948_o1.jpg?cmsp_timestamp=20260808122153|https://img07.shop-pro.jp/PA01455/769/product/192977948_o2.jpg?cmsp_timestamp=20260808122153|https://img07.shop-pro.jp/PA01455/769/product/192977948_o3.png?cmsp_timestamp=20260812123754|https://img07.shop-pro.jp/PA01455/769/product/192977948_o4.jpg?cmsp_timestamp=20260812123754|https://img07.shop-pro.jp/PA01455/769/product/192977948_o5.jpg?cmsp_timestamp=20260812123754|https://img07.shop-pro.jp/PA01455/769/product/192977948_o6.jpg?cmsp_timestamp=20260812123754|https://img07.shop-pro.jp/PA01455/769/product/192977948_o7.jpg?cmsp_timestamp=20260812123754|https://img07.shop-pro.jp/PA01455/769/product/192977948_o8.jpg?cmsp_timestamp=20260812123754|https://img07.shop-pro.jp/PA01455/769/product/192977948_o9.jpg?cmsp_timestamp=20260812123754|https://img07.shop-pro.jp/PA01455/769/product/192977948_o10.jpg?cmsp_timestamp=20260812123754|https://img07.shop-pro.jp/PA01455/769/product/192977948_o11.jpg?cmsp_timestamp=20260812123754|https://img07.shop-pro.jp/PA01455/769/product/192977948_o12.jpg?cmsp_timestamp=20260812123754|https://img07.shop-pro.jp/PA01455/769/product/192977948_o13.jpg?cmsp_timestamp=20260812123754|https://img07.shop-pro.jp/PA01455/769/product/192977948_o14.jpg?cmsp_timestamp=20260812123754|https://img07.shop-pro.jp/PA01455/769/product/192977948_o15.jpg?cmsp_timestamp=20260812123754|https://img07.shop-pro.jp/PA01455/769/product/192977948_o16.jpg?cmsp_timestamp=20260812123754|https://img07.shop-pro.jp/PA01455/769/product/192977948_o17.jpg?cmsp_timestamp=20260812123754|https://img07.shop-pro.jp/PA01455/769/product/192977948_o18.jpg?cmsp_timestamp=20260812123754|https://img07.shop-pro.jp/PA01455/769/product/192977948_o19.jpg?cmsp_timestamp=20260812123754|https://img07.shop-pro.jp/PA01455/769/product/192977948_o20.jpg?cmsp_timestamp=20260812123754|https://img07.shop-pro.jp/PA01455/769/product/192977948_o21.jpg?cmsp_timestamp=20260812123754|https://img07.shop-pro.jp/PA01455/769/product/192977948_o22.jpg?cmsp_timestamp=20260812123754|https://img07.shop-pro.jp/PA01455/769/product/192977948_o23.jpg?cmsp_timestamp=20260812123754|https://img07.shop-pro.jp/PA01455/769/product/192977948_o24.jpg?cmsp_timestamp=20260812123754|https://img07.shop-pro.jp/PA01455/769/product/192977948_o25.jpg?cmsp_timestamp=20260812123754,/Users/hong/Desktop/日本商品2/采集数据/images/192977948_M_0.jpg|/Users/hong/Desktop/日本商品2/采集数据/images/192977948_M_1.jpg|/Users/hong/Desktop/日本商品2/采集数据/images/192977948_M_2.jpg|/Users/hong/Desktop/日本商品2/采集数据/images/192977948_M_3.jpg|/Users/hong/Desktop/日本商品2/采集数据/images/192977948_M_4.jpg|/Users/hong/Desktop/日本商品2/采集数据/images/192977948_M_5.jpg|/Users/hong/Desktop/日本商品2/采集数据/images/192977948_M_6.jpg|/Users/hong/Desktop/日本商品2/采集数据/images/192977948_M_7.jpg|/Users/hong/Desktop/日本商品2/采集数据/images/192977948_M_8.jpg|/Users/hong/Desktop/日本商品2/采集数据/images/192977948_M_9.jpg|/Users/hong/Desktop/日本商品2/采集数据/images/192977948_M_10.jpg|/Users/hong/Desktop/日本商品2/采集数据/images/192977948_M_11.jpg|/Users/hong/Desktop/日本商品2/采集数据/images/192977948_M_12.jpg|/Users/hong/Desktop/日本商品2/采集数据/images/192977948_M_13.jpg|/Users/hong/Desktop/日本商品2/采集数据/images/192977948_M_14.jpg|/Users/hong/Desktop/日本商品2/采集数据/images/192977948_M_15.jpg|/Users/hong/Desktop/日本商品2/采集数据/images/192977948_M_16.jpg|/Users/hong/Desktop/日本商品2/采集数据/images/192977948_M_17.jpg|/Users/hong/Desktop/日本商品2/采集数据/images/192977948_M_18.jpg|/Users/hong/Desktop/日本商品2/采集数据/images/192977948_M_19.jpg|/Users/hong/Desktop/日本商品2/采集数据/images/192977948_M_20.jpg|/Users/hong/Desktop/日本商品2/采集数据/images/192977948_M_21.jpg|/Users/hong/Desktop/日本商品2/采集数据/images/192977948_M_22.jpg|/Users/hong/Desktop/日本商品2/采集数据/images/192977948_M_23.jpg|/Users/hong/Desktop/日本商品2/采集数据/images/192977948_M_24.jpg|/Users/hong/Desktop/日本商品2/采集数据/images/192977948_M_25.jpg
https://shop.toysanta.jp/?pid=192977943,192977943,"ホーム > コミック・アニメ(その他) > ポケットモンスター
ホーム > 2026年8月8日(土)新商品
",【送料無料】【全部揃ってます!!】ポケモン Sweet Craft Collection [全6種セット(フルコンプ)]【 ネコポス不可 】(RM),"7,800円(内税)",234pt,"この商品のラインナップを全て見る

 ▼この商品は【全6種セット(フルコンプ)】です。

 かわいい手芸モチーフとポケモンのインテリアフィギュア！
 愛らしいポケモンの仕草に癒される♪

 英語名：Pokemon Sweet Craft Collection RE-MENT Collection Toy

 このシリーズには6種類のラインナップがあります。
 お届け商品は、商品名及び画像のものになります。

 ・ピカチュウ＆デデンネ
 ・ロコン(アローラのすがた)
 ・モンジャラ＆ジュペッタ
 ・ニンフィア
 ・チルット＆ウールー
 ・イーブイ

 キャラクター：ポケットモンスター
 サイズ：全高約85mm
 材質：ATBC-PVC,ABS
 商品状態：新品未開封。

 ■58723
 ■メーカー：リーメント
 ■分類：BOXフィギュア
 ■code：20260808
 ■JAN：4521121700533",https://img07.shop-pro.jp/PA01455/769/product/192977943.jpg?cmsp_timestamp=20260808122150|https://img07.shop-pro.jp/PA01455/769/product/192977943_o1.jpg?cmsp_timestamp=20260808122150|https://img07.shop-pro.jp/PA01455/769/product/192977943_o2.jpg?cmsp_timestamp=20260808122150,/Users/hong/Desktop/日本商品2/采集数据/images/192977943_M_0.jpg|/Users/hong/Desktop/日本商品2/采集数据/images/192977943_M_1.jpg|/Users/hong/Desktop/日本商品2/采集数据/images/192977943_M_2.jpg
https://shop.toysanta.jp/?pid=192977936,192977936,"ホーム > コミック・アニメ(ジャンプ) > ジョジョの奇妙な冒険
ホーム > 2026年8月8日(土)新商品
",【送料無料】【全部揃ってます!!】ジョジョの奇妙な冒険 on DESK ファントムブラッド・戦闘潮流 [全6種セット(フルコンプ)]【 ネコポス不可 】(RM),"8,800円(内税)",264pt,"この商品のラインナップを全て見る

 ▼この商品は【全6種セット(フルコンプ)】です。

 そのデスクから始まる、新たな運命・・・。
 「ジョジョの奇妙な冒険」が便利なデスクトップフィギュアで登場ッ!!

 英語名：JoJo's Bizarre Adventure on DESK Phantom Blood & Battle Tendency RE-MENT RE-MENT

 このシリーズには6種類のラインナップがあります。
 お届け商品は、商品名及び画像のものになります。

 ・ジョナサン・ジョースター
 ・ロバート・E・O・スピードワゴン
 ・ディオ・ブランドー
 ・ジョセフ・ジョースター
 ・シーザー・アントニオ・ツェペリ
 ・カーズ

 キャラクター：ジョジョの奇妙な冒険 
 サイズ：全高約84-100mm
 材質：ATBC-PVC,ABS
 商品状態：新品未開封。

 ■58722
 ■メーカー：リーメント
 ■分類：BOXフィギュア
 ■code：20260808
 ■JAN：4521121700342",https://img07.shop-pro.jp/PA01455/769/product/192977936.jpg?cmsp_timestamp=20260808122145|https://img07.shop-pro.jp/PA01455/769/product/192977936_o1.jpg?cmsp_timestamp=20260808122145|https://img07.shop-pro.jp/PA01455/769/product/192977936_o2.jpg?cmsp_timestamp=20260808122145,/Users/hong/Desktop/日本商品2/采集数据/images/192977936_M_0.jpg|/Users/hong/Desktop/日本商品2/采集数据/images/192977936_M_1.jpg|/Users/hong/Desktop/日本商品2/采集数据/images/192977936_M_2.jpg
https://shop.toysanta.jp/?pid=192977928,192977928,"ホーム > キャラクター > サンリオ
ホーム > 2026年8月8日(土)新商品
",【全部揃ってます!!】サンリオキャラクターズ ツインチャーム おばけごっこ [全10種セット(フルコンプ)]【 ネコポス不可 】,"4,290円(内税)",126pt,"この商品のラインナップを全て見る

 ▼この商品は【全10種セット(フルコンプ)】です。

 タカラトミーアーツオリジナルシリーズ「おばけごっこ」が、新規デザインでアクリルチャームになりました。
 「サンリオキャラクター」と「おばけシーツ」デザインのアクリルチャームが2個付いた仕様で、重ねるとキャラクターがシーツを被っているように見えるデザインになっています。
 シーツは蓄光仕様★　
 全種ボールチェーン付き！

 【賞味期限】ラインナップ確認の為開封してますので、お菓子は付属しません。

 英語名：Sanrio Characters Twin Charm Obakegokko TakaraTomyArts Collection Toy

 このシリーズには10種類のラインナップがあります。
 お届け商品は、商品名及び画像のものになります。

 ・ハローキティ
 ・バッドばつ丸
 ・マイメロディ
 ・あひるのペックル
 ・クロミ
 ・はなまるおばけ
 ・ハンギョドン
 ・タキシードサム
 ・ポチャッコ
 ・ポムポムプリン

 キャラクター：サンリオ
 サイズ：全長約30-40mm
 材質：アクリル,PET,しんちゅう
 商品状態：新品未開封。

 ■58319
 ■メーカー：タカラトミーアーツ
 ■分類：食玩
 ■code：20260808
 ■JAN：4904790111068",https://img07.shop-pro.jp/PA01455/769/product/192977928.jpg?cmsp_timestamp=20260808122139|https://img07.shop-pro.jp/PA01455/769/product/192977928_o1.jpg?cmsp_timestamp=20260808122139|https://img07.shop-pro.jp/PA01455/769/product/192977928_o2.jpg?cmsp_timestamp=20260808122139,/Users/hong/Desktop/日本商品2/采集数据/images/192977928_M_0.jpg|/Users/hong/Desktop/日本商品2/采集数据/images/192977928_M_1.jpg|/Users/hong/Desktop/日本商品2/采集数据/images/192977928_M_2.jpg
https://shop.toysanta.jp/?pid=192977916,192977916,"ホーム > ゲームキャラクター > その他
ホーム > 2026年8月8日(土)新商品
",【全部揃ってます!!】おねがいアイプリ×サンリオキャラクターズ きらきらオーロラ アクリルスタンド [全10種セット(フルコンプ)]【 ネコポス不可 】,"4,400円(内税)",132pt,"この商品のラインナップを全て見る

 ▼この商品は【全10種セット(フルコンプ)】です。

 「サンリオキャラクターズ」と「おねがいアイプリ」のコラボアクリルスタンドが登場！
 タカラトミーアーツオリジナルデザインのアクリルスタンドです。
 サンリオのキャラクターとアイプリたちは別々のアクリルになっていて、1つの台座に2つのアクリルスタンドがついてきます。
 キラキラのオーロラアクリル仕様もとってもキュート♪

 【賞味期限】ラインナップ確認の為開封してますので、お菓子は付属しません。

 英語名：Onegai Aipri x Sanrio Characters Kirakira Aurora Acrylic Stand TakaraTomyArts Collection Toy

 このシリーズには10種類のラインナップがあります。
 お届け商品は、商品名及び画像のものになります。

 ・いのり × ハローキティ
 ・あおい × シナモロール
 ・ぐみ × けろけろけろっぴ
 ・おりびあ × ポムポムプリン
 ・ナナ × クロミ
 ・エマ × マイメロディ
 ・いのり × ハローキティ あおい × シナモロール
 ・ぐみ × けろけろけろっぴ おりびあ × ポムポムプリン
 ・ナナ × クロミ エマ × マイメロディ
 ・シークレット

 キャラクター：アイプリ
 サイズ：全高約40-50mm
 材質：アクリル,PET
 商品状態：新品未開封。

 ■58318
 ■メーカー：タカラトミーアーツ
 ■分類：食玩
 ■code：20260808
 ■JAN：4904790111112",https://img07.shop-pro.jp/PA01455/769/product/192977916.jpg?cmsp_timestamp=20260808122132|https://img07.shop-pro.jp/PA01455/769/product/192977916_o1.jpg?cmsp_timestamp=20260808122132|https://img07.shop-pro.jp/PA01455/769/product/192977916_o2.jpg?cmsp_timestamp=20260808122132,/Users/hong/Desktop/日本商品2/采集数据/images/192977916_M_0.jpg|/Users/hong/Desktop/日本商品2/采集数据/images/192977916_M_1.jpg|/Users/hong/Desktop/日本商品2/采集数据/images/192977916_M_2.jpg
https://shop.toysanta.jp/?pid=192977902,192977902,"ホーム > キャラクター > サンリオ
ホーム > 2026年8月8日(土)新商品
",【全部揃ってます!!】サンリオキャラクターズ ぷかぷかアクリルキーホルダー [全10種セット(フルコンプ)]【 ネコポス不可 】,"3,850円(内税)",114pt,"この商品のラインナップを全て見る

 ▼この商品は【全10種セット(フルコンプ)】です。

 サンリオキャラクターのなかまたちが、水面風のアクリルキーホルダーで登場。

 【賞味期限】ガムの為記載はありません。

 英語名：Sanrio Characters Pukapuka Acrylic Keychain F-toys Collection Toy

 このシリーズには10種類のラインナップがあります。
 お届け商品は、商品名及び画像のものになります。

 ・ハローキティ
 ・マイメロディ
 ・バッドばつ丸
 ・シナモロール
 ・ポチャッコ
 ・ポムポムプリン
 ・ハンギョドン
 ・けろけろけろっぴ
 ・リトルツインスターズ(ララ)
 ・リトルツインスターズ(キキ)

 キャラクター：サンリオ
 サイズ：約120×80mm(台紙)
 材質：アクリル,鉄,紙
 商品状態：新品未開封。

 ■58721
 ■メーカー：エフトイズ
 ■分類：食玩
 ■code：20260808
 ■JAN：4580818490812",https://img07.shop-pro.jp/PA01455/769/product/192977902.jpg?cmsp_timestamp=20260808122125|https://img07.shop-pro.jp/PA01455/769/product/192977902_o1.jpg?cmsp_timestamp=20260808122125|https://img07.shop-pro.jp/PA01455/769/product/192977902_o2.jpg?cmsp_timestamp=20260808122125,/Users/hong/Desktop/日本商品2/采集数据/images/192977902_M_0.jpg|/Users/hong/Desktop/日本商品2/采集数据/images/192977902_M_1.jpg|/Users/hong/Desktop/日本商品2/采集数据/images/192977902_M_2.jpg
https://shop.toysanta.jp/?pid=192977886,192977886,"ホーム > オリジナル > その他
ホーム > 2026年8月8日(土)新商品
",【全部揃ってます!!】カラフルピーチ アクスタグミ [全15種セット(フルコンプ)]【ネコポス配送対応】【C】,"5,980円(内税)",177pt,"この商品のラインナップを全て見る

 ▼この商品は【全15種セット(フルコンプ)】です。

 「カラフルピーチ」略して「からぴち」より、持ち運びもできるボールチェーンつきのアクリルスタンドが初登場！

 【賞味期限】ラインナップ確認の為開封してますので、お菓子は付属しません。

 英語名：Colorful Peach Acsta Gummy BANDAI Collection Toy

 このシリーズには15種類のラインナップがあります。
 お届け商品は、商品名及び画像のものになります。

 ・じゃぱぱ
 ・のあ
 ・ゆあんくん
 ・たっつん
 ・どぬく
 ・なおきり
 ・えと
 ・うり
 ・ヒロ
 ・もふ
 ・シヴァ
 ・集合A(のあ＆えと)
 ・集合B(うり＆なおきり＆シヴァ)
 ・集合C(じゃぱぱ＆ヒロ＆もふ)
 ・集合D(どぬく＆たっつん＆ゆあんくん)

 キャラクター：カラフルピーチ
 サイズ：全高約45-60mm
 材質：***
 商品状態：アクリルスタンドのみです、お菓子及びパッケージは付属しません。

 ■58681
 ■メーカー：バンダイ
 ■分類：食玩
 ■code：20260808
 ■JAN：4570117927959",https://img07.shop-pro.jp/PA01455/769/product/192977886.jpg?cmsp_timestamp=20260808122113|https://img07.shop-pro.jp/PA01455/769/product/192977886_o1.jpg?cmsp_timestamp=20260808122113|https://img07.shop-pro.jp/PA01455/769/product/192977886_o2.jpg?cmsp_timestamp=20260808122113,/Users/hong/Desktop/日本商品2/采集数据/images/192977886_M_0.jpg|/Users/hong/Desktop/日本商品2/采集数据/images/192977886_M_1.jpg|/Users/hong/Desktop/日本商品2/采集数据/images/192977886_M_2.jpg
https://shop.toysanta.jp/?pid=192977830,192977830,"ホーム > コミック・アニメ(その他) > クレヨンしんちゃん
ホーム > 2026年8月8日(土)新商品
",【全部揃ってます!!】もっちりころりん♪ クレヨンしんちゃん2 [全8種セット(フルコンプ)]【 ネコポス不可 】,"3,480円(内税)",102pt,"この商品のラインナップを全て見る

 ▼この商品は【全8種セット(フルコンプ)】です。

 ぽってりかわいい しんちゃんの「もっちりころりん♪ 」
 ぽってりほっぺと おしりがかわいい商品が登場！
 くったりしている しんちゃんの様子に癒されます。

 【賞味期限】ガムの為記載はありません。

 英語名：Mocchiri Kororin Crayon Shin-chan Part.2 BANDAI Collection Toy

 このシリーズには8種類のラインナップがあります。
 お届け商品は、商品名及び画像のものになります。

 ・アクション仮面しんちゃん
 ・ワニ山さんしんちゃん
 ・しんちゃん(幼稚園服)
 ・しんちゃん(パジャマ)
 ・ぶりぶりざえもん
 ・しんちゃん(ひつじ)
 ・ひまわり(ひつじ)
 ・シロ(ひつじ)

 キャラクター：クレヨンしんちゃん
 サイズ：H約 30mm×W約 56mm
 材質：PVC
 商品状態：新品未開封

 ■58684
 ■メーカー：バンダイ
 ■分類：食玩
 ■code：20260808
 ■JAN：4570117930621",https://img07.shop-pro.jp/PA01455/769/product/192977830.jpg?cmsp_timestamp=20260808122036|https://img07.shop-pro.jp/PA01455/769/product/192977830_o1.jpg?cmsp_timestamp=20260808122036|https://img07.shop-pro.jp/PA01455/769/product/192977830_o2.jpg?cmsp_timestamp=20260808122036|https://img07.shop-pro.jp/PA01455/769/product/192977830_o3.png?cmsp_timestamp=20260810174054|https://img07.shop-pro.jp/PA01455/769/product/192977830_o4.jpg?cmsp_timestamp=20260810174054|https://img07.shop-pro.jp/PA01455/769/product/192977830_o5.jpg?cmsp_timestamp=20260810174054|https://img07.shop-pro.jp/PA01455/769/product/192977830_o6.jpg?cmsp_timestamp=20260810174054|https://img07.shop-pro.jp/PA01455/769/product/192977830_o7.jpg?cmsp_timestamp=20260810174054,/Users/hong/Desktop/日本商品2/采集数据/images/192977830_M_0.jpg|/Users/hong/Desktop/日本商品2/采集数据/images/192977830_M_1.jpg|/Users/hong/Desktop/日本商品2/采集数据/images/192977830_M_2.jpg|/Users/hong/Desktop/日本商品2/采集数据/images/192977830_M_3.jpg|/Users/hong/Desktop/日本商品2/采集数据/images/192977830_M_4.jpg|/Users/hong/Desktop/日本商品2/采集数据/images/192977830_M_5.jpg|/Users/hong/Desktop/日本商品2/采集数据/images/192977830_M_6.jpg|/Users/hong/Desktop/日本商品2/采集数据/images/192977830_M_7.jpg
https://shop.toysanta.jp/?pid=192963469,192963469,"ホーム > キャラクター > ディズニー
ホーム > 2026年8月7日(金)新商品
",【全部揃ってます!!】TOY STORY Funny Time！ [全4種セット(フルコンプ)]【 ネコポス不可 】【C】,"2,100円(内税)",63pt,"この商品のラインナップを全て見る

 ▼この商品は【全4種セット(フルコンプ)】です。

 クスっと笑える表情やポーズがかわいい「Funny Time！」シリーズから、TOY STORYのキャラクターが登場！

 英語名：TOY STORY Funny Time! BANDAI Capsule Toy

 このシリーズには4種類のラインナップがあります。
 お届け商品は、商品名及び画像のものになります。

 ・ウッディ
 ・バズ・ライトイヤー
 ・ロッツォ
 ・フォーキー

 キャラクター：ピクサー
 サイズ：全高約40-60mm
 材質：***
 商品状態：新古品・未使用・ミニブック付属 ※カプセルは付属しません。内袋は未開封です。

 ■57784
 ■メーカー：バンダイ
 ■分類：ガチャガチャ
 ■code：20260807
 ■JAN：4570118186584",https://img07.shop-pro.jp/PA01455/769/product/192963469.jpg?cmsp_timestamp=20260807141454|https://img07.shop-pro.jp/PA01455/769/product/192963469_o1.jpg?cmsp_timestamp=20260807141454|https://img07.shop-pro.jp/PA01455/769/product/192963469_o2.jpg?cmsp_timestamp=20260807141454,/Users/hong/Desktop/日本商品2/采集数据/images/192963469_M_0.jpg|/Users/hong/Desktop/日本商品2/采集数据/images/192963469_M_1.jpg|/Users/hong/Desktop/日本商品2/采集数据/images/192963469_M_2.jpg
https://shop.toysanta.jp/?pid=192963447,192963447,"ホーム > ゲームキャラクター > その他
ホーム > 2026年8月7日(金)新商品
",【全部揃ってます!!】Sky 星を紡ぐ子どもたち めじるしアクセサリー [全6種セット(フルコンプ)]（お一人様1セットまで）【ネコポス配送対応】【C】,"3,200円(内税)",96pt,"この商品のラインナップを全て見る

 ▼この商品は【全6種セット(フルコンプ)】です。

 美しい世界観で多くのプレイヤーを魅了するアドベンチャーゲーム「Sky 星を紡ぐ子どもたち」からめじるしアクセサリーが初登場！
 プレイヤーからも親しまれているエモートを使用した全6種！
 ※全ての商品にカニカン・わっかパーツが付きます。

 英語名：Sky: Children of the Light Mejirushi Accessory BANDAI Capsule Toy

 このシリーズには6種類のラインナップがあります。
 お届け商品は、商品名及び画像のものになります。

 ・手を振る
 ・逆立ち
 ・わーい
 ・本を読む
 ・おててハート
 ・シークレット

 キャラクター：Sky 星を紡ぐ子どもたち
 サイズ：全長約25-35mm
 材質：***
 商品状態：新古品・未使用・ミニブック付属 ※カプセルは付属しません。内袋は未開封です。

 ■58188
 ■メーカー：バンダイ
 ■分類：ガチャガチャ
 ■code：20260807
 ■JAN：4582769823176",https://img07.shop-pro.jp/PA01455/769/product/192963447.jpg?cmsp_timestamp=20260807141437|https://img07.shop-pro.jp/PA01455/769/product/192963447_o1.jpg?cmsp_timestamp=20260807141437|https://img07.shop-pro.jp/PA01455/769/product/192963447_o2.jpg?cmsp_timestamp=20260807141437,/Users/hong/Desktop/日本商品2/采集数据/images/192963447_M_0.jpg|/Users/hong/Desktop/日本商品2/采集数据/images/192963447_M_1.jpg|/Users/hong/Desktop/日本商品2/采集数据/images/192963447_M_2.jpg
https://shop.toysanta.jp/?pid=192963413,192963413,"ホーム > オリジナル > クリエイター・アーティスト系
ホーム > 2026年8月7日(金)新商品
",【全部揃ってます!!】mojojojo フィギュアマスコット Vol.3(再販) [全4種セット(フルコンプ)]【ネコポス配送対応】【C】,"2,100円(内税)",63pt,"この商品のラインナップを全て見る

 ▼この商品は【全4種セット(フルコンプ)】です。

 大人気Mojojojoのフィギュアマスコットに、可愛い仲間がやってきた！
 待望の第3弾、いよいよ登場！

 英語名：Mojojojo figure mascot Vol.3 Ken elephant Capsule Toy

 このシリーズには4種類のラインナップがあります。
 お届け商品は、商品名及び画像のものになります。

 ・You never know
 ・Pupu
 ・Matcha
 ・Cherry on top

 キャラクター：mojojojo
 サイズ：全長約55-60mm
 材質：PVC, ABS, ナイロン, 鉄
 商品状態：新古品・未使用・ミニブック付属 ※カプセルは付属しません。内袋は未開封です。

 ■58024
 ■メーカー：ケンエレファント
 ■分類：ガチャガチャ
 ■code：20260807
 ■JAN：4573567445783",https://img07.shop-pro.jp/PA01455/769/product/192963413.jpg?cmsp_timestamp=20260807141406|https://img07.shop-pro.jp/PA01455/769/product/192963413_o1.jpg?cmsp_timestamp=20260807141406|https://img07.shop-pro.jp/PA01455/769/product/192963413_o2.jpg?cmsp_timestamp=20260807141406,/Users/hong/Desktop/日本商品2/采集数据/images/192963413_M_0.jpg|/Users/hong/Desktop/日本商品2/采集数据/images/192963413_M_1.jpg|/Users/hong/Desktop/日本商品2/采集数据/images/192963413_M_2.jpg
https://shop.toysanta.jp/?pid=192963408,192963408,"ホーム > 模型・ミニチュア > 生き物
ホーム > 2026年8月7日(金)新商品
",【全部揃ってます!!】ウンポコさせていただきましたドヤ顔フィギュア [全5種セット(フルコンプ)]【ネコポス配送対応】【C】,"1,600円(内税)",48pt,"この商品のラインナップを全て見る

 ▼この商品は【全5種セット(フルコンプ)】です。

 うんち回収体験型カプセルトイが登場！
 このドヤ顔を見てやっておくんなまし。
 わんちゃん、ウンポコ、ミニ袋のセットでやんす。

 英語名：Unpoko saseteitadakimashita Doyagao figure Amuse Capsule Toy

 このシリーズには5種類のラインナップがあります。
 お届け商品は、商品名及び画像のものになります。

 ・ミニチュアダックスちゃん
 ・雑種ちゃん
 ・ゴールデンのこいぬ
 ・バセットちゃん
 ・雑種さん

 キャラクター：生き物
 サイズ：全長約23-32mm
 材質：樹脂
 商品状態：新古品・未使用・ミニブック付属 ※カプセルは付属しません。内袋は未開封です。

 ■58329
 ■メーカー：アミューズ
 ■分類：ガチャガチャ
 ■code：20260807
 ■JAN：4534943762405",https://img07.shop-pro.jp/PA01455/769/product/192963408.jpg?cmsp_timestamp=20260807141401|https://img07.shop-pro.jp/PA01455/769/product/192963408_o1.jpg?cmsp_timestamp=20260807141401|https://img07.shop-pro.jp/PA01455/769/product/192963408_o2.jpg?cmsp_timestamp=20260807141401,/Users/hong/Desktop/日本商品2/采集数据/images/192963408_M_0.jpg|/Users/hong/Desktop/日本商品2/采集数据/images/192963408_M_1.jpg|/Users/hong/Desktop/日本商品2/采集数据/images/192963408_M_2.jpg
https://shop.toysanta.jp/?pid=192963383,192963383,"ホーム > 模型・ミニチュア > 生き物
ホーム > 2026年8月7日(金)新商品
",【全部揃ってます!!】タグ付きアミ袋！ミニアニマルマスコット クリアコレクション [全5種セット(フルコンプ)]【ネコポス配送対応】【C】,"1,600円(内税)",48pt,"この商品のラインナップを全て見る

 ▼この商品は【全5種セット(フルコンプ)】です。

 クリアでカラフル♪4色入り！
 全種ボールチェーン付き！

 英語名：Mesh bag with tag! Mini animal mascot Clear Collection Toys spirits Capsule Toy

 このシリーズには5種類のラインナップがあります。
 お届け商品は、商品名及び画像のものになります。

 ・アヒル
 ・イルカ
 ・タコ
 ・カメ
 ・カエル

 キャラクター：生き物
 サイズ：全長約90mm
 材質：TPR,PE,紙
 商品状態：新古品・未使用・ミニブック付属 ※カプセルは付属しません。内袋は未開封です。

 ■58042
 ■メーカー：トイズスピリッツ
 ■分類：ガチャガチャ
 ■code：20260807
 ■JAN：4580854481225",https://img07.shop-pro.jp/PA01455/769/product/192963383.jpg?cmsp_timestamp=20260807141338|https://img07.shop-pro.jp/PA01455/769/product/192963383_o1.jpg?cmsp_timestamp=20260807141338|https://img07.shop-pro.jp/PA01455/769/product/192963383_o2.jpg?cmsp_timestamp=20260807141338,/Users/hong/Desktop/日本商品2/采集数据/images/192963383_M_0.jpg|/Users/hong/Desktop/日本商品2/采集数据/images/192963383_M_1.jpg|/Users/hong/Desktop/日本商品2/采集数据/images/192963383_M_2.jpg
https://shop.toysanta.jp/?pid=192963376,192963376,"ホーム > キャラクター > SNSキャラクター
ホーム > 2026年8月7日(金)新商品
",【全部揃ってます!!】かわいくなりたいれんにゅうちゃん ぬいぐるみマスコット [全5種セット(フルコンプ)]【 ネコポス不可 】【C】,"2,600円(内税)",78pt,"この商品のラインナップを全て見る

 ▼この商品は【全5種セット(フルコンプ)】です。

 『毒×かわいい』投稿に反響続出!?インスタやTiktokで人気急上昇中のキャラクター「かわいくなりたい れんにゅうちゃん」が、かわいいぬいぐるみになってカプセルトイ初登場!!
 全種ボールチェーン付き！

 英語名：Kawaikunaritai Rennyu-chan Plush Mascot Toys spirits Capsule Toy


 このシリーズには5種類のラインナップがあります。
 お届け商品は、商品名及び画像のものになります。

 ・れんにゅう(ピンク)
 ・はちみちゅ
 ・れんにゅう(あか)
 ・れんにゅう(にこにこ)
 ・れんにゅう(はしる)

 キャラクター：かわいくなりたい れんにゅうちゃん
 サイズ：全高約70-80mm
 材質：ポリエステル,綿,紐
 商品状態：新古品・未使用・ミニブック付属 ※カプセルは付属しません。内袋は未開封です。

 ■58046
 ■メーカー：トイズスピリッツ
 ■分類：ガチャガチャ
 ■code：20260807
 ■JAN：4580854481263",https://img07.shop-pro.jp/PA01455/769/product/192963376.jpg?cmsp_timestamp=20260807141329|https://img07.shop-pro.jp/PA01455/769/product/192963376_o1.jpg?cmsp_timestamp=20260807141329|https://img07.shop-pro.jp/PA01455/769/product/192963376_o2.jpg?cmsp_timestamp=20260807141329|https://img07.shop-pro.jp/PA01455/769/product/192963376_o3.png?cmsp_timestamp=20260811164518|https://img07.shop-pro.jp/PA01455/769/product/192963376_o4.jpg?cmsp_timestamp=20260811164518|https://img07.shop-pro.jp/PA01455/769/product/192963376_o5.jpg?cmsp_timestamp=20260811164518|https://img07.shop-pro.jp/PA01455/769/product/192963376_o6.jpg?cmsp_timestamp=20260811164518|https://img07.shop-pro.jp/PA01455/769/product/192963376_o7.jpg?cmsp_timestamp=20260811164518,/Users/hong/Desktop/日本商品2/采集数据/images/192963376_M_0.jpg|/Users/hong/Desktop/日本商品2/采集数据/images/192963376_M_1.jpg|/Users/hong/Desktop/日本商品2/采集数据/images/192963376_M_2.jpg|/Users/hong/Desktop/日本商品2/采集数据/images/192963376_M_3.jpg|/Users/hong/Desktop/日本商品2/采集数据/images/192963376_M_4.jpg|/Users/hong/Desktop/日本商品2/采集数据/images/192963376_M_5.jpg|/Users/hong/Desktop/日本商品2/采集数据/images/192963376_M_6.jpg|/Users/hong/Desktop/日本商品2/采集数据/images/192963376_M_7.jpg
https://shop.toysanta.jp/?pid=192963359,192963359,"ホーム > 模型・ミニチュア > その他
ホーム > 2026年8月7日(金)新商品
",【全部揃ってます!!】ガソリンスタンド 耳栓付きヘアクリップ [全4種セット(フルコンプ)]【ネコポス配送対応】【C】,"1,700円(内税)",51pt,"この商品のラインナップを全て見る

 ▼この商品は【全4種セット(フルコンプ)】です。

 車になりたい人類へ捧ぐ逸品
 あなた自身がガソリン給油機になれる！
 ノズル外して耳から給油が可能！

 英語名：Gas Station Hair Clip with Earplugs Bright link Capsule Toy

 このシリーズには4種類のラインナップがあります。
 お届け商品は、商品名及び画像のものになります。

 ・レギュラー
 ・ハイオク
 ・軽油
 ・EV

 キャラクター：模型
 サイズ：全長約44mm(ヘアクリップ)
 材質：ABS,鉄,シリコン
 商品状態：新古品・未使用・ミニブック付属 ※カプセルは付属しません。内袋は未開封です。

 ■58005
 ■メーカー：ブライトリンク
 ■分類：ガチャガチャ
 ■code：20260807
 ■JAN：4573558507322",https://img07.shop-pro.jp/PA01455/769/product/192963359.jpg?cmsp_timestamp=20260807141313|https://img07.shop-pro.jp/PA01455/769/product/192963359_o1.jpg?cmsp_timestamp=20260807141313|https://img07.shop-pro.jp/PA01455/769/product/192963359_o2.jpg?cmsp_timestamp=20260807141313,/Users/hong/Desktop/日本商品2/采集数据/images/192963359_M_0.jpg|/Users/hong/Desktop/日本商品2/采集数据/images/192963359_M_1.jpg|/Users/hong/Desktop/日本商品2/采集数据/images/192963359_M_2.jpg
https://shop.toysanta.jp/?pid=192963345,192963345,"ホーム > 模型・ミニチュア > 生き物
ホーム > 2026年8月7日(金)新商品
",【全部揃ってます!!】モザイヌ2 [全4種セット(フルコンプ)]【ネコポス配送対応】【C】,"1,700円(内税)",51pt,"フォトレビューはこちら(トイサンタのブログへ移動します)


この商品のラインナップを全て見る

 ▼この商品は【全4種セット(フルコンプ)】です。

 また出ましたこの顔！
 ドヤってるのにモザイク案件
 守ってあげたいこの存在♪

 英語名：Mosainu Part.2 Bright link Capsule Toy

 このシリーズには4種類のラインナップがあります。
 お届け商品は、商品名及び画像のものになります。

 ・レトリバー
 ・トイプードル
 ・コーギー
 ・ポメラニアン

 キャラクター：生き物
 サイズ：全長約45-54mm
 材質：PVC
 商品状態：新古品・未使用・ミニブック付属 ※カプセルは付属しません。内袋は未開封です。

 ■58011
 ■メーカー：ブライトリンク
 ■分類：ガチャガチャ
 ■code：20260807
 ■JAN：4573558507377",https://img07.shop-pro.jp/PA01455/769/product/192963345.jpg?cmsp_timestamp=20260807141305|https://img07.shop-pro.jp/PA01455/769/product/192963345_o1.jpg?cmsp_timestamp=20260807141305|https://img07.shop-pro.jp/PA01455/769/product/192963345_o2.jpg?cmsp_timestamp=20260807141305|https://img07.shop-pro.jp/PA01455/769/product/192963345_o3.png?cmsp_timestamp=20260812151801|https://img07.shop-pro.jp/PA01455/769/product/192963345_o4.jpg?cmsp_timestamp=20260812151801|https://img07.shop-pro.jp/PA01455/769/product/192963345_o5.jpg?cmsp_timestamp=20260812151801|https://img07.shop-pro.jp/PA01455/769/product/192963345_o6.jpg?cmsp_timestamp=20260812151801|https://img07.shop-pro.jp/PA01455/769/product/192963345_o7.jpg?cmsp_timestamp=20260812151801|https://img07.shop-pro.jp/PA01455/769/product/192963345_o8.jpg?cmsp_timestamp=20260812151801|https://img07.shop-pro.jp/PA01455/769/product/192963345_o9.jpg?cmsp_timestamp=20260812151801|https://img07.shop-pro.jp/PA01455/769/product/192963345_o10.jpg?cmsp_timestamp=20260812151801|https://img07.shop-pro.jp/PA01455/769/product/192963345_o11.jpg?cmsp_timestamp=20260812151801|https://img07.shop-pro.jp/PA01455/769/product/192963345_o12.jpg?cmsp_timestamp=20260812151801|https://img07.shop-pro.jp/PA01455/769/product/192963345_o13.jpg?cmsp_timestamp=20260812151801|https://img07.shop-pro.jp/PA01455/769/product/192963345_o14.jpg?cmsp_timestamp=20260812151801|https://img07.shop-pro.jp/PA01455/769/product/192963345_o15.jpg?cmsp_timestamp=20260812151801|https://img07.shop-pro.jp/PA01455/769/product/192963345_o16.jpg?cmsp_timestamp=20260812151801|https://img07.shop-pro.jp/PA01455/769/product/192963345_o17.jpg?cmsp_timestamp=20260812151801|https://img07.shop-pro.jp/PA01455/769/product/192963345_o18.jpg?cmsp_timestamp=20260812151801|https://img07.shop-pro.jp/PA01455/769/product/192963345_o19.jpg?cmsp_timestamp=20260812151801|https://img07.shop-pro.jp/PA01455/769/product/192963345_o20.jpg?cmsp_timestamp=20260812151801|https://img07.shop-pro.jp/PA01455/769/product/192963345_o21.jpg?cmsp_timestamp=20260812151801|https://img07.shop-pro.jp/PA01455/769/product/192963345_o22.jpg?cmsp_timestamp=20260812151801|https://img07.shop-pro.jp/PA01455/769/product/192963345_o23.jpg?cmsp_timestamp=20260812151801,/Users/hong/Desktop/日本商品2/采集数据/images/192963345_M_0.jpg|/Users/hong/Desktop/日本商品2/采集数据/images/192963345_M_1.jpg|/Users/hong/Desktop/日本商品2/采集数据/images/192963345_M_2.jpg|/Users/hong/Desktop/日本商品2/采集数据/images/192963345_M_3.jpg|/Users/hong/Desktop/日本商品2/采集数据/images/192963345_M_4.jpg|/Users/hong/Desktop/日本商品2/采集数据/images/192963345_M_5.jpg|/Users/hong/Desktop/日本商品2/采集数据/images/192963345_M_6.jpg|/Users/hong/Desktop/日本商品2/采集数据/images/192963345_M_7.jpg|/Users/hong/Desktop/日本商品2/采集数据/images/192963345_M_8.jpg|/Users/hong/Desktop/日本商品2/采集数据/images/192963345_M_9.jpg|/Users/hong/Desktop/日本商品2/采集数据/images/192963345_M_10.jpg|/Users/hong/Desktop/日本商品2/采集数据/images/192963345_M_11.jpg|/Users/hong/Desktop/日本商品2/采集数据/images/192963345_M_12.jpg|/Users/hong/Desktop/日本商品2/采集数据/images/192963345_M_13.jpg|/Users/hong/Desktop/日本商品2/采集数据/images/192963345_M_14.jpg|/Users/hong/Desktop/日本商品2/采集数据/images/192963345_M_15.jpg|/Users/hong/Desktop/日本商品2/采集数据/images/192963345_M_16.jpg|/Users/hong/Desktop/日本商品2/采集数据/images/192963345_M_17.jpg|/Users/hong/Desktop/日本商品2/采集数据/images/192963345_M_18.jpg|/Users/hong/Desktop/日本商品2/采集数据/images/192963345_M_19.jpg|/Users/hong/Desktop/日本商品2/采集数据/images/192963345_M_20.jpg|/Users/hong/Desktop/日本商品2/采集数据/images/192963345_M_21.jpg|/Users/hong/Desktop/日本商品2/采集数据/images/192963345_M_22.jpg|/Users/hong/Desktop/日本商品2/采集数据/images/192963345_M_23.jpg
https://shop.toysanta.jp/?pid=192963331,192963331,"ホーム > オリジナル > クリエイター・アーティスト系
ホーム > 2026年8月7日(金)新商品
",【全部揃ってます!!】じゅんのなにもわかってないーぬ [全5種セット(フルコンプ)]【ネコポス配送対応】【C】,"2,100円(内税)",63pt,"この商品のラインナップを全て見る

 ▼この商品は【全5種セット(フルコンプ)】です。

 やさしい雰囲気の犬のイラストが人気のじゅんさん監修☆
 首をかしげて見つめるわんこ。
 何も考えてなさそうな表情が愛おしい♪
 肉球もバッチリかわいいすぎる♪

 英語名：Jun no nanimo wakattenai-nu Bright link Capsule Toy

 このシリーズには5種類のラインナップがあります。
 お届け商品は、商品名及び画像のものになります。

 ・トイプー
 ・ポメ
 ・柴犬
 ・シーズー
 ・ビション

 キャラクター：じゅん
 サイズ：全高約40mm
 材質：PVC
 商品状態：新古品・未使用・ミニブック付属 ※カプセルは付属しません。内袋は未開封です。

 ■58007
 ■メーカー：ブライトリンク
 ■分類：ガチャガチャ
 ■code：20260807
 ■JAN：4573558507346",https://img07.shop-pro.jp/PA01455/769/product/192963331.jpg?cmsp_timestamp=20260807141258|https://img07.shop-pro.jp/PA01455/769/product/192963331_o1.jpg?cmsp_timestamp=20260807141258|https://img07.shop-pro.jp/PA01455/769/product/192963331_o2.jpg?cmsp_timestamp=20260807141258|https://img07.shop-pro.jp/PA01455/769/product/192963331_o3.png?cmsp_timestamp=20260811165431|https://img07.shop-pro.jp/PA01455/769/product/192963331_o4.jpg?cmsp_timestamp=20260811165431|https://img07.shop-pro.jp/PA01455/769/product/192963331_o5.jpg?cmsp_timestamp=20260811165431|https://img07.shop-pro.jp/PA01455/769/product/192963331_o6.jpg?cmsp_timestamp=20260811165431|https://img07.shop-pro.jp/PA01455/769/product/192963331_o7.jpg?cmsp_timestamp=20260811165431,/Users/hong/Desktop/日本商品2/采集数据/images/192963331_M_0.jpg|/Users/hong/Desktop/日本商品2/采集数据/images/192963331_M_1.jpg|/Users/hong/Desktop/日本商品2/采集数据/images/192963331_M_2.jpg|/Users/hong/Desktop/日本商品2/采集数据/images/192963331_M_3.jpg|/Users/hong/Desktop/日本商品2/采集数据/images/192963331_M_4.jpg|/Users/hong/Desktop/日本商品2/采集数据/images/192963331_M_5.jpg|/Users/hong/Desktop/日本商品2/采集数据/images/192963331_M_6.jpg|/Users/hong/Desktop/日本商品2/采集数据/images/192963331_M_7.jpg
https://shop.toysanta.jp/?pid=192941973,192941973,"ホーム > キャラクター > サンリオ
ホーム > 2026年8月6日(木)新商品
",【全部揃ってます!!】はぴだんぶい ぬいぐるみポシェット2 [全6種セット(フルコンプ)]【ネコポス配送対応】【C】,"3,100円(内税)",93pt,"この商品のラインナップを全て見る

 ▼この商品は【全6種セット(フルコンプ)】です。

 人気のはぴだんぶいがぬいぐるみポシェットになったよ！小物をかわいく収納しちゃおう！
 もふもふのぬいぐるみ素材、刺繍でクオリティも更にアップ！

 英語名：Hapidanbui Plush Pouch 2 Yumeya Capsule Toy

 このシリーズには6種類のラインナップがあります。
 お届け商品は、商品名及び画像のものになります。

 ・あひるのペックル
 ・バッドばつ丸
 ・ポチャッコ
 ・けろけろけろっぴ
 ・ハンギョドン
 ・タキシードサム

 キャラクター：サンリオ
 サイズ：全長約174mm
 材質：ポリエステル,PP
 商品状態：新古品・未使用・ミニブック付属 ※カプセルは付属しません。内袋は未開封です。

 ■57935
 ■メーカー：夢屋
 ■分類：ガチャガチャ
 ■code：20260806
 ■JAN：4582302294081",https://img07.shop-pro.jp/PA01455/769/product/192941973.jpg?cmsp_timestamp=20260806094656|https://img07.shop-pro.jp/PA01455/769/product/192941973_o1.jpg?cmsp_timestamp=20260806094656|https://img07.shop-pro.jp/PA01455/769/product/192941973_o2.jpg?cmsp_timestamp=20260806094656,/Users/hong/Desktop/日本商品2/采集数据/images/192941973_M_0.jpg|/Users/hong/Desktop/日本商品2/采集数据/images/192941973_M_1.jpg|/Users/hong/Desktop/日本商品2/采集数据/images/192941973_M_2.jpg
https://shop.toysanta.jp/?pid=192941960,192941960,"ホーム > キャラクター > その他
ホーム > 2026年8月6日(木)新商品
",【全部揃ってます!!】クラックスキャラクターズ うるちゅるPOPシール プチキーホルダー [全6種セット(フルコンプ)]【ネコポス配送対応】【C】,"2,000円(内税)",60pt,"この商品のラインナップを全て見る

 ▼この商品は【全6種セット(フルコンプ)】です。

 大人気「うるちゅるPOP SEAL」×「クラックスキャラクターズ」 実際に使えるシールが、プチサイズでカプセルトイ初登場!!
 全種ボールチェーン付き！

 英語名：Crux Characters Uru-Churu POP Sticker Petit Keychain CRUX Capsule Toy

 このシリーズには6種類のラインナップがあります。
 お届け商品は、商品名及び画像のものになります。

 ・牛乳パックくん
 ・ふにこーん
 ・ハグミーず
 ・ぷるみゃー
 ・ムゲンだいネコる
 ・ファニーパンチ

 キャラクター：クラックス
 サイズ：全長約50mm
 材質：PVC,エポキシ樹脂
 商品状態：新古品・未使用・ミニブック付属 ※カプセルは付属しません。内袋は未開封です。

 ■57983
 ■メーカー：クラックス
 ■分類：ガチャガチャ
 ■code：20260806
 ■JAN：4550451413417",https://img07.shop-pro.jp/PA01455/769/product/192941960.jpg?cmsp_timestamp=20260806094639|https://img07.shop-pro.jp/PA01455/769/product/192941960_o1.jpg?cmsp_timestamp=20260806094639|https://img07.shop-pro.jp/PA01455/769/product/192941960_o2.jpg?cmsp_timestamp=20260806094639|https://img07.shop-pro.jp/PA01455/769/product/192941960_o3.png?cmsp_timestamp=20260808153355|https://img07.shop-pro.jp/PA01455/769/product/192941960_o4.jpg?cmsp_timestamp=20260808153355|https://img07.shop-pro.jp/PA01455/769/product/192941960_o5.jpg?cmsp_timestamp=20260808153355|https://img07.shop-pro.jp/PA01455/769/product/192941960_o6.jpg?cmsp_timestamp=20260808153355|https://img07.shop-pro.jp/PA01455/769/product/192941960_o7.jpg?cmsp_timestamp=20260808153355,/Users/hong/Desktop/日本商品2/采集数据/images/192941960_M_0.jpg|/Users/hong/Desktop/日本商品2/采集数据/images/192941960_M_1.jpg|/Users/hong/Desktop/日本商品2/采集数据/images/192941960_M_2.jpg|/Users/hong/Desktop/日本商品2/采集数据/images/192941960_M_3.jpg|/Users/hong/Desktop/日本商品2/采集数据/images/192941960_M_4.jpg|/Users/hong/Desktop/日本商品2/采集数据/images/192941960_M_5.jpg|/Users/hong/Desktop/日本商品2/采集数据/images/192941960_M_6.jpg|/Users/hong/Desktop/日本商品2/采集数据/images/192941960_M_7.jpg
https://shop.toysanta.jp/?pid=192941950,192941950,"ホーム > キャラクター > その他
ホーム > 2026年8月6日(木)新商品
",【全部揃ってます!!】平成メモリー うるちゅるPOPシール プチキーホルダー [全6種セット(フルコンプ)]【ネコポス配送対応】【C】,"1,900円(内税)",57pt,"この商品のラインナップを全て見る

 ▼この商品は【全6種セット(フルコンプ)】です。

 大人気「うるちゅるPOP SEAL」×「平成メモリー」実際に使えるシールが、プチサイズでカプセルトイに初登場!!
 全種ボールチェーン付き！

 英語名：Heisei-Memory Uru-Churu POP Sticker Petit Keychain CRUX Capsule Toy

 このシリーズには6種類のラインナップがあります。
 お届け商品は、商品名及び画像のものになります。

 ・まじかるみゅーちゃんA
 ・まじかるみゅーちゃんB
 ・なっとうちゃんA
 ・なっとうちゃんB
 ・フワフワらびちゃんA
 ・フワフワらびちゃんB

 キャラクター：クラックス
 サイズ：全長約51mm
 材質：PVC,エポキシ樹脂
 商品状態：新古品・未使用・ミニブック付属 ※カプセルは付属しません。内袋は未開封です。

 ■57728
 ■メーカー：クラックス
 ■分類：ガチャガチャ
 ■code：20260806
 ■JAN：4550451409908",https://img07.shop-pro.jp/PA01455/769/product/192941950.jpg?cmsp_timestamp=20260806094627|https://img07.shop-pro.jp/PA01455/769/product/192941950_o1.jpg?cmsp_timestamp=20260806094627|https://img07.shop-pro.jp/PA01455/769/product/192941950_o2.jpg?cmsp_timestamp=20260806094627|https://img07.shop-pro.jp/PA01455/769/product/192941950_o3.png?cmsp_timestamp=20260808152938|https://img07.shop-pro.jp/PA01455/769/product/192941950_o4.jpg?cmsp_timestamp=20260808152938|https://img07.shop-pro.jp/PA01455/769/product/192941950_o5.jpg?cmsp_timestamp=20260808152938|https://img07.shop-pro.jp/PA01455/769/product/192941950_o6.jpg?cmsp_timestamp=20260808152938|https://img07.shop-pro.jp/PA01455/769/product/192941950_o7.jpg?cmsp_timestamp=20260808152938,/Users/hong/Desktop/日本商品2/采集数据/images/192941950_M_0.jpg|/Users/hong/Desktop/日本商品2/采集数据/images/192941950_M_1.jpg|/Users/hong/Desktop/日本商品2/采集数据/images/192941950_M_2.jpg|/Users/hong/Desktop/日本商品2/采集数据/images/192941950_M_3.jpg|/Users/hong/Desktop/日本商品2/采集数据/images/192941950_M_4.jpg|/Users/hong/Desktop/日本商品2/采集数据/images/192941950_M_5.jpg|/Users/hong/Desktop/日本商品2/采集数据/images/192941950_M_6.jpg|/Users/hong/Desktop/日本商品2/采集数据/images/192941950_M_7.jpg
https://shop.toysanta.jp/?pid=192941942,192941942,"ホーム > キャラクター > その他
ホーム > 2026年8月6日(木)新商品
",【全部揃ってます!!】平成メモリーうるちゅるPOPシールフレーク [全5種セット(フルコンプ)]【ネコポス配送対応】【C】,"1,500円(内税)",45pt,"この商品のラインナップを全て見る

 ▼この商品は【全5種セット(フルコンプ)】です。

 ≪平成メモリーうるちゅるPOPシールフレーク≫がカプセルトイで新登場！
 うるちゅるかわいいシールが16枚セットだよ！
 なつかしの平成ファンシー柄が勢ぞろいだ～♪

 英語名：Heisei-Memory Uru-Churu POP Sticker flakes CRUX Capsule Toy

 このシリーズには5種類のラインナップがあります。
 お届け商品は、商品名及び画像のものになります。

 ・まじかるみゅーちゃん
 ・なっとうちゃん
 ・フワフワらびちゃん
 ・牛乳パック君
 ・ファニーパンチ

 キャラクター：クラックス
 サイズ：全長約10-30mm
 材質：PVC,エポキシ樹脂
 商品状態：新古品・未使用・ミニブック付属 ※カプセルは付属しません。内袋は未開封です。

 ■57982
 ■メーカー：クラックス
 ■分類：ガチャガチャ
 ■code：20260806
 ■JAN：4550451413400",https://img07.shop-pro.jp/PA01455/769/product/192941942.jpg?cmsp_timestamp=20260806094620|https://img07.shop-pro.jp/PA01455/769/product/192941942_o1.jpg?cmsp_timestamp=20260806094620|https://img07.shop-pro.jp/PA01455/769/product/192941942_o2.jpg?cmsp_timestamp=20260806094620|https://img07.shop-pro.jp/PA01455/769/product/192941942_o3.png?cmsp_timestamp=20260808152726|https://img07.shop-pro.jp/PA01455/769/product/192941942_o4.jpg?cmsp_timestamp=20260808152726|https://img07.shop-pro.jp/PA01455/769/product/192941942_o5.jpg?cmsp_timestamp=20260808152726|https://img07.shop-pro.jp/PA01455/769/product/192941942_o6.jpg?cmsp_timestamp=20260808152726|https://img07.shop-pro.jp/PA01455/769/product/192941942_o7.jpg?cmsp_timestamp=20260808152726,/Users/hong/Desktop/日本商品2/采集数据/images/192941942_M_0.jpg|/Users/hong/Desktop/日本商品2/采集数据/images/192941942_M_1.jpg|/Users/hong/Desktop/日本商品2/采集数据/images/192941942_M_2.jpg|/Users/hong/Desktop/日本商品2/采集数据/images/192941942_M_3.jpg|/Users/hong/Desktop/日本商品2/采集数据/images/192941942_M_4.jpg|/Users/hong/Desktop/日本商品2/采集数据/images/192941942_M_5.jpg|/Users/hong/Desktop/日本商品2/采集数据/images/192941942_M_6.jpg|/Users/hong/Desktop/日本商品2/采集数据/images/192941942_M_7.jpg
https://shop.toysanta.jp/?pid=192941935,192941935,"ホーム > コミック・アニメ(その他) > 名探偵コナン
ホーム > 2026年8月6日(木)新商品
",【全部揃ってます!!】名探偵コナン みあげてすたぁマスコット vol.2 [全4種セット(フルコンプ)]【ネコポス配送対応】【C】,"2,100円(内税)",63pt,"この商品のラインナップを全て見る

 ▼この商品は【全4種セット(フルコンプ)】です。

 TVアニメ「名探偵コナン」から、みあげてすたぁシリーズのイラストを使用したマスコット第2弾が登場！

 英語名：Detective Conan Miagete Star Mascot Vol. 2 Bushiroad Creative Capsule Toy

 このシリーズには4種類のラインナップがあります。
 お届け商品は、商品名及び画像のものになります。

 ・江戸川コナン
 ・世良真純
 ・松田陣平
 ・萩原研二

 キャラクター：名探偵コナン
 サイズ：全高約50mm
 材質：PVC,ABS
 商品状態：新古品・未使用・ミニブック付属 ※カプセルは付属しません。内袋は未開封です。

 ■58067
 ■メーカー：ブシロードクリエイティブ
 ■分類：ガチャガチャ
 ■code：20260806
 ■JAN：4570194437259",https://img07.shop-pro.jp/PA01455/769/product/192941935.jpg?cmsp_timestamp=20260806094613|https://img07.shop-pro.jp/PA01455/769/product/192941935_o1.jpg?cmsp_timestamp=20260806094613|https://img07.shop-pro.jp/PA01455/769/product/192941935_o2.jpg?cmsp_timestamp=20260806094613,/Users/hong/Desktop/日本商品2/采集数据/images/192941935_M_0.jpg|/Users/hong/Desktop/日本商品2/采集数据/images/192941935_M_1.jpg|/Users/hong/Desktop/日本商品2/采集数据/images/192941935_M_2.jpg
https://shop.toysanta.jp/?pid=192941929,192941929,"ホーム > コミック・アニメ(その他) > 名探偵コナン
ホーム > 2026年8月6日(木)新商品
",【全部揃ってます!!】名探偵コナン みあげてすたぁマスコット vol.1 [全4種セット(フルコンプ)]【ネコポス配送対応】【C】,"2,100円(内税)",63pt,"この商品のラインナップを全て見る

 ▼この商品は【全4種セット(フルコンプ)】です。

 TVアニメ「名探偵コナン」から、みあげてすたぁシリーズのイラストを使用したマスコットが登場！

 英語名：Detective Conan Miagete Star Mascot Vol.1 Bushiroad Creative Capsule Toy

 このシリーズには4種類のラインナップがあります。
 お届け商品は、商品名及び画像のものになります。

 ・江戸川コナン
 ・萩原千速
 ・横溝重悟
 ・毛利蘭

 キャラクター：名探偵コナン
 サイズ：全高約48mm
 材質：PVC,ABS
 商品状態：新古品・未使用・ミニブック付属 ※カプセルは付属しません。内袋は未開封です。

 ■58066
 ■メーカー：ブシロードクリエイティブ
 ■分類：ガチャガチャ
 ■code：20260806
 ■JAN：4570194437242",https://img07.shop-pro.jp/PA01455/769/product/192941929.jpg?cmsp_timestamp=20260806094608|https://img07.shop-pro.jp/PA01455/769/product/192941929_o1.jpg?cmsp_timestamp=20260806094608|https://img07.shop-pro.jp/PA01455/769/product/192941929_o2.jpg?cmsp_timestamp=20260806094608,/Users/hong/Desktop/日本商品2/采集数据/images/192941929_M_0.jpg|/Users/hong/Desktop/日本商品2/采集数据/images/192941929_M_1.jpg|/Users/hong/Desktop/日本商品2/采集数据/images/192941929_M_2.jpg
https://shop.toysanta.jp/?pid=192941917,192941917,"ホーム > コミック・アニメ(その他) > その他
ホーム > 2026年8月6日(木)新商品
",【全部揃ってます!!】アニメ ぼっち･ざ･ろっく！ ぼっちちゃんがいっぱいカプセルラバーストラップ vol.3 [全5種セット(フルコンプ)]【ネコポス配送対応】【C】,"1,600円(内税)",48pt,"この商品のラインナップを全て見る

 ▼この商品は【全5種セット(フルコンプ)】です。

 アニメ「ぼっち・ざ・ろっく！」より、ぼっちちゃんの可愛い姿がたくさん楽しめるラバーストラップの第3弾が登場です！

 英語名：Anime Bocchi the Rock! Bocchichan ga ippai capsule rubber strap vol.3 Bushiroad Creative Capsule Toy

 このシリーズには5種類のラインナップがあります。
 お届け商品は、商品名及び画像のものになります。

 ・ひとりぼっちの丘に取り残されるぼっちちゃん
 ・バンドマンとしての成長を見た目で表現するぼっちちゃん
 ・チケットが捌けずごまかそうとするぼっちちゃん
 ・大金を受け取り慌てるぼっちちゃん
 ・謎のパワーが湧いているぼっちちゃん

 キャラクター：ぼっち･ざ･ろっく！
 サイズ：全長約55mm
 材質：PVC,ナイロン,金属
 商品状態：新古品・未使用・ミニブック付属 ※カプセルは付属しません。内袋は未開封です。

 ■58069
 ■メーカー：ブシロードクリエイティブ
 ■分類：ガチャガチャ
 ■code：20260806
 ■JAN：4570194455628",https://img07.shop-pro.jp/PA01455/769/product/192941917.jpg?cmsp_timestamp=20260806094557|https://img07.shop-pro.jp/PA01455/769/product/192941917_o1.jpg?cmsp_timestamp=20260806094557|https://img07.shop-pro.jp/PA01455/769/product/192941917_o2.jpg?cmsp_timestamp=20260806094557,/Users/hong/Desktop/日本商品2/采集数据/images/192941917_M_0.jpg|/Users/hong/Desktop/日本商品2/采集数据/images/192941917_M_1.jpg|/Users/hong/Desktop/日本商品2/采集数据/images/192941917_M_2.jpg
https://shop.toysanta.jp/?pid=192941911,192941911,"ホーム > キャラクター > その他
ホーム > 2026年8月6日(木)新商品
",【全部揃ってます!!】メゾピアノ フィギュアキーホルダー [全5種セット(フルコンプ)]【ネコポス配送対応】【C】,"2,100円(内税)",63pt,"フォトレビューはこちら(トイサンタのブログへ移動します)


この商品のラインナップを全て見る

 ▼この商品は【全5種セット(フルコンプ)】です。

 大人気洋服ブランド「メゾピアノ」より、フィギュアキーホルダーが登場！
 全種ボールチェーン付き！

 英語名：Mezzo Piano Figure Keychain Bushiroad Creative Capsule Toy

 このシリーズには5種類のラインナップがあります。
 お届け商品は、商品名及び画像のものになります。

 ・ベリエちゃん
 ・ベリエちゃん(Green ver.)
 ・ブルーベリエちゃん
 ・デビリーちゃん
 ・クランベリエちゃん

 キャラクター：ナルミヤキャラクターズ
 サイズ：全長約35-50mm
 材質：PVC,金属
 商品状態：新古品・未使用・ミニブック付属 ※カプセルは付属しません。内袋は未開封です。

 ■58062
 ■メーカー：ブシロードクリエイティブ
 ■分類：ガチャガチャ
 ■code：20260806
 ■JAN：4570194440211",https://img07.shop-pro.jp/PA01455/769/product/192941911.jpg?cmsp_timestamp=20260806094551|https://img07.shop-pro.jp/PA01455/769/product/192941911_o1.jpg?cmsp_timestamp=20260806094551|https://img07.shop-pro.jp/PA01455/769/product/192941911_o2.jpg?cmsp_timestamp=20260806094551|https://img07.shop-pro.jp/PA01455/769/product/192941911_o3.png?cmsp_timestamp=20260808161632|https://img07.shop-pro.jp/PA01455/769/product/192941911_o4.jpg?cmsp_timestamp=20260808161632|https://img07.shop-pro.jp/PA01455/769/product/192941911_o5.jpg?cmsp_timestamp=20260808161632|https://img07.shop-pro.jp/PA01455/769/product/192941911_o6.jpg?cmsp_timestamp=20260808161632|https://img07.shop-pro.jp/PA01455/769/product/192941911_o7.jpg?cmsp_timestamp=20260808161632|https://img07.shop-pro.jp/PA01455/769/product/192941911_o8.jpg?cmsp_timestamp=20260808161632|https://img07.shop-pro.jp/PA01455/769/product/192941911_o9.jpg?cmsp_timestamp=20260808161632|https://img07.shop-pro.jp/PA01455/769/product/192941911_o10.jpg?cmsp_timestamp=20260808161632|https://img07.shop-pro.jp/PA01455/769/product/192941911_o11.jpg?cmsp_timestamp=20260808161632|https://img07.shop-pro.jp/PA01455/769/product/192941911_o12.jpg?cmsp_timestamp=20260808161632|https://img07.shop-pro.jp/PA01455/769/product/192941911_o13.jpg?cmsp_timestamp=20260808161632|https://img07.shop-pro.jp/PA01455/769/product/192941911_o14.jpg?cmsp_timestamp=20260808161632|https://img07.shop-pro.jp/PA01455/769/product/192941911_o15.jpg?cmsp_timestamp=20260808161632|https://img07.shop-pro.jp/PA01455/769/product/192941911_o16.jpg?cmsp_timestamp=20260808161632|https://img07.shop-pro.jp/PA01455/769/product/192941911_o17.jpg?cmsp_timestamp=20260808161632|https://img07.shop-pro.jp/PA01455/769/product/192941911_o18.jpg?cmsp_timestamp=20260808161632|https://img07.shop-pro.jp/PA01455/769/product/192941911_o19.jpg?cmsp_timestamp=20260808161632|https://img07.shop-pro.jp/PA01455/769/product/192941911_o20.jpg?cmsp_timestamp=20260808161632|https://img07.shop-pro.jp/PA01455/769/product/192941911_o21.jpg?cmsp_timestamp=20260808161632|https://img07.shop-pro.jp/PA01455/769/product/192941911_o22.jpg?cmsp_timestamp=20260808161632|https://img07.shop-pro.jp/PA01455/769/product/192941911_o23.jpg?cmsp_timestamp=20260808161632|https://img07.shop-pro.jp/PA01455/769/product/192941911_o24.jpg?cmsp_timestamp=20260808161632|https://img07.shop-pro.jp/PA01455/769/product/192941911_o25.jpg?cmsp_timestamp=20260808161632,/Users/hong/Desktop/日本商品2/采集数据/images/192941911_M_0.jpg|/Users/hong/Desktop/日本商品2/采集数据/images/192941911_M_1.jpg|/Users/hong/Desktop/日本商品2/采集数据/images/192941911_M_2.jpg|/Users/hong/Desktop/日本商品2/采集数据/images/192941911_M_3.jpg|/Users/hong/Desktop/日本商品2/采集数据/images/192941911_M_4.jpg|/Users/hong/Desktop/日本商品2/采集数据/images/192941911_M_5.jpg|/Users/hong/Desktop/日本商品2/采集数据/images/192941911_M_6.jpg|/Users/hong/Desktop/日本商品2/采集数据/images/192941911_M_7.jpg|/Users/hong/Desktop/日本商品2/采集数据/images/192941911_M_8.jpg|/Users/hong/Desktop/日本商品2/采集数据/images/192941911_M_9.jpg|/Users/hong/Desktop/日本商品2/采集数据/images/192941911_M_10.jpg|/Users/hong/Desktop/日本商品2/采集数据/images/192941911_M_11.jpg|/Users/hong/Desktop/日本商品2/采集数据/images/192941911_M_12.jpg|/Users/hong/Desktop/日本商品2/采集数据/images/192941911_M_13.jpg|/Users/hong/Desktop/日本商品2/采集数据/images/192941911_M_14.jpg|/Users/hong/Desktop/日本商品2/采集数据/images/192941911_M_15.jpg|/Users/hong/Desktop/日本商品2/采集数据/images/192941911_M_16.jpg|/Users/hong/Desktop/日本商品2/采集数据/images/192941911_M_17.jpg|/Users/hong/Desktop/日本商品2/采集数据/images/192941911_M_18.jpg|/Users/hong/Desktop/日本商品2/采集数据/images/192941911_M_19.jpg|/Users/hong/Desktop/日本商品2/采集数据/images/192941911_M_20.jpg|/Users/hong/Desktop/日本商品2/采集数据/images/192941911_M_21.jpg|/Users/hong/Desktop/日本商品2/采集数据/images/192941911_M_22.jpg|/Users/hong/Desktop/日本商品2/采集数据/images/192941911_M_23.jpg|/Users/hong/Desktop/日本商品2/采集数据/images/192941911_M_24.jpg|/Users/hong/Desktop/日本商品2/采集数据/images/192941911_M_25.jpg
https://shop.toysanta.jp/?pid=192929918,192929918,"ホーム > 模型・ミニチュア > 生き物
",【全部揃ってます!!】うちのコのいちにち まだねんねしないの?? [全5種セット(フルコンプ)]【 ネコポス不可 】【C】,"1,600円(内税)",48pt,"この商品のラインナップを全て見る

 ▼この商品は【全5種セット(フルコンプ)】です。

 首が回転するよ！

 英語名：Uchinoko no ichinichi mada nenne shinai no?? Yell Capsule Toy

 このシリーズには5種類のラインナップがあります。
 お届け商品は、商品名及び画像のものになります。

 ・みけてん
 ・さばすこ
 ・はちすこ
 ・にびー
 ・べんがる

 キャラクター：生き物
 サイズ：全高約43-52mm
 材質：ATBC-PVC,ポリエステル
 商品状態：新古品・未使用・ミニブック付属 ※カプセルは付属しません。内袋は未開封です。

 ■57868
 ■メーカー：エール
 ■分類：ガチャガチャ
 ■code：20260805
 ■JAN：4580800202812",https://img07.shop-pro.jp/PA01455/769/product/192929918.jpg?cmsp_timestamp=20260805095946|https://img07.shop-pro.jp/PA01455/769/product/192929918_o1.jpg?cmsp_timestamp=20260805095946|https://img07.shop-pro.jp/PA01455/769/product/192929918_o2.jpg?cmsp_timestamp=20260805095946,/Users/hong/Desktop/日本商品2/采集数据/images/192929918_M_0.jpg|/Users/hong/Desktop/日本商品2/采集数据/images/192929918_M_1.jpg|/Users/hong/Desktop/日本商品2/采集数据/images/192929918_M_2.jpg
https://shop.toysanta.jp/?pid=192929906,192929906,"ホーム > キャラクター > その他
",【全部揃ってます!!】モンチッチ フェイスぬいぐるみ 日焼けバージョン [全5種セット(フルコンプ)]【 ネコポス不可 】【C】,"2,600円(内税)",78pt,"この商品のラインナップを全て見る

 ▼この商品は【全5種セット(フルコンプ)】です。

 『モンチッチ フェイスぬいぐるみ 日焼けバージョン』がカプセルトイに新登場！
 こんがり焼けた小麦肌が可愛すぎる♪

 英語名：Monchhichi Face Plush Toy Hiyake Version Peanuts Club Capsule Toy

 このシリーズには5種類のラインナップがあります。
 お届け商品は、商品名及び画像のものになります。

 ・A
 ・B
 ・C
 ・D
 ・E

 キャラクター：モンチッチ
 サイズ：全長75-80mm
 材質：ポリエステル,スチール
 商品状態：新古品・未使用・ミニブック付属 ※カプセルは付属しません。内袋は未開封です。

 ■58080
 ■メーカー：ピーナッツクラブ
 ■分類：ガチャガチャ
 ■code：20260805
 ■JAN：4580610323448",https://img07.shop-pro.jp/PA01455/769/product/192929906.jpg?cmsp_timestamp=20260805095938|https://img07.shop-pro.jp/PA01455/769/product/192929906_o1.jpg?cmsp_timestamp=20260805095938|https://img07.shop-pro.jp/PA01455/769/product/192929906_o2.jpg?cmsp_timestamp=20260805095938,/Users/hong/Desktop/日本商品2/采集数据/images/192929906_M_0.jpg|/Users/hong/Desktop/日本商品2/采集数据/images/192929906_M_1.jpg|/Users/hong/Desktop/日本商品2/采集数据/images/192929906_M_2.jpg
https://shop.toysanta.jp/?pid=192929894,192929894,"ホーム > 模型・ミニチュア > 食べ物系
",【全部揃ってます!!】クッピーラムネ フェイス巾着ポーチ [全4種セット(フルコンプ)]【ネコポス配送対応】【C】,"2,100円(内税)",63pt,"この商品のラインナップを全て見る

 ▼この商品は【全4種セット(フルコンプ)】です。

 フェイスデザインが可愛すぎる♪
 『クッピーラムネ フェイス巾着ポーチ』のカプセルトイが新登場です！
 ふわふわ生地で触り心地抜群です♪

 英語名：Kuppy Ramune Face Drawstring Pouch Peanuts Club Capsule Toy

 このシリーズには4種類のラインナップがあります。
 お届け商品は、商品名及び画像のものになります。

 ・クッピー
 ・ラム
 ・クッピー ウインク
 ・ラム ウインク

 キャラクター：食べ物
 サイズ：全長約140mm
 材質：ポリエステル
 商品状態：新古品・未使用・ミニブック付属 ※カプセルは付属しません。内袋は未開封です。

 ■57601
 ■メーカー：ピーナッツクラブ
 ■分類：ガチャガチャ
 ■code：20260805
 ■JAN：4580610322779",https://img07.shop-pro.jp/PA01455/769/product/192929894.jpg?cmsp_timestamp=20260805095928|https://img07.shop-pro.jp/PA01455/769/product/192929894_o1.jpg?cmsp_timestamp=20260805095928|https://img07.shop-pro.jp/PA01455/769/product/192929894_o2.jpg?cmsp_timestamp=20260805095928,/Users/hong/Desktop/日本商品2/采集数据/images/192929894_M_0.jpg|/Users/hong/Desktop/日本商品2/采集数据/images/192929894_M_1.jpg|/Users/hong/Desktop/日本商品2/采集数据/images/192929894_M_2.jpg
https://shop.toysanta.jp/?pid=192929887,192929887,"ホーム > キャラクター > その他
",【全部揃ってます!!】ナルミヤキャラクターズ さがらポーチ [全4種セット(フルコンプ)]【ネコポス配送対応】【C】,"2,100円(内税)",63pt,"この商品のラインナップを全て見る

 ▼この商品は【全4種セット(フルコンプ)】です。

 もこもこ刺繍がとってもかわいく、存在感もバツグンのアイテムです！
 縦型デザインなのでリップを立てたまま整理できる使い勝手のよいサイズ感です。

 英語名：Narumiya Characters Sagara Pouch Peanuts Club Capsule Toy

 このシリーズには4種類のラインナップがあります。
 お届け商品は、商品名及び画像のものになります。

 ・ナカムラくん
 ・ベリエちゃん
 ・ルッキー
 ・ミントくん

 キャラクター：ナルミヤキャラクターズ
 サイズ：約135×95×20mm
 材質：ポリエステル,スチール
 商品状態：新古品・未使用・ミニブック付属 ※カプセルは付属しません。内袋は未開封です。

 ■58081
 ■メーカー：ピーナッツクラブ
 ■分類：ガチャガチャ
 ■code：20260805
 ■JAN：4580610323387",https://img07.shop-pro.jp/PA01455/769/product/192929887.jpg?cmsp_timestamp=20260805095924|https://img07.shop-pro.jp/PA01455/769/product/192929887_o1.jpg?cmsp_timestamp=20260805095924|https://img07.shop-pro.jp/PA01455/769/product/192929887_o2.jpg?cmsp_timestamp=20260805095924,/Users/hong/Desktop/日本商品2/采集数据/images/192929887_M_0.jpg|/Users/hong/Desktop/日本商品2/采集数据/images/192929887_M_1.jpg|/Users/hong/Desktop/日本商品2/采集数据/images/192929887_M_2.jpg
https://shop.toysanta.jp/?pid=192929880,192929880,"ホーム > キャラクター > その他
",【全部揃ってます!!】しずくちゃん ラバー前髪クリップ ver.2 [全8種セット(フルコンプ)]【ネコポス配送対応】【C】,"2,500円(内税)",75pt,"この商品のラインナップを全て見る

 ▼この商品は【全8種セット(フルコンプ)】です。

 第一弾で大好評だった「しずくちゃん」ラバー前髪クリップに、待望の第2弾がパワーアップして登場！
 左右どちらでも使用可能で、使う向きに合わせてクリップの付け替えが可能です。

 英語名：Shizuku-chan rubber bangs clip ver2 Peanuts Club Capsule Toy

 このシリーズには8種類のラインナップがあります。
 お届け商品は、商品名及び画像のものになります。

 ・しずくちゃん
 ・うるおいちゃん
 ・みるみるちゃん
 ・ほいっぷちゃん
 ・リンス姉さん
 ・シャンプー姉さん
 ・どろろん
 ・ロゼちゃん

 キャラクター：しずくちゃん
 サイズ：全長約45mm
 材質：PVC,スチール
 商品状態：新古品・未使用・ミニブック付属 ※カプセルは付属しません。内袋は未開封です。

 ■58076
 ■メーカー：ピーナッツクラブ
 ■分類：ガチャガチャ
 ■code：20260805
 ■JAN：4580610323424",https://img07.shop-pro.jp/PA01455/769/product/192929880.jpg?cmsp_timestamp=20260805095919|https://img07.shop-pro.jp/PA01455/769/product/192929880_o1.jpg?cmsp_timestamp=20260805095919|https://img07.shop-pro.jp/PA01455/769/product/192929880_o2.jpg?cmsp_timestamp=20260805095919,/Users/hong/Desktop/日本商品2/采集数据/images/192929880_M_0.jpg|/Users/hong/Desktop/日本商品2/采集数据/images/192929880_M_1.jpg|/Users/hong/Desktop/日本商品2/采集数据/images/192929880_M_2.jpg
https://shop.toysanta.jp/?pid=192929871,192929871,"ホーム > 模型・ミニチュア > その他
",【全部揃ってます!!】推しぬい専用 戦隊スーツ [全6種セット(フルコンプ)]【ネコポス配送対応】【C】,"3,200円(内税)",96pt,"この商品のラインナップを全て見る

 ▼この商品は【全6種セット(フルコンプ)】です。

 推しぬいが憧れのスーパーヒーローに変身しちゃう!?
 子供から大人まで、男子女子を問わず大人気の戦隊ヒーロー風の衣装です！

 英語名：Oshinuisenyo Sentai suit DIS Plus Capsule Toy

 このシリーズには6種類のラインナップがあります。
 お届け商品は、商品名及び画像のものになります。

 ・ぬいレッド
 ・ぬいブルー
 ・ぬいイエロー
 ・ぬいピンク
 ・ぬいグリーン
 ・ぬいブラック

 キャラクター：模型
 サイズ：高さ15cm程度のぬい用
 材質：ポリエステル
 商品状態：新古品・未使用・ミニブック付属 ※カプセルは付属しません。内袋は未開封です。

 ■57973
 ■メーカー：ディーアイエスプラス
 ■分類：ガチャガチャ
 ■code：20260805
 ■JAN：4573689110569",https://img07.shop-pro.jp/PA01455/769/product/192929871.jpg?cmsp_timestamp=20260805095913|https://img07.shop-pro.jp/PA01455/769/product/192929871_o1.jpg?cmsp_timestamp=20260805095913|https://img07.shop-pro.jp/PA01455/769/product/192929871_o2.jpg?cmsp_timestamp=20260805095913,/Users/hong/Desktop/日本商品2/采集数据/images/192929871_M_0.jpg|/Users/hong/Desktop/日本商品2/采集数据/images/192929871_M_1.jpg|/Users/hong/Desktop/日本商品2/采集数据/images/192929871_M_2.jpg
https://shop.toysanta.jp/?pid=192929863,192929863,"ホーム > キャラクター > その他
",【全部揃ってます!!】まじかるベリーベリー ぬいぐるみ [全5種セット(フルコンプ)]【ネコポス配送対応】【C】,"2,600円(内税)",78pt,"この商品のラインナップを全て見る

 ▼この商品は【全5種セット(フルコンプ)】です。

 カプセルトイサイズの可愛いぬいぐるみが登場！
 きゅるきゅるな目がべりーきゅーと！
 すとろべりー、ぶるべりーはモノクロ衣装もあるよ♪
 全種ボールチェーン付き！

 英語名：Magical Berry Berry Plush Toy UltraNewPlanning Capsule Toy

 このシリーズには5種類のラインナップがあります。
 お届け商品は、商品名及び画像のものになります。

 ・すとろべりー
 ・ぶるべりー
 ・ぶるべりー(モノトーン)
 ・すとろべりー(モノトーン)
 ・らずべりー

 キャラクター：カミオジャパン
 サイズ：全長約85mm
 材質：ポリエステル,鉄
 商品状態：新古品・未使用・ミニブック付属 ※カプセルは付属しません。内袋は未開封です。

 ■57886
 ■メーカー：ウルトラニュープランニング
 ■分類：ガチャガチャ
 ■code：20260805
 ■JAN：4571601901905",https://img07.shop-pro.jp/PA01455/769/product/192929863.jpg?cmsp_timestamp=20260805095905|https://img07.shop-pro.jp/PA01455/769/product/192929863_o1.jpg?cmsp_timestamp=20260805095905|https://img07.shop-pro.jp/PA01455/769/product/192929863_o2.jpg?cmsp_timestamp=20260805095905,/Users/hong/Desktop/日本商品2/采集数据/images/192929863_M_0.jpg|/Users/hong/Desktop/日本商品2/采集数据/images/192929863_M_1.jpg|/Users/hong/Desktop/日本商品2/采集数据/images/192929863_M_2.jpg
https://shop.toysanta.jp/?pid=192929857,192929857,"ホーム > キャラクター > サンリオ
",【全部揃ってます!!】ハローキティ ぬいぐるみボールチェーン3 [全4種セット(フルコンプ)]【ネコポス配送対応】【C】,"2,200円(内税)",66pt,"この商品のラインナップを全て見る

 ▼この商品は【全4種セット(フルコンプ)】です。

 大人気キティぬいぐるみボールチェーン第３弾！
 色んなコーデともマッチする大人オシャレなモノトーン仕様です。
 全種ボールチェーン付き！

 英語名：Hello Kitty Plush ball chain Part.3 Yumeya Capsule Toy

 このシリーズには4種類のラインナップがあります。
 お届け商品は、商品名及び画像のものになります。

 ・ブラックリボン
 ・エンジェル
 ・キラキラリボン
 ・ギンガムチェック

 キャラクター：サンリオ
 サイズ：全長約75mm
 材質：ポリエステル,鉄,シリコン
 商品状態：新古品・未使用・ミニブック付属 ※カプセルは付属しません。内袋は未開封です。

 ■57933
 ■メーカー：夢屋
 ■分類：ガチャガチャ
 ■code：20260805
 ■JAN：4582302294135",https://img07.shop-pro.jp/PA01455/769/product/192929857.jpg?cmsp_timestamp=20260805095859|https://img07.shop-pro.jp/PA01455/769/product/192929857_o1.jpg?cmsp_timestamp=20260805095859|https://img07.shop-pro.jp/PA01455/769/product/192929857_o2.jpg?cmsp_timestamp=20260805095859|https://img07.shop-pro.jp/PA01455/769/product/192929857_o3.png?cmsp_timestamp=20260806162453|https://img07.shop-pro.jp/PA01455/769/product/192929857_o4.jpg?cmsp_timestamp=20260806162453|https://img07.shop-pro.jp/PA01455/769/product/192929857_o5.jpg?cmsp_timestamp=20260806162453|https://img07.shop-pro.jp/PA01455/769/product/192929857_o6.jpg?cmsp_timestamp=20260806162453|https://img07.shop-pro.jp/PA01455/769/product/192929857_o7.jpg?cmsp_timestamp=20260806162453,/Users/hong/Desktop/日本商品2/采集数据/images/192929857_M_0.jpg|/Users/hong/Desktop/日本商品2/采集数据/images/192929857_M_1.jpg|/Users/hong/Desktop/日本商品2/采集数据/images/192929857_M_2.jpg|/Users/hong/Desktop/日本商品2/采集数据/images/192929857_M_3.jpg|/Users/hong/Desktop/日本商品2/采集数据/images/192929857_M_4.jpg|/Users/hong/Desktop/日本商品2/采集数据/images/192929857_M_5.jpg|/Users/hong/Desktop/日本商品2/采集数据/images/192929857_M_6.jpg|/Users/hong/Desktop/日本商品2/采集数据/images/192929857_M_7.jpg
https://shop.toysanta.jp/?pid=192929850,192929850,"ホーム > 模型・ミニチュア > 生き物
",【全部揃ってます!!】きゅるっと！ハムちゃんズ ぷちマークチャーム [全5種セット(フルコンプ)]【ネコポス配送対応】【C】,"1,400円(内税)",42pt,"この商品のラインナップを全て見る

 ▼この商品は【全5種セット(フルコンプ)】です。

 きゅるきゅる可愛いハムちゃんたちがマークチャームになりました！
 色んな場所に付けてぜひ癒されてください♪

 英語名：Kyurutto! Ham-Chans Petit Mark Charm Hotline Capsule Toy

 このシリーズには5種類のラインナップがあります。
 お届け商品は、商品名及び画像のものになります。

 ・もぐもぐグレー
 ・もぐもぐイエロー
 ・けづくろいホワイト
 ・おやすみグレー
 ・おやすみブラウン

 キャラクター：生き物
 サイズ：全長約25mm
 材質：樹脂
 商品状態：新古品・未使用・ミニブック付属 ※カプセルは付属しません。内袋は未開封です。

 ■57932
 ■メーカー：ホットライン
 ■分類：ガチャガチャ
 ■code：20260805
 ■JAN：4589675173241",https://img07.shop-pro.jp/PA01455/769/product/192929850.jpg?cmsp_timestamp=20260805095854|https://img07.shop-pro.jp/PA01455/769/product/192929850_o1.jpg?cmsp_timestamp=20260805095854|https://img07.shop-pro.jp/PA01455/769/product/192929850_o2.jpg?cmsp_timestamp=20260805095854,/Users/hong/Desktop/日本商品2/采集数据/images/192929850_M_0.jpg|/Users/hong/Desktop/日本商品2/采集数据/images/192929850_M_1.jpg|/Users/hong/Desktop/日本商品2/采集数据/images/192929850_M_2.jpg
https://shop.toysanta.jp/?pid=192919084,192919084,"ホーム > 模型・ミニチュア > その他
",【全部揃ってます!!】おきがえポンチョ おめかしリボン [全4種セット(フルコンプ)]【ネコポス配送対応】【C】,"2,100円(内税)",63pt,"この商品のラインナップを全て見る

 ▼この商品は【全4種セット(フルコンプ)】です。

 おきがえポンチョシリーズにリボンでおめかしデザインが登場 !!
 ラブリーなリボンが乙女心をくすぐります !! フードとポンチョが
 別々なので汎用性抜群です。ぬいぐるみなどに着せて楽しめます！

 英語名：Okigae Poncho Omekashi Ribbon Sakura Capsule Toy

 このシリーズには4種類のラインナップがあります。
 お届け商品は、商品名及び画像のものになります。

 ・ぴんくりぼんうさぎ
 ・ぶるーりぼんうさぎ
 ・あかりぼんうさぎ
 ・ぱーぷるりぼんくま

 キャラクター：模型
 サイズ：全長約120mm
 材質：ポリエステル
 商品状態：新古品・未使用・ミニブック付属 ※カプセルは付属しません。内袋は未開封です。

 ■57971
 ■メーカー：さくら
 ■分類：ガチャガチャ
 ■code：20260804
 ■JAN：4580530819861",https://img07.shop-pro.jp/PA01455/769/product/192919084.jpg?cmsp_timestamp=20260804134147|https://img07.shop-pro.jp/PA01455/769/product/192919084_o1.jpg?cmsp_timestamp=20260804134147|https://img07.shop-pro.jp/PA01455/769/product/192919084_o2.jpg?cmsp_timestamp=20260804134147,/Users/hong/Desktop/日本商品2/采集数据/images/192919084_M_0.jpg|/Users/hong/Desktop/日本商品2/采集数据/images/192919084_M_1.jpg|/Users/hong/Desktop/日本商品2/采集数据/images/192919084_M_2.jpg
https://shop.toysanta.jp/?pid=192919079,192919079,"ホーム > 模型・ミニチュア > その他
",【全部揃ってます!!】江ノ島電鉄 駅名標サインライト vol.1 [全5種セット(フルコンプ)]【ネコポス配送対応】【C】,"1,600円(内税)",48pt,"この商品のラインナップを全て見る

 ▼この商品は【全5種セット(フルコンプ)】です。

 本物みたいに光る！
 可動式バー＆マグネット付き！
 全種ボールチェーン付き！

 ※電池内蔵(ボタン電池LR41×3個/電池交換可能)

 英語名：Enoshima Electric Railway Station Name Sign Light Vol. 1 Yell Capsule Toy

 このシリーズには5種類のラインナップがあります。
 お届け商品は、商品名及び画像のものになります。

 ・藤沢
 ・石上
 ・柳小路
 ・湘南海岸公園
 ・鵠沼

 キャラクター：模型
 サイズ：全長約54mm
 材質：ABS,PS,鉄
 商品状態：新古品・未使用・ミニブック付属 ※カプセルは付属しません。内袋は未開封です。

 ■57872
 ■メーカー：エール
 ■分類：ガチャガチャ
 ■code：20260804
 ■JAN：4580800202362",https://img07.shop-pro.jp/PA01455/769/product/192919079.jpg?cmsp_timestamp=20260804134140|https://img07.shop-pro.jp/PA01455/769/product/192919079_o1.jpg?cmsp_timestamp=20260804134140|https://img07.shop-pro.jp/PA01455/769/product/192919079_o2.jpg?cmsp_timestamp=20260804134140,/Users/hong/Desktop/日本商品2/采集数据/images/192919079_M_0.jpg|/Users/hong/Desktop/日本商品2/采集数据/images/192919079_M_1.jpg|/Users/hong/Desktop/日本商品2/采集数据/images/192919079_M_2.jpg
https://shop.toysanta.jp/?pid=192919072,192919072,"ホーム > 模型・ミニチュア > 生き物
",【全部揃ってます!!】じゅらしっくしゃーくII [全5種セット(フルコンプ)]【 ネコポス不可 】【C】,"1,600円(内税)",48pt,"この商品のラインナップを全て見る

 ▼この商品は【全5種セット(フルコンプ)】です。

 太古の昔こんな姿の恐竜がいたとかいないとか

 英語名：Jurassic Shark II Yell Capsule Toy

 このシリーズには5種類のラインナップがあります。
 お届け商品は、商品名及び画像のものになります。

 ・つばくろすてごしゃーく
 ・らぶかまじゅんがしゃーく
 ・あおかるのしゃーく
 ・とらふあんきろしゃーく
 ・にたりぷてらしゃーく

 キャラクター：生き物
 サイズ：全長約40-60mm
 材質：ATBC-PVC
 商品状態：新古品・未使用・ミニブック付属 ※カプセルは付属しません。内袋は未開封です。

 ■57866
 ■メーカー：エール
 ■分類：ガチャガチャ
 ■code：20260804
 ■JAN：4580800202645",https://img07.shop-pro.jp/PA01455/769/product/192919072.jpg?cmsp_timestamp=20260804134132|https://img07.shop-pro.jp/PA01455/769/product/192919072_o1.jpg?cmsp_timestamp=20260804134132|https://img07.shop-pro.jp/PA01455/769/product/192919072_o2.jpg?cmsp_timestamp=20260804134132,/Users/hong/Desktop/日本商品2/采集数据/images/192919072_M_0.jpg|/Users/hong/Desktop/日本商品2/采集数据/images/192919072_M_1.jpg|/Users/hong/Desktop/日本商品2/采集数据/images/192919072_M_2.jpg
https://shop.toysanta.jp/?pid=192919066,192919066,"ホーム > 模型・ミニチュア > その他
",【全部揃ってます!!】ミニチュア刀剣コレクション13 [全5種セット(フルコンプ)]【ネコポス配送対応】【C】,"2,600円(内税)",78pt,"この商品のラインナップを全て見る

 ▼この商品は【全5種セット(フルコンプ)】です。

 大人気シリーズ☆今回は全種新柄で登場！
 ダイキャスト製のリアルな作りでかっこいい！
 刀は抜刀可能です！
 全種台座付き！

 英語名：Miniature Touken Collection Part.13 J.DREAM Capsule Toy

 このシリーズには5種類のラインナップがあります。
 お届け商品は、商品名及び画像のものになります。

 ・雲生
 ・雲次
 ・安宅切
 ・松井江
 ・豊前江

 キャラクター：模型
 サイズ：全長約56mm
 材質：合金,ABS
 商品状態：新古品・未使用・ミニブック付属 ※カプセルは付属しません。内袋は未開封です。

 ■57949
 ■メーカー：J.DREAM
 ■分類：ガチャガチャ
 ■code：20260804
 ■JAN：4571660580394",https://img07.shop-pro.jp/PA01455/769/product/192919066.jpg?cmsp_timestamp=20260804134122|https://img07.shop-pro.jp/PA01455/769/product/192919066_o1.jpg?cmsp_timestamp=20260804134122|https://img07.shop-pro.jp/PA01455/769/product/192919066_o2.jpg?cmsp_timestamp=20260804134122,/Users/hong/Desktop/日本商品2/采集数据/images/192919066_M_0.jpg|/Users/hong/Desktop/日本商品2/采集数据/images/192919066_M_1.jpg|/Users/hong/Desktop/日本商品2/采集数据/images/192919066_M_2.jpg
https://shop.toysanta.jp/?pid=192919058,192919058,"ホーム > オリジナル > その他
",【全部揃ってます!!】みんくる都バスマスコット ソフビコレクション [全5種セット(フルコンプ)]【 ネコポス不可 】【C】,"1,600円(内税)",48pt,"この商品のラインナップを全て見る

 ▼この商品は【全5種セット(フルコンプ)】です。

 都バスマスコットキャラクター「みんくる」のカプセルトイ第2弾！
 手のりサイズでコロンとしたフォルムがかわいい♪
 種類は全部で5種類！
 お気に入りの表情のみんくるを可愛がってあげてね♪

 英語名：Minkuru Toei Bus Mascot Sofvi Collection J.DREAM Capsule Toy

 このシリーズには5種類のラインナップがあります。
 お届け商品は、商品名及び画像のものになります。

 ・ノーマル
 ・びっくり
 ・キリッ
 ・にっこり
 ・しょんぼり

 キャラクター：みんくる
 サイズ：全長約50mm
 材質：PVC(ソフビ)
 商品状態：新古品・未使用・ミニブック付属 ※カプセルは付属しません。内袋は未開封です。

 ■57944
 ■メーカー：J.DREAM
 ■分類：ガチャガチャ
 ■code：20260804
 ■JAN：4571660580332",https://img07.shop-pro.jp/PA01455/769/product/192919058.jpg?cmsp_timestamp=20260804134115|https://img07.shop-pro.jp/PA01455/769/product/192919058_o1.jpg?cmsp_timestamp=20260804134115|https://img07.shop-pro.jp/PA01455/769/product/192919058_o2.jpg?cmsp_timestamp=20260804134115,/Users/hong/Desktop/日本商品2/采集数据/images/192919058_M_0.jpg|/Users/hong/Desktop/日本商品2/采集数据/images/192919058_M_1.jpg|/Users/hong/Desktop/日本商品2/采集数据/images/192919058_M_2.jpg
https://shop.toysanta.jp/?pid=192919052,192919052,"ホーム > 模型・ミニチュア > その他
",【全部揃ってます!!】ちいさなアニマルスツール2 [全5種セット(フルコンプ)]【 ネコポス不可 】【C】,"2,000円(内税)",60pt,"この商品のラインナップを全て見る

 ▼この商品は【全5種セット(フルコンプ)】です。

 ミニチュアのどうぶつ型の椅子【アニマルスツール】に第二弾が登場！
 ブタやゾウ、パンダなど人気のどうぶつ達が加わり、かわいさも楽しさも倍増！
 小さな収納スペースに小物をいれたり、人形を座らせたり楽しみ方は無限大です!

 英語名：Miniature Animal Stool Part.2 DIS Plus Capsule Toy

 このシリーズには5種類のラインナップがあります。
 お届け商品は、商品名及び画像のものになります。

 ・ブタ
 ・くま
 ・しばいぬ
 ・ぞう
 ・パンダ

 キャラクター：模型
 サイズ：全長約52mm
 材質：PVC
 商品状態：新古品・未使用・ミニブック付属 ※カプセルは付属しません。内袋は未開封です。

 ■57974
 ■メーカー：ディーアイエスプラス
 ■分類：ガチャガチャ
 ■code：20260804
 ■JAN：4573689110576",https://img07.shop-pro.jp/PA01455/769/product/192919052.jpg?cmsp_timestamp=20260804134106|https://img07.shop-pro.jp/PA01455/769/product/192919052_o1.jpg?cmsp_timestamp=20260804134106|https://img07.shop-pro.jp/PA01455/769/product/192919052_o2.jpg?cmsp_timestamp=20260804134106,/Users/hong/Desktop/日本商品2/采集数据/images/192919052_M_0.jpg|/Users/hong/Desktop/日本商品2/采集数据/images/192919052_M_1.jpg|/Users/hong/Desktop/日本商品2/采集数据/images/192919052_M_2.jpg
https://shop.toysanta.jp/?pid=192919044,192919044,"ホーム > キャラクター > サンリオ
",【全部揃ってます!!】ポムポムプリン ぬいぐるみチャーム2 [全4種セット(フルコンプ)]【ネコポス配送対応】【C】,"1,700円(内税)",51pt,"この商品のラインナップを全て見る

 ▼この商品は【全4種セット(フルコンプ)】です。

 ポムポムプリンぬいぐるみチャーム第二弾！たくさんつなげて目立っちゃおう！
 アクセサリーとしてポーチやバッグにぴったり！

 英語名：Pompompurin Plush Charm Part.2 Yumeya Capsule Toy

 このシリーズには4種類のラインナップがあります。
 お届け商品は、商品名及び画像のものになります。

 ・王冠
 ・お花
 ・チェック
 ・おしり

 キャラクター：サンリオ
 サイズ：全長約60-90mm
 材質：ポリエステル,亜鉛合金
 商品状態：新古品・未使用・ミニブック付属 ※カプセルは付属しません。内袋は未開封です。

 ■57936
 ■メーカー：夢屋
 ■分類：ガチャガチャ
 ■code：20260804
 ■JAN：4582302294104",https://img07.shop-pro.jp/PA01455/769/product/192919044.jpg?cmsp_timestamp=20260804134056|https://img07.shop-pro.jp/PA01455/769/product/192919044_o1.jpg?cmsp_timestamp=20260804134056|https://img07.shop-pro.jp/PA01455/769/product/192919044_o2.jpg?cmsp_timestamp=20260804134056,/Users/hong/Desktop/日本商品2/采集数据/images/192919044_M_0.jpg|/Users/hong/Desktop/日本商品2/采集数据/images/192919044_M_1.jpg|/Users/hong/Desktop/日本商品2/采集数据/images/192919044_M_2.jpg
https://shop.toysanta.jp/?pid=192919039,192919039,"ホーム > キャラクター > NHK教育関連
",【全部揃ってます!!】おじゃる丸 ぬいぐるみスマホチャーム [全4種セット(フルコンプ)]【ネコポス配送対応】【C】,"2,100円(内税)",63pt,"この商品のラインナップを全て見る

 ▼この商品は【全4種セット(フルコンプ)】です。

 おじゃる丸がぬいぐるみスマホチャームになったよ！スマホをかわいくデコっちゃおう！

 2WAY仕様でポーチやシール帳などのアクセサリーにもぴったり！

 英語名：Ojarumaru Plush Smartphone Charm Yumeya Capsule Toy

 このシリーズには4種類のラインナップがあります。
 お届け商品は、商品名及び画像のものになります。

 ・おじゃる丸
 ・電ボ
 ・公ちゃん
 ・貧ちゃん

 キャラクター：おじゃる丸
 サイズ：全長約50-70mm
 材質：ポリエステル,亜鉛合金
 商品状態：新古品・未使用・ミニブック付属 ※カプセルは付属しません。内袋は未開封です。

 ■57939
 ■メーカー：夢屋
 ■分類：ガチャガチャ
 ■code：20260804
 ■JAN：4582302294067",https://img07.shop-pro.jp/PA01455/769/product/192919039.jpg?cmsp_timestamp=20260804134048|https://img07.shop-pro.jp/PA01455/769/product/192919039_o1.jpg?cmsp_timestamp=20260804134048|https://img07.shop-pro.jp/PA01455/769/product/192919039_o2.jpg?cmsp_timestamp=20260804134048,/Users/hong/Desktop/日本商品2/采集数据/images/192919039_M_0.jpg|/Users/hong/Desktop/日本商品2/采集数据/images/192919039_M_1.jpg|/Users/hong/Desktop/日本商品2/采集数据/images/192919039_M_2.jpg
https://shop.toysanta.jp/?pid=192911895,192911895,"ホーム > ゲームキャラクター > その他
",【全部揃ってます!!】アーマード・コア VI エンブレムメタルチャーム4 [全6種セット(フルコンプ)]【ネコポス配送対応】【C】,"3,100円(内税)",93pt,"この商品のラインナップを全て見る

 ▼この商品は【全6種セット(フルコンプ)】です。

 株式会社フロム・ソフトウェアが贈る『ARMORED CORE VI FIRES OF RUBICON』からメタルチャーム第4弾が登場！

 英語名：ARMORED CORE VI Emblem Metal Charm Part.5 Studio SO-TA Capsule Toy

 このシリーズには6種類のラインナップがあります。
 お届け商品は、商品名及び画像のものになります。

 ・オールマインド
 ・アーキバスコーポレーション
 ・ベイラムインダストリー
 ・RaD
 ・ルビコン解放戦線
 ・惑星封鎖機構

 キャラクター：アーマード・コア VI
 サイズ：全長約26-40mm
 材質：亜鉛合金,鉄
 商品状態：新古品・未使用・ミニブック付属 ※カプセルは付属しません。内袋は未開封です。

 ■57969
 ■メーカー：スタジオソータ(SO-TA)
 ■分類：ガチャガチャ
 ■code：20260803
 ■JAN：4582779497176",https://img07.shop-pro.jp/PA01455/769/product/192911895.jpg?cmsp_timestamp=20260803150314|https://img07.shop-pro.jp/PA01455/769/product/192911895_o1.jpg?cmsp_timestamp=20260803150314|https://img07.shop-pro.jp/PA01455/769/product/192911895_o2.jpg?cmsp_timestamp=20260803150314,/Users/hong/Desktop/日本商品2/采集数据/images/192911895_M_0.jpg|/Users/hong/Desktop/日本商品2/采集数据/images/192911895_M_1.jpg|/Users/hong/Desktop/日本商品2/采集数据/images/192911895_M_2.jpg
https://shop.toysanta.jp/?pid=192911886,192911886,"ホーム > オリジナル > クリエイター・アーティスト系
",【全部揃ってます!!】Lotti(ロッティ) マスクコレクション [全6種セット(フルコンプ)]【 ネコポス不可 】【C】,"2,500円(内税)",75pt,"この商品のラインナップを全て見る

 ▼この商品は【全6種セット(フルコンプ)】です。

 スタジオソータ(SO-TA)さんと造形作家「+45(プラスシコウ)」さんとのコラボ商品！
 人間生活の中に潜む【Lotti】
 ペストマスク、ガスマスク、ラビットマスクの全6種。
 マスクは付け替え可能なのでいろいろな組み合わせを楽しめる！

 英語名：Lotti Mask Collection Studio SO-TA Capsule Toy

 このシリーズには6種類のラインナップがあります。
 お届け商品は、商品名及び画像のものになります。

 ・ペストマスク(ブラック)
 ・ガスマスク(ブラック)
 ・ラビットマスク(ブラック)
 ・ペストマスク(ホワイト)
 ・ガスマスク(ホワイト)
 ・ラビットマスク(ホワイト)

 キャラクター：+45
 サイズ：全高約70mm
 材質：ATBC-PVC
 商品状態：新古品・未使用・ミニブック付属 ※カプセルは付属しません。内袋は未開封です。

 ■57968
 ■メーカー：スタジオソータ(SO-TA)
 ■分類：ガチャガチャ
 ■code：20260803
 ■JAN：4582779497244",https://img07.shop-pro.jp/PA01455/769/product/192911886.jpg?cmsp_timestamp=20260803150307|https://img07.shop-pro.jp/PA01455/769/product/192911886_o1.jpg?cmsp_timestamp=20260803150307|https://img07.shop-pro.jp/PA01455/769/product/192911886_o2.jpg?cmsp_timestamp=20260803150307,/Users/hong/Desktop/日本商品2/采集数据/images/192911886_M_0.jpg|/Users/hong/Desktop/日本商品2/采集数据/images/192911886_M_1.jpg|/Users/hong/Desktop/日本商品2/采集数据/images/192911886_M_2.jpg
https://shop.toysanta.jp/?pid=192911878,192911878,"ホーム > 模型・ミニチュア > 食べ物系
",【全部揃ってます!!】銀河高原ビール ミニチュアキーチェーン [全5種セット(フルコンプ)]【ネコポス配送対応】【C】,"2,100円(内税)",63pt,"この商品のラインナップを全て見る

 ▼この商品は【全5種セット(フルコンプ)】です。

 銀河高原ビール誕生から30年、ついにミニチュアキーチェーンになりました。
 なつかしの歴代ビールも限定復刻。
 全種ボールチェーン付き！

 英語名：Ginga Kogen Beer Miniature Keychain Studio SO-TA Capsule Toy



 このシリーズには5種類のラインナップがあります。
 お届け商品は、商品名及び画像のものになります。

 ・小麦のビール
 ・白ビール
 ・ペールエール
 ・シルバーボトル
 ・グラスビール

 キャラクター：飲み物
 サイズ：全長約25-36mm
 材質：ABS,鉄
 商品状態：新古品・未使用・ミニブック付属 ※カプセルは付属しません。内袋は未開封です。

 ■57967
 ■メーカー：スタジオソータ(SO-TA)
 ■分類：ガチャガチャ
 ■code：20260803
 ■JAN：4582779497206",https://img07.shop-pro.jp/PA01455/769/product/192911878.jpg?cmsp_timestamp=20260803150301|https://img07.shop-pro.jp/PA01455/769/product/192911878_o1.jpg?cmsp_timestamp=20260803150301|https://img07.shop-pro.jp/PA01455/769/product/192911878_o2.jpg?cmsp_timestamp=20260803150301|https://img07.shop-pro.jp/PA01455/769/product/192911878_o3.png?cmsp_timestamp=20260804173407|https://img07.shop-pro.jp/PA01455/769/product/192911878_o4.jpg?cmsp_timestamp=20260804173407|https://img07.shop-pro.jp/PA01455/769/product/192911878_o5.jpg?cmsp_timestamp=20260804173407|https://img07.shop-pro.jp/PA01455/769/product/192911878_o6.jpg?cmsp_timestamp=20260804173407|https://img07.shop-pro.jp/PA01455/769/product/192911878_o7.jpg?cmsp_timestamp=20260804173407,/Users/hong/Desktop/日本商品2/采集数据/images/192911878_M_0.jpg|/Users/hong/Desktop/日本商品2/采集数据/images/192911878_M_1.jpg|/Users/hong/Desktop/日本商品2/采集数据/images/192911878_M_2.jpg|/Users/hong/Desktop/日本商品2/采集数据/images/192911878_M_3.jpg|/Users/hong/Desktop/日本商品2/采集数据/images/192911878_M_4.jpg|/Users/hong/Desktop/日本商品2/采集数据/images/192911878_M_5.jpg|/Users/hong/Desktop/日本商品2/采集数据/images/192911878_M_6.jpg|/Users/hong/Desktop/日本商品2/采集数据/images/192911878_M_7.jpg
https://shop.toysanta.jp/?pid=192911872,192911872,"ホーム > オリジナル > クリエイター・アーティスト系
",【全部揃ってます!!】電脳大工 チェス フィギュアコレクション material ver. [全6種セット(フルコンプ)]【ネコポス配送対応】【C】,"2,400円(内税)",72pt,"この商品のラインナップを全て見る

 ▼この商品は【全6種セット(フルコンプ)】です。

 動物モチーフのチェスが美しいクリア素材になって登場

 英語名：Dennnou Daiku Chess Figure Collection: Material Ver. Studio SO-TA Capsule Toy

 このシリーズには6種類のラインナップがあります。
 お届け商品は、商品名及び画像のものになります。

 ・ポーンクリア
 ・ルーク クリア
 ・クイーン クリア
 ・キング クリア
 ・ビショップ クリア
 ・ナイト クリア

 キャラクター：電脳大工
 サイズ：全高約38-75mm
 材質：ATBC-PVC
 商品状態：新古品・未使用・ミニブック付属 ※カプセルは付属しません。内袋は未開封です。

 ■57966
 ■メーカー：スタジオソータ(SO-TA)
 ■分類：ガチャガチャ
 ■code：20260803
 ■JAN：4582779496940",https://img07.shop-pro.jp/PA01455/769/product/192911872.jpg?cmsp_timestamp=20260803150254|https://img07.shop-pro.jp/PA01455/769/product/192911872_o1.jpg?cmsp_timestamp=20260803150254|https://img07.shop-pro.jp/PA01455/769/product/192911872_o2.jpg?cmsp_timestamp=20260803150254|https://img07.shop-pro.jp/PA01455/769/product/192911872_o3.png?cmsp_timestamp=20260804173221|https://img07.shop-pro.jp/PA01455/769/product/192911872_o4.jpg?cmsp_timestamp=20260804173221|https://img07.shop-pro.jp/PA01455/769/product/192911872_o5.jpg?cmsp_timestamp=20260804173221|https://img07.shop-pro.jp/PA01455/769/product/192911872_o6.jpg?cmsp_timestamp=20260804173221|https://img07.shop-pro.jp/PA01455/769/product/192911872_o7.jpg?cmsp_timestamp=20260804173221|https://img07.shop-pro.jp/PA01455/769/product/192911872_o8.jpg?cmsp_timestamp=20260804173221|https://img07.shop-pro.jp/PA01455/769/product/192911872_o9.jpg?cmsp_timestamp=20260804173221|https://img07.shop-pro.jp/PA01455/769/product/192911872_o10.jpg?cmsp_timestamp=20260804173221|https://img07.shop-pro.jp/PA01455/769/product/192911872_o11.jpg?cmsp_timestamp=20260804173221,/Users/hong/Desktop/日本商品2/采集数据/images/192911872_M_0.jpg|/Users/hong/Desktop/日本商品2/采集数据/images/192911872_M_1.jpg|/Users/hong/Desktop/日本商品2/采集数据/images/192911872_M_2.jpg|/Users/hong/Desktop/日本商品2/采集数据/images/192911872_M_3.jpg|/Users/hong/Desktop/日本商品2/采集数据/images/192911872_M_4.jpg|/Users/hong/Desktop/日本商品2/采集数据/images/192911872_M_5.jpg|/Users/hong/Desktop/日本商品2/采集数据/images/192911872_M_6.jpg|/Users/hong/Desktop/日本商品2/采集数据/images/192911872_M_7.jpg|/Users/hong/Desktop/日本商品2/采集数据/images/192911872_M_8.jpg|/Users/hong/Desktop/日本商品2/采集数据/images/192911872_M_9.jpg|/Users/hong/Desktop/日本商品2/采集数据/images/192911872_M_10.jpg|/Users/hong/Desktop/日本商品2/采集数据/images/192911872_M_11.jpg
https://shop.toysanta.jp/?pid=192911863,192911863,"ホーム > 模型・ミニチュア > 自動車・バイク・その他
",【全部揃ってます!!】1/64PLUS ダムド スペーシアギアROAM [全6種セット(フルコンプ)]【 ネコポス不可 】【C】,"2,500円(内税)",75pt,"この商品のラインナップを全て見る

 ▼この商品は【全6種セット(フルコンプ)】です。

 1/64PLUS(プラス)シリーズ、第27弾はダムドスペーシアギアROAM(ローム)です。
 1982年創業のエアロパーツ・ドレスアップのダムドのコンプリートカー、スズキスペーシアギアROAMを立体化。
 今回のギミックはバックドアの開閉です。
 アウトドアシーンで活躍するアルミコンテナボックスも付属します。

 英語名：1/64 PLUS DAMD Spacia Gear ROAM Stand stones Capsule Toy

 このシリーズには6種類のラインナップがあります。
 お届け商品は、商品名及び画像のものになります。

 ・シフォンアイボリーメタリック ホワイト2トーンルーフ
 ・ツールグリーンパールメタリック ガンメタリック2トーンルーフ
 ・ブルーイッシュブラックパール3 ホワイト2トーンルーフ
 ・オフブルーメタリック ホワイト2トーンルーフ
 ・ピュアホワイトパール
 ・アクティブイエロー ガンメタリック2トーンルーフ

 キャラクター：乗り物
 サイズ：約W23×D53×H28mm
 材質：ABS,鉄
 商品状態：新古品・未使用・ミニブック付属 ※カプセルは付属しません。内袋は未開封です。

 ■57924
 ■メーカー：スタンドストーンズ
 ■分類：ガチャガチャ
 ■code：20260803
 ■JAN：4589675718947",https://img07.shop-pro.jp/PA01455/769/product/192911863.jpg?cmsp_timestamp=20260803150247|https://img07.shop-pro.jp/PA01455/769/product/192911863_o1.jpg?cmsp_timestamp=20260803150247|https://img07.shop-pro.jp/PA01455/769/product/192911863_o2.jpg?cmsp_timestamp=20260803150247,/Users/hong/Desktop/日本商品2/采集数据/images/192911863_M_0.jpg|/Users/hong/Desktop/日本商品2/采集数据/images/192911863_M_1.jpg|/Users/hong/Desktop/日本商品2/采集数据/images/192911863_M_2.jpg
https://shop.toysanta.jp/?pid=192911849,192911849,"ホーム > 模型・ミニチュア > 生き物
",【全部揃ってます!!】はにゃ？アヒルぬいぽーち？ [全5種セット(フルコンプ)]【ネコポス配送対応】【C】,"2,200円(内税)",66pt,"この商品のラインナップを全て見る

 ▼この商品は【全5種セット(フルコンプ)】です。

 ふわふわ手触りのアヒルが可愛いすぎる♪
 「？」チャームで謎かわ全開？
 何考えてるかわからないのが魅力！
 全種ボールチェーン付き！

 英語名：Hanya? Dudk Stuffed Pouch Bright link Capsule Toy

 このシリーズには5種類のラインナップがあります。
 お届け商品は、商品名及び画像のものになります。

 ・ホワイト
 ・イエロー
 ・ピンク
 ・グリーン
 ・ブラック

 キャラクター：生き物
 サイズ：全長約130mm
 材質：ポリエステル,鉄
 商品状態：新古品・未使用・ミニブック付属 ※カプセルは付属しません。内袋は未開封です。

 ■58006
 ■メーカー：ブライトリンク
 ■分類：ガチャガチャ
 ■code：20260803
 ■JAN：4573558507339",https://img07.shop-pro.jp/PA01455/769/product/192911849.jpg?cmsp_timestamp=20260803150236|https://img07.shop-pro.jp/PA01455/769/product/192911849_o1.jpg?cmsp_timestamp=20260803150236|https://img07.shop-pro.jp/PA01455/769/product/192911849_o2.jpg?cmsp_timestamp=20260803150236,/Users/hong/Desktop/日本商品2/采集数据/images/192911849_M_0.jpg|/Users/hong/Desktop/日本商品2/采集数据/images/192911849_M_1.jpg|/Users/hong/Desktop/日本商品2/采集数据/images/192911849_M_2.jpg
https://shop.toysanta.jp/?pid=192911826,192911826,"ホーム > 模型・ミニチュア > 食べ物系
",【全部揃ってます!!】Fruit Capsule Collection フルーツカプセル コレクション [全5種セット(フルコンプ)]【 ネコポス不可 】,"1,600円(内税)",48pt,"フォトレビューはこちら(トイサンタのブログへ移動します)


この商品のラインナップを全て見る

 ▼この商品は【全5種セット(フルコンプ)】です。

 ツヤツヤでみずみずしいフルーツ♪
 物価高でもフルーツ欲はあきらめない！
 カプセルに入ってて高級感を感じる！
 全種ボールチェーン付き！
 ※本商品は食べられません。

 英語名：Fruit Capsule Collection Bright link Capsule Toy


 このシリーズには5種類のラインナップがあります。
 お届け商品は、商品名及び画像のものになります。

 ・リンゴ
 ・梨
 ・桃
 ・青リンゴ
 ・ザクロ

 キャラクター：食べ物
 サイズ：直径約50mm
 材質：ABS,ポリスチレン,鉄　
 商品状態：新古品・未使用・カプセル付属・ミニブック付属・内袋は未開封です。

 ■58002
 ■メーカー：ブライトリンク
 ■分類：ガチャガチャ
 ■code：20260803
 ■JAN：4573558507292",https://img07.shop-pro.jp/PA01455/769/product/192911826.jpg?cmsp_timestamp=20260803150217|https://img07.shop-pro.jp/PA01455/769/product/192911826_o1.jpg?cmsp_timestamp=20260803150217|https://img07.shop-pro.jp/PA01455/769/product/192911826_o2.jpg?cmsp_timestamp=20260803150217|https://img07.shop-pro.jp/PA01455/769/product/192911826_o3.png?cmsp_timestamp=20260804173538|https://img07.shop-pro.jp/PA01455/769/product/192911826_o4.jpg?cmsp_timestamp=20260805130426|https://img07.shop-pro.jp/PA01455/769/product/192911826_o5.jpg?cmsp_timestamp=20260805130426|https://img07.shop-pro.jp/PA01455/769/product/192911826_o6.jpg?cmsp_timestamp=20260805130426|https://img07.shop-pro.jp/PA01455/769/product/192911826_o7.jpg?cmsp_timestamp=20260805130426|https://img07.shop-pro.jp/PA01455/769/product/192911826_o8.jpg?cmsp_timestamp=20260805130426|https://img07.shop-pro.jp/PA01455/769/product/192911826_o9.jpg?cmsp_timestamp=20260805130426|https://img07.shop-pro.jp/PA01455/769/product/192911826_o10.jpg?cmsp_timestamp=20260805130426|https://img07.shop-pro.jp/PA01455/769/product/192911826_o11.jpg?cmsp_timestamp=20260805130426|https://img07.shop-pro.jp/PA01455/769/product/192911826_o12.jpg?cmsp_timestamp=20260805130426|https://img07.shop-pro.jp/PA01455/769/product/192911826_o13.jpg?cmsp_timestamp=20260805130426|https://img07.shop-pro.jp/PA01455/769/product/192911826_o14.jpg?cmsp_timestamp=20260805130426|https://img07.shop-pro.jp/PA01455/769/product/192911826_o15.jpg?cmsp_timestamp=20260805130426|https://img07.shop-pro.jp/PA01455/769/product/192911826_o16.jpg?cmsp_timestamp=20260805130426,/Users/hong/Desktop/日本商品2/采集数据/images/192911826_M_0.jpg|/Users/hong/Desktop/日本商品2/采集数据/images/192911826_M_1.jpg|/Users/hong/Desktop/日本商品2/采集数据/images/192911826_M_2.jpg|/Users/hong/Desktop/日本商品2/采集数据/images/192911826_M_3.jpg|/Users/hong/Desktop/日本商品2/采集数据/images/192911826_M_4.jpg|/Users/hong/Desktop/日本商品2/采集数据/images/192911826_M_5.jpg|/Users/hong/Desktop/日本商品2/采集数据/images/192911826_M_6.jpg|/Users/hong/Desktop/日本商品2/采集数据/images/192911826_M_7.jpg|/Users/hong/Desktop/日本商品2/采集数据/images/192911826_M_8.jpg|/Users/hong/Desktop/日本商品2/采集数据/images/192911826_M_9.jpg|/Users/hong/Desktop/日本商品2/采集数据/images/192911826_M_10.jpg|/Users/hong/Desktop/日本商品2/采集数据/images/192911826_M_11.jpg|/Users/hong/Desktop/日本商品2/采集数据/images/192911826_M_12.jpg|/Users/hong/Desktop/日本商品2/采集数据/images/192911826_M_13.jpg|/Users/hong/Desktop/日本商品2/采集数据/images/192911826_M_14.jpg|/Users/hong/Desktop/日本商品2/采集数据/images/192911826_M_15.jpg|/Users/hong/Desktop/日本商品2/采集数据/images/192911826_M_16.jpg
https://shop.toysanta.jp/?pid=192911813,192911813,"ホーム > コミック・アニメ(ジャンプ) > その他(コミック・アニメ(ジャンプ))
",【全部揃ってます!!】でふぉラバ！ 劇場版『チェンソーマン レゼ篇』 キーホルダー Vol.2 [全8種セット(フルコンプ)]【ネコポス配送対応】【C】,"2,500円(内税)",75pt,"この商品のラインナップを全て見る

 ▼この商品は【全8種セット(フルコンプ)】です。

 でふぉラバの第2弾！
 劇中のシーンをイメージしたデザインです。
 全種ボールチェーン付き！

 英語名：Deformed Rubber! Movie Chainsaw Man Reze Keychain Vol.2 TakaraTomyArts Capsule Toy

 このシリーズには8種類のラインナップがあります。
 お届け商品は、商品名及び画像のものになります。

 ・デンジ
 ・レゼ
 ・マキマ
 ・早川アキ
 ・天使の悪魔
 ・ボム
 ・チェンソーマン
 ・ポチタ

 キャラクター：チェンソーマン 
 サイズ：全長約55-60mm
 材質：PVC
 商品状態：新古品・未使用・ミニブック付属 ※カプセルは付属しません。内袋は未開封です。

 ■58109
 ■メーカー：タカラトミーアーツ
 ■分類：ガチャガチャ
 ■code：20260803
 ■JAN：4904790906817",https://img07.shop-pro.jp/PA01455/769/product/192911813.jpg?cmsp_timestamp=20260803150206|https://img07.shop-pro.jp/PA01455/769/product/192911813_o1.jpg?cmsp_timestamp=20260803150206|https://img07.shop-pro.jp/PA01455/769/product/192911813_o2.jpg?cmsp_timestamp=20260803150206,/Users/hong/Desktop/日本商品2/采集数据/images/192911813_M_0.jpg|/Users/hong/Desktop/日本商品2/采集数据/images/192911813_M_1.jpg|/Users/hong/Desktop/日本商品2/采集数据/images/192911813_M_2.jpg
https://shop.toysanta.jp/?pid=192911779,192911779,"ホーム > ゲームキャラクター > その他
",【送料無料】【全部揃ってます!!】おねがいアイプリ アイプリカード♪コレクショングミ Vol.2 [全14種セット(フルコンプ)]【 ネコポス不可 】【C】,"9,800円(内税)",294pt,"この商品のラインナップを全て見る

 ▼この商品は【全14種セット(フルコンプ)】です。

 アミューズメントゲーム「おねがいアイプリ」で遊べるアイプリカードの第2弾！
 1枚のカードのなかに【全身コーデ】と【プレイキャラ】、【楽曲】の情報が全て登録されています。
 カードは両面フルカラー＆キラキラのホログラム仕上げで、1番レアリティの高い★4カードはさらに箔押し仕様です。

 【賞味期限】ラインナップ確認の為開封してますので、お菓子は付属しません。

 英語名：Onegai Aipuri Aipuri Card Collection Gummy Vol.2 TakaraTomyArts Collection Toy

 このシリーズには14種類のラインナップがあります。
 お届け商品は、商品名及び画像のものになります。

 1.OG2-001(★4)おりびあ(フラワーブーケオレンジ)(箔押し仕様)
 2.OG2-002(★4)あおい(フラワーブーケオレンジ)(箔押し仕様)
 3.OG2-003(★4)ぐみ(フラワーブーケオレンジ)(箔押し仕様)
 4.OG2-004(★4)シークレット：いのり(フラワーブーケピンク)(箔押し仕様)
 5.OG2-005(★4)ぐみ(ゆうじょうスイーツバズリウムレッド)(箔押し仕様)
 6.OG2-006(★3)あおい(ビーチマリンスカイ)
 7.OG2-007(★3)いのり(ビーチマリンスカイ)
 8.OG2-008(★3)おりびあ(ビーチマリンスカイ)
 9.OG2-009(★3)ぐみ(ふわもこかいじゅう)
 10.OG2-010(★3)あおい(ふわもこかいじゅう)
 11.OG2-011(★3)おりびあ(アカデミー)
 12.OG2-012(★3)いのり(アカデミー)
 13.OG2-013(★3)いのり(エンジェルアイス)
 14.OG2-014(★3)ぐみ(エンジェルアイス)

 キャラクター：アイプリ
 サイズ：約86×59mm
 材質：紙
 商品状態：カードのみです、お菓子及びパッケージは付属しません。

 ■58273
 ■メーカー：タカラトミーアーツ
 ■分類：食玩
 ■code：20260803
 ■JAN：4904790111174",https://img07.shop-pro.jp/PA01455/769/product/192911779.jpg?cmsp_timestamp=20260803150138|https://img07.shop-pro.jp/PA01455/769/product/192911779_o1.jpg?cmsp_timestamp=20260803150138|https://img07.shop-pro.jp/PA01455/769/product/192911779_o2.jpg?cmsp_timestamp=20260803150138,/Users/hong/Desktop/日本商品2/采集数据/images/192911779_M_0.jpg|/Users/hong/Desktop/日本商品2/采集数据/images/192911779_M_1.jpg|/Users/hong/Desktop/日本商品2/采集数据/images/192911779_M_2.jpg
https://shop.toysanta.jp/?pid=192911761,192911761,"ホーム > コミック・アニメ(その他) > その他
",【送料無料】【全部揃ってます!!】葬送のフリーレン カードソフトクッキー [全25種セット(フルコンプ)]【 ネコポス不可 】【C】※カードのみです。,"8,980円(内税)",267pt,"この商品のラインナップを全て見る

 ▼この商品は【全25種セット(フルコンプ)】です。

 TVアニメ『葬送のフリーレン』のカードが登場！
 美麗なイラストを使用したビジュアルカードやキャラクターカード、ストーリーカード等、ラインナップは豪華25種。
 　
 【賞味期限】ラインナップ確認の為開封してますので、お菓子は付属しません。

 英語名：Frieren: Beyond Journey's End Card Soft cookie BANDAI Capsule Toy

 このシリーズには25種類のラインナップがあります。
 お届け商品は、商品名及び画像のものになります。

 ・ビジュアルカード
 ・ビジュアルカード
 ・ビジュアルカード
 ・ビジュアルカード
 ・ビジュアルカード
 ・ビジュアルカード
 ・ビジュアルカード
 ・ビジュアルカード
 ・フリーレン(キャラクターカード)
 ・フェルン(キャラクターカード)
 ・シュタルク(キャラクターカード)
 ・ザイン(キャラクターカード)
 ・フランメ(キャラクターカード)
 ・ゼーリエ(キャラクターカード)
 ・ユーベル(キャラクターカード)
 ・ラント(キャラクターカード)
 ・ヴィアベル(キャラクターカード)
 ・メトーデ(キャラクターカード)
 ・カンネ＆ラヴィーネ(キャラクターカード)
 ・ストーリーカード
 ・ストーリーカード
 ・ストーリーカード
 ・ストーリーカード
 ・ストーリーカード
 ・ストーリーカード

 キャラクター：葬送のフリーレン
 サイズ：約83×56mm
 材質：***
 商品状態：カードのみです、お菓子及びパッケージは付属しません。

 ■58300
 ■メーカー：バンダイ
 ■分類：食玩
 ■code：20260803
 ■JAN：4570117933332",https://img07.shop-pro.jp/PA01455/769/product/192911761.jpg?cmsp_timestamp=20260803150124|https://img07.shop-pro.jp/PA01455/769/product/192911761_o1.jpg?cmsp_timestamp=20260803150124|https://img07.shop-pro.jp/PA01455/769/product/192911761_o2.jpg?cmsp_timestamp=20260803150124,/Users/hong/Desktop/日本商品2/采集数据/images/192911761_M_0.jpg|/Users/hong/Desktop/日本商品2/采集数据/images/192911761_M_1.jpg|/Users/hong/Desktop/日本商品2/采集数据/images/192911761_M_2.jpg
https://shop.toysanta.jp/?pid=192893273,192893273,"ホーム > 模型・ミニチュア > その他
",【全部揃ってます!!】おきがえポンチョ いちごパーティ [全5種セット(フルコンプ)]【ネコポス配送対応】【C】,"2,600円(内税)",78pt,"この商品のラインナップを全て見る

 ▼この商品は【全5種セット(フルコンプ)】です。

 おきがえポンチョシリーズにかわいいいちご柄デザインが登場 !!
 いちごの総柄がとってもキュート !! フードとポンチョが
 別々なので汎用性抜群です。ぬいぐるみなどに着せて楽しめます！

 英語名：Okigae Poncho Strawberry Party Sakura Capsule Toy

 このシリーズには5種類のラインナップがあります。
 お届け商品は、商品名及び画像のものになります。

 ・いちごぴんく
 ・いちごぶるー
 ・いちごおれんじ
 ・いちごぱーぷる
 ・いちごぴんくくま

 キャラクター：模型
 サイズ：全長約120mm
 材質：ポリエステル
 商品状態：新古品・未使用・ミニブック付属 ※カプセルは付属しません。内袋は未開封です。

 ■57972
 ■メーカー：さくら
 ■分類：ガチャガチャ
 ■code：20260801
 ■JAN：4580530819878",https://img07.shop-pro.jp/PA01455/769/product/192893273.jpg?cmsp_timestamp=20260801111805|https://img07.shop-pro.jp/PA01455/769/product/192893273_o1.jpg?cmsp_timestamp=20260801111805|https://img07.shop-pro.jp/PA01455/769/product/192893273_o2.jpg?cmsp_timestamp=20260801111805,/Users/hong/Desktop/日本商品2/采集数据/images/192893273_M_0.jpg|/Users/hong/Desktop/日本商品2/采集数据/images/192893273_M_1.jpg|/Users/hong/Desktop/日本商品2/采集数据/images/192893273_M_2.jpg
https://shop.toysanta.jp/?pid=192893245,192893245,"ホーム > キャラクター > その他
",【全部揃ってます!!】ミッフィー FACEシリコン小物入れ Part.2 [全5種セット(フルコンプ)]【ネコポス配送対応】【C】,"2,100円(内税)",63pt,"この商品のラインナップを全て見る

 ▼この商品は【全5種セット(フルコンプ)】です。

 ミッフィーたちの可愛いお顔が、シリコン小物入れに変身！
 「ボリス」「バーバラ」「メラニー」も加わった第二弾の登場です！
 耳付きの愛らしいフォルムがたまらない！
 コインやアクセサリー、飴などの小物を入れるのにぴったりです♪

 英語名：Miffy FACE Silicone Accessory Case Part.2 IP4 Capsule Toy


 このシリーズには5種類のラインナップがあります。
 お届け商品は、商品名及び画像のものになります。

 ・ミッフィー
 ・ボリス
 ・メラニー
 ・おやすみミッフィー
 ・バーバラ

 キャラクター：ミッフィー
 サイズ：全長約75-80mm
 材質：シリコーン,ポリエステル,PET,亜鉛合金
 商品状態：新古品・未使用・ミニブック付属 ※カプセルは付属しません。内袋は未開封です。

 ■57908
 ■メーカー：IP4
 ■分類：ガチャガチャ
 ■code：20260801
 ■JAN：4580800191253",https://img07.shop-pro.jp/PA01455/769/product/192893245.jpg?cmsp_timestamp=20260801111754|https://img07.shop-pro.jp/PA01455/769/product/192893245_o1.jpg?cmsp_timestamp=20260801111754|https://img07.shop-pro.jp/PA01455/769/product/192893245_o2.jpg?cmsp_timestamp=20260801111754,/Users/hong/Desktop/日本商品2/采集数据/images/192893245_M_0.jpg|/Users/hong/Desktop/日本商品2/采集数据/images/192893245_M_1.jpg|/Users/hong/Desktop/日本商品2/采集数据/images/192893245_M_2.jpg
https://shop.toysanta.jp/?pid=192893239,192893239,"ホーム > キャラクター > その他
",【全部揃ってます!!】バーバパパ 前髪クリップ [全5種セット(フルコンプ)]【ネコポス配送対応】【C】,"2,100円(内税)",63pt,"この商品のラインナップを全て見る

 ▼この商品は【全5種セット(フルコンプ)】です。

 バーバパパたちが、ふわふわぬいぐるみ仕様の前髪クリップになりました！
 メイクや洗顔時など、髪を留めるのに大活躍する便利なアイテム！
 カラフルなバーバパパで日常を明るく彩っちゃおう！

 英語名：Barbapapa Bangs Clip IP4 Capsule Toy

 このシリーズには5種類のラインナップがあります。
 お届け商品は、商品名及び画像のものになります。

 ・バーバパパ
 ・バーバピカリ
 ・バーバブラボー
 ・バーバモジャ
 ・バーバズー

 キャラクター：バーバパパ 
 サイズ：全長約52-64mm
 材質：ポリエステル,鉄
 商品状態：新古品・未使用・ミニブック付属 ※カプセルは付属しません。内袋は未開封です。

 ■57906
 ■メーカー：IP4
 ■分類：ガチャガチャ
 ■code：20260801
 ■JAN：4580800191369",https://img07.shop-pro.jp/PA01455/769/product/192893239.jpg?cmsp_timestamp=20260801111749|https://img07.shop-pro.jp/PA01455/769/product/192893239_o1.jpg?cmsp_timestamp=20260801111749|https://img07.shop-pro.jp/PA01455/769/product/192893239_o2.jpg?cmsp_timestamp=20260801111749,/Users/hong/Desktop/日本商品2/采集数据/images/192893239_M_0.jpg|/Users/hong/Desktop/日本商品2/采集数据/images/192893239_M_1.jpg|/Users/hong/Desktop/日本商品2/采集数据/images/192893239_M_2.jpg
https://shop.toysanta.jp/?pid=192893232,192893232,"ホーム > オリジナル > クリエイター・アーティスト系
",【全部揃ってます!!】なんでもいきもの もこもこ刺繍ポーチ [全6種セット(フルコンプ)]【ネコポス配送対応】【C】,"2,500円(内税)",75pt,"この商品のラインナップを全て見る

 ▼この商品は【全6種セット(フルコンプ)】です。

 よこみぞゆりさんが描く「なんでもいきもの」たちが、もこもこなサガラ刺繍がとっても可愛いポーチになりました☆
 持ち歩きのポーチとしても大活躍な約130mmのサイズ感なので、いつでもどこでも可愛いなんものたちとお出かけしちゃおう！

 英語名：Nandemoikimono Mokomoko Embroidery Pouch IP4 Capsule Toy

 このシリーズには6種類のラインナップがあります。
 お届け商品は、商品名及び画像のものになります。

 ・カニ
 ・エビ
 ・にんげん
 ・のりおにぎり
 ・カワウソ
 ・ラッコ

 キャラクター：よこみぞゆり
 サイズ：全長約130mm
 材質：ポリエステル,POM+ナイロン
 商品状態：新古品・未使用・ミニブック付属 ※カプセルは付属しません。内袋は未開封です。

 ■57901
 ■メーカー：IP4
 ■分類：ガチャガチャ
 ■code：20260801
 ■JAN：4580800191352",https://img07.shop-pro.jp/PA01455/769/product/192893232.jpg?cmsp_timestamp=20260801111745|https://img07.shop-pro.jp/PA01455/769/product/192893232_o1.jpg?cmsp_timestamp=20260801111745|https://img07.shop-pro.jp/PA01455/769/product/192893232_o2.jpg?cmsp_timestamp=20260801111745,/Users/hong/Desktop/日本商品2/采集数据/images/192893232_M_0.jpg|/Users/hong/Desktop/日本商品2/采集数据/images/192893232_M_1.jpg|/Users/hong/Desktop/日本商品2/采集数据/images/192893232_M_2.jpg
https://shop.toysanta.jp/?pid=192893225,192893225,"ホーム > キャラクター > その他
",【全部揃ってます!!】The World of Eric Carle はらぺこあおむし トートバッグ＆ポーチコレクション [全5種セット(フルコンプ)]【ネコポス配送対応】【C】,"3,500円(内税)",105pt,"この商品のラインナップを全て見る

 ▼この商品は【全5種セット(フルコンプ)】です。

 名作絵本「はらぺこあおむし」の鮮やかなアートをまとったトートバッグ＆ポーチが登場！
 デイリー使いにぴったりで、持っているだけで気分も明るくなります♪

 英語名：The World of Eric Carle The Very Hungry Caterpillar Tote Bag & Pouch Collection IP4 Capsule Toy

 このシリーズには5種類のラインナップがあります。
 お届け商品は、商品名及び画像のものになります。

 ・絵本ポーチ
 ・ティッシュケースポーチ
 ・ダイカットポーチ
 ・トラベルポーチ
 ・トートバッグ

 キャラクター：はらぺこあおむし
 サイズ：全長約140-280mm
 材質：ポリエステル,POM,ナイロン
 商品状態：新古品・未使用・ミニブック付属 ※カプセルは付属しません。

 ■57900
 ■メーカー：IP4
 ■分類：ガチャガチャ
 ■code：20260801
 ■JAN：4580800191314",https://img07.shop-pro.jp/PA01455/769/product/192893225.jpg?cmsp_timestamp=20260801111739|https://img07.shop-pro.jp/PA01455/769/product/192893225_o1.jpg?cmsp_timestamp=20260801111739|https://img07.shop-pro.jp/PA01455/769/product/192893225_o2.jpg?cmsp_timestamp=20260801111739,/Users/hong/Desktop/日本商品2/采集数据/images/192893225_M_0.jpg|/Users/hong/Desktop/日本商品2/采集数据/images/192893225_M_1.jpg|/Users/hong/Desktop/日本商品2/采集数据/images/192893225_M_2.jpg
https://shop.toysanta.jp/?pid=192893187,192893187,"ホーム > キャラクター > その他
",【全部揃ってます!!】PINGU ラバーチャーム [全5種セット(フルコンプ)]【ネコポス配送対応】【C】,"1,600円(内税)",48pt,"この商品のラインナップを全て見る

 ▼この商品は【全5種セット(フルコンプ)】です。

 ピングーたちの可愛いラバーチャームが登場！
 全5種類の表情豊かなデザイン★
 シリコンリング付きで、使い方もいろいろ！
 ペットボトルやリップにつけて、ピングーと一緒に毎日を楽しんじゃおう！

 英語名：PINGU Rubber Charm IP4 Capsule Toy

 このシリーズには5種類のラインナップがあります。
 お届け商品は、商品名及び画像のものになります。

 ・ピングーA
 ・ピングーB
 ・ピングー＆ピンガA
 ・ピングー＆ピンガB
 ・ピングーC

 キャラクター：ピングー
 サイズ：全長約55mm
 材質：PVC,亜鉛合金,鉄,シリコーン
 商品状態：新古品・未使用・ミニブック付属 ※カプセルは付属しません。内袋は未開封です。

 ■57898
 ■メーカー：IP4
 ■分類：ガチャガチャ
 ■code：20260801
 ■JAN：4580800191284",https://img07.shop-pro.jp/PA01455/769/product/192893187.jpg?cmsp_timestamp=20260801111717|https://img07.shop-pro.jp/PA01455/769/product/192893187_o1.jpg?cmsp_timestamp=20260801111717|https://img07.shop-pro.jp/PA01455/769/product/192893187_o2.jpg?cmsp_timestamp=20260801111717,/Users/hong/Desktop/日本商品2/采集数据/images/192893187_M_0.jpg|/Users/hong/Desktop/日本商品2/采集数据/images/192893187_M_1.jpg|/Users/hong/Desktop/日本商品2/采集数据/images/192893187_M_2.jpg
https://shop.toysanta.jp/?pid=192893162,192893162,"ホーム > キャラクター > ムーミン
",【全部揃ってます!!】ムーミン アソートコレクション [全5種セット(フルコンプ)]【ネコポス配送対応】【C】,"3,500円(内税)",105pt,"この商品のラインナップを全て見る

 ▼この商品は【全5種セット(フルコンプ)】です。

 ムーミンのポーチ＆バッグが大集合！
 デイリーのお出かけにぴったりな縫製コレクションが登場！
 ムーミンの刺しゅう入りポーチや、ムーミン＆スナフキンの釣り姿がかわいいトートバッグなど、ワクワクのラインナップです♪

 英語名：MOOMIN Assorted Collection IP4 Capsule Toy

 このシリーズには5種類のラインナップがあります。
 お届け商品は、商品名及び画像のものになります。

 ・トートバッグ
 ・巾着
 ・スクエアポーチ(お花)
 ・スクエアポーチ(ブルー)
 ・刺繍ポーチ

 キャラクター：ムーミン
 サイズ：全長約120-280mm
 材質：ポリエステル,POM,ナイロン,綿
 商品状態：新古品・未使用・ミニブック付属 ※カプセルは付属しません。

 ■57907
 ■メーカー：IP4
 ■分類：ガチャガチャ
 ■code：20260801
 ■JAN：4580800191017",https://img07.shop-pro.jp/PA01455/769/product/192893162.jpg?cmsp_timestamp=20260801111706|https://img07.shop-pro.jp/PA01455/769/product/192893162_o1.jpg?cmsp_timestamp=20260801111706|https://img07.shop-pro.jp/PA01455/769/product/192893162_o2.jpg?cmsp_timestamp=20260801111706,/Users/hong/Desktop/日本商品2/采集数据/images/192893162_M_0.jpg|/Users/hong/Desktop/日本商品2/采集数据/images/192893162_M_1.jpg|/Users/hong/Desktop/日本商品2/采集数据/images/192893162_M_2.jpg
https://shop.toysanta.jp/?pid=192893150,192893150,"ホーム > キャラクター > その他
",【全部揃ってます!!】Leo Lionni's Friends ポーチコレクション [全5種セット(フルコンプ)]【ネコポス配送対応】【C】,"3,500円(内税)",105pt,"この商品のラインナップを全て見る

 ▼この商品は【全5種セット(フルコンプ)】です。

 レオ・レオニによる名作絵本「フレデリック」の世界をポーチ＆バッグにぎゅっと閉じ込めました！
 実際の絵本のページが内面にプリントされたブッグポーチやフレデリックのふわふわポーチなど、何が出るかワクワクのラインナップです♪

 英語名：Leo Lionni's Friends Pouch Collection IP4 Capsule Toy

 このシリーズには5種類のラインナップがあります。
 お届け商品は、商品名及び画像のものになります。

 ・トートバッグ
 ・ふわふわポーチ(フレデリック)
 ・マチつきポーチ
 ・スクエアポーチ
 ・ブックポーチ

 キャラクター：Leo Lionni's Friends
 サイズ：全長約180-300mm
 材質：ポリエステル,ナイロン,POM
 商品状態：新古品・未使用・ミニブック付属 ※カプセルは付属しません。

 ■57899
 ■メーカー：IP4
 ■分類：ガチャガチャ
 ■code：20260801
 ■JAN：4580800191406",https://img07.shop-pro.jp/PA01455/769/product/192893150.jpg?cmsp_timestamp=20260801111700|https://img07.shop-pro.jp/PA01455/769/product/192893150_o1.jpg?cmsp_timestamp=20260801111700|https://img07.shop-pro.jp/PA01455/769/product/192893150_o2.jpg?cmsp_timestamp=20260801111700,/Users/hong/Desktop/日本商品2/采集数据/images/192893150_M_0.jpg|/Users/hong/Desktop/日本商品2/采集数据/images/192893150_M_1.jpg|/Users/hong/Desktop/日本商品2/采集数据/images/192893150_M_2.jpg
https://shop.toysanta.jp/?pid=192893139,192893139,"ホーム > キャラクター > その他
",【全部揃ってます!!】しずくちゃん ほわっと光る！電球ライト [全6種セット(フルコンプ)]【 ネコポス不可 】【C】,"2,500円(内税)",75pt,"この商品のラインナップを全て見る

 ▼この商品は【全6種セット(フルコンプ)】です。

 しずくちゃんたちが、ほわっとやさしく光る電球ライトになって登場！
 バッグや小物につけて楽しめるカラビナ仕様で、全6種類のラインアップ♪
 ふんわり光るしずくちゃんたちに癒されちゃおう！
 ※電池の交換はできません。

 英語名：Shizuku-chan Howatto hikaru! bulb light IP4 Capsule Toy

 このシリーズには6種類のラインナップがあります。
 お届け商品は、商品名及び画像のものになります。

 ・しずくちゃん
 ・うるおいちゃん
 ・みるみるちゃん
 ・どろろん
 ・はなぢ君
 ・ハニーちゃん

 キャラクター：しずくちゃん
 サイズ：全長約60mm
 材質：PS,鉄,アルミ,PP
 商品状態：新古品・未使用・ミニブック付属 ※カプセルは付属しません。内袋は未開封です。

 ■57897
 ■メーカー：IP4
 ■分類：ガチャガチャ
 ■code：20260801
 ■JAN：4580800191437",https://img07.shop-pro.jp/PA01455/769/product/192893139.jpg?cmsp_timestamp=20260801111655|https://img07.shop-pro.jp/PA01455/769/product/192893139_o1.jpg?cmsp_timestamp=20260801111655|https://img07.shop-pro.jp/PA01455/769/product/192893139_o2.jpg?cmsp_timestamp=20260801111655,/Users/hong/Desktop/日本商品2/采集数据/images/192893139_M_0.jpg|/Users/hong/Desktop/日本商品2/采集数据/images/192893139_M_1.jpg|/Users/hong/Desktop/日本商品2/采集数据/images/192893139_M_2.jpg
https://shop.toysanta.jp/?pid=192893126,192893126,"ホーム > キャラクター > その他
",【全部揃ってます!!】しずくちゃん みるみるちゃんとおともだちぬいぐるみ [全6種セット(フルコンプ)]【 ネコポス不可 】【C】,"3,100円(内税)",93pt,"この商品のラインナップを全て見る

 ▼この商品は【全6種セット(フルコンプ)】です。

 大人気のしずくちゃんぬいぐるみシリーズから「みるみるちゃんとおともだち」のアソートが登場です！
 公式の総選挙ランキング1位の「みるみるちゃん」含め、人気の赤ちゃんたちが勢ぞろいです！
 全種ボールチェーン付き！

 英語名：Shizuku-chan Mirumiru-chan and Friends Plush Toy Peanuts Club Capsule Toy

 このシリーズには6種類のラインナップがあります。
 お届け商品は、商品名及び画像のものになります。

 ・みるみるちゃん
 ・ほいっぷちゃん
 ・みてぃちゃん
 ・まめちゃん
 ・カルアちゃん
 ・コンポタちゃん

 キャラクター：しずくちゃん
 サイズ：全長約65mm
 材質：ポリエステル,アクリル,スチール
 商品状態：新古品・未使用・ミニブック付属 ※カプセルは付属しません。内袋は未開封です。

 ■57602
 ■メーカー：ピーナッツクラブ
 ■分類：ガチャガチャ
 ■code：20260801
 ■JAN：4580610323356",https://img07.shop-pro.jp/PA01455/769/product/192893126.jpg?cmsp_timestamp=20260801111649|https://img07.shop-pro.jp/PA01455/769/product/192893126_o1.jpg?cmsp_timestamp=20260801111649|https://img07.shop-pro.jp/PA01455/769/product/192893126_o2.jpg?cmsp_timestamp=20260801111649|https://img07.shop-pro.jp/PA01455/769/product/192893126_o3.png?cmsp_timestamp=20260803165625|https://img07.shop-pro.jp/PA01455/769/product/192893126_o4.jpg?cmsp_timestamp=20260803165625|https://img07.shop-pro.jp/PA01455/769/product/192893126_o5.jpg?cmsp_timestamp=20260803165625|https://img07.shop-pro.jp/PA01455/769/product/192893126_o6.jpg?cmsp_timestamp=20260803165625|https://img07.shop-pro.jp/PA01455/769/product/192893126_o7.jpg?cmsp_timestamp=20260803165625,/Users/hong/Desktop/日本商品2/采集数据/images/192893126_M_0.jpg|/Users/hong/Desktop/日本商品2/采集数据/images/192893126_M_1.jpg|/Users/hong/Desktop/日本商品2/采集数据/images/192893126_M_2.jpg|/Users/hong/Desktop/日本商品2/采集数据/images/192893126_M_3.jpg|/Users/hong/Desktop/日本商品2/采集数据/images/192893126_M_4.jpg|/Users/hong/Desktop/日本商品2/采集数据/images/192893126_M_5.jpg|/Users/hong/Desktop/日本商品2/采集数据/images/192893126_M_6.jpg|/Users/hong/Desktop/日本商品2/采集数据/images/192893126_M_7.jpg
https://shop.toysanta.jp/?pid=192893109,192893109,"ホーム > オリジナル > その他
",【全部揃ってます!!】ロリポップキャンディチャーム SKZOO [全8種セット(フルコンプ)]【 ネコポス不可 】,"2,980円(内税)",87pt,"この商品のラインナップを全て見る

 ▼この商品は【全8種セット(フルコンプ)】です。

 Stray Kids公式キャラクター『SKZOO』がロリポップキャンディチャームになって登場！
 まるでキャンディのようなデザインに、お菓子風のカラフルなパッケージが可愛い♪
 ラインナップは全8種。選べるオープンパッケージです。
 全種ボールチェーン付き！

 【賞味期限】ラムネ菓子：2027年5月

 英語名：Lollipop Candy Charm SKZOO BANDAI Collection Toy

 このシリーズには8種類のラインナップがあります。
 お届け商品は、商品名及び画像のものになります。

 ・Wolf Chan
 ・Leebit
 ・DWAEKKI
 ・Jiniret
 ・HAN QUOKKA
 ・BbokAri
 ・PuppyM
 ・FoxI.Ny

 キャラクター：Stray Kids
 サイズ：全長約72-85mm
 材質：PVC,ABS
 商品状態：新品未開封

 ■58277
 ■メーカー：バンダイ
 ■分類：食玩
 ■code：20260801
 ■JAN：4570117929342",https://img07.shop-pro.jp/PA01455/769/product/192893109.jpg?cmsp_timestamp=20260801111642|https://img07.shop-pro.jp/PA01455/769/product/192893109_o1.jpg?cmsp_timestamp=20260801111642|https://img07.shop-pro.jp/PA01455/769/product/192893109_o2.jpg?cmsp_timestamp=20260801111642|https://img07.shop-pro.jp/PA01455/769/product/192893109_o3.png?cmsp_timestamp=20260805165835|https://img07.shop-pro.jp/PA01455/769/product/192893109_o4.jpg?cmsp_timestamp=20260805165835|https://img07.shop-pro.jp/PA01455/769/product/192893109_o5.jpg?cmsp_timestamp=20260805165835|https://img07.shop-pro.jp/PA01455/769/product/192893109_o6.jpg?cmsp_timestamp=20260805165835|https://img07.shop-pro.jp/PA01455/769/product/192893109_o7.jpg?cmsp_timestamp=20260805165835|https://img07.shop-pro.jp/PA01455/769/product/192893109_o8.jpg?cmsp_timestamp=20260805165835|https://img07.shop-pro.jp/PA01455/769/product/192893109_o9.jpg?cmsp_timestamp=20260805165835|https://img07.shop-pro.jp/PA01455/769/product/192893109_o10.jpg?cmsp_timestamp=20260805165835|https://img07.shop-pro.jp/PA01455/769/product/192893109_o11.jpg?cmsp_timestamp=20260805165835,/Users/hong/Desktop/日本商品2/采集数据/images/192893109_M_0.jpg|/Users/hong/Desktop/日本商品2/采集数据/images/192893109_M_1.jpg|/Users/hong/Desktop/日本商品2/采集数据/images/192893109_M_2.jpg|/Users/hong/Desktop/日本商品2/采集数据/images/192893109_M_3.jpg|/Users/hong/Desktop/日本商品2/采集数据/images/192893109_M_4.jpg|/Users/hong/Desktop/日本商品2/采集数据/images/192893109_M_5.jpg|/Users/hong/Desktop/日本商品2/采集数据/images/192893109_M_6.jpg|/Users/hong/Desktop/日本商品2/采集数据/images/192893109_M_7.jpg|/Users/hong/Desktop/日本商品2/采集数据/images/192893109_M_8.jpg|/Users/hong/Desktop/日本商品2/采集数据/images/192893109_M_9.jpg|/Users/hong/Desktop/日本商品2/采集数据/images/192893109_M_10.jpg|/Users/hong/Desktop/日本商品2/采集数据/images/192893109_M_11.jpg
https://shop.toysanta.jp/?pid=192893090,192893090,"ホーム > コミック・アニメ(その他) > その他
",【全部揃ってます!!】忍たま乱太郎 クッキーチャームコット [全16種セット(フルコンプ)]【ネコポス配送対応】【C】,"6,480円(内税)",192pt,"この商品のラインナップを全て見る

 ▼この商品は【全16種セット(フルコンプ)】です。

 TVアニメ「忍たま乱太郎」より、アイシングクッキーをモチーフにしたボールチェーン付きのチャームが登場！
 まるで本物のアイシングクッキーのように、美味しそうに仕上げています。
 全種ボールチェーン付き！

 【賞味期限】ガムの為記載はありません。

 英語名：Nintama Rantaro Cookie Charmcot BANDAI Collection Toy

 このシリーズには16種類のラインナップがあります。
 お届け商品は、商品名及び画像のものになります。

 1.猪名寺乱太郎
 2.摂津のきり丸
 3.福富しんべヱ
 4.土井半助
 5.山田利吉
 6.久々知兵助
 7.尾浜勘右衛門
 8.竹谷八左ヱ門
 9.鉢屋三郎
 10.不破雷蔵
 11.潮江文次郎
 12.立花仙蔵
 13.中在家長次
 14.七松小平太
 15.善法寺伊作
 16.食満留三郎

 キャラクター：忍たま乱太郎
 サイズ：H約50mm×W約50mm
 材質：PVC
 商品状態：チャームのみです、パッケージは付属しません。

 ■58299
 ■メーカー：バンダイ
 ■分類：食玩
 ■code：20260801
 ■JAN：4570117929304",https://img07.shop-pro.jp/PA01455/769/product/192893090.jpg?cmsp_timestamp=20260801111633|https://img07.shop-pro.jp/PA01455/769/product/192893090_o1.jpg?cmsp_timestamp=20260801111633|https://img07.shop-pro.jp/PA01455/769/product/192893090_o2.jpg?cmsp_timestamp=20260801111633,/Users/hong/Desktop/日本商品2/采集数据/images/192893090_M_0.jpg|/Users/hong/Desktop/日本商品2/采集数据/images/192893090_M_1.jpg|/Users/hong/Desktop/日本商品2/采集数据/images/192893090_M_2.jpg
https://shop.toysanta.jp/?pid=192893059,192893059,"ホーム > キャラクター > サンリオ
",【全部揃ってます!!】サンリオキャラクターズ バルーンポップチャーム＆グミ [全8種セット(フルコンプ)]【ネコポス配送対応】【C】,"3,480円(内税)",102pt,"この商品のラインナップを全て見る

 ▼この商品は【全8種セット(フルコンプ)】です。

 サンリオキャラクターズのスティックバルーン風チャームが登場！
 ラインナップはカラフルな全8種。
 スティックは自分で組み立てる仕様で、ビッグサイズに仕上がります。
 振るとシャカシャカ音が鳴る、楽しいギミック付き♪
 推し活にもぴったりなカラフルなバルーンスティックで、推し色を身に着けよう！
 全種ボールチェーン付き！

 【賞味期限】ラインナップ確認の為開封してますので、お菓子は付属しません。

 英語名：Sanrio Characters Balloon Pop Charms & Gummy BANDAI Collection Toy

 このシリーズには8種類のラインナップがあります。
 お届け商品は、商品名及び画像のものになります。

 ・ハローキティ
 ・マイメロディ
 ・クロミ
 ・シナモロール
 ・ポムポムプリン
 ・ポチャッコ
 ・ハンギョドン
 ・バッドばつ丸

 キャラクター：サンリオ
 サイズ：H約70mm × W約30mm
 材質：ABS,PVC
 商品状態：チャームのみです、お菓子及びパッケージは付属しません。

 ■58296
 ■メーカー：バンダイ
 ■分類：食玩
 ■code：20260801
 ■JAN：4570117925450",https://img07.shop-pro.jp/PA01455/769/product/192893059.jpg?cmsp_timestamp=20260801111610|https://img07.shop-pro.jp/PA01455/769/product/192893059_o1.jpg?cmsp_timestamp=20260801111610|https://img07.shop-pro.jp/PA01455/769/product/192893059_o2.jpg?cmsp_timestamp=20260801111610,/Users/hong/Desktop/日本商品2/采集数据/images/192893059_M_0.jpg|/Users/hong/Desktop/日本商品2/采集数据/images/192893059_M_1.jpg|/Users/hong/Desktop/日本商品2/采集数据/images/192893059_M_2.jpg
https://shop.toysanta.jp/?pid=192893037,192893037,"ホーム > ゲームキャラクター > その他
",【全部揃ってます!!】たまごっち おともだちどーる [全8種セット(フルコンプ)]【 ネコポス不可 】,"4,200円(内税)",126pt,"フォトレビューはこちら(トイサンタのブログへ移動します)


この商品のラインナップを全て見る

 ▼この商品は【全8種セット(フルコンプ)】です。

 全長約6cm、ぬいぐるみのようなふわふわ質感のフロッキードールコレクション！
 目の部分はプラスチックパーツで、ボディ部分はもふもふしたフロッキーの素材です。
 全種食玩オリジナル描き起こしデザインにてラインナップ。

 【賞味期限】ガムの為記載はありません。

 英語名：Tamagotchi Friend Doll BANDAI Collection Toy




 このシリーズには8種類のラインナップがあります。
 お届け商品は、商品名及び画像のものになります。

 1.まめっち
 2.くちぱっち
 3.みみっち
 4.ポチっち
 5.おやじっち
 6.いちごっち
 7.やんぐまめっち
 8.まるっち

 キャラクター：たまごっち
 サイズ：H約66mm×W約45 mm
 材質：PVC,ABS,ナイロンPVC
 商品状態：新品未開封

 ■58297
 ■メーカー：バンダイ
 ■分類：食玩
 ■code：20260801
 ■JAN：4570117928031",https://img07.shop-pro.jp/PA01455/769/product/192893037.jpg?cmsp_timestamp=20260801111555|https://img07.shop-pro.jp/PA01455/769/product/192893037_o1.jpg?cmsp_timestamp=20260801111555|https://img07.shop-pro.jp/PA01455/769/product/192893037_o2.jpg?cmsp_timestamp=20260801111555|https://img07.shop-pro.jp/PA01455/769/product/192893037_o3.png?cmsp_timestamp=20260803171828|https://img07.shop-pro.jp/PA01455/769/product/192893037_o4.jpg?cmsp_timestamp=20260803171828|https://img07.shop-pro.jp/PA01455/769/product/192893037_o5.jpg?cmsp_timestamp=20260803171828|https://img07.shop-pro.jp/PA01455/769/product/192893037_o6.jpg?cmsp_timestamp=20260803171828|https://img07.shop-pro.jp/PA01455/769/product/192893037_o7.jpg?cmsp_timestamp=20260803171828|https://img07.shop-pro.jp/PA01455/769/product/192893037_o8.jpg?cmsp_timestamp=20260803171828|https://img07.shop-pro.jp/PA01455/769/product/192893037_o9.jpg?cmsp_timestamp=20260803171828|https://img07.shop-pro.jp/PA01455/769/product/192893037_o10.jpg?cmsp_timestamp=20260803171828|https://img07.shop-pro.jp/PA01455/769/product/192893037_o11.jpg?cmsp_timestamp=20260803171828|https://img07.shop-pro.jp/PA01455/769/product/192893037_o12.jpg?cmsp_timestamp=20260803171828|https://img07.shop-pro.jp/PA01455/769/product/192893037_o13.jpg?cmsp_timestamp=20260803171828|https://img07.shop-pro.jp/PA01455/769/product/192893037_o14.jpg?cmsp_timestamp=20260803171828|https://img07.shop-pro.jp/PA01455/769/product/192893037_o15.jpg?cmsp_timestamp=20260803171828|https://img07.shop-pro.jp/PA01455/769/product/192893037_o16.jpg?cmsp_timestamp=20260803171828|https://img07.shop-pro.jp/PA01455/769/product/192893037_o17.jpg?cmsp_timestamp=20260803171828|https://img07.shop-pro.jp/PA01455/769/product/192893037_o18.jpg?cmsp_timestamp=20260803171828|https://img07.shop-pro.jp/PA01455/769/product/192893037_o19.jpg?cmsp_timestamp=20260803171828|https://img07.shop-pro.jp/PA01455/769/product/192893037_o20.jpg?cmsp_timestamp=20260803171828|https://img07.shop-pro.jp/PA01455/769/product/192893037_o21.jpg?cmsp_timestamp=20260803171828|https://img07.shop-pro.jp/PA01455/769/product/192893037_o22.jpg?cmsp_timestamp=20260803171828|https://img07.shop-pro.jp/PA01455/769/product/192893037_o23.jpg?cmsp_timestamp=20260803171828|https://img07.shop-pro.jp/PA01455/769/product/192893037_o24.jpg?cmsp_timestamp=20260803171828|https://img07.shop-pro.jp/PA01455/769/product/192893037_o25.jpg?cmsp_timestamp=20260803171828|https://img07.shop-pro.jp/PA01455/769/product/192893037_o26.jpg?cmsp_timestamp=20260803171828|https://img07.shop-pro.jp/PA01455/769/product/192893037_o27.jpg?cmsp_timestamp=20260803171828|https://img07.shop-pro.jp/PA01455/769/product/192893037_o28.jpg?cmsp_timestamp=20260803171828|https://img07.shop-pro.jp/PA01455/769/product/192893037_o29.jpg?cmsp_timestamp=20260803171828,/Users/hong/Desktop/日本商品2/采集数据/images/192893037_M_0.jpg|/Users/hong/Desktop/日本商品2/采集数据/images/192893037_M_1.jpg|/Users/hong/Desktop/日本商品2/采集数据/images/192893037_M_2.jpg|/Users/hong/Desktop/日本商品2/采集数据/images/192893037_M_3.jpg|/Users/hong/Desktop/日本商品2/采集数据/images/192893037_M_4.jpg|/Users/hong/Desktop/日本商品2/采集数据/images/192893037_M_5.jpg|/Users/hong/Desktop/日本商品2/采集数据/images/192893037_M_6.jpg|/Users/hong/Desktop/日本商品2/采集数据/images/192893037_M_7.jpg|/Users/hong/Desktop/日本商品2/采集数据/images/192893037_M_8.jpg|/Users/hong/Desktop/日本商品2/采集数据/images/192893037_M_9.jpg|/Users/hong/Desktop/日本商品2/采集数据/images/192893037_M_10.jpg|/Users/hong/Desktop/日本商品2/采集数据/images/192893037_M_11.jpg|/Users/hong/Desktop/日本商品2/采集数据/images/192893037_M_12.jpg|/Users/hong/Desktop/日本商品2/采集数据/images/192893037_M_13.jpg|/Users/hong/Desktop/日本商品2/采集数据/images/192893037_M_14.jpg|/Users/hong/Desktop/日本商品2/采集数据/images/192893037_M_15.jpg|/Users/hong/Desktop/日本商品2/采集数据/images/192893037_M_16.jpg|/Users/hong/Desktop/日本商品2/采集数据/images/192893037_M_17.jpg|/Users/hong/Desktop/日本商品2/采集数据/images/192893037_M_18.jpg|/Users/hong/Desktop/日本商品2/采集数据/images/192893037_M_19.jpg|/Users/hong/Desktop/日本商品2/采集数据/images/192893037_M_20.jpg|/Users/hong/Desktop/日本商品2/采集数据/images/192893037_M_21.jpg|/Users/hong/Desktop/日本商品2/采集数据/images/192893037_M_22.jpg|/Users/hong/Desktop/日本商品2/采集数据/images/192893037_M_23.jpg|/Users/hong/Desktop/日本商品2/采集数据/images/192893037_M_24.jpg|/Users/hong/Desktop/日本商品2/采集数据/images/192893037_M_25.jpg|/Users/hong/Desktop/日本商品2/采集数据/images/192893037_M_26.jpg|/Users/hong/Desktop/日本商品2/采集数据/images/192893037_M_27.jpg|/Users/hong/Desktop/日本商品2/采集数据/images/192893037_M_28.jpg|/Users/hong/Desktop/日本商品2/采集数据/images/192893037_M_29.jpg
https://shop.toysanta.jp/?pid=192883227,192883227,"ホーム > キャラクター > リラックマ
",【全部揃ってます!!】リラックマ コインケース [全5種セット(フルコンプ)]【 ネコポス不可 】【C】,"1,600円(内税)",48pt,"この商品のラインナップを全て見る

 ▼この商品は【全5種セット(フルコンプ)】です。

 リラックマが、レトロでかわいいコインケースになって登場！
 500円玉も使えるサイズで、上下どちらにもセットできて便利！
 カプセルトイを回すときにも大活躍です☆
 全種ボールチェーン付き！

 英語名：Rilakkuma Coin Case IP4 Capsule Toy

 このシリーズには5種類のラインナップがあります。
 お届け商品は、商品名及び画像のものになります。

 ・集合(ピンク)
 ・集合(ブルー)
 ・リラックマ＆コリラックマ
 ・コリラックマ＆キイロイトリ
 ・リラックマ＆キイロイトリ

 キャラクター：リラックマ
 サイズ：全長約55mm
 材質：ABS,鋼,鉄,紙
 商品状態：新古品・未使用・ミニブック付属 ※カプセルは付属しません。内袋は未開封です。

 ■57124
 ■メーカー：IP4
 ■分類：ガチャガチャ
 ■code：20260731
 ■JAN：4533564061096",https://img07.shop-pro.jp/PA01455/769/product/192883227.jpg?cmsp_timestamp=20260731130609|https://img07.shop-pro.jp/PA01455/769/product/192883227_o1.jpg?cmsp_timestamp=20260731130609|https://img07.shop-pro.jp/PA01455/769/product/192883227_o2.jpg?cmsp_timestamp=20260731130609,/Users/hong/Desktop/日本商品2/采集数据/images/192883227_M_0.jpg|/Users/hong/Desktop/日本商品2/采集数据/images/192883227_M_1.jpg|/Users/hong/Desktop/日本商品2/采集数据/images/192883227_M_2.jpg
https://shop.toysanta.jp/?pid=192883217,192883217,"ホーム > コミック・アニメ(その他) > その他
",【全部揃ってます!!】銀河特急 ミルキー☆サブウェイ バラエティーコレクション [全5種セット(フルコンプ)]【ネコポス配送対応】【C】,"3,400円(内税)",102pt,"この商品のラインナップを全て見る

 ▼この商品は【全5種セット(フルコンプ)】です。

 チハルとマキナの衣装や、排除くん、銀京府警のバッジデザインのポーチや、A4サイズも収納可能なトートバッグ、マグショットがデザインされたマチ付きポーチなど、劇中に出てくるモチーフが盛りだくさん！
 グッズの整理にもぴったりなラインナップです☆
 ぜひチェックしてみてください！

 英語名：Milky Subway: The Galactic Limited Express Variety Collection IP4 Capsule Toy

 このシリーズには5種類のラインナップがあります。
 お届け商品は、商品名及び画像のものになります。

 ・トートバッグ
 ・スクエアポーチ(チハルとマキナ)
 ・スクエアポーチ(排除くん)
 ・ラウンドポーチ
 ・フタつきポーチ

 キャラクター：銀河特急 ミルキー☆サブウェイ
 サイズ：全長約170-275mm
 材質：ポリエステル,POM,ナイロン
 商品状態：新古品・未使用・ミニブック付属 ※カプセルは付属しません。

 ■57896
 ■メーカー：IP4
 ■分類：ガチャガチャ
 ■code：20260731
 ■JAN：4580800191413",https://img07.shop-pro.jp/PA01455/769/product/192883217.jpg?cmsp_timestamp=20260731130604|https://img07.shop-pro.jp/PA01455/769/product/192883217_o1.jpg?cmsp_timestamp=20260731130604|https://img07.shop-pro.jp/PA01455/769/product/192883217_o2.jpg?cmsp_timestamp=20260731130604,/Users/hong/Desktop/日本商品2/采集数据/images/192883217_M_0.jpg|/Users/hong/Desktop/日本商品2/采集数据/images/192883217_M_1.jpg|/Users/hong/Desktop/日本商品2/采集数据/images/192883217_M_2.jpg
https://shop.toysanta.jp/?pid=192883195,192883195,"ホーム > キャラクター > SNSキャラクター
",【全部揃ってます!!】ポメラニアンもち もふもふポシェット [全4種セット(フルコンプ)]【ネコポス配送対応】【C】,"1,780円(内税)",51pt,"この商品のラインナップを全て見る

 ▼この商品は【全4種セット(フルコンプ)】です。

 もちたちがもふもふで可愛いポシェットになりました♪
 それぞれ肩ひものカラーが違うのもポイント☆
 おでかけのおともにぴったりな癒しアイテムです！

 英語名：Pomeranian mochi Mofumofu Pochette UltraNewPlanning Capsule Toy

 このシリーズには4種類のラインナップがあります。
 お届け商品は、商品名及び画像のものになります。

 ・もち
 ・しらたま
 ・きなこ
 ・くろみつ

 キャラクター：ポメラニアンもち
 サイズ：約H100×W125mm
 材質：ポリエステル,ナイロン,亜鉛合金
 商品状態：新古品・未使用・ミニブック付属 ※カプセルは付属しません。内袋は未開封です。

 ■57884
 ■メーカー：ウルトラニュープランニング
 ■分類：ガチャガチャ
 ■code：20260731
 ■JAN：4571601903916",https://img07.shop-pro.jp/PA01455/769/product/192883195.jpg?cmsp_timestamp=20260731130545|https://img07.shop-pro.jp/PA01455/769/product/192883195_o1.jpg?cmsp_timestamp=20260731130545|https://img07.shop-pro.jp/PA01455/769/product/192883195_o2.jpg?cmsp_timestamp=20260731130545,/Users/hong/Desktop/日本商品2/采集数据/images/192883195_M_0.jpg|/Users/hong/Desktop/日本商品2/采集数据/images/192883195_M_1.jpg|/Users/hong/Desktop/日本商品2/采集数据/images/192883195_M_2.jpg
https://shop.toysanta.jp/?pid=192883152,192883152,"ホーム > 模型・ミニチュア > その他
",【全部揃ってます!!】オタマトーン カプセル3 [全6種セット(フルコンプ)]【 ネコポス不可 】,"4,500円(内税)",135pt,"この商品のラインナップを全て見る

 ▼この商品は【全6種セット(フルコンプ)】です。

 明和電機のオタマトーンカプセルが、音源とカラーを一新して再登場！ 
 全世界で累計200万個以上販売されている大人気の電子楽器です♪
 今回もこれまで同様、名曲をラインナップしており、独特で可愛らしい音色が楽しめます!!
 ※実際のオタマトーンのように演奏することはできません。
 ※それぞれ1曲のみ内蔵されています。
 ※電池内蔵(ボタン電池LR44×2個/電池交換可能)

 英語名：Otamatone capsule Part.3 Toys cabin Capsule Toy

 このシリーズには5種類+シークレット1種類のラインナップがあります。
 お届け商品は、商品名及び画像のものになります。

 ・アップルグリーン♪アイネ・クライネ・ナハムジトーク
 ・オレンジ♪きらきら星
 ・ライラック♪大きな古時計
 ・レッド♪コロブチカ
 ・ブルー♪静かな湖畔
 ・シークレット

 キャラクター：模型
 サイズ：全高約140mm(組立時)
 材質：ABS
 商品状態：新古品・未使用・カプセル付属・ミニブック付属・内袋は未開封です。

 ■58058
 ■メーカー：トイズキャビン
 ■分類：ガチャガチャ
 ■code：20260731
 ■JAN：4589415443511",https://img07.shop-pro.jp/PA01455/769/product/192883152.jpg?cmsp_timestamp=20260731130516|https://img07.shop-pro.jp/PA01455/769/product/192883152_o1.jpg?cmsp_timestamp=20260731130516|https://img07.shop-pro.jp/PA01455/769/product/192883152_o2.jpg?cmsp_timestamp=20260731130516,/Users/hong/Desktop/日本商品2/采集数据/images/192883152_M_0.jpg|/Users/hong/Desktop/日本商品2/采集数据/images/192883152_M_1.jpg|/Users/hong/Desktop/日本商品2/采集数据/images/192883152_M_2.jpg
https://shop.toysanta.jp/?pid=192883128,192883128,"ホーム > コミック・アニメ(その他) > その他
",【全部揃ってます!!】しろくまのいる生活3 フルーツベアフロッキーコレクション [全5種セット(フルコンプ)]【 ネコポス不可 】【C】,"2,600円(内税)",78pt,"この商品のラインナップを全て見る

 ▼この商品は【全5種セット(フルコンプ)】です。

 シリーズ第3弾はしろくまくんが可愛いフルーツになって登場！
 お顔はふわふわフロッキー、フルーツは艶々加工です！

 英語名：Life with a Polar Bear Part.3 Fruit Bear Flocky Collection Blue Mountain Capsule Toy

 このシリーズには5種類のラインナップがあります。
 お届け商品は、商品名及び画像のものになります。

 ・洋梨くま
 ・オレンジくま
 ・いちごくま
 ・パイナップルくま
 ・メロンくま

 キャラクター：しろくまのいる生活
 サイズ：全長約50-60mm
 材質：PVC,ナイロン
 商品状態：新古品・未使用・ミニブック付属 ※カプセルは付属しません。内袋は未開封です。

 ■58165
 ■メーカー：ブルーマウンテン
 ■分類：ガチャガチャ
 ■code：20260731
 ■JAN：4580806850222",https://img07.shop-pro.jp/PA01455/769/product/192883128.jpg?cmsp_timestamp=20260731130457|https://img07.shop-pro.jp/PA01455/769/product/192883128_o1.jpg?cmsp_timestamp=20260731130457|https://img07.shop-pro.jp/PA01455/769/product/192883128_o2.jpg?cmsp_timestamp=20260731130457,/Users/hong/Desktop/日本商品2/采集数据/images/192883128_M_0.jpg|/Users/hong/Desktop/日本商品2/采集数据/images/192883128_M_1.jpg|/Users/hong/Desktop/日本商品2/采集数据/images/192883128_M_2.jpg
https://shop.toysanta.jp/?pid=192883114,192883114,"ホーム > キャラクター > その他
",【全部揃ってます!!】かわうそーなぴくにっく フェイスマスコットぬい [全5種セット(フルコンプ)]【ネコポス配送対応】【C】,"2,200円(内税)",66pt,"この商品のラインナップを全て見る

 ▼この商品は【全5種セット(フルコンプ)】です。

 SNS で大人気のクリエイター！
 つむばぱの絵本「かわうそーなぴくにっく」から、いつも仲良し5匹のかわうそがフェイスマスコットになって登場！
 全種ボールチェーン付き！

 英語名：Kawauso-na Picnic Face Mascot Plush Lian Q Labo Capsule Toy


 このシリーズには5種類のラインナップがあります。
 お届け商品は、商品名及び画像のものになります。

 ・にこにこ
 ・てへへ・・・
 ・えっ・・・
 ・きらきら
 ・すん

 キャラクター：かわうそーなぴくにっく
 サイズ：全長約60-65mm
 材質：ポリエステル,鉄
 商品状態：新古品・未使用・ミニブック付属 ※カプセルは付属しません。内袋は未開封です。

 ■57861
 ■メーカー：リアンキューラボ
 ■分類：ガチャガチャ
 ■code：20260731
 ■JAN：4582288137457",https://img07.shop-pro.jp/PA01455/769/product/192883114.jpg?cmsp_timestamp=20260731130447|https://img07.shop-pro.jp/PA01455/769/product/192883114_o1.jpg?cmsp_timestamp=20260731130447|https://img07.shop-pro.jp/PA01455/769/product/192883114_o2.jpg?cmsp_timestamp=20260731130447,/Users/hong/Desktop/日本商品2/采集数据/images/192883114_M_0.jpg|/Users/hong/Desktop/日本商品2/采集数据/images/192883114_M_1.jpg|/Users/hong/Desktop/日本商品2/采集数据/images/192883114_M_2.jpg
https://shop.toysanta.jp/?pid=192883107,192883107,"ホーム > コミック・アニメ(ジャンプ) > その他(コミック・アニメ(ジャンプ))
",【全部揃ってます!!】タコピーの原罪 タコピーのちいさなあかり [全4種セット(フルコンプ)]【 ネコポス不可 】【C】,"2,980円(内税)",87pt,"この商品のラインナップを全て見る

 ▼この商品は【全4種セット(フルコンプ)】です。

 ぼく、うまくできないけど・・・光ることはできるっピ！

 ※電池内蔵(ボタン電池LR41×3個/電池交換可能)

 英語名：Takopi no Genzai Takopi Little Light Lian Q Labo Capsule Toy

 このシリーズには4種類のラインナップがあります。
 お届け商品は、商品名及び画像のものになります。

 ・ノーマル(ライトの色：レッド)
 ・ハッピー(ライトの色：レッド)
 ・わかんないっピ・・・(ライトの色：レッド)
 ・もうわかんないっピ(ライトの色：レッド/ホワイト ※2色が交互に光る仕様です)

 キャラクター：タコピーの原罪
 サイズ：全高約40mm
 材質：PVC
 商品状態：新古品・未使用・ミニブック付属 ※カプセルは付属しません。内袋は未開封です。

 ■57860
 ■メーカー：リアンキューラボ
 ■分類：ガチャガチャ
 ■code：20260731
 ■JAN：4533959011194",https://img07.shop-pro.jp/PA01455/769/product/192883107.jpg?cmsp_timestamp=20260731130441|https://img07.shop-pro.jp/PA01455/769/product/192883107_o1.jpg?cmsp_timestamp=20260731130441|https://img07.shop-pro.jp/PA01455/769/product/192883107_o2.jpg?cmsp_timestamp=20260731130441,/Users/hong/Desktop/日本商品2/采集数据/images/192883107_M_0.jpg|/Users/hong/Desktop/日本商品2/采集数据/images/192883107_M_1.jpg|/Users/hong/Desktop/日本商品2/采集数据/images/192883107_M_2.jpg
https://shop.toysanta.jp/?pid=192883102,192883102,"ホーム > オリジナル > クリエイター・アーティスト系
",【全部揃ってます!!】wooly morly ウーリーモーリー ねこせっけんフィギュアマスコット2 [全5種セット(フルコンプ)]【 ネコポス不可 】【C】,"2,100円(内税)",63pt,"この商品のラインナップを全て見る

 ▼この商品は【全5種セット(フルコンプ)】です。

 ふわふわかわいい「ねこせっけん」がフィギュアマスコットになって登場 !!
 ふわふわフロッキー加工
 全種ボールチェーン付き！

 英語名：wooly morly Cat Soap Figure Mascot Part.2 Lian Q Labo Capsule Toy

 このシリーズには5種類のラインナップがあります。
 お届け商品は、商品名及び画像のものになります。

 ・茶白
 ・くろ
 ・白黒はちわれ
 ・サバトラ
 ・パステルさび

 キャラクター：wooly morly
 サイズ：全長約50mm
 材質：PVC,鉄 
 商品状態：新古品・未使用・ミニブック付属 ※カプセルは付属しません。内袋は未開封です。

 ■57862
 ■メーカー：リアンキューラボ
 ■分類：ガチャガチャ
 ■code：20260731
 ■JAN：4582288137549",https://img07.shop-pro.jp/PA01455/769/product/192883102.jpg?cmsp_timestamp=20260731130436|https://img07.shop-pro.jp/PA01455/769/product/192883102_o1.jpg?cmsp_timestamp=20260731130436|https://img07.shop-pro.jp/PA01455/769/product/192883102_o2.jpg?cmsp_timestamp=20260731130436,/Users/hong/Desktop/日本商品2/采集数据/images/192883102_M_0.jpg|/Users/hong/Desktop/日本商品2/采集数据/images/192883102_M_1.jpg|/Users/hong/Desktop/日本商品2/采集数据/images/192883102_M_2.jpg
https://shop.toysanta.jp/?pid=192883084,192883084,"ホーム > オリジナル > クリエイター・アーティスト系
",【全部揃ってます!!】KUSOMEGANE もふもふヘッドぬいぐるみ [全4種セット(フルコンプ)]【 ネコポス不可 】【C】,"2,100円(内税)",63pt,"この商品のラインナップを全て見る

 ▼この商品は【全4種セット(フルコンプ)】です。

 立体顔造形！
 全種ボールチェーン付き！

 英語名：KUSOMEGANE Mofumofu Head Stuffed toy Rainbow Capsule Toy

 このシリーズには4種類のラインナップがあります。
 お届け商品は、商品名及び画像のものになります。

 ・ブルー
 ・ピンク
 ・ブラック
 ・ホワイト

 キャラクター：メガくん
 サイズ：全長約60mm
 材質：PVC,ポリエステル
 商品状態：新古品・未使用・ミニブック付属 ※カプセルは付属しません。内袋は未開封です。

 ■57977
 ■メーカー：レインボー
 ■分類：ガチャガチャ
 ■code：20260731
 ■JAN：4573217374050",https://img07.shop-pro.jp/PA01455/769/product/192883084.jpg?cmsp_timestamp=20260731130420|https://img07.shop-pro.jp/PA01455/769/product/192883084_o1.jpg?cmsp_timestamp=20260731130420|https://img07.shop-pro.jp/PA01455/769/product/192883084_o2.jpg?cmsp_timestamp=20260731130420,/Users/hong/Desktop/日本商品2/采集数据/images/192883084_M_0.jpg|/Users/hong/Desktop/日本商品2/采集数据/images/192883084_M_1.jpg|/Users/hong/Desktop/日本商品2/采集数据/images/192883084_M_2.jpg
https://shop.toysanta.jp/?pid=192883050,192883050,"ホーム > オリジナル > クリエイター・アーティスト系
",【全部揃ってます!!】情熱プロダクト：冷蔵庫専用フィギュア たまごのふりして [全6種セット(フルコンプ)]【 ネコポス不可 】,"3,100円(内税)",93pt,"この商品のラインナップを全て見る
この商品のラインナップを全て見る

 ▼この商品は【全6種セット(フルコンプ)】です。

 クリエイティブスタジオ【エコードワークス】 × ケンエレファント
 ただの・・・卵・・・？裏を返すと・・・!!

 卵そっくりな卵型の動物たちが冷蔵庫に潜み込む。
 冷蔵庫専用のフィギュアが登場。
 ヒビの質感も再現！

 ※ニンゲンのみ裏側におしりがはみ出ています。

 英語名：Reizoko senyo figure Tamago no furishite Ken elephant Capsule Toy

 このシリーズには6種類のラインナップがあります。
 お届け商品は、商品名及び画像のものになります。

 ・ニンゲン
 ・ヒグマ
 ・ペンギン
 ・シロクマ
 ・イエティ
 ・ニワトリ

 キャラクター：情熱プロダクト
 サイズ：全高約55mm
 材質：PVC,ABS,鉄
 商品状態：新古品・未使用・ミニブック付属 ※カプセルは付属しません。内袋は未開封です。

 ■58023
 ■メーカー：ケンエレファント
 ■分類：ガチャガチャ
 ■code：20260731
 ■JAN：4582783899461",https://img07.shop-pro.jp/PA01455/769/product/192883050.jpg?cmsp_timestamp=20260731130350|https://img07.shop-pro.jp/PA01455/769/product/192883050_o1.jpg?cmsp_timestamp=20260731130350|https://img07.shop-pro.jp/PA01455/769/product/192883050_o2.jpg?cmsp_timestamp=20260731130350,/Users/hong/Desktop/日本商品2/采集数据/images/192883050_M_0.jpg|/Users/hong/Desktop/日本商品2/采集数据/images/192883050_M_1.jpg|/Users/hong/Desktop/日本商品2/采集数据/images/192883050_M_2.jpg
https://shop.toysanta.jp/?pid=192883042,192883042,"ホーム > オリジナル > クリエイター・アーティスト系
",【全部揃ってます!!】情熱プロダクト：OSUSHIMEN(オスシメン)フィギュアコレクション 第2弾 [全4種セット(フルコンプ)]【ネコポス配送対応】【C】,"2,100円(内税)",63pt,"この商品のラインナップを全て見る

 ▼この商品は【全4種セット(フルコンプ)】です。

 飯田マサミ氏とケンエレファントがおくる敵か味方か「謎」のニューヒーロー！
 『OSUSHIMEN』（オスシメン）再び・・・！

 「情熱PRODUCT」第16弾！

 英語名：OSUSHIMEN figure collection Part.2 Ken elephant Capsule Toy

 このシリーズには4種類のラインナップがあります。
 お届け商品は、商品名及び画像のものになります。

 ・FUTOMAKICAR
 ・AKAGAIWOMAN
 ・KOHADAMEN 
 ・MAGUROWOMAN

 キャラクター：情熱プロダクト
 サイズ：全高約88-103mm
 材質：PVC
 商品状態：新古品・未使用・ミニブック付属 ※カプセルは付属しません。内袋は未開封です。

 ■58022
 ■メーカー：ケンエレファント
 ■分類：ガチャガチャ
 ■code：20260731
 ■JAN：4582783899621",https://img07.shop-pro.jp/PA01455/769/product/192883042.jpg?cmsp_timestamp=20260731130344|https://img07.shop-pro.jp/PA01455/769/product/192883042_o1.jpg?cmsp_timestamp=20260731130344|https://img07.shop-pro.jp/PA01455/769/product/192883042_o2.jpg?cmsp_timestamp=20260731130344,/Users/hong/Desktop/日本商品2/采集数据/images/192883042_M_0.jpg|/Users/hong/Desktop/日本商品2/采集数据/images/192883042_M_1.jpg|/Users/hong/Desktop/日本商品2/采集数据/images/192883042_M_2.jpg
https://shop.toysanta.jp/?pid=192883029,192883029,"ホーム > コミック・アニメ(その他) > その他
",【全部揃ってます!!】鉄腕アトム フィギュアコレクション [全4種セット(フルコンプ)]【 ネコポス不可 】【C】,"2,200円(内税)",66pt,"この商品のラインナップを全て見る

 ▼この商品は【全4種セット(フルコンプ)】です。

 手塚治虫の名作漫画より、時代・世代を超え、今なお多くの人々を魅了し続ける『鉄腕アトム』のフィギュアコレクション

 英語名：Mighty Atom Figure Collection Ken elephant Capsule Toy

 このシリーズには4種類のラインナップがあります。
 お届け商品は、商品名及び画像のものになります。

 ・しゅっぱつ
 ・こうしん
 ・しょんぼり
 ・はにかみ

 キャラクター：鉄腕アトム
 サイズ：全高約40-70mm
 材質：PVC,ABS
 商品状態：新古品・未使用・ミニブック付属 ※カプセルは付属しません。内袋は未開封です。

 ■58015
 ■メーカー：ケンエレファント
 ■分類：ガチャガチャ
 ■code：20260731
 ■JAN：4582783899591",https://img07.shop-pro.jp/PA01455/769/product/192883029.jpg?cmsp_timestamp=20260731130333|https://img07.shop-pro.jp/PA01455/769/product/192883029_o1.jpg?cmsp_timestamp=20260731130333|https://img07.shop-pro.jp/PA01455/769/product/192883029_o2.jpg?cmsp_timestamp=20260731130333,/Users/hong/Desktop/日本商品2/采集数据/images/192883029_M_0.jpg|/Users/hong/Desktop/日本商品2/采集数据/images/192883029_M_1.jpg|/Users/hong/Desktop/日本商品2/采集数据/images/192883029_M_2.jpg
https://shop.toysanta.jp/?pid=192883017,192883017,"ホーム > キャラクター > その他
",【全部揃ってます!!】星の王子さま リボンメタルチャームDX [全5種セット(フルコンプ)]【ネコポス配送対応】【C】,"2,600円(内税)",78pt,"この商品のラインナップを全て見る

 ▼この商品は【全5種セット(フルコンプ)】です。

 星の王子さまが高級感のある可愛いリボンメタルチャームに！
 立体感のあるリボンはコーデのアクセントにもぴったりです。

 英語名：The Little Prince Ribbon Metal Charm DX Cotoful Capsule Toy

 このシリーズには5種類のラインナップがあります。
 お届け商品は、商品名及び画像のものになります。

 ・王子さまA
 ・王子さまB
 ・王子さまC
 ・キツネ
 ・バラ

 キャラクター：星の王子さま
 サイズ：全長約65mm
 材質：亜鉛合金,ポリエステル
 商品状態：新古品・未使用・ミニブック付属 ※カプセルは付属しません。内袋は未開封です。

 ■57893
 ■メーカー：コトフル
 ■分類：ガチャガチャ
 ■code：20260731
 ■JAN：4595319055699",https://img07.shop-pro.jp/PA01455/769/product/192883017.jpg?cmsp_timestamp=20260731130323|https://img07.shop-pro.jp/PA01455/769/product/192883017_o1.jpg?cmsp_timestamp=20260731130323|https://img07.shop-pro.jp/PA01455/769/product/192883017_o2.jpg?cmsp_timestamp=20260731130323|https://img07.shop-pro.jp/PA01455/769/product/192883017_o3.png?cmsp_timestamp=20260805165702|https://img07.shop-pro.jp/PA01455/769/product/192883017_o4.jpg?cmsp_timestamp=20260805165702|https://img07.shop-pro.jp/PA01455/769/product/192883017_o5.jpg?cmsp_timestamp=20260805165702|https://img07.shop-pro.jp/PA01455/769/product/192883017_o6.jpg?cmsp_timestamp=20260805165702|https://img07.shop-pro.jp/PA01455/769/product/192883017_o7.jpg?cmsp_timestamp=20260805165702,/Users/hong/Desktop/日本商品2/采集数据/images/192883017_M_0.jpg|/Users/hong/Desktop/日本商品2/采集数据/images/192883017_M_1.jpg|/Users/hong/Desktop/日本商品2/采集数据/images/192883017_M_2.jpg|/Users/hong/Desktop/日本商品2/采集数据/images/192883017_M_3.jpg|/Users/hong/Desktop/日本商品2/采集数据/images/192883017_M_4.jpg|/Users/hong/Desktop/日本商品2/采集数据/images/192883017_M_5.jpg|/Users/hong/Desktop/日本商品2/采集数据/images/192883017_M_6.jpg|/Users/hong/Desktop/日本商品2/采集数据/images/192883017_M_7.jpg
https://shop.toysanta.jp/?pid=192872110,192872110,"ホーム > 模型・ミニチュア > 生き物
",【全部揃ってます!!】虚無。猫 纏(まとい) [全4種セット(フルコンプ)]【 ネコポス不可 】【C】,"1,300円(内税)",39pt,"この商品のラインナップを全て見る

 ▼この商品は【全4種セット(フルコンプ)】です。

 音を吸う、静かな手触り・・・

 英語名：KYOMU. Cat Matoi Yell Capsule Toy

 このシリーズには4種類のラインナップがあります。
 お届け商品は、商品名及び画像のものになります。

 ・黒猫
 ・三毛猫
 ・灰猫
 ・黄猫

 キャラクター：生き物
 サイズ：全高約60mm
 材質：ATBC-PVC
 商品状態：新古品・未使用・ミニブック付属 ※カプセルは付属しません。内袋は未開封です。

 ■57867
 ■メーカー：エール
 ■分類：ガチャガチャ
 ■code：20260730
 ■JAN：4580800202683",https://img07.shop-pro.jp/PA01455/769/product/192872110.jpg?cmsp_timestamp=20260730135108|https://img07.shop-pro.jp/PA01455/769/product/192872110_o1.jpg?cmsp_timestamp=20260730135108|https://img07.shop-pro.jp/PA01455/769/product/192872110_o2.jpg?cmsp_timestamp=20260730135108|https://img07.shop-pro.jp/PA01455/769/product/192872110_o3.png?cmsp_timestamp=20260812164306|https://img07.shop-pro.jp/PA01455/769/product/192872110_o4.jpg?cmsp_timestamp=20260812164306|https://img07.shop-pro.jp/PA01455/769/product/192872110_o5.jpg?cmsp_timestamp=20260812164306|https://img07.shop-pro.jp/PA01455/769/product/192872110_o6.jpg?cmsp_timestamp=20260812164306|https://img07.shop-pro.jp/PA01455/769/product/192872110_o7.jpg?cmsp_timestamp=20260812164306,/Users/hong/Desktop/日本商品2/采集数据/images/192872110_M_0.jpg|/Users/hong/Desktop/日本商品2/采集数据/images/192872110_M_1.jpg|/Users/hong/Desktop/日本商品2/采集数据/images/192872110_M_2.jpg|/Users/hong/Desktop/日本商品2/采集数据/images/192872110_M_3.jpg|/Users/hong/Desktop/日本商品2/采集数据/images/192872110_M_4.jpg|/Users/hong/Desktop/日本商品2/采集数据/images/192872110_M_5.jpg|/Users/hong/Desktop/日本商品2/采集数据/images/192872110_M_6.jpg|/Users/hong/Desktop/日本商品2/采集数据/images/192872110_M_7.jpg
https://shop.toysanta.jp/?pid=192872105,192872105,"ホーム > 模型・ミニチュア > その他
",【全部揃ってます!!】ダイキャスト製！魂誓の竜指輪＝神滅のカタストロ [全5種セット(フルコンプ)]【ネコポス配送対応】【C】,"2,600円(内税)",78pt,"この商品のラインナップを全て見る

 ▼この商品は【全5種セット(フルコンプ)】です。

 重厚感たっぷりのダイキャスト製で存在感ばつぐんの竜指輪が新登場しました！
 指の動きに合わせて竜が咆哮するように口を開閉！
 さらに、口の開閉に合わせて逆鱗まで可動するこだわり仕様です！

 英語名：Die-cast! Dragon Ring of Soul oath Catastrophe of God-Destruction Toys spirits Capsule Toy

 このシリーズには5種類のラインナップがあります。
 お届け商品は、商品名及び画像のものになります。

 ・輝煌竜
 ・白冥竜
 ・冥黒竜
 ・炎焔竜
 ・禍蒼竜

 キャラクター：模型
 サイズ：指周り約55-70mm
 材質：金属,樹脂
 商品状態：新古品・未使用・ミニブック付属 ※カプセルは付属しません。内袋は未開封です。

 ■58032
 ■メーカー：トイズスピリッツ
 ■分類：ガチャガチャ
 ■code：20260730
 ■JAN：4580854481126",https://img07.shop-pro.jp/PA01455/769/product/192872105.jpg?cmsp_timestamp=20260730135101|https://img07.shop-pro.jp/PA01455/769/product/192872105_o1.jpg?cmsp_timestamp=20260730135101|https://img07.shop-pro.jp/PA01455/769/product/192872105_o2.jpg?cmsp_timestamp=20260730135101,/Users/hong/Desktop/日本商品2/采集数据/images/192872105_M_0.jpg|/Users/hong/Desktop/日本商品2/采集数据/images/192872105_M_1.jpg|/Users/hong/Desktop/日本商品2/采集数据/images/192872105_M_2.jpg
https://shop.toysanta.jp/?pid=192872082,192872082,"ホーム > キャラクター > SNSキャラクター
",【全部揃ってます!!】まいにちみーちゃん ぬいぐるみマスコット [全5種セット(フルコンプ)]【 ネコポス不可 】【C】,"2,600円(内税)",78pt,"この商品のラインナップを全て見る

 ▼この商品は【全5種セット(フルコンプ)】です。

 シュールかわいい『日常あるある』が大反響！
 人気急上昇中の注目SNS発キャラクターまいにちみーちゃんがぬいぐるみになってカプセルトイ初登場！
 いろんな表情のみーちゃんやイチローをぜひ集めてください！
 全種ボールチェーン付き！

 英語名：Mainichi Meechan Plush Mascot Toys spirits Capsule Toy

 このシリーズには5種類のラインナップがあります。
 お届け商品は、商品名及び画像のものになります。

 ・みーちゃん
 ・イチロー
 ・ううう...
 ・げんじつとうひ
 ・あかちゃん

 キャラクター：まいにちみーちゃん
 サイズ：全長約75-80mm
 材質：ポリエステル,綿,紐
 商品状態：新古品・未使用・ミニブック付属 ※カプセルは付属しません。内袋は未開封です。

 ■58035
 ■メーカー：トイズスピリッツ
 ■分類：ガチャガチャ
 ■code：20260730
 ■JAN：4580854481157",https://img07.shop-pro.jp/PA01455/769/product/192872082.jpg?cmsp_timestamp=20260730135043|https://img07.shop-pro.jp/PA01455/769/product/192872082_o1.jpg?cmsp_timestamp=20260730135043|https://img07.shop-pro.jp/PA01455/769/product/192872082_o2.jpg?cmsp_timestamp=20260730135043|https://img07.shop-pro.jp/PA01455/769/product/192872082_o3.png?cmsp_timestamp=20260812164505|https://img07.shop-pro.jp/PA01455/769/product/192872082_o4.jpg?cmsp_timestamp=20260812164505|https://img07.shop-pro.jp/PA01455/769/product/192872082_o5.jpg?cmsp_timestamp=20260812164505|https://img07.shop-pro.jp/PA01455/769/product/192872082_o6.jpg?cmsp_timestamp=20260812164505|https://img07.shop-pro.jp/PA01455/769/product/192872082_o7.jpg?cmsp_timestamp=20260812164505,/Users/hong/Desktop/日本商品2/采集数据/images/192872082_M_0.jpg|/Users/hong/Desktop/日本商品2/采集数据/images/192872082_M_1.jpg|/Users/hong/Desktop/日本商品2/采集数据/images/192872082_M_2.jpg|/Users/hong/Desktop/日本商品2/采集数据/images/192872082_M_3.jpg|/Users/hong/Desktop/日本商品2/采集数据/images/192872082_M_4.jpg|/Users/hong/Desktop/日本商品2/采集数据/images/192872082_M_5.jpg|/Users/hong/Desktop/日本商品2/采集数据/images/192872082_M_6.jpg|/Users/hong/Desktop/日本商品2/采集数据/images/192872082_M_7.jpg
https://shop.toysanta.jp/?pid=192872075,192872075,"ホーム > コミック・アニメ(その他) > その他
",【全部揃ってます!!】ブルーロック ヘアピンコレクション vol.2 [全8種セット(フルコンプ)]【ネコポス配送対応】【C】,"3,300円(内税)",99pt,"この商品のラインナップを全て見る

 ▼この商品は【全8種セット(フルコンプ)】です。

 TVアニメ「ブルーロック」より、ヘアピンコレクションの第2弾が登場！

 英語名：Bluelock Hairpin Collection vol.2 Bushiroad Creative Capsule Toy

 このシリーズには8種類のラインナップがあります。
 お届け商品は、商品名及び画像のものになります。

 ・潔 世一
 ・糸師 凛
 ・凪 誠士郎
 ・蜂楽 廻
 ・千切 豹馬
 ・御影 玲王
 ・氷織 羊
 ・糸師 冴

 キャラクター：ブルーロック
 サイズ：全長約50mm
 材質：PVC,金属
 商品状態：新古品・未使用・ミニブック付属 ※カプセルは付属しません。内袋は未開封です。

 ■58068
 ■メーカー：ブシロードクリエイティブ
 ■分類：ガチャガチャ
 ■code：20260730
 ■JAN：4570194436368",https://img07.shop-pro.jp/PA01455/769/product/192872075.jpg?cmsp_timestamp=20260730135037|https://img07.shop-pro.jp/PA01455/769/product/192872075_o1.jpg?cmsp_timestamp=20260730135037|https://img07.shop-pro.jp/PA01455/769/product/192872075_o2.jpg?cmsp_timestamp=20260730135037,/Users/hong/Desktop/日本商品2/采集数据/images/192872075_M_0.jpg|/Users/hong/Desktop/日本商品2/采集数据/images/192872075_M_1.jpg|/Users/hong/Desktop/日本商品2/采集数据/images/192872075_M_2.jpg
https://shop.toysanta.jp/?pid=192872055,192872055,"ホーム > キャラクター > SNSキャラクター
",【全部揃ってます!!】夢限大みゅーたいぷ カプセルラバーキーホルダー [全5種セット(フルコンプ)]【ネコポス配送対応】【C】,"1,600円(内税)",48pt,"この商品のラインナップを全て見る

 ▼この商品は【全5種セット(フルコンプ)】です。

 「夢限大みゅーたいぷ」のカプセルラバーキーホルダーが登場！
 全種ボールチェーン付き！

 英語名：Mugendai Mewtype Capsule Rubber Keychain Bushiroad Creative Capsule Toy

 このシリーズには5種類のラインナップがあります。
 お届け商品は、商品名及び画像のものになります。

 ・仲町あられ
 ・宮永ののか
 ・峰月律
 ・藤都子
 ・千石ユノ

 キャラクター：夢限大みゅーたいぷ
 サイズ：全長約55-60mm
 材質：PVC,金属
 商品状態：新古品・未使用・ミニブック付属 ※カプセルは付属しません。内袋は未開封です。

 ■58071
 ■メーカー：ブシロードクリエイティブ
 ■分類：ガチャガチャ
 ■code：20260730
 ■JAN：4570194440235",https://img07.shop-pro.jp/PA01455/769/product/192872055.jpg?cmsp_timestamp=20260730135021|https://img07.shop-pro.jp/PA01455/769/product/192872055_o1.jpg?cmsp_timestamp=20260730135021|https://img07.shop-pro.jp/PA01455/769/product/192872055_o2.jpg?cmsp_timestamp=20260730135021,/Users/hong/Desktop/日本商品2/采集数据/images/192872055_M_0.jpg|/Users/hong/Desktop/日本商品2/采集数据/images/192872055_M_1.jpg|/Users/hong/Desktop/日本商品2/采集数据/images/192872055_M_2.jpg
https://shop.toysanta.jp/?pid=192872048,192872048,"ホーム > コミック・アニメ(その他) > その他
",【全部揃ってます!!】TVアニメ「俺だけレベルアップな件」 カプセルラバーキーホルダー [全5種セット(フルコンプ)]【ネコポス配送対応】【C】,"1,600円(内税)",48pt,"この商品のラインナップを全て見る

 ▼この商品は【全5種セット(フルコンプ)】です。

 TVアニメ「俺だけレベルアップな件」より、カプセルラバーキーホルダーが登場！
 全種ボールチェーン付き！

 英語名：TV Anime Solo Leveling Capsule Rubber Keychain Bushiroad Creative Capsule Toy

 このシリーズには5種類のラインナップがあります。
 お届け商品は、商品名及び画像のものになります。

 ・水篠 旬
 ・向坂 雫
 ・イグリット
 ・タンク
 ・ベル

 キャラクター：俺だけレベルアップな件
 サイズ：全長約45-55mm
 材質：PVC,金属
 商品状態：新古品・未使用・ミニブック付属 ※カプセルは付属しません。内袋は未開封です。

 ■58070
 ■メーカー：ブシロードクリエイティブ
 ■分類：ガチャガチャ
 ■code：20260730
 ■JAN：4570194429834",https://img07.shop-pro.jp/PA01455/769/product/192872048.jpg?cmsp_timestamp=20260730135014|https://img07.shop-pro.jp/PA01455/769/product/192872048_o1.jpg?cmsp_timestamp=20260730135014|https://img07.shop-pro.jp/PA01455/769/product/192872048_o2.jpg?cmsp_timestamp=20260730135014,/Users/hong/Desktop/日本商品2/采集数据/images/192872048_M_0.jpg|/Users/hong/Desktop/日本商品2/采集数据/images/192872048_M_1.jpg|/Users/hong/Desktop/日本商品2/采集数据/images/192872048_M_2.jpg
https://shop.toysanta.jp/?pid=192872041,192872041,"ホーム > オリジナル > クリエイター・アーティスト系
",【全部揃ってます!!】ユウシャサマゴイッコウ シマエナガのパーティー(再販) [全4種セット(フルコンプ)]【 ネコポス不可 】【C】,"1,700円(内税)",51pt,"この商品のラインナップを全て見る

 ▼この商品は【全4種セット(フルコンプ)】です。

 もっちり動物造形作家 『もんとみ』造形のオリジナル企画！
 もっちりなシマエナガがユウシャパーティに！
 寄り添った様子を並べてかわいいコレクションフィギュアです。

 英語名：Yushasamagoikko Shimaenaga no party Bushiroad Creative Capsule Toy

 このシリーズには4種類のラインナップがあります。
 お届け商品は、商品名及び画像のものになります。

 ・センシ
 ・ユウシャ
 ・ソウリョ
 ・マホウツカイ

 キャラクター：もんとみ
 サイズ：全高約35-40mm
 材質：PVC
 商品状態：新古品・未使用・ミニブック付属 ※カプセルは付属しません。内袋は未開封です。

 ■58061
 ■メーカー：ブシロードクリエイティブ
 ■分類：ガチャガチャ
 ■code：20260730
 ■JAN：4570194433152",https://img07.shop-pro.jp/PA01455/769/product/192872041.jpg?cmsp_timestamp=20260730135009|https://img07.shop-pro.jp/PA01455/769/product/192872041_o1.jpg?cmsp_timestamp=20260730135009|https://img07.shop-pro.jp/PA01455/769/product/192872041_o2.jpg?cmsp_timestamp=20260730135009,/Users/hong/Desktop/日本商品2/采集数据/images/192872041_M_0.jpg|/Users/hong/Desktop/日本商品2/采集数据/images/192872041_M_1.jpg|/Users/hong/Desktop/日本商品2/采集数据/images/192872041_M_2.jpg
https://shop.toysanta.jp/?pid=192872035,192872035,"ホーム > コミック・アニメ(ジャンプ) > 呪術廻戦
",【全部揃ってます!!】呪術廻戦 コレクションフィギュアRICH [全5種セット(フルコンプ)]【ネコポス配送対応】【C】,"2,600円(内税)",78pt,"この商品のラインナップを全て見る

 ▼この商品は【全5種セット(フルコンプ)】です。

 TVアニメ『呪術廻戦』からコレクションフィギュアRICHが登場！

 英語名：Jujutsu Kaisen Collection Figure RICH Bushiroad Creative Capsule Toy

 このシリーズには5種類のラインナップがあります。
 お届け商品は、商品名及び画像のものになります。

 ・虎杖 悠仁
 ・伏黒 恵
 ・乙骨 憂太
 ・脹相
 ・禪院 直哉

 キャラクター：呪術廻戦
 サイズ：全高約45-55mm
 材質：PVC,ABS
 商品状態：新古品・未使用・ミニブック付属 ※カプセルは付属しません。内袋は未開封です。

 ■58065
 ■メーカー：ブシロードクリエイティブ
 ■分類：ガチャガチャ
 ■code：20260730
 ■JAN：4570194437358",https://img07.shop-pro.jp/PA01455/769/product/192872035.jpg?cmsp_timestamp=20260730135004|https://img07.shop-pro.jp/PA01455/769/product/192872035_o1.jpg?cmsp_timestamp=20260730135004|https://img07.shop-pro.jp/PA01455/769/product/192872035_o2.jpg?cmsp_timestamp=20260730135004|https://img07.shop-pro.jp/PA01455/769/product/192872035_o3.png?cmsp_timestamp=20260801155314|https://img07.shop-pro.jp/PA01455/769/product/192872035_o4.jpg?cmsp_timestamp=20260801155314|https://img07.shop-pro.jp/PA01455/769/product/192872035_o5.jpg?cmsp_timestamp=20260801155314|https://img07.shop-pro.jp/PA01455/769/product/192872035_o6.jpg?cmsp_timestamp=20260801155314|https://img07.shop-pro.jp/PA01455/769/product/192872035_o7.jpg?cmsp_timestamp=20260801155314,/Users/hong/Desktop/日本商品2/采集数据/images/192872035_M_0.jpg|/Users/hong/Desktop/日本商品2/采集数据/images/192872035_M_1.jpg|/Users/hong/Desktop/日本商品2/采集数据/images/192872035_M_2.jpg|/Users/hong/Desktop/日本商品2/采集数据/images/192872035_M_3.jpg|/Users/hong/Desktop/日本商品2/采集数据/images/192872035_M_4.jpg|/Users/hong/Desktop/日本商品2/采集数据/images/192872035_M_5.jpg|/Users/hong/Desktop/日本商品2/采集数据/images/192872035_M_6.jpg|/Users/hong/Desktop/日本商品2/采集数据/images/192872035_M_7.jpg
https://shop.toysanta.jp/?pid=192871998,192871998,"ホーム > 模型・ミニチュア > 生き物
",【全部揃ってます!!】サメ日和 めじるしガチャマスコット [全4種セット(フルコンプ)]【ネコポス配送対応】【C】,"1,400円(内税)",42pt,"この商品のラインナップを全て見る

 ▼この商品は【全4種セット(フルコンプ)】です。

 目覚めザメ！サメをもじったおもしろかわいいサメたちの日常をクリア素材でフィギュア化。
 シリコンリングが付いた「めじるし」仕様で、傘やペットボトルなどにつけて、自分用のマーカーとして使用できます。

 英語名：Shark biyori Mejirushi Gacha Mascot TakaraTomyArts Capsule Toy

 このシリーズには4種類のラインナップがあります。
 お届け商品は、商品名及び画像のものになります。

 ・目覚めザメ
 ・湯冷めザメ
 ・興醒めザメ
 ・酔い覚めザメ

 キャラクター：生き物
 サイズ：全長約38-40mm
 材質：PVC,シリコーンゴム
 商品状態：新古品・未使用・ミニブック付属 ※カプセルは付属しません。内袋は未開封です。

 ■58111
 ■メーカー：タカラトミーアーツ
 ■分類：ガチャガチャ
 ■code：20260730
 ■JAN：4904790905230",https://img07.shop-pro.jp/PA01455/769/product/192871998.jpg?cmsp_timestamp=20260730134935|https://img07.shop-pro.jp/PA01455/769/product/192871998_o1.jpg?cmsp_timestamp=20260730134935|https://img07.shop-pro.jp/PA01455/769/product/192871998_o2.jpg?cmsp_timestamp=20260730134935,/Users/hong/Desktop/日本商品2/采集数据/images/192871998_M_0.jpg|/Users/hong/Desktop/日本商品2/采集数据/images/192871998_M_1.jpg|/Users/hong/Desktop/日本商品2/采集数据/images/192871998_M_2.jpg
https://shop.toysanta.jp/?pid=192871992,192871992,"ホーム > キャラクター > きかんしゃトーマス
",【送料無料】【全部揃ってます!!】カプセルプラレール きかんしゃトーマス パーシーとジェームスが大変身!?編 [全10種セット(フルコンプ)]【 ネコポス不可 】,"7,580円(内税)",225pt,"この商品のラインナップを全て見る

 ▼この商品は【全10種セット(フルコンプ)】です。

 パーシーとジェームスが、トーマスのマジックでいろいろな車両に大変身！　
 「チョコまみれのパーシー」や「ハチにさされたジェームス」はファンからの人気が高く、「ゴールレール」と「消えるマジシャン」は楽しいギミック付きです。

 英語名：Capsule Plarail Thomas Percy and James Amazing Makeover!? TakaraTomyArts Capsule Toy

 このシリーズには10種類のラインナップがあります。
 お届け商品は、商品名及び画像のものになります。

 ・マジシャンになったトーマス(連結パーツ付)
 ・チョコまみれのパーシー(ゼンマイ車)
 ・ジェットコースターパーシー(連結パーツ付)
 ・・シルバージェームス(ゼンマイ車)
 ・ハチにさされたジェームス(連結パーツ付)
 ・はたらきばちジェームス(連結パーツ付)
 ・ゴールレール
 ・消えるマジシャン
 ・レールセット(直線レール(黄×2,青×1),曲線レール(黄×1,青×2))
 ・まがレール ※カラーはランダムです。

 キャラクター：きかんしゃトーマス 
 サイズ：全長約45mm～
 材質：ABS,PP,PS,POM,PVC,PET,紙
 商品状態：新古品・未使用・カプセル付属・ミニブック付属・内袋は未開封です。

 ■58097
 ■メーカー：タカラトミーアーツ
 ■分類：ガチャガチャ
 ■code：20260730
 ■JAN：4904790906244",https://img07.shop-pro.jp/PA01455/769/product/192871992.jpg?cmsp_timestamp=20260730134931|https://img07.shop-pro.jp/PA01455/769/product/192871992_o1.jpg?cmsp_timestamp=20260730134931|https://img07.shop-pro.jp/PA01455/769/product/192871992_o2.jpg?cmsp_timestamp=20260730134931,/Users/hong/Desktop/日本商品2/采集数据/images/192871992_M_0.jpg|/Users/hong/Desktop/日本商品2/采集数据/images/192871992_M_1.jpg|/Users/hong/Desktop/日本商品2/采集数据/images/192871992_M_2.jpg
https://shop.toysanta.jp/?pid=192871972,192871972,"ホーム > コミック・アニメ(その他) > ポケットモンスター
",【全部揃ってます!!】ポケモン わざすなっぷ いろいろなわざ Part3 [全4種セット(フルコンプ)]【 ネコポス不可 】【C】,"1,300円(内税)",39pt,"この商品のラインナップを全て見る

 ▼この商品は【全4種セット(フルコンプ)】です。

 ポケモンたちの印象的なわざをスナップしたポケモンフィギュアの第3弾です。
 どのポケモンも表情豊かでかわいく、ポージングもさまざま！

 英語名：Pokemon move snap various move Part.3 TakaraTomyArts Capsule Toy

 このシリーズには4種類のラインナップがあります。
 お届け商品は、商品名及び画像のものになります。

 ・カビゴン(はらだいこ)
 ・ポッチャマ(いばる)
 ・ヌイコグマ(じたばた)
 ・ゴマゾウ(まるくなる)

 キャラクター：ポケットモンスター
 サイズ：全長約35-55mm
 材質：PVC
 商品状態：新古品・未使用・ミニブック付属 ※カプセルは付属しません。内袋は未開封です。

 ■58092
 ■メーカー：タカラトミーアーツ
 ■分類：ガチャガチャ
 ■code：20260730
 ■JAN：4904790903328",https://img07.shop-pro.jp/PA01455/769/product/192871972.jpg?cmsp_timestamp=20260730134916|https://img07.shop-pro.jp/PA01455/769/product/192871972_o1.jpg?cmsp_timestamp=20260730134916|https://img07.shop-pro.jp/PA01455/769/product/192871972_o2.jpg?cmsp_timestamp=20260730134916,/Users/hong/Desktop/日本商品2/采集数据/images/192871972_M_0.jpg|/Users/hong/Desktop/日本商品2/采集数据/images/192871972_M_1.jpg|/Users/hong/Desktop/日本商品2/采集数据/images/192871972_M_2.jpg
https://shop.toysanta.jp/?pid=192871965,192871965,"ホーム > キャラクター > ディズニー
",【全部揃ってます!!】不思議の国のアリス チェシャ猫いっぱいコレクション [全5種セット(フルコンプ)]【 ネコポス不可 】【C】,"2,100円(内税)",63pt,"この商品のラインナップを全て見る

 ▼この商品は【全5種セット(フルコンプ)】です。

 劇中の印象的なシーンが細部まで再現されている、ディズニー映画『ふしぎの国のアリス』の「チェシャ猫」のコレクションフィギュア。
 透明になれるチェシャ猫を、クリアな素材を使用して忠実にモデル化しています。

 英語名：Alice in Wonderland Cheshire Cat Ippai Collection TakaraTomyArts Capsule Toy

 このシリーズには5種類のラインナップがあります。
 お届け商品は、商品名及び画像のものになります。

 ・A
 ・B
 ・C
 ・D
 ・E

 キャラクター：ディズニー
 サイズ：全長約40-61mm
 材質：PVC
 商品状態：新古品・未使用・ミニブック付属 ※カプセルは付属しません。内袋は未開封です。

 ■58117
 ■メーカー：タカラトミーアーツ
 ■分類：ガチャガチャ
 ■code：20260730
 ■JAN：4904790098505",https://img07.shop-pro.jp/PA01455/769/product/192871965.jpg?cmsp_timestamp=20260730134912|https://img07.shop-pro.jp/PA01455/769/product/192871965_o1.jpg?cmsp_timestamp=20260730134912|https://img07.shop-pro.jp/PA01455/769/product/192871965_o2.jpg?cmsp_timestamp=20260730134912|https://img07.shop-pro.jp/PA01455/769/product/192871965_o3.png?cmsp_timestamp=20260806163510|https://img07.shop-pro.jp/PA01455/769/product/192871965_o4.jpg?cmsp_timestamp=20260806163510|https://img07.shop-pro.jp/PA01455/769/product/192871965_o5.jpg?cmsp_timestamp=20260806163510|https://img07.shop-pro.jp/PA01455/769/product/192871965_o6.jpg?cmsp_timestamp=20260806163510|https://img07.shop-pro.jp/PA01455/769/product/192871965_o7.jpg?cmsp_timestamp=20260806163510,/Users/hong/Desktop/日本商品2/采集数据/images/192871965_M_0.jpg|/Users/hong/Desktop/日本商品2/采集数据/images/192871965_M_1.jpg|/Users/hong/Desktop/日本商品2/采集数据/images/192871965_M_2.jpg|/Users/hong/Desktop/日本商品2/采集数据/images/192871965_M_3.jpg|/Users/hong/Desktop/日本商品2/采集数据/images/192871965_M_4.jpg|/Users/hong/Desktop/日本商品2/采集数据/images/192871965_M_5.jpg|/Users/hong/Desktop/日本商品2/采集数据/images/192871965_M_6.jpg|/Users/hong/Desktop/日本商品2/采集数据/images/192871965_M_7.jpg
https://shop.toysanta.jp/?pid=192871958,192871958,"ホーム > キャラクター > ディズニー
",【全部揃ってます!!】ニック＆ジュディ コスチュームフィギュアコレクション [全4種セット(フルコンプ)]【ネコポス配送対応】【C】,"1,700円(内税)",51pt,"この商品のラインナップを全て見る

 ▼この商品は【全4種セット(フルコンプ)】です。

 ディズニー映画『ズートピア2』の、ニックとジュディの衣装を完全再現したフィギュアです。
 タキシードやドレスは特殊塗装が施された豪華仕様で、「ニック」と「ジュディ」を並べると2人の目が合います。
 【変装】でニックがかぶる帽子には、アイスキャンディがデザインされています。

 英語名：Nick & Judy Costume Figure Collection TakaraTomyArts Capsule Toy

 このシリーズには4種類のラインナップがあります。
 お届け商品は、商品名及び画像のものになります。

 ・ニック・ワイルド(タキシード)
 ・ジュディ・ホップス(ドレス)
 ・ニック・ワイルド(変装)
 ・ジュディ・ホップス(変装)

 キャラクター：ズートピア
 サイズ：全高約45-60mm
 材質：PVC
 商品状態：新古品・未使用・ミニブック付属 ※カプセルは付属しません。内袋は未開封です。

 ■58116
 ■メーカー：タカラトミーアーツ
 ■分類：ガチャガチャ
 ■code：20260730
 ■JAN：4904790903151",https://img07.shop-pro.jp/PA01455/769/product/192871958.jpg?cmsp_timestamp=20260730134907|https://img07.shop-pro.jp/PA01455/769/product/192871958_o1.jpg?cmsp_timestamp=20260730134907|https://img07.shop-pro.jp/PA01455/769/product/192871958_o2.jpg?cmsp_timestamp=20260730134907|https://img07.shop-pro.jp/PA01455/769/product/192871958_o3.png?cmsp_timestamp=20260801155957|https://img07.shop-pro.jp/PA01455/769/product/192871958_o4.jpg?cmsp_timestamp=20260801155957|https://img07.shop-pro.jp/PA01455/769/product/192871958_o5.jpg?cmsp_timestamp=20260801155957|https://img07.shop-pro.jp/PA01455/769/product/192871958_o6.jpg?cmsp_timestamp=20260801155957|https://img07.shop-pro.jp/PA01455/769/product/192871958_o7.jpg?cmsp_timestamp=20260801155957,/Users/hong/Desktop/日本商品2/采集数据/images/192871958_M_0.jpg|/Users/hong/Desktop/日本商品2/采集数据/images/192871958_M_1.jpg|/Users/hong/Desktop/日本商品2/采集数据/images/192871958_M_2.jpg|/Users/hong/Desktop/日本商品2/采集数据/images/192871958_M_3.jpg|/Users/hong/Desktop/日本商品2/采集数据/images/192871958_M_4.jpg|/Users/hong/Desktop/日本商品2/采集数据/images/192871958_M_5.jpg|/Users/hong/Desktop/日本商品2/采集数据/images/192871958_M_6.jpg|/Users/hong/Desktop/日本商品2/采集数据/images/192871958_M_7.jpg
https://shop.toysanta.jp/?pid=192864771,192864771,"ホーム > コミック・アニメ(その他) > その他
",【送料無料】【全部揃ってます!!】ブラインドボックスシリーズ ダンジョン飯 マルシルがいっぱい！ [全6種セット(フルコンプ)]【 ネコポス不可 】,"11,800円(内税)",354pt,"この商品のラインナップを全て見る

 ▼この商品は【全6種セット(フルコンプ)】です。

 ちっちゃかわいいマルシルがいっぱい！
 手のひらにも机の上にもちょこんとたくさん置けるサイズのマルシルがブラインドボックスシリーズで登場！
 なにがでるかはお楽しみ！

 英語名：Blind Box Series Delicious in Dungeon A Bunch of Marcilles! MegaHouse Collection Toy

 このシリーズには6種類のラインナップがあります。
 お届け商品は、商品名及び画像のものになります。

 ・カエルマルシル
 ・かわいいマルシル
 ・やだやだマルシル
 ・やる気ないマルシル
 ・もぐもぐマルシル
 ・漬物石マルシル

 キャラクター：ダンジョン飯
 サイズ：全高約60mm
 材質：PVC,ABS
 商品状態：新品未開封。

 ■58323
 ■メーカー：グッドスマイルカンパニー
 ■分類：BOXフィギュア
 ■code：20260730
 ■JAN：4580828673809",https://img07.shop-pro.jp/PA01455/769/product/192864771.jpg?cmsp_timestamp=20260730092212|https://img07.shop-pro.jp/PA01455/769/product/192864771_o1.jpg?cmsp_timestamp=20260730092212|https://img07.shop-pro.jp/PA01455/769/product/192864771_o2.jpg?cmsp_timestamp=20260730092212,/Users/hong/Desktop/日本商品2/采集数据/images/192864771_M_0.jpg|/Users/hong/Desktop/日本商品2/采集数据/images/192864771_M_1.jpg|/Users/hong/Desktop/日本商品2/采集数据/images/192864771_M_2.jpg
https://shop.toysanta.jp/?pid=192864755,192864755,"ホーム > コミック・アニメ(ジャンプ)
",【送料無料】【全部揃ってます!!】ぬいっぽ 家庭教師ヒットマンREBORN！ [全6種セット(フルコンプ)]【 ネコポス不可 】,"8,980円(内税)",267pt,"この商品のラインナップを全て見る

 ▼この商品は【全6種セット(フルコンプ)】です。

 ぬいぐるみっぽいビジュアルのふわふわフロッキーフィギュアコレクション！ 
 ころんとした手乗りサイズでふわっとあなたに寄り添います。
 第1弾としてアニメ『家庭教師ヒットマンREBORN!』からリボーンたちが登場です。

 英語名：Nuippo Reborn! MegaHouse Collection Toy

 このシリーズには6種類のラインナップがあります。
 お届け商品は、商品名及び画像のものになります。

 ・リボーン
 ・沢田綱吉
 ・雲雀恭弥
 ・六道骸
 ・XANXUS
 ・S・スクアーロ

 キャラクター：家庭教師ヒットマンREBORN！
 サイズ：全高約60-75mm
 材質：PVC,ABS
 商品状態：新品未開封。

 ■58322
 ■メーカー：メガハウス
 ■分類：BOXフィギュア
 ■code：20260730
 ■JAN：4535123849169",https://img07.shop-pro.jp/PA01455/769/product/192864755.jpg?cmsp_timestamp=20260730092159|https://img07.shop-pro.jp/PA01455/769/product/192864755_o1.jpg?cmsp_timestamp=20260730092159|https://img07.shop-pro.jp/PA01455/769/product/192864755_o2.jpg?cmsp_timestamp=20260730092159,/Users/hong/Desktop/日本商品2/采集数据/images/192864755_M_0.jpg|/Users/hong/Desktop/日本商品2/采集数据/images/192864755_M_1.jpg|/Users/hong/Desktop/日本商品2/采集数据/images/192864755_M_2.jpg
https://shop.toysanta.jp/?pid=192864748,192864748,"ホーム > キャラクター > ディズニー
",【送料無料】【全部揃ってます!!】PERIHAPI! 肩ズンHug. モンスターズ・インク [全8種セット(フルコンプ)]【 ネコポス不可 】,"14,960円(内税)",447pt,"この商品のラインナップを全て見る

 ▼この商品は【全8種セット(フルコンプ)】です。

 モンスターズ・インクの肩ズンHug. PERIHAPI!は、箱を開けた瞬間に「こだわり」があふれ出すフィギュアシリーズ。
 クリア素材やマット仕上げなど多彩な質感で、見て・集めて・飾って・贈って、毎日をさりげなく楽しく彩るコレクションフィギュアです。 

 英語名：PERIHAPI! KataZun Hug. Monsters, Inc. TakaraTomyArts Collection Toy

 このシリーズには8種類のラインナップがあります。
 お届け商品は、商品名及び画像のものになります。

 ・ランドール 
 ・サリー 
 ・ブー 
 ・マイク 
 ・セリア 
 ・CDA 
 ・シークレット：ブー 
 ・シークレット：ランドール

 キャラクター：ピクサー
 サイズ：全高約45-75mm
 材質：PVC
 商品状態：新品未開封。

 ■58327
 ■メーカー：タカラトミーアーツ
 ■分類：BOXフィギュア
 ■code：20260730
 ■JAN：4904790903557",https://img07.shop-pro.jp/PA01455/769/product/192864748.jpg?cmsp_timestamp=20260730092153|https://img07.shop-pro.jp/PA01455/769/product/192864748_o1.jpg?cmsp_timestamp=20260730092153|https://img07.shop-pro.jp/PA01455/769/product/192864748_o2.jpg?cmsp_timestamp=20260730092153,/Users/hong/Desktop/日本商品2/采集数据/images/192864748_M_0.jpg|/Users/hong/Desktop/日本商品2/采集数据/images/192864748_M_1.jpg|/Users/hong/Desktop/日本商品2/采集数据/images/192864748_M_2.jpg
https://shop.toysanta.jp/?pid=192864729,192864729,"ホーム > キャラクター > ディズニー
",【送料無料】【全部揃ってます!!】PERIHAPI! 肩ズンHug. ズートピア [全8種セット(フルコンプ)]【 ネコポス不可 】,"14,960円(内税)",447pt,"この商品のラインナップを全て見る

 ▼この商品は【全8種セット(フルコンプ)】です。

 PERIHAPI!は、箱を開けた瞬間に「こだわり」があふれ出すフィギュアシリーズ。
 クリア素材やマット仕上げなど多彩な質感で、見て・集めて・飾って・贈って、毎日をさりげなく楽しく彩るコレクションフィギュアです。 

 英語名：PERIHAPI! KataZun Hug. Zootopia TakaraTomyArts Collection Toy

 このシリーズには8種類のラインナップがあります。
 お届け商品は、商品名及び画像のものになります。

 ・フィニック
 ・ニック・ワイルド 
 ・ジュディ・ホップス
 ・クロウハウザー
 ・レミングのビジネスマン 
 ・フラッシュ
 ・シークレット：ニック・ワイルド
 ・シークレット：ジュディ・ホップス

 キャラクター：ディズニー
 サイズ：全高約60-80mm
 材質：PVC
 商品状態：新品未開封。

 ■58325
 ■メーカー：タカラトミーアーツ
 ■分類：BOXフィギュア
 ■code：20260730
 ■JAN：4904790902130",https://img07.shop-pro.jp/PA01455/769/product/192864729.jpg?cmsp_timestamp=20260730092138|https://img07.shop-pro.jp/PA01455/769/product/192864729_o1.jpg?cmsp_timestamp=20260730092138|https://img07.shop-pro.jp/PA01455/769/product/192864729_o2.jpg?cmsp_timestamp=20260730092138,/Users/hong/Desktop/日本商品2/采集数据/images/192864729_M_0.jpg|/Users/hong/Desktop/日本商品2/采集数据/images/192864729_M_1.jpg|/Users/hong/Desktop/日本商品2/采集数据/images/192864729_M_2.jpg
https://shop.toysanta.jp/?pid=192855164,192855164,"ホーム > オリジナル > その他
",【送料無料】【全部揃ってます!!】NIZOO つまんでつなげてますこっと でらっくす！ [全18種セット(フルコンプ)]【 ネコポス不可 】【C】,"9,800円(内税)",294pt,"この商品のラインナップを全て見る

 ▼この商品は【全18種セット(フルコンプ)】です。

 NiziU公式キャラクターのNIZOOがガシャポンに登場！
 つままれたデザインが可愛い「つまんでつなげてマスコット」を各キャラごとにボールチェーンとカニカンの2パターンで展開！
 たくさん集めてつなげよう！

 英語名：NIZOO Tsumande Tsunagete Mascot Deluxe! BANDAI Capsule Toy

 このシリーズには18種類のラインナップがあります。
 お届け商品は、商品名及び画像のものになります。

 ・LAKO(ボールチェーン)
 ・RIYO(ボールチェーン)
 ・MAYAN(ボールチェーン)
 ・Richu(ボールチェーン)
 ・ANO(ボールチェーン)
 ・Lucat(ボールチェーン)
 ・Llanu(ボールチェーン)
 ・Pyonpyon(ボールチェーン)
 ・KINA(ボールチェーン)
 ・LAKO(カニカン)
 ・RIYO(カニカン)
 ・MAYAN(カニカン)
 ・Richu(カニカン)
 ・ANO(カニカン)
 ・Lucat(カニカン)
 ・Llanu(カニカン)
 ・Pyonpyon(カニカン)
 ・KINA(カニカン)

 キャラクター：NiziU
 サイズ：全長約35-40mm
 材質：***
 商品状態：新古品・未使用・ミニブック付属 ※カプセルは付属しません。内袋は未開封です。

 ■57412
 ■メーカー：バンダイ
 ■分類：ガチャガチャ
 ■code：20260729
 ■JAN：4570118198594",https://img07.shop-pro.jp/PA01455/769/product/192855164.jpg?cmsp_timestamp=20260729145358|https://img07.shop-pro.jp/PA01455/769/product/192855164_o1.jpg?cmsp_timestamp=20260729145358|https://img07.shop-pro.jp/PA01455/769/product/192855164_o2.jpg?cmsp_timestamp=20260729145358,/Users/hong/Desktop/日本商品2/采集数据/images/192855164_M_0.jpg|/Users/hong/Desktop/日本商品2/采集数据/images/192855164_M_1.jpg|/Users/hong/Desktop/日本商品2/采集数据/images/192855164_M_2.jpg
https://shop.toysanta.jp/?pid=192845304,192845304,"ホーム > ゲームキャラクター > その他
",【全部揃ってます!!】青鬼 まちぼうけ ずっとひろしを待っている [全5種セット(フルコンプ)]【ネコポス配送対応】【C】,"2,500円(内税)",75pt,"この商品のラインナップを全て見る

 ▼この商品は【全5種セット(フルコンプ)】です。

 超人気ホラーゲーム『青鬼』に登場する青鬼たちがまちぼうけになって新登場！

 英語名：Aooni Machiboke Zutto Hiroshi o matteiru BANDAI Capsule Toy

 このシリーズには5種類のラインナップがあります。
 お届け商品は、商品名及び画像のものになります。

 ・青鬼
 ・フワッティー
 ・スクワット鬼
 ・クラゲ鬼
 ・たけし

 キャラクター：青鬼
 サイズ：全高約25-40mm
 材質：***
 商品状態：新古品・未使用・ミニブック付属 ※カプセルは付属しません。内袋は未開封です。

 ■58192
 ■メーカー：バンダイ
 ■分類：ガチャガチャ
 ■code：20260729
 ■JAN：4582770026771",https://img07.shop-pro.jp/PA01455/769/product/192845304.jpg?cmsp_timestamp=20260729102635|https://img07.shop-pro.jp/PA01455/769/product/192845304_o1.jpg?cmsp_timestamp=20260729102635|https://img07.shop-pro.jp/PA01455/769/product/192845304_o2.jpg?cmsp_timestamp=20260729102635,/Users/hong/Desktop/日本商品2/采集数据/images/192845304_M_0.jpg|/Users/hong/Desktop/日本商品2/采集数据/images/192845304_M_1.jpg|/Users/hong/Desktop/日本商品2/采集数据/images/192845304_M_2.jpg
https://shop.toysanta.jp/?pid=192845297,192845297,"ホーム > キャラクター > その他
",【全部揃ってます!!】ほっぺちゃん ライトマスコット [全4種セット(フルコンプ)]【 ネコポス不可 】,"2,000円(内税)",60pt,"この商品のラインナップを全て見る

 ▼この商品は【全4種セット(フルコンプ)】です。

 ほっぺちゃんの可愛い手のひらサイズのライトマスコットが登場！
 底面のスイッチでON/OFFの切り替えができ、電池も入れ替えられます！
 ※ボタン電池(LR41)2個使用(付) セットされている電池はテスト用です。

 英語名：Hoppe-chan Light Mascot BANDAI Capsule Toy

 このシリーズには4種類のラインナップがあります。
 お届け商品は、商品名及び画像のものになります。

 ・ほっぺちゃんA
 ・ほっぺちゃんB
 ・ほっぺちゃんC
 ・ほっぺちゃんD

 キャラクター：ほっぺちゃん
 サイズ：全高約55mm
 材質：***
 商品状態：新古品・未使用・ミニブック付属 ※カプセルは付属しません。内袋は未開封です。

 ■57382
 ■メーカー：バンダイ
 ■分類：ガチャガチャ
 ■code：20260729
 ■JAN：4570118184955",https://img07.shop-pro.jp/PA01455/769/product/192845297.jpg?cmsp_timestamp=20260729102630|https://img07.shop-pro.jp/PA01455/769/product/192845297_o1.jpg?cmsp_timestamp=20260729102630|https://img07.shop-pro.jp/PA01455/769/product/192845297_o2.jpg?cmsp_timestamp=20260729102630,/Users/hong/Desktop/日本商品2/采集数据/images/192845297_M_0.jpg|/Users/hong/Desktop/日本商品2/采集数据/images/192845297_M_1.jpg|/Users/hong/Desktop/日本商品2/采集数据/images/192845297_M_2.jpg
https://shop.toysanta.jp/?pid=192845282,192845282,"ホーム > コミック・アニメ(その他) > その他
",【全部揃ってます!!】スポンジ・ボブ もぐもぐかくれんぼ [全4種セット(フルコンプ)]【 ネコポス不可 】【C】,"1,900円(内税)",57pt,"この商品のラインナップを全て見る

 ▼この商品は【全4種セット(フルコンプ)】です。

 「スポンジ・ボブ」が並べてかわいいかくれんぼのフィギュアになって登場★

 英語名：SpongeBob Mogumogu Hide and Seek BANDAI Capsule Toy

 このシリーズには4種類のラインナップがあります。
 お届け商品は、商品名及び画像のものになります。

 ・スポンジ・ボブA
 ・スポンジ・ボブB
 ・パトリック
 ・ゲイリー

 キャラクター：スポンジ・ボブ
 サイズ：全高約25-54mm
 材質：***
 商品状態：新古品・未使用・ミニブック付属 ※カプセルは付属しません。内袋は未開封です。

 ■58194
 ■メーカー：バンダイ
 ■分類：ガチャガチャ
 ■code：20260729
 ■JAN：4570118184856",https://img07.shop-pro.jp/PA01455/769/product/192845282.jpg?cmsp_timestamp=20260729102621|https://img07.shop-pro.jp/PA01455/769/product/192845282_o1.jpg?cmsp_timestamp=20260729102621|https://img07.shop-pro.jp/PA01455/769/product/192845282_o2.jpg?cmsp_timestamp=20260729102621,/Users/hong/Desktop/日本商品2/采集数据/images/192845282_M_0.jpg|/Users/hong/Desktop/日本商品2/采集数据/images/192845282_M_1.jpg|/Users/hong/Desktop/日本商品2/采集数据/images/192845282_M_2.jpg
https://shop.toysanta.jp/?pid=192845267,192845267,"ホーム > キャラクター > サンリオ
",【全部揃ってます!!】サンリオキャラクターズ マスコットキャップチャーム パステルカラーver.(再販) [全6種セット(フルコンプ)]【 ネコポス不可 】【C】,"2,300円(内税)",69pt,"この商品のラインナップを全て見る

 ▼この商品は【全6種セット(フルコンプ)】です。

 かわいいフェイス型のマスコットキャップがボールチェーン付のチャームになって登場！
 リップクリームなどに付けても、そのままフェイス型のマスコットチャームとして身に着けてもかわいい♪
 全種ボールチェーン付き！
 ※本製品の内径は約1.5cmです。
 ※リップクリームの形状やサイズによっては装着できません。

 英語名：Sanrio Characters Mascot Cap Charm Pastel Color Ver. BANDAI Capsule Toy

 このシリーズには6種類のラインナップがあります。
 お届け商品は、商品名及び画像のものになります。

 ・ハローキティ
 ・ポチャッコ
 ・ポムポムプリン
 ・シナモロール
 ・クロミ
 ・けろけろけろっぴ

 キャラクター：サンリオ
 サイズ：全長約30-50mm
 材質：***
 商品状態：新古品・未使用・ミニブック付属 ※カプセルは付属しません。内袋は未開封です。

 ■58181
 ■メーカー：バンダイ
 ■分類：ガチャガチャ
 ■code：20260729
 ■JAN：4582769769184",https://img07.shop-pro.jp/PA01455/769/product/192845267.jpg?cmsp_timestamp=20260729102614|https://img07.shop-pro.jp/PA01455/769/product/192845267_o1.jpg?cmsp_timestamp=20260729102614|https://img07.shop-pro.jp/PA01455/769/product/192845267_o2.jpg?cmsp_timestamp=20260729102614,/Users/hong/Desktop/日本商品2/采集数据/images/192845267_M_0.jpg|/Users/hong/Desktop/日本商品2/采集数据/images/192845267_M_1.jpg|/Users/hong/Desktop/日本商品2/采集数据/images/192845267_M_2.jpg
https://shop.toysanta.jp/?pid=192845169,192845169,"ホーム > キャラクター > その他
",【全部揃ってます!!】ナルミヤキャラクターズ mini ショルダーバッグマスコット [全5種セット(フルコンプ)]【ネコポス配送対応】【C】,"2,600円(内税)",78pt,"この商品のラインナップを全て見る

 ▼この商品は【全5種セット(フルコンプ)】です。

 平成女児はぜったいcheck★
 ナルミヤキャラクターズ があの頃のデザインを再現したショルダーバッグになってカプセルトイに登場！ 
 本当に使えるバックル付きでカバンにつけられる！

 英語名：Narumiya Characters mini Shoulder Bag Mascot Toys spirits Capsule Toy

 このシリーズには5種類のラインナップがあります。
 お届け商品は、商品名及び画像のものになります。

 ・ANGEL BLUE(BLUE)
 ・mezzo piano
 ・DAISY LOVERS
 ・pom ponette
 ・ANGEL BLUE(BLACK)

 キャラクター：ナルミヤキャラクターズ
 サイズ：全長約100mm
 材質：ポリエステル,PS,金属
 商品状態：新古品・未使用・ミニブック付属 ※カプセルは付属しません。内袋は未開封です。

 ■58037
 ■メーカー：トイズスピリッツ
 ■分類：ガチャガチャ
 ■code：20260729
 ■JAN：4580854481171",https://img07.shop-pro.jp/PA01455/769/product/192845169.jpg?cmsp_timestamp=20260729102533|https://img07.shop-pro.jp/PA01455/769/product/192845169_o1.jpg?cmsp_timestamp=20260729102533|https://img07.shop-pro.jp/PA01455/769/product/192845169_o2.jpg?cmsp_timestamp=20260729102533,/Users/hong/Desktop/日本商品2/采集数据/images/192845169_M_0.jpg|/Users/hong/Desktop/日本商品2/采集数据/images/192845169_M_1.jpg|/Users/hong/Desktop/日本商品2/采集数据/images/192845169_M_2.jpg
https://shop.toysanta.jp/?pid=192827494,192827494,"ホーム > ゲームキャラクター > その他
",【全部揃ってます!!】どこでもいっしょ トロのフェイスマスコット [全5種セット(フルコンプ)]【ネコポス配送対応】【C】,"2,200円(内税)",66pt,"この商品のラインナップを全て見る

 ▼この商品は【全5種セット(フルコンプ)】です。

 表情豊かなトロのかわいいお顔をそのまま再現！
 バッグにつけて一緒におでかけできる癒しアイテム。
 もちもちのさわり心地も魅力です♪
 全種カラーボールチェーン付き！

 英語名：Dokodemoissho Toro Face Masco UltraNewPlanning Capsule Toy

 このシリーズには5種類のラインナップがあります。
 お届け商品は、商品名及び画像のものになります。

 ・A
 ・B
 ・C
 ・D
 ・E

 キャラクター：どこでもいっしょ
 サイズ：全長約70mm
 材質：ポリエステル,鉄
 商品状態：新古品・未使用・ミニブック付属 ※カプセルは付属しません。内袋は未開封です。

 ■57876
 ■メーカー：ウルトラニュープランニング
 ■分類：ガチャガチャ
 ■code：20260728
 ■JAN：4571601904197",https://img07.shop-pro.jp/PA01455/769/product/192827494.jpg?cmsp_timestamp=20260728134453|https://img07.shop-pro.jp/PA01455/769/product/192827494_o1.jpg?cmsp_timestamp=20260728134453|https://img07.shop-pro.jp/PA01455/769/product/192827494_o2.jpg?cmsp_timestamp=20260728134453,/Users/hong/Desktop/日本商品2/采集数据/images/192827494_M_0.jpg|/Users/hong/Desktop/日本商品2/采集数据/images/192827494_M_1.jpg|/Users/hong/Desktop/日本商品2/采集数据/images/192827494_M_2.jpg
https://shop.toysanta.jp/?pid=193029819,193029819,"ホーム > 模型・ミニチュア > 生き物
ホーム > 2026年8月12日(水)新商品
",【全部揃ってます!!】のびのびしろくま めじるしチャーム [全4種セット(フルコンプ)]【ネコポス配送対応】【C】,"1,300円(内税)",39pt,"この商品のラインナップを全て見る

 ▼この商品は【全4種セット(フルコンプ)】です。

 のびのび遊ぶ姿が可愛らしいしろくまの赤ちゃんたちが目印チャームに！
 全種フロッキー加工でふわふわ♪
 コロンとかわいいサイズ感でポーチなどにつけても◎
 シリコンリング付き！

 英語名：Nobinobi Polar Bear Mejirushi Charm J.DREAM Capsule Toy

 このシリーズには4種類のラインナップがあります。
 お届け商品は、商品名及び画像のものになります。

 ・だっこ！
 ・じ～っ
 ・だらりん
 ・ママといっしょ

 キャラクター：生き物
 サイズ：全長約20-25mm
 材質：樹脂
 商品状態：新古品・未使用・ミニブック付属 ※カプセルは付属しません。内袋は未開封です。

 ■58380
 ■メーカー：J.DREAM
 ■分類：ガチャガチャ
 ■code：20260812
 ■JAN：4571660580608",https://img07.shop-pro.jp/PA01455/769/product/193029819.jpg?cmsp_timestamp=20260812105105|https://img07.shop-pro.jp/PA01455/769/product/193029819_o1.jpg?cmsp_timestamp=20260812105105|https://img07.shop-pro.jp/PA01455/769/product/193029819_o2.jpg?cmsp_timestamp=20260812105105,/Users/hong/Desktop/日本商品2/采集数据/images/193029819_M_0.jpg|/Users/hong/Desktop/日本商品2/采集数据/images/193029819_M_1.jpg|/Users/hong/Desktop/日本商品2/采集数据/images/193029819_M_2.jpg
https://shop.toysanta.jp/?pid=193029812,193029812,"ホーム > 模型・ミニチュア > その他
ホーム > 2026年8月12日(水)新商品
",【全部揃ってます!!】本気のミニなわとび4 [全9種セット(フルコンプ)]【ネコポス配送対応】【C】,"3,200円(内税)",96pt,"この商品のラインナップを全て見る

 ▼この商品は【全9種セット(フルコンプ)】です。

 老舗なわとびメーカー・(株)ベルテックの本格なわとびがミニチュアに☆
 クリスタル仕様で前作よりもキラキラ！
 丸カラビナがついてて身に着けて楽しめる！

 英語名：Serious mini jump rope Part.4 Bright link Capsule Toy


 このシリーズには9種類のラインナップがあります。
 お届け商品は、商品名及び画像のものになります。

 1 .クリスタルブルー
 2 .クリスタルパープル
 3 .クリスタルレッド
 4 .クリスタルイエロー
 5 .クリスタルピンク
 6 .クリスタルオレンジ
 7 .クリスタルグリーン
 8 .クリスタルブラック
 9 .クリスタルホワイト

 キャラクター：模型
 サイズ：全長約100mm(結んだ状態)
 材質：PP,PVC,ABS,スチール,紙
 商品状態：新古品・未使用・ミニブック付属 ※カプセルは付属しません。内袋は未開封です。

 ■58484
 ■メーカー：ブライトリンク
 ■分類：ガチャガチャ
 ■code：20260812
 ■JAN：4573558507599",https://img07.shop-pro.jp/PA01455/769/product/193029812.jpg?cmsp_timestamp=20260812105101|https://img07.shop-pro.jp/PA01455/769/product/193029812_o1.jpg?cmsp_timestamp=20260812105101|https://img07.shop-pro.jp/PA01455/769/product/193029812_o2.jpg?cmsp_timestamp=20260812105101,/Users/hong/Desktop/日本商品2/采集数据/images/193029812_M_0.jpg|/Users/hong/Desktop/日本商品2/采集数据/images/193029812_M_1.jpg|/Users/hong/Desktop/日本商品2/采集数据/images/193029812_M_2.jpg
https://shop.toysanta.jp/?pid=193029796,193029796,"ホーム > 模型・ミニチュア > 生き物
ホーム > 2026年8月12日(水)新商品
",【全部揃ってます!!】おすわり～ぬ4 [全5種セット(フルコンプ)]【 ネコポス不可 】【C】,"1,100円(内税)",33pt,"この商品のラインナップを全て見る

 ▼この商品は【全5種セット(フルコンプ)】です。

 寄り添う姿が愛おしい...
 ワンちゃんがする「 あの座り方 」のフィギュア♪

 英語名：Osuwari-nu Part.4 Yell Capsule Toy

 このシリーズには5種類のラインナップがあります。
 お届け商品は、商品名及び画像のものになります。

 ・おれんじ ぽめ～ぬ
 ・ぶらっくたん ちわ～ぬ
 ・白しば～ぬ
 ・ふぉーん こぎ～ぬ
 ・た～ぬき

 キャラクター：生き物
 サイズ：全高約33-43mm
 材質：ATBC-PVC
 商品状態：新古品・未使用・ミニブック付属 ※カプセルは付属しません。内袋は未開封です。

 ■57875
 ■メーカー：エール
 ■分類：ガチャガチャ
 ■code：20260812
 ■JAN：4580800202744",https://img07.shop-pro.jp/PA01455/769/product/193029796.jpg?cmsp_timestamp=20260812105047|https://img07.shop-pro.jp/PA01455/769/product/193029796_o1.jpg?cmsp_timestamp=20260812105047|https://img07.shop-pro.jp/PA01455/769/product/193029796_o2.jpg?cmsp_timestamp=20260812105047,/Users/hong/Desktop/日本商品2/采集数据/images/193029796_M_0.jpg|/Users/hong/Desktop/日本商品2/采集数据/images/193029796_M_1.jpg|/Users/hong/Desktop/日本商品2/采集数据/images/193029796_M_2.jpg
https://shop.toysanta.jp/?pid=193029778,193029778,"ホーム > オリジナル > クリエイター・アーティスト系
ホーム > 2026年8月12日(水)新商品
",【全部揃ってます!!】絶対に死なないハムスター セリフつきめじるしマスコット [全6種セット(フルコンプ)]【ネコポス配送対応】【C】,"2,000円(内税)",60pt,"この商品のラインナップを全て見る

 ▼この商品は【全6種セット(フルコンプ)】です。

 ?絶対に死なないハムスターが、ころりと可愛いセリフ付きのめじるしマスコットになりました！
 「絶ハム」らしいセリフとゆるめのフォルムで「絶ハム」の魅力を最大限に再現しました！

 英語名：Zettainishinanai Hamster Serif tsuki Mejirushi Mascot Stand stones Capsule Toy

 このシリーズには6種類のラインナップがあります。
 お届け商品は、商品名及び画像のものになります。

 ・死なんけど
 ・死にゃあせん
 ・おこってないが？
 ・死なないよ
 ・死なない
 ・死なん

 キャラクター：EVERYDAYSUNDAY
 サイズ：全長約20-30mm
 材質：PVC,鉄,シリコン
 商品状態：新古品・未使用・ミニブック付属 ※カプセルは付属しません。内袋は未開封です。

 ■58424
 ■メーカー：スタンドストーンズ
 ■分類：ガチャガチャ
 ■code：20260812
 ■JAN：4589675718985",https://img07.shop-pro.jp/PA01455/769/product/193029778.jpg?cmsp_timestamp=20260812105031|https://img07.shop-pro.jp/PA01455/769/product/193029778_o1.jpg?cmsp_timestamp=20260812105031|https://img07.shop-pro.jp/PA01455/769/product/193029778_o2.jpg?cmsp_timestamp=20260812105031,/Users/hong/Desktop/日本商品2/采集数据/images/193029778_M_0.jpg|/Users/hong/Desktop/日本商品2/采集数据/images/193029778_M_1.jpg|/Users/hong/Desktop/日本商品2/采集数据/images/193029778_M_2.jpg
https://shop.toysanta.jp/?pid=193029770,193029770,"ホーム > オリジナル > その他
ホーム > 2026年8月12日(水)新商品
",【全部揃ってます!!】アイマイナ めじるしマスコット [全5種セット(フルコンプ)]【ネコポス配送対応】【C】,"2,200円(内税)",66pt,"この商品のラインナップを全て見る

 ▼この商品は【全5種セット(フルコンプ)】です。

 大人気ボカロP『ピノキオピー』の『アイマイナ』がつままれデザインがとっても可愛いめじるしマスコットになって登場♪

 英語名：Aimaina Mejirushi Mascot Fukuya Capsule Toy

 このシリーズには5種類のラインナップがあります。
 お届け商品は、商品名及び画像のものになります。

 ・ノーマル
 ・神っぽいな
 ・魔法少女とチョコレゐト
 ・内臓ありますか
 ・アルティメットセンパイ

 キャラクター：アイマイナ
 サイズ：全長約32mm
 材質：PVC
 商品状態：新古品・未使用・ミニブック付属 ※カプセルは付属しません。内袋は未開封です。

 ■58607
 ■メーカー：フクヤ
 ■分類：ガチャガチャ
 ■code：20260812
 ■JAN：4573611790708",https://img07.shop-pro.jp/PA01455/769/product/193029770.jpg?cmsp_timestamp=20260812105023|https://img07.shop-pro.jp/PA01455/769/product/193029770_o1.jpg?cmsp_timestamp=20260812105023|https://img07.shop-pro.jp/PA01455/769/product/193029770_o2.jpg?cmsp_timestamp=20260812105023,/Users/hong/Desktop/日本商品2/采集数据/images/193029770_M_0.jpg|/Users/hong/Desktop/日本商品2/采集数据/images/193029770_M_1.jpg|/Users/hong/Desktop/日本商品2/采集数据/images/193029770_M_2.jpg
https://shop.toysanta.jp/?pid=193006900,193006900,"ホーム > 模型・ミニチュア > 食べ物系
ホーム > 2026年8月11日(火)新商品
",【全部揃ってます!!】カルビー×まいのおやつ アレンジレシピ ミニチュアマスコット [全5種セット(フルコンプ)]【ネコポス配送対応】【C】,"2,100円(内税)",63pt,"この商品のラインナップを全て見る

 ▼この商品は【全5種セット(フルコンプ)】です。

 Calbee × まいのおやつ 
 アレンジレシピ ミニチュアマスコット

 人気レシピ作家「まいのおやつ」さんのアレンジレシピが、リアルなミニチュアになりました！
 おうちで作れるレシピブック付きです！
 全種ボールチェーン付き！
 ※食べられません。

 英語名：Calbee x Mai no Oyatsu Arranged Recipe Miniature Mascot UltraNewPlanning Capsule Toy

 このシリーズには5種類のラインナップがあります。
 お届け商品は、商品名及び画像のものになります。

 ・かっぱえびせんでまるで天むす
 ・じゃがりこでおかかたっぷり和風ポテサラ
 ・ミーノで簡単そら豆クリームチーズ和え
 ・ポテトチップスコンソメパンチでチーズとろける四角オムレツ
 ・ベジたべるでコクうま！さっぱりヨーグルトみそディップ

 キャラクター：食べ物
 サイズ：全長約50mm
 材質：PVC,樹脂,鉄
 商品状態：新古品・未使用・ミニブック付属 ※カプセルは付属しません。内袋は未開封です。

 ■58357
 ■メーカー：ウルトラニュープランニング
 ■分類：ガチャガチャ
 ■code：20260811
 ■JAN：4571601903480",https://img07.shop-pro.jp/PA01455/769/product/193006900.jpg?cmsp_timestamp=20260811104414|https://img07.shop-pro.jp/PA01455/769/product/193006900_o1.jpg?cmsp_timestamp=20260811104414|https://img07.shop-pro.jp/PA01455/769/product/193006900_o2.jpg?cmsp_timestamp=20260811104414,/Users/hong/Desktop/日本商品2/采集数据/images/193006900_M_0.jpg|/Users/hong/Desktop/日本商品2/采集数据/images/193006900_M_1.jpg|/Users/hong/Desktop/日本商品2/采集数据/images/193006900_M_2.jpg
https://shop.toysanta.jp/?pid=193006854,193006854,"ホーム > 模型・ミニチュア > 生き物
ホーム > 2026年8月11日(火)新商品
",【全部揃ってます!!】カエルの森工房 無事カエル ストラップ(再販) [全4種セット(フルコンプ)]【ネコポス配送対応】【C】,"1,700円(内税)",51pt,"この商品のラインナップを全て見る

 ▼この商品は【全4種セット(フルコンプ)】です。

 大好評につきまたまた再販!!
 「カエル＝帰る」から、無事に家に帰るという想いを込めたマスコットをお届け。
 大きなリュックを背負って、登山靴を履いた蛙たちを作品の雰囲気そのままに再現しました。
 ストラップ部分には登山リュックなどに使われる「細引き」を使用し、雰囲気にもこだわりました。

 英語名：Kaeru no Mori Kobo Safely Kaeru Strap KITANCLUB Capsule Toy

 このシリーズには4種類のラインナップがあります。
 お届け商品は、商品名及び画像のものになります。

 ・レッド
 ・ブルー
 ・ブラック
 ・ホワイト

 キャラクター：生き物
 サイズ：全長約49mm
 材質：PVC(ST基準対応可塑剤使用),ナイロン
 商品状態：新古品・未使用・ミニブック付属 ※カプセルは付属しません。内袋は未開封です。

 ■58614
 ■メーカー：キタンクラブ
 ■分類：ガチャガチャ
 ■code：20260811
 ■JAN：4580045308676",https://img07.shop-pro.jp/PA01455/769/product/193006854.jpg?cmsp_timestamp=20260811104401|https://img07.shop-pro.jp/PA01455/769/product/193006854_o1.jpg?cmsp_timestamp=20260811104401|https://img07.shop-pro.jp/PA01455/769/product/193006854_o2.jpg?cmsp_timestamp=20260811104401,/Users/hong/Desktop/日本商品2/采集数据/images/193006854_M_0.jpg|/Users/hong/Desktop/日本商品2/采集数据/images/193006854_M_1.jpg|/Users/hong/Desktop/日本商品2/采集数据/images/193006854_M_2.jpg
https://shop.toysanta.jp/?pid=192977992,192977992,"ホーム > 模型・ミニチュア > 生き物
ホーム > 2026年8月8日(土)新商品
",【全部揃ってます!!】やんのか猫マスコットその2 [全6種セット(フルコンプ)]【ネコポス配送対応】【C】,"2,000円(内税)",60pt,"この商品のラインナップを全て見る

 ▼この商品は【全6種セット(フルコンプ)】です。

 理不尽にキレ散らかす！やんのかポーズの猫マスコットに第二弾登場！
 サバトラや三毛猫等人気毛種が仲間入り！
 全種ボールチェーン付き！

 英語名：Yannnokaneko mascot Part.2 Tarlin International Capsule Toy


 このシリーズには6種類のラインナップがあります。
 お届け商品は、商品名及び画像のものになります。

 ・三毛猫
 ・サバトラ
 ・シャム猫
 ・黒猫
 ・白(子猫) 
 ・三毛(子猫)

 キャラクター：生き物
 サイズ：全長約35-45mm
 材質：ABS,PVC,Fe(亜鉛メッキ)
 商品状態：新古品・未使用・ミニブック付属 ※カプセルは付属しません。内袋は未開封です。

 ■58157
 ■メーカー：ターリンインターナショナル
 ■分類：ガチャガチャ
 ■code：20260808
 ■JAN：4573626022658",https://img07.shop-pro.jp/PA01455/769/product/192977992.jpg?cmsp_timestamp=20260808122224|https://img07.shop-pro.jp/PA01455/769/product/192977992_o1.jpg?cmsp_timestamp=20260808122224|https://img07.shop-pro.jp/PA01455/769/product/192977992_o2.jpg?cmsp_timestamp=20260808122224|https://img07.shop-pro.jp/PA01455/769/product/192977992_o3.png?cmsp_timestamp=20260810165028|https://img07.shop-pro.jp/PA01455/769/product/192977992_o4.jpg?cmsp_timestamp=20260810165028|https://img07.shop-pro.jp/PA01455/769/product/192977992_o5.jpg?cmsp_timestamp=20260810165028|https://img07.shop-pro.jp/PA01455/769/product/192977992_o6.jpg?cmsp_timestamp=20260810165028|https://img07.shop-pro.jp/PA01455/769/product/192977992_o7.jpg?cmsp_timestamp=20260810165028|https://img07.shop-pro.jp/PA01455/769/product/192977992_o8.jpg?cmsp_timestamp=20260810165028|https://img07.shop-pro.jp/PA01455/769/product/192977992_o9.jpg?cmsp_timestamp=20260810165028,/Users/hong/Desktop/日本商品2/采集数据/images/192977992_M_0.jpg|/Users/hong/Desktop/日本商品2/采集数据/images/192977992_M_1.jpg|/Users/hong/Desktop/日本商品2/采集数据/images/192977992_M_2.jpg|/Users/hong/Desktop/日本商品2/采集数据/images/192977992_M_3.jpg|/Users/hong/Desktop/日本商品2/采集数据/images/192977992_M_4.jpg|/Users/hong/Desktop/日本商品2/采集数据/images/192977992_M_5.jpg|/Users/hong/Desktop/日本商品2/采集数据/images/192977992_M_6.jpg|/Users/hong/Desktop/日本商品2/采集数据/images/192977992_M_7.jpg|/Users/hong/Desktop/日本商品2/采集数据/images/192977992_M_8.jpg|/Users/hong/Desktop/日本商品2/采集数据/images/192977992_M_9.jpg
https://shop.toysanta.jp/?pid=192977985,192977985,"ホーム > キャラクター > ムーミン
ホーム > 2026年8月8日(土)新商品
",【全部揃ってます!!】MOOMIN ムーミン ぬいタオル(再販) [全6種セット(フルコンプ)]【 ネコポス不可 】【C】,"3,100円(内税)",93pt,"この商品のラインナップを全て見る

 ▼この商品は【全6種セット(フルコンプ)】です。

 ぬいぐるみとしての「かわいさ」と、タオルとしての「実用性」をひとつにした新シリーズ「ぬいタオル」より、リトルミイが登場です！
 頭部がぬいぐるみ、体部分がワンピース型のマルチタオルになった、これまでにないデザインのマスコットです。
 全長約16cmの大きめサイズで、存在感抜群！ゴム紐付きのため、バッグ等に付けて持ち歩くことができ、アクセサリー感覚でも楽しめます。
 タオル部分にはマルチファイバー素材を使用。手を拭くのはもちろん、スマートフォンやメガネ、小物類のお手入れなど、さまざまなシーンで活躍します。
 日常使いはもちろん、バッグにつけて一緒にお出かけするのもおすすめ。リトルミイの魅力がぎゅっと詰まった、新しいシリーズにぜひご注目ください。

 英語名：MOOMIN Plush Towel KITANCLUB Capsule Toy

 このシリーズには6種類のラインナップがあります。
 お届け商品は、商品名及び画像のものになります。

 ・リトルミイ 赤いドレス
 ・リトルミイ ストライプのドレス
 ・リトルミイ 水玉のドレス
 ・リトルミイのきょうだい ピンクのドレス
 ・リトルミイのきょうだい ミントのドレス
 ・リトルミイのきょうだい イエローのドレス

 キャラクター：ムーミン
 サイズ：全長約160mm
 材質：ポリエステル
 商品状態：新古品・未使用・ミニブック付属 ※カプセルは付属しません。内袋は未開封です。

 ■58144
 ■メーカー：キタンクラブ
 ■分類：ガチャガチャ
 ■code：20260808
 ■JAN：4571670332785",https://img07.shop-pro.jp/PA01455/769/product/192977985.jpg?cmsp_timestamp=20260808122219|https://img07.shop-pro.jp/PA01455/769/product/192977985_o1.jpg?cmsp_timestamp=20260808122219|https://img07.shop-pro.jp/PA01455/769/product/192977985_o2.jpg?cmsp_timestamp=20260808122219,/Users/hong/Desktop/日本商品2/采集数据/images/192977985_M_0.jpg|/Users/hong/Desktop/日本商品2/采集数据/images/192977985_M_1.jpg|/Users/hong/Desktop/日本商品2/采集数据/images/192977985_M_2.jpg
https://shop.toysanta.jp/?pid=192977978,192977978,"ホーム > 模型・ミニチュア > 生き物
ホーム > 2026年8月8日(土)新商品
",【全部揃ってます!!】鳩のぬいぐるみ [全4種セット(フルコンプ)]【 ネコポス不可 】【C】,"2,200円(内税)",66pt,"この商品のラインナップを全て見る

 ▼この商品は【全4種セット(フルコンプ)】です。

 ふっくらもちもちとした手触りがたまらない、鳩のぬいぐるみが登場します！
 リアルな鳩らしさを残しながらも、思わず触れたくなる、丸みのあるフォルムに仕上げました。
 小さめの頭や、まあるい鳩胸、つやっとしたつぶらな瞳など、細部までこだわりを詰め込み、リアルさとデフォルメの絶妙なバランスを表現しています。
 持ち上げるとぶらぶらと揺れる仕掛け付きの足と、安定して座らせることができるおもり入りの体。
 ボールチェーンでぶら下げて持ち歩いたり、おうちに飾ったりなど、お好きな愛で方でお楽しみいただけます♪
 手のひらに収まるサイズでいつでも一緒にお出かけしたくなるかわいさ。毎日に癒やしを届けてくれる小さな相棒として、ぜひお迎えください。

 英語名：Pigeon plush toy KITANCLUB Capsule Toy

 このシリーズには4種類のラインナップがあります。
 お届け商品は、商品名及び画像のものになります。

 ・ドバト 
 ・キジバト
 ・ギンバト
 ・キンバト

 キャラクター：生き物
 サイズ：全長約90mm
 材質：ポリエステル,PS,PP,鉄
 商品状態：新古品・未使用・ミニブック付属 ※カプセルは付属しません。内袋は未開封です。

 ■58142
 ■メーカー：キタンクラブ
 ■分類：ガチャガチャ
 ■code：20260808
 ■JAN：4571670331344",https://img07.shop-pro.jp/PA01455/769/product/192977978.jpg?cmsp_timestamp=20260808122214|https://img07.shop-pro.jp/PA01455/769/product/192977978_o1.jpg?cmsp_timestamp=20260808122214|https://img07.shop-pro.jp/PA01455/769/product/192977978_o2.jpg?cmsp_timestamp=20260808122214|https://img07.shop-pro.jp/PA01455/769/product/192977978_o3.png?cmsp_timestamp=20260810164818|https://img07.shop-pro.jp/PA01455/769/product/192977978_o4.jpg?cmsp_timestamp=20260810164818|https://img07.shop-pro.jp/PA01455/769/product/192977978_o5.jpg?cmsp_timestamp=20260810164818|https://img07.shop-pro.jp/PA01455/769/product/192977978_o6.jpg?cmsp_timestamp=20260810164818|https://img07.shop-pro.jp/PA01455/769/product/192977978_o7.jpg?cmsp_timestamp=20260810164818,/Users/hong/Desktop/日本商品2/采集数据/images/192977978_M_0.jpg|/Users/hong/Desktop/日本商品2/采集数据/images/192977978_M_1.jpg|/Users/hong/Desktop/日本商品2/采集数据/images/192977978_M_2.jpg|/Users/hong/Desktop/日本商品2/采集数据/images/192977978_M_3.jpg|/Users/hong/Desktop/日本商品2/采集数据/images/192977978_M_4.jpg|/Users/hong/Desktop/日本商品2/采集数据/images/192977978_M_5.jpg|/Users/hong/Desktop/日本商品2/采集数据/images/192977978_M_6.jpg|/Users/hong/Desktop/日本商品2/采集数据/images/192977978_M_7.jpg
https://shop.toysanta.jp/?pid=192977973,192977973,"ホーム > 模型・ミニチュア > その他
ホーム > 2026年8月8日(土)新商品
",【全部揃ってます!!】飲料自販機マスコット The Changing Times [全5種セット(フルコンプ)]【ネコポス配送対応】【C】,"2,100円(内税)",63pt,"この商品のラインナップを全て見る

 ▼この商品は【全5種セット(フルコンプ)】です。

 大人気シリーズに新作登場！
 レトロやファンタジーなど色んな時代のデザインが楽しい！
 缶ケースには缶20本付き！

 英語名：Beverage Vending Machine Mascot The Changing Times J.DREAM Capsule Toy

 このシリーズには5種類のラインナップがあります。
 お届け商品は、商品名及び画像のものになります。

 ・モダン(缶1本付)
 ・レトロ(缶1本付)
 ・クール(缶1本付)
 ・ファンタジー(缶1本付)
 ・缶ケース(ファンタジー)(缶20本付)

 キャラクター：模型
 サイズ：全高約40-52mm
 材質：ABS,紙,PVC
 商品状態：新古品・未使用・ミニブック付属 ※カプセルは付属しません。内袋は未開封です。

 ■57953
 ■メーカー：J.DREAM
 ■分類：ガチャガチャ
 ■code：20260808
 ■JAN：4571660580486",https://img07.shop-pro.jp/PA01455/769/product/192977973.jpg?cmsp_timestamp=20260808122210|https://img07.shop-pro.jp/PA01455/769/product/192977973_o1.jpg?cmsp_timestamp=20260808122210|https://img07.shop-pro.jp/PA01455/769/product/192977973_o2.jpg?cmsp_timestamp=20260808122210,/Users/hong/Desktop/日本商品2/采集数据/images/192977973_M_0.jpg|/Users/hong/Desktop/日本商品2/采集数据/images/192977973_M_1.jpg|/Users/hong/Desktop/日本商品2/采集数据/images/192977973_M_2.jpg
https://shop.toysanta.jp/?pid=192977967,192977967,"ホーム > 模型・ミニチュア > その他
ホーム > 2026年8月8日(土)新商品
",【全部揃ってます!!】繋がる！2連カラフル小鳥目印チャーム [全5種セット(フルコンプ)]【ネコポス配送対応】【C】,"1,600円(内税)",48pt,"この商品のラインナップを全て見る

 ▼この商品は【全5種セット(フルコンプ)】です。

 カラフルでかわいい小鳥の目印チャーム☆
 集めて付け替えてお気に入りカラーの組み合わせにしても
 たくさん繋げてもかわいいよ♪

 英語名：Connectable! Double-Link Colourful Little Bird Mejirushi Charm J.DREAM Capsule Toy

 このシリーズには5種類のラインナップがあります。
 お届け商品は、商品名及び画像のものになります。

 ・ホワイト＆ブルー
 ・レッド＆ピンク
 ・パープル＆グリーン
 ・イエロー＆オレンジ
 ・マットイエロー＆イエロー

 キャラクター：生き物
 サイズ：全長約90mm
 材質：ABS,シリコン
 商品状態：新古品・未使用・ミニブック付属 ※カプセルは付属しません。内袋は未開封です。

 ■58381
 ■メーカー：J.DREAM
 ■分類：ガチャガチャ
 ■code：20260808
 ■JAN：4571660580615",https://img07.shop-pro.jp/PA01455/769/product/192977967.jpg?cmsp_timestamp=20260808122206|https://img07.shop-pro.jp/PA01455/769/product/192977967_o1.jpg?cmsp_timestamp=20260808122206|https://img07.shop-pro.jp/PA01455/769/product/192977967_o2.jpg?cmsp_timestamp=20260808122206|https://img07.shop-pro.jp/PA01455/769/product/192977967_o3.png?cmsp_timestamp=20260810164617|https://img07.shop-pro.jp/PA01455/769/product/192977967_o4.jpg?cmsp_timestamp=20260810164617|https://img07.shop-pro.jp/PA01455/769/product/192977967_o5.jpg?cmsp_timestamp=20260810164617|https://img07.shop-pro.jp/PA01455/769/product/192977967_o6.jpg?cmsp_timestamp=20260810164617|https://img07.shop-pro.jp/PA01455/769/product/192977967_o7.jpg?cmsp_timestamp=20260810164617,/Users/hong/Desktop/日本商品2/采集数据/images/192977967_M_0.jpg|/Users/hong/Desktop/日本商品2/采集数据/images/192977967_M_1.jpg|/Users/hong/Desktop/日本商品2/采集数据/images/192977967_M_2.jpg|/Users/hong/Desktop/日本商品2/采集数据/images/192977967_M_3.jpg|/Users/hong/Desktop/日本商品2/采集数据/images/192977967_M_4.jpg|/Users/hong/Desktop/日本商品2/采集数据/images/192977967_M_5.jpg|/Users/hong/Desktop/日本商品2/采集数据/images/192977967_M_6.jpg|/Users/hong/Desktop/日本商品2/采集数据/images/192977967_M_7.jpg
https://shop.toysanta.jp/?pid=192872130,192872130,"ホーム > キャラクター > サンリオ
",【全部揃ってます!!】やわもっち サンリオキャラクターズ CLEAR [全5種セット(フルコンプ)]【 ネコポス不可 】【C】,"2,100円(内税)",63pt,"この商品のラインナップを全て見る

 ▼この商品は【全5種セット(フルコンプ)】です。

 むきゅ～♪
 見た目も涼しげなやわもっちクリアverが登場です！

 英語名：Yawamocchi Sanrio Characters CLEAR Yell Capsule Toy

 このシリーズには5種類のラインナップがあります。
 お届け商品は、商品名及び画像のものになります。

 ・マイメロディ
 ・シナモロール
 ・タキシードサム
 ・ポムポムプリン
 ・ハローキティ

 キャラクター：サンリオ
 サイズ：全長約60-70mm
 材質：ATBC-PVC
 商品状態：新古品・未使用・ミニブック付属 ※カプセルは付属しません。内袋は未開封です。

 ■57873
 ■メーカー：エール
 ■分類：ガチャガチャ
 ■code：20260730
 ■JAN：4580800202706",https://img07.shop-pro.jp/PA01455/769/product/192872130.jpg?cmsp_timestamp=20260730135125|https://img07.shop-pro.jp/PA01455/769/product/192872130_o1.jpg?cmsp_timestamp=20260730135125|https://img07.shop-pro.jp/PA01455/769/product/192872130_o2.jpg?cmsp_timestamp=20260730135125,/Users/hong/Desktop/日本商品2/采集数据/images/192872130_M_0.jpg|/Users/hong/Desktop/日本商品2/采集数据/images/192872130_M_1.jpg|/Users/hong/Desktop/日本商品2/采集数据/images/192872130_M_2.jpg
https://shop.toysanta.jp/?pid=192872123,192872123,"ホーム > 模型・ミニチュア > 生き物
",【全部揃ってます!!】カプセルマリンパーク ペンギン [全5種セット(フルコンプ)]【 ネコポス不可 】,"1,600円(内税)",48pt,"この商品のラインナップを全て見る

 ▼この商品は【全5種セット(フルコンプ)】です。

 きらきらラメ貝殻カプセル♪
 全種ボールチェーン付き！

 英語名：Capsule Marine Park Penguin Yell Capsule Toy

 このシリーズには5種類のラインナップがあります。
 お届け商品は、商品名及び画像のものになります。

 ・むーす
 ・こんぺいとう
 ・くれーぷ
 ・あいす
 ・あんこ

 キャラクター：生き物
 サイズ：全高約68mm
 材質：ポリエステル,鉄
 商品状態：新古品・未使用・カプセル付属・ミニブック付属・内袋は未開封です。

 ■57871
 ■メーカー：エール
 ■分類：ガチャガチャ
 ■code：20260730
 ■JAN：4580800202959",https://img07.shop-pro.jp/PA01455/769/product/192872123.jpg?cmsp_timestamp=20260730135119|https://img07.shop-pro.jp/PA01455/769/product/192872123_o1.jpg?cmsp_timestamp=20260730135119|https://img07.shop-pro.jp/PA01455/769/product/192872123_o2.jpg?cmsp_timestamp=20260730135119,/Users/hong/Desktop/日本商品2/采集数据/images/192872123_M_0.jpg|/Users/hong/Desktop/日本商品2/采集数据/images/192872123_M_1.jpg|/Users/hong/Desktop/日本商品2/采集数据/images/192872123_M_2.jpg
https://shop.toysanta.jp/?pid=192872116,192872116,"ホーム > 模型・ミニチュア > 生き物
",【全部揃ってます!!】ふちやすみ ウーパールーパー [全5種セット(フルコンプ)]【ネコポス配送対応】【C】,"1,600円(内税)",48pt,"この商品のラインナップを全て見る

 ▼この商品は【全5種セット(フルコンプ)】です。

 ちょっとだけ ゆっくりしよ～♪
 ふちでのんびりする姿が可愛い★

 英語名：Fuchiyasumi Axolotl Yell Capsule Toy

 このシリーズには5種類のラインナップがあります。
 お届け商品は、商品名及び画像のものになります。

 ・ごろね
 ・ほおづえ
 ・うつぶせ
 ・すわり
 ・ふりむき

 キャラクター：生き物
 サイズ：全長約45-50mm
 材質：ATBC-PVC
 商品状態：新古品・未使用・ミニブック付属 ※カプセルは付属しません。内袋は未開封です。

 ■57870
 ■メーカー：エール
 ■分類：ガチャガチャ
 ■code：20260730
 ■JAN：4580800202898",https://img07.shop-pro.jp/PA01455/769/product/192872116.jpg?cmsp_timestamp=20260730135113|https://img07.shop-pro.jp/PA01455/769/product/192872116_o1.jpg?cmsp_timestamp=20260730135113|https://img07.shop-pro.jp/PA01455/769/product/192872116_o2.jpg?cmsp_timestamp=20260730135113|https://img07.shop-pro.jp/PA01455/769/product/192872116_o3.png?cmsp_timestamp=20260806164100|https://img07.shop-pro.jp/PA01455/769/product/192872116_o4.jpg?cmsp_timestamp=20260806164100|https://img07.shop-pro.jp/PA01455/769/product/192872116_o5.jpg?cmsp_timestamp=20260806164100|https://img07.shop-pro.jp/PA01455/769/product/192872116_o6.jpg?cmsp_timestamp=20260806164100|https://img07.shop-pro.jp/PA01455/769/product/192872116_o7.jpg?cmsp_timestamp=20260806164100,/Users/hong/Desktop/日本商品2/采集数据/images/192872116_M_0.jpg|/Users/hong/Desktop/日本商品2/采集数据/images/192872116_M_1.jpg|/Users/hong/Desktop/日本商品2/采集数据/images/192872116_M_2.jpg|/Users/hong/Desktop/日本商品2/采集数据/images/192872116_M_3.jpg|/Users/hong/Desktop/日本商品2/采集数据/images/192872116_M_4.jpg|/Users/hong/Desktop/日本商品2/采集数据/images/192872116_M_5.jpg|/Users/hong/Desktop/日本商品2/采集数据/images/192872116_M_6.jpg|/Users/hong/Desktop/日本商品2/采集数据/images/192872116_M_7.jpg
https://shop.toysanta.jp/?pid=192827453,192827453,"ホーム > コミック・アニメ(その他) > その他
",【全部揃ってます!!】TVアニメ『光が死んだ夏』 まちぼうけ [全4種セット(フルコンプ)]【ネコポス配送対応】【C】,"2,100円(内税)",63pt,"この商品のラインナップを全て見る

 ▼この商品は【全4種セット(フルコンプ)】です。

 「まちぼうけ」シリーズにTVアニメ『光が死んだ夏』が登場！
 儚いコンセプトが相性抜群です。

 英語名：TV Anime Hikaru ga Shinda Natsu Died Machiboke BANDAI Capsule Toy

 このシリーズには4種類のラインナップがあります。
 お届け商品は、商品名及び画像のものになります。

 ・辻中佳紀
 ・ヒカル
 ・田中
 ・山岸朝子

 キャラクター：光が死んだ夏
 サイズ：全高約40mm
 材質：***
 商品状態：新古品・未使用・ミニブック付属 ※カプセルは付属しません。内袋は未開封です。

 ■58191
 ■メーカー：バンダイ
 ■分類：ガチャガチャ
 ■code：20260728
 ■JAN：4582769981869",https://img07.shop-pro.jp/PA01455/769/product/192827453.jpg?cmsp_timestamp=20260728134055|https://img07.shop-pro.jp/PA01455/769/product/192827453_o1.jpg?cmsp_timestamp=20260728134055|https://img07.shop-pro.jp/PA01455/769/product/192827453_o2.jpg?cmsp_timestamp=20260728134055,/Users/hong/Desktop/日本商品2/采集数据/images/192827453_M_0.jpg|/Users/hong/Desktop/日本商品2/采集数据/images/192827453_M_1.jpg|/Users/hong/Desktop/日本商品2/采集数据/images/192827453_M_2.jpg
https://shop.toysanta.jp/?pid=192827423,192827423,"ホーム > 模型・ミニチュア > 生き物
",【全部揃ってます!!】なりきりシマエナガ お寿司 [全5種セット(フルコンプ)]【 ネコポス不可 】【C】,"2,000円(内税)",60pt,"この商品のラインナップを全て見る

 ▼この商品は【全5種セット(フルコンプ)】です。

 ふわふわの体と愛くるしいお顔のシマエナガたちがお寿司になって登場！
 ころんとしたボリュームのあるサイズ感で、集めて飾りたくなるラインナップです！

 英語名：Narikiri Shimaenaga Sushi BANDAI Capsule Toy

 このシリーズには5種類のラインナップがあります。
 お届け商品は、商品名及び画像のものになります。

 ・マグロ
 ・おいなりさん
 ・たまご
 ・いくら
 ・え・・・んがわ？

 キャラクター：生き物
 サイズ：全長約30-40mm
 材質：***
 商品状態：新古品・未使用・ミニブック付属 ※カプセルは付属しません。内袋は未開封です。

 ■58170
 ■メーカー：バンダイ
 ■分類：ガチャガチャ
 ■code：20260728
 ■JAN：4570118206541",https://img07.shop-pro.jp/PA01455/769/product/192827423.jpg?cmsp_timestamp=20260728134034|https://img07.shop-pro.jp/PA01455/769/product/192827423_o1.jpg?cmsp_timestamp=20260728134034|https://img07.shop-pro.jp/PA01455/769/product/192827423_o2.jpg?cmsp_timestamp=20260728134034,/Users/hong/Desktop/日本商品2/采集数据/images/192827423_M_0.jpg|/Users/hong/Desktop/日本商品2/采集数据/images/192827423_M_1.jpg|/Users/hong/Desktop/日本商品2/采集数据/images/192827423_M_2.jpg
https://shop.toysanta.jp/?pid=192827410,192827410,"ホーム > キャラクター > その他
",【全部揃ってます!!】ケアベア ブリスターチャームコレクション(再販) [全5種セット(フルコンプ)]【ネコポス配送対応】【C】,"2,500円(内税)",75pt,"この商品のラインナップを全て見る

 ▼この商品は【全5種セット(フルコンプ)】です。

 カラフルでかわいい！ケアベア(TM)のブリスター付きマスコットチャームが登場！
 全種ボールチェーン付き！

 英語名：Care Bears Blister Charm Collection BANDAI Capsule Toy

 このシリーズには5種類のラインナップがあります。
 お届け商品は、商品名及び画像のものになります。

 ・グッドラックベア
 ・チアベア
 ・ファンシャインベア
 ・シェアベア
 ・ウィッシュベア

 キャラクター：ケアベア
 サイズ：約50×42mm
 材質：***
 商品状態：新古品・未使用・ミニブック付属 ※カプセルは付属しません。内袋は未開封です。

 ■58195
 ■メーカー：バンダイ
 ■分類：ガチャガチャ
 ■code：20260728
 ■JAN：4582769889615",https://img07.shop-pro.jp/PA01455/769/product/192827410.jpg?cmsp_timestamp=20260728134024|https://img07.shop-pro.jp/PA01455/769/product/192827410_o1.jpg?cmsp_timestamp=20260728134024|https://img07.shop-pro.jp/PA01455/769/product/192827410_o2.jpg?cmsp_timestamp=20260728134024,/Users/hong/Desktop/日本商品2/采集数据/images/192827410_M_0.jpg|/Users/hong/Desktop/日本商品2/采集数据/images/192827410_M_1.jpg|/Users/hong/Desktop/日本商品2/采集数据/images/192827410_M_2.jpg
https://shop.toysanta.jp/?pid=192827360,192827360,"ホーム > 模型・ミニチュア > 生き物
",【全部揃ってます!!】ここだよますこっと海のやわらかさん [全6種セット(フルコンプ)]【ネコポス配送対応】【C】,"1,400円(内税)",42pt,"この商品のラインナップを全て見る

 ▼この商品は【全6種セット(フルコンプ)】です。

 海にいるやわらか～いおともだちがここだよますこっとになったよ！
 ゆるい表情が和んじゃうね～♪

 英語名：Kokodayo Mascot Umi no Yawaraka-san Amuse Capsule Toy

 このシリーズには6種類のラインナップがあります。
 お届け商品は、商品名及び画像のものになります。

 ・青いタコさん
 ・ウミミー
 ・ウーミィ
 ・ウーミン
 ・ウーシィ
 ・赤いタコさん

 キャラクター：生き物
 サイズ：全長約20-29mm
 材質：樹脂,亜鉛合金,シリコンゴム
 商品状態：新古品・未使用・ミニブック付属 ※カプセルは付属しません。内袋は未開封です。

 ■57851
 ■メーカー：アミューズ
 ■分類：ガチャガチャ
 ■code：20260728
 ■JAN：4534943761729",https://img07.shop-pro.jp/PA01455/769/product/192827360.jpg?cmsp_timestamp=20260728133949|https://img07.shop-pro.jp/PA01455/769/product/192827360_o1.jpg?cmsp_timestamp=20260728133949|https://img07.shop-pro.jp/PA01455/769/product/192827360_o2.jpg?cmsp_timestamp=20260728133949,/Users/hong/Desktop/日本商品2/采集数据/images/192827360_M_0.jpg|/Users/hong/Desktop/日本商品2/采集数据/images/192827360_M_1.jpg|/Users/hong/Desktop/日本商品2/采集数据/images/192827360_M_2.jpg
https://shop.toysanta.jp/?pid=192827331,192827331,"ホーム > オリジナル > クリエイター・アーティスト系
",【全部揃ってます!!】天候の呪い師 てるてるすずめ フィギュアコレクション(再販) [全5種セット(フルコンプ)]【 ネコポス不可 】【C】,"2,200円(内税)",66pt,"この商品のラインナップを全て見る

 ▼この商品は【全5種セット(フルコンプ)】です。

 アルニ工房さん監修「てるてる坊主×すずめ」異色の存在がフィギュアとなって降臨！
 ローブは着脱可能で中には可愛い雀さん♪
 ローブを脱がせば、まるっと雀が出てきます。

 英語名：Tenkonomajinaishi Teruteru Suzume Figure Collection Bright link Capsule Toy

 このシリーズには5種類のラインナップがあります。
 お届け商品は、商品名及び画像のものになります。

 ・菫紫の呪い師
 ・緋青の呪い師
 ・橙黄の呪い師
 ・蒼緑の呪い師
 ・黒白の呪い師

 キャラクター：アルニ工房
 サイズ：全高約50mm
 材質：PVC
 商品状態：新古品・未使用・ミニブック付属 ※カプセルは付属しません。内袋は未開封です。

 ■58009
 ■メーカー：ブライトリンク
 ■分類：ガチャガチャ
 ■code：20260728
 ■JAN：4573558505694",https://img07.shop-pro.jp/PA01455/769/product/192827331.jpg?cmsp_timestamp=20260728133931|https://img07.shop-pro.jp/PA01455/769/product/192827331_o1.jpg?cmsp_timestamp=20260728133931|https://img07.shop-pro.jp/PA01455/769/product/192827331_o2.jpg?cmsp_timestamp=20260728133931,/Users/hong/Desktop/日本商品2/采集数据/images/192827331_M_0.jpg|/Users/hong/Desktop/日本商品2/采集数据/images/192827331_M_1.jpg|/Users/hong/Desktop/日本商品2/采集数据/images/192827331_M_2.jpg
https://shop.toysanta.jp/?pid=192827324,192827324,"ホーム > 模型・ミニチュア > その他
",【全部揃ってます!!】ゆらゆらおなまえ札3 めじるしアクリルチャーム [全6種セット(フルコンプ)]【ネコポス配送対応】【C】,"1,900円(内税)",57pt,"この商品のラインナップを全て見る

 ▼この商品は【全6種セット(フルコンプ)】です。

 どこか懐かしいおなまえ札第3弾！
 ゆらゆら揺れるチャームがかわいい！
 名前を書いて自分だけの目印に♪

 英語名：Yurayura Name Tag Part.3 Mejirushi Acrylic Charm Bright link Capsule Toy

 このシリーズには6種類のラインナップがあります。
 お届け商品は、商品名及び画像のものになります。

 ・ちゅーりっぷ
 ・ひよこ
 ・はーと
 ・すたー
 ・くも
 ・ぺんぎん

 キャラクター：模型
 サイズ：全長約40mm
 材質：アクリル樹脂,鉄,シリコンゴム
 商品状態：新古品・未使用・ミニブック付属 ※カプセルは付属しません。内袋は未開封です。

 ■58001
 ■メーカー：ブライトリンク
 ■分類：ガチャガチャ
 ■code：20260728
 ■JAN：4573558507285",https://img07.shop-pro.jp/PA01455/769/product/192827324.jpg?cmsp_timestamp=20260728133927|https://img07.shop-pro.jp/PA01455/769/product/192827324_o1.jpg?cmsp_timestamp=20260728133927|https://img07.shop-pro.jp/PA01455/769/product/192827324_o2.jpg?cmsp_timestamp=20260728133927,/Users/hong/Desktop/日本商品2/采集数据/images/192827324_M_0.jpg|/Users/hong/Desktop/日本商品2/采集数据/images/192827324_M_1.jpg|/Users/hong/Desktop/日本商品2/采集数据/images/192827324_M_2.jpg
https://shop.toysanta.jp/?pid=192827280,192827280,"ホーム > キャラクター > サンリオ
",【全部揃ってます!!】サンリオキャラクターズ 平成レトロレッスンバッグミニキーホルダー [全5種セット(フルコンプ)]【ネコポス配送対応】【C】,"2,100円(内税)",63pt,"この商品のラインナップを全て見る

 ▼この商品は【全5種セット(フルコンプ)】です。

 なつかしいキルティング生地のレッスンバッグを、そのまま小さくしたようなキーホルダーの第2弾が登場！
 ファスナー付きで小物を入れるのもおすすめ♪
 全種ボールチェーン付き！

 英語名：Sanrio Characters Heisei Retro Lesson Bag Mini Keychain Benelic Capsule Toy

 このシリーズには5種類のラインナップがあります。
 お届け商品は、商品名及び画像のものになります。

 ・ウサハナ
 ・チャーミーキティ
 ・コロコロクリリン
 ・シナモロール
 ・シュガーバニーズ

 キャラクター：サンリオ
 サイズ：約W100×H75mm
 材質：ポリエステル,亜鉛合金,鉄
 商品状態：新古品・未使用・ミニブック付属 ※カプセルは付属しません。内袋は未開封です。

 ■58089
 ■メーカー：ベネリック
 ■分類：ガチャガチャ
 ■code：20260728
 ■JAN：4990593549696",https://img07.shop-pro.jp/PA01455/769/product/192827280.jpg?cmsp_timestamp=20260728133858|https://img07.shop-pro.jp/PA01455/769/product/192827280_o1.jpg?cmsp_timestamp=20260728133858|https://img07.shop-pro.jp/PA01455/769/product/192827280_o2.jpg?cmsp_timestamp=20260728133858,/Users/hong/Desktop/日本商品2/采集数据/images/192827280_M_0.jpg|/Users/hong/Desktop/日本商品2/采集数据/images/192827280_M_1.jpg|/Users/hong/Desktop/日本商品2/采集数据/images/192827280_M_2.jpg
https://shop.toysanta.jp/?pid=192803853,192803853,"ホーム > コミック・アニメ(その他) > その他
",【全部揃ってます!!】ちびまる子ちゃん フィンガーパペット [全4種セット(フルコンプ)]【ネコポス配送対応】【C】,"2,100円(内税)",63pt,"この商品のラインナップを全て見る

 ▼この商品は【全4種セット(フルコンプ)】です。

 ちびまる子ちゃんの人気キャラクターが指人形になったよ！
 全種ボールチェーン付きでバッグのアクセサリーに！
 SNS発信時のぬい撮りにもぴったり！
 指人形タイプでコミュニケーショングッズとしても使えます♪

 英語名：Chibi Maruko-chan Finger Puppet Yumeya Capsule Toy

 このシリーズには4種類のラインナップがあります。
 お届け商品は、商品名及び画像のものになります。

 ・まるちゃん
 ・たまちゃん
 ・うさぎ
 ・ねこ

 キャラクター：ちびまる子ちゃん 
 サイズ：全長約70-80mm
 材質：ポリエステル,鉄,シリコン
 商品状態：新古品・未使用・ミニブック付属 ※カプセルは付属しません。内袋は未開封です。

 ■57943
 ■メーカー：夢屋
 ■分類：ガチャガチャ
 ■code：20260727
 ■JAN：4582302294142",https://img07.shop-pro.jp/PA01455/769/product/192803853.jpg?cmsp_timestamp=20260727141445|https://img07.shop-pro.jp/PA01455/769/product/192803853_o1.jpg?cmsp_timestamp=20260727141445|https://img07.shop-pro.jp/PA01455/769/product/192803853_o2.jpg?cmsp_timestamp=20260727141445,/Users/hong/Desktop/日本商品2/采集数据/images/192803853_M_0.jpg|/Users/hong/Desktop/日本商品2/采集数据/images/192803853_M_1.jpg|/Users/hong/Desktop/日本商品2/采集数据/images/192803853_M_2.jpg
https://shop.toysanta.jp/?pid=192803848,192803848,"ホーム > キャラクター > NHK教育関連
",【全部揃ってます!!】ぐ～チョコランタン ぬいぐるみ巾着 [全4種セット(フルコンプ)]【ネコポス配送対応】【C】,"2,100円(内税)",63pt,"この商品のラインナップを全て見る

 ▼この商品は【全4種セット(フルコンプ)】です。

 平成レトロで人気のNHKキャラクターぐ～チョコランタンがぬいぐるみ巾着になったよ！
 ふわふわタイプのぬいぐるみでかわいい！
 お気に入りの物を入れてお出かけしよう。

 英語名：Goo Choco Lantan Plush Drawstring Bag Yumeya Capsule Toy

 このシリーズには4種類のラインナップがあります。
 お届け商品は、商品名及び画像のものになります。

 ・スプー
 ・アネム
 ・ズズ
 ・ジャコビ

 キャラクター：ぐ～チョコランタン 
 サイズ：全長約145mm
 材質：ポリエステル
 商品状態：新古品・未使用・ミニブック付属 ※カプセルは付属しません。内袋は未開封です。

 ■57940
 ■メーカー：夢屋
 ■分類：ガチャガチャ
 ■code：20260727
 ■JAN：4582302294128",https://img07.shop-pro.jp/PA01455/769/product/192803848.jpg?cmsp_timestamp=20260727141442|https://img07.shop-pro.jp/PA01455/769/product/192803848_o1.jpg?cmsp_timestamp=20260727141442|https://img07.shop-pro.jp/PA01455/769/product/192803848_o2.jpg?cmsp_timestamp=20260727141442,/Users/hong/Desktop/日本商品2/采集数据/images/192803848_M_0.jpg|/Users/hong/Desktop/日本商品2/采集数据/images/192803848_M_1.jpg|/Users/hong/Desktop/日本商品2/采集数据/images/192803848_M_2.jpg
https://shop.toysanta.jp/?pid=192803827,192803827,"ホーム > コミック・アニメ(ジャンプ) > ハイキュー!!
",【全部揃ってます!!】お茶友シリーズ ハイキュー!! 頂のブレイクタイム [全6種セット(フルコンプ)]【 ネコポス不可 】,"5,940円(内税)",177pt,"この商品のラインナップを全て見る

 ▼この商品は【全6種セット(フルコンプ)】です。

 『お茶友シリーズ』は、ティータイムを彩るをコンセプトにしたコレクションフィギュアです。
 付属の看板やコップに乗せて飾ることができたり、お手持ちのグラスにも乗せることができます。
 今回、アニメ「ハイキュー?」がついにお茶友シリーズにて登場です！
 日向達といっしょにいつもと「ちょっと」違った、楽しくて賑やかなティータイムをお楽しみください。

 英語名：Ochatomo Series Haikyuu!! Itadaki no Break Time MegaHouse Collection Toy

 このシリーズには6種類のラインナップがあります。
 お届け商品は、商品名及び画像のものになります。

 ・日向翔陽
 ・影山飛雄
 ・黒尾鉄朗
 ・孤爪研磨 
 ・宮 侑
 ・宮 治

 キャラクター：ハイキュー!!
 サイズ：全高約60-69mm
 材質：***
 商品状態：新品 ※ラインナップ確認のため箱の底を開封しています。内袋は未開封です。

 ■58316
 ■メーカー：メガハウス
 ■分類：BOXフィギュア
 ■code：20260727
 ■JAN：4535123848933",https://img07.shop-pro.jp/PA01455/769/product/192803827.jpg?cmsp_timestamp=20260727141429|https://img07.shop-pro.jp/PA01455/769/product/192803827_o1.jpg?cmsp_timestamp=20260727141429|https://img07.shop-pro.jp/PA01455/769/product/192803827_o2.jpg?cmsp_timestamp=20260727141429,/Users/hong/Desktop/日本商品2/采集数据/images/192803827_M_0.jpg|/Users/hong/Desktop/日本商品2/采集数据/images/192803827_M_1.jpg|/Users/hong/Desktop/日本商品2/采集数据/images/192803827_M_2.jpg
https://shop.toysanta.jp/?pid=192803797,192803797,"ホーム > コミック・アニメ(ジャンプ) > 鬼滅の刃
",【送料無料】【全部揃ってます!!】鬼滅の刃 炭治郎と仲間たちマスコットコレクション1 [全8種セット(フルコンプ)]【 ネコポス不可 】,"11,440円(内税)",342pt,"この商品のラインナップを全て見る

 ▼この商品は【全8種セット(フルコンプ)】です。

 TVアニメ『鬼滅の刃』より、炭治郎と仲間たちがコレクションアイテムとなって再登場です。
 かっこかわいいデフォルメと細やかな彩色の魅力が詰まったマスコットです。

 英語名：Demon Slayer: Kimetsu no Yaiba Tanjiro and Friends Mascot Collection [1] MegaHouse Collection Toy

 このシリーズには8種類のラインナップがあります。
 お届け商品は、商品名及び画像のものになります。

 ・竈門炭治郎
 ・竈門禰豆子
 ・我妻善逸
 ・嘴平伊之助
 ・冨岡義勇
 ・宇髄天元
 ・伊黒小芭内
 ・甘露寺蜜璃

 キャラクター：鬼滅の刃 
 サイズ：全高約48-54mm
 材質：***
 商品状態：新品 ※ラインナップ確認のため箱の底を開封しています。内袋は未開封です。

 ■58313
 ■メーカー：メガハウス
 ■分類：BOXフィギュア
 ■code：20260727
 ■JAN：4535123848858",https://img07.shop-pro.jp/PA01455/769/product/192803797.jpg?cmsp_timestamp=20260727141410|https://img07.shop-pro.jp/PA01455/769/product/192803797_o1.jpg?cmsp_timestamp=20260727141410|https://img07.shop-pro.jp/PA01455/769/product/192803797_o2.jpg?cmsp_timestamp=20260727141410,/Users/hong/Desktop/日本商品2/采集数据/images/192803797_M_0.jpg|/Users/hong/Desktop/日本商品2/采集数据/images/192803797_M_1.jpg|/Users/hong/Desktop/日本商品2/采集数据/images/192803797_M_2.jpg
https://shop.toysanta.jp/?pid=192779725,192779725,"ホーム > 模型・ミニチュア > 食べ物系
",【全部揃ってます!!】夏野菜日傘袋2 [全5種セット(フルコンプ)]【 ネコポス不可 】【C】,"2,600円(内税)",78pt,"この商品のラインナップを全て見る

 ▼この商品は【全5種セット(フルコンプ)】です。

 夏を象徴する野菜をモチーフにした「夏野菜日傘袋」に第2弾が登場！ 
 日傘の持ち運びスタイルに合わせて選べるラインナップ！

 英語名：Summer vegetable parasol bag Part.2 Tarlin International Capsule Toy

 このシリーズには5種類のラインナップがあります。
 お届け商品は、商品名及び画像のものになります。

 ・ゴーヤ(巾着)
 ・ナス(ショルダー)
 ・とうもろこし(取手付き巾着)
 ・トマト(巾着)
 ・えだまめ(ショルダー)

 キャラクター：食べ物
 サイズ：全長約95-340mm
 材質：ポリエステル,ナイロン,PP
 商品状態：新古品・未使用・ミニブック付属 ※カプセルは付属しません。内袋は未開封です。

 ■58153
 ■メーカー：ターリンインターナショナル
 ■分類：ガチャガチャ
 ■code：20260725
 ■JAN：4573626022696",https://img07.shop-pro.jp/PA01455/769/product/192779725.jpg?cmsp_timestamp=20260724180309|https://img07.shop-pro.jp/PA01455/769/product/192779725_o1.jpg?cmsp_timestamp=20260724180309|https://img07.shop-pro.jp/PA01455/769/product/192779725_o2.jpg?cmsp_timestamp=20260724180309,/Users/hong/Desktop/日本商品2/采集数据/images/192779725_M_0.jpg|/Users/hong/Desktop/日本商品2/采集数据/images/192779725_M_1.jpg|/Users/hong/Desktop/日本商品2/采集数据/images/192779725_M_2.jpg
https://shop.toysanta.jp/?pid=192779716,192779716,"ホーム > 模型・ミニチュア > その他
",【全部揃ってます!!】お守りアピるタグ [全5種セット(フルコンプ)]【ネコポス配送対応】【C】,"2,200円(内税)",66pt,"この商品のラインナップを全て見る

 ▼この商品は【全5種セット(フルコンプ)】です。

 推しのカードや写真を収納できるお守りモチーフケースが登場！
 表面には刺繍や箔押しで推し活祈願が書かれています！

 英語名：Omamori Appeal Tag Tarlin International Capsule Toy

 このシリーズには5種類のラインナップがあります。
 お届け商品は、商品名及び画像のものになります。

 ・桜(SAKURA)
 ・椿(TSUBAKI)
 ・紫陽花(AJISAI)
 ・向日葵(HIMAWARI)
 ・藤(FUJI)

 キャラクター：模型
 サイズ：約H120×W75mm
 材質：PU,ポリエステル,PP
 商品状態：新古品・未使用・ミニブック付属 ※カプセルは付属しません。内袋は未開封です。

 ■58150
 ■メーカー：ターリンインターナショナル
 ■分類：ガチャガチャ
 ■code：20260725
 ■JAN：4573626022719",https://img07.shop-pro.jp/PA01455/769/product/192779716.jpg?cmsp_timestamp=20260724180304|https://img07.shop-pro.jp/PA01455/769/product/192779716_o1.jpg?cmsp_timestamp=20260724180304|https://img07.shop-pro.jp/PA01455/769/product/192779716_o2.jpg?cmsp_timestamp=20260724180304,/Users/hong/Desktop/日本商品2/采集数据/images/192779716_M_0.jpg|/Users/hong/Desktop/日本商品2/采集数据/images/192779716_M_1.jpg|/Users/hong/Desktop/日本商品2/采集数据/images/192779716_M_2.jpg
https://shop.toysanta.jp/?pid=192779699,192779699,"ホーム > コミック・アニメ(その他) > その他
",【全部揃ってます!!】うちの3姉妹 ミニポーチ＆巾着2 [全5種セット(フルコンプ)]【ネコポス配送対応】【C】,"2,100円(内税)",63pt,"この商品のラインナップを全て見る

 ▼この商品は【全5種セット(フルコンプ)】です。

 前回大好評だった『うちの3姉妹ミニポーチ&巾着』に第2弾が登場！
 ミニポーチと巾着は前作よりもサイズアップし、より使い勝手が良くなりました♪
 あの名作が描かれたペンケースも仲間入り！

 英語名：Uchi no Sanshimai Mini Pouch & Kinchaku Part.2 Tarlin International Capsule Toy

 このシリーズには5種類のラインナップがあります。
 お届け商品は、商品名及び画像のものになります。

 ・3姉妹ミニポーチA
 ・3姉妹ミニポーチB
 ・ぷりてぃごっこペンケース
 ・3姉妹総柄巾着
 ・単行本第2巻風巾着

 キャラクター：うちの3姉妹
 サイズ：全長約135-200mm
 材質：PU,ポリエステル,Zn,ナイロン
 商品状態：新古品・未使用・ミニブック付属 ※カプセルは付属しません。内袋は未開封です。

 ■58149
 ■メーカー：ターリンインターナショナル
 ■分類：ガチャガチャ
 ■code：20260725
 ■JAN：4573626022733",https://img07.shop-pro.jp/PA01455/769/product/192779699.jpg?cmsp_timestamp=20260724180251|https://img07.shop-pro.jp/PA01455/769/product/192779699_o1.jpg?cmsp_timestamp=20260724180251|https://img07.shop-pro.jp/PA01455/769/product/192779699_o2.jpg?cmsp_timestamp=20260724180251,/Users/hong/Desktop/日本商品2/采集数据/images/192779699_M_0.jpg|/Users/hong/Desktop/日本商品2/采集数据/images/192779699_M_1.jpg|/Users/hong/Desktop/日本商品2/采集数据/images/192779699_M_2.jpg
https://shop.toysanta.jp/?pid=192779693,192779693,"ホーム > キャラクター > その他
",【全部揃ってます!!】平成メモリー ミニプロフ帳 プチキーホルダー [全6種セット(フルコンプ)]【ネコポス配送対応】【C】,"1,900円(内税)",57pt,"この商品のラインナップを全て見る

 ▼この商品は【全6種セット(フルコンプ)】です。

 ≪平成メモリーミニプロフ帳プチキーホルダー≫がカプセルトイで新登場！
 なつかしのプロフ帳が小さくなってプチキーホルダーになったよ！
 ちゃんと書き込めるようになってます♪
 全種ボールチェーン付き！

 英語名：Heisei Memories Mini Profile Book & Petite Keychain CRUX Capsule Toy

 このシリーズには6種類のラインナップがあります。
 お届け商品は、商品名及び画像のものになります。

 ・フワフワらびちゃんA
 ・フワフワらびちゃんB
 ・なっとうちゃんA
 ・なっとうちゃんB
 ・まじかるみゅーちゃんA
 ・まじかるみゅーちゃんB

 キャラクター：平成メモリー
 サイズ：約H55×W45×D15mm
 材質：紙,PVC
 商品状態：新古品・未使用・ミニブック付属 ※カプセルは付属しません。内袋は未開封です。

 ■57729
 ■メーカー：クラックス
 ■分類：ガチャガチャ
 ■code：20260725
 ■JAN：4550451409915",https://img07.shop-pro.jp/PA01455/769/product/192779693.jpg?cmsp_timestamp=20260724180246|https://img07.shop-pro.jp/PA01455/769/product/192779693_o1.jpg?cmsp_timestamp=20260724180246|https://img07.shop-pro.jp/PA01455/769/product/192779693_o2.jpg?cmsp_timestamp=20260724180246,/Users/hong/Desktop/日本商品2/采集数据/images/192779693_M_0.jpg|/Users/hong/Desktop/日本商品2/采集数据/images/192779693_M_1.jpg|/Users/hong/Desktop/日本商品2/采集数据/images/192779693_M_2.jpg
https://shop.toysanta.jp/?pid=192779627,192779627,"ホーム > 模型・ミニチュア > その他
",【全部揃ってます!!】モンストロール フィギュアコレクション [全6種セット(フルコンプ)]【 ネコポス不可 】【C】,"3,100円(内税)",93pt,"この商品のラインナップを全て見る

 ▼この商品は【全6種セット(フルコンプ)】です。

 出版業界に激震が走るほどの影響を与えた、塙 将良氏(画)、藤井 しん(文)のユニットが生み出す書籍、怪獣図鑑『モンストロール』。
 収録された12の部族に分かれた175体の怪獣たちの中からダラクサクム、オトトブブレ、ウツロメ団地A棟の3体を原作のモノクロを再現したモノクロームカラーとネオンカラーの各2色展開でフィギュア化。
 原作で緻密に描かれた文様を再現するため、ディティールを徹底追求。

 英語名：Monstroll Figure Collection Ken elephant Capsule Toy

 このシリーズには6種類のラインナップがあります。
 お届け商品は、商品名及び画像のものになります。

 ・オトトブブレ(Monochrome)
 ・オトトブブレ(Neon Yellow)
 ・ダラクサクム(Monochrome)
 ・ダラクサクム(Neon Green)
 ・ウツロメ団地A棟(Monochrome)
 ・ウツロメ団地A棟(Neon Pink)

 キャラクター：モンストロール
 サイズ：全高約67-85mm
 材質：PVC
 商品状態：新古品・未使用・ミニブック付属 ※カプセルは付属しません。内袋は未開封です。

 ■58016
 ■メーカー：ケンエレファント
 ■分類：ガチャガチャ
 ■code：20260725
 ■JAN：4582783899652",https://img07.shop-pro.jp/PA01455/769/product/192779627.jpg?cmsp_timestamp=20260724180151|https://img07.shop-pro.jp/PA01455/769/product/192779627_o1.jpg?cmsp_timestamp=20260724180151|https://img07.shop-pro.jp/PA01455/769/product/192779627_o2.jpg?cmsp_timestamp=20260724180151,/Users/hong/Desktop/日本商品2/采集数据/images/192779627_M_0.jpg|/Users/hong/Desktop/日本商品2/采集数据/images/192779627_M_1.jpg|/Users/hong/Desktop/日本商品2/采集数据/images/192779627_M_2.jpg
https://shop.toysanta.jp/?pid=192779619,192779619,"ホーム > 模型・ミニチュア > 生き物
",【全部揃ってます!!】小さい動物たち フィギュアコレクション Vol.2 [全4種セット(フルコンプ)]【ネコポス配送対応】【C】,"2,100円(内税)",63pt,"フォトレビューはこちら(トイサンタのブログへ移動します)


この商品のラインナップを全て見る

 ▼この商品は【全4種セット(フルコンプ)】です。

 「moriのえほん」として活躍するミニチュアぬいぐるみ作家、森田寛子氏の「小さな動物たち」第2弾が登場します。
 今回もアンティークな雰囲気と愛らしさをそのままに、新たな顔ぶれも追加されました。
 少し寂しげな表情がたまらなくかわいらしい、守ってあげたくなるコレクションです。

 英語名：Small Animals Figure Collection Vol.2 Ken elephant Capsule Toy

 このシリーズには4種類のラインナップがあります。
 お届け商品は、商品名及び画像のものになります。

 ・うさぎ
 ・ひよこ
 ・ひつじ
 ・ねこ

 キャラクター：生き物
 サイズ：全高約48-64mm
 材質：ABS,PVC,ナイロン
 商品状態：新古品・未使用・ミニブック付属 ※カプセルは付属しません。内袋は未開封です。

 ■58018
 ■メーカー：ケンエレファント
 ■分類：ガチャガチャ
 ■code：20260725
 ■JAN：4582783899744",https://img07.shop-pro.jp/PA01455/769/product/192779619.jpg?cmsp_timestamp=20260724180145|https://img07.shop-pro.jp/PA01455/769/product/192779619_o1.jpg?cmsp_timestamp=20260724180145|https://img07.shop-pro.jp/PA01455/769/product/192779619_o2.jpg?cmsp_timestamp=20260724180145|https://img07.shop-pro.jp/PA01455/769/product/192779619_o3.png?cmsp_timestamp=20260727163336|https://img07.shop-pro.jp/PA01455/769/product/192779619_o4.jpg?cmsp_timestamp=20260727172631|https://img07.shop-pro.jp/PA01455/769/product/192779619_o5.jpg?cmsp_timestamp=20260727172631|https://img07.shop-pro.jp/PA01455/769/product/192779619_o6.jpg?cmsp_timestamp=20260727172631|https://img07.shop-pro.jp/PA01455/769/product/192779619_o7.jpg?cmsp_timestamp=20260727172631|https://img07.shop-pro.jp/PA01455/769/product/192779619_o8.jpg?cmsp_timestamp=20260727172631|https://img07.shop-pro.jp/PA01455/769/product/192779619_o9.jpg?cmsp_timestamp=20260727172631|https://img07.shop-pro.jp/PA01455/769/product/192779619_o10.jpg?cmsp_timestamp=20260727172631|https://img07.shop-pro.jp/PA01455/769/product/192779619_o11.jpg?cmsp_timestamp=20260727172631|https://img07.shop-pro.jp/PA01455/769/product/192779619_o12.jpg?cmsp_timestamp=20260727172631|https://img07.shop-pro.jp/PA01455/769/product/192779619_o13.jpg?cmsp_timestamp=20260727172631|https://img07.shop-pro.jp/PA01455/769/product/192779619_o14.jpg?cmsp_timestamp=20260727172631|https://img07.shop-pro.jp/PA01455/769/product/192779619_o15.jpg?cmsp_timestamp=20260727172631|https://img07.shop-pro.jp/PA01455/769/product/192779619_o16.jpg?cmsp_timestamp=20260727172631|https://img07.shop-pro.jp/PA01455/769/product/192779619_o17.jpg?cmsp_timestamp=20260727172631|https://img07.shop-pro.jp/PA01455/769/product/192779619_o18.jpg?cmsp_timestamp=20260727172631|https://img07.shop-pro.jp/PA01455/769/product/192779619_o19.jpg?cmsp_timestamp=20260727172631|https://img07.shop-pro.jp/PA01455/769/product/192779619_o20.jpg?cmsp_timestamp=20260727172631|https://img07.shop-pro.jp/PA01455/769/product/192779619_o21.jpg?cmsp_timestamp=20260727172631|https://img07.shop-pro.jp/PA01455/769/product/192779619_o22.jpg?cmsp_timestamp=20260727172631|https://img07.shop-pro.jp/PA01455/769/product/192779619_o23.jpg?cmsp_timestamp=20260727172631|https://img07.shop-pro.jp/PA01455/769/product/192779619_o24.jpg?cmsp_timestamp=20260727172631|https://img07.shop-pro.jp/PA01455/769/product/192779619_o25.jpg?cmsp_timestamp=20260727172631,/Users/hong/Desktop/日本商品2/采集数据/images/192779619_M_0.jpg|/Users/hong/Desktop/日本商品2/采集数据/images/192779619_M_1.jpg|/Users/hong/Desktop/日本商品2/采集数据/images/192779619_M_2.jpg|/Users/hong/Desktop/日本商品2/采集数据/images/192779619_M_3.jpg|/Users/hong/Desktop/日本商品2/采集数据/images/192779619_M_4.jpg|/Users/hong/Desktop/日本商品2/采集数据/images/192779619_M_5.jpg|/Users/hong/Desktop/日本商品2/采集数据/images/192779619_M_6.jpg|/Users/hong/Desktop/日本商品2/采集数据/images/192779619_M_7.jpg|/Users/hong/Desktop/日本商品2/采集数据/images/192779619_M_8.jpg|/Users/hong/Desktop/日本商品2/采集数据/images/192779619_M_9.jpg|/Users/hong/Desktop/日本商品2/采集数据/images/192779619_M_10.jpg|/Users/hong/Desktop/日本商品2/采集数据/images/192779619_M_11.jpg|/Users/hong/Desktop/日本商品2/采集数据/images/192779619_M_12.jpg|/Users/hong/Desktop/日本商品2/采集数据/images/192779619_M_13.jpg|/Users/hong/Desktop/日本商品2/采集数据/images/192779619_M_14.jpg|/Users/hong/Desktop/日本商品2/采集数据/images/192779619_M_15.jpg|/Users/hong/Desktop/日本商品2/采集数据/images/192779619_M_16.jpg|/Users/hong/Desktop/日本商品2/采集数据/images/192779619_M_17.jpg|/Users/hong/Desktop/日本商品2/采集数据/images/192779619_M_18.jpg|/Users/hong/Desktop/日本商品2/采集数据/images/192779619_M_19.jpg|/Users/hong/Desktop/日本商品2/采集数据/images/192779619_M_20.jpg|/Users/hong/Desktop/日本商品2/采集数据/images/192779619_M_21.jpg|/Users/hong/Desktop/日本商品2/采集数据/images/192779619_M_22.jpg|/Users/hong/Desktop/日本商品2/采集数据/images/192779619_M_23.jpg|/Users/hong/Desktop/日本商品2/采集数据/images/192779619_M_24.jpg|/Users/hong/Desktop/日本商品2/采集数据/images/192779619_M_25.jpg
https://shop.toysanta.jp/?pid=192779608,192779608,"ホーム > キャラクター > サンリオ
",【全部揃ってます!!】サンリオキャラクターズ リンリン鈴ぬいぐるみ 日焼けデザイン [全4種セット(フルコンプ)]【 ネコポス不可 】【C】,"2,100円(内税)",63pt,"この商品のラインナップを全て見る

 ▼この商品は【全4種セット(フルコンプ)】です。

 リンリン鈴ぬいぐるみが人気の「日焼けデザイン」になって新登場！
 フェルトのサングラスマスコット付き鈴入りぬいぐるみです！
 全種ボールチェーン付き！

 英語名：Sanrio Characters Rinrin Bell Plush Hiyake design K2 Station Capsule Toy

 このシリーズには4種類のラインナップがあります。
 お届け商品は、商品名及び画像のものになります。

 ・ハローキティ
 ・マイメロディ
 ・クロミ
 ・ポムポムプリン

 キャラクター：サンリオ
 サイズ：全長約70-100mm
 材質：ポリエステル,鉄,PS
 商品状態：新古品・未使用・ミニブック付属 ※カプセルは付属しません。内袋は未開封です。

 ■57962
 ■メーカー：ケーツーステーション
 ■分類：ガチャガチャ
 ■code：20260725
 ■JAN：4515732214794",https://img07.shop-pro.jp/PA01455/769/product/192779608.jpg?cmsp_timestamp=20260724180135|https://img07.shop-pro.jp/PA01455/769/product/192779608_o1.jpg?cmsp_timestamp=20260724180135|https://img07.shop-pro.jp/PA01455/769/product/192779608_o2.jpg?cmsp_timestamp=20260724180135|https://img07.shop-pro.jp/PA01455/769/product/192779608_o3.png?cmsp_timestamp=20260727163134|https://img07.shop-pro.jp/PA01455/769/product/192779608_o4.jpg?cmsp_timestamp=20260727163134|https://img07.shop-pro.jp/PA01455/769/product/192779608_o5.jpg?cmsp_timestamp=20260727163134|https://img07.shop-pro.jp/PA01455/769/product/192779608_o6.jpg?cmsp_timestamp=20260727163134|https://img07.shop-pro.jp/PA01455/769/product/192779608_o7.jpg?cmsp_timestamp=20260727163134,/Users/hong/Desktop/日本商品2/采集数据/images/192779608_M_0.jpg|/Users/hong/Desktop/日本商品2/采集数据/images/192779608_M_1.jpg|/Users/hong/Desktop/日本商品2/采集数据/images/192779608_M_2.jpg|/Users/hong/Desktop/日本商品2/采集数据/images/192779608_M_3.jpg|/Users/hong/Desktop/日本商品2/采集数据/images/192779608_M_4.jpg|/Users/hong/Desktop/日本商品2/采集数据/images/192779608_M_5.jpg|/Users/hong/Desktop/日本商品2/采集数据/images/192779608_M_6.jpg|/Users/hong/Desktop/日本商品2/采集数据/images/192779608_M_7.jpg
https://shop.toysanta.jp/?pid=192779589,192779589,"ホーム > コミック・アニメ(その他) > ポケットモンスター
",【送料無料】【全部揃ってます!!】ポケモン Pop Melody [全6種セット(フルコンプ)]【 ネコポス不可 】(RM),"7,980円(内税)",237pt,"この商品のラインナップを全て見る

 ▼この商品は【全6種セット(フルコンプ)】です。

 歌い踊る姿が可愛い！ポケモンのインテリアフィギュア♪

 英語名：Pokemon Pop Melody RE-MENT Collection Toy

 このシリーズには6種類のラインナップがあります。
 お届け商品は、商品名及び画像のものになります。

 ・メロエッタ(ボイスフォルム)＆ピカチュウ
 ・ラプラス
 ・ピッピ＆プリン
 ・ニンフィア
 ・ぺラップ＆ホゲータ
 ・ジラーチ

 キャラクター：ポケットモンスター
 サイズ：全高約106-115mm
 材質：ATBC-PVC,ABS
 商品状態：新品未開封。

 ■58265
 ■メーカー：リーメント
 ■分類：BOXフィギュア
 ■code：20260725
 ■JAN：4521121700618",https://img07.shop-pro.jp/PA01455/769/product/192779589.jpg?cmsp_timestamp=20260724180118|https://img07.shop-pro.jp/PA01455/769/product/192779589_o1.jpg?cmsp_timestamp=20260724180118|https://img07.shop-pro.jp/PA01455/769/product/192779589_o2.jpg?cmsp_timestamp=20260724180118,/Users/hong/Desktop/日本商品2/采集数据/images/192779589_M_0.jpg|/Users/hong/Desktop/日本商品2/采集数据/images/192779589_M_1.jpg|/Users/hong/Desktop/日本商品2/采集数据/images/192779589_M_2.jpg
https://shop.toysanta.jp/?pid=192779582,192779582,"ホーム > キャラクター > サンリオ
",【送料無料】【全部揃ってます!!】クロミ Deco・Chara・Pouch [全6種セット(フルコンプ)]【 ネコポス不可 】(RM),"6,780円(内税)",201pt,"この商品のラインナップを全て見る

 ▼この商品は【全6種セット(フルコンプ)】です。

 クロミのぷっくり可愛い半立体デコパーツがいっぱい！
 ポーチに入れて持ち歩けるよ！
 全種ボールチェーン付き！

 ※配送方法によっては、箱を折りたたみ発送します。

 【賞味期限】ガムの為記載はありません。

 英語名：Kuromi Deco Chara Pouch RE-MENT Collection Toy

 このシリーズには6種類のラインナップがあります。
 お届け商品は、商品名及び画像のものになります。

 ・Street Casual
 ・New Retro POP!
 ・My Best Flavor
 ・Lolita Baby
 ・Candy
 ・Gothic

 キャラクター：サンリオ
 サイズ：全長約83-88mm
 材質：ATBC-PVC,金属
 商品状態：新品未開封。

 ■58267
 ■メーカー：リーメント
 ■分類：食玩
 ■code：20260725
 ■JAN：4521121700632",https://img07.shop-pro.jp/PA01455/769/product/192779582.jpg?cmsp_timestamp=20260724180111|https://img07.shop-pro.jp/PA01455/769/product/192779582_o1.jpg?cmsp_timestamp=20260724180111|https://img07.shop-pro.jp/PA01455/769/product/192779582_o2.jpg?cmsp_timestamp=20260724180111,/Users/hong/Desktop/日本商品2/采集数据/images/192779582_M_0.jpg|/Users/hong/Desktop/日本商品2/采集数据/images/192779582_M_1.jpg|/Users/hong/Desktop/日本商品2/采集数据/images/192779582_M_2.jpg
https://shop.toysanta.jp/?pid=192779575,192779575,"ホーム > キャラクター > サンリオ
",【送料無料】【全部揃ってます!!】シナモロールのふわふわカフェタイム [全6種セット(フルコンプ)]【 ネコポス不可 】(RM),"7,580円(内税)",225pt,"この商品のラインナップを全て見る

 ▼この商品は【全6種セット(フルコンプ)】です。

 シナモンと一緒にふんわりやさしいひととき。
 キャラクターはふわふわフロッキー♪

 【賞味期限】ガムの為記載はありません。

 英語名：Cinnamoroll Fluffy Cafe Time RE-MENT Collection Toy

 このシリーズには6種類のラインナップがあります。
 お届け商品は、商品名及び画像のものになります。

 ・なかよし
 ・おいしくなぁれ
 ・お砂糖ぎゅっ
 ・もぐもぐ
 ・ひょっこり！
 ・ぽかぽか

 キャラクター：サンリオ
 サイズ：全高約63-77mm
 材質：ATBC-PVC,ABS
 商品状態：新品未開封。

 ■58266
 ■メーカー：リーメント
 ■分類：食玩
 ■code：20260725
 ■JAN：4521121701073",https://img07.shop-pro.jp/PA01455/769/product/192779575.jpg?cmsp_timestamp=20260724180104|https://img07.shop-pro.jp/PA01455/769/product/192779575_o1.jpg?cmsp_timestamp=20260724180104|https://img07.shop-pro.jp/PA01455/769/product/192779575_o2.jpg?cmsp_timestamp=20260724180104,/Users/hong/Desktop/日本商品2/采集数据/images/192779575_M_0.jpg|/Users/hong/Desktop/日本商品2/采集数据/images/192779575_M_1.jpg|/Users/hong/Desktop/日本商品2/采集数据/images/192779575_M_2.jpg
https://shop.toysanta.jp/?pid=192779552,192779552,"ホーム > 特撮・ヒーロー > 戦隊ヒーロー
",【全部揃ってます!!】角醒ハンター オメガホーン SGエゴルギア01 [全8種セット(フルコンプ)]【 ネコポス不可 】,"4,400円(内税)",132pt,"この商品のラインナップを全て見る

 ▼この商品は【全8種セット(フルコンプ)】です。

 『角醒ハンター オメガホーン』より、番組登場のキーアイテム「エゴルギア」が登場！
 「角獣覚醒器DXオメガホーン(別売り)」と連動！
 さらに「DXオメガアナライザー(別売り)」と連動し、種類によってオメガアナライザーから鳴る音声が変化します。
 ※本商品単体から音声は鳴りません。

 【賞味期限】ラムネ菓子：2027年6月

 英語名：Horned Hunter Omega Horn SG Egolgear 01 BANDAI Collection Toy

 このシリーズには8種類のラインナップがあります。
 お届け商品は、商品名及び画像のものになります。

 ・エンカクエゴルギア
 ・デンカクエゴルギア
 ・ニンカクエゴルギア
 ・ロウカクエゴルギア
 ・ソウカクエゴルギア
 ・ホカクエゴルギア
 ・デンカク ヘンイシュエゴルギア
 ・ホカク ヘンイシュエゴルギア

 キャラクター：角醒ハンター オメガホーン
 サイズ：***
 材質：***
 商品状態：新品未開封

 ■58294
 ■メーカー：バンダイ
 ■分類：食玩
 ■code：20260725
 ■JAN：4570117934254",https://img07.shop-pro.jp/PA01455/769/product/192779552.jpg?cmsp_timestamp=20260724180040|https://img07.shop-pro.jp/PA01455/769/product/192779552_o1.jpg?cmsp_timestamp=20260724180040|https://img07.shop-pro.jp/PA01455/769/product/192779552_o2.jpg?cmsp_timestamp=20260724180040,/Users/hong/Desktop/日本商品2/采集数据/images/192779552_M_0.jpg|/Users/hong/Desktop/日本商品2/采集数据/images/192779552_M_1.jpg|/Users/hong/Desktop/日本商品2/采集数据/images/192779552_M_2.jpg
https://shop.toysanta.jp/?pid=192779539,192779539,"ホーム > ゲームキャラクター > その他
",【全部揃ってます!!】マインクラフト マスコット＆ビスケット [全10種セット(フルコンプ)]【ネコポス配送対応】【C】※お菓子は付属しません。,"4,900円(内税)",147pt,"この商品のラインナップを全て見る

 ▼この商品は【全10種セット(フルコンプ)】です。

 世界的大ヒットゲーム『MINECRAFT』より、ボールチェーン付きマスコットが登場！
 マスコットはドロップアイテム付きの豪華ダブルチャーム仕様！

 【賞味期限】ラインナップ確認の為開封してますので、お菓子は付属しません。

 英語名：MINECRAFT Mascot & Biscuit BANDAI Collection Toy

 このシリーズには10種類のラインナップがあります。
 お届け商品は、商品名及び画像のものになります。

 ・CREEPER
 ・SKELETON
 ・ZOMBIE
 ・VILLAGER
 ・SHEEP
 ・PIG
 ・WOLF
 ・CHICKEN
 ・PINK AXOLOTL
 ・レア：PINK SHEEP

 キャラクター：MINECRAFT
 サイズ：全長約25-40mm
 材質：PVC
 商品状態：マスコットのみです、お菓子及びパッケージは付属しません。

 ■58289
 ■メーカー：バンダイ
 ■分類：食玩
 ■code：20260725
 ■JAN：4570117923876",https://img07.shop-pro.jp/PA01455/769/product/192779539.jpg?cmsp_timestamp=20260724180031|https://img07.shop-pro.jp/PA01455/769/product/192779539_o1.jpg?cmsp_timestamp=20260724180031|https://img07.shop-pro.jp/PA01455/769/product/192779539_o2.jpg?cmsp_timestamp=20260724180031|https://img07.shop-pro.jp/PA01455/769/product/192779539_o3.png?cmsp_timestamp=20260727162514|https://img07.shop-pro.jp/PA01455/769/product/192779539_o4.jpg?cmsp_timestamp=20260727162514|https://img07.shop-pro.jp/PA01455/769/product/192779539_o5.jpg?cmsp_timestamp=20260727162514|https://img07.shop-pro.jp/PA01455/769/product/192779539_o6.jpg?cmsp_timestamp=20260727162514|https://img07.shop-pro.jp/PA01455/769/product/192779539_o7.jpg?cmsp_timestamp=20260727162514|https://img07.shop-pro.jp/PA01455/769/product/192779539_o8.jpg?cmsp_timestamp=20260727162514|https://img07.shop-pro.jp/PA01455/769/product/192779539_o9.jpg?cmsp_timestamp=20260727162514|https://img07.shop-pro.jp/PA01455/769/product/192779539_o10.jpg?cmsp_timestamp=20260727162514|https://img07.shop-pro.jp/PA01455/769/product/192779539_o11.jpg?cmsp_timestamp=20260727162514,/Users/hong/Desktop/日本商品2/采集数据/images/192779539_M_0.jpg|/Users/hong/Desktop/日本商品2/采集数据/images/192779539_M_1.jpg|/Users/hong/Desktop/日本商品2/采集数据/images/192779539_M_2.jpg|/Users/hong/Desktop/日本商品2/采集数据/images/192779539_M_3.jpg|/Users/hong/Desktop/日本商品2/采集数据/images/192779539_M_4.jpg|/Users/hong/Desktop/日本商品2/采集数据/images/192779539_M_5.jpg|/Users/hong/Desktop/日本商品2/采集数据/images/192779539_M_6.jpg|/Users/hong/Desktop/日本商品2/采集数据/images/192779539_M_7.jpg|/Users/hong/Desktop/日本商品2/采集数据/images/192779539_M_8.jpg|/Users/hong/Desktop/日本商品2/采集数据/images/192779539_M_9.jpg|/Users/hong/Desktop/日本商品2/采集数据/images/192779539_M_10.jpg|/Users/hong/Desktop/日本商品2/采集数据/images/192779539_M_11.jpg
https://shop.toysanta.jp/?pid=192769365,192769365,"ホーム > キャラクター > その他
",【全部揃ってます!!】ANGEL BLUE エンジェルブルー アクセサリーコレクション [全5種セット(フルコンプ)]【ネコポス配送対応】【C】,"2,600円(内税)",78pt,"この商品のラインナップを全て見る

 ▼この商品は【全5種セット(フルコンプ)】です。

 夏にぴったり♪
 エンジェルブルー のアクセサリーがカプセルトイに登場☆
 普段使いもできるメタルのアクセサリーだよ！

 英語名：ANGEL BLUE Accessory Collection Toys spirits Capsule Toy

 このシリーズには5種類のラインナップがあります。
 お届け商品は、商品名及び画像のものになります。

 ・ネックレス
 ・ブレスレット(ハナちゃん)
 ・ブレスレット(ナカムラくん)
 ・リング(ナカムラくん)
 ・リング(ハナちゃん)

 キャラクター：ANGEL BLUE
 サイズ：全長約23-45mm
 材質：金属,エポキシ樹脂,ガラス
 商品状態：新古品・未使用・ミニブック付属 ※カプセルは付属しません。内袋は未開封です。

 ■58036
 ■メーカー：トイズスピリッツ
 ■分類：ガチャガチャ
 ■code：20260724
 ■JAN：4580854481164",https://img07.shop-pro.jp/PA01455/769/product/192769365.jpg?cmsp_timestamp=20260724104906|https://img07.shop-pro.jp/PA01455/769/product/192769365_o1.jpg?cmsp_timestamp=20260724104906|https://img07.shop-pro.jp/PA01455/769/product/192769365_o2.jpg?cmsp_timestamp=20260724104906,/Users/hong/Desktop/日本商品2/采集数据/images/192769365_M_0.jpg|/Users/hong/Desktop/日本商品2/采集数据/images/192769365_M_1.jpg|/Users/hong/Desktop/日本商品2/采集数据/images/192769365_M_2.jpg
https://shop.toysanta.jp/?pid=192769358,192769358,"ホーム > 模型・ミニチュア > 生き物
",【全部揃ってます!!】トイスピの森！プチプチアニモマスコット プリティーまーけっと [全5種セット(フルコンプ)]【 ネコポス不可 】【C】,"1,600円(内税)",48pt,"この商品のラインナップを全て見る

 ▼この商品は【全5種セット(フルコンプ)】です。

 アニモたちのおみせ屋さんだよ！
 おみせにつけられる！付属のカット台紙とデコレーションシール付き！
 全種ボールチェーン付き！
 ※りんごあめ屋さんにはフィギュアは付属しません。
 ※ブリスタータイプは、中身を取り出すと元には戻せません！ご注意ください。

 英語名：Toyspi no mori! Petit Petit Animo mascot Pretty Market Toys spirits Capsule Toy

 このシリーズには5種類のラインナップがあります。
 お届け商品は、商品名及び画像のものになります。

 ・りんごあめ屋さん
 ・ことりのお花屋さん
 ・パンダのおもちゃ屋さん
 ・うさぎのドーナツ屋さん
 ・ねこのハンバーガー屋さん

 キャラクター：生き物
 サイズ：全長約47mm(りんごあめ屋さん),50mm(その他おみせ)
 材質：ABS,TPR,紙,ブリスター
 商品状態：新古品・未使用・ミニブック付属 ※カプセルは付属しません。内袋は未開封です。

 ■58029
 ■メーカー：トイズスピリッツ
 ■分類：ガチャガチャ
 ■code：20260724
 ■JAN：4580854481065",https://img07.shop-pro.jp/PA01455/769/product/192769358.jpg?cmsp_timestamp=20260724104900|https://img07.shop-pro.jp/PA01455/769/product/192769358_o1.jpg?cmsp_timestamp=20260724104900|https://img07.shop-pro.jp/PA01455/769/product/192769358_o2.jpg?cmsp_timestamp=20260724104900,/Users/hong/Desktop/日本商品2/采集数据/images/192769358_M_0.jpg|/Users/hong/Desktop/日本商品2/采集数据/images/192769358_M_1.jpg|/Users/hong/Desktop/日本商品2/采集数据/images/192769358_M_2.jpg
https://shop.toysanta.jp/?pid=192769351,192769351,"ホーム > キャラクター > その他
",【全部揃ってます!!】LOVE＆POP フィギュアキーホルダー [全4種セット(フルコンプ)]【ネコポス配送対応】【C】,"1,700円(内税)",51pt,"この商品のラインナップを全て見る

 ▼この商品は【全4種セット(フルコンプ)】です。

 新進気鋭のクリエイターから生まれた、宇宙のように創造性に溢れた猫たちの魅力を最大限に生かしたフィギュアギーホルダー！
 個性あふれるLOVE&POPの猫たちが立体化になりました。
 ラインナップ中2種はフロッキーを使用しキャラクターの特徴を再現しています。

 英語名：LOVE & POP Figure Keychain Stand stones Capsule Toy

 このシリーズには4種類のラインナップがあります。
 お届け商品は、商品名及び画像のものになります。

 ・グリーミィ(フロッキー仕様)
 ・フロニャム(フロッキー仕様)
 ・ホワン
 ・高橋君

 キャラクター：LOVE＆POP 
 サイズ：全長約20-40mm
 材質：PVC,鉄
 商品状態：新古品・未使用・ミニブック付属 ※カプセルは付属しません。内袋は未開封です。

 ■57919
 ■メーカー：スタンドストーンズ
 ■分類：ガチャガチャ
 ■code：20260724
 ■JAN：4589675718824",https://img07.shop-pro.jp/PA01455/769/product/192769351.jpg?cmsp_timestamp=20260724104855|https://img07.shop-pro.jp/PA01455/769/product/192769351_o1.jpg?cmsp_timestamp=20260724104855|https://img07.shop-pro.jp/PA01455/769/product/192769351_o2.jpg?cmsp_timestamp=20260724104855,/Users/hong/Desktop/日本商品2/采集数据/images/192769351_M_0.jpg|/Users/hong/Desktop/日本商品2/采集数据/images/192769351_M_1.jpg|/Users/hong/Desktop/日本商品2/采集数据/images/192769351_M_2.jpg
https://shop.toysanta.jp/?pid=192769345,192769345,"ホーム > キャラクター > その他
",【全部揃ってます!!】ANGEL BLUE エンジェルブルー ナカムラくんケーキパーティ☆ [全5種セット(フルコンプ)]【ネコポス配送対応】【C】,"1,600円(内税)",48pt,"この商品のラインナップを全て見る

 ▼この商品は【全5種セット(フルコンプ)】です。

 ナカムラくんたちがカワイイケーキになっちゃいました！
 5つ集めるとホールケーキになります！
 クリアカラーも使い、思いきりカラフルに仕上げたパーティ感あふれるデザインです。

 英語名：Angel Blue Nakamura-kun Cake Party Stand stones Capsule Toy

 このシリーズには5種類のラインナップがあります。
 お届け商品は、商品名及び画像のものになります。

 ・ナカムラくんA
 ・ナカムラくんB
 ・ハニーデビル
 ・ひつじクン
 ・ハナちゃん

 キャラクター：ANGEL BLUE
 サイズ：全高約32-35mm
 材質：PVC
 商品状態：新古品・未使用・ミニブック付属 ※カプセルは付属しません。内袋は未開封です。

 ■57921
 ■メーカー：スタンドストーンズ
 ■分類：ガチャガチャ
 ■code：20260724
 ■JAN：4589675718817",https://img07.shop-pro.jp/PA01455/769/product/192769345.jpg?cmsp_timestamp=20260724104850|https://img07.shop-pro.jp/PA01455/769/product/192769345_o1.jpg?cmsp_timestamp=20260724104850|https://img07.shop-pro.jp/PA01455/769/product/192769345_o2.jpg?cmsp_timestamp=20260724104850,/Users/hong/Desktop/日本商品2/采集数据/images/192769345_M_0.jpg|/Users/hong/Desktop/日本商品2/采集数据/images/192769345_M_1.jpg|/Users/hong/Desktop/日本商品2/采集数据/images/192769345_M_2.jpg
https://shop.toysanta.jp/?pid=192769339,192769339,"ホーム > 模型・ミニチュア > 生き物
",【全部揃ってます!!】ポジティブ！パンダ [全5種セット(フルコンプ)]【ネコポス配送対応】【C】,"1,600円(内税)",48pt,"この商品のラインナップを全て見る

 ▼この商品は【全5種セット(フルコンプ)】です。

 ポジティブなメッセージが記された風船で空を飛ぶパンダのストラップ付きフィギュアが登場！

 英語名：Positive! Panda Tarlin International Capsule Toy

 このシリーズには5種類のラインナップがあります。
 お届け商品は、商品名及び画像のものになります。

 ・グリーン
 ・イエロー
 ・ブルー
 ・ピンク
 ・パープル

 キャラクター：生き物
 サイズ：全長約35mm
 材質：PVC,ナイロン,PMMA
 商品状態：新古品・未使用・ミニブック付属 ※カプセルは付属しません。内袋は未開封です。

 ■58151
 ■メーカー：ターリンインターナショナル
 ■分類：ガチャガチャ
 ■code：20260724
 ■JAN：4573626022610",https://img07.shop-pro.jp/PA01455/769/product/192769339.jpg?cmsp_timestamp=20260724104846|https://img07.shop-pro.jp/PA01455/769/product/192769339_o1.jpg?cmsp_timestamp=20260724104846|https://img07.shop-pro.jp/PA01455/769/product/192769339_o2.jpg?cmsp_timestamp=20260724104846,/Users/hong/Desktop/日本商品2/采集数据/images/192769339_M_0.jpg|/Users/hong/Desktop/日本商品2/采集数据/images/192769339_M_1.jpg|/Users/hong/Desktop/日本商品2/采集数据/images/192769339_M_2.jpg
https://shop.toysanta.jp/?pid=192769332,192769332,"ホーム > 模型・ミニチュア > その他
",【全部揃ってます!!】蚊とれない線香 [全4種セット(フルコンプ)]【ネコポス配送対応】【C】,"1,300円(内税)",39pt,"この商品のラインナップを全て見る

 ▼この商品は【全4種セット(フルコンプ)】です。

 光を灯せば、夏になる
 全種ボールチェーン付き！

 ※虫よけ機能のない玩具です。
 ※ボタン電池内蔵(ボタン電池LR41×2個/電池交換可能)

 英語名：Ka torenai Senko Yell Capsule Toy

 このシリーズには4種類のラインナップがあります。
 お届け商品は、商品名及び画像のものになります。

 ・墨翠
 ・若草
 ・涼晶
 ・紫檀

 キャラクター：模型
 サイズ：全長約58mm
 材質：ABS,鉄
 商品状態：新古品・未使用・ミニブック付属 ※カプセルは付属しません。内袋は未開封です。

 ■57865
 ■メーカー：エール
 ■分類：ガチャガチャ
 ■code：20260724
 ■JAN：4580800202638",https://img07.shop-pro.jp/PA01455/769/product/192769332.jpg?cmsp_timestamp=20260724104841|https://img07.shop-pro.jp/PA01455/769/product/192769332_o1.jpg?cmsp_timestamp=20260724104841|https://img07.shop-pro.jp/PA01455/769/product/192769332_o2.jpg?cmsp_timestamp=20260724104841,/Users/hong/Desktop/日本商品2/采集数据/images/192769332_M_0.jpg|/Users/hong/Desktop/日本商品2/采集数据/images/192769332_M_1.jpg|/Users/hong/Desktop/日本商品2/采集数据/images/192769332_M_2.jpg
https://shop.toysanta.jp/?pid=192769320,192769320,"ホーム > コミック・アニメ(その他) > その他
",【全部揃ってます!!】ダンジョン飯 かぷっこふれんず [全7種セット(フルコンプ)]【ネコポス配送対応】【C】,"3,900円(内税)",117pt,"この商品のラインナップを全て見る

 ▼この商品は【全7種セット(フルコンプ)】です。

 TVアニメ『ダンジョン飯』のかぷっこふれんずがカプセルトイで登場！
 バッグなどに付けられる便利なゴムひも付きです！

 英語名：Delicious in dungeon Capkko Friends Fukuya Capsule Toy

 このシリーズには7種類のラインナップがあります。
 お届け商品は、商品名及び画像のものになります。

 ・ライオス
 ・マルシル
 ・チルチャック
 ・センシ
 ・イヅツミ
 ・ファリン
 ・歩き茸

 キャラクター：ダンジョン飯
 サイズ：全長約79-85mm
 材質：ポリエステル
 商品状態：新古品・未使用・ミニブック付属 ※カプセルは付属しません。内袋は未開封です。

 ■57955
 ■メーカー：フクヤ
 ■分類：ガチャガチャ
 ■code：20260724
 ■JAN：4573611790289",https://img07.shop-pro.jp/PA01455/769/product/192769320.jpg?cmsp_timestamp=20260724104831|https://img07.shop-pro.jp/PA01455/769/product/192769320_o1.jpg?cmsp_timestamp=20260724104831|https://img07.shop-pro.jp/PA01455/769/product/192769320_o2.jpg?cmsp_timestamp=20260724104831,/Users/hong/Desktop/日本商品2/采集数据/images/192769320_M_0.jpg|/Users/hong/Desktop/日本商品2/采集数据/images/192769320_M_1.jpg|/Users/hong/Desktop/日本商品2/采集数据/images/192769320_M_2.jpg
https://shop.toysanta.jp/?pid=192769312,192769312,"ホーム > コミック・アニメ(その他) > その他
",【全部揃ってます!!】ちびまる子ちゃん さよなら鍵迷子 [全7種セット(フルコンプ)]【ネコポス配送対応】【C】,"2,900円(内税)",87pt,"この商品のラインナップを全て見る

 ▼この商品は【全7種セット(フルコンプ)】です。

 国民的大人気マンガ！『ちびまる子ちゃん』のさよなら鍵迷子がカプセルトイに登場！
 鍵がすぐ見つかってとっても便利♪
 もちろんクリップとして使っても！

 英語名：Chibi Maruko-chan Goodbye Lost Keys Fukuya Capsule Toy

 このシリーズには7種類のラインナップがあります。
 お届け商品は、商品名及び画像のものになります。

 ・まる子
 ・たまちゃん
 ・花輪クン
 ・丸尾君
 ・みぎわさん
 ・大野君
 ・杉山君

 キャラクター：ちびまる子ちゃん
 サイズ：全長約55-65mm
 材質：ラバー,鉄
 商品状態：新古品・未使用・ミニブック付属 ※カプセルは付属しません。内袋は未開封です。

 ■57956
 ■メーカー：フクヤ
 ■分類：ガチャガチャ
 ■code：20260724
 ■JAN：4573611790579",https://img07.shop-pro.jp/PA01455/769/product/192769312.jpg?cmsp_timestamp=20260724104824|https://img07.shop-pro.jp/PA01455/769/product/192769312_o1.jpg?cmsp_timestamp=20260724104824|https://img07.shop-pro.jp/PA01455/769/product/192769312_o2.jpg?cmsp_timestamp=20260724104824,/Users/hong/Desktop/日本商品2/采集数据/images/192769312_M_0.jpg|/Users/hong/Desktop/日本商品2/采集数据/images/192769312_M_1.jpg|/Users/hong/Desktop/日本商品2/采集数据/images/192769312_M_2.jpg
https://shop.toysanta.jp/?pid=192769296,192769296,"ホーム > キャラクター > その他
",【全部揃ってます!!】うさぎのモフィ ぬいぐるみマスコット [全5種セット(フルコンプ)]【 ネコポス不可 】【C】,"2,600円(内税)",78pt,"この商品のラインナップを全て見る

 ▼この商品は【全5種セット(フルコンプ)】です。

 ころんと手のひらサイズでカバンにつけやすい！
 どのキャラクターも刺繍が細かく施されており、ハイクオリティです！
 全種ボールチェーン付き！

 英語名：Mofy Plush Mascot K Company Capsule

 このシリーズには5種類のラインナップがあります。
 お届け商品は、商品名及び画像のものになります。

 ・モフィ
 ・ケリー
 ・モグ
 ・リー
 ・アヒルの赤ちゃん

 キャラクター：うさぎのモフィ
 サイズ：全長約68-93mm
 材質：ポリエステル
 商品状態：新古品・未使用・ミニブック付属 ※カプセルは付属しません。内袋は未開封です。

 ■57996
 ■メーカー：ケイカンパニー
 ■分類：ガチャガチャ
 ■code：20260724
 ■JAN：4930972624071",https://img07.shop-pro.jp/PA01455/769/product/192769296.jpg?cmsp_timestamp=20260724104811|https://img07.shop-pro.jp/PA01455/769/product/192769296_o1.jpg?cmsp_timestamp=20260724104811|https://img07.shop-pro.jp/PA01455/769/product/192769296_o2.jpg?cmsp_timestamp=20260724104811|https://img07.shop-pro.jp/PA01455/769/product/192769296_o3.png?cmsp_timestamp=20260725165103|https://img07.shop-pro.jp/PA01455/769/product/192769296_o4.jpg?cmsp_timestamp=20260725165103|https://img07.shop-pro.jp/PA01455/769/product/192769296_o5.jpg?cmsp_timestamp=20260725165103|https://img07.shop-pro.jp/PA01455/769/product/192769296_o6.jpg?cmsp_timestamp=20260725165103|https://img07.shop-pro.jp/PA01455/769/product/192769296_o7.jpg?cmsp_timestamp=20260725165103|https://img07.shop-pro.jp/PA01455/769/product/192769296_o8.jpg?cmsp_timestamp=20260725165103|https://img07.shop-pro.jp/PA01455/769/product/192769296_o9.jpg?cmsp_timestamp=20260725165103,/Users/hong/Desktop/日本商品2/采集数据/images/192769296_M_0.jpg|/Users/hong/Desktop/日本商品2/采集数据/images/192769296_M_1.jpg|/Users/hong/Desktop/日本商品2/采集数据/images/192769296_M_2.jpg|/Users/hong/Desktop/日本商品2/采集数据/images/192769296_M_3.jpg|/Users/hong/Desktop/日本商品2/采集数据/images/192769296_M_4.jpg|/Users/hong/Desktop/日本商品2/采集数据/images/192769296_M_5.jpg|/Users/hong/Desktop/日本商品2/采集数据/images/192769296_M_6.jpg|/Users/hong/Desktop/日本商品2/采集数据/images/192769296_M_7.jpg|/Users/hong/Desktop/日本商品2/采集数据/images/192769296_M_8.jpg|/Users/hong/Desktop/日本商品2/采集数据/images/192769296_M_9.jpg
https://shop.toysanta.jp/?pid=192769284,192769284,"ホーム > キャラクター > その他
",【全部揃ってます!!】Butterbear アクリルゆらゆらマーカー [全5種セット(フルコンプ)]【ネコポス配送対応】【C】,"2,400円(内税)",72pt,"この商品のラインナップを全て見る

 ▼この商品は【全5種セット(フルコンプ)】です。

 タイを拠点に世界中で愛されているキャラクター「Butterbear」がカプセルトイに登場！

 英語名：Butterbear Acrylic Yurayura Marker SKJAPAN Capsule Toy

 このシリーズには5種類のラインナップがあります。
 お届け商品は、商品名及び画像のものになります。

 ・Sweetheart
 ・Cupcake
 ・Pinkie Hug
 ・Dotty Kiss
 ・Lolli Love

 キャラクター：Butterbear 
 サイズ：全長約36-40mm
 材質：アクリル樹脂,シリコン,亜鉛合金
 商品状態：新古品・未使用・ミニブック付属 ※カプセルは付属しません。内袋は未開封です。

 ■57927
 ■メーカー：SKJAPAN
 ■分類：ガチャガチャ
 ■code：20260724
 ■JAN：4519869627830",https://img07.shop-pro.jp/PA01455/769/product/192769284.jpg?cmsp_timestamp=20260724104802|https://img07.shop-pro.jp/PA01455/769/product/192769284_o1.jpg?cmsp_timestamp=20260724104802|https://img07.shop-pro.jp/PA01455/769/product/192769284_o2.jpg?cmsp_timestamp=20260724104802,/Users/hong/Desktop/日本商品2/采集数据/images/192769284_M_0.jpg|/Users/hong/Desktop/日本商品2/采集数据/images/192769284_M_1.jpg|/Users/hong/Desktop/日本商品2/采集数据/images/192769284_M_2.jpg
https://shop.toysanta.jp/?pid=192769280,192769280,"ホーム > 模型・ミニチュア > 生き物
",【全部揃ってます!!】ふわふわな海のいきもの チャームコレクション [全5種セット(フルコンプ)]【ネコポス配送対応】【C】,"1,650円(内税)",48pt,"この商品のラインナップを全て見る

 ▼この商品は【全5種セット(フルコンプ)】です。

 ふわふわなフロッキーの仕様がとっても可愛い海のいきもの達がチャームになって登場！

 英語名：Fuwafuwa na Sea Creature Charm Collection SKJAPAN Capsule Toy

 このシリーズには5種類のラインナップがあります。
 お届け商品は、商品名及び画像のものになります。

 ・しろくま
 ・しろくま(おすわり)
 ・ぺんぎん
 ・らっこ
 ・あざらし

 キャラクター：生き物
 サイズ：全長約20-33mm
 材質：ポリレジン,アクリル,亜鉛合金
 商品状態：新古品・未使用・ミニブック付属 ※カプセルは付属しません。内袋は未開封です。

 ■57925
 ■メーカー：SKJAPAN
 ■分類：ガチャガチャ
 ■code：20260724
 ■JAN：4519869627823",https://img07.shop-pro.jp/PA01455/769/product/192769280.jpg?cmsp_timestamp=20260724104758|https://img07.shop-pro.jp/PA01455/769/product/192769280_o1.jpg?cmsp_timestamp=20260724104758|https://img07.shop-pro.jp/PA01455/769/product/192769280_o2.jpg?cmsp_timestamp=20260724104758|https://img07.shop-pro.jp/PA01455/769/product/192769280_o3.png?cmsp_timestamp=20260725164913|https://img07.shop-pro.jp/PA01455/769/product/192769280_o4.jpg?cmsp_timestamp=20260725164913|https://img07.shop-pro.jp/PA01455/769/product/192769280_o5.jpg?cmsp_timestamp=20260725164913|https://img07.shop-pro.jp/PA01455/769/product/192769280_o6.jpg?cmsp_timestamp=20260725164913|https://img07.shop-pro.jp/PA01455/769/product/192769280_o7.jpg?cmsp_timestamp=20260725164913,/Users/hong/Desktop/日本商品2/采集数据/images/192769280_M_0.jpg|/Users/hong/Desktop/日本商品2/采集数据/images/192769280_M_1.jpg|/Users/hong/Desktop/日本商品2/采集数据/images/192769280_M_2.jpg|/Users/hong/Desktop/日本商品2/采集数据/images/192769280_M_3.jpg|/Users/hong/Desktop/日本商品2/采集数据/images/192769280_M_4.jpg|/Users/hong/Desktop/日本商品2/采集数据/images/192769280_M_5.jpg|/Users/hong/Desktop/日本商品2/采集数据/images/192769280_M_6.jpg|/Users/hong/Desktop/日本商品2/采集数据/images/192769280_M_7.jpg
https://shop.toysanta.jp/?pid=192769273,192769273,"ホーム > 模型・ミニチュア > 生き物
",【全部揃ってます!!】あそべる生物フィギュアシリーズ ガチャアクション THE恐竜 太古からのメッセージ [全4種セット(フルコンプ)]【 ネコポス不可 】【C】,"1,300円(内税)",39pt,"この商品のラインナップを全て見る

 ▼この商品は【全4種セット(フルコンプ)】です。

 迫力の造形と可動ギミックが人気の「あそべる生物フィギュア」シリーズに、ボリュームたっぷりの恐竜が仲間入り。
 それぞれ口や頭、前後のあし、尾などが可動し、「プレシオサウルス」は特徴的な長い首も可動します。

 英語名：Gacha Action THE Dinosaur A Message from Ancient Times TakaraTomyArts Capsule Toy

 このシリーズには4種類のラインナップがあります。
 お届け商品は、商品名及び画像のものになります。

 ・スピノサウルス
 ・ティラノサウルス 化石ver.
 ・プレシオサウルス
 ・アンキロサウルス

 キャラクター：生き物
 サイズ：全長約85-135mm
 材質：PVC
 商品状態：新古品・未使用・ミニブック付属 ※カプセルは付属しません。内袋は未開封です。

 ■58113
 ■メーカー：タカラトミーアーツ
 ■分類：ガチャガチャ
 ■code：20260724
 ■JAN：4904790902062",https://img07.shop-pro.jp/PA01455/769/product/192769273.jpg?cmsp_timestamp=20260724104753|https://img07.shop-pro.jp/PA01455/769/product/192769273_o1.jpg?cmsp_timestamp=20260724104753|https://img07.shop-pro.jp/PA01455/769/product/192769273_o2.jpg?cmsp_timestamp=20260724104753,/Users/hong/Desktop/日本商品2/采集数据/images/192769273_M_0.jpg|/Users/hong/Desktop/日本商品2/采集数据/images/192769273_M_1.jpg|/Users/hong/Desktop/日本商品2/采集数据/images/192769273_M_2.jpg
https://shop.toysanta.jp/?pid=192769262,192769262,"ホーム > コミック・アニメ(ジャンプ) > 僕のヒーローアカデミア
",【全部揃ってます!!】僕のヒーローアカデミア キービュアル ポーチでらっくす [全8種セット(フルコンプ)]【 ネコポス不可 】【C】,"3,300円(内税)",99pt,"この商品のラインナップを全て見る

 ▼この商品は【全8種セット(フルコンプ)】です。

 歴代キービジュアルを使用したクールなポーチが登場！

 英語名：My Hero Academia Key Visual Pouch Deluxe TakaraTomyArts Capsule Toy

 このシリーズには8種類のラインナップがあります。
 お届け商品は、商品名及び画像のものになります。

 ・第1期
 ・第2期
 ・第3期
 ・第4期
 ・第5期
 ・第6期
 ・第7期
 ・FINAL SEASON

 キャラクター：僕のヒーローアカデミア 
 サイズ：約295×215mm
 材質：ポリエステル,ナイロン,POM
 商品状態：新古品・未使用・ミニブック付属 ※カプセルは付属しません。内袋は未開封です。

 ■58126
 ■メーカー：タカラトミーアーツ
 ■分類：ガチャガチャ
 ■code：20260724
 ■JAN：4904790908804",https://img07.shop-pro.jp/PA01455/769/product/192769262.jpg?cmsp_timestamp=20260724104745|https://img07.shop-pro.jp/PA01455/769/product/192769262_o1.jpg?cmsp_timestamp=20260724104745|https://img07.shop-pro.jp/PA01455/769/product/192769262_o2.jpg?cmsp_timestamp=20260724104745,/Users/hong/Desktop/日本商品2/采集数据/images/192769262_M_0.jpg|/Users/hong/Desktop/日本商品2/采集数据/images/192769262_M_1.jpg|/Users/hong/Desktop/日本商品2/采集数据/images/192769262_M_2.jpg
https://shop.toysanta.jp/?pid=192754349,192754349,"ホーム > キャラクター > SNSキャラクター
",【全部揃ってます!!】スタジオUG にしむらゆうじ ぷぅとーとばっぐ [全5種セット(フルコンプ)]【ネコポス配送対応】【C】,"2,100円(内税)",63pt,"この商品のラインナップを全て見る

 ▼この商品は【全5種セット(フルコンプ)】です。

 ご好評につき第3弾！
 『スタジオUG にしむらゆうじ ぷぅとーとばっく』がカプセルトイに新登場！
 表情がかわいすぎる♪
 マチ付きで便利なトートバック！

 英語名：Studio UG Nishimura Yuji Puu Tote Bag Peanuts Club Capsule Toy

 このシリーズには5種類のラインナップがあります。
 お届け商品は、商品名及び画像のものになります。

 ・ごきげんぱんだ
 ・こねずみ
 ・ラブラビット
 ・わるめのねこ
 ・金田こん

 キャラクター：スタジオUG にしむらゆうじ
 サイズ：約W290×H260×D55mm
 材質：ポリエステル
 商品状態：新古品・未使用・ミニブック付属 ※カプセルは付属しません。内袋は未開封です。

 ■58079
 ■メーカー：ピーナッツクラブ
 ■分類：ガチャガチャ
 ■code：20260723
 ■JAN：4580610323400",https://img07.shop-pro.jp/PA01455/769/product/192754349.jpg?cmsp_timestamp=20260723085347|https://img07.shop-pro.jp/PA01455/769/product/192754349_o1.jpg?cmsp_timestamp=20260723085347|https://img07.shop-pro.jp/PA01455/769/product/192754349_o2.jpg?cmsp_timestamp=20260723085347,/Users/hong/Desktop/日本商品2/采集数据/images/192754349_M_0.jpg|/Users/hong/Desktop/日本商品2/采集数据/images/192754349_M_1.jpg|/Users/hong/Desktop/日本商品2/采集数据/images/192754349_M_2.jpg
https://shop.toysanta.jp/?pid=192737328,192737328,"ホーム > キャラクター > その他
",【全部揃ってます!!】カミオジャパンキャラクターズ タイルシールミニチュアチャーム2 [全5種セット(フルコンプ)]【ネコポス配送対応】【C】,"1,600円(内税)",48pt,"この商品のラインナップを全て見る

 ▼この商品は【全5種セット(フルコンプ)】です。

 大好評だった『カミオジャパン』『クラックス』の、タイルシールミニチュアチャーム第2弾がカプセルトイに登場！！
 キラキラ★のラメ入りでとっても可愛い！
 ボールチェーンつきなので、ポーチやカバンなど色々なところに付けることができます♪

 英語名：Kamio Japan Characters Tile Sticker Miniature Charm Part.2 Fukuya Capsule Toy

 このシリーズには5種類のラインナップがあります。
 お届け商品は、商品名及び画像のものになります。

 ・あわわちゃん
 ・フワフワ らびちゃん
 ・ハッピーマーチ
 ・ラブ友
 ・なっとうちゃん

 キャラクター：カミオジャパン
 サイズ：全長約56mm
 材質：アクリル,鉄
 商品状態：新古品・未使用・ミニブック付属 ※カプセルは付属しません。内袋は未開封です。

 ■57957
 ■メーカー：フクヤ
 ■分類：ガチャガチャ
 ■code：20260722
 ■JAN：4573611790647",https://img07.shop-pro.jp/PA01455/769/product/192737328.jpg?cmsp_timestamp=20260722084843|https://img07.shop-pro.jp/PA01455/769/product/192737328_o1.jpg?cmsp_timestamp=20260722084843|https://img07.shop-pro.jp/PA01455/769/product/192737328_o2.jpg?cmsp_timestamp=20260722084843|https://img07.shop-pro.jp/PA01455/769/product/192737328_o3.png?cmsp_timestamp=20260724192118|https://img07.shop-pro.jp/PA01455/769/product/192737328_o4.jpg?cmsp_timestamp=20260724192118|https://img07.shop-pro.jp/PA01455/769/product/192737328_o5.jpg?cmsp_timestamp=20260724192118|https://img07.shop-pro.jp/PA01455/769/product/192737328_o6.jpg?cmsp_timestamp=20260724192118|https://img07.shop-pro.jp/PA01455/769/product/192737328_o7.jpg?cmsp_timestamp=20260724192118,/Users/hong/Desktop/日本商品2/采集数据/images/192737328_M_0.jpg|/Users/hong/Desktop/日本商品2/采集数据/images/192737328_M_1.jpg|/Users/hong/Desktop/日本商品2/采集数据/images/192737328_M_2.jpg|/Users/hong/Desktop/日本商品2/采集数据/images/192737328_M_3.jpg|/Users/hong/Desktop/日本商品2/采集数据/images/192737328_M_4.jpg|/Users/hong/Desktop/日本商品2/采集数据/images/192737328_M_5.jpg|/Users/hong/Desktop/日本商品2/采集数据/images/192737328_M_6.jpg|/Users/hong/Desktop/日本商品2/采集数据/images/192737328_M_7.jpg
https://shop.toysanta.jp/?pid=192737309,192737309,"ホーム > 模型・ミニチュア > 生き物
",【全部揃ってます!!】こぼすシリーズ おみそ汁 ネコ編 [全5種セット(フルコンプ)]【ネコポス配送対応】【C】,"2,600円(内税)",78pt,"この商品のラインナップを全て見る

 ▼この商品は【全5種セット(フルコンプ)】です。

 つまずく猫！飛び散る汁―――！
 そんな悲劇的な瞬間を切り取った、ドラマティックなフィギュアが登場します。
 本シリーズは名付けて「こぼすシリーズ」。日常に潜むほんの一瞬のハプニングを、緊張感のある造形で立体化しました。
 石に足を取られた瞬間を表現したアクロバティックなポージングでありながら、補助パーツなしで自立する絶妙なバランスに注目。さらに、器から勢いよく飛び出すおみそ汁の液体表現、足元の「ガッ」というオノマトペ、ぴんと逆立つしっぽなどマンガ的表現も見どころのひとつです。
 出オチ的な面白さだけでは終わらない、細部まで丁寧にこだわって制作しました。
 思わず欲しくなる『ヤッチマッタ瞬間』をお楽しみください！

 英語名：Kobosu Series Miso Soup Cat Edition KITANCLUB Capsule Toy

 このシリーズには5種類のラインナップがあります。
 お届け商品は、商品名及び画像のものになります。

 ・ハチワレ
 ・シロ
 ・トラ
 ・クロ
 ・ミケ

 キャラクター：生き物
 サイズ：全高約56mm
 材質：PVC(ST基準対応可塑剤使用)
 商品状態：新古品・未使用・ミニブック付属 ※カプセルは付属しません。内袋は未開封です。

 ■58141
 ■メーカー：キタンクラブ
 ■分類：ガチャガチャ
 ■code：20260722
 ■JAN：4571670333300",https://img07.shop-pro.jp/PA01455/769/product/192737309.jpg?cmsp_timestamp=20260722084827|https://img07.shop-pro.jp/PA01455/769/product/192737309_o1.jpg?cmsp_timestamp=20260722084827|https://img07.shop-pro.jp/PA01455/769/product/192737309_o2.jpg?cmsp_timestamp=20260722084827|https://img07.shop-pro.jp/PA01455/769/product/192737309_o3.png?cmsp_timestamp=20260724191631|https://img07.shop-pro.jp/PA01455/769/product/192737309_o4.jpg?cmsp_timestamp=20260724191631|https://img07.shop-pro.jp/PA01455/769/product/192737309_o5.jpg?cmsp_timestamp=20260724191631|https://img07.shop-pro.jp/PA01455/769/product/192737309_o6.jpg?cmsp_timestamp=20260724191631|https://img07.shop-pro.jp/PA01455/769/product/192737309_o7.jpg?cmsp_timestamp=20260724191631,/Users/hong/Desktop/日本商品2/采集数据/images/192737309_M_0.jpg|/Users/hong/Desktop/日本商品2/采集数据/images/192737309_M_1.jpg|/Users/hong/Desktop/日本商品2/采集数据/images/192737309_M_2.jpg|/Users/hong/Desktop/日本商品2/采集数据/images/192737309_M_3.jpg|/Users/hong/Desktop/日本商品2/采集数据/images/192737309_M_4.jpg|/Users/hong/Desktop/日本商品2/采集数据/images/192737309_M_5.jpg|/Users/hong/Desktop/日本商品2/采集数据/images/192737309_M_6.jpg|/Users/hong/Desktop/日本商品2/采集数据/images/192737309_M_7.jpg
https://shop.toysanta.jp/?pid=192737284,192737284,"ホーム > キャラクター > その他
",【全部揃ってます!!】ANGEL BLUE エンジェルブルー ミニTシャツボールチェーン [全5種セット(フルコンプ)]【ネコポス配送対応】【C】,"2,100円(内税)",63pt,"この商品のラインナップを全て見る

 ▼この商品は【全5種セット(フルコンプ)】です。

 ポップでかわいいナカムラくんたちのデザインをミニTシャツ型マスコットに♪
 バッグやポーチにつけて楽しめるボールチェーン付き♪
 裏面にはロゴ入りです☆

 英語名：ANGEL BLUE Mini T-Shirt Ball Chain UltraNewPlanning Capsule Toy

 このシリーズには5種類のラインナップがあります。
 お届け商品は、商品名及び画像のものになります。

 ・レインボー
 ・グレー
 ・イエロー
 ・ピンク
 ・ネイビー

 キャラクター：ANGEL BLUE 
 サイズ：全長約75mm
 材質：ポリエステル,鉄
 商品状態：新古品・未使用・ミニブック付属 ※カプセルは付属しません。内袋は未開封です。

 ■57885
 ■メーカー：ウルトラニュープランニング
 ■分類：ガチャガチャ
 ■code：20260722
 ■JAN：4571601904289",https://img07.shop-pro.jp/PA01455/769/product/192737284.jpg?cmsp_timestamp=20260722084808|https://img07.shop-pro.jp/PA01455/769/product/192737284_o1.jpg?cmsp_timestamp=20260722084808|https://img07.shop-pro.jp/PA01455/769/product/192737284_o2.jpg?cmsp_timestamp=20260722084808,/Users/hong/Desktop/日本商品2/采集数据/images/192737284_M_0.jpg|/Users/hong/Desktop/日本商品2/采集数据/images/192737284_M_1.jpg|/Users/hong/Desktop/日本商品2/采集数据/images/192737284_M_2.jpg
https://shop.toysanta.jp/?pid=192737266,192737266,"ホーム > キャラクター > その他
",【全部揃ってます!!】ナルミヤキャラクターズ ミニチュア缶入りメモ＆クリップマスコット [全5種セット(フルコンプ)]【ネコポス配送対応】【C】,"2,100円(内税)",63pt,"この商品のラインナップを全て見る

 ▼この商品は【全5種セット(フルコンプ)】です。

 あの頃もってた缶入りメモなどの文房具が 本当に使えるミニチュアになってカプセルトイに登場☆
 メモとクリップのどちらかが入ってるよ！
 いっぱい集めて友達と中身を交換しちゃおう！
 全種ボールチェーン付き！

 英語名：Narumiya Characters Memo & Clip Mascot in a Miniature Tin Toys spirits Capsule Toy

 このシリーズには5種類のラインナップがあります。
 お届け商品は、商品名及び画像のものになります。

 ・エンジェルブルー
 ・メゾピアノ
 ・デイジーラヴァーズ
 ・ポンポネット
 ・ナルミヤキャラクターズ

 キャラクター：ナルミヤキャラクターズ
 サイズ：全長約45-50mm
 材質：金属,紙,PP
 商品状態：新古品・未使用・ミニブック付属 ※カプセルは付属しません。内袋は未開封です。

 ■57499
 ■メーカー：トイズスピリッツ
 ■分類：ガチャガチャ
 ■code：20260722
 ■JAN：4580854481003",https://img07.shop-pro.jp/PA01455/769/product/192737266.jpg?cmsp_timestamp=20260722084753|https://img07.shop-pro.jp/PA01455/769/product/192737266_o1.jpg?cmsp_timestamp=20260722084753|https://img07.shop-pro.jp/PA01455/769/product/192737266_o2.jpg?cmsp_timestamp=20260722084753|https://img07.shop-pro.jp/PA01455/769/product/192737266_o3.png?cmsp_timestamp=20260724183800|https://img07.shop-pro.jp/PA01455/769/product/192737266_o4.jpg?cmsp_timestamp=20260724183800|https://img07.shop-pro.jp/PA01455/769/product/192737266_o5.jpg?cmsp_timestamp=20260724183800|https://img07.shop-pro.jp/PA01455/769/product/192737266_o6.jpg?cmsp_timestamp=20260724183800|https://img07.shop-pro.jp/PA01455/769/product/192737266_o7.jpg?cmsp_timestamp=20260724183800,/Users/hong/Desktop/日本商品2/采集数据/images/192737266_M_0.jpg|/Users/hong/Desktop/日本商品2/采集数据/images/192737266_M_1.jpg|/Users/hong/Desktop/日本商品2/采集数据/images/192737266_M_2.jpg|/Users/hong/Desktop/日本商品2/采集数据/images/192737266_M_3.jpg|/Users/hong/Desktop/日本商品2/采集数据/images/192737266_M_4.jpg|/Users/hong/Desktop/日本商品2/采集数据/images/192737266_M_5.jpg|/Users/hong/Desktop/日本商品2/采集数据/images/192737266_M_6.jpg|/Users/hong/Desktop/日本商品2/采集数据/images/192737266_M_7.jpg
https://shop.toysanta.jp/?pid=192737260,192737260,"ホーム > 模型・ミニチュア > 生き物
",【全部揃ってます!!】ねこさぶろう [全6種セット(フルコンプ)]【 ネコポス不可 】【C】,"2,500円(内税)",75pt,"この商品のラインナップを全て見る

 ▼この商品は【全6種セット(フルコンプ)】です。

 「お弁当ねこ」でおなじみの、ねこ造形作家まめプロさんの新作ねこ、ねこさぶろうがCトイになります！ 
 「お弁当ねこ」が長生きすると「ねこさぶろう」になります。 
 猫又的＆親分肌的な存在です。
 ぽっちゃり体形はマシマシでかわいい。 存在感ある大きさです。 
 風呂敷を背負ってふてぶてしく座ってるねこさぶろう達で癒されて下さい。 
 全5種。股の間から出てるのは尻尾です！

 英語名：Nekosaburo Toys cabin Capsule Toy

 このシリーズには6種類のラインナップがあります。
 お届け商品は、商品名及び画像のものになります。

 ・ハラミ(からくさ＆マグロ)
 ・カルビ(からくさ＆マグロ)
 ・モモ(りんご＆おにく)
 ・シマチョウ(れもん＆ブリ)
 ・シロコロ(りんご＆おにく)
 ・ブリスケ(れもん＆ブリ)

 キャラクター：生き物
 サイズ：全高約42mm
 材質：PVC
 商品状態：新古品・未使用・ミニブック付属 ※カプセルは付属しません。内袋は未開封です。

 ■58055
 ■メーカー：トイズキャビン
 ■分類：ガチャガチャ
 ■code：20260722
 ■JAN：4589415443528",https://img07.shop-pro.jp/PA01455/769/product/192737260.jpg?cmsp_timestamp=20260722084747|https://img07.shop-pro.jp/PA01455/769/product/192737260_o1.jpg?cmsp_timestamp=20260722084747|https://img07.shop-pro.jp/PA01455/769/product/192737260_o2.jpg?cmsp_timestamp=20260722084747|https://img07.shop-pro.jp/PA01455/769/product/192737260_o3.png?cmsp_timestamp=20260724183548|https://img07.shop-pro.jp/PA01455/769/product/192737260_o4.jpg?cmsp_timestamp=20260724183548|https://img07.shop-pro.jp/PA01455/769/product/192737260_o5.jpg?cmsp_timestamp=20260724183548|https://img07.shop-pro.jp/PA01455/769/product/192737260_o6.jpg?cmsp_timestamp=20260724183548|https://img07.shop-pro.jp/PA01455/769/product/192737260_o7.jpg?cmsp_timestamp=20260724183548|https://img07.shop-pro.jp/PA01455/769/product/192737260_o8.jpg?cmsp_timestamp=20260724183548|https://img07.shop-pro.jp/PA01455/769/product/192737260_o9.jpg?cmsp_timestamp=20260724183548,/Users/hong/Desktop/日本商品2/采集数据/images/192737260_M_0.jpg|/Users/hong/Desktop/日本商品2/采集数据/images/192737260_M_1.jpg|/Users/hong/Desktop/日本商品2/采集数据/images/192737260_M_2.jpg|/Users/hong/Desktop/日本商品2/采集数据/images/192737260_M_3.jpg|/Users/hong/Desktop/日本商品2/采集数据/images/192737260_M_4.jpg|/Users/hong/Desktop/日本商品2/采集数据/images/192737260_M_5.jpg|/Users/hong/Desktop/日本商品2/采集数据/images/192737260_M_6.jpg|/Users/hong/Desktop/日本商品2/采集数据/images/192737260_M_7.jpg|/Users/hong/Desktop/日本商品2/采集数据/images/192737260_M_8.jpg|/Users/hong/Desktop/日本商品2/采集数据/images/192737260_M_9.jpg
https://shop.toysanta.jp/?pid=192737245,192737245,"ホーム > 模型・ミニチュア > 自動車・バイク・その他
",【全部揃ってます!!】1/64 TOYOTA ハイエース [全5種セット(フルコンプ)]【 ネコポス不可 】,"2,500円(内税)",75pt,"この商品のラインナップを全て見る

 ▼この商品は【全5種セット(フルコンプ)】です。

 待望の200系ハイエースが1/64スケールで商品化。！
 リアハッチ開閉、前輪ステアリング可動。ホイール交換OK！
 貴方だけのハイエースを仕上げて下さい!!

 英語名：1/64 Toyota Hiace Toys cabin Capsule Toy

 このシリーズには5種類のラインナップがあります。
 お届け商品は、商品名及び画像のものになります。

 ・シルバーマイカメタリック(NORMAL)
 ・ブラックマイカ(NORMAL)
 ・ホワイト(NORMAL)
 ・ベージュ(EARTH COLOR)
 ・アーバンカーキ(EARTH COLOR)

 キャラクター：乗り物
 サイズ：全長約70mm
 材質：ABS
 商品状態：新古品・未使用・カプセル付属・ミニブック付属・内袋は未開封です。

 ■58053
 ■メーカー：トイズキャビン
 ■分類：ガチャガチャ
 ■code：20260722
 ■JAN：4589415443535",https://img07.shop-pro.jp/PA01455/769/product/192737245.jpg?cmsp_timestamp=20260722084736|https://img07.shop-pro.jp/PA01455/769/product/192737245_o1.jpg?cmsp_timestamp=20260722084736|https://img07.shop-pro.jp/PA01455/769/product/192737245_o2.jpg?cmsp_timestamp=20260722084736,/Users/hong/Desktop/日本商品2/采集数据/images/192737245_M_0.jpg|/Users/hong/Desktop/日本商品2/采集数据/images/192737245_M_1.jpg|/Users/hong/Desktop/日本商品2/采集数据/images/192737245_M_2.jpg
https://shop.toysanta.jp/?pid=192676662,192676662,"ホーム > キャラクター > サンリオ
",【全部揃ってます!!】チェゴシム×サンリオキャラクターズ コインシリンダー [全7種セット(フルコンプ)]【 ネコポス不可 】【C】,"2,900円(内税)",87pt,"この商品のラインナップを全て見る

 ▼この商品は【全7種セット(フルコンプ)】です。

 ゆるくてかわいい韓国のキャラクター「チェゴシム」とサンリオキャラクターズが大人気アイテム「コインシリンダー」になって新登場!!!
 カラフルで個性豊かな【ゴシムちゃん】たちとゆるいタッチのサンリオキャラクターズの組み合わせがかわいい♪

 英語名：Choigosim x Sanrio Characters Coin Cylinder K Company Capsule Toy

 このシリーズには7種類のラインナップがあります。
 お届け商品は、商品名及び画像のものになります。

 ・うさゴシム×ハローキティ
 ・くまゴシム×シナモロール
 ・ぴよぴよゴシム×マイメロディ
 ・ねこゴシム×クロミ
 ・かぴゴシム×ポムポムプリン
 ・うわーんゴシム×ポチャッコ
 ・ふわ妖精いぬゴシム×リトルツインスターズ

 キャラクター：チェゴシム
 サイズ：全長約42mm
 材質：ABS樹脂,鉄
 商品状態：新古品・未使用・ミニブック付属 ※カプセルは付属しません。内袋は未開封です。

 ■57993
 ■メーカー：ケイカンパニー
 ■分類：ガチャガチャ
 ■code：20260718
 ■JAN：4930972625719",https://img07.shop-pro.jp/PA01455/769/product/192676662.jpg?cmsp_timestamp=20260717175654|https://img07.shop-pro.jp/PA01455/769/product/192676662_o1.jpg?cmsp_timestamp=20260717175654|https://img07.shop-pro.jp/PA01455/769/product/192676662_o2.jpg?cmsp_timestamp=20260717175654,/Users/hong/Desktop/日本商品2/采集数据/images/192676662_M_0.jpg|/Users/hong/Desktop/日本商品2/采集数据/images/192676662_M_1.jpg|/Users/hong/Desktop/日本商品2/采集数据/images/192676662_M_2.jpg
https://shop.toysanta.jp/?pid=192676653,192676653,"ホーム > キャラクター > サンリオ
",【全部揃ってます!!】サンリオキャラクターズ スクバデコ風ミニバッグ [全5種セット(フルコンプ)]【 ネコポス不可 】【C】,"2,600円(内税)",78pt,"この商品のラインナップを全て見る

 ▼この商品は【全5種セット(フルコンプ)】です。

 サンリオキャラクターズからまるで本物のスクバのような「スクバデコ風ミニバッグ」が登場★
 底面のラクガキもしっかり表現！

 英語名：Sanrio Characters School Bag Decoration Style Mini Bag K Company Capsule Toy

 このシリーズには5種類のラインナップがあります。
 お届け商品は、商品名及び画像のものになります。

 ・ハローキティ/ネイビー
 ・ハローキティ/ヒョウ柄
 ・マイメロディ
 ・シナモロール
 ・クロミ

 キャラクター：サンリオ
 サイズ：約280×200×120mm
 材質：ポリエステル
 商品状態：新古品・未使用・ミニブック付属 ※カプセルは付属しません。内袋は未開封です。

 ■57995
 ■メーカー：ケイカンパニー
 ■分類：ガチャガチャ
 ■code：20260718
 ■JAN：4930972625696",https://img07.shop-pro.jp/PA01455/769/product/192676653.jpg?cmsp_timestamp=20260717175648|https://img07.shop-pro.jp/PA01455/769/product/192676653_o1.jpg?cmsp_timestamp=20260717175648|https://img07.shop-pro.jp/PA01455/769/product/192676653_o2.jpg?cmsp_timestamp=20260717175648,/Users/hong/Desktop/日本商品2/采集数据/images/192676653_M_0.jpg|/Users/hong/Desktop/日本商品2/采集数据/images/192676653_M_1.jpg|/Users/hong/Desktop/日本商品2/采集数据/images/192676653_M_2.jpg
https://shop.toysanta.jp/?pid=192676647,192676647,"ホーム > 模型・ミニチュア > 自動車・バイク・その他
",【全部揃ってます!!】Honda バイクメタルキーホルダー Super Cub [全5種セット(フルコンプ)]【ネコポス配送対応】【C】,"2,600円(内税)",78pt,"この商品のラインナップを全て見る

 ▼この商品は【全5種セット(フルコンプ)】です。

 メタルキーホルダーシリーズに待望のSuper Cub登場！
 世界中で広く愛されているホンダバイクの代名詞である、スーパーカブがメタルキーホルダーで登場！
 メタルならではの高級感とフォルムを最大限に引き立てる横向きダイカットデザインがファンの心を魅了します。

 英語名：Honda Motorcycle Metal Keychain Super Cub Ishikawa Toy Capsule Toy

 このシリーズには5種類のラインナップがあります。
 お届け商品は、商品名及び画像のものになります。

 ・スーパーカブC125 パールボスポラスブルー
 ・スーパーカブC125 プレミアムシルバーメタリック
 ・スーパーカブ110 タスマニアグリーンメタリック
 ・スーパーカブ110 パールフラッシュイエロー
 ・スーパーカブ110 バージンベージュ

 キャラクター：乗り物
 サイズ：全長約46mm
 材質：亜鉛合金,鉄
 商品状態：新古品・未使用・ミニブック付属 ※カプセルは付属しません。内袋は未開封です。

 ■57916
 ■メーカー：石川玩具
 ■分類：ガチャガチャ
 ■code：20260718
 ■JAN：4905505454883",https://img07.shop-pro.jp/PA01455/769/product/192676647.jpg?cmsp_timestamp=20260717175643|https://img07.shop-pro.jp/PA01455/769/product/192676647_o1.jpg?cmsp_timestamp=20260717175643|https://img07.shop-pro.jp/PA01455/769/product/192676647_o2.jpg?cmsp_timestamp=20260717175643,/Users/hong/Desktop/日本商品2/采集数据/images/192676647_M_0.jpg|/Users/hong/Desktop/日本商品2/采集数据/images/192676647_M_1.jpg|/Users/hong/Desktop/日本商品2/采集数据/images/192676647_M_2.jpg
https://shop.toysanta.jp/?pid=192676632,192676632,"ホーム > ゲームキャラクター > その他
",【送料無料】【全部揃ってます!!】たまごっち ミニミニChibiぬいぐるみマスコット(再販) [全8種セット(フルコンプ)]【 ネコポス不可 】,"7,920円(内税)",237pt,"この商品のラインナップを全て見る

 ▼この商品は【全8種セット(フルコンプ)】です。

 「たまごっち」からミニサイズがかわいい、ミニミニChibiぬいぐるみマスコットが新登場！
 フックキーホルダーが付いているので、カードホルダーやバッグなどに付けてもかわいいです♪

 ※配送方法によっては、箱を折りたたみ発送します。

 英語名：Tamagotchi Mini Mini Chibi Plush Mascot BANDAI Collection Toy


 このシリーズには8種類のラインナップがあります。
 お届け商品は、商品名及び画像のものになります。

 ・まめっち
 ・くちぱっち
 ・みみっち
 ・めめっち
 ・いちごっち
 ・みるくっち
 ・せびれっち
 ・ぴゅえるっち

 キャラクター：たまごっち
 サイズ：全長約70-85mm
 材質：ポリエステル
 商品状態：新品未開封。

 ■58306
 ■メーカー：バンダイ
 ■分類：BOXフィギュア
 ■code：20260718
 ■JAN：4582698669395",https://img07.shop-pro.jp/PA01455/769/product/192676632.jpg?cmsp_timestamp=20260717175633|https://img07.shop-pro.jp/PA01455/769/product/192676632_o1.jpg?cmsp_timestamp=20260717175633|https://img07.shop-pro.jp/PA01455/769/product/192676632_o2.jpg?cmsp_timestamp=20260717175633,/Users/hong/Desktop/日本商品2/采集数据/images/192676632_M_0.jpg|/Users/hong/Desktop/日本商品2/采集数据/images/192676632_M_1.jpg|/Users/hong/Desktop/日本商品2/采集数据/images/192676632_M_2.jpg
https://shop.toysanta.jp/?pid=192676622,192676622,"ホーム > キャラクター > その他
",【全部揃ってます!!】パンどろぼうとおじさんのこだわりパン屋さん [全6種セット(フルコンプ)]【 ネコポス不可 】(RM),"5,980円(内税)",177pt,"この商品のラインナップを全て見る

 ▼この商品は【全6種セット(フルコンプ)】です。

 パンどろぼうのミニチュアコレクションが新登場！
 箱買い特典には、パン屋さんを再現できるジオラマが付属します 。

 英語名：Pandorobo Miniature Collection RE-MENT Collection Toy

 このシリーズには6種類のラインナップがあります。
 お届け商品は、商品名及び画像のものになります。

 ・おいしいパン
 ・かくれみのじゅつ
 ・ピューン！
 ・はやあしのじゅつ
 ・にせパンどろぼう
 ・ピタッ

 キャラクター：パンどろぼう
 サイズ：全長約14-78mm
 材質：ATBC-PVC,ABS
 商品状態：新品未開封。

 ■58264
 ■メーカー：リーメント
 ■分類：BOXフィギュア
 ■code：20260718
 ■JAN：4521121209258",https://img07.shop-pro.jp/PA01455/769/product/192676622.jpg?cmsp_timestamp=20260717175627|https://img07.shop-pro.jp/PA01455/769/product/192676622_o1.jpg?cmsp_timestamp=20260717175627|https://img07.shop-pro.jp/PA01455/769/product/192676622_o2.jpg?cmsp_timestamp=20260717175627,/Users/hong/Desktop/日本商品2/采集数据/images/192676622_M_0.jpg|/Users/hong/Desktop/日本商品2/采集数据/images/192676622_M_1.jpg|/Users/hong/Desktop/日本商品2/采集数据/images/192676622_M_2.jpg
https://shop.toysanta.jp/?pid=192676615,192676615,"ホーム > キャラクター > その他
",【送料無料】【全部揃ってます!!】miffy Sweet Home Time [全8種セット(フルコンプ)]【 ネコポス不可 】(RM),"7,980円(内税)",237pt,"この商品のラインナップを全て見る

 ▼この商品は【全8種セット(フルコンプ)】です。

 ミッフィーで叶える淡色ルーム。
 くすみピンクの可愛いお部屋でリラックスなひと時を。

 ※配送方法によっては、箱を折りたたみ発送します。

 英語名：miffy Sweet Home Time RE-MENT Collection Toy

 このシリーズには8種類のラインナップがあります。
 お届け商品は、商品名及び画像のものになります。

 ・しっかり食べたい朝ごはん
 ・おうちでテレワーク
 ・疲れたときはリフレッシュ
 ・ごきげんなおでかけタイム
 ・おやつの時間はガレットで
 ・おへやがキレイだと嬉しいね
 ・お気に入りを集めちゃお
 ・おやすみ前に趣味の時間

 キャラクター：ミッフィー
 サイズ：全長約18-81mm
 材質：ATBC-PVC,ABS
 商品状態：新品未開封

 ■58263
 ■メーカー：リーメント
 ■分類：BOXフィギュア
 ■code：20260718
 ■JAN：4521121700571",https://img07.shop-pro.jp/PA01455/769/product/192676615.jpg?cmsp_timestamp=20260717175622|https://img07.shop-pro.jp/PA01455/769/product/192676615_o1.jpg?cmsp_timestamp=20260717175622|https://img07.shop-pro.jp/PA01455/769/product/192676615_o2.jpg?cmsp_timestamp=20260717175622,/Users/hong/Desktop/日本商品2/采集数据/images/192676615_M_0.jpg|/Users/hong/Desktop/日本商品2/采集数据/images/192676615_M_1.jpg|/Users/hong/Desktop/日本商品2/采集数据/images/192676615_M_2.jpg
https://shop.toysanta.jp/?pid=192676605,192676605,"ホーム > コミック・アニメ(その他) > ポケットモンスター
",【全部揃ってます!!】ポケモンゲットコレクションズガム 炎天の幻 [全10種セット(フルコンプ)]【 ネコポス不可 】,"4,070円(内税)",120pt,"この商品のラインナップを全て見る

 ▼この商品は【全10種セット(フルコンプ)】です。

 4種類あるモンスターボール型のケースの中に、ミニサイズのポケモンフィギュアが入った「ポケモンゲットコレクションズガム」。
 今作では伝説のポケモンであるホウオウを含むポケモンたちがセレクトされています。

 【賞味期限】ガムの為記載はありません。

 英語名：Pokemon Get Collection Gum Illusion in the Blazing Sun TakaraTomyArts Collection Toy

 このシリーズには10種類のラインナップがあります。
 お届け商品は、商品名及び画像のものになります。

 ・ホウオウ
 ・メガリザードンX
 ・ピカチュウ
 ・ミュウ
 ・セレビィ
 ・ジラーチ
 ・マナフィ
 ・シェイミ(ランドフォルム)
 ・ビクティニ
 ・メルタン

 キャラクター：ポケットモンスター
 サイズ：全長約25-50mm
 材質：PVC,ABS
 商品状態：新品未開封

 ■58270
 ■メーカー：タカラトミーアーツ
 ■分類：食玩
 ■code：20260718
 ■JAN：4904790110993",https://img07.shop-pro.jp/PA01455/769/product/192676605.jpg?cmsp_timestamp=20260717175616|https://img07.shop-pro.jp/PA01455/769/product/192676605_o1.jpg?cmsp_timestamp=20260717175616|https://img07.shop-pro.jp/PA01455/769/product/192676605_o2.jpg?cmsp_timestamp=20260717175616,/Users/hong/Desktop/日本商品2/采集数据/images/192676605_M_0.jpg|/Users/hong/Desktop/日本商品2/采集数据/images/192676605_M_1.jpg|/Users/hong/Desktop/日本商品2/采集数据/images/192676605_M_2.jpg
https://shop.toysanta.jp/?pid=192676573,192676573,"ホーム > ゲームキャラクター
",【全部揃ってます!!】スプラトゥーン3 ギア3連カスタムチャーム [全10種セット(フルコンプ)]【 ネコポス不可 】,"4,620円(内税)",138pt,"この商品のラインナップを全て見る

 ▼この商品は【全10種セット(フルコンプ)】です。

 『スプラトゥーン3』のシールでカスタムできるギア3連アクリルチャームが登場！
 ゲーム内に登場する[アタマ]、[フク]、[クツ]のアクリルチャーム3個とギアパワーシール2枚セット。
 　
 好きなギアパワーシールを貼ってアクリルチャームをカスタマイズ！
 カニカン付きで、マイコーデを自由に組むことが出来ます。
 　
 ゲーム内に登場する10ブランドがラインナップ！
 持ち運びに便利なリングパーツ付き！

 【賞味期限】ガムの為記載はありません。

 ※配送方法によっては、箱を折りたたみ発送します。

 英語名：Splatoon 3 Triple Gear Custum Charm BANDAI Collection Toy

 このシリーズには10種類のラインナップがあります。
 お届け商品は、商品名及び画像のものになります。

 ・バトロイカ
 ・タタキケンサキ
 ・バラズシ
 ・ホッコリー
 ・エンペリー
 ・ヤコ
 ・シチリン
 ・エゾッコリー
 ・クマサン商会
 ・アタリメイド

 キャラクター：スプラトゥーン
 サイズ：H約70mm×W約60mm
 材質：アクリルチャーム：PMMA・PET,シール：PET
 商品状態：新品未開封。

 ■58284
 ■メーカー：バンダイ
 ■分類：食玩
 ■code：20260718
 ■JAN：4570117933066",https://img07.shop-pro.jp/PA01455/769/product/192676573.jpg?cmsp_timestamp=20260717175556|https://img07.shop-pro.jp/PA01455/769/product/192676573_o1.jpg?cmsp_timestamp=20260717175556|https://img07.shop-pro.jp/PA01455/769/product/192676573_o2.jpg?cmsp_timestamp=20260717175556,/Users/hong/Desktop/日本商品2/采集数据/images/192676573_M_0.jpg|/Users/hong/Desktop/日本商品2/采集数据/images/192676573_M_1.jpg|/Users/hong/Desktop/日本商品2/采集数据/images/192676573_M_2.jpg
https://shop.toysanta.jp/?pid=192676562,192676562,"ホーム > キャラクター > ディズニー
",【送料無料】【全部揃ってます!!】Disney Characters 刺繍缶バッジビスケット2(再販) [全15種セット(フルコンプ)]【 ネコポス不可 】【C】,"7,280円(内税)",216pt,"この商品のラインナップを全て見る

 ▼この商品は【全15種セット(フルコンプ)】です。

 大人気ディズニー刺繍缶バッジシリーズの第2弾！
 刺繍の風合いで作品の名場面を再現した缶バッジです。
 本弾ではピクサー作品も追加した全15種類！

 【賞味期限】ラインナップ確認の為開封してますので、お菓子は付属しません。

 英語名：Disney Characters embroidery can badge with biscuit Part.2 BANDAI Collection Toy

 このシリーズには15種類のラインナップがあります。
 お届け商品は、商品名及び画像のものになります。

 ・トイ・ストーリー
 ・モンスターズ・インク
 ・ズートピア
 ・バンビ
 ・リメンバー・ミー
 ・アナと雪の女王
 ・シンデレラ
 ・美女と野獣
 ・シュガー・ラッシュ
 ・ベイマックス
 ・おしゃれキャット
 ・リロ＆スティッチ
 ・ピーター・パン
 ・リトル・マーメイド
 ・塔の上のラプンツェル

 キャラクター：ディズニー
 サイズ：H約50mm×W約50mm
 材質：缶バッジ表面：ポリエステル
 商品状態：缶バッジのみです、お菓子及びパッケージは付属しません。

 ■58283
 ■メーカー：バンダイ
 ■分類：食玩
 ■code：20260718
 ■JAN：4570117923067",https://img07.shop-pro.jp/PA01455/769/product/192676562.jpg?cmsp_timestamp=20260717175548|https://img07.shop-pro.jp/PA01455/769/product/192676562_o1.jpg?cmsp_timestamp=20260717175548|https://img07.shop-pro.jp/PA01455/769/product/192676562_o2.jpg?cmsp_timestamp=20260717175548,/Users/hong/Desktop/日本商品2/采集数据/images/192676562_M_0.jpg|/Users/hong/Desktop/日本商品2/采集数据/images/192676562_M_1.jpg|/Users/hong/Desktop/日本商品2/采集数据/images/192676562_M_2.jpg
https://shop.toysanta.jp/?pid=192676544,192676544,"ホーム > コミック・アニメ(その他) > その他
",【送料無料】【全部揃ってます!!】にふぉるめーしょん ブルーロック シールウエハース [全37種セット(フルコンプ)]【 ネコポス不可 】【C】,"10,500円(内税)",315pt,"この商品のラインナップを全て見る

 ▼この商品は【全37種セット(フルコンプ)】です。

 『ブルーロック』がにふぉるめーしょんに初参戦！
 全37種(うちシークレット3種)でTVアニメ『ブルーロック』の1期が蘇る最高にエゴいシーンを多数収録。
 この夏はブルーロックが、サッカーが、熱い！

 【賞味期限】ラインナップ確認の為開封してますので、お菓子は付属しません。

 英語名：Niforamtion Bluelock Seal Wafer BANDAI Collection Toy
 　

 このシリーズには34種類+シークレット3種類のラインナップがあります。
 お届け商品は、商品名及び画像のものになります。

 ・吉良涼介(ノーマル)
 ・絵心甚八(レア)
 ・糸師冴(レア)
 ・潔世一(レア)
 ・二子一揮(ノーマル)
 ・我牙丸吟(ノーマル)
 ・潔世一(ノーマル)
 ・千切豹馬(スーパーレア)
 ・鰐間兄弟(淳壱＆計助)(ノーマル)
 ・久遠渉(レア)
 ・千切豹馬(ノーマル)
 ・千切豹馬(青い監獄・レア)
 ・斬鉄＆凪＆玲王(レア)
 ・凪誠士郎＆御影玲王(スーパーレア)
 ・凪誠士郎(レア)
 ・御影玲王(レア)
 ・潔世一＆蜂楽廻(レア)
 ・蜂楽廻(青い監獄・レア)
 ・國神錬介(青い監獄・レア)
 ・御影玲王(青い監獄・レア)
 ・潔世一(エゴイスト・レア)(銀色ホロ箔仕様)
 ・蟻生十兵衛(ノーマル)
 ・糸師凛(エゴイスト・レア)(銀色ホロ箔仕様)
 ・潔世一＆凪誠士郎(スーパーレア)
 ・凪誠士郎(エゴイスト・レア)(銀色ホロ箔仕様)
 ・潔世一(スーパーレア)
 ・凪誠士郎(スーパーレア)
 ・馬狼照英(ノーマル)
 ・國神錬介＆千切豹馬(スーパーレア)
 ・御影玲王(青い監獄・レア)
 ・凪誠士郎(青い監獄・レア)
 ・國神錬介＆御影玲王(スーパーレア)
 ・蜂楽廻(ノーマル)
 ・糸師凛(スーパーレア)
 ・シークレット
 ・シークレット
 ・シークレット

 キャラクター：ブルーロック
 サイズ：H約52mm×W約52mm
 材質：ノーマル、レア、スーパーレアのシール：PET
 商品状態：シールのみです、お菓子及びパッケージは付属しません。

 ■58282
 ■メーカー：バンダイ
 ■分類：食玩
 ■code：20260718
 ■JAN：4570117931628",https://img07.shop-pro.jp/PA01455/769/product/192676544.jpg?cmsp_timestamp=20260717175536|https://img07.shop-pro.jp/PA01455/769/product/192676544_o1.jpg?cmsp_timestamp=20260717175536|https://img07.shop-pro.jp/PA01455/769/product/192676544_o2.jpg?cmsp_timestamp=20260717175536,/Users/hong/Desktop/日本商品2/采集数据/images/192676544_M_0.jpg|/Users/hong/Desktop/日本商品2/采集数据/images/192676544_M_1.jpg|/Users/hong/Desktop/日本商品2/采集数据/images/192676544_M_2.jpg
https://shop.toysanta.jp/?pid=192666588,192666588,"ホーム > キャラクター > NHK教育関連
",【全部揃ってます!!】みいつけた！ まちぼうけ [全4種セット(フルコンプ)]【ネコポス配送対応】【C】,"1,600円(内税)",48pt,"この商品のラインナップを全て見る

 ▼この商品は【全4種セット(フルコンプ)】です。

 絶好調の「みいつけた！」より哀愁漂う姿が可愛い「まちぼうけ」が新登場！

 英語名：Miitsuketa! Machiboke BANDAI Capsule Toy

 このシリーズには4種類のラインナップがあります。
 お届け商品は、商品名及び画像のものになります。

 ・コッシー
 ・サボさん
 ・ホネーキンさん
 ・オフロスキー

 キャラクター：みいつけた！ 
 サイズ：全高約35-40mm
 材質：***
 商品状態：新古品・未使用・ミニブック付属 ※カプセルは付属しません。内袋は未開封です。

 ■58172
 ■メーカー：バンダイ
 ■分類：ガチャガチャ
 ■code：20260717
 ■JAN：4582769978975",https://img07.shop-pro.jp/PA01455/769/product/192666588.jpg?cmsp_timestamp=20260717094735|https://img07.shop-pro.jp/PA01455/769/product/192666588_o1.jpg?cmsp_timestamp=20260717094735|https://img07.shop-pro.jp/PA01455/769/product/192666588_o2.jpg?cmsp_timestamp=20260717094735,/Users/hong/Desktop/日本商品2/采集数据/images/192666588_M_0.jpg|/Users/hong/Desktop/日本商品2/采集数据/images/192666588_M_1.jpg|/Users/hong/Desktop/日本商品2/采集数据/images/192666588_M_2.jpg
https://shop.toysanta.jp/?pid=192666583,192666583,"ホーム > キャラクター > ディズニー
",【全部揃ってます!!】ズートピア2 ならぶんです。(再販) [全4種セット(フルコンプ)]【ネコポス配送対応】【C】,"2,100円(内税)",63pt,"この商品のラインナップを全て見る

 ▼この商品は【全4種セット(フルコンプ)】です。

 ディズニー映画『ズートピア2』のキャラクターたちが「ならぶんです。」に登場！

 英語名：Zootopia Part.2 Narabundesu. BANDAI Capsule Toy

 このシリーズには4種類のラインナップがあります。
 お届け商品は、商品名及び画像のものになります。

 ・ゲイリー
 ・ニック・ワイルド
 ・ジュディ・ホップス
 ・パウバート

 キャラクター：ディズニー
 サイズ：全高約39-54mm
 材質：***
 商品状態：新古品・未使用・ミニブック付属 ※カプセルは付属しません。内袋は未開封です。

 ■57790
 ■メーカー：バンダイ
 ■分類：ガチャガチャ
 ■code：20260717
 ■JAN：4582769898099",https://img07.shop-pro.jp/PA01455/769/product/192666583.jpg?cmsp_timestamp=20260717094731|https://img07.shop-pro.jp/PA01455/769/product/192666583_o1.jpg?cmsp_timestamp=20260717094731|https://img07.shop-pro.jp/PA01455/769/product/192666583_o2.jpg?cmsp_timestamp=20260717094731,/Users/hong/Desktop/日本商品2/采集数据/images/192666583_M_0.jpg|/Users/hong/Desktop/日本商品2/采集数据/images/192666583_M_1.jpg|/Users/hong/Desktop/日本商品2/采集数据/images/192666583_M_2.jpg
https://shop.toysanta.jp/?pid=192666578,192666578,"ホーム > キャラクター > NHK教育関連
",【全部揃ってます!!】忍たま乱太郎 アクリルゆらゆらマーカー vol.3 [全5種セット(フルコンプ)]【ネコポス配送対応】【C】,"2,100円(内税)",63pt,"この商品のラインナップを全て見る

 ▼この商品は【全5種セット(フルコンプ)】です。

 アニメ「忍たま乱太郎」より、カプセルトイ初となるアクリルゆらゆらマーカーの第3弾が登場！

 英語名：Nintama Rantaro Acrylic Yurayura Marker vol.3 SKJAPAN Capsule Toy

 このシリーズには5種類のラインナップがあります。
 お届け商品は、商品名及び画像のものになります。

 ・福富しんべヱ
 ・鉢屋三郎
 ・不破雷蔵
 ・潮江文次郎
 ・立花仙蔵

 キャラクター：忍たま乱太郎
 サイズ：全高約36-43mm
 材質：アクリル樹脂,シリコン,亜鉛合金
 商品状態：新古品・未使用・ミニブック付属 ※カプセルは付属しません。内袋は未開封です。

 ■57929
 ■メーカー：SKJAPAN
 ■分類：ガチャガチャ
 ■code：20260717
 ■JAN：4519869627847",https://img07.shop-pro.jp/PA01455/769/product/192666578.jpg?cmsp_timestamp=20260717094728|https://img07.shop-pro.jp/PA01455/769/product/192666578_o1.jpg?cmsp_timestamp=20260717094728|https://img07.shop-pro.jp/PA01455/769/product/192666578_o2.jpg?cmsp_timestamp=20260717094728,/Users/hong/Desktop/日本商品2/采集数据/images/192666578_M_0.jpg|/Users/hong/Desktop/日本商品2/采集数据/images/192666578_M_1.jpg|/Users/hong/Desktop/日本商品2/采集数据/images/192666578_M_2.jpg
https://shop.toysanta.jp/?pid=192666563,192666563,"ホーム > キャラクター > その他
",【全部揃ってます!!】スタジオハヌル ラバー前髪クリップ [全5種セット(フルコンプ)]【ネコポス配送対応】【C】,"1,600円(内税)",48pt,"この商品のラインナップを全て見る

 ▼この商品は【全5種セット(フルコンプ)】です。

 『スタジオハヌル ラバー前髪クリップ』がカプセルトイに新登場！
 左右付け替え可能な便利な前髪クリップです!!

 英語名：Studio Haneul Rubber Bangs Clip Peanuts Club Capsule Toy

 このシリーズには5種類のラインナップがあります。
 お届け商品は、商品名及び画像のものになります。

 ・パム・A
 ・パム・B
 ・タルト・A
 ・タルト・B
 ・ポポ

 キャラクター：スタジオハヌル
 サイズ：全長約32-49mm
 材質：PVCラバー,スチール
 商品状態：新古品・未使用・ミニブック付属 ※カプセルは付属しません。内袋は未開封です。

 ■58075
 ■メーカー：ピーナッツクラブ
 ■分類：ガチャガチャ
 ■code：20260717
 ■JAN：4580610323417",https://img07.shop-pro.jp/PA01455/769/product/192666563.jpg?cmsp_timestamp=20260717094719|https://img07.shop-pro.jp/PA01455/769/product/192666563_o1.jpg?cmsp_timestamp=20260717094719|https://img07.shop-pro.jp/PA01455/769/product/192666563_o2.jpg?cmsp_timestamp=20260717094719,/Users/hong/Desktop/日本商品2/采集数据/images/192666563_M_0.jpg|/Users/hong/Desktop/日本商品2/采集数据/images/192666563_M_1.jpg|/Users/hong/Desktop/日本商品2/采集数据/images/192666563_M_2.jpg
https://shop.toysanta.jp/?pid=192666557,192666557,"ホーム > 模型・ミニチュア > 生き物
",【全部揃ってます!!】ほっこり カピバラのひとやすみ [全5種セット(フルコンプ)]【 ネコポス不可 】【C】,"1,600円(内税)",48pt,"この商品のラインナップを全て見る

 ▼この商品は【全5種セット(フルコンプ)】です。

 ぷっくりボディがカワイイ、カピバラたちのマスコット。
 ボールチェーン付きでいつでも一緒♪

 英語名：Hokkori Capybara no Hitoyasumi Peanuts Club Capsule Toy

 このシリーズには5種類のラインナップがあります。
 お届け商品は、商品名及び画像のものになります。

 ・ノリノリ
 ・シャワータイム
 ・うきわ
 ・カエルだいすき
 ・ぷ～かぷか

 キャラクター：生き物
 サイズ：全高約50-55mm
 材質：PVC,スチール
 商品状態：新古品・未使用・ミニブック付属 ※カプセルは付属しません。内袋は未開封です。

 ■58073
 ■メーカー：ピーナッツクラブ
 ■分類：ガチャガチャ
 ■code：20260717
 ■JAN：4580610323677",https://img07.shop-pro.jp/PA01455/769/product/192666557.jpg?cmsp_timestamp=20260717094715|https://img07.shop-pro.jp/PA01455/769/product/192666557_o1.jpg?cmsp_timestamp=20260717094715|https://img07.shop-pro.jp/PA01455/769/product/192666557_o2.jpg?cmsp_timestamp=20260717094715,/Users/hong/Desktop/日本商品2/采集数据/images/192666557_M_0.jpg|/Users/hong/Desktop/日本商品2/采集数据/images/192666557_M_1.jpg|/Users/hong/Desktop/日本商品2/采集数据/images/192666557_M_2.jpg
https://shop.toysanta.jp/?pid=192666551,192666551,"ホーム > キャラクター > SNSキャラクター
",【全部揃ってます!!】ウサコレフレンズ ラバー前髪クリップ [全5種セット(フルコンプ)]【ネコポス配送対応】【C】,"1,600円(内税)",48pt,"この商品のラインナップを全て見る

 ▼この商品は【全5種セット(フルコンプ)】です。

 今日の前髪、どのウサコレ？
 バッグにつけてもカワイイ！

 英語名：Usacolle Friends Rubber Bangs Clip Peanuts Club Capsule Toy

 このシリーズには5種類のラインナップがあります。
 お届け商品は、商品名及び画像のものになります。

 ・水玉ウサギ
 ・フラワーウサギ
 ・ウサギパンダ
 ・オヤジウサギ
 ・天使ウサギ

 キャラクター：ウサコレフレンズ 
 サイズ：全長約50mm
 材質：PVCラバー,スチール
 商品状態：新古品・未使用・ミニブック付属 ※カプセルは付属しません。内袋は未開封です。

 ■57600
 ■メーカー：ピーナッツクラブ
 ■分類：ガチャガチャ
 ■code：20260717
 ■JAN：4580610323349",https://img07.shop-pro.jp/PA01455/769/product/192666551.jpg?cmsp_timestamp=20260717094711|https://img07.shop-pro.jp/PA01455/769/product/192666551_o1.jpg?cmsp_timestamp=20260717094711|https://img07.shop-pro.jp/PA01455/769/product/192666551_o2.jpg?cmsp_timestamp=20260717094711,/Users/hong/Desktop/日本商品2/采集数据/images/192666551_M_0.jpg|/Users/hong/Desktop/日本商品2/采集数据/images/192666551_M_1.jpg|/Users/hong/Desktop/日本商品2/采集数据/images/192666551_M_2.jpg
https://shop.toysanta.jp/?pid=192666508,192666508,"ホーム > 模型・ミニチュア > ポーチ・バッグ
",【全部揃ってます!!】六法全書ポーチコレクション [全6種セット(フルコンプ)]【ネコポス配送対応】【C】,"2,500円(内税)",75pt,"この商品のラインナップを全て見る

 ▼この商品は【全6種セット(フルコンプ)】です。

 まるで本物のような六法全書ポーチが登場！
 小物収納にちょうどいいサイズで、普段使いにぴったりです。

 英語名：Roppou Zensho Pouch Collection Cotoful Capsule Toy

 このシリーズには6種類のラインナップがあります。
 お届け商品は、商品名及び画像のものになります。

 ・公法編(1)
 ・公法編(2)
 ・民事法編
 ・刑事法編
 ・社会法編
 ・経済法編

 キャラクター：模型
 サイズ：全長約100mm
 材質：PU,ポリエステル,PET,POM
 商品状態：新古品・未使用・ミニブック付属 ※カプセルは付属しません。内袋は未開封です。

 ■57892
 ■メーカー：コトフル
 ■分類：ガチャガチャ
 ■code：20260717
 ■JAN：4595319055842",https://img07.shop-pro.jp/PA01455/769/product/192666508.jpg?cmsp_timestamp=20260717094642|https://img07.shop-pro.jp/PA01455/769/product/192666508_o1.jpg?cmsp_timestamp=20260717094642|https://img07.shop-pro.jp/PA01455/769/product/192666508_o2.jpg?cmsp_timestamp=20260717094642,/Users/hong/Desktop/日本商品2/采集数据/images/192666508_M_0.jpg|/Users/hong/Desktop/日本商品2/采集数据/images/192666508_M_1.jpg|/Users/hong/Desktop/日本商品2/采集数据/images/192666508_M_2.jpg
https://shop.toysanta.jp/?pid=192652207,192652207,"ホーム > ゲームキャラクター > その他
",【送料無料】【全部揃ってます!!】たまごっち ぬいピン たまごっち ツーしん期・カラー期 [全12種セット(フルコンプ)]【 ネコポス不可 】,"13,200円(内税)",396pt,"この商品のラインナップを全て見る

 ▼この商品は【全12種セット(フルコンプ)】です。

 たまごっち ツーしん期・カラー期のぬいピンです。
 ぷっくり可愛いアップリケのバッジです。
 裏面は安全ピンが付いています♪

 ※配送方法によっては、箱を折りたたみ発送します。

 英語名：Tamagotchi Plush Pin Tamagotchi Connection Phase & Color Era BANDAI Collection Toy

 このシリーズには12種類のラインナップがあります。
 お届け商品は、商品名及び画像のものになります。

 ・まめっち
 ・みみっち
 ・くちぱっち
 ・めめっち
 ・くろまめっち
 ・ふらわっち
 ・ももっち
 ・まきこ
 ・しましまっち
 ・メロディっち
 ・ラブリっち
 ・ききっち

 キャラクター：たまごっち
 サイズ：全長約62-84mm
 材質：ポリエステル,ABS,ステンレス
 商品状態：新品未開封。

 ■58304
 ■メーカー：バンダイ
 ■分類：BOXフィギュア
 ■code：20260716
 ■JAN：4571617938582",https://img07.shop-pro.jp/PA01455/769/product/192652207.jpg?cmsp_timestamp=20260716102619|https://img07.shop-pro.jp/PA01455/769/product/192652207_o1.jpg?cmsp_timestamp=20260716102619|https://img07.shop-pro.jp/PA01455/769/product/192652207_o2.jpg?cmsp_timestamp=20260716102619,/Users/hong/Desktop/日本商品2/采集数据/images/192652207_M_0.jpg|/Users/hong/Desktop/日本商品2/采集数据/images/192652207_M_1.jpg|/Users/hong/Desktop/日本商品2/采集数据/images/192652207_M_2.jpg
https://shop.toysanta.jp/?pid=192652171,192652171,"ホーム > コミック・アニメ(ジャンプ) > ハイキュー!!
",【全部揃ってます!!】ハイキュー!! どうぶつぷちマスコットぬいぐるみ3 [全4種セット(フルコンプ)]【ネコポス配送対応】【C】,"2,100円(内税)",63pt,"この商品のラインナップを全て見る

 ▼この商品は【全4種セット(フルコンプ)】です。

 大人気アニメ「ハイキュー!!」より、どうぶつぷちマスコットぬいぐるみ3がカプセルトイで登場！
 アニマルマスコットたちが、約8cmのぬいぐるみになりました！
 ゴム紐付きなので、かばんにつけて一緒にお出かけもできちゃいます！

 英語名：Haikyu!! Animal Petite Mascot Plush Part.3 Fukuya Capsule Toy

 このシリーズには4種類のラインナップがあります。
 お届け商品は、商品名及び画像のものになります。

 ・ウシジマワシ
 ・テンドウワシ
 ・ツムキツネ
 ・サムキツネ

 キャラクター：ハイキュー!!
 サイズ：全長約80mm
 材質：ポリエステル
 商品状態：新古品・未使用・ミニブック付属 ※カプセルは付属しません。内袋は未開封です。

 ■57961
 ■メーカー：フクヤ
 ■分類：ガチャガチャ
 ■code：20260716
 ■JAN：4573611790616",https://img07.shop-pro.jp/PA01455/769/product/192652171.jpg?cmsp_timestamp=20260716102608|https://img07.shop-pro.jp/PA01455/769/product/192652171_o1.jpg?cmsp_timestamp=20260716102608|https://img07.shop-pro.jp/PA01455/769/product/192652171_o2.jpg?cmsp_timestamp=20260716102608,/Users/hong/Desktop/日本商品2/采集数据/images/192652171_M_0.jpg|/Users/hong/Desktop/日本商品2/采集数据/images/192652171_M_1.jpg|/Users/hong/Desktop/日本商品2/采集数据/images/192652171_M_2.jpg
https://shop.toysanta.jp/?pid=192652157,192652157,"ホーム > コミック・アニメ(ジャンプ) > ハイキュー!!
",【全部揃ってます!!】ハイキュー!! どうぶつぷちマスコットぬいぐるみ2 [全4種セット(フルコンプ)]【ネコポス配送対応】【C】,"2,100円(内税)",63pt,"この商品のラインナップを全て見る

 ▼この商品は【全4種セット(フルコンプ)】です。

 大人気アニメ「ハイキュー!!」より、どうぶつぷちマスコットぬいぐるみ2がカプセルトイで登場！
 アニマルマスコットたちが、約8cmのぬいぐるみになりました！
 ゴム紐付きなので、かばんにつけて一緒にお出かけもできちゃいます！

 英語名：Haikyu!! Animal Petite Mascot Plush Part.2 Fukuya Capsule Toy

 このシリーズには4種類のラインナップがあります。
 お届け商品は、商品名及び画像のものになります。

 ・クロオネコ
 ・ケンマネコ
 ・ボク卜フクロウ
 ・アカアシフクロウ

 キャラクター：ハイキュー!!
 サイズ：全長約80mm
 材質：ポリエステル
 商品状態：新古品・未使用・ミニブック付属 ※カプセルは付属しません。内袋は未開封です。

 ■57960
 ■メーカー：フクヤ
 ■分類：ガチャガチャ
 ■code：20260716
 ■JAN：4573611790609",https://img07.shop-pro.jp/PA01455/769/product/192652157.jpg?cmsp_timestamp=20260716102604|https://img07.shop-pro.jp/PA01455/769/product/192652157_o1.jpg?cmsp_timestamp=20260716102604|https://img07.shop-pro.jp/PA01455/769/product/192652157_o2.jpg?cmsp_timestamp=20260716102604,/Users/hong/Desktop/日本商品2/采集数据/images/192652157_M_0.jpg|/Users/hong/Desktop/日本商品2/采集数据/images/192652157_M_1.jpg|/Users/hong/Desktop/日本商品2/采集数据/images/192652157_M_2.jpg
https://shop.toysanta.jp/?pid=192652143,192652143,"ホーム > コミック・アニメ(ジャンプ) > ハイキュー!!
",【全部揃ってます!!】ハイキュー!! どうぶつぷちマスコットぬいぐるみ1 [全4種セット(フルコンプ)]【ネコポス配送対応】【C】,"2,100円(内税)",63pt,"この商品のラインナップを全て見る

 ▼この商品は【全4種セット(フルコンプ)】です。

 大人気アニメ「ハイキュー?」より、どうぶつぷちマスコットぬいぐるみ1がカプセルトイで登場！
 アニマルマスコットたちが、約8cmのぬいぐるみになりました！
 ゴム紐付きなので、かばんにつけて一緒にお出かけもできちゃいます！

 英語名：Haikyu!! Animal Petite Mascot Plush Part.1 Fukuya Capsule Toy

 このシリーズには4種類のラインナップがあります。
 お届け商品は、商品名及び画像のものになります。

 ・ヒナガラス
 ・カゲガラス
 ・ツキガラス
 ・ヤマグチガラス

 キャラクター：ハイキュー!!
 サイズ：全長約80mm
 材質：ポリエステル
 商品状態：新古品・未使用・ミニブック付属 ※カプセルは付属しません。内袋は未開封です。

 ■57959
 ■メーカー：フクヤ
 ■分類：ガチャガチャ
 ■code：20260716
 ■JAN：4573611790593",https://img07.shop-pro.jp/PA01455/769/product/192652143.jpg?cmsp_timestamp=20260716102559|https://img07.shop-pro.jp/PA01455/769/product/192652143_o1.jpg?cmsp_timestamp=20260716102559|https://img07.shop-pro.jp/PA01455/769/product/192652143_o2.jpg?cmsp_timestamp=20260716102559,/Users/hong/Desktop/日本商品2/采集数据/images/192652143_M_0.jpg|/Users/hong/Desktop/日本商品2/采集数据/images/192652143_M_1.jpg|/Users/hong/Desktop/日本商品2/采集数据/images/192652143_M_2.jpg
https://shop.toysanta.jp/?pid=192652049,192652049,"ホーム > 模型・ミニチュア > その他
",【全部揃ってます!!】本当に録音再生！ポータブルゲーム機マスコット フルダイブ [全5種セット(フルコンプ)]【 ネコポス不可 】,"2,600円(内税)",78pt,"この商品のラインナップを全て見る

 ▼この商品は【全5種セット(フルコンプ)】です。

 大ヒット商品「録音再生ガラケー」に続きカスタム画面がSNSで話題のシリーズからポータブルゲーム機タイプが新登場！
 なんとこちら本当に録音・再生ができちゃう♪
 お気に入りの画面にカスタムして自分だけのミニゲーム機を楽しんでね！
 全種ボールチェーン付き！

 ※ボタン電池(CR1632)・電池交換可 セットされている電池はテスト用です。

 英語名：Record playback! Portable Game Console Mascot Full Dive Toys spirits Capsule Toy

 このシリーズには5種類のラインナップがあります。
 お届け商品は、商品名及び画像のものになります。

 ・ブラウン
 ・パープル
 ・ミントブルー
 ・ホワイト
 ・ピンク

 キャラクター：模型
 サイズ：全長約59mm
 材質：ABS,PS,紙,丸ボタン電池,録音再生ギミック
 商品状態：新古品・未使用・カプセル付属・ミニブック付属・内袋は未開封です。

 ■57494
 ■メーカー：トイズスピリッツ
 ■分類：ガチャガチャ
 ■code：20260716
 ■JAN：4580854480952",https://img07.shop-pro.jp/PA01455/769/product/192652049.jpg?cmsp_timestamp=20260716102530|https://img07.shop-pro.jp/PA01455/769/product/192652049_o1.jpg?cmsp_timestamp=20260716102530|https://img07.shop-pro.jp/PA01455/769/product/192652049_o2.jpg?cmsp_timestamp=20260716102530|https://img07.shop-pro.jp/PA01455/769/product/192652049_o3.png?cmsp_timestamp=20260724173553|https://img07.shop-pro.jp/PA01455/769/product/192652049_o4.jpg?cmsp_timestamp=20260724173553|https://img07.shop-pro.jp/PA01455/769/product/192652049_o5.jpg?cmsp_timestamp=20260724173553|https://img07.shop-pro.jp/PA01455/769/product/192652049_o6.jpg?cmsp_timestamp=20260724173553|https://img07.shop-pro.jp/PA01455/769/product/192652049_o7.jpg?cmsp_timestamp=20260724173553|https://img07.shop-pro.jp/PA01455/769/product/192652049_o8.jpg?cmsp_timestamp=20260724173553|https://img07.shop-pro.jp/PA01455/769/product/192652049_o9.jpg?cmsp_timestamp=20260724173553|https://img07.shop-pro.jp/PA01455/769/product/192652049_o10.jpg?cmsp_timestamp=20260724173553,/Users/hong/Desktop/日本商品2/采集数据/images/192652049_M_0.jpg|/Users/hong/Desktop/日本商品2/采集数据/images/192652049_M_1.jpg|/Users/hong/Desktop/日本商品2/采集数据/images/192652049_M_2.jpg|/Users/hong/Desktop/日本商品2/采集数据/images/192652049_M_3.jpg|/Users/hong/Desktop/日本商品2/采集数据/images/192652049_M_4.jpg|/Users/hong/Desktop/日本商品2/采集数据/images/192652049_M_5.jpg|/Users/hong/Desktop/日本商品2/采集数据/images/192652049_M_6.jpg|/Users/hong/Desktop/日本商品2/采集数据/images/192652049_M_7.jpg|/Users/hong/Desktop/日本商品2/采集数据/images/192652049_M_8.jpg|/Users/hong/Desktop/日本商品2/采集数据/images/192652049_M_9.jpg|/Users/hong/Desktop/日本商品2/采集数据/images/192652049_M_10.jpg
https://shop.toysanta.jp/?pid=192652032,192652032,"ホーム > 模型・ミニチュア > その他
",【全部揃ってます!!】JOYSOUND キョクNAVI ミュージックプレイマスコット 平成カラオケランキング [全5種セット(フルコンプ)]【 ネコポス不可 】,"2,600円(内税)",78pt,"この商品のラインナップを全て見る

 ▼この商品は【全5種セット(フルコンプ)】です。

 平成のカラオケがカプセルトイに!?
 懐かしのJOYSOUND【初代キョク NAVI】がミニチュアになって登場！
 あの頃のJOYSOUND年間カラオケランキング1位の楽曲のカラオケ音源を1曲収録♪(※フル尺は入っておりません。)
 全種ボールチェーン付き！
 ※ボタン電池内蔵(型番：LR1130×3枚)・電池交換可 セットされている電池はテスト用です。

 英語名：JOYSOUND Kyoku-NAVI Music Play Mascot Heisei-Era Karaoke Ranking Toys spirits Capsule Toy


 このシリーズには5種類のラインナップがあります。
 お届け商品は、商品名及び画像のものになります。

 ・ブルー 2010年「残酷な天使のテーゼ」
 ・ピンク 2004年「さくらんぼ」
 ・グリーン 2008・9年「キセキ」
 ・オレンジ 2011・12年「ヘビーローテーション」
 ・パープル 2013年「女々しくて」

 キャラクター：模型
 サイズ：全長約63mm
 材質：ABS,PS,丸ボタン電池,録音再生ギミック
 商品状態：新古品・未使用・カプセル付属・ミニブック付属・内袋は未開封です。

 ■57209
 ■メーカー：トイズスピリッツ
 ■分類：ガチャガチャ
 ■code：20260716
 ■JAN：4580854480839",https://img07.shop-pro.jp/PA01455/769/product/192652032.jpg?cmsp_timestamp=20260716102525|https://img07.shop-pro.jp/PA01455/769/product/192652032_o1.jpg?cmsp_timestamp=20260716102525|https://img07.shop-pro.jp/PA01455/769/product/192652032_o2.jpg?cmsp_timestamp=20260716102525|https://img07.shop-pro.jp/PA01455/769/product/192652032_o3.png?cmsp_timestamp=20260724173415|https://img07.shop-pro.jp/PA01455/769/product/192652032_o4.jpg?cmsp_timestamp=20260724173415|https://img07.shop-pro.jp/PA01455/769/product/192652032_o5.jpg?cmsp_timestamp=20260724173415|https://img07.shop-pro.jp/PA01455/769/product/192652032_o6.jpg?cmsp_timestamp=20260724173415|https://img07.shop-pro.jp/PA01455/769/product/192652032_o7.jpg?cmsp_timestamp=20260724173415|https://img07.shop-pro.jp/PA01455/769/product/192652032_o8.jpg?cmsp_timestamp=20260724173415|https://img07.shop-pro.jp/PA01455/769/product/192652032_o9.jpg?cmsp_timestamp=20260724173415|https://img07.shop-pro.jp/PA01455/769/product/192652032_o10.jpg?cmsp_timestamp=20260724173415,/Users/hong/Desktop/日本商品2/采集数据/images/192652032_M_0.jpg|/Users/hong/Desktop/日本商品2/采集数据/images/192652032_M_1.jpg|/Users/hong/Desktop/日本商品2/采集数据/images/192652032_M_2.jpg|/Users/hong/Desktop/日本商品2/采集数据/images/192652032_M_3.jpg|/Users/hong/Desktop/日本商品2/采集数据/images/192652032_M_4.jpg|/Users/hong/Desktop/日本商品2/采集数据/images/192652032_M_5.jpg|/Users/hong/Desktop/日本商品2/采集数据/images/192652032_M_6.jpg|/Users/hong/Desktop/日本商品2/采集数据/images/192652032_M_7.jpg|/Users/hong/Desktop/日本商品2/采集数据/images/192652032_M_8.jpg|/Users/hong/Desktop/日本商品2/采集数据/images/192652032_M_9.jpg|/Users/hong/Desktop/日本商品2/采集数据/images/192652032_M_10.jpg
https://shop.toysanta.jp/?pid=192651985,192651985,"ホーム > オリジナル > その他
",【全部揃ってます!!】肩ズンFig. カラフルピーチ vol.2 [全6種セット(フルコンプ)]【 ネコポス不可 】【C】,"3,100円(内税)",93pt,"この商品のラインナップを全て見る

 ▼この商品は【全6種セット(フルコンプ)】です。

 大人気実況グループ・カラフルピーチよりか「肩ズンFig.」が登場!!
 個性豊かなメンバーたちが大集合!!
 全種集めてかざりたくなるデザインに注目♪

 英語名：Shoulder Zun Fig. Colorful Peach Vol. 2 TakaraTomyArts Capsule Toy

 このシリーズには6種類のラインナップがあります。
 お届け商品は、商品名及び画像のものになります。

 ・ゆあんくん
 ・たっつん
 ・どぬく
 ・えと
 ・うり
 ・もふ

 キャラクター：カラフルピーチ
 サイズ：全高約50-55mm
 材質：PVC
 商品状態：新古品・未使用・ミニブック付属 ※カプセルは付属しません。内袋は未開封です。

 ■58133
 ■メーカー：タカラトミーアーツ
 ■分類：ガチャガチャ
 ■code：20260716
 ■JAN：4904790901065",https://img07.shop-pro.jp/PA01455/769/product/192651985.jpg?cmsp_timestamp=20260716102511|https://img07.shop-pro.jp/PA01455/769/product/192651985_o1.jpg?cmsp_timestamp=20260716102511|https://img07.shop-pro.jp/PA01455/769/product/192651985_o2.jpg?cmsp_timestamp=20260716102511,/Users/hong/Desktop/日本商品2/采集数据/images/192651985_M_0.jpg|/Users/hong/Desktop/日本商品2/采集数据/images/192651985_M_1.jpg|/Users/hong/Desktop/日本商品2/采集数据/images/192651985_M_2.jpg
https://shop.toysanta.jp/?pid=192651966,192651966,"ホーム > オリジナル > その他
",【全部揃ってます!!】肩ズンFig. カラフルピーチ vol.1 [全5種セット(フルコンプ)]【 ネコポス不可 】【C】,"2,600円(内税)",78pt,"この商品のラインナップを全て見る

 ▼この商品は【全5種セット(フルコンプ)】です。

 大人気実況グループ・カラフルピーチよりか「肩ズンFig.」が登場!!
 個性豊かなメンバーたちが大集合!!
 全種集めてかざりたくなるデザインに注目♪

 英語名：Shoulder Zun Fig. Colorful Peach Vol. 1 TakaraTomyArts Capsule Toy

 このシリーズには5種類のラインナップがあります。
 お届け商品は、商品名及び画像のものになります。

 ・じゃぱぱ
 ・のあ
 ・なおきり
 ・ヒロ
 ・シヴァ

 キャラクター：カラフルピーチ
 サイズ：全高約45-50mm
 材質：PVC
 商品状態：新古品・未使用・ミニブック付属 ※カプセルは付属しません。内袋は未開封です。

 ■58132
 ■メーカー：タカラトミーアーツ
 ■分類：ガチャガチャ
 ■code：20260716
 ■JAN：4904790094729",https://img07.shop-pro.jp/PA01455/769/product/192651966.jpg?cmsp_timestamp=20260716102505|https://img07.shop-pro.jp/PA01455/769/product/192651966_o1.jpg?cmsp_timestamp=20260716102505|https://img07.shop-pro.jp/PA01455/769/product/192651966_o2.jpg?cmsp_timestamp=20260716102505,/Users/hong/Desktop/日本商品2/采集数据/images/192651966_M_0.jpg|/Users/hong/Desktop/日本商品2/采集数据/images/192651966_M_1.jpg|/Users/hong/Desktop/日本商品2/采集数据/images/192651966_M_2.jpg
https://shop.toysanta.jp/?pid=192651950,192651950,"ホーム > キャラクター > その他
",【全部揃ってます!!】つながリングチャーム ワーリーフレンズ [全5種セット(フルコンプ)]【ネコポス配送対応】【C】,"1,600円(内税)",48pt,"この商品のラインナップを全て見る

 ▼この商品は【全5種セット(フルコンプ)】です。

 キュートなワニのぬいぐるみシリーズ「ワーリー」とその仲間たちが、上下につながるリングチャームになりました。
 上下につながるデザインで、つなげてつけても楽しめます。
 シリコンリングとカニカン付きで、傘やペットボトルなどにつければ自分用のマーカーとして便利。
 取り違え防止にも役立ちます。
 フロッキー加工を施した、ふわふわとした手触りも魅力。

 英語名：Tsunagaring Charm Waally Friends TakaraTomyArts Capsule Toy

 このシリーズには5種類のラインナップがあります。
 お届け商品は、商品名及び画像のものになります。

 ・ワーリー
 ・ラブリー
 ・ホーリー
 ・パプリー
 ・レイリー

 キャラクター：ワーリーフレンズ
 サイズ：全長約30mm
 材質：PVC,ABS,ナイロン,シリコーンゴム
 商品状態：新古品・未使用・ミニブック付属 ※カプセルは付属しません。内袋は未開封です。

 ■58107
 ■メーカー：タカラトミーアーツ
 ■分類：ガチャガチャ
 ■code：20260716
 ■JAN：4904790905988",https://img07.shop-pro.jp/PA01455/769/product/192651950.jpg?cmsp_timestamp=20260716102500|https://img07.shop-pro.jp/PA01455/769/product/192651950_o1.jpg?cmsp_timestamp=20260716102500|https://img07.shop-pro.jp/PA01455/769/product/192651950_o2.jpg?cmsp_timestamp=20260716102500,/Users/hong/Desktop/日本商品2/采集数据/images/192651950_M_0.jpg|/Users/hong/Desktop/日本商品2/采集数据/images/192651950_M_1.jpg|/Users/hong/Desktop/日本商品2/采集数据/images/192651950_M_2.jpg
https://shop.toysanta.jp/?pid=192651911,192651911,"ホーム > キャラクター > SNSキャラクター
",【全部揃ってます!!】おいんぼいん ふわふわてんしちゃん めじるしガチャマスコット [全4種セット(フルコンプ)]【ネコポス配送対応】【C】,"1,300円(内税)",39pt,"この商品のラインナップを全て見る

 ▼この商品は【全4種セット(フルコンプ)】です。

 やわらかくかわいいイラストで人気の「oingboing(おいんぼいん)」が初のガチャ化。
 めじるし仕様のマスコットで、フロッキー加工のふわふわかわいい天使ちゃんです。
 シリコンリングとカニカン付きで、傘やペットボトルなどにつける自分用マーカーとして使えます。

 英語名：Oinboin Fluffy Angel Mejirushi Gacha Mascot TakaraTomyArts Capsule Toy

 このシリーズには4種類のラインナップがあります。
 お届け商品は、商品名及び画像のものになります。

 ・きつねちゃん
 ・わんちゃん
 ・ねこちゃん
 ・くまちゃん

 キャラクター：おいんぼいん 
 サイズ：全長約30mm
 材質：PVC,シリコーンゴム,ナイロン
 商品状態：新古品・未使用・ミニブック付属 ※カプセルは付属しません。内袋は未開封です。

 ■58108
 ■メーカー：タカラトミーアーツ
 ■分類：ガチャガチャ
 ■code：20260716
 ■JAN：4904790901119",https://img07.shop-pro.jp/PA01455/769/product/192651911.jpg?cmsp_timestamp=20260716102448|https://img07.shop-pro.jp/PA01455/769/product/192651911_o1.jpg?cmsp_timestamp=20260716102448|https://img07.shop-pro.jp/PA01455/769/product/192651911_o2.jpg?cmsp_timestamp=20260716102448,/Users/hong/Desktop/日本商品2/采集数据/images/192651911_M_0.jpg|/Users/hong/Desktop/日本商品2/采集数据/images/192651911_M_1.jpg|/Users/hong/Desktop/日本商品2/采集数据/images/192651911_M_2.jpg
https://shop.toysanta.jp/?pid=192651871,192651871,"ホーム > キャラクター > サンリオ
",【全部揃ってます!!】サンリオキャラクターズ くるくるヘアカーラーフィギュア [全5種セット(フルコンプ)]【ネコポス配送対応】【C】,"1,600円(内税)",48pt,"この商品のラインナップを全て見る

 ▼この商品は【全5種セット(フルコンプ)】です。

 頭にヘアカーラーを巻いているサンリオキャラクターたちを、かわいくフィギュア化。
 ここでしか手に入らないタカラトミーアーツのオリジナルポーズで、ヘアカーラーを巻いたインパクト大な姿は、SNS映えもバッチリです。

 英語名：Sanrio Characters Kurukuru Hair Curler Figure TakaraTomyArts Capsule Toy

 このシリーズには5種類のラインナップがあります。
 お届け商品は、商品名及び画像のものになります。

 ・バッドばつ丸
 ・ハンギョドン
 ・ポチャッコ
 ・シナモロール
 ・ポムポムプリン

 キャラクター：サンリオ
 サイズ：全高約25-45mm
 材質：PVC
 商品状態：新古品・未使用・ミニブック付属 ※カプセルは付属しません。内袋は未開封です。

 ■58102
 ■メーカー：タカラトミーアーツ
 ■分類：ガチャガチャ
 ■code：20260716
 ■JAN：4904790905940",https://img07.shop-pro.jp/PA01455/769/product/192651871.jpg?cmsp_timestamp=20260716102436|https://img07.shop-pro.jp/PA01455/769/product/192651871_o1.jpg?cmsp_timestamp=20260716102436|https://img07.shop-pro.jp/PA01455/769/product/192651871_o2.jpg?cmsp_timestamp=20260716102436|https://img07.shop-pro.jp/PA01455/769/product/192651871_o3.png?cmsp_timestamp=20260724174600|https://img07.shop-pro.jp/PA01455/769/product/192651871_o4.jpg?cmsp_timestamp=20260724174600|https://img07.shop-pro.jp/PA01455/769/product/192651871_o5.jpg?cmsp_timestamp=20260724174600|https://img07.shop-pro.jp/PA01455/769/product/192651871_o6.jpg?cmsp_timestamp=20260724174600|https://img07.shop-pro.jp/PA01455/769/product/192651871_o7.jpg?cmsp_timestamp=20260724174600,/Users/hong/Desktop/日本商品2/采集数据/images/192651871_M_0.jpg|/Users/hong/Desktop/日本商品2/采集数据/images/192651871_M_1.jpg|/Users/hong/Desktop/日本商品2/采集数据/images/192651871_M_2.jpg|/Users/hong/Desktop/日本商品2/采集数据/images/192651871_M_3.jpg|/Users/hong/Desktop/日本商品2/采集数据/images/192651871_M_4.jpg|/Users/hong/Desktop/日本商品2/采集数据/images/192651871_M_5.jpg|/Users/hong/Desktop/日本商品2/采集数据/images/192651871_M_6.jpg|/Users/hong/Desktop/日本商品2/采集数据/images/192651871_M_7.jpg
https://shop.toysanta.jp/?pid=192639570,192639570,"ホーム > オリジナル > その他
",【全部揃ってます!!】ガチャピン・ムック もこもこスクエアポーチ [全4種セット(フルコンプ)]【ネコポス配送対応】【C】,"1,700円(内税)",51pt,"この商品のラインナップを全て見る

 ▼この商品は【全4種セット(フルコンプ)】です。

 もこもこ素材がたまらない！
 『ガチャピン＆ムック もこもこスクエアポーチ』がカプセルトイに新登場!!
 いつでも持ち歩いてね！

 英語名：Gachapin Mukku Mokomoko Square Pouch Peanut Club Capsule Toy

 このシリーズには4種類のラインナップがあります。
 お届け商品は、商品名及び画像のものになります。

 ・ガチャピン グリーン
 ・ムック レッド
 ・ガチャピン ブルー
 ・ムック ピンク

 キャラクター：ポンキッキーズ
 サイズ：約100×120mm
 材質：ポリエステル,スチール
 商品状態：新古品・未使用・ミニブック付属 ※カプセルは付属しません。内袋は未開封です。

 ■58078
 ■メーカー：ピーナッツクラブ
 ■分類：ガチャガチャ
 ■code：20260715
 ■JAN：4580610322809",https://img07.shop-pro.jp/PA01455/769/product/192639570.jpg?cmsp_timestamp=20260715084909|https://img07.shop-pro.jp/PA01455/769/product/192639570_o1.jpg?cmsp_timestamp=20260715084909|https://img07.shop-pro.jp/PA01455/769/product/192639570_o2.jpg?cmsp_timestamp=20260715084909,/Users/hong/Desktop/日本商品2/采集数据/images/192639570_M_0.jpg|/Users/hong/Desktop/日本商品2/采集数据/images/192639570_M_1.jpg|/Users/hong/Desktop/日本商品2/采集数据/images/192639570_M_2.jpg
https://shop.toysanta.jp/?pid=192639559,192639559,"ホーム > オリジナル > クリエイター・アーティスト系
",【全部揃ってます!!】ガブリアン アートコレクション2 GABULIEN ARTCOLLECTION2 [全6種セット(フルコンプ)]【 ネコポス不可 】,"2,500円(内税)",75pt,"この商品のラインナップを全て見る

 ▼この商品は【全6種セット(フルコンプ)】です。

 MAGICHORSE ARTCOLLECTIONでお馴染み「KAMAKIRI」氏の代表作「GABULIEN(ガブリアン)」をPVCフィギュアで再現！
 待望の第二弾ついに登場！

 英語名：GABULIEN ARTCOLLECTION Part.2 Studio SO-TA Capsule Toy

 このシリーズには6種類のラインナップがあります。
 お届け商品は、商品名及び画像のものになります。

 ・パレットカラー イエロー
 ・エイリアン
 ・フレイム
 ・スキャリープラント
 ・アース
 ・アクマ

 キャラクター：ガブリアン
 サイズ：全高約60mm
 材質：ATBC-PVC
 商品状態：新古品・未使用・カプセル付属・ミニブック付属・内袋は未開封です。

 ■57565
 ■メーカー：スタジオソータ(SO-TA)
 ■分類：ガチャガチャ
 ■code：20260715
 ■JAN：4582779496889",https://img07.shop-pro.jp/PA01455/769/product/192639559.jpg?cmsp_timestamp=20260715084859|https://img07.shop-pro.jp/PA01455/769/product/192639559_o1.jpg?cmsp_timestamp=20260715084859|https://img07.shop-pro.jp/PA01455/769/product/192639559_o2.jpg?cmsp_timestamp=20260715084859,/Users/hong/Desktop/日本商品2/采集数据/images/192639559_M_0.jpg|/Users/hong/Desktop/日本商品2/采集数据/images/192639559_M_1.jpg|/Users/hong/Desktop/日本商品2/采集数据/images/192639559_M_2.jpg
https://shop.toysanta.jp/?pid=192639552,192639552,"ホーム > キャラクター > サンリオ
",【全部揃ってます!!】ジュエルペット アンブレラマーカー Vol.3 [全9種セット(フルコンプ)]【ネコポス配送対応】【C】,"3,700円(内税)",111pt,"この商品のラインナップを全て見る

 ▼この商品は【全9種セット(フルコンプ)】です。

 ジュエルペットアンブレラマーカーの第3弾が登場♪

 英語名：Jewelpet Umbrella Marker Vol.3 HMA Capsule Toy

 このシリーズには9種類のラインナップがあります。
 お届け商品は、商品名及び画像のものになります。

 ・ルビー
 ・ガーネット
 ・サフィー
 ・ラブラ
 ・エンジェラ
 ・ペリドット
 ・ミルキィ
 ・サンゴ
 ・ルナ

 キャラクター：サンリオ
 サイズ：全長約37mm
 材質：アクリル,シリコン
 商品状態：新古品・未使用・ミニブック付属 ※カプセルは付属しません。内袋は未開封です。

 ■57992
 ■メーカー：エイチエムエー
 ■分類：ガチャガチャ
 ■code：20260715
 ■JAN：4571644996562",https://img07.shop-pro.jp/PA01455/769/product/192639552.jpg?cmsp_timestamp=20260715084854|https://img07.shop-pro.jp/PA01455/769/product/192639552_o1.jpg?cmsp_timestamp=20260715084854|https://img07.shop-pro.jp/PA01455/769/product/192639552_o2.jpg?cmsp_timestamp=20260715084854,/Users/hong/Desktop/日本商品2/采集数据/images/192639552_M_0.jpg|/Users/hong/Desktop/日本商品2/采集数据/images/192639552_M_1.jpg|/Users/hong/Desktop/日本商品2/采集数据/images/192639552_M_2.jpg
https://shop.toysanta.jp/?pid=192639537,192639537,"ホーム > 模型・ミニチュア > 生き物
",【全部揃ってます!!】ここだけの話、高いところ苦手なんだよね そのに！ [全9種セット(フルコンプ)]【ネコポス配送対応】【C】,"1,900円(内税)",57pt,"この商品のラインナップを全て見る

 ▼この商品は【全9種セット(フルコンプ)】です。

 実は高いところが苦手!?コップなどのフチにしがみつくハムスターのフィギュア第2弾です！
 ポーズは各3種類！

 英語名：Kokodakenohanashi, takaitokoronigatenandayone Part.2 Yell Capsule Toy

 このシリーズには9種類のラインナップがあります。
 お届け商品は、商品名及び画像のものになります。

 ・ぶらさがりゴールデン
 ・しがみつきゴールデン
 ・つかまりゴールデン
 ・ぶらさがりプディング
 ・しがみつきプディング
 ・つかまりプディング
 ・ぶらさがりロシアンブルー
 ・しがみつきロシアンブルー
 ・つかまりロシアンブルー

 キャラクター：生き物
 サイズ：全長約38-41mm
 材質：ATBC-PVC
 商品状態：新古品・未使用・ミニブック付属 ※カプセルは付属しません。内袋は未開封です。

 ■57461
 ■メーカー：エール
 ■分類：ガチャガチャ
 ■code：20260715
 ■JAN：4580800202492",https://img07.shop-pro.jp/PA01455/769/product/192639537.jpg?cmsp_timestamp=20260715084842|https://img07.shop-pro.jp/PA01455/769/product/192639537_o1.jpg?cmsp_timestamp=20260715084842|https://img07.shop-pro.jp/PA01455/769/product/192639537_o2.jpg?cmsp_timestamp=20260715084842,/Users/hong/Desktop/日本商品2/采集数据/images/192639537_M_0.jpg|/Users/hong/Desktop/日本商品2/采集数据/images/192639537_M_1.jpg|/Users/hong/Desktop/日本商品2/采集数据/images/192639537_M_2.jpg
https://shop.toysanta.jp/?pid=192639509,192639509,"ホーム > ゲームキャラクター > その他
",【全部揃ってます!!】Shadowverse メモリアルカードアクリル＆キーホルダー [全8種セット(フルコンプ)]【ネコポス配送対応】【C】,"2,500円(内税)",75pt,"この商品のラインナップを全て見る

 ▼この商品は【全8種セット(フルコンプ)】です。

 シャドウバース10周年を記念して、リーダースキン付きカードの豪華なイラストがカプセルトイに登場！ 
 進化前・進化後のイラストを両面印刷で再現し、クリアケースが付属します。
 ※アクリルには両面に保護フィルムが貼られていますので、剥がしてご使用ください。

 英語名：Shadowverse Memorial Card Acrylic & Keychain Toys cabin Capsule Toy

 このシリーズには8種類のラインナップがあります。
 お届け商品は、商品名及び画像のものになります。

 ・回帰する抱擁・ラティカ
 ・グロリアスセイバー・オーレリア
 ・耽溺の咎人・セフィー
 ・極炎のドラグーン・ローラ
 ・デッドソウルテイカー
 ・仁義の悪魔・ユヅキ
 ・絶望の救済・ジャンヌ
 ・弾哭の執行者・キルザエル

 キャラクター：Shadowverse 
 サイズ：全長約56mm
 材質：アクリル,PVC
 商品状態：新古品・未使用・ミニブック付属 ※カプセルは付属しません。内袋は未開封です。

 ■58059
 ■メーカー：トイズキャビン
 ■分類：ガチャガチャ
 ■code：20260715
 ■JAN：4589415443474",https://img07.shop-pro.jp/PA01455/769/product/192639509.jpg?cmsp_timestamp=20260715084820|https://img07.shop-pro.jp/PA01455/769/product/192639509_o1.jpg?cmsp_timestamp=20260715084820|https://img07.shop-pro.jp/PA01455/769/product/192639509_o2.jpg?cmsp_timestamp=20260715084820,/Users/hong/Desktop/日本商品2/采集数据/images/192639509_M_0.jpg|/Users/hong/Desktop/日本商品2/采集数据/images/192639509_M_1.jpg|/Users/hong/Desktop/日本商品2/采集数据/images/192639509_M_2.jpg
https://shop.toysanta.jp/?pid=192626216,192626216,"ホーム > オリジナル > クリエイター・アーティスト系
",【全部揃ってます!!】mojojojo テディ ジョージョー フィギュアコレクション [全4種セット(フルコンプ)]【 ネコポス不可 】【C】,"2,000円(内税)",60pt,"フォトレビューはこちら(トイサンタのブログへ移動します)


この商品のラインナップを全て見る

 ▼この商品は【全4種セット(フルコンプ)】です。

 大人気mojojojoの新シリーズ【Teddy JOJO】がフィギュアコレクションになってやってきた！

 全種手足可動！自立タイプ！
 ふわふわフロッキー仕様！

 英語名：mojojojo Teddy JOJO Figure Collection Ken elephant Capsule Toy

 このシリーズには4種類のラインナップがあります。
 お届け商品は、商品名及び画像のものになります。

 ・Bubble gum
 ・Moss
 ・You never know 
 ・Toy blue

 キャラクター：mojojojo
 サイズ：全高約55-73mm
 材質：PVC,ABS,ナイロン
 商品状態：新古品・未使用・ミニブック付属 ※カプセルは付属しません。内袋は未開封です。

 ■56366
 ■メーカー：ケンエレファント
 ■分類：ガチャガチャ
 ■code：20260714
 ■JAN：4582783898396",https://img07.shop-pro.jp/PA01455/769/product/192626216.jpg?cmsp_timestamp=20260714092911|https://img07.shop-pro.jp/PA01455/769/product/192626216_o1.jpg?cmsp_timestamp=20260714092911|https://img07.shop-pro.jp/PA01455/769/product/192626216_o2.jpg?cmsp_timestamp=20260714092911|https://img07.shop-pro.jp/PA01455/769/product/192626216_o3.png?cmsp_timestamp=20260715164555|https://img07.shop-pro.jp/PA01455/769/product/192626216_o4.jpg?cmsp_timestamp=20260715164555|https://img07.shop-pro.jp/PA01455/769/product/192626216_o5.jpg?cmsp_timestamp=20260715164555|https://img07.shop-pro.jp/PA01455/769/product/192626216_o6.jpg?cmsp_timestamp=20260715164555|https://img07.shop-pro.jp/PA01455/769/product/192626216_o7.jpg?cmsp_timestamp=20260715164555|https://img07.shop-pro.jp/PA01455/769/product/192626216_o8.jpg?cmsp_timestamp=20260715164555|https://img07.shop-pro.jp/PA01455/769/product/192626216_o9.jpg?cmsp_timestamp=20260715164555|https://img07.shop-pro.jp/PA01455/769/product/192626216_o10.jpg?cmsp_timestamp=20260715164555|https://img07.shop-pro.jp/PA01455/769/product/192626216_o11.jpg?cmsp_timestamp=20260715164555|https://img07.shop-pro.jp/PA01455/769/product/192626216_o12.jpg?cmsp_timestamp=20260715164555|https://img07.shop-pro.jp/PA01455/769/product/192626216_o13.jpg?cmsp_timestamp=20260715164555|https://img07.shop-pro.jp/PA01455/769/product/192626216_o14.jpg?cmsp_timestamp=20260715164555|https://img07.shop-pro.jp/PA01455/769/product/192626216_o15.jpg?cmsp_timestamp=20260715164555|https://img07.shop-pro.jp/PA01455/769/product/192626216_o16.jpg?cmsp_timestamp=20260715164555|https://img07.shop-pro.jp/PA01455/769/product/192626216_o17.jpg?cmsp_timestamp=20260715164555|https://img07.shop-pro.jp/PA01455/769/product/192626216_o18.jpg?cmsp_timestamp=20260715164555|https://img07.shop-pro.jp/PA01455/769/product/192626216_o19.jpg?cmsp_timestamp=20260715164555|https://img07.shop-pro.jp/PA01455/769/product/192626216_o20.jpg?cmsp_timestamp=20260715164555|https://img07.shop-pro.jp/PA01455/769/product/192626216_o21.jpg?cmsp_timestamp=20260715164555|https://img07.shop-pro.jp/PA01455/769/product/192626216_o22.jpg?cmsp_timestamp=20260715164555|https://img07.shop-pro.jp/PA01455/769/product/192626216_o23.jpg?cmsp_timestamp=20260715164555,/Users/hong/Desktop/日本商品2/采集数据/images/192626216_M_0.jpg|/Users/hong/Desktop/日本商品2/采集数据/images/192626216_M_1.jpg|/Users/hong/Desktop/日本商品2/采集数据/images/192626216_M_2.jpg|/Users/hong/Desktop/日本商品2/采集数据/images/192626216_M_3.jpg|/Users/hong/Desktop/日本商品2/采集数据/images/192626216_M_4.jpg|/Users/hong/Desktop/日本商品2/采集数据/images/192626216_M_5.jpg|/Users/hong/Desktop/日本商品2/采集数据/images/192626216_M_6.jpg|/Users/hong/Desktop/日本商品2/采集数据/images/192626216_M_7.jpg|/Users/hong/Desktop/日本商品2/采集数据/images/192626216_M_8.jpg|/Users/hong/Desktop/日本商品2/采集数据/images/192626216_M_9.jpg|/Users/hong/Desktop/日本商品2/采集数据/images/192626216_M_10.jpg|/Users/hong/Desktop/日本商品2/采集数据/images/192626216_M_11.jpg|/Users/hong/Desktop/日本商品2/采集数据/images/192626216_M_12.jpg|/Users/hong/Desktop/日本商品2/采集数据/images/192626216_M_13.jpg|/Users/hong/Desktop/日本商品2/采集数据/images/192626216_M_14.jpg|/Users/hong/Desktop/日本商品2/采集数据/images/192626216_M_15.jpg|/Users/hong/Desktop/日本商品2/采集数据/images/192626216_M_16.jpg|/Users/hong/Desktop/日本商品2/采集数据/images/192626216_M_17.jpg|/Users/hong/Desktop/日本商品2/采集数据/images/192626216_M_18.jpg|/Users/hong/Desktop/日本商品2/采集数据/images/192626216_M_19.jpg|/Users/hong/Desktop/日本商品2/采集数据/images/192626216_M_20.jpg|/Users/hong/Desktop/日本商品2/采集数据/images/192626216_M_21.jpg|/Users/hong/Desktop/日本商品2/采集数据/images/192626216_M_22.jpg|/Users/hong/Desktop/日本商品2/采集数据/images/192626216_M_23.jpg
https://shop.toysanta.jp/?pid=192592368,192592368,"ホーム > キャラクター > サンリオ
",【全部揃ってます!!】サンリオキャラクターズ ぷちころフレンズ ハローキティコレクション [全4種セット(フルコンプ)]【 ネコポス不可 】,"2,900円(内税)",87pt,"この商品のラインナップを全て見る

 ▼この商品は【全4種セット(フルコンプ)】です。

 サンリオキャラクターズぷちころフレンズより、ハローキティコレクションが登場！
 オーソドックスなキティちゃんから、日焼け、ブラックカラーなどいろんなキティちゃんのコレクションになります！

 英語名：Sanrio Characters Puchikoro Friends Hello Kitty Collection BANPRESTO PRIZE

 このシリーズには4種類のラインナップがあります。
 お届け商品は、商品名及び画像のものになります。

 ・A
 ・B
 ・C
 ・D

 キャラクター：サンリオ
 サイズ：全高約40-50mm
 材質：***
 商品状態：新古品, 未開封, 未使用

 ■58254
 ■メーカー：バンプレスト
 ■分類：プライズ
 ■code：20260711
 ■JAN：4573102708991",https://img07.shop-pro.jp/PA01455/769/product/192592368.jpg?cmsp_timestamp=20260710170456|https://img07.shop-pro.jp/PA01455/769/product/192592368_o1.jpg?cmsp_timestamp=20260710170456|https://img07.shop-pro.jp/PA01455/769/product/192592368_o2.jpg?cmsp_timestamp=20260710170456,/Users/hong/Desktop/日本商品2/采集数据/images/192592368_M_0.jpg|/Users/hong/Desktop/日本商品2/采集数据/images/192592368_M_1.jpg|/Users/hong/Desktop/日本商品2/采集数据/images/192592368_M_2.jpg
https://shop.toysanta.jp/?pid=192592269,192592269,"ホーム > キャラクター > サンリオ
",【送料無料】【全部揃ってます!!】サンリオキャラクターズ カードソフトクッキー [全30種セット(フルコンプ)]【 ネコポス不可 】【C】※お菓子は付属しません。,"7,480円(内税)",222pt,"この商品のラインナップを全て見る

 ▼この商品は【全30種セット(フルコンプ)】です。

 「とっておきのポーズで撮影」がテーマの全種新規描き下ろしカードが登場！
 それぞれデコレーション含めてお楽しみください♪
 メタリックプラカードは全種キラキラと光ります！

 【賞味期限】ラインナップ確認の為開封してますので、お菓子は付属しません。

 英語名：Sanrio Characters Card Soft cookie BANDAI Collection Toy

 このシリーズには30種類のラインナップがあります。
 お届け商品は、商品名及び画像のものになります。

 ・ポムポムプリン
 ・タキシードサム
 ・ポチャッコ
 ・けろけろけろっぴ
 ・バッドばつ丸
 ・あひるのペックル
 ・ハンギョドン
 ・ウサハナ
 ・マロンクリーム
 ・ウィッシュミーメル
 ・ぼんぼんりぼん
 ・シナモロール
 ・クロミ
 ・マイメロディ
 ・ハローキティ
 ・リトルツインスターズ
 ・はなまるおばけ
 ・こぎみゅん
 ・コロコロクリリン
 ・まるもふびより
 ・チョコキャット
 ・チャーミーキティ
 ・ルロロマニック
 ・シュガーバニーズ
 ・KIRIMIちゃん.
 ・ぐでたま
 ・集合A
 ・集合B
 ・集合C
 ・集合D

 キャラクター：サンリオ
 サイズ：約H86×W59mm
 材質：***
 商品状態：カードのみです、お菓子及びパッケージは付属しません。

 ■58280
 ■メーカー：バンダイ
 ■分類：食玩
 ■code：20260711
 ■JAN：4570117932038",https://img07.shop-pro.jp/PA01455/769/product/192592269.jpg?cmsp_timestamp=20260710170319|https://img07.shop-pro.jp/PA01455/769/product/192592269_o1.jpg?cmsp_timestamp=20260710170319|https://img07.shop-pro.jp/PA01455/769/product/192592269_o2.jpg?cmsp_timestamp=20260710170319,/Users/hong/Desktop/日本商品2/采集数据/images/192592269_M_0.jpg|/Users/hong/Desktop/日本商品2/采集数据/images/192592269_M_1.jpg|/Users/hong/Desktop/日本商品2/采集数据/images/192592269_M_2.jpg
https://shop.toysanta.jp/?pid=192583691,192583691,"ホーム > コミック・アニメ(ジャンプ) > 鬼滅の刃
",【全部揃ってます!!】おねむたん 鬼滅の刃 拾参ノ型 [全5種セット(フルコンプ)]【 ネコポス不可 】【C】[sale2600807],"1,999円(内税)",57pt,"この商品のラインナップを全て見る

 ▼この商品は【全5種セット(フルコンプ)】です。

 大好評「おねむたん 鬼滅の刃」より拾参ノ型が登場です！
 鬼だけをラインナップしたシリーズで、遂に鬼舞辻??無惨が登場です！
 5キャラ全て新規造形！

 英語名：Onemutan Kimetsu no Yaiba Part.13 Stand stones Capsule Toy

 このシリーズには5種類のラインナップがあります。
 お届け商品は、商品名及び画像のものになります。

 ・鬼舞辻無惨
 ・童磨
 ・半天狗＆憎珀天
 ・玉壺
 ・獪岳

 キャラクター：鬼滅の刃
 サイズ：全高約40-50mm
 材質：PVC
 商品状態：新古品・未使用・ミニブック付属 ※カプセルは付属しません。内袋は未開封です。

 ■57508
 ■メーカー：スタンドストーンズ
 ■分類：ガチャガチャ
 ■code：20260710
 ■JAN：4589675718886",https://img07.shop-pro.jp/PA01455/769/product/192583691.jpg?cmsp_timestamp=20260710090042|https://img07.shop-pro.jp/PA01455/769/product/192583691_o1.jpg?cmsp_timestamp=20260710090042|https://img07.shop-pro.jp/PA01455/769/product/192583691_o2.jpg?cmsp_timestamp=20260710090042,/Users/hong/Desktop/日本商品2/采集数据/images/192583691_M_0.jpg|/Users/hong/Desktop/日本商品2/采集数据/images/192583691_M_1.jpg|/Users/hong/Desktop/日本商品2/采集数据/images/192583691_M_2.jpg
https://shop.toysanta.jp/?pid=192568745,192568745,"ホーム > キャラクター > サンリオ
",【全部揃ってます!!】サンリオキャラクターズ もこもこパンダフロッキーマスコット [全5種セット(フルコンプ)]【ネコポス配送対応】【C】,"2,200円(内税)",66pt,"フォトレビューはこちら(トイサンタのブログへ移動します)


この商品のラインナップを全て見る

 ▼この商品は【全5種セット(フルコンプ)】です。

 サンリオキャラクターズたちが、フロッキー加工を施したもこもこのパンダ姿に大変身！　
 ころんと寝転んだポーズがかわいく、優しいパステルカラーも世界観にぴったりです。
 見ているだけでほっこり癒されます。

 英語名：Sanrio Characters Mokomoko Panda Flocky Mascot TakaraTomyArts Capsule Toy

 このシリーズには5種類のラインナップがあります。
 お届け商品は、商品名及び画像のものになります。

 ・マイメロディ
 ・クロミ
 ・ポムポムプリン
 ・シナモロール
 ・ポチャッコ

 キャラクター：サンリオ
 サイズ：全長約40-53mm
 材質：PVC,ナイロン
 商品状態：新古品・未使用・ミニブック付属 ※カプセルは付属しません。内袋は未開封です。

 ■57705
 ■メーカー：タカラトミーアーツ
 ■分類：ガチャガチャ
 ■code：20260709
 ■JAN：4904790903649",https://img07.shop-pro.jp/PA01455/769/product/192568745.jpg?cmsp_timestamp=20260709093818|https://img07.shop-pro.jp/PA01455/769/product/192568745_o1.jpg?cmsp_timestamp=20260709093818|https://img07.shop-pro.jp/PA01455/769/product/192568745_o2.jpg?cmsp_timestamp=20260709093818|https://img07.shop-pro.jp/PA01455/769/product/192568745_o3.png?cmsp_timestamp=20260710170057|https://img07.shop-pro.jp/PA01455/769/product/192568745_o4.jpg?cmsp_timestamp=20260710170057|https://img07.shop-pro.jp/PA01455/769/product/192568745_o5.jpg?cmsp_timestamp=20260710170057|https://img07.shop-pro.jp/PA01455/769/product/192568745_o6.jpg?cmsp_timestamp=20260710170057|https://img07.shop-pro.jp/PA01455/769/product/192568745_o7.jpg?cmsp_timestamp=20260710170057|https://img07.shop-pro.jp/PA01455/769/product/192568745_o8.jpg?cmsp_timestamp=20260710170057|https://img07.shop-pro.jp/PA01455/769/product/192568745_o9.jpg?cmsp_timestamp=20260710170057|https://img07.shop-pro.jp/PA01455/769/product/192568745_o10.jpg?cmsp_timestamp=20260710170057|https://img07.shop-pro.jp/PA01455/769/product/192568745_o11.jpg?cmsp_timestamp=20260710170057|https://img07.shop-pro.jp/PA01455/769/product/192568745_o12.jpg?cmsp_timestamp=20260710170057|https://img07.shop-pro.jp/PA01455/769/product/192568745_o13.jpg?cmsp_timestamp=20260710170057|https://img07.shop-pro.jp/PA01455/769/product/192568745_o14.jpg?cmsp_timestamp=20260710170057|https://img07.shop-pro.jp/PA01455/769/product/192568745_o15.jpg?cmsp_timestamp=20260710170057|https://img07.shop-pro.jp/PA01455/769/product/192568745_o16.jpg?cmsp_timestamp=20260710170057|https://img07.shop-pro.jp/PA01455/769/product/192568745_o17.jpg?cmsp_timestamp=20260710170057|https://img07.shop-pro.jp/PA01455/769/product/192568745_o18.jpg?cmsp_timestamp=20260710170057,/Users/hong/Desktop/日本商品2/采集数据/images/192568745_M_0.jpg|/Users/hong/Desktop/日本商品2/采集数据/images/192568745_M_1.jpg|/Users/hong/Desktop/日本商品2/采集数据/images/192568745_M_2.jpg|/Users/hong/Desktop/日本商品2/采集数据/images/192568745_M_3.jpg|/Users/hong/Desktop/日本商品2/采集数据/images/192568745_M_4.jpg|/Users/hong/Desktop/日本商品2/采集数据/images/192568745_M_5.jpg|/Users/hong/Desktop/日本商品2/采集数据/images/192568745_M_6.jpg|/Users/hong/Desktop/日本商品2/采集数据/images/192568745_M_7.jpg|/Users/hong/Desktop/日本商品2/采集数据/images/192568745_M_8.jpg|/Users/hong/Desktop/日本商品2/采集数据/images/192568745_M_9.jpg|/Users/hong/Desktop/日本商品2/采集数据/images/192568745_M_10.jpg|/Users/hong/Desktop/日本商品2/采集数据/images/192568745_M_11.jpg|/Users/hong/Desktop/日本商品2/采集数据/images/192568745_M_12.jpg|/Users/hong/Desktop/日本商品2/采集数据/images/192568745_M_13.jpg|/Users/hong/Desktop/日本商品2/采集数据/images/192568745_M_14.jpg|/Users/hong/Desktop/日本商品2/采集数据/images/192568745_M_15.jpg|/Users/hong/Desktop/日本商品2/采集数据/images/192568745_M_16.jpg|/Users/hong/Desktop/日本商品2/采集数据/images/192568745_M_17.jpg|/Users/hong/Desktop/日本商品2/采集数据/images/192568745_M_18.jpg
https://shop.toysanta.jp/?pid=192549397,192549397,"ホーム > キャラクター > その他
",【全部揃ってます!!】Pingu プールタオルマスコット [全5種セット(フルコンプ)]【ネコポス配送対応】【C】,"2,600円(内税)",78pt,"この商品のラインナップを全て見る

 ▼この商品は【全5種セット(フルコンプ)】です。

 世界で愛されるペンギンの男のコ『ピングー』のガチャが登場♪
 ピングーとピンガのデザインがかわいいプールタオルマスコット！
 タオル地はふわふわで本物みたい！
 お気に入りのデザインを手に入れてね♪

 英語名：Pingu Pool Towel Mascot J.DREAM Capsule Toy

 このシリーズには5種類のラインナップがあります。
 お届け商品は、商品名及び画像のものになります。

 ・フェイスアート
 ・ピンガ
 ・海水浴
 ・バスタイム
 ・ピングー

 キャラクター：ピングー
 サイズ：約H85×W145mm
 材質：ポリエステル
 商品状態：新古品・未使用・ミニブック付属 ※カプセルは付属しません。内袋は未開封です。

 ■57945
 ■メーカー：J.DREAM
 ■分類：ガチャガチャ
 ■code：20260708
 ■JAN：4571660580349",https://img07.shop-pro.jp/PA01455/769/product/192549397.jpg?cmsp_timestamp=20260708085233|https://img07.shop-pro.jp/PA01455/769/product/192549397_o1.jpg?cmsp_timestamp=20260708085233|https://img07.shop-pro.jp/PA01455/769/product/192549397_o2.jpg?cmsp_timestamp=20260708085233,/Users/hong/Desktop/日本商品2/采集数据/images/192549397_M_0.jpg|/Users/hong/Desktop/日本商品2/采集数据/images/192549397_M_1.jpg|/Users/hong/Desktop/日本商品2/采集数据/images/192549397_M_2.jpg
https://shop.toysanta.jp/?pid=192549384,192549384,"ホーム > キャラクター > その他
",【全部揃ってます!!】やわもっち しろたん [全5種セット(フルコンプ)]【 ネコポス不可 】【C】,"2,100円(内税)",63pt,"この商品のラインナップを全て見る

 ▼この商品は【全5種セット(フルコンプ)】です。

 大人気キャラクター「しろたん」が、むぎゅ～っとつまんで癒やされるフィギュアになりました！

 英語名：Yawamocchi Sirotan Yell Capsule Toy

 このシリーズには5種類のラインナップがあります。
 お届け商品は、商品名及び画像のものになります。

 ・にこ！
 ・のーまる
 ・もぐもぐ
 ・ぱちっ
 ・ぺろ

 キャラクター：しろたん
 サイズ：全長約50-60mm
 材質：ATBC-PVC
 商品状態：新古品・未使用・ミニブック付属 ※カプセルは付属しません。内袋は未開封です。

 ■57468
 ■メーカー：エール
 ■分類：ガチャガチャ
 ■code：20260708
 ■JAN：4580800202348",https://img07.shop-pro.jp/PA01455/769/product/192549384.jpg?cmsp_timestamp=20260708085224|https://img07.shop-pro.jp/PA01455/769/product/192549384_o1.jpg?cmsp_timestamp=20260708085224|https://img07.shop-pro.jp/PA01455/769/product/192549384_o2.jpg?cmsp_timestamp=20260708085224,/Users/hong/Desktop/日本商品2/采集数据/images/192549384_M_0.jpg|/Users/hong/Desktop/日本商品2/采集数据/images/192549384_M_1.jpg|/Users/hong/Desktop/日本商品2/采集数据/images/192549384_M_2.jpg
https://shop.toysanta.jp/?pid=192549378,192549378,"ホーム > キャラクター > その他
",【全部揃ってます!!】平成ファンシーキャラクターズ オーロラアクリルコレクション [全6種セット(フルコンプ)]【ネコポス配送対応】【C】,"1,800円(内税)",54pt,"この商品のラインナップを全て見る

 ▼この商品は【全6種セット(フルコンプ)】です。

 カミオジャパンの平成女児に大人気のキャラが大集合♪
 オーロラ仕様でキラキラ輝く☆
 懐かしさにときめき再燃間違いなし！
 全種カニカン＆シリコンパーツつき！

 英語名：Heisei Fancy Characters Aurora Acrylic Collection Bright link 

 このシリーズには6種類のラインナップがあります。
 お届け商品は、商品名及び画像のものになります。

 ・なっとうちゃん
 ・ハムハムカフェ
 ・ハッピーマーチ
 ・ぷわぷわパンちゃん
 ・ぷくぷくあわわちゃん
 ・フワフワらぴちゃん

 キャラクター：カミオジャパン
 サイズ：全長約25-35mm(キャラクター)
 材質：アクリル樹脂,鉄,シリコンゴム
 商品状態：新古品・未使用・ミニブック付属 ※カプセルは付属しません。内袋は未開封です。

 ■57645
 ■メーカー：ブライトリンク
 ■分類：ガチャガチャ
 ■code：20260708
 ■JAN：4573558506554",https://img07.shop-pro.jp/PA01455/769/product/192549378.jpg?cmsp_timestamp=20260708085220|https://img07.shop-pro.jp/PA01455/769/product/192549378_o1.jpg?cmsp_timestamp=20260708085220|https://img07.shop-pro.jp/PA01455/769/product/192549378_o2.jpg?cmsp_timestamp=20260708085220|https://img07.shop-pro.jp/PA01455/769/product/192549378_o3.png?cmsp_timestamp=20260710153738|https://img07.shop-pro.jp/PA01455/769/product/192549378_o4.jpg?cmsp_timestamp=20260710153738|https://img07.shop-pro.jp/PA01455/769/product/192549378_o5.jpg?cmsp_timestamp=20260710153738|https://img07.shop-pro.jp/PA01455/769/product/192549378_o6.jpg?cmsp_timestamp=20260710153738|https://img07.shop-pro.jp/PA01455/769/product/192549378_o7.jpg?cmsp_timestamp=20260710153738,/Users/hong/Desktop/日本商品2/采集数据/images/192549378_M_0.jpg|/Users/hong/Desktop/日本商品2/采集数据/images/192549378_M_1.jpg|/Users/hong/Desktop/日本商品2/采集数据/images/192549378_M_2.jpg|/Users/hong/Desktop/日本商品2/采集数据/images/192549378_M_3.jpg|/Users/hong/Desktop/日本商品2/采集数据/images/192549378_M_4.jpg|/Users/hong/Desktop/日本商品2/采集数据/images/192549378_M_5.jpg|/Users/hong/Desktop/日本商品2/采集数据/images/192549378_M_6.jpg|/Users/hong/Desktop/日本商品2/采集数据/images/192549378_M_7.jpg
https://shop.toysanta.jp/?pid=192531643,192531643,"ホーム > 特撮・ヒーロー > ウルトラマン
",【全部揃ってます!!】＠CTION HEROES ウルトラマン 2 [全4種セット(フルコンプ)]【 ネコポス不可 】【C】,"2,600円(内税)",78pt,"この商品のラインナップを全て見る

 ▼この商品は【全4種セット(フルコンプ)】です。

 ウルトラヒーローならではの自由自在な飛行アクションが楽しめるコレクタブルフィギュア「＠CTION HEROES(アクションヒーローズ)」の第2弾が登場！

 英語名：@CTION HEROES Ultraman Part.2 BANDAI Capsule Toy

 このシリーズには4種類のラインナップがあります。
 お届け商品は、商品名及び画像のものになります。

 ・ウルトラマンゼット
 ・ウルトラマンティガ
 ・ウルトラマンテオ
 ・ウルトラマンベリアル

 キャラクター：ウルトラマン
 サイズ：全高約55mm(台座込)
 材質：***
 商品状態：新古品・未使用・ミニブック付属 ※カプセルは付属しません。内袋は未開封です。

 ■57761
 ■メーカー：バンダイ
 ■分類：ガチャガチャ
 ■code：20260707
 ■JAN：4582770027853",https://img07.shop-pro.jp/PA01455/769/product/192531643.jpg?cmsp_timestamp=20260707095513|https://img07.shop-pro.jp/PA01455/769/product/192531643_o1.jpg?cmsp_timestamp=20260707095513|https://img07.shop-pro.jp/PA01455/769/product/192531643_o2.jpg?cmsp_timestamp=20260707095513,/Users/hong/Desktop/日本商品2/采集数据/images/192531643_M_0.jpg|/Users/hong/Desktop/日本商品2/采集数据/images/192531643_M_1.jpg|/Users/hong/Desktop/日本商品2/采集数据/images/192531643_M_2.jpg
https://shop.toysanta.jp/?pid=192531616,192531616,"ホーム > 特撮・ヒーロー > その他
",【全部揃ってます!!】超宇宙刑事ギャバン インフィニティ めじるしアクセサリー [全5種セット(フルコンプ)]【ネコポス配送対応】【C】,"2,000円(内税)",60pt,"この商品のラインナップを全て見る

 ▼この商品は【全5種セット(フルコンプ)】です。

 超宇宙刑事ギャバン インフィニティのめじるしアクセサリーが登場！
 ※全ての商品にカニカン・わっかパーツが付きます。

 英語名：Super Space Sheriff Gavan Infinity Mejirushi Accessory BANDAI Capsule Toy

 このシリーズには5種類のラインナップがあります。
 お届け商品は、商品名及び画像のものになります。

 ・ギャバン・インフィニティ
 ・ギャバン・ブシドー
 ・ギャバン・ルミナス
 ・ギャバン・ライヤ
 ・デス・ギャバン

 キャラクター：宇宙刑事ギャバン
 サイズ：全高約42-45mm
 材質：PMMA,PET,シリコン
 商品状態：新古品・未使用・ミニブック付属 ※カプセルは付属しません。内袋は未開封です。

 ■57749
 ■メーカー：バンダイ
 ■分類：ガチャガチャ
 ■code：20260707
 ■JAN：4582770061796",https://img07.shop-pro.jp/PA01455/769/product/192531616.jpg?cmsp_timestamp=20260707095452|https://img07.shop-pro.jp/PA01455/769/product/192531616_o1.jpg?cmsp_timestamp=20260707095452|https://img07.shop-pro.jp/PA01455/769/product/192531616_o2.jpg?cmsp_timestamp=20260707095452,/Users/hong/Desktop/日本商品2/采集数据/images/192531616_M_0.jpg|/Users/hong/Desktop/日本商品2/采集数据/images/192531616_M_1.jpg|/Users/hong/Desktop/日本商品2/采集数据/images/192531616_M_2.jpg
https://shop.toysanta.jp/?pid=192531591,192531591,"ホーム > ゲームキャラクター > その他
",【全部揃ってます!!】たまごっち ライトマスコット2 [全4種セット(フルコンプ)]【 ネコポス不可 】【C】,"2,100円(内税)",63pt,"この商品のラインナップを全て見る

 ▼この商品は【全4種セット(フルコンプ)】です。

 ぼんやり光る姿に癒される♪ライトマスコットの第2弾！
 スイッチ付きでON/OFF切り替えができ、電池も入れ替えられる豪華仕様です！

 ※ボタン電池(LR41)2個使用(付)・電池交換可 セットされている電池はテスト用です。

 英語名：Tamagotchi Light Mascot Part.2 BANDAI Capsule Toy

 このシリーズには4種類のラインナップがあります。
 お届け商品は、商品名及び画像のものになります。

 ・まめっち
 ・ふらわっち
 ・めめっち
 ・まるっち

 キャラクター：たまごっち
 サイズ：全高約44-53mm
 材質：***
 商品状態：新古品・未使用・ミニブック付属 ※カプセルは付属しません。内袋は未開封です。

 ■56949
 ■メーカー：バンダイ
 ■分類：ガチャガチャ
 ■code：20260707
 ■JAN：4570118206183",https://img07.shop-pro.jp/PA01455/769/product/192531591.jpg?cmsp_timestamp=20260707095431|https://img07.shop-pro.jp/PA01455/769/product/192531591_o1.jpg?cmsp_timestamp=20260707095431|https://img07.shop-pro.jp/PA01455/769/product/192531591_o2.jpg?cmsp_timestamp=20260707095431,/Users/hong/Desktop/日本商品2/采集数据/images/192531591_M_0.jpg|/Users/hong/Desktop/日本商品2/采集数据/images/192531591_M_1.jpg|/Users/hong/Desktop/日本商品2/采集数据/images/192531591_M_2.jpg
https://shop.toysanta.jp/?pid=192531566,192531566,"ホーム > キャラクター > サンリオ
",【全部揃ってます!!】ジュエルペット ぷくっとクリアリング [全6種セット(フルコンプ)]【ネコポス配送対応】【C】,"2,300円(内税)",69pt,"この商品のラインナップを全て見る

 ▼この商品は【全6種セット(フルコンプ)】です。

 ジュエルペットよりぷくっとクリアリングが登場☆
 つやつやとしたクリア感が初夏の夏に合っていてかわいい♪
 たくさん集めて楽しめるラインナップです。

 英語名：Jewelpet Pukutto Clear Ring BANDAI Capsule Toy

 このシリーズには6種類のラインナップがあります。
 お届け商品は、商品名及び画像のものになります。

 ・ルビー
 ・ガーネット
 ・ラブラ
 ・サフィー
 ・エンジェラ
 ・ダイアナ

 キャラクター：サンリオ
 サイズ：全長約25mm
 材質：***
 商品状態：新古品・未使用・ミニブック付属 ※カプセルは付属しません。内袋は未開封です。

 ■57400
 ■メーカー：バンダイ
 ■分類：ガチャガチャ
 ■code：20260707
 ■JAN：4570118186881",https://img07.shop-pro.jp/PA01455/769/product/192531566.jpg?cmsp_timestamp=20260707095410|https://img07.shop-pro.jp/PA01455/769/product/192531566_o1.jpg?cmsp_timestamp=20260707095410|https://img07.shop-pro.jp/PA01455/769/product/192531566_o2.jpg?cmsp_timestamp=20260707095410,/Users/hong/Desktop/日本商品2/采集数据/images/192531566_M_0.jpg|/Users/hong/Desktop/日本商品2/采集数据/images/192531566_M_1.jpg|/Users/hong/Desktop/日本商品2/采集数据/images/192531566_M_2.jpg
https://shop.toysanta.jp/?pid=192531546,192531546,"ホーム > 模型・ミニチュア > 生き物
",【全部揃ってます!!】カエルの森工房 ニホンアマガエル(再販) [全4種セット(フルコンプ)]【 ネコポス不可 】【C】,"2,100円(内税)",63pt,"この商品のラインナップを全て見る

 ▼この商品は【全4種セット(フルコンプ)】です。

 リアルとデフォルメの絶妙なバランス
 蛙をモチーフにイラストや造形作品を制作する「カエルの森工房」。
 『生態のイメージを崩さない最低限のデフォルメで蛙が苦手な人でも安心して覗けるカエル図鑑』をテーマに、手作業で丁寧に作品を生み出しています。
 そんなこだわりの作品を、雰囲気そのままにカプセルトイで再現しました。

 英語名：Frog Forest Studio Japanese Tree Frog KITANCLUB Capsule Toy

 このシリーズには4種類のラインナップがあります。
 お届け商品は、商品名及び画像のものになります。

 ・グリーン
 ・ブルー
 ・イエロー
 ・グレー

 キャラクター：カエルの森工房
 サイズ：全高約57mm
 材質：PVC(ST基準対応可塑剤使用)
 商品状態：新古品・未使用・ミニブック付属 ※カプセルは付属しません。内袋は未開封です。

 ■58143
 ■メーカー：キタンクラブ
 ■分類：ガチャガチャ
 ■code：20260707
 ■JAN：4580045306795",https://img07.shop-pro.jp/PA01455/769/product/192531546.jpg?cmsp_timestamp=20260707095354|https://img07.shop-pro.jp/PA01455/769/product/192531546_o1.jpg?cmsp_timestamp=20260707095354|https://img07.shop-pro.jp/PA01455/769/product/192531546_o2.jpg?cmsp_timestamp=20260707095354,/Users/hong/Desktop/日本商品2/采集数据/images/192531546_M_0.jpg|/Users/hong/Desktop/日本商品2/采集数据/images/192531546_M_1.jpg|/Users/hong/Desktop/日本商品2/采集数据/images/192531546_M_2.jpg
https://shop.toysanta.jp/?pid=192531541,192531541,"ホーム > 模型・ミニチュア > その他
",【全部揃ってます!!】ばあちゃんちの昭和レトロライト [全4種セット(フルコンプ)]【ネコポス配送対応】【C】,"2,100円(内税)",63pt,"この商品のラインナップを全て見る

 ▼この商品は【全4種セット(フルコンプ)】です。

 どこか懐かしく、思わず紐を引きたくなる。
 好評をいただいた「ばあちゃんちのでんき」シリーズに第2弾が登場します！
 本商品は、昭和の家庭で親しまれていたペンダントライトをモチーフにしたミニチュアのライト。
 昭和の時代に流行したビビッドなカラーリングで、当時を思わせる懐かしい雰囲気を再現しました。
 実際の照明と同様に紐を引くことで点灯し、もう一度引くと常夜灯に切り替わり、さらにもう一度引くと消灯する本格仕様。
 また、上部をくるっと回して開閉できる構造を採用。
 本物の照明器具のように電球交換を行う感覚を再現しながら、内部の電池交換も可能となっています。長く使用できるのも嬉しいポイント。
 知っている方には懐かしく、知らない方には新鮮に映る、昭和レトロの魅力を詰め込んだアイテムです。
 どこか心あたたまる『あの頃の灯り』を、ぜひお手元でお楽しみください。
 ※ボタン電池LR41×3個使用(テスト電池つき)・電池交換可能

 英語名：Showa retro light at Grandma's house KITANCLUB Capsule Toy

 このシリーズには4種類のラインナップがあります。
 お届け商品は、商品名及び画像のものになります。

 ・オレンジ
 ・グリーン
 ・ブルー
 ・イエロー

 キャラクター：模型
 サイズ：幅約46×高さ約26mm(紐を除く本体)
 材質：ABS,ナイロン
 商品状態：新古品・未使用・ミニブック付属 ※カプセルは付属しません。内袋は未開封です。

 ■58140
 ■メーカー：キタンクラブ
 ■分類：ガチャガチャ
 ■code：20260707
 ■JAN：4571670334369",https://img07.shop-pro.jp/PA01455/769/product/192531541.jpg?cmsp_timestamp=20260707095350|https://img07.shop-pro.jp/PA01455/769/product/192531541_o1.jpg?cmsp_timestamp=20260707095350|https://img07.shop-pro.jp/PA01455/769/product/192531541_o2.jpg?cmsp_timestamp=20260707095350|https://img07.shop-pro.jp/PA01455/769/product/192531541_o3.png?cmsp_timestamp=20260713154345|https://img07.shop-pro.jp/PA01455/769/product/192531541_o4.jpg?cmsp_timestamp=20260713154345|https://img07.shop-pro.jp/PA01455/769/product/192531541_o5.jpg?cmsp_timestamp=20260713154345|https://img07.shop-pro.jp/PA01455/769/product/192531541_o6.jpg?cmsp_timestamp=20260713154345|https://img07.shop-pro.jp/PA01455/769/product/192531541_o7.jpg?cmsp_timestamp=20260713154345,/Users/hong/Desktop/日本商品2/采集数据/images/192531541_M_0.jpg|/Users/hong/Desktop/日本商品2/采集数据/images/192531541_M_1.jpg|/Users/hong/Desktop/日本商品2/采集数据/images/192531541_M_2.jpg|/Users/hong/Desktop/日本商品2/采集数据/images/192531541_M_3.jpg|/Users/hong/Desktop/日本商品2/采集数据/images/192531541_M_4.jpg|/Users/hong/Desktop/日本商品2/采集数据/images/192531541_M_5.jpg|/Users/hong/Desktop/日本商品2/采集数据/images/192531541_M_6.jpg|/Users/hong/Desktop/日本商品2/采集数据/images/192531541_M_7.jpg
https://shop.toysanta.jp/?pid=192497441,192497441,"ホーム > キャラクター > その他
",【全部揃ってます!!】しずくちゃん さがらポーチ [全5種セット(フルコンプ)]【ネコポス配送対応】【C】,"2,600円(内税)",78pt,"この商品のラインナップを全て見る

 ▼この商品は【全5種セット(フルコンプ)】です。

 立体感のあるふわふわのさがら刺繍がとってもキュート♪
 『しずくちゃん さがらポーチ』のカプセルトイが新登場です！
 しずくちゃんたちと一緒におでかけしよう☆
 ※アクリルチャームの保護フィルムを剥がしてからご使用ください。

 英語名：Shizuku-chan Sagara Pouch Peanuts Club Capsule Toy

 このシリーズには5種類のラインナップがあります。
 お届け商品は、商品名及び画像のものになります。

 ・しずくちゃん
 ・うるおいちゃん
 ・みるみるちゃん
 ・ハニーちゃん
 ・アセオ君

 キャラクター：しずくちゃん
 サイズ：約H95×W135×D20mm
 材質：ポリエステル,スチール,アクリル
 商品状態：新古品・未使用・ミニブック付属 ※カプセルは付属しません。内袋は未開封です。

 ■57596
 ■メーカー：ピーナッツクラブ
 ■分類：ガチャガチャ
 ■code：20260704
 ■JAN：4580610323110",https://img07.shop-pro.jp/PA01455/769/product/192497441.jpg?cmsp_timestamp=20260703174549|https://img07.shop-pro.jp/PA01455/769/product/192497441_o1.jpg?cmsp_timestamp=20260703174549|https://img07.shop-pro.jp/PA01455/769/product/192497441_o2.jpg?cmsp_timestamp=20260703174549,/Users/hong/Desktop/日本商品2/采集数据/images/192497441_M_0.jpg|/Users/hong/Desktop/日本商品2/采集数据/images/192497441_M_1.jpg|/Users/hong/Desktop/日本商品2/采集数据/images/192497441_M_2.jpg
https://shop.toysanta.jp/?pid=192497408,192497408,"ホーム > 模型・ミニチュア > その他
",【全部揃ってます!!】niko and... ミニチュアチャームコレクション(再販) [全6種セット(フルコンプ)]【 ネコポス不可 】【C】,"2,500円(内税)",75pt,"この商品のラインナップを全て見る

 ▼この商品は【全6種セット(フルコンプ)】です。

 前回発売時にはドル活界隈でも話題に！
 大人気ライフスタイルブランド「niko and ...」のアイテムが1/6サイズのミニチュアサイズになって再登場！
 細部までこだわった再現度は必見！
 ドールと一緒に並べて楽しみたくなる可愛さ♪
 ※1/6サイズでもシリーズにより入らない場合がございます。

 英語名：niko and... Miniature Charm Collection Bright link Capsule Toy

 このシリーズには6種類のラインナップがあります。
 お届け商品は、商品名及び画像のものになります。

 ・ミニマグ
 ・レジカゴ
 ・紙袋
 ・ロゴバッグ
 ・シャワーサンダル
 ・ロゴキャップ

 キャラクター：模型
 サイズ：全長約38-50mm
 材質：PVC,鉄,アクリル樹脂
 商品状態：新古品・未使用・ミニブック付属 ※カプセルは付属しません。内袋は未開封です。

 ■57647
 ■メーカー：ブライトリンク
 ■分類：ガチャガチャ
 ■code：20260704
 ■JAN：4573558505557",https://img07.shop-pro.jp/PA01455/769/product/192497408.jpg?cmsp_timestamp=20260703174518|https://img07.shop-pro.jp/PA01455/769/product/192497408_o1.jpg?cmsp_timestamp=20260703174518|https://img07.shop-pro.jp/PA01455/769/product/192497408_o2.jpg?cmsp_timestamp=20260703174518,/Users/hong/Desktop/日本商品2/采集数据/images/192497408_M_0.jpg|/Users/hong/Desktop/日本商品2/采集数据/images/192497408_M_1.jpg|/Users/hong/Desktop/日本商品2/采集数据/images/192497408_M_2.jpg
https://shop.toysanta.jp/?pid=192497391,192497391,"ホーム > 模型・ミニチュア > 生き物
",【全部揃ってます!!】特製チャーム付き うちの子のけだまだま [全6種セット(フルコンプ)]【 ネコポス不可 】,"2,400円(内税)",72pt,"この商品のラインナップを全て見る

 ▼この商品は【全6種セット(フルコンプ)】です。

 第一弾をゲットできなかった方必見！
 今回は特製チャーム付きにリニューアル☆
 名前が書けてうちの子感がさらにアップ♪

 英語名：Uchinokono kedamadama with Special charm Bright link Capsule Toy

 このシリーズには6種類のラインナップがあります。
 お届け商品は、商品名及び画像のものになります。

 ・茶トラ
 ・三毛猫
 ・シャム
 ・サバトラ
 ・ハチワレ
 ・ノーマル

 キャラクター：生き物
 サイズ：全長約35-45mm
 材質：PET,PP,鉄,アクリル樹脂
 商品状態：新古品・未使用・カプセル付属・ミニブック付属・内袋は未開封です。

 ■57230
 ■メーカー：ブライトリンク
 ■分類：ガチャガチャ
 ■code：20260704
 ■JAN：4573558506424",https://img07.shop-pro.jp/PA01455/769/product/192497391.jpg?cmsp_timestamp=20260703174503|https://img07.shop-pro.jp/PA01455/769/product/192497391_o1.jpg?cmsp_timestamp=20260703174503|https://img07.shop-pro.jp/PA01455/769/product/192497391_o2.jpg?cmsp_timestamp=20260703174503|https://img07.shop-pro.jp/PA01455/769/product/192497391_o3.png?cmsp_timestamp=20260708162808|https://img07.shop-pro.jp/PA01455/769/product/192497391_o4.jpg?cmsp_timestamp=20260708162808|https://img07.shop-pro.jp/PA01455/769/product/192497391_o5.jpg?cmsp_timestamp=20260708162808|https://img07.shop-pro.jp/PA01455/769/product/192497391_o6.jpg?cmsp_timestamp=20260708162808|https://img07.shop-pro.jp/PA01455/769/product/192497391_o7.jpg?cmsp_timestamp=20260708162808,/Users/hong/Desktop/日本商品2/采集数据/images/192497391_M_0.jpg|/Users/hong/Desktop/日本商品2/采集数据/images/192497391_M_1.jpg|/Users/hong/Desktop/日本商品2/采集数据/images/192497391_M_2.jpg|/Users/hong/Desktop/日本商品2/采集数据/images/192497391_M_3.jpg|/Users/hong/Desktop/日本商品2/采集数据/images/192497391_M_4.jpg|/Users/hong/Desktop/日本商品2/采集数据/images/192497391_M_5.jpg|/Users/hong/Desktop/日本商品2/采集数据/images/192497391_M_6.jpg|/Users/hong/Desktop/日本商品2/采集数据/images/192497391_M_7.jpg
https://shop.toysanta.jp/?pid=192497363,192497363,"ホーム > 模型・ミニチュア > 生き物
",【全部揃ってます!!】Nobism ＃のびズム めじるしガチャマスコット [全5種セット(フルコンプ)]【ネコポス配送対応】【C】,"1,600円(内税)",48pt,"この商品のラインナップを全て見る

 ▼この商品は【全5種セット(フルコンプ)】です。

 動物たちが【のびのびポーズ】をする「Nobism のびズム」シリーズに、人気のわんちゃんたちが大集合。
 シリコンリングとカニカンで、傘やペットボトルのほか、お散歩用のポーチやスコップなどに付けられる「めじるし」仕様になっています。

 英語名：Nobism Mejirushi Gacha Mascot TakaraTomyArts Capsule Toy

 このシリーズには5種類のラインナップがあります。
 お届け商品は、商品名及び画像のものになります。

 ・ポメラニアン
 ・トイプードル
 ・柴犬
 ・チワワ
 ・コーギー

 キャラクター：生き物
 サイズ：全長約42-55mm
 材質：PVC,シリコーンゴム
 商品状態：新古品・未使用・ミニブック付属 ※カプセルは付属しません。内袋は未開封です。

 ■57678
 ■メーカー：タカラトミーアーツ
 ■分類：ガチャガチャ
 ■code：20260704
 ■JAN：4904790907494",https://img07.shop-pro.jp/PA01455/769/product/192497363.jpg?cmsp_timestamp=20260703174440|https://img07.shop-pro.jp/PA01455/769/product/192497363_o1.jpg?cmsp_timestamp=20260703174440|https://img07.shop-pro.jp/PA01455/769/product/192497363_o2.jpg?cmsp_timestamp=20260703174440|https://img07.shop-pro.jp/PA01455/769/product/192497363_o3.png?cmsp_timestamp=20260708162427|https://img07.shop-pro.jp/PA01455/769/product/192497363_o4.jpg?cmsp_timestamp=20260708162427|https://img07.shop-pro.jp/PA01455/769/product/192497363_o5.jpg?cmsp_timestamp=20260708162427|https://img07.shop-pro.jp/PA01455/769/product/192497363_o6.jpg?cmsp_timestamp=20260708162427|https://img07.shop-pro.jp/PA01455/769/product/192497363_o7.jpg?cmsp_timestamp=20260708162427,/Users/hong/Desktop/日本商品2/采集数据/images/192497363_M_0.jpg|/Users/hong/Desktop/日本商品2/采集数据/images/192497363_M_1.jpg|/Users/hong/Desktop/日本商品2/采集数据/images/192497363_M_2.jpg|/Users/hong/Desktop/日本商品2/采集数据/images/192497363_M_3.jpg|/Users/hong/Desktop/日本商品2/采集数据/images/192497363_M_4.jpg|/Users/hong/Desktop/日本商品2/采集数据/images/192497363_M_5.jpg|/Users/hong/Desktop/日本商品2/采集数据/images/192497363_M_6.jpg|/Users/hong/Desktop/日本商品2/采集数据/images/192497363_M_7.jpg
https://shop.toysanta.jp/?pid=192497357,192497357,"ホーム > コミック・アニメ(ジャンプ) > ハイキュー!!
",【全部揃ってます!!】つながリングチャーム ハイキュー!! マスコット Vol.2 [全6種セット(フルコンプ)]【ネコポス配送対応】【C】,"1,900円(内税)",57pt,"この商品のラインナップを全て見る

 ▼この商品は【全6種セット(フルコンプ)】です。

 アニメ『ハイキュー』に登場する動物マスコットチャーム第2弾です。
 シリコンリングとカニカンが付いているので、持ち物に付けたりチャームを縦に繋げられる楽しい仕様です。

 英語名：Tsunagaring Charm Haikyu!! Mascot Vol.2 TakaraTomyArts Capsule Toy

 このシリーズには6種類のラインナップがあります。
 お届け商品は、商品名及び画像のものになります。

 ・ツキガラス
 ・ヤマグチガラス
 ・ツムキツネ
 ・サムキツネ
 ・キタキツネ
 ・スナギツネ

 キャラクター：ハイキュー!!
 サイズ：全長約26-32mm
 材質：PVC,シリコーンゴム
 商品状態：新古品・未使用・ミニブック付属 ※カプセルは付属しません。内袋は未開封です。

 ■57674
 ■メーカー：タカラトミーアーツ
 ■分類：ガチャガチャ
 ■code：20260704
 ■JAN：4904790098697",https://img07.shop-pro.jp/PA01455/769/product/192497357.jpg?cmsp_timestamp=20260703174435|https://img07.shop-pro.jp/PA01455/769/product/192497357_o1.jpg?cmsp_timestamp=20260703174435|https://img07.shop-pro.jp/PA01455/769/product/192497357_o2.jpg?cmsp_timestamp=20260703174435|https://img07.shop-pro.jp/PA01455/769/product/192497357_o3.png?cmsp_timestamp=20260708162149|https://img07.shop-pro.jp/PA01455/769/product/192497357_o4.jpg?cmsp_timestamp=20260708162149|https://img07.shop-pro.jp/PA01455/769/product/192497357_o5.jpg?cmsp_timestamp=20260708162149|https://img07.shop-pro.jp/PA01455/769/product/192497357_o6.jpg?cmsp_timestamp=20260708162149|https://img07.shop-pro.jp/PA01455/769/product/192497357_o7.jpg?cmsp_timestamp=20260708162149,/Users/hong/Desktop/日本商品2/采集数据/images/192497357_M_0.jpg|/Users/hong/Desktop/日本商品2/采集数据/images/192497357_M_1.jpg|/Users/hong/Desktop/日本商品2/采集数据/images/192497357_M_2.jpg|/Users/hong/Desktop/日本商品2/采集数据/images/192497357_M_3.jpg|/Users/hong/Desktop/日本商品2/采集数据/images/192497357_M_4.jpg|/Users/hong/Desktop/日本商品2/采集数据/images/192497357_M_5.jpg|/Users/hong/Desktop/日本商品2/采集数据/images/192497357_M_6.jpg|/Users/hong/Desktop/日本商品2/采集数据/images/192497357_M_7.jpg
https://shop.toysanta.jp/?pid=192497310,192497310,"ホーム > キャラクター > ディズニー
",【全部揃ってます!!】ディズニーキャラクター テトラポーチコレクション [全4種セット(フルコンプ)]【ネコポス配送対応】【C】,"1,700円(内税)",51pt,"この商品のラインナップを全て見る

 ▼この商品は【全4種セット(フルコンプ)】です。

 ディズニーキャラクターたちがデザインされた、中が透けて見える三角形のビニールポーチです。
 アクセサリーや小物、お菓子入れなどにもおすすめです。
 お持ちのストラップなどと一緒につけられるワイヤーリング仕様で、「じゃらじゃら付け」もできます。

 英語名：Disney Character Tetra Pouch Collection TakaraTomyArts Capsule Toy

 このシリーズには4種類のラインナップがあります。
 お届け商品は、商品名及び画像のものになります。

 ・ジーニー
 ・ディズニー スティッチ
 ・プー
 ・ベイマックス

 キャラクター：ディズニー
 サイズ：約W60×H60×D60mm
 材質：PVC,POM
 商品状態：新古品・未使用・ミニブック付属 ※カプセルは付属しません。内袋は未開封です。

 ■57680
 ■メーカー：タカラトミーアーツ
 ■分類：ガチャガチャ
 ■code：20260704
 ■JAN：4904790902079",https://img07.shop-pro.jp/PA01455/769/product/192497310.jpg?cmsp_timestamp=20260703174357|https://img07.shop-pro.jp/PA01455/769/product/192497310_o1.jpg?cmsp_timestamp=20260703174357|https://img07.shop-pro.jp/PA01455/769/product/192497310_o2.jpg?cmsp_timestamp=20260703174357,/Users/hong/Desktop/日本商品2/采集数据/images/192497310_M_0.jpg|/Users/hong/Desktop/日本商品2/采集数据/images/192497310_M_1.jpg|/Users/hong/Desktop/日本商品2/采集数据/images/192497310_M_2.jpg
https://shop.toysanta.jp/?pid=192497304,192497304,"ホーム > キャラクター > ディズニー
",【全部揃ってます!!】ディズニーキャラクター ファッションリング Cutie Little Animals [全6種セット(フルコンプ)]【 ネコポス不可 】【C】,"1,900円(内税)",57pt,"この商品のラインナップを全て見る

 ▼この商品は【全6種セット(フルコンプ)】です。

 小さくてかわいいディズニーのアニマルキャラクターをモチーフにした、おしゃれなファッションリングです。
 ころんとしたボリュームのあるサイズ感で、指に着けても置いて飾っても存在感たっぷりです。

 英語名：Disney Character Fashion Ring Cutie Little Animals TakaraTomyArts Capsule Toy

 このシリーズには6種類のラインナップがあります。
 お届け商品は、商品名及び画像のものになります。

 ・チップ
 ・デール
 ・クラリス
 ・ディズニー マリー
 ・チェシャ猫
 ・ミス・バニー

 キャラクター：ディズニー
 サイズ：全長約29-38mm(モチーフ部分)※サイズ調節可
 材質：PVC
 商品状態：新古品・未使用・ミニブック付属 ※カプセルは付属しません。内袋は未開封です。

 ■57660
 ■メーカー：タカラトミーアーツ
 ■分類：ガチャガチャ
 ■code：20260704
 ■JAN：4904790903632",https://img07.shop-pro.jp/PA01455/769/product/192497304.jpg?cmsp_timestamp=20260703174352|https://img07.shop-pro.jp/PA01455/769/product/192497304_o1.jpg?cmsp_timestamp=20260703174352|https://img07.shop-pro.jp/PA01455/769/product/192497304_o2.jpg?cmsp_timestamp=20260703174352|https://img07.shop-pro.jp/PA01455/769/product/192497304_o3.png?cmsp_timestamp=20260708155815|https://img07.shop-pro.jp/PA01455/769/product/192497304_o4.jpg?cmsp_timestamp=20260708155815|https://img07.shop-pro.jp/PA01455/769/product/192497304_o5.jpg?cmsp_timestamp=20260708155815|https://img07.shop-pro.jp/PA01455/769/product/192497304_o6.jpg?cmsp_timestamp=20260708155815|https://img07.shop-pro.jp/PA01455/769/product/192497304_o7.jpg?cmsp_timestamp=20260708155815,/Users/hong/Desktop/日本商品2/采集数据/images/192497304_M_0.jpg|/Users/hong/Desktop/日本商品2/采集数据/images/192497304_M_1.jpg|/Users/hong/Desktop/日本商品2/采集数据/images/192497304_M_2.jpg|/Users/hong/Desktop/日本商品2/采集数据/images/192497304_M_3.jpg|/Users/hong/Desktop/日本商品2/采集数据/images/192497304_M_4.jpg|/Users/hong/Desktop/日本商品2/采集数据/images/192497304_M_5.jpg|/Users/hong/Desktop/日本商品2/采集数据/images/192497304_M_6.jpg|/Users/hong/Desktop/日本商品2/采集数据/images/192497304_M_7.jpg
https://shop.toysanta.jp/?pid=192497297,192497297,"ホーム > ゲームキャラクター > 初音ミク
",【全部揃ってます!!】初音ミク A neostory of my world [全4種セット(フルコンプ)]【 ネコポス不可 】(RM),"5,840円(内税)",174pt,"この商品のラインナップを全て見る

 ▼この商品は【全4種セット(フルコンプ)】です。

 「Neo world」をテーマにした初音ミクのフィギュアが新登場！
 ジオラマ細部も作り込まれており、ボリューム感のある商品です 。

 英語名：Hatsune Miku A Neostory of My World RE-MENT Collection Toy

 このシリーズには4種類のラインナップがあります。
 お届け商品は、商品名及び画像のものになります。

 ・The wide world is endless.
 ・Can you hear my voice？
 ・I will go my way.
 ・The only Treasure.

 キャラクター：初音ミク
 サイズ：全高約90-118mm
 材質：ATBC-PVC,ABS
 商品状態：新品未開封。

 ■58262
 ■メーカー：リーメント
 ■分類：BOXフィギュア
 ■code：20260704
 ■JAN：4521121700045",https://img07.shop-pro.jp/PA01455/769/product/192497297.jpg?cmsp_timestamp=20260703174346|https://img07.shop-pro.jp/PA01455/769/product/192497297_o1.jpg?cmsp_timestamp=20260703174346|https://img07.shop-pro.jp/PA01455/769/product/192497297_o2.jpg?cmsp_timestamp=20260703174346,/Users/hong/Desktop/日本商品2/采集数据/images/192497297_M_0.jpg|/Users/hong/Desktop/日本商品2/采集数据/images/192497297_M_1.jpg|/Users/hong/Desktop/日本商品2/采集数据/images/192497297_M_2.jpg
https://shop.toysanta.jp/?pid=192497292,192497292,"ホーム > コミック・アニメ(ジャンプ) > 遊戯王
",【送料無料】【全部揃ってます!!】petadoll 遊戯王デュエルモンスターズ 友情編 [全6種セット(フルコンプ)]【 ネコポス不可 】(RM),"6,780円(内税)",201pt,"この商品のラインナップを全て見る

 ▼この商品は【全6種セット(フルコンプ)】です。

 ぺたんと座ったフィギュアシリーズに遊戯王デュエルモンスターズ～友情編～が登場！

 英語名：petadoll Yu-Gi-Oh! Duel Monsters Friendship Arc RE-MENT Collection Toy

 このシリーズには6種類のラインナップがあります。
 お届け商品は、商品名及び画像のものになります。

 ・闇遊戯
 ・ブラック・マジシャン
 ・武藤遊戯
 ・ブラック・マジシャン・ガール
 ・城之内克也
 ・真紅眼の黒竜

 キャラクター：遊☆戯☆王
 サイズ：全高約60-80mm
 材質：ATBC-PVC,ABS
 商品状態：新品未開封。

 ■58261
 ■メーカー：リーメント
 ■分類：BOXフィギュア
 ■code：20260704
 ■JAN：4521121700489",https://img07.shop-pro.jp/PA01455/769/product/192497292.jpg?cmsp_timestamp=20260703174341|https://img07.shop-pro.jp/PA01455/769/product/192497292_o1.jpg?cmsp_timestamp=20260703174341|https://img07.shop-pro.jp/PA01455/769/product/192497292_o2.jpg?cmsp_timestamp=20260703174341,/Users/hong/Desktop/日本商品2/采集数据/images/192497292_M_0.jpg|/Users/hong/Desktop/日本商品2/采集数据/images/192497292_M_1.jpg|/Users/hong/Desktop/日本商品2/采集数据/images/192497292_M_2.jpg
https://shop.toysanta.jp/?pid=192497285,192497285,"ホーム > コミック・アニメ(ジャンプ) > 遊戯王
",【送料無料】【全部揃ってます!!】petadoll 遊戯王デュエルモンスターズ 宿敵編 [全6種セット(フルコンプ)]【 ネコポス不可 】(RM),"6,780円(内税)",201pt,"この商品のラインナップを全て見る

 ▼この商品は【全6種セット(フルコンプ)】です。

 ぺたんと座ったフィギュアシリーズに遊☆戯☆王デュエルモンスターズ ～宿敵編～ が新登場！

 英語名：petadoll Yu-Gi-Oh! Duel Monsters Arch-Rival Arc RE-MENT Collection Toy

 このシリーズには6種類のラインナップがあります。
 お届け商品は、商品名及び画像のものになります。

 ・海馬瀬人
 ・青眼の白龍
 ・闇マリク
 ・ラーの翼神竜
 ・闇バクラ
 ・ペガサス・J・クロフォード

 キャラクター：遊☆戯☆王
 サイズ：全高約60-70mm
 材質：ATBC-PVC,ABS
 商品状態：新品未開封。

 ■58260
 ■メーカー：リーメント
 ■分類：BOXフィギュア
 ■code：20260704
 ■JAN：4521121700502",https://img07.shop-pro.jp/PA01455/769/product/192497285.jpg?cmsp_timestamp=20260703174334|https://img07.shop-pro.jp/PA01455/769/product/192497285_o1.jpg?cmsp_timestamp=20260703174334|https://img07.shop-pro.jp/PA01455/769/product/192497285_o2.jpg?cmsp_timestamp=20260703174334,/Users/hong/Desktop/日本商品2/采集数据/images/192497285_M_0.jpg|/Users/hong/Desktop/日本商品2/采集数据/images/192497285_M_1.jpg|/Users/hong/Desktop/日本商品2/采集数据/images/192497285_M_2.jpg
https://shop.toysanta.jp/?pid=192497204,192497204,"ホーム > キャラクター > サンリオ
",【全部揃ってます!!】SANRIO CHARACTERS クッキーチャームコット2 [全12種セット(フルコンプ)]【ネコポス配送対応】【C】,"4,180円(内税)",123pt,"フォトレビューはこちら(トイサンタのブログへ移動します)


この商品のラインナップを全て見る

 ▼この商品は【全12種セット(フルコンプ)】です。

 大人気の「アイシングクッキー」をデザインモチーフにした雑貨チャームコレクション♪
 全種リボンをベースにしたオリジナルデザインで、マットなアイシング風カラフル塗装は、まるで本物のクッキーのよう！
 人気のサンリオキャラクターズが大集合！待望の第2弾です！
 全種ボールチェーン付き！

 【賞味期限】ガムの為記載はありません。

 英語名：SANRIO CHARACTERS Cookie Charmcot Part.2 BANDAI Collection Toy

 このシリーズには12種類のラインナップがあります。
 お届け商品は、商品名及び画像のものになります。

 ・ハローキティ
 ・シナモロール
 ・マイメロディ
 ・クロミ
 ・ポムポムプリン
 ・ポチャッコ
 ・マイスウィートピアノ
 ・ハンギョドン
 ・タキシードサム
 ・リトルツインスターズ
 ・はなまるおばけ
 ・こぎみゅん

 キャラクター：サンリオ
 サイズ：全長約50mm
 材質：***
 商品状態：チャームのみです、パッケージは付属しません。

 ■57838
 ■メーカー：バンダイ
 ■分類：食玩
 ■code：20260704
 ■JAN：4570117928833",https://img07.shop-pro.jp/PA01455/769/product/192497204.jpg?cmsp_timestamp=20260703174230|https://img07.shop-pro.jp/PA01455/769/product/192497204_o1.jpg?cmsp_timestamp=20260703174230|https://img07.shop-pro.jp/PA01455/769/product/192497204_o2.jpg?cmsp_timestamp=20260703174230|https://img07.shop-pro.jp/PA01455/769/product/192497204_o3.png?cmsp_timestamp=20260710170612|https://img07.shop-pro.jp/PA01455/769/product/192497204_o4.jpg?cmsp_timestamp=20260710170612|https://img07.shop-pro.jp/PA01455/769/product/192497204_o5.jpg?cmsp_timestamp=20260710170612|https://img07.shop-pro.jp/PA01455/769/product/192497204_o6.jpg?cmsp_timestamp=20260710170612|https://img07.shop-pro.jp/PA01455/769/product/192497204_o7.jpg?cmsp_timestamp=20260710170612|https://img07.shop-pro.jp/PA01455/769/product/192497204_o8.jpg?cmsp_timestamp=20260710170612|https://img07.shop-pro.jp/PA01455/769/product/192497204_o9.jpg?cmsp_timestamp=20260710170612|https://img07.shop-pro.jp/PA01455/769/product/192497204_o10.jpg?cmsp_timestamp=20260710170612|https://img07.shop-pro.jp/PA01455/769/product/192497204_o11.jpg?cmsp_timestamp=20260710170612|https://img07.shop-pro.jp/PA01455/769/product/192497204_o12.jpg?cmsp_timestamp=20260710170612|https://img07.shop-pro.jp/PA01455/769/product/192497204_o13.jpg?cmsp_timestamp=20260710170612|https://img07.shop-pro.jp/PA01455/769/product/192497204_o14.jpg?cmsp_timestamp=20260710170612|https://img07.shop-pro.jp/PA01455/769/product/192497204_o15.jpg?cmsp_timestamp=20260710170612|https://img07.shop-pro.jp/PA01455/769/product/192497204_o16.jpg?cmsp_timestamp=20260710170612|https://img07.shop-pro.jp/PA01455/769/product/192497204_o17.jpg?cmsp_timestamp=20260710170612,/Users/hong/Desktop/日本商品2/采集数据/images/192497204_M_0.jpg|/Users/hong/Desktop/日本商品2/采集数据/images/192497204_M_1.jpg|/Users/hong/Desktop/日本商品2/采集数据/images/192497204_M_2.jpg|/Users/hong/Desktop/日本商品2/采集数据/images/192497204_M_3.jpg|/Users/hong/Desktop/日本商品2/采集数据/images/192497204_M_4.jpg|/Users/hong/Desktop/日本商品2/采集数据/images/192497204_M_5.jpg|/Users/hong/Desktop/日本商品2/采集数据/images/192497204_M_6.jpg|/Users/hong/Desktop/日本商品2/采集数据/images/192497204_M_7.jpg|/Users/hong/Desktop/日本商品2/采集数据/images/192497204_M_8.jpg|/Users/hong/Desktop/日本商品2/采集数据/images/192497204_M_9.jpg|/Users/hong/Desktop/日本商品2/采集数据/images/192497204_M_10.jpg|/Users/hong/Desktop/日本商品2/采集数据/images/192497204_M_11.jpg|/Users/hong/Desktop/日本商品2/采集数据/images/192497204_M_12.jpg|/Users/hong/Desktop/日本商品2/采集数据/images/192497204_M_13.jpg|/Users/hong/Desktop/日本商品2/采集数据/images/192497204_M_14.jpg|/Users/hong/Desktop/日本商品2/采集数据/images/192497204_M_15.jpg|/Users/hong/Desktop/日本商品2/采集数据/images/192497204_M_16.jpg|/Users/hong/Desktop/日本商品2/采集数据/images/192497204_M_17.jpg
https://shop.toysanta.jp/?pid=192488778,192488778,"ホーム > キャラクター > その他
",【全部揃ってます!!】アミュキャラ ぷっくりんちょシール [全4種セット(フルコンプ)]【ネコポス配送対応】【C】,900円(内税),27pt,"この商品のラインナップを全て見る

 ▼この商品は【全4種セット(フルコンプ)】です。

 大流行中のドロップみたいな透明ぷっくりシール！
 かわいいアミュキャラのデザインで登場です！
 お友達といっしょにシール交換しよう♪

 英語名：Amu-Chara Pukkurincho Stickers Amuse Capsule Toy

 このシリーズには4種類のラインナップがあります。
 お届け商品は、商品名及び画像のものになります。

 ・おとぼけケロピョンセット
 ・マーモットのもっとっとセット
 ・ふくふくシマちゃんセット
 ・シュナとボブセット

 キャラクター：アミュキャラ
 サイズ：全長約25mm
 材質：PVC,エポキシ樹脂
 商品状態：新古品・未使用・ミニブック付属 ※カプセルは付属しません。内袋は未開封です。

 ■57445
 ■メーカー：アミューズ
 ■分類：ガチャガチャ
 ■code：20260703
 ■JAN：4534943761255",https://img07.shop-pro.jp/PA01455/769/product/192488778.jpg?cmsp_timestamp=20260703085530|https://img07.shop-pro.jp/PA01455/769/product/192488778_o1.jpg?cmsp_timestamp=20260703085530|https://img07.shop-pro.jp/PA01455/769/product/192488778_o2.jpg?cmsp_timestamp=20260703085530,/Users/hong/Desktop/日本商品2/采集数据/images/192488778_M_0.jpg|/Users/hong/Desktop/日本商品2/采集数据/images/192488778_M_1.jpg|/Users/hong/Desktop/日本商品2/采集数据/images/192488778_M_2.jpg
https://shop.toysanta.jp/?pid=192488744,192488744,"ホーム > キャラクター > リラックマ
",【全部揃ってます!!】リラックマ ぎゅぎゅっとフェイス シリコンがまぐち [全5種セット(フルコンプ)]【ネコポス配送対応】【C】,"2,200円(内税)",66pt,"この商品のラインナップを全て見る

 ▼この商品は【全5種セット(フルコンプ)】です。

 リラックマたちがころんとキュートなシリコンがまぐちになりました。
 やわらか手触りのシリコン素材で、コインやちょっとした小物入れにぴったりです。
 裏面にも後ろ姿のデザイン入り！どこから見ても癒されますよ♪

 英語名：Rilakkuma Gyugyutto Face Silicone Clasp Purse IP4 Capsule Toy

 このシリーズには5種類のラインナップがあります。
 お届け商品は、商品名及び画像のものになります。

 ・リラックマ(口開き)
 ・リラックマ(口閉じ)
 ・コリラックマ
 ・キイロイトリ
 ・チャイロイコグマ

 キャラクター：リラックマ
 サイズ：W約57mm
 材質：シリコーン,鉄
 商品状態：新古品・未使用・ミニブック付属 ※カプセルは付属しません。内袋は未開封です。

 ■57545
 ■メーカー：IP4
 ■分類：ガチャガチャ
 ■code：20260703
 ■JAN：4533564060433",https://img07.shop-pro.jp/PA01455/769/product/192488744.jpg?cmsp_timestamp=20260703085504|https://img07.shop-pro.jp/PA01455/769/product/192488744_o1.jpg?cmsp_timestamp=20260703085504|https://img07.shop-pro.jp/PA01455/769/product/192488744_o2.jpg?cmsp_timestamp=20260703085504,/Users/hong/Desktop/日本商品2/采集数据/images/192488744_M_0.jpg|/Users/hong/Desktop/日本商品2/采集数据/images/192488744_M_1.jpg|/Users/hong/Desktop/日本商品2/采集数据/images/192488744_M_2.jpg
https://shop.toysanta.jp/?pid=192488717,192488717,"ホーム > キャラクター > サンリオ
",【全部揃ってます!!】サンリオ クロミ ぬいぐるみポーチ2 [全4種セット(フルコンプ)]【 ネコポス不可 】【C】,"2,100円(内税)",63pt,"この商品のラインナップを全て見る

 ▼この商品は【全4種セット(フルコンプ)】です。

 人気のクロミポーチ第二弾！
 ぬいぐるみ風でかわいく実用性があります。

 英語名：Sanrio Kuromi Plush Pouch Part.2 Yumeya Capsule Toy

 このシリーズには4種類のラインナップがあります。
 お届け商品は、商品名及び画像のものになります。

 ・キラキラ
 ・ビッグリボン
 ・キラキラリボン
 ・もこもこ

 キャラクター：サンリオ
 サイズ：全長約170mm(もこもこ)
 材質：ポリエステル,PP
 商品状態：新古品・未使用・ミニブック付属 ※カプセルは付属しません。内袋は未開封です。

 ■57618
 ■メーカー：夢屋
 ■分類：ガチャガチャ
 ■code：20260703
 ■JAN：4582302293886",https://img07.shop-pro.jp/PA01455/769/product/192488717.jpg?cmsp_timestamp=20260703085444|https://img07.shop-pro.jp/PA01455/769/product/192488717_o1.jpg?cmsp_timestamp=20260703085444|https://img07.shop-pro.jp/PA01455/769/product/192488717_o2.jpg?cmsp_timestamp=20260703085444,/Users/hong/Desktop/日本商品2/采集数据/images/192488717_M_0.jpg|/Users/hong/Desktop/日本商品2/采集数据/images/192488717_M_1.jpg|/Users/hong/Desktop/日本商品2/采集数据/images/192488717_M_2.jpg
https://shop.toysanta.jp/?pid=192488696,192488696,"ホーム > キャラクター > その他
",【全部揃ってます!!】ぷくぷくあわわちゃん めじるしぬいぐるみチャーム [全4種セット(フルコンプ)]【ネコポス配送対応】【C】,"1,700円(内税)",51pt,"この商品のラインナップを全て見る

 ▼この商品は【全4種セット(フルコンプ)】です。

 平成レトロで大人気のあわわちゃんがぬいぐるみチャームになりました！
 たくさんつなげて目立っちゃおう！
 マルチに使えるシリコンリング付き！

 英語名：Pukupuku Awawa-chan Mejirushi Plush Charm Yumeya Capsule Toy

 このシリーズには4種類のラインナップがあります。
 お届け商品は、商品名及び画像のものになります。

 ・あわわちゃん・A
 ・あわわちゃん・B
 ・あわっこちゃん・A
 ・あわっこちゃん・B

 キャラクター：ぷくぷくあわわちゃん
 サイズ：全長約45mm
 材質：ポリエステル,亜鉛合金,シリコン
 商品状態：新古品・未使用・ミニブック付属 ※カプセルは付属しません。内袋は未開封です。

 ■57624
 ■メーカー：夢屋
 ■分類：ガチャガチャ
 ■code：20260703
 ■JAN：4582302293954",https://img07.shop-pro.jp/PA01455/769/product/192488696.jpg?cmsp_timestamp=20260703085429|https://img07.shop-pro.jp/PA01455/769/product/192488696_o1.jpg?cmsp_timestamp=20260703085429|https://img07.shop-pro.jp/PA01455/769/product/192488696_o2.jpg?cmsp_timestamp=20260703085429|https://img07.shop-pro.jp/PA01455/769/product/192488696_o3.png?cmsp_timestamp=20260713170036|https://img07.shop-pro.jp/PA01455/769/product/192488696_o4.jpg?cmsp_timestamp=20260713170036|https://img07.shop-pro.jp/PA01455/769/product/192488696_o5.jpg?cmsp_timestamp=20260713170036|https://img07.shop-pro.jp/PA01455/769/product/192488696_o6.jpg?cmsp_timestamp=20260713170036|https://img07.shop-pro.jp/PA01455/769/product/192488696_o7.jpg?cmsp_timestamp=20260713170036,/Users/hong/Desktop/日本商品2/采集数据/images/192488696_M_0.jpg|/Users/hong/Desktop/日本商品2/采集数据/images/192488696_M_1.jpg|/Users/hong/Desktop/日本商品2/采集数据/images/192488696_M_2.jpg|/Users/hong/Desktop/日本商品2/采集数据/images/192488696_M_3.jpg|/Users/hong/Desktop/日本商品2/采集数据/images/192488696_M_4.jpg|/Users/hong/Desktop/日本商品2/采集数据/images/192488696_M_5.jpg|/Users/hong/Desktop/日本商品2/采集数据/images/192488696_M_6.jpg|/Users/hong/Desktop/日本商品2/采集数据/images/192488696_M_7.jpg
https://shop.toysanta.jp/?pid=192488680,192488680,"ホーム > キャラクター > SNSキャラクター
",【全部揃ってます!!】ムキムキのハムちゃん フィギュアマスコット2 [全5種セット(フルコンプ)]【ネコポス配送対応】【C】,"2,100円(内税)",63pt,"この商品のラインナップを全て見る

 ▼この商品は【全5種セット(フルコンプ)】です。

 イラストレーターyukke氏が描く人気キャラクター「ムキムキのハムちゃん」に、待望のフィギュア第2弾が登場します！
 今回もイラストの魅力を忠実に再現し、プリッとした魅力的な美BODYと、思わず笑顔になるようなユニークな佇まいを立体化。
 ラインナップは、印象的な表情が魅力の「ニヤリ」をはじめ、ちまハムとの組み合わせが楽しめる「ダンス」、クリア素材を使用した「みかん」など、第2弾ならではのバリエーション豊かな全5種。
 身に付けても、飾っても、並べてもかわいい仕上がり。
 ぜひ第1弾とあわせてお楽しみください♪
 ※「ズコーッ」のみ、置き型フィギュアです。

 英語名：Mukimukino Ham-chan figure mascot Part.2 IP4 Collection Toy

 このシリーズには5種類のラインナップがあります。
 お届け商品は、商品名及び画像のものになります。

 ・指差しポーズ
 ・ニやり
 ・みかん
 ・ズコーッ
 ・ダンス

 キャラクター：ムキムキのハムちゃん
 サイズ：全高約35-45mm
 材質：PVC(ST基準対応可塑剤使用),鉄
 商品状態：新古品・未使用・ミニブック付属 ※カプセルは付属しません。内袋は未開封です。

 ■57708
 ■メーカー：キタンクラブ
 ■分類：ガチャガチャ
 ■code：20260703
 ■JAN：4571670333508",https://img07.shop-pro.jp/PA01455/769/product/192488680.jpg?cmsp_timestamp=20260703085418|https://img07.shop-pro.jp/PA01455/769/product/192488680_o1.jpg?cmsp_timestamp=20260703085418|https://img07.shop-pro.jp/PA01455/769/product/192488680_o2.jpg?cmsp_timestamp=20260703085418|https://img07.shop-pro.jp/PA01455/769/product/192488680_o3.png?cmsp_timestamp=20260713165903|https://img07.shop-pro.jp/PA01455/769/product/192488680_o4.jpg?cmsp_timestamp=20260713165903|https://img07.shop-pro.jp/PA01455/769/product/192488680_o5.jpg?cmsp_timestamp=20260713165903|https://img07.shop-pro.jp/PA01455/769/product/192488680_o6.jpg?cmsp_timestamp=20260713165903|https://img07.shop-pro.jp/PA01455/769/product/192488680_o7.jpg?cmsp_timestamp=20260713165903,/Users/hong/Desktop/日本商品2/采集数据/images/192488680_M_0.jpg|/Users/hong/Desktop/日本商品2/采集数据/images/192488680_M_1.jpg|/Users/hong/Desktop/日本商品2/采集数据/images/192488680_M_2.jpg|/Users/hong/Desktop/日本商品2/采集数据/images/192488680_M_3.jpg|/Users/hong/Desktop/日本商品2/采集数据/images/192488680_M_4.jpg|/Users/hong/Desktop/日本商品2/采集数据/images/192488680_M_5.jpg|/Users/hong/Desktop/日本商品2/采集数据/images/192488680_M_6.jpg|/Users/hong/Desktop/日本商品2/采集数据/images/192488680_M_7.jpg
https://shop.toysanta.jp/?pid=192462470,192462470,"ホーム > ゲームキャラクター > その他
",【全部揃ってます!!】PICO PARK キーボードチャーム [全4種セット(フルコンプ)]【ネコポス配送対応】【C】,"1,600円(内税)",48pt,"この商品のラインナップを全て見る

 ▼この商品は【全4種セット(フルコンプ)】です。

 「PICO PARK」のキーボードチャームが登場！
 クセになる感触をお楽しみください！
 全種ボールチェーン付き！

 英語名：PICO PARK Keyboard Charm BANDAI Capsule Toy

 このシリーズには4種類のラインナップがあります。
 お届け商品は、商品名及び画像のものになります。

 ・デザインA
 ・デザインB
 ・デザインC
 ・デザインD

 キャラクター：PICO PARK
 サイズ：全長約40mm
 材質：***
 商品状態：新古品・未使用・ミニブック付属 ※カプセルは付属しません。内袋は未開封です。

 ■57748
 ■メーカー：バンダイ
 ■分類：ガチャガチャ
 ■code：20260702
 ■JAN：4582770055801",https://img07.shop-pro.jp/PA01455/769/product/192462470.jpg?cmsp_timestamp=20260702102928|https://img07.shop-pro.jp/PA01455/769/product/192462470_o1.jpg?cmsp_timestamp=20260702102928|https://img07.shop-pro.jp/PA01455/769/product/192462470_o2.jpg?cmsp_timestamp=20260702102928,/Users/hong/Desktop/日本商品2/采集数据/images/192462470_M_0.jpg|/Users/hong/Desktop/日本商品2/采集数据/images/192462470_M_1.jpg|/Users/hong/Desktop/日本商品2/采集数据/images/192462470_M_2.jpg
https://shop.toysanta.jp/?pid=192450042,192450042,"ホーム > コミック・アニメ(ジャンプ) > ハイキュー!!
",【全部揃ってます!!】ハイキュー!! スクールバッグ風エコバッグ2 [全5種セット(フルコンプ)]【 ネコポス不可 】【C】,"2,600円(内税)",78pt,"この商品のラインナップを全て見る

 ▼この商品は【全5種セット(フルコンプ)】です。

 大好評だった「スクールバッグ風エコバッグ」から第二弾が登場！
 第一弾に引き続き、それぞれの学校の校章が入ったスクールバッグデザインで生徒気分を味わえる★
 第二弾では鳥野高校や音駒高校に加え、新たに3校をピックアップ！
 12cmのマチありでたっぷり入るのがうれしい！

 英語名：Haikyu!! School Bag Eco Bag Part.2 K Company Capsule Toy

 このシリーズには5種類のラインナップがあります。
 お届け商品は、商品名及び画像のものになります。

 ・烏野高校
 ・音駒高校
 ・伊達工業高校
 ・白鳥沢学園高校
 ・鴎台高校

 キャラクター：ハイキュー!!
 サイズ：約H200×W280×D120mm
 材質：ポリエステル
 商品状態：新古品・未使用・ミニブック付属 ※カプセルは付属しません。内袋は未開封です。

 ■57474
 ■メーカー：ケイカンパニー
 ■分類：ガチャガチャ
 ■code：20260701
 ■JAN：4930972624422",https://img07.shop-pro.jp/PA01455/769/product/192450042.jpg?cmsp_timestamp=20260701090656|https://img07.shop-pro.jp/PA01455/769/product/192450042_o1.jpg?cmsp_timestamp=20260701090656|https://img07.shop-pro.jp/PA01455/769/product/192450042_o2.jpg?cmsp_timestamp=20260701090656,/Users/hong/Desktop/日本商品2/采集数据/images/192450042_M_0.jpg|/Users/hong/Desktop/日本商品2/采集数据/images/192450042_M_1.jpg|/Users/hong/Desktop/日本商品2/采集数据/images/192450042_M_2.jpg
https://shop.toysanta.jp/?pid=192450017,192450017,"ホーム > 模型・ミニチュア > 生き物
",【全部揃ってます!!】Teddy's ベアリング [全4種セット(フルコンプ)]【ネコポス配送対応】【C】,900円(内税),27pt,"この商品のラインナップを全て見る

 ▼この商品は【全4種セット(フルコンプ)】です。

 ちっこくあなたを見つめてる♪ テディベアの指輪が登場♪
 指先でちょこんと輝く上品な存在感！
 もこもこ素材のやさしい手触りにも注目☆

 英語名：Teddy's Bear Ring Bright link Capsule Toy

 このシリーズには4種類のラインナップがあります。
 お届け商品は、商品名及び画像のものになります。

 ・バーガンディ
 ・オータムブラウン
 ・ネイビーブルー
 ・ローズピンク

 キャラクター：生き物
 サイズ：フリーサイズ,約20mm(モチーフ部分)
 材質：PVC
 商品状態：新古品・未使用・ミニブック付属 ※カプセルは付属しません。内袋は未開封です。

 ■57639
 ■メーカー：ブライトリンク
 ■分類：ガチャガチャ
 ■code：20260701
 ■JAN：4573558506585",https://img07.shop-pro.jp/PA01455/769/product/192450017.jpg?cmsp_timestamp=20260701090637|https://img07.shop-pro.jp/PA01455/769/product/192450017_o1.jpg?cmsp_timestamp=20260701090637|https://img07.shop-pro.jp/PA01455/769/product/192450017_o2.jpg?cmsp_timestamp=20260701090637,/Users/hong/Desktop/日本商品2/采集数据/images/192450017_M_0.jpg|/Users/hong/Desktop/日本商品2/采集数据/images/192450017_M_1.jpg|/Users/hong/Desktop/日本商品2/采集数据/images/192450017_M_2.jpg
https://shop.toysanta.jp/?pid=192450012,192450012,"ホーム > 模型・ミニチュア > 生き物
",【全部揃ってます!!】ZOO miniニットバッグコレクション2 [全5種セット(フルコンプ)]【ネコポス配送対応】【C】,"1,600円(内税)",48pt,"この商品のラインナップを全て見る

 ▼この商品は【全5種セット(フルコンプ)】です。

 韓国雑貨で人気のニットバッグがかわいいアニマルデザインで発売！
 スマートフォンやミニペットボトルが入れられるサイズ感♪
 お出かけのおともにちょうどいいミニサイズで、思わず全種集めたくなる可愛さです！

 英語名：ZOO mini Knit Bag Collection Part.2 Bright link Capsule Toy

 このシリーズには5種類のラインナップがあります。
 お届け商品は、商品名及び画像のものになります。

 ・パンダ (トゥデイイズホリデイ)
 ・ドッグ (ウェアイズオレンジ)
 ・ラビット (アイアムフリーダム)
 ・ダッグ (ワッツハプン)
 ・キャット (セイチーズ)

 キャラクター：生き物
 サイズ：全長約170mm
 材質：ポリエステル
 商品状態：新古品・未使用・ミニブック付属 ※カプセルは付属しません。内袋は未開封です。

 ■57643
 ■メーカー：ブライトリンク
 ■分類：ガチャガチャ
 ■code：20260701
 ■JAN：4573558506578",https://img07.shop-pro.jp/PA01455/769/product/192450012.jpg?cmsp_timestamp=20260701090633|https://img07.shop-pro.jp/PA01455/769/product/192450012_o1.jpg?cmsp_timestamp=20260701090633|https://img07.shop-pro.jp/PA01455/769/product/192450012_o2.jpg?cmsp_timestamp=20260701090633,/Users/hong/Desktop/日本商品2/采集数据/images/192450012_M_0.jpg|/Users/hong/Desktop/日本商品2/采集数据/images/192450012_M_1.jpg|/Users/hong/Desktop/日本商品2/采集数据/images/192450012_M_2.jpg
https://shop.toysanta.jp/?pid=192450006,192450006,"ホーム > 模型・ミニチュア > 生き物
",【全部揃ってます!!】コロンとべびにゃんこ ばぶっとめじるしマスコット [全8種セット(フルコンプ)]【ネコポス配送対応】【C】,"1,700円(内税)",51pt,"この商品のラインナップを全て見る

 ▼この商品は【全8種セット(フルコンプ)】です。

 もっちりほっぺがたまらない！
 赤ちゃんにゃんこの癒し顔♪
 キュルキュルの瞳に見つめられたい☆

 英語名：Koron to Baby Nyanko Babutto Mejirushi Mascot Bright link Capsule Toy

 このシリーズには8種類のラインナップがあります。
 お届け商品は、商品名及び画像のものになります。

 ・さば
 ・おっどあい
 ・しゃむ
 ・くろ
 ・みけ
 ・ちゃ
 ・しろ
 ・こげ

 キャラクター：生き物
 サイズ：全高約20mm
 材質：ポリレジン,鉄,シリコンゴム
 商品状態：新古品・未使用・ミニブック付属 ※カプセルは付属しません。内袋は未開封です。

 ■57638
 ■メーカー：ブライトリンク
 ■分類：ガチャガチャ
 ■code：20260701
 ■JAN：4573558506530",https://img07.shop-pro.jp/PA01455/769/product/192450006.jpg?cmsp_timestamp=20260701090625|https://img07.shop-pro.jp/PA01455/769/product/192450006_o1.jpg?cmsp_timestamp=20260701090625|https://img07.shop-pro.jp/PA01455/769/product/192450006_o2.jpg?cmsp_timestamp=20260701090625|https://img07.shop-pro.jp/PA01455/769/product/192450006_o3.png?cmsp_timestamp=20260702173811|https://img07.shop-pro.jp/PA01455/769/product/192450006_o4.jpg?cmsp_timestamp=20260702173811|https://img07.shop-pro.jp/PA01455/769/product/192450006_o5.jpg?cmsp_timestamp=20260702173811|https://img07.shop-pro.jp/PA01455/769/product/192450006_o6.jpg?cmsp_timestamp=20260702173811|https://img07.shop-pro.jp/PA01455/769/product/192450006_o7.jpg?cmsp_timestamp=20260702173811,/Users/hong/Desktop/日本商品2/采集数据/images/192450006_M_0.jpg|/Users/hong/Desktop/日本商品2/采集数据/images/192450006_M_1.jpg|/Users/hong/Desktop/日本商品2/采集数据/images/192450006_M_2.jpg|/Users/hong/Desktop/日本商品2/采集数据/images/192450006_M_3.jpg|/Users/hong/Desktop/日本商品2/采集数据/images/192450006_M_4.jpg|/Users/hong/Desktop/日本商品2/采集数据/images/192450006_M_5.jpg|/Users/hong/Desktop/日本商品2/采集数据/images/192450006_M_6.jpg|/Users/hong/Desktop/日本商品2/采集数据/images/192450006_M_7.jpg
https://shop.toysanta.jp/?pid=192435347,192435347,"ホーム > 模型・ミニチュア > その他
",【全部揃ってます!!】アニマルアイス自販機マスコット2 [全5種セット(フルコンプ)]【ネコポス配送対応】【C】,"2,100円(内税)",63pt,"この商品のラインナップを全て見る

 ▼この商品は【全5種セット(フルコンプ)】です。

 可愛いどうぶつの形のアイス自販機マスコット第二弾！
 今回はポップカラーで登場！
 ボタンを押すとアイスが出てくるよ♪
 パンダやねこなど、ちっちゃくてかわいい！

 英語名：Animal ice cream vending machine mascot Part.2 J.DREAM Capsule Toy

 このシリーズには5種類のラインナップがあります。
 お届け商品は、商品名及び画像のものになります。


 ・チェリーピンク：(付属のアイス：ねこ)
 ・アクアブルー：(付属のアイス：ぶた)
 ・ライムグリーン：(付属のアイス：うさぎ)
 ・レモンイエロー：(付属のアイス：くま)
 ・ライトオレンジ：(付属のアイス：ぱんだ)

 キャラクター：模型
 サイズ：全高約52mm
 材質：ABS,PS,紙
 商品状態：新古品・未使用・ミニブック付属 ※カプセルは付属しません。内袋は未開封です。

 ■57560
 ■メーカー：J.DREAM
 ■分類：ガチャガチャ
 ■code：20260630
 ■JAN：4571660580226",https://img07.shop-pro.jp/PA01455/769/product/192435347.jpg?cmsp_timestamp=20260630112238|https://img07.shop-pro.jp/PA01455/769/product/192435347_o1.jpg?cmsp_timestamp=20260630112238|https://img07.shop-pro.jp/PA01455/769/product/192435347_o2.jpg?cmsp_timestamp=20260630112238,/Users/hong/Desktop/日本商品2/采集数据/images/192435347_M_0.jpg|/Users/hong/Desktop/日本商品2/采集数据/images/192435347_M_1.jpg|/Users/hong/Desktop/日本商品2/采集数据/images/192435347_M_2.jpg
https://shop.toysanta.jp/?pid=192435327,192435327,"ホーム > キャラクター > その他
",【全部揃ってます!!】のこのこうちのコ ぬいぐるみ [全5種セット(フルコンプ)]【 ネコポス不可 】【C】[sale260715],"1,199円(内税)",33pt,"この商品のラインナップを全て見る

 ▼この商品は【全5種セット(フルコンプ)】です。

 見るだけでほっと癒される『うちのコ』たちがお出かけにも連れていけるマスコットになりました！
 全種ボールチェーン付き！

 英語名：noko noko uchinoko Parade Capsule Toy

 このシリーズには5種類のラインナップがあります。
 お届け商品は、商品名及び画像のものになります。

 ・マフィン
 ・ととん
 ・コルク
 ・すんちゃん
 ・ぽんず

 キャラクター：のこのこ うちのコ
 サイズ：全高約73-80mm
 材質：ポリエステル,鉄
 商品状態：新古品・未使用・ミニブック付属 ※カプセルは付属しません。内袋は未開封です。

 ■57634
 ■メーカー：パレード
 ■分類：ガチャガチャ
 ■code：20260630
 ■JAN：4595430855628",https://img07.shop-pro.jp/PA01455/769/product/192435327.jpg?cmsp_timestamp=20260630112221|https://img07.shop-pro.jp/PA01455/769/product/192435327_o1.jpg?cmsp_timestamp=20260630112221|https://img07.shop-pro.jp/PA01455/769/product/192435327_o2.jpg?cmsp_timestamp=20260630112221,/Users/hong/Desktop/日本商品2/采集数据/images/192435327_M_0.jpg|/Users/hong/Desktop/日本商品2/采集数据/images/192435327_M_1.jpg|/Users/hong/Desktop/日本商品2/采集数据/images/192435327_M_2.jpg
https://shop.toysanta.jp/?pid=192435283,192435283,"ホーム > キャラクター > その他
",【全部揃ってます!!】ミッフィー ギンガムチェックコレクション [全5種セット(フルコンプ)]【ネコポス配送対応】【C】,"3,000円(内税)",90pt,"この商品のラインナップを全て見る

 ▼この商品は【全5種セット(フルコンプ)】です。

 ギンガムチェック柄にミッフィーが可愛く映えるバッグ＆ポーチが登場です！
 普段使いにぴったりなアイテムがめじろ押し！

 英語名：miffy Gingham Check Collection IP4 Capsule Toy

 このシリーズには5種類のラインナップがあります。
 お届け商品は、商品名及び画像のものになります。

 ・トートバッグ
 ・マチ付き巾着A
 ・マチ付き巾着B
 ・スクエアポーチ
 ・ティッシュケースポーチ

 キャラクター：ミッフィー
 サイズ：全長約130-300mm
 材質：ポリエステル,POM,ナイロン
 商品状態：新古品・未使用・ミニブック付属 ※カプセルは付属しません。

 ■57544
 ■メーカー：IP4
 ■分類：ガチャガチャ
 ■code：20260630
 ■JAN：4580800191185",https://img07.shop-pro.jp/PA01455/769/product/192435283.jpg?cmsp_timestamp=20260630112143|https://img07.shop-pro.jp/PA01455/769/product/192435283_o1.jpg?cmsp_timestamp=20260630112143|https://img07.shop-pro.jp/PA01455/769/product/192435283_o2.jpg?cmsp_timestamp=20260630112143,/Users/hong/Desktop/日本商品2/采集数据/images/192435283_M_0.jpg|/Users/hong/Desktop/日本商品2/采集数据/images/192435283_M_1.jpg|/Users/hong/Desktop/日本商品2/采集数据/images/192435283_M_2.jpg
https://shop.toysanta.jp/?pid=192435260,192435260,"ホーム > 模型・ミニチュア > 生き物
",【全部揃ってます!!】アヒルのあかちゃん ぬいぐるみ vol.2 [全6種セット(フルコンプ)]【 ネコポス不可 】【C】,"2,500円(内税)",75pt,"この商品のラインナップを全て見る

 ▼この商品は【全6種セット(フルコンプ)】です。

 SNSで話題になった！あのアヒルのあかちゃんぬいぐるみに第2弾が登場！
 サテンとレースで出来たボンネットがとってもラブリー！
 手のひらサイズのあかちゃんたちを可愛がってあげてね♪
 全種ボールチェーン付き！

 英語名：Baby Duck Plush Toy vol.2 UltraNewPlanning Capsule Toy

 このシリーズには6種類のラインナップがあります。
 お届け商品は、商品名及び画像のものになります。

 ・ぶるー
 ・もも
 ・れもん
 ・みどり
 ・あか
 ・くろ

 キャラクター：生き物
 サイズ：全長約60mm
 材質：ポリエステル,鉄
 商品状態：新古品・未使用・ミニブック付属 ※カプセルは付属しません。内袋は未開封です。

 ■57574
 ■メーカー：ウルトラニュープランニング
 ■分類：ガチャガチャ
 ■code：20260630
 ■JAN：4571601906764",https://img07.shop-pro.jp/PA01455/769/product/192435260.jpg?cmsp_timestamp=20260630112124|https://img07.shop-pro.jp/PA01455/769/product/192435260_o1.jpg?cmsp_timestamp=20260630112124|https://img07.shop-pro.jp/PA01455/769/product/192435260_o2.jpg?cmsp_timestamp=20260630112124,/Users/hong/Desktop/日本商品2/采集数据/images/192435260_M_0.jpg|/Users/hong/Desktop/日本商品2/采集数据/images/192435260_M_1.jpg|/Users/hong/Desktop/日本商品2/采集数据/images/192435260_M_2.jpg
https://shop.toysanta.jp/?pid=192435251,192435251,"ホーム > キャラクター > その他
",【全部揃ってます!!】ANGEL BLUE エンジェルブルー ビニールバッグミニポーチ [全5種セット(フルコンプ)]【ネコポス配送対応】【C】,"1,600円(内税)",48pt,"この商品のラインナップを全て見る

 ▼この商品は【全5種セット(フルコンプ)】です。

 エンジェルブルーのキュートなイラスト入り♪
 クリア素材がかわいいミニポーチ！
 小物を入れても、そのまま飾っても◎
 夏にぴったりのアイテムです！

 英語名：ANGEL BLUE Vinyl Bag Mini Pouch UltraNewPlanning Capsule Toy

 このシリーズには5種類のラインナップがあります。
 お届け商品は、商品名及び画像のものになります。

 ・ピンク
 ・ブルー
 ・イエロー
 ・グリーン
 ・ネイビー

 キャラクター：ANGEL BLUE
 サイズ：約75×95mm
 材質：PVC,コットン
 商品状態：新古品・未使用・ミニブック付属 ※カプセルは付属しません。内袋は未開封です。

 ■57566
 ■メーカー：ウルトラニュープランニング
 ■分類：ガチャガチャ
 ■code：20260630
 ■JAN：4571601904272",https://img07.shop-pro.jp/PA01455/769/product/192435251.jpg?cmsp_timestamp=20260630112118|https://img07.shop-pro.jp/PA01455/769/product/192435251_o1.jpg?cmsp_timestamp=20260630112118|https://img07.shop-pro.jp/PA01455/769/product/192435251_o2.jpg?cmsp_timestamp=20260630112118,/Users/hong/Desktop/日本商品2/采集数据/images/192435251_M_0.jpg|/Users/hong/Desktop/日本商品2/采集数据/images/192435251_M_1.jpg|/Users/hong/Desktop/日本商品2/采集数据/images/192435251_M_2.jpg
https://shop.toysanta.jp/?pid=192435245,192435245,"ホーム > 模型・ミニチュア > ポーチ・バッグ
",【全部揃ってます!!】マーメイドシェルポーチ neon [全5種セット(フルコンプ)]【ネコポス配送対応】【C】,"2,100円(内税)",63pt,"この商品のラインナップを全て見る

 ▼この商品は【全5種セット(フルコンプ)】です。

 波紋がロマンチックなシェル型クリアポーチ！
 海のいきものや海の中をイメージしたネオンカラーが可愛いね♪
 ハートのカラビナ付きだから、お気に入りの小物を入れて一緒にお出かけしよう！

 英語名：Mermaid Shell Pouch neon UltraNewPlanning Capsule Toy

 このシリーズには5種類のラインナップがあります。
 お届け商品は、商品名及び画像のものになります。

 ・jellyfish
 ・lagoon
 ・ripple
 ・emerald
 ・pearl

 キャラクター：模型
 サイズ：全長約100mm
 材質：PVC,ナイロン,亜鉛合金
 商品状態：新古品・未使用・ミニブック付属 ※カプセルは付属しません。内袋は未開封です。

 ■57575
 ■メーカー：ウルトラニュープランニング
 ■分類：ガチャガチャ
 ■code：20260630
 ■JAN：4571601904081",https://img07.shop-pro.jp/PA01455/769/product/192435245.jpg?cmsp_timestamp=20260630112112|https://img07.shop-pro.jp/PA01455/769/product/192435245_o1.jpg?cmsp_timestamp=20260630112112|https://img07.shop-pro.jp/PA01455/769/product/192435245_o2.jpg?cmsp_timestamp=20260630112112,/Users/hong/Desktop/日本商品2/采集数据/images/192435245_M_0.jpg|/Users/hong/Desktop/日本商品2/采集数据/images/192435245_M_1.jpg|/Users/hong/Desktop/日本商品2/采集数据/images/192435245_M_2.jpg
https://shop.toysanta.jp/?pid=192435220,192435220,"ホーム > キャラクター > その他
",【全部揃ってます!!】beco+81 小顔矯正フィギュアチャーム [全5種セット(フルコンプ)]【ネコポス配送対応】【C】,"2,600円(内税)",78pt,"フォトレビューはこちら(トイサンタのブログへ移動します)


この商品のラインナップを全て見る

 ▼この商品は【全5種セット(フルコンプ)】です。

 大人気イラストレーター「beco+81」氏から
 『洗濯バサミ』で小顔を目指す(？)シュールでキュートな動物たちが つり下げフィギュアとなってむぎゅぎゅっと登場！

 英語名：beco+81 Kogao Kyosei Figure Charm Ken elephant Capsule Toy

 このシリーズには5種類のラインナップがあります。
 お届け商品は、商品名及び画像のものになります。

 ・くま
 ・うさぎ(黒)
 ・うさぎ(白)
 ・ぶた
 ・パンダ

 キャラクター：beco+81
 サイズ：約H64×W36mm,パンダのみ 約H66×W22mm
 材質：ABS,PVC,ステンレス,鉄
 商品状態：新古品・未使用・ミニブック付属 ※カプセルは付属しません。内袋は未開封です。

 ■57583
 ■メーカー：ケンエレファント
 ■分類：ガチャガチャ
 ■code：20260630
 ■JAN：4582783899409",https://img07.shop-pro.jp/PA01455/769/product/192435220.jpg?cmsp_timestamp=20260630112047|https://img07.shop-pro.jp/PA01455/769/product/192435220_o1.jpg?cmsp_timestamp=20260630112047|https://img07.shop-pro.jp/PA01455/769/product/192435220_o2.jpg?cmsp_timestamp=20260630112047|https://img07.shop-pro.jp/PA01455/769/product/192435220_o3.png?cmsp_timestamp=20260701162547|https://img07.shop-pro.jp/PA01455/769/product/192435220_o4.jpg?cmsp_timestamp=20260702175718|https://img07.shop-pro.jp/PA01455/769/product/192435220_o5.jpg?cmsp_timestamp=20260702175718|https://img07.shop-pro.jp/PA01455/769/product/192435220_o6.jpg?cmsp_timestamp=20260702175718|https://img07.shop-pro.jp/PA01455/769/product/192435220_o7.jpg?cmsp_timestamp=20260702175718|https://img07.shop-pro.jp/PA01455/769/product/192435220_o8.jpg?cmsp_timestamp=20260702175718|https://img07.shop-pro.jp/PA01455/769/product/192435220_o9.jpg?cmsp_timestamp=20260702175718|https://img07.shop-pro.jp/PA01455/769/product/192435220_o10.jpg?cmsp_timestamp=20260702175718|https://img07.shop-pro.jp/PA01455/769/product/192435220_o11.jpg?cmsp_timestamp=20260702175718|https://img07.shop-pro.jp/PA01455/769/product/192435220_o12.jpg?cmsp_timestamp=20260702175718|https://img07.shop-pro.jp/PA01455/769/product/192435220_o13.jpg?cmsp_timestamp=20260702175718|https://img07.shop-pro.jp/PA01455/769/product/192435220_o14.jpg?cmsp_timestamp=20260702175718|https://img07.shop-pro.jp/PA01455/769/product/192435220_o15.jpg?cmsp_timestamp=20260702175718|https://img07.shop-pro.jp/PA01455/769/product/192435220_o16.jpg?cmsp_timestamp=20260702175718|https://img07.shop-pro.jp/PA01455/769/product/192435220_o17.jpg?cmsp_timestamp=20260702175718|https://img07.shop-pro.jp/PA01455/769/product/192435220_o18.jpg?cmsp_timestamp=20260702175718|https://img07.shop-pro.jp/PA01455/769/product/192435220_o19.jpg?cmsp_timestamp=20260702175718|https://img07.shop-pro.jp/PA01455/769/product/192435220_o20.jpg?cmsp_timestamp=20260702175718|https://img07.shop-pro.jp/PA01455/769/product/192435220_o21.jpg?cmsp_timestamp=20260702175718|https://img07.shop-pro.jp/PA01455/769/product/192435220_o22.jpg?cmsp_timestamp=20260702175718|https://img07.shop-pro.jp/PA01455/769/product/192435220_o23.jpg?cmsp_timestamp=20260702175718,/Users/hong/Desktop/日本商品2/采集数据/images/192435220_M_0.jpg|/Users/hong/Desktop/日本商品2/采集数据/images/192435220_M_1.jpg|/Users/hong/Desktop/日本商品2/采集数据/images/192435220_M_2.jpg|/Users/hong/Desktop/日本商品2/采集数据/images/192435220_M_3.jpg|/Users/hong/Desktop/日本商品2/采集数据/images/192435220_M_4.jpg|/Users/hong/Desktop/日本商品2/采集数据/images/192435220_M_5.jpg|/Users/hong/Desktop/日本商品2/采集数据/images/192435220_M_6.jpg|/Users/hong/Desktop/日本商品2/采集数据/images/192435220_M_7.jpg|/Users/hong/Desktop/日本商品2/采集数据/images/192435220_M_8.jpg|/Users/hong/Desktop/日本商品2/采集数据/images/192435220_M_9.jpg|/Users/hong/Desktop/日本商品2/采集数据/images/192435220_M_10.jpg|/Users/hong/Desktop/日本商品2/采集数据/images/192435220_M_11.jpg|/Users/hong/Desktop/日本商品2/采集数据/images/192435220_M_12.jpg|/Users/hong/Desktop/日本商品2/采集数据/images/192435220_M_13.jpg|/Users/hong/Desktop/日本商品2/采集数据/images/192435220_M_14.jpg|/Users/hong/Desktop/日本商品2/采集数据/images/192435220_M_15.jpg|/Users/hong/Desktop/日本商品2/采集数据/images/192435220_M_16.jpg|/Users/hong/Desktop/日本商品2/采集数据/images/192435220_M_17.jpg|/Users/hong/Desktop/日本商品2/采集数据/images/192435220_M_18.jpg|/Users/hong/Desktop/日本商品2/采集数据/images/192435220_M_19.jpg|/Users/hong/Desktop/日本商品2/采集数据/images/192435220_M_20.jpg|/Users/hong/Desktop/日本商品2/采集数据/images/192435220_M_21.jpg|/Users/hong/Desktop/日本商品2/采集数据/images/192435220_M_22.jpg|/Users/hong/Desktop/日本商品2/采集数据/images/192435220_M_23.jpg
https://shop.toysanta.jp/?pid=192435174,192435174,"ホーム > キャラクター > サンリオ
",【全部揃ってます!!】サンリオキャラクターズ ダンボールウォッチ3 [全5種セット(フルコンプ)]【 ネコポス不可 】,"2,600円(内税)",78pt,"この商品のラインナップを全て見る

 ▼この商品は【全5種セット(フルコンプ)】です。

 好評のサンリオキャラクターズ置き時計シリーズに、待望の第3弾が登場！
 今回のテーマは「旅先からの贈り物」。
 ダンボール部分には、キャラクターたちをイメージしたステッカー風オリジナルデザインを施し、旅の思い出を詰め込んだ世界観を表現しました。
 地図を手にしたハローキティや、リボン付きの麦わら帽子をかぶったマイメロディ、サングラス姿がよく似合うクロミなど、旅を楽しむキャラクターたちがラインナップ。
 アウトドアスタイルのかわいらしい姿と、それぞれの小物にもぜひご注目ください。
 フィギュアとして飾る楽しさはもちろん、置き時計としてもしっかり使えるのが嬉しい！
 液晶は時間表示に加え、日付・秒表示への切り替えが可能です。
 さらに電池交換ができるため、長くお楽しみいただけます。
 並べて飾ると、それぞれの旅のシーンが伝わるような仕上がりです。
 カプセルトイとは思えないクオリティの置き時計と一緒に、旅気分を楽しんでみてはいかがでしょうか♪

 ※ボタン電池(SR626)1個使用(付)・電池交換可 セットされている電池はテスト用です。

 英語名：Sanrio Characters Cardboard watch Part.3 KITANCLUB Capsule Toy

 このシリーズには5種類のラインナップがあります。
 お届け商品は、商品名及び画像のものになります。

 ・ハローキティ 
 ・ポチャッコ
 ・マイメロディ
 ・クロミ
 ・シナモロール

 キャラクター：サンリオ
 サイズ：全長約30-50mm
 材質：PVC(ST基準対応可型剤仕用),ABS
 商品状態：新古品・未使用・カプセル付属・ミニブック付属・内袋は未開封です。

 ■57712
 ■メーカー：キタンクラブ
 ■分類：ガチャガチャ
 ■code：20260630
 ■JAN：4571670333850",https://img07.shop-pro.jp/PA01455/769/product/192435174.jpg?cmsp_timestamp=20260630112023|https://img07.shop-pro.jp/PA01455/769/product/192435174_o1.jpg?cmsp_timestamp=20260630112023|https://img07.shop-pro.jp/PA01455/769/product/192435174_o2.jpg?cmsp_timestamp=20260630112023|https://img07.shop-pro.jp/PA01455/769/product/192435174_o3.png?cmsp_timestamp=20260701172555|https://img07.shop-pro.jp/PA01455/769/product/192435174_o4.jpg?cmsp_timestamp=20260701172555|https://img07.shop-pro.jp/PA01455/769/product/192435174_o5.jpg?cmsp_timestamp=20260701172555|https://img07.shop-pro.jp/PA01455/769/product/192435174_o6.jpg?cmsp_timestamp=20260701172555|https://img07.shop-pro.jp/PA01455/769/product/192435174_o7.jpg?cmsp_timestamp=20260701172555,/Users/hong/Desktop/日本商品2/采集数据/images/192435174_M_0.jpg|/Users/hong/Desktop/日本商品2/采集数据/images/192435174_M_1.jpg|/Users/hong/Desktop/日本商品2/采集数据/images/192435174_M_2.jpg|/Users/hong/Desktop/日本商品2/采集数据/images/192435174_M_3.jpg|/Users/hong/Desktop/日本商品2/采集数据/images/192435174_M_4.jpg|/Users/hong/Desktop/日本商品2/采集数据/images/192435174_M_5.jpg|/Users/hong/Desktop/日本商品2/采集数据/images/192435174_M_6.jpg|/Users/hong/Desktop/日本商品2/采集数据/images/192435174_M_7.jpg
https://shop.toysanta.jp/?pid=192435149,192435149,"ホーム > キャラクター > ムーミン
",【全部揃ってます!!】ART IN THE POCKET アートインザポケット ムーミン Vol.6 [全4種セット(フルコンプ)]【ネコポス配送対応】【C】,"2,100円(内税)",63pt,"この商品のラインナップを全て見る

 ▼この商品は【全4種セット(フルコンプ)】です。

 キタンクラブが展開する「ART IN THE POCKET ムーミン」シリーズに、第6弾が登場します！
 『ポケットに入るアート』をテーマに展開する本シリーズ、今回もムーミン谷の仲間たちを高品質なフィギュアでお届けします。
 なかでも注目なのは今回初立体化となる「じゃこうねずみ」です。小説「ムーミン谷の彗星」の挿絵で使用されている印象的な姿を元に制作しました。手に持ったケーキやスプーン、毛並みなど細かい部分までしっかりと作り込みつつ、水部分にはクリアパーツを使用するなど小さいながらも非常に見どころの多いフィギュアになっています。
 他にも帽子の装飾まで細かく再現した人気キャラクターの「スナフキン」、全身の毛を丁寧に制作した「スティンキー」、さらに「フィリフヨンカ」は、Vol.5の「フィリフヨンカのこどもたち」と親子で並べることでムーミン谷の世界観がさらに広がります。
 広く知られるメインキャラクターから立体化の機会が少ないキャラクターまで、シリーズを通して収集していただくことであなたのお部屋にも小さなムーミン谷が広がります。

 英語名：ART IN THE POCKET Moomin Vol. 6 KITANCLUB Capsule Toy

 このシリーズには4種類のラインナップがあります。
 お届け商品は、商品名及び画像のものになります。

 ・スナフキン
 ・フィリフヨンカ
 ・スティンキー
 ・じゃこうねずみ

 キャラクター：ムーミン
 サイズ：全長約30-50mm(本体)
 材質：PVC,ABS
 商品状態：新古品・未使用・ミニブック付属 ※カプセルは付属しません。内袋は未開封です。

 ■57711
 ■メーカー：キタンクラブ
 ■分類：ガチャガチャ
 ■code：20260630
 ■JAN：4571670332778",https://img07.shop-pro.jp/PA01455/769/product/192435149.jpg?cmsp_timestamp=20260630112017|https://img07.shop-pro.jp/PA01455/769/product/192435149_o1.jpg?cmsp_timestamp=20260630112017|https://img07.shop-pro.jp/PA01455/769/product/192435149_o2.jpg?cmsp_timestamp=20260630112017|https://img07.shop-pro.jp/PA01455/769/product/192435149_o3.png?cmsp_timestamp=20260701162945|https://img07.shop-pro.jp/PA01455/769/product/192435149_o4.jpg?cmsp_timestamp=20260701162945|https://img07.shop-pro.jp/PA01455/769/product/192435149_o5.jpg?cmsp_timestamp=20260701162945|https://img07.shop-pro.jp/PA01455/769/product/192435149_o6.jpg?cmsp_timestamp=20260701162945|https://img07.shop-pro.jp/PA01455/769/product/192435149_o7.jpg?cmsp_timestamp=20260701162945|https://img07.shop-pro.jp/PA01455/769/product/192435149_o8.jpg?cmsp_timestamp=20260701162945|https://img07.shop-pro.jp/PA01455/769/product/192435149_o9.jpg?cmsp_timestamp=20260701162945|https://img07.shop-pro.jp/PA01455/769/product/192435149_o10.jpg?cmsp_timestamp=20260701162945|https://img07.shop-pro.jp/PA01455/769/product/192435149_o11.jpg?cmsp_timestamp=20260701162945,/Users/hong/Desktop/日本商品2/采集数据/images/192435149_M_0.jpg|/Users/hong/Desktop/日本商品2/采集数据/images/192435149_M_1.jpg|/Users/hong/Desktop/日本商品2/采集数据/images/192435149_M_2.jpg|/Users/hong/Desktop/日本商品2/采集数据/images/192435149_M_3.jpg|/Users/hong/Desktop/日本商品2/采集数据/images/192435149_M_4.jpg|/Users/hong/Desktop/日本商品2/采集数据/images/192435149_M_5.jpg|/Users/hong/Desktop/日本商品2/采集数据/images/192435149_M_6.jpg|/Users/hong/Desktop/日本商品2/采集数据/images/192435149_M_7.jpg|/Users/hong/Desktop/日本商品2/采集数据/images/192435149_M_8.jpg|/Users/hong/Desktop/日本商品2/采集数据/images/192435149_M_9.jpg|/Users/hong/Desktop/日本商品2/采集数据/images/192435149_M_10.jpg|/Users/hong/Desktop/日本商品2/采集数据/images/192435149_M_11.jpg
https://shop.toysanta.jp/?pid=192426951,192426951,"ホーム > 模型・ミニチュア > その他
",【全部揃ってます!!】見かくにんせいぶつ ふわわ どりーみーそふび [全5種セット(フルコンプ)]【 ネコポス不可 】,"1,600円(内税)",48pt,"この商品のラインナップを全て見る

 ▼この商品は【全5種セット(フルコンプ)】です。

 キラキラ☆オーロラ仕様!!

 英語名：Mikakuninseibutsu Fuwawa Dreamy Sofvi Yell Capsule Toy

 このシリーズには5種類のラインナップがあります。
 お届け商品は、商品名及び画像のものになります。

 ・あくあ
 ・すたーだすと
 ・すとろべりー
 ・みるきー
 ・むーんないと

 キャラクター：模型
 サイズ：全長約43-50mm
 材質：ATBC-PVC
 商品状態：新古品・未使用・カプセル付属・ミニブック付属・内袋は未開封です。

 ■57464
 ■メーカー：エール
 ■分類：ガチャガチャ
 ■code：20260629
 ■JAN：4580800202416",https://img07.shop-pro.jp/PA01455/769/product/192426951.jpg?cmsp_timestamp=20260629142726|https://img07.shop-pro.jp/PA01455/769/product/192426951_o1.jpg?cmsp_timestamp=20260629142726|https://img07.shop-pro.jp/PA01455/769/product/192426951_o2.jpg?cmsp_timestamp=20260629142726,/Users/hong/Desktop/日本商品2/采集数据/images/192426951_M_0.jpg|/Users/hong/Desktop/日本商品2/采集数据/images/192426951_M_1.jpg|/Users/hong/Desktop/日本商品2/采集数据/images/192426951_M_2.jpg
https://shop.toysanta.jp/?pid=192426939,192426939,"ホーム > コミック・アニメ(その他) > その他
",【全部揃ってます!!】ぼっち・ざ・ろっく！ 楽器ケース型ダイカットポーチ [全4種セット(フルコンプ)]【ネコポス配送対応】【C】,"2,100円(内税)",63pt,"この商品のラインナップを全て見る

 ▼この商品は【全4種セット(フルコンプ)】です。

 アニメ「ぼっち・ざ・ろっく！」より、楽器ケース型ダイカットポーチが登場。
 ペン類も入るBIGサイズ！カラビナ付きで持ち運びもしやすい！

 英語名：Bocchi the Rock! Instrument Case-Shaped Die-Cut Pouch Studio SO-TA Capsule Toy

 このシリーズには4種類のラインナップがあります。
 お届け商品は、商品名及び画像のものになります。

 ・後藤ひとり
 ・伊地知虹夏
 ・山田リョウ
 ・喜多郁代

 キャラクター：ぼっち・ざ・ろっく！
 サイズ：全長約110-220mm
 材質：鉄,ATBC-PVC,ポリエステル
 商品状態：新古品・未使用・ミニブック付属 ※カプセルは付属しません。内袋は未開封です。

 ■57730
 ■メーカー：スタジオソータ(SO-TA)
 ■分類：ガチャガチャ
 ■code：20260629
 ■JAN：4582779496599",https://img07.shop-pro.jp/PA01455/769/product/192426939.jpg?cmsp_timestamp=20260629142718|https://img07.shop-pro.jp/PA01455/769/product/192426939_o1.jpg?cmsp_timestamp=20260629142718|https://img07.shop-pro.jp/PA01455/769/product/192426939_o2.jpg?cmsp_timestamp=20260629142718,/Users/hong/Desktop/日本商品2/采集数据/images/192426939_M_0.jpg|/Users/hong/Desktop/日本商品2/采集数据/images/192426939_M_1.jpg|/Users/hong/Desktop/日本商品2/采集数据/images/192426939_M_2.jpg
https://shop.toysanta.jp/?pid=192426933,192426933,"ホーム > ゲームキャラクター > その他
",【全部揃ってます!!】ぷよぷよ ぷよ江戸キーホルダー [全5種セット(フルコンプ)]【 ネコポス不可 】【C】,"2,100円(内税)",63pt,"この商品のラインナップを全て見る

 ▼この商品は【全5種セット(フルコンプ)】です。

 「ぷよぷよ」から、ぷよたちが江戸に住む人々に変身?!ぷよ江戸キーホルダーが登場！
 全種ボールチェーン付き！

 英語名：Puyo Puyo Puyo Edo Keychain Bushiroad Creative Capsule Toy

 このシリーズには5種類のラインナップがあります。
 お届け商品は、商品名及び画像のものになります。

 ・あおぷよ
 ・あかぷよ
 ・みどりぷよ
 ・むらさきぷよ
 ・きいろぷよ

 キャラクター：ぷよぷよ
 サイズ：全高約30-35mm
 材質：PVC,金属
 商品状態：新古品・未使用・ミニブック付属 ※カプセルは付属しません。内袋は未開封です。

 ■57657
 ■メーカー：ブシロードクリエイティブ
 ■分類：ガチャガチャ
 ■code：20260629
 ■JAN：4570194440624",https://img07.shop-pro.jp/PA01455/769/product/192426933.jpg?cmsp_timestamp=20260629142714|https://img07.shop-pro.jp/PA01455/769/product/192426933_o1.jpg?cmsp_timestamp=20260629142714|https://img07.shop-pro.jp/PA01455/769/product/192426933_o2.jpg?cmsp_timestamp=20260629142714,/Users/hong/Desktop/日本商品2/采集数据/images/192426933_M_0.jpg|/Users/hong/Desktop/日本商品2/采集数据/images/192426933_M_1.jpg|/Users/hong/Desktop/日本商品2/采集数据/images/192426933_M_2.jpg
https://shop.toysanta.jp/?pid=192426902,192426902,"ホーム > ゲームキャラクター > その他
",【全部揃ってます!!】Palworld / パルワールド カプセルラバーキーホルダー vol.1 [全5種セット(フルコンプ)]【ネコポス配送対応】【C】,"1,600円(内税)",48pt,"この商品のラインナップを全て見る

 ▼この商品は【全5種セット(フルコンプ)】です。

 オープンワールドサバイバルクラフトゲーム『Palworld / パルワールド』より、ラバーキーホルダーが登場！
 全種ボールチェーン付き！

 英語名：Palworld Capsule Rubber Keychain Vol. 1 Bushiroad Creative Capsule Toy

 このシリーズには5種類のラインナップがあります。
 お届け商品は、商品名及び画像のものになります。

 ・モコロン
 ・ツッパニャン
 ・タマコッコ
 ・ペコドン
 ・エテッパ

 キャラクター：パルワールド
 サイズ：全長約55mm
 材質：PVC,金属
 商品状態：新古品・未使用・ミニブック付属 ※カプセルは付属しません。内袋は未開封です。

 ■57655
 ■メーカー：ブシロードクリエイティブ
 ■分類：ガチャガチャ
 ■code：20260629
 ■JAN：4570194383389",https://img07.shop-pro.jp/PA01455/769/product/192426902.jpg?cmsp_timestamp=20260629142652|https://img07.shop-pro.jp/PA01455/769/product/192426902_o1.jpg?cmsp_timestamp=20260629142652|https://img07.shop-pro.jp/PA01455/769/product/192426902_o2.jpg?cmsp_timestamp=20260629142652,/Users/hong/Desktop/日本商品2/采集数据/images/192426902_M_0.jpg|/Users/hong/Desktop/日本商品2/采集数据/images/192426902_M_1.jpg|/Users/hong/Desktop/日本商品2/采集数据/images/192426902_M_2.jpg
https://shop.toysanta.jp/?pid=192426881,192426881,"ホーム > キャラクター > その他
",【全部揃ってます!!】ポンポネット フィギュアキーホルダー [全5種セット(フルコンプ)]【ネコポス配送対応】【C】,"2,200円(内税)",66pt,"この商品のラインナップを全て見る

 ▼この商品は【全5種セット(フルコンプ)】です。

 大人気洋服ブランド「pom ponette(ポンポネット)」より、フィギュアキーホルダーが登場！
 全種ボールチェーン付き！

 英語名：pom ponette Figure Keychain Bushiroad Creative Capsule Toy

 このシリーズには5種類のラインナップがあります。
 お届け商品は、商品名及び画像のものになります。

 ・ミントくん
 ・ピコ
 ・バニラちゃん
 ・マカロンちゃん
 ・クー

 キャラクター：ナルミヤキャラクターズ
 サイズ：全長約35-45mm
 材質：PVC,金属
 商品状態：新古品・未使用・ミニブック付属 ※カプセルは付属しません。内袋は未開封です。

 ■57651
 ■メーカー：ブシロードクリエイティブ
 ■分類：ガチャガチャ
 ■code：20260629
 ■JAN：4570194459916",https://img07.shop-pro.jp/PA01455/769/product/192426881.jpg?cmsp_timestamp=20260629142638|https://img07.shop-pro.jp/PA01455/769/product/192426881_o1.jpg?cmsp_timestamp=20260629142638|https://img07.shop-pro.jp/PA01455/769/product/192426881_o2.jpg?cmsp_timestamp=20260629142638,/Users/hong/Desktop/日本商品2/采集数据/images/192426881_M_0.jpg|/Users/hong/Desktop/日本商品2/采集数据/images/192426881_M_1.jpg|/Users/hong/Desktop/日本商品2/采集数据/images/192426881_M_2.jpg
https://shop.toysanta.jp/?pid=192400618,192400618,"ホーム > コミック・アニメ(ジャンプ) > その他(コミック・アニメ(ジャンプ))
",【全部揃ってます!!】TVアニメ『マリッジトキシン』 カードウエハース [全24種セット(フルコンプ)]【 ネコポス不可 】【C】,"5,480円(内税)",162pt,"この商品のラインナップを全て見る

 ▼この商品は【全24種セット(フルコンプ)】です。

 TVアニメ『マリッジトキシン』のカードが登場!!
 全種輝くメタリック仕様で、オリジナルの描きおろしも収録！

 【賞味期限】ラインナップ確認の為開封してますので、お菓子は付属しません。

 英語名：TV Anime Marriagetoxin Card Wafer BANDAI Collection Toy

 このシリーズには23種類+シークレット1種類のラインナップがあります。
 お届け商品は、商品名及び画像のものになります。

 ・下呂ヒカル(ノーマル)
 ・城崎メイ(ノーマル)
 ・姫川杏子(ノーマル)
 ・潮雫(ノーマル)
 ・嬉野シオリ(ノーマル)
 ・鳴子弦弥(ノーマル)
 ・嵐山キミ恵(ノーマル)
 ・中川桃壱(ノーマル)
 ・下呂ヒカル(ノーマル)
 ・城崎メイ(ノーマル)
 ・道後十四郎(ノーマル)
 ・白狐(ノーマル)
 ・花巻トシキ(ノーマル)
 ・キービジュアル(ノーマル)
 ・ティザービジュアル(ノーマル)
 ・下呂ヒカル(レア)(金箔押し)
 ・城崎メイ(レア)(金箔押し)
 ・姫川杏子(レア)(金箔押し)
 ・潮零(レア)(金箔押し)
 ・嬉野シオリ(レア)(金箔押し)
 ・鳴子弦弥(レア)(金箔押し)
 ・嵐山キミ恵(レア)(金箔押し)
 ・中川桃壱(レア)(金箔押し)
 ・シークレット(金箔押し)

 キャラクター：マリッジトキシン
 サイズ：H約83mm×W約56mm
 材質：PET,PP
 商品状態：カードのみです、お菓子及びパッケージは付属しません。

 ■57836
 ■メーカー：バンダイ
 ■分類：食玩
 ■code：20260627
 ■JAN：4570117930805",https://img07.shop-pro.jp/PA01455/769/product/192400618.jpg?cmsp_timestamp=20260626193209|https://img07.shop-pro.jp/PA01455/769/product/192400618_o1.jpg?cmsp_timestamp=20260626193209|https://img07.shop-pro.jp/PA01455/769/product/192400618_o2.jpg?cmsp_timestamp=20260626193209,/Users/hong/Desktop/日本商品2/采集数据/images/192400618_M_0.jpg|/Users/hong/Desktop/日本商品2/采集数据/images/192400618_M_1.jpg|/Users/hong/Desktop/日本商品2/采集数据/images/192400618_M_2.jpg
https://shop.toysanta.jp/?pid=192400563,192400563,"ホーム > コミック・アニメ(ジャンプ) > ドラゴンボール
",【全部揃ってます!!】DRAGON BALL SPIRITFLICKS 02 [全4種セット(フルコンプ)]【 ネコポス不可 】,"5,680円(内税)",168pt,"この商品のラインナップを全て見る

 ▼この商品は【全4種セット(フルコンプ)】です。

 DRAGON BALL SPRITFLICKS 第二弾はベジータがラインナップ！
 極限まで研ぎ澄まされた造形と塗装が、このスケールの常識を超える。
 ベジータの誇り高き眼差し、纏う気迫――そのすべてを、掌サイズに凝縮。
 「このサイズで、ここまで再現するのか」と誰もが唸る圧巻の完成度。
 真のコレクターにこそ手に取ってほしい、本気のミニフィギュア。

 英語名：DRAGON BALL SPIRITFLICKS 02 BANPRESTO PRIZE

 このシリーズには4種類のラインナップがあります。
 お届け商品は、商品名及び画像のものになります。

 ・ベジータ
 ・超サイヤ人ベジータ
 ・超ベジータ
 ・魔人ベジータ

 キャラクター：ドラゴンボール
 サイズ：全高約100-120mm
 材質：***
 商品状態：新古品, 未開封, 未使用

 ■57808
 ■メーカー：バンプレスト
 ■分類：プライズ
 ■code：20260627
 ■JAN：4573102707185",https://img07.shop-pro.jp/PA01455/769/product/192400563.jpg?cmsp_timestamp=20260626192354|https://img07.shop-pro.jp/PA01455/769/product/192400563_o1.jpg?cmsp_timestamp=20260626192354,/Users/hong/Desktop/日本商品2/采集数据/images/192400563_M_0.jpg|/Users/hong/Desktop/日本商品2/采集数据/images/192400563_M_1.jpg
https://shop.toysanta.jp/?pid=192400454,192400454,"ホーム > コミック・アニメ(その他) > その他
",【全部揃ってます!!】しろくまのいる生活2 冷感ミニマグカップコレクション [全6種セット(フルコンプ)]【 ネコポス不可 】,"2,780円(内税)",81pt,"この商品のラインナップを全て見る

 ▼この商品は【全6種セット(フルコンプ)】です。

 シリーズ第2弾はしろくまくんの絵柄が変わるミニマグカップ！

 英語名：Life with a Polar Bear Part.2 Cooling Mini Mug Collection Blue Mountain Capsule Toy

 このシリーズには5種類+シークレット1種類のラインナップがあります。
 お届け商品は、商品名及び画像のものになります。

 1 .カエル
 2 .ネコ
 3 .コアラ
 4 .レッサーパンダ
 5 .パンダ
 6 .シークレット

 キャラクター：しろくまのいる生活
 サイズ：全高約45mm
 材質：陶器
 商品状態：新古品・未使用・カプセル付属・ミニブック付属・内袋は未開封です。

 ■57526
 ■メーカー：ブルーマウンテン
 ■分類：ガチャガチャ
 ■code：20260627
 ■JAN：4580806850215",https://img07.shop-pro.jp/PA01455/769/product/192400454.jpg?cmsp_timestamp=20260626192336|https://img07.shop-pro.jp/PA01455/769/product/192400454_o1.jpg?cmsp_timestamp=20260626192336|https://img07.shop-pro.jp/PA01455/769/product/192400454_o2.jpg?cmsp_timestamp=20260626192336,/Users/hong/Desktop/日本商品2/采集数据/images/192400454_M_0.jpg|/Users/hong/Desktop/日本商品2/采集数据/images/192400454_M_1.jpg|/Users/hong/Desktop/日本商品2/采集数据/images/192400454_M_2.jpg
https://shop.toysanta.jp/?pid=192400428,192400428,"ホーム > 模型・ミニチュア > 生き物
",【全部揃ってます!!】あるひのパンダさん [全5種セット(フルコンプ)]【 ネコポス不可 】【C】,"2,500円(内税)",75pt,"この商品のラインナップを全て見る

 ▼この商品は【全5種セット(フルコンプ)】です。

 ありふれた日常を『かわいいパンダ』で擬人化！

 英語名：One day Panda-san Blue Mountain Capsule Toy

 このシリーズには5種類のラインナップがあります。
 お届け商品は、商品名及び画像のものになります。

 ・トイレでスマホ
 ・コンビニで買い物
 ・犬の散歩でアイス
 ・仕事で名刺交換
 ・サウナで整える

 キャラクター：生き物
 サイズ：全高約70mm
 材質：PVC
 商品状態：新古品・未使用・ミニブック付属 ※カプセルは付属しません。内袋は未開封です。

 ■57523
 ■メーカー：ブルーマウンテン
 ■分類：ガチャガチャ
 ■code：20260627
 ■JAN：4580806850185",https://img07.shop-pro.jp/PA01455/769/product/192400428.jpg?cmsp_timestamp=20260626192331|https://img07.shop-pro.jp/PA01455/769/product/192400428_o1.jpg?cmsp_timestamp=20260626192331|https://img07.shop-pro.jp/PA01455/769/product/192400428_o2.jpg?cmsp_timestamp=20260626192331|https://img07.shop-pro.jp/PA01455/769/product/192400428_o3.png?cmsp_timestamp=20260702170019|https://img07.shop-pro.jp/PA01455/769/product/192400428_o4.jpg?cmsp_timestamp=20260702170019|https://img07.shop-pro.jp/PA01455/769/product/192400428_o5.jpg?cmsp_timestamp=20260702170019|https://img07.shop-pro.jp/PA01455/769/product/192400428_o6.jpg?cmsp_timestamp=20260702170019|https://img07.shop-pro.jp/PA01455/769/product/192400428_o7.jpg?cmsp_timestamp=20260702170019,/Users/hong/Desktop/日本商品2/采集数据/images/192400428_M_0.jpg|/Users/hong/Desktop/日本商品2/采集数据/images/192400428_M_1.jpg|/Users/hong/Desktop/日本商品2/采集数据/images/192400428_M_2.jpg|/Users/hong/Desktop/日本商品2/采集数据/images/192400428_M_3.jpg|/Users/hong/Desktop/日本商品2/采集数据/images/192400428_M_4.jpg|/Users/hong/Desktop/日本商品2/采集数据/images/192400428_M_5.jpg|/Users/hong/Desktop/日本商品2/采集数据/images/192400428_M_6.jpg|/Users/hong/Desktop/日本商品2/采集数据/images/192400428_M_7.jpg
https://shop.toysanta.jp/?pid=192400386,192400386,"ホーム > オリジナル > クリエイター・アーティスト系
",【全部揃ってます!!】Fabric Party フェイスマスコットぬいぐるみ [全5種セット(フルコンプ)]【 ネコポス不可 】【C】,"2,100円(内税)",63pt,"この商品のラインナップを全て見る

 ▼この商品は【全5種セット(フルコンプ)】です。

 目が合う度に『にっこり』しちゃうような表情のアニマルたちがチャーミング！
 全種ボールチェーン付き！

 英語名：Fabric Party Face Mascot Plush Lian Q Labo Capsule Toy

 このシリーズには5種類のラインナップがあります。
 お届け商品は、商品名及び画像のものになります。

 ・CAT
 ・BEAR
 ・DOG
 ・PIG
 ・RABBIT

 キャラクター：Fabric Party
 サイズ：全長約62-72mm
 材質：ポリエステル,鉄
 商品状態：新古品・未使用・ミニブック付属 ※カプセルは付属しません。内袋は未開封です。

 ■57458
 ■メーカー：リアンキューラボ
 ■分類：ガチャガチャ
 ■code：20260627
 ■JAN：4582288137440",https://img07.shop-pro.jp/PA01455/769/product/192400386.jpg?cmsp_timestamp=20260626192318|https://img07.shop-pro.jp/PA01455/769/product/192400386_o1.jpg?cmsp_timestamp=20260626192318|https://img07.shop-pro.jp/PA01455/769/product/192400386_o2.jpg?cmsp_timestamp=20260626192318,/Users/hong/Desktop/日本商品2/采集数据/images/192400386_M_0.jpg|/Users/hong/Desktop/日本商品2/采集数据/images/192400386_M_1.jpg|/Users/hong/Desktop/日本商品2/采集数据/images/192400386_M_2.jpg
https://shop.toysanta.jp/?pid=192400367,192400367,"ホーム > オリジナル > クリエイター・アーティスト系
",【全部揃ってます!!】mojojojo フェイスマスコット3 [全6種セット(フルコンプ)]【 ネコポス不可 】【C】[sale260810],"2,299円(内税)",66pt,"この商品のラインナップを全て見る

 ▼この商品は【全6種セット(フルコンプ)】です。

 ぬいぐるみ作家の『mojojojo』の作品で脱力したような顔立ちが愛くるしいぬいぐるみです！
 手作り感がどこか懐かしくもあり、優しい雰囲気で癒されまくり！
 全種ボールチェーン付き！

 英語名：mojojojo Face Mascot Part.3 Lian Q Labo Capsule Toy

 このシリーズには6種類のラインナップがあります。
 お届け商品は、商品名及び画像のものになります。

 ・A
 ・B
 ・C
 ・D
 ・E
 ・F

 キャラクター：mojojojo 
 サイズ：全長約45-70mm
 材質：ポリエステル,鉄
 商品状態：新古品・未使用・ミニブック付属 ※カプセルは付属しません。内袋は未開封です。

 ■57459
 ■メーカー：リアンキューラボ
 ■分類：ガチャガチャ
 ■code：20260627
 ■JAN：4582288137525",https://img07.shop-pro.jp/PA01455/769/product/192400367.jpg?cmsp_timestamp=20260626192301|https://img07.shop-pro.jp/PA01455/769/product/192400367_o1.jpg?cmsp_timestamp=20260626192301|https://img07.shop-pro.jp/PA01455/769/product/192400367_o2.jpg?cmsp_timestamp=20260626192301|https://img07.shop-pro.jp/PA01455/769/product/192400367_o3.png?cmsp_timestamp=20260701162804|https://img07.shop-pro.jp/PA01455/769/product/192400367_o4.jpg?cmsp_timestamp=20260701162804|https://img07.shop-pro.jp/PA01455/769/product/192400367_o5.jpg?cmsp_timestamp=20260701162804|https://img07.shop-pro.jp/PA01455/769/product/192400367_o6.jpg?cmsp_timestamp=20260701162804|https://img07.shop-pro.jp/PA01455/769/product/192400367_o7.jpg?cmsp_timestamp=20260701162804|https://img07.shop-pro.jp/PA01455/769/product/192400367_o8.jpg?cmsp_timestamp=20260701162804|https://img07.shop-pro.jp/PA01455/769/product/192400367_o9.jpg?cmsp_timestamp=20260701162804|https://img07.shop-pro.jp/PA01455/769/product/192400367_o10.jpg?cmsp_timestamp=20260701162804,/Users/hong/Desktop/日本商品2/采集数据/images/192400367_M_0.jpg|/Users/hong/Desktop/日本商品2/采集数据/images/192400367_M_1.jpg|/Users/hong/Desktop/日本商品2/采集数据/images/192400367_M_2.jpg|/Users/hong/Desktop/日本商品2/采集数据/images/192400367_M_3.jpg|/Users/hong/Desktop/日本商品2/采集数据/images/192400367_M_4.jpg|/Users/hong/Desktop/日本商品2/采集数据/images/192400367_M_5.jpg|/Users/hong/Desktop/日本商品2/采集数据/images/192400367_M_6.jpg|/Users/hong/Desktop/日本商品2/采集数据/images/192400367_M_7.jpg|/Users/hong/Desktop/日本商品2/采集数据/images/192400367_M_8.jpg|/Users/hong/Desktop/日本商品2/采集数据/images/192400367_M_9.jpg|/Users/hong/Desktop/日本商品2/采集数据/images/192400367_M_10.jpg
https://shop.toysanta.jp/?pid=192400359,192400359,"ホーム > 模型・ミニチュア > その他
",【全部揃ってます!!】どこでもいっしょ♪あにまるリュック5 [全5種セット(フルコンプ)]【 ネコポス不可 】【C】,"2,100円(内税)",63pt,"この商品のラインナップを全て見る

 ▼この商品は【全5種セット(フルコンプ)】です。

 大人気のあにまるリュック第5弾！
 今回はクリアラメ仕様でキラキラかわいい☆
 お手持ちのフィギュアを入れて一緒にお出かけしよう♪
 全種ボールチェーン付き！

 英語名：Dokodemo Issho Animal Backpack Part.5 J.DREAM Capsule Toy

 このシリーズには5種類のラインナップがあります。
 お届け商品は、商品名及び画像のものになります。

 ・ピンク
 ・イエロー
 ・グリーン
 ・ブルー
 ・グレー

 キャラクター：模型
 サイズ：全長約55mm
 材質：ABS,PS,ポリエステル
 商品状態：新古品・未使用・ミニブック付属 ※カプセルは付属しません。内袋は未開封です。

 ■57559
 ■メーカー：J.DREAM
 ■分類：ガチャガチャ
 ■code：20260627
 ■JAN：4571660580219",https://img07.shop-pro.jp/PA01455/769/product/192400359.jpg?cmsp_timestamp=20260626192256|https://img07.shop-pro.jp/PA01455/769/product/192400359_o1.jpg?cmsp_timestamp=20260626192256|https://img07.shop-pro.jp/PA01455/769/product/192400359_o2.jpg?cmsp_timestamp=20260626192256,/Users/hong/Desktop/日本商品2/采集数据/images/192400359_M_0.jpg|/Users/hong/Desktop/日本商品2/采集数据/images/192400359_M_1.jpg|/Users/hong/Desktop/日本商品2/采集数据/images/192400359_M_2.jpg
https://shop.toysanta.jp/?pid=192400344,192400344,"ホーム > 模型・ミニチュア > その他
",【全部揃ってます!!】あの頃のキラキラサンダルマスコット [全5種セット(フルコンプ)]【ネコポス配送対応】【C】[sale260722],999円(内税),27pt,"フォトレビューはこちら(トイサンタのブログへ移動します)


この商品のラインナップを全て見る

 ▼この商品は【全5種セット(フルコンプ)】です。

 懐かしのキラキラサンダルがミニチュアになりました！
 リボンパーツがついていてかわいい！
 BIGサイズで存在感も抜群！
 ポーチやシール帳につけて持ち歩いちゃおう♪
 全種ボールチェーン付き！

 英語名：Anokoro no kirakira Sandal Mascot J.DREAM Capsule Toy

 このシリーズには5種類のラインナップがあります。
 お届け商品は、商品名及び画像のものになります。

 ・ピンク
 ・イエロー
 ・ブルー
 ・パープル
 ・ブラック

 キャラクター：模型
 サイズ：全長約45mm
 材質：ABS,紙
 商品状態：新古品・未使用・ミニブック付属 ※カプセルは付属しません。内袋は未開封です。

 ■57557
 ■メーカー：J.DREAM
 ■分類：ガチャガチャ
 ■code：20260627
 ■JAN：4571660580189",https://img07.shop-pro.jp/PA01455/769/product/192400344.jpg?cmsp_timestamp=20260626192247|https://img07.shop-pro.jp/PA01455/769/product/192400344_o1.jpg?cmsp_timestamp=20260626192247|https://img07.shop-pro.jp/PA01455/769/product/192400344_o2.jpg?cmsp_timestamp=20260626192247|https://img07.shop-pro.jp/PA01455/769/product/192400344_o3.png?cmsp_timestamp=20260701164633|https://img07.shop-pro.jp/PA01455/769/product/192400344_o4.jpg?cmsp_timestamp=20260701164633|https://img07.shop-pro.jp/PA01455/769/product/192400344_o5.jpg?cmsp_timestamp=20260701164633|https://img07.shop-pro.jp/PA01455/769/product/192400344_o6.jpg?cmsp_timestamp=20260701164633|https://img07.shop-pro.jp/PA01455/769/product/192400344_o7.jpg?cmsp_timestamp=20260701164633|https://img07.shop-pro.jp/PA01455/769/product/192400344_o8.jpg?cmsp_timestamp=20260701164633|https://img07.shop-pro.jp/PA01455/769/product/192400344_o9.jpg?cmsp_timestamp=20260701164633|https://img07.shop-pro.jp/PA01455/769/product/192400344_o10.jpg?cmsp_timestamp=20260701164633|https://img07.shop-pro.jp/PA01455/769/product/192400344_o11.jpg?cmsp_timestamp=20260701164633|https://img07.shop-pro.jp/PA01455/769/product/192400344_o12.jpg?cmsp_timestamp=20260701164633|https://img07.shop-pro.jp/PA01455/769/product/192400344_o13.jpg?cmsp_timestamp=20260701164633|https://img07.shop-pro.jp/PA01455/769/product/192400344_o14.jpg?cmsp_timestamp=20260701164633|https://img07.shop-pro.jp/PA01455/769/product/192400344_o15.jpg?cmsp_timestamp=20260701164633|https://img07.shop-pro.jp/PA01455/769/product/192400344_o16.jpg?cmsp_timestamp=20260701164633|https://img07.shop-pro.jp/PA01455/769/product/192400344_o17.jpg?cmsp_timestamp=20260701164633|https://img07.shop-pro.jp/PA01455/769/product/192400344_o18.jpg?cmsp_timestamp=20260701164633|https://img07.shop-pro.jp/PA01455/769/product/192400344_o19.jpg?cmsp_timestamp=20260701164633|https://img07.shop-pro.jp/PA01455/769/product/192400344_o20.jpg?cmsp_timestamp=20260701164633|https://img07.shop-pro.jp/PA01455/769/product/192400344_o21.jpg?cmsp_timestamp=20260701164633|https://img07.shop-pro.jp/PA01455/769/product/192400344_o22.jpg?cmsp_timestamp=20260701164633|https://img07.shop-pro.jp/PA01455/769/product/192400344_o23.jpg?cmsp_timestamp=20260701164633|https://img07.shop-pro.jp/PA01455/769/product/192400344_o24.jpg?cmsp_timestamp=20260701164633|https://img07.shop-pro.jp/PA01455/769/product/192400344_o25.jpg?cmsp_timestamp=20260701164633|https://img07.shop-pro.jp/PA01455/769/product/192400344_o26.jpg?cmsp_timestamp=20260701164633|https://img07.shop-pro.jp/PA01455/769/product/192400344_o27.jpg?cmsp_timestamp=20260701164633,/Users/hong/Desktop/日本商品2/采集数据/images/192400344_M_0.jpg|/Users/hong/Desktop/日本商品2/采集数据/images/192400344_M_1.jpg|/Users/hong/Desktop/日本商品2/采集数据/images/192400344_M_2.jpg|/Users/hong/Desktop/日本商品2/采集数据/images/192400344_M_3.jpg|/Users/hong/Desktop/日本商品2/采集数据/images/192400344_M_4.jpg|/Users/hong/Desktop/日本商品2/采集数据/images/192400344_M_5.jpg|/Users/hong/Desktop/日本商品2/采集数据/images/192400344_M_6.jpg|/Users/hong/Desktop/日本商品2/采集数据/images/192400344_M_7.jpg|/Users/hong/Desktop/日本商品2/采集数据/images/192400344_M_8.jpg|/Users/hong/Desktop/日本商品2/采集数据/images/192400344_M_9.jpg|/Users/hong/Desktop/日本商品2/采集数据/images/192400344_M_10.jpg|/Users/hong/Desktop/日本商品2/采集数据/images/192400344_M_11.jpg|/Users/hong/Desktop/日本商品2/采集数据/images/192400344_M_12.jpg|/Users/hong/Desktop/日本商品2/采集数据/images/192400344_M_13.jpg|/Users/hong/Desktop/日本商品2/采集数据/images/192400344_M_14.jpg|/Users/hong/Desktop/日本商品2/采集数据/images/192400344_M_15.jpg|/Users/hong/Desktop/日本商品2/采集数据/images/192400344_M_16.jpg|/Users/hong/Desktop/日本商品2/采集数据/images/192400344_M_17.jpg|/Users/hong/Desktop/日本商品2/采集数据/images/192400344_M_18.jpg|/Users/hong/Desktop/日本商品2/采集数据/images/192400344_M_19.jpg|/Users/hong/Desktop/日本商品2/采集数据/images/192400344_M_20.jpg|/Users/hong/Desktop/日本商品2/采集数据/images/192400344_M_21.jpg|/Users/hong/Desktop/日本商品2/采集数据/images/192400344_M_22.jpg|/Users/hong/Desktop/日本商品2/采集数据/images/192400344_M_23.jpg|/Users/hong/Desktop/日本商品2/采集数据/images/192400344_M_24.jpg|/Users/hong/Desktop/日本商品2/采集数据/images/192400344_M_25.jpg|/Users/hong/Desktop/日本商品2/采集数据/images/192400344_M_26.jpg|/Users/hong/Desktop/日本商品2/采集数据/images/192400344_M_27.jpg
https://shop.toysanta.jp/?pid=192400319,192400319,"ホーム > コミック・アニメ(その他) > ポケットモンスター
",【全部揃ってます!!】ポケモン まんぷくぱくぱくマスコット4 [全4種セット(フルコンプ)]【 ネコポス不可 】【C】,"1,300円(内税)",39pt,"この商品のラインナップを全て見る

 ▼この商品は【全4種セット(フルコンプ)】です。

 おいしそうに【きのみ】を食べている姿を立体化した、ポケモンのマスコットシリーズの第4弾。
 もぐもぐ食べる姿はどれも個性的なポージングで、どれもチャーミング！

 英語名：Pokemon Manpuku Pakupaku Mascot Part.4 TakaraTomyArts Capsule Toy


 このシリーズには4種類のラインナップがあります。
 お届け商品は、商品名及び画像のものになります。

 ・イーブイ
 ・リオル
 ・カビゴン
 ・モルペコ(はらぺこもよう)

 キャラクター：ポケットモンスター
 サイズ：全高約30-45mm
 材質：PVC
 商品状態：新古品・未使用・ミニブック付属 ※カプセルは付属しません。内袋は未開封です。

 ■57663
 ■メーカー：タカラトミーアーツ
 ■分類：ガチャガチャ
 ■code：20260627
 ■JAN：4904790099588",https://img07.shop-pro.jp/PA01455/769/product/192400319.jpg?cmsp_timestamp=20260626192231|https://img07.shop-pro.jp/PA01455/769/product/192400319_o1.jpg?cmsp_timestamp=20260626192231|https://img07.shop-pro.jp/PA01455/769/product/192400319_o2.jpg?cmsp_timestamp=20260626192231|https://img07.shop-pro.jp/PA01455/769/product/192400319_o3.png?cmsp_timestamp=20260702165236|https://img07.shop-pro.jp/PA01455/769/product/192400319_o4.jpg?cmsp_timestamp=20260702165236|https://img07.shop-pro.jp/PA01455/769/product/192400319_o5.jpg?cmsp_timestamp=20260702165236|https://img07.shop-pro.jp/PA01455/769/product/192400319_o6.jpg?cmsp_timestamp=20260702165236|https://img07.shop-pro.jp/PA01455/769/product/192400319_o7.jpg?cmsp_timestamp=20260702165236|https://img07.shop-pro.jp/PA01455/769/product/192400319_o8.jpg?cmsp_timestamp=20260702165236|https://img07.shop-pro.jp/PA01455/769/product/192400319_o9.jpg?cmsp_timestamp=20260702165236,/Users/hong/Desktop/日本商品2/采集数据/images/192400319_M_0.jpg|/Users/hong/Desktop/日本商品2/采集数据/images/192400319_M_1.jpg|/Users/hong/Desktop/日本商品2/采集数据/images/192400319_M_2.jpg|/Users/hong/Desktop/日本商品2/采集数据/images/192400319_M_3.jpg|/Users/hong/Desktop/日本商品2/采集数据/images/192400319_M_4.jpg|/Users/hong/Desktop/日本商品2/采集数据/images/192400319_M_5.jpg|/Users/hong/Desktop/日本商品2/采集数据/images/192400319_M_6.jpg|/Users/hong/Desktop/日本商品2/采集数据/images/192400319_M_7.jpg|/Users/hong/Desktop/日本商品2/采集数据/images/192400319_M_8.jpg|/Users/hong/Desktop/日本商品2/采集数据/images/192400319_M_9.jpg
https://shop.toysanta.jp/?pid=192400313,192400313,"ホーム > キャラクター > サンリオ
",【全部揃ってます!!】サンリオキャラクターズ ファッションリング オーロラコレクション [全10種セット(フルコンプ)]【 ネコポス不可 】【C】,"4,500円(内税)",135pt,"この商品のラインナップを全て見る

 ▼この商品は【全10種セット(フルコンプ)】です。

 つやつやうるうるしたクリア素材の質感がかわいい、サンリオキャラクターズのフェイス型ファッションリングです。
 オーロラクリアver.とクリアver.の2タイプあり、オーロラver.は光の反射で表情が変わります。

 英語名：Sanrio Characters Fashion Ring Aurora Collection TakaraTomyArts Capsule Toy

 このシリーズには10種類のラインナップがあります。
 お届け商品は、商品名及び画像のものになります。

 ・レア：ハローキティ(オーロラクリアver.)
 ・レア：マイメロディ(オーロラクリアver.)
 ・レア：クロミ(オーロラクリアver.)
 ・レア：シナモロール(オーロラクリアver.)
 ・レア：ポムポムプリン(オーロラクリアver.)
 ・ハローキティ(クリアver.)
 ・マイメロディ(クリアver.)
 ・クロミ(クリアver.)
 ・シナモロール(クリアver.)
 ・ポムポムプリン(クリアver.)

 キャラクター：サンリオ
 サイズ：全長約30-40mm
 材質：PVC
 商品状態：新古品・未使用・ミニブック付属 ※カプセルは付属しません。内袋は未開封です。

 ■57669
 ■メーカー：タカラトミーアーツ
 ■分類：ガチャガチャ
 ■code：20260627
 ■JAN：4904790906664",https://img07.shop-pro.jp/PA01455/769/product/192400313.jpg?cmsp_timestamp=20260626192226|https://img07.shop-pro.jp/PA01455/769/product/192400313_o1.jpg?cmsp_timestamp=20260626192226|https://img07.shop-pro.jp/PA01455/769/product/192400313_o2.jpg?cmsp_timestamp=20260626192226,/Users/hong/Desktop/日本商品2/采集数据/images/192400313_M_0.jpg|/Users/hong/Desktop/日本商品2/采集数据/images/192400313_M_1.jpg|/Users/hong/Desktop/日本商品2/采集数据/images/192400313_M_2.jpg
https://shop.toysanta.jp/?pid=192400283,192400283,"ホーム > コミック・アニメ(ジャンプ) > NARUTO -ナルト-
",【全部揃ってます!!】ちょこりんコレクション NARUTO ナルト [全6種セット(フルコンプ)]【 ネコポス不可 】,"5,610円(内税)",168pt,"この商品のラインナップを全て見る

 ▼この商品は【全6種セット(フルコンプ)】です。

 『ちょこりんマスコット』が『ちょこりんコレクション』にちょこっとブランドリニューアル！
 ゆるっとしたデフォルメ感と、ちょこっとサイズが可愛いマスコット「ちょこりん」をコレクションしていこう！
 一緒におでかけしたり、写真を撮ったり、様々なシチュエーションで楽しむことができるアイテムです。
 付属の専用台座で自立も可能です。

 英語名：Chokorin Collection NARUTO MegaHouse Collection Toy

 このシリーズには6種類のラインナップがあります。
 お届け商品は、商品名及び画像のものになります。

 ・うずまきナルト
 ・うちはサスケ　
 ・春野サクラ
 ・はたけカカシ
 ・奈良シカマル
 ・我愛羅

 キャラクター：NARUTO ナルト
 サイズ：全高約50-55mm
 材質：PVC
 商品状態：新品未開封。

 ■58251
 ■メーカー：メガハウス
 ■分類：BOXフィギュア
 ■code：20260627
 ■JAN：4535123847615",https://img07.shop-pro.jp/PA01455/769/product/192400283.jpg?cmsp_timestamp=20260626192207|https://img07.shop-pro.jp/PA01455/769/product/192400283_o1.jpg?cmsp_timestamp=20260626192207|https://img07.shop-pro.jp/PA01455/769/product/192400283_o2.jpg?cmsp_timestamp=20260626192207,/Users/hong/Desktop/日本商品2/采集数据/images/192400283_M_0.jpg|/Users/hong/Desktop/日本商品2/采集数据/images/192400283_M_1.jpg|/Users/hong/Desktop/日本商品2/采集数据/images/192400283_M_2.jpg
https://shop.toysanta.jp/?pid=192400273,192400273,"ホーム > キャラクター > サンリオ
",【送料無料】【全部揃ってます!!】サンリオキャラクターズ キラッキラ★ペンダントVol.2 [全20種セット(フルコンプ)]【 ネコポス不可 】【C】,"13,980円(内税)",417pt,"この商品のラインナップを全て見る

 ▼この商品は【全20種セット(フルコンプ)】です。

 キラッキラ★のラインストーンが付いた、サンリオキャラクターズの「キラッキラペンダント」第2弾が登場！
 チェーンは長さが変えられるので、ペンダントとしてはもちろんチャームとしてカバンなどにも付けられます。
 キャラクターは「マイメロディ」「クロミ」「シナモロール」「リトルツインスターズ」「ポムポムプリン」で、それぞれ4色のカラーバリエーションです(全20種)。

 【賞味期限】ガムの為記載はありません。

 ※配送方法によっては、箱を折りたたみ発送します。

 英語名：Sanrio Characters Kirakkira Pendant Vol.2 TakaraTomyArts Collection Toy

 このシリーズには20種類のラインナップがあります。
 お届け商品は、商品名及び画像のものになります。

 1 .マイメロディ(ピンクメッキ)
 2 .マイメロディ(シルバーメッキ)
 3 .マイメロディ(ライトブルーラメ入り)
 4 .マイメロディ(ビタミンイエロー)
 5 .シナモロール(ピンクメッキ)
 6 .シナモロール(シルバーメッキ)
 7 .シナモロール(ライトブルーラメ入り)
 8 .シナモロール(ビタミンイエロー)
 9 .ポムポムプリン(ピンクメッキ)
 10 .ポムポムプリン(シルバーメッキ)
 11 .ポムポムプリン(ライトブルーラメ入り)
 12 .ポムポムプリン(ビタミンイエロー)
 13 .クロミ(ピンクメッキ)
 14 .クロミ(シルバーメッキ)
 15 .クロミ(ライトブルーラメ入り)
 16 .クロミ(ビタミンイエロー)
 17 .リトルツインスターズ(ピンクメッキ)
 18 .リトルツインスターズ(シルバーメッキ)
 19 .リトルツインスターズ(ライトブルーラメ入り)
 20 .リトルツインスターズ(ビタミンイエロー)

 キャラクター：サンリオ
 サイズ：全長約33-41mm
 材質：PS,ABS,PMMA,アルミニウム
 商品状態：ペンダントのみです、お菓子及びパッケージは付属しません。

 ■57817
 ■メーカー：タカラトミーアーツ
 ■分類：食玩
 ■code：20260627
 ■JAN：4904790110887",https://img07.shop-pro.jp/PA01455/769/product/192400273.jpg?cmsp_timestamp=20260626192158|https://img07.shop-pro.jp/PA01455/769/product/192400273_o1.jpg?cmsp_timestamp=20260626192158|https://img07.shop-pro.jp/PA01455/769/product/192400273_o2.jpg?cmsp_timestamp=20260626192158,/Users/hong/Desktop/日本商品2/采集数据/images/192400273_M_0.jpg|/Users/hong/Desktop/日本商品2/采集数据/images/192400273_M_1.jpg|/Users/hong/Desktop/日本商品2/采集数据/images/192400273_M_2.jpg
https://shop.toysanta.jp/?pid=192400225,192400225,"ホーム > キャラクター > リラックマ
",【送料無料】【全部揃ってます!!】リラックマ カードウエハース [全30種セット(フルコンプ)]【 ネコポス不可 】【C】,"8,980円(内税)",267pt,"この商品のラインナップを全て見る

 ▼この商品は【全30種セット(フルコンプ)】です。

 リラックマのカードが登場！
 歴代リラックマのテーマより全30種のラインナップ！
 レアカードはチャイロイコグマ10周年のお祝いカードで、金色箔押し仕様です。

 【賞味期限】ラインナップ確認の為開封してますので、お菓子は付属しません。

 英語名：Rilakkuma Card Wafer BANDAI Collection Toy

 このシリーズには30種類のラインナップがあります。
 お届け商品は、商品名及び画像のものになります。

 ・No.01
 ・No.02
 ・No.03
 ・No.04
 ・No.05
 ・No.06
 ・No.07
 ・No.08
 ・No.09
 ・No.10
 ・No.11
 ・No.12
 ・No.13
 ・No.14
 ・No.15
 ・No.16
 ・No.17
 ・No.18
 ・No.19
 ・No.20
 ・No.21
 ・No.22
 ・No.23
 ・No.24
 ・No.25
 ・No.26
 ・No.27
 ・No.28
 ・No.29(箔押し仕様)
 ・No.30(箔押し仕様)

 キャラクター：リラックマ
 サイズ：H約86mm×W約59mm
 材質：PP,PET
 商品状態：カードのみです、お菓子及びパッケージは付属しません。

 ■57835
 ■メーカー：バンダイ
 ■分類：食玩
 ■code：20260627
 ■JAN：4570117933325",https://img07.shop-pro.jp/PA01455/769/product/192400225.jpg?cmsp_timestamp=20260626192125|https://img07.shop-pro.jp/PA01455/769/product/192400225_o1.jpg?cmsp_timestamp=20260626192125|https://img07.shop-pro.jp/PA01455/769/product/192400225_o2.jpg?cmsp_timestamp=20260626192125,/Users/hong/Desktop/日本商品2/采集数据/images/192400225_M_0.jpg|/Users/hong/Desktop/日本商品2/采集数据/images/192400225_M_1.jpg|/Users/hong/Desktop/日本商品2/采集数据/images/192400225_M_2.jpg
https://shop.toysanta.jp/?pid=192400193,192400193,"ホーム > キャラクター > NHK教育関連
",【送料無料】【全部揃ってます!!】にふぉるめーしょん 忍たま乱太郎シールウエハースの段 [全31種セット(フルコンプ)]【 ネコポス不可 】【C】,"8,480円(内税)",252pt,"この商品のラインナップを全て見る

 ▼この商品は【全31種セット(フルコンプ)】です。

 『忍たま乱太郎』のオリジナル描き起こしイラストのシールが登場！
 一年は組が、全員収録されているだけでなく、四年生、五年生、六年生の集合イラスト等で、様々な忍たまたちをラインナップ!!

 【賞味期限】ラインナップ確認の為開封してますので、お菓子は付属しません。

 英語名：Niforamtion Nintama Rantaro Seal Wafer BANDAI Collection Toy

 このシリーズには30種類+シークレット1種類のラインナップがあります。
 お届け商品は、商品名及び画像のものになります。

 1.猪名寺乱太郎(ノーマル)
 2.摂津のきり丸(ノーマル)
 3.福富しんべヱ(ノーマル)
 4.黒木庄左ヱ門(ノーマル)
 5.二郭伊助(ノーマル)
 6.山村喜三太(ノーマル)
 7.皆本金吾(ノーマル)
 8.加藤団蔵(ノーマル)
 9.佐武虎若(ノーマル)
 10.笹山兵太夫(ノーマル)
 11.夢前三治郎(ノーマル)
 12.忍術学園四年生(レア)
 13.忍術学園五年生(レア)
 14.忍術学園六年生(レア)
 15.潮江文次郎(スーパーレア)
 16.立花仙蔵(スーパーレア)
 17.中在家長次(スーパーレア)
 18.七松小平太(スーパーレア)
 19.善法寺伊作(スーパーレア)
 20.食満留三郎(スーパーレア)
 21.土井半助(ウルトラレア)
 22.山田伝蔵(ウルトラレア)
 23.学園長＆ヘムヘム(レア)
 24.小松田秀作(レア)
 25.山田利吉(ウルトラレア)
 26.稗田八方斎(ウルトラレア)
 27.雑渡昆奈門(ウルトラレア)
 28.諸泉尊奈門(レア)
 29.乱太郎・きり丸・しんべヱ(ごほうびレア)
 30.タソガレドキ忍軍(ごほうびレア)
 31.シークレット

 キャラクター：忍たま乱太郎
 サイズ：H約52mm×W約52mm
 材質：N,R,SR：PET
 商品状態：シールのみです、お菓子及びパッケージは付属しません。

 ■57834
 ■メーカー：バンダイ
 ■分類：食玩
 ■code：20260627
 ■JAN：4570117928536",https://img07.shop-pro.jp/PA01455/769/product/192400193.jpg?cmsp_timestamp=20260626192103|https://img07.shop-pro.jp/PA01455/769/product/192400193_o1.jpg?cmsp_timestamp=20260626192103|https://img07.shop-pro.jp/PA01455/769/product/192400193_o2.jpg?cmsp_timestamp=20260626192103,/Users/hong/Desktop/日本商品2/采集数据/images/192400193_M_0.jpg|/Users/hong/Desktop/日本商品2/采集数据/images/192400193_M_1.jpg|/Users/hong/Desktop/日本商品2/采集数据/images/192400193_M_2.jpg
https://shop.toysanta.jp/?pid=192386012,192386012,"ホーム > コミック・アニメ(その他) > ガンダム
",【送料無料】【全部揃ってます!!】MEGA CAT PROJECT 機動戦士ガンダム 機動戦士ニャンダム☆LUCKYCAT [全6種セット(フルコンプ)]【 ネコポス不可 】,"9,900円(内税)",297pt,"この商品のラインナップを全て見る

 ▼この商品は【全6種セット(フルコンプ)】です。

 大好評な「機動戦士ニャンダム」から招き猫verの登場です。 
 今回はMSを中心にラインナップ。集めるだけで運気も急上昇しそうなアイテムです。
 段ボール、金魚鉢からもマスコットは分離するのでコックピットを変えて楽しめる仕様です。

 英語名：MEGA CAT PROJECT Mobile Suit Gundam Mobile Suit Nyandam LUCKYCAT MegaHouse Collection Toy

 このシリーズには6種類のラインナップがあります。
 お届け商品は、商品名及び画像のものになります。

 ・ガンダム
 ・ガンキャノン
 ・ジム
 ・ザク
 ・シャア専用ズコック
 ・ジオング

 キャラクター：機動戦士ガンダム
 サイズ：全高約60mm
 材質：***
 商品状態：新品未開封。

 ■58249
 ■メーカー：メガハウス
 ■分類：BOXフィギュア
 ■code：20260626
 ■JAN：4535123847516",https://img07.shop-pro.jp/PA01455/769/product/192386012.jpg?cmsp_timestamp=20260626093905|https://img07.shop-pro.jp/PA01455/769/product/192386012_o1.jpg?cmsp_timestamp=20260626093905|https://img07.shop-pro.jp/PA01455/769/product/192386012_o2.jpg?cmsp_timestamp=20260626093905,/Users/hong/Desktop/日本商品2/采集数据/images/192386012_M_0.jpg|/Users/hong/Desktop/日本商品2/采集数据/images/192386012_M_1.jpg|/Users/hong/Desktop/日本商品2/采集数据/images/192386012_M_2.jpg
https://shop.toysanta.jp/?pid=192386004,192386004,"ホーム > コミック・アニメ(ジャンプ) > 銀魂
",【送料無料】【全部揃ってます!!】銀魂×大川ぶくぶ 銀魂 銀さん大好き☆コレクション [全6種セット(フルコンプ)]【 ネコポス不可 】,"11,220円(内税)",336pt,"この商品のラインナップを全て見る

 ▼この商品は【全6種セット(フルコンプ)】です。

 キセキのコラボ企画「銀魂×大川ぶくぶ」がついに立体化しました。 
 商品名どおり「銀さん」だけのコレクションフィギュアになっております。 
 強烈なエピソードの衣装を中心にオシャレ銀さんが6種ラインアップしてます。

 英語名：Gintama x Bkub Okawa Gintama Gin-san Daisuki Collection MegaHouse Collection Toy

 このシリーズには5種類+シークレット1種類のラインナップがあります。
 お届け商品は、商品名及び画像のものになります。

 ・銀さん
 ・銀さん(パー子)
 ・銀さん(虫取り)
 ・銀さん(真選組)
 ・銀さん(床屋)
 ・シークレット

 キャラクター：銀魂
 サイズ：全高約90-100mm
 材質：***
 商品状態：新品未開封。

 ■58248
 ■メーカー：メガハウス
 ■分類：BOXフィギュア
 ■code：20260626
 ■JAN：4535123847493",https://img07.shop-pro.jp/PA01455/769/product/192386004.jpg?cmsp_timestamp=20260626093858|https://img07.shop-pro.jp/PA01455/769/product/192386004_o1.jpg?cmsp_timestamp=20260626093858|https://img07.shop-pro.jp/PA01455/769/product/192386004_o2.jpg?cmsp_timestamp=20260626093858,/Users/hong/Desktop/日本商品2/采集数据/images/192386004_M_0.jpg|/Users/hong/Desktop/日本商品2/采集数据/images/192386004_M_1.jpg|/Users/hong/Desktop/日本商品2/采集数据/images/192386004_M_2.jpg
https://shop.toysanta.jp/?pid=192385997,192385997,"ホーム > 模型・ミニチュア > その他
",【全部揃ってます!!】テンションあげあげ↑↑アニマルガールズケープ☆ [全5種セット(フルコンプ)]【ネコポス配送対応】【C】,"2,600円(内税)",78pt,"この商品のラインナップを全て見る

 ▼この商品は【全5種セット(フルコンプ)】です。

 元気とパワー溢れる！ド派手で可愛い新作ケープの登場です！
 フード部分には髪の毛フェルトが付いており、ヒョウ柄やハイビスカスなど懐かしのデザイン！

 英語名：Tension age age Animal Girls Cape PROOF Capsule Toy

 このシリーズには5種類のラインナップがあります。
 お届け商品は、商品名及び画像のものになります。

 ・ぴんく☆くまっち
 ・きいろ☆くまっち
 ・しろ☆うさぴょん
 ・きいろ☆うさぴょん
 ・超ぴんく☆くまっち

 キャラクター：模型
 サイズ：全長約100mm
 材質：ポリエステル
 商品状態：新古品・未使用・ミニブック付属 ※カプセルは付属しません。内袋は未開封です。

 ■57455
 ■メーカー：PROOF
 ■分類：ガチャガチャ
 ■code：20260626
 ■JAN：4580642504006",https://img07.shop-pro.jp/PA01455/769/product/192385997.jpg?cmsp_timestamp=20260626093852|https://img07.shop-pro.jp/PA01455/769/product/192385997_o1.jpg?cmsp_timestamp=20260626093852|https://img07.shop-pro.jp/PA01455/769/product/192385997_o2.jpg?cmsp_timestamp=20260626093852,/Users/hong/Desktop/日本商品2/采集数据/images/192385997_M_0.jpg|/Users/hong/Desktop/日本商品2/采集数据/images/192385997_M_1.jpg|/Users/hong/Desktop/日本商品2/采集数据/images/192385997_M_2.jpg
https://shop.toysanta.jp/?pid=192385991,192385991,"ホーム > 模型・ミニチュア > 生き物
",【全部揃ってます!!】トイプーのモコフィーふわふわおかおヘアクリップ [全4種セット(フルコンプ)]【 ネコポス不可 】【C】,"1,700円(内税)",51pt,"この商品のラインナップを全て見る

 ▼この商品は【全4種セット(フルコンプ)】です。

 両面にふわふわモコフィーのマスコットが付いたヘアクリップが登場！
 髪をまとめるとキャラクターが目立ってとっても可愛い♪
 ヘアアレンジのポイントにぴったりのアイテムです！

 英語名：Toy poodle Mocofy Fuwafuwa Face Hair Clip Amuse Capsule Toy

 このシリーズには4種類のラインナップがあります。
 お届け商品は、商品名及び画像のものになります。

 ・モコフィー
 ・モカフィー
 ・フワッフィー
 ・ムクフィー

 キャラクター：生き物
 サイズ：全長約65mm
 材質：ポリエステル,アクリル
 商品状態：新古品・未使用・ミニブック付属 ※カプセルは付属しません。内袋は未開封です。

 ■57450
 ■メーカー：アミューズ
 ■分類：ガチャガチャ
 ■code：20260626
 ■JAN：4534943761163",https://img07.shop-pro.jp/PA01455/769/product/192385991.jpg?cmsp_timestamp=20260626093845|https://img07.shop-pro.jp/PA01455/769/product/192385991_o1.jpg?cmsp_timestamp=20260626093845|https://img07.shop-pro.jp/PA01455/769/product/192385991_o2.jpg?cmsp_timestamp=20260626093845,/Users/hong/Desktop/日本商品2/采集数据/images/192385991_M_0.jpg|/Users/hong/Desktop/日本商品2/采集数据/images/192385991_M_1.jpg|/Users/hong/Desktop/日本商品2/采集数据/images/192385991_M_2.jpg
https://shop.toysanta.jp/?pid=192385980,192385980,"ホーム > 模型・ミニチュア > その他
",【全部揃ってます!!】もにゃい [全5種セット(フルコンプ)]【ネコポス配送対応】【C】,"1,100円(内税)",33pt,"この商品のラインナップを全て見る

 ▼この商品は【全5種セット(フルコンプ)】です。

 とある島にいるとかいないとか・・・

 英語名：Monyai Yell Capsule Toy

 このシリーズには5種類のラインナップがあります。
 お届け商品は、商品名及び画像のものになります。

 ・おてて隠さないと
 ・もう寝ます
 ・ごはんまだ？
 ・落ち着くのよね
 ・ちょっと休憩

 キャラクター：模型
 サイズ：全高約35-55mm
 材質：ATBC-PVC
 商品状態：新古品・未使用・ミニブック付属 ※カプセルは付属しません。内袋は未開封です。

 ■57460
 ■メーカー：エール
 ■分類：ガチャガチャ
 ■code：20260626
 ■JAN：4580800202287",https://img07.shop-pro.jp/PA01455/769/product/192385980.jpg?cmsp_timestamp=20260626093834|https://img07.shop-pro.jp/PA01455/769/product/192385980_o1.jpg?cmsp_timestamp=20260626093834|https://img07.shop-pro.jp/PA01455/769/product/192385980_o2.jpg?cmsp_timestamp=20260626093834,/Users/hong/Desktop/日本商品2/采集数据/images/192385980_M_0.jpg|/Users/hong/Desktop/日本商品2/采集数据/images/192385980_M_1.jpg|/Users/hong/Desktop/日本商品2/采集数据/images/192385980_M_2.jpg
https://shop.toysanta.jp/?pid=192385969,192385969,"ホーム > オリジナル > クリエイター・アーティスト系
",【全部揃ってます!!】Plum's フィギュアコレクション [全4種セット(フルコンプ)]【 ネコポス不可 】【C】,"2,100円(内税)",63pt,"この商品のラインナップを全て見る

 ▼この商品は【全4種セット(フルコンプ)】です。

 かわいいだけじゃない、深みのある魅力が人気のぬいぐるみ作品たちがフィギュアとなって登場します。
 首・腕・脚が動く！
 ※デザインの都合上「いとしのモモコ」の首は動きません。

 英語名：Plum's Figure Collection Yell Capsule Toy

 このシリーズには4種類のラインナップがあります。
 お届け商品は、商品名及び画像のものになります。

 ・いとしのモモコ
 ・Teddy-B Type Justin
 ・陽気なチンパン
 ・おすましイヌさん

 キャラクター：Plum's
 サイズ：全高約47-54mm
 材質：PVC
 商品状態：新古品・未使用・ミニブック付属 ※カプセルは付属しません。内袋は未開封です。

 ■57579
 ■メーカー：ケンエレファント
 ■分類：ガチャガチャ
 ■code：20260626
 ■JAN：4582783899430",https://img07.shop-pro.jp/PA01455/769/product/192385969.jpg?cmsp_timestamp=20260626093825|https://img07.shop-pro.jp/PA01455/769/product/192385969_o1.jpg?cmsp_timestamp=20260626093825|https://img07.shop-pro.jp/PA01455/769/product/192385969_o2.jpg?cmsp_timestamp=20260626093825|https://img07.shop-pro.jp/PA01455/769/product/192385969_o3.png?cmsp_timestamp=20260626205501|https://img07.shop-pro.jp/PA01455/769/product/192385969_o4.jpg?cmsp_timestamp=20260626205501|https://img07.shop-pro.jp/PA01455/769/product/192385969_o5.jpg?cmsp_timestamp=20260626205501|https://img07.shop-pro.jp/PA01455/769/product/192385969_o6.jpg?cmsp_timestamp=20260626205501|https://img07.shop-pro.jp/PA01455/769/product/192385969_o7.jpg?cmsp_timestamp=20260626205501|https://img07.shop-pro.jp/PA01455/769/product/192385969_o8.jpg?cmsp_timestamp=20260626205501|https://img07.shop-pro.jp/PA01455/769/product/192385969_o9.jpg?cmsp_timestamp=20260626205501|https://img07.shop-pro.jp/PA01455/769/product/192385969_o10.jpg?cmsp_timestamp=20260626205501,/Users/hong/Desktop/日本商品2/采集数据/images/192385969_M_0.jpg|/Users/hong/Desktop/日本商品2/采集数据/images/192385969_M_1.jpg|/Users/hong/Desktop/日本商品2/采集数据/images/192385969_M_2.jpg|/Users/hong/Desktop/日本商品2/采集数据/images/192385969_M_3.jpg|/Users/hong/Desktop/日本商品2/采集数据/images/192385969_M_4.jpg|/Users/hong/Desktop/日本商品2/采集数据/images/192385969_M_5.jpg|/Users/hong/Desktop/日本商品2/采集数据/images/192385969_M_6.jpg|/Users/hong/Desktop/日本商品2/采集数据/images/192385969_M_7.jpg|/Users/hong/Desktop/日本商品2/采集数据/images/192385969_M_8.jpg|/Users/hong/Desktop/日本商品2/采集数据/images/192385969_M_9.jpg|/Users/hong/Desktop/日本商品2/采集数据/images/192385969_M_10.jpg
https://shop.toysanta.jp/?pid=192385956,192385956,"ホーム > コミック・アニメ(その他) > その他
",【全部揃ってます!!】ンめねこ フェイスポーチ [全4種セット(フルコンプ)]【ネコポス配送対応】【C】,"2,100円(内税)",63pt,"この商品のラインナップを全て見る

 ▼この商品は【全4種セット(フルコンプ)】です。

 人気クリエイターしりもとが描く、「ンめねこ」と「うすくろ」の大きなフェイス型ポーチ！
 お顔が刺繍で豪華仕様！

 英語名：Nmeneko Face Pouch Peanuts Club Capsule Toy


 このシリーズには4種類のラインナップがあります。
 お届け商品は、商品名及び画像のものになります。

 ・ンめねこ A
 ・うすくろ A
 ・ンめねこ B
 ・うすくろ B

 キャラクター：ンめねこ
 サイズ：全長約150mm
 材質：ポリエステル,スチール
 商品状態：新古品・未使用・ミニブック付属 ※カプセルは付属しません。内袋は未開封です。

 ■57594
 ■メーカー：ピーナッツクラブ
 ■分類：ガチャガチャ
 ■code：20260626
 ■JAN：4580610323189",https://img07.shop-pro.jp/PA01455/769/product/192385956.jpg?cmsp_timestamp=20260626093813|https://img07.shop-pro.jp/PA01455/769/product/192385956_o1.jpg?cmsp_timestamp=20260626093813|https://img07.shop-pro.jp/PA01455/769/product/192385956_o2.jpg?cmsp_timestamp=20260626093813,/Users/hong/Desktop/日本商品2/采集数据/images/192385956_M_0.jpg|/Users/hong/Desktop/日本商品2/采集数据/images/192385956_M_1.jpg|/Users/hong/Desktop/日本商品2/采集数据/images/192385956_M_2.jpg
https://shop.toysanta.jp/?pid=192385945,192385945,"ホーム > 模型・ミニチュア > 生き物
",【全部揃ってます!!】もこふわトイプー さがらポーチ ver.2 [全6種セット(フルコンプ)]【ネコポス配送対応】【C】,"2,500円(内税)",75pt,"この商品のラインナップを全て見る

 ▼この商品は【全6種セット(フルコンプ)】です。

 立体刺繍でトイプー のふわふわを再現！
 わんこ好きの皆さん必見だワン♪

 英語名：Mokofuwa Toy Poodle Sagara Pouch ver.2 Peanuts Club Capsule Toy

 このシリーズには6種類のラインナップがあります。
 お届け商品は、商品名及び画像のものになります。

 ・A
 ・B
 ・C
 ・D
 ・E
 ・F

 キャラクター：生き物
 サイズ：約H95×W135×D20mm
 材質：ポリエステル,スチール
 商品状態：新古品・未使用・ミニブック付属 ※カプセルは付属しません。内袋は未開封です。

 ■57591
 ■メーカー：ピーナッツクラブ
 ■分類：ガチャガチャ
 ■code：20260626
 ■JAN：4580610322694",https://img07.shop-pro.jp/PA01455/769/product/192385945.jpg?cmsp_timestamp=20260626093802|https://img07.shop-pro.jp/PA01455/769/product/192385945_o1.jpg?cmsp_timestamp=20260626093802|https://img07.shop-pro.jp/PA01455/769/product/192385945_o2.jpg?cmsp_timestamp=20260626093802,/Users/hong/Desktop/日本商品2/采集数据/images/192385945_M_0.jpg|/Users/hong/Desktop/日本商品2/采集数据/images/192385945_M_1.jpg|/Users/hong/Desktop/日本商品2/采集数据/images/192385945_M_2.jpg
https://shop.toysanta.jp/?pid=192385938,192385938,"ホーム > キャラクター > その他
",【全部揃ってます!!】ナルミヤキャラクターズ フェイスぬいぐるみ [全4種セット(フルコンプ)]【 ネコポス不可 】【C】,"2,100円(内税)",63pt,"この商品のラインナップを全て見る

 ▼この商品は【全4種セット(フルコンプ)】です。

 今でも大人気のナルミヤキャラクターズが約7.5cmのビッグサイズなぬいぐるみになりました！
 顔は刺繍仕様で、便利なプラスチックナスカンが付いているためカバンなどにも付けやすい商品です♪

 英語名：Narumiya Characters Face Plush Toy Peanuts Club Capsule Toy

 このシリーズには4種類のラインナップがあります。
 お届け商品は、商品名及び画像のものになります。

 ・ナカムラくん
 ・ベリエちゃん
 ・ルッキー
 ・ミントくん

 キャラクター：ナルミヤキャラクターズ
 サイズ：全長約85-100mm
 材質：ポリエステル,PP,スチール
 商品状態：新古品・未使用・ミニブック付属 ※カプセルは付属しません。内袋は未開封です。

 ■57598
 ■メーカー：ピーナッツクラブ
 ■分類：ガチャガチャ
 ■code：20260626
 ■JAN：4580610323127",https://img07.shop-pro.jp/PA01455/769/product/192385938.jpg?cmsp_timestamp=20260626093755|https://img07.shop-pro.jp/PA01455/769/product/192385938_o1.jpg?cmsp_timestamp=20260626093755|https://img07.shop-pro.jp/PA01455/769/product/192385938_o2.jpg?cmsp_timestamp=20260626093755,/Users/hong/Desktop/日本商品2/采集数据/images/192385938_M_0.jpg|/Users/hong/Desktop/日本商品2/采集数据/images/192385938_M_1.jpg|/Users/hong/Desktop/日本商品2/采集数据/images/192385938_M_2.jpg
https://shop.toysanta.jp/?pid=192385926,192385926,"ホーム > コミック・アニメ(その他) > その他
",【全部揃ってます!!】タマ＆フレンズ ミニミニレトロ水筒コレクション [全6種セット(フルコンプ)]【ネコポス配送対応】【C】,"2,500円(内税)",75pt,"この商品のラインナップを全て見る

 ▼この商品は【全6種セット(フルコンプ)】です。

 昔懐かしい水筒をミニチュア化！
 実際にコップをあけて水を入れることができるよ♪
 紐付きだから、ぬいぐるみに持たせるのもおすすめ！

 英語名：Tama & Friends Mini Mini Retro Water Bottle Collection Benelic Capsule Toy

 このシリーズには6種類のラインナップがあります。
 お届け商品は、商品名及び画像のものになります。

 ・タマ
 ・ポチ
 ・トラ
 ・ベー
 ・モモ
 ・集合

 キャラクター：タマ＆フレンズ
 サイズ：約W40×H50×D20mm
 材質：PP,ABS,ポリエステル
 商品状態：新古品・未使用・ミニブック付属 ※カプセルは付属しません。内袋は未開封です。

 ■57603
 ■メーカー：ベネリック
 ■分類：ガチャガチャ
 ■code：20260626
 ■JAN：4990593549375",https://img07.shop-pro.jp/PA01455/769/product/192385926.jpg?cmsp_timestamp=20260626093746|https://img07.shop-pro.jp/PA01455/769/product/192385926_o1.jpg?cmsp_timestamp=20260626093746|https://img07.shop-pro.jp/PA01455/769/product/192385926_o2.jpg?cmsp_timestamp=20260626093746,/Users/hong/Desktop/日本商品2/采集数据/images/192385926_M_0.jpg|/Users/hong/Desktop/日本商品2/采集数据/images/192385926_M_1.jpg|/Users/hong/Desktop/日本商品2/采集数据/images/192385926_M_2.jpg
https://shop.toysanta.jp/?pid=192385881,192385881,"ホーム > キャラクター > サンリオ
",【全部揃ってます!!】サンリオキャラクターズ ミニキッズサンダル2 [全5種セット(フルコンプ)]【ネコポス配送対応】【C】,"2,100円(内税)",63pt,"この商品のラインナップを全て見る

 ▼この商品は【全5種セット(フルコンプ)】です。

 幼少期に憧れた気持ちを思い出す、キッズサンダルのミニチュア第2弾が登場！
 各キャラクターの世界感に合わせた淡いパステルカラーが可愛い♪
 ハンガーとボールチェーン付きでキーホルダーとしても使えるよ！

 英語名：Sanrio Characters Mini Kids Sandal Part.2 Benelic Capsule Toy

 このシリーズには5種類のラインナップがあります。
 お届け商品は、商品名及び画像のものになります。

 ・マイメロディ＆マイスウィートピアノ
 ・シュガーバニーズ
 ・ハミングミント
 ・ぼんぼんりぼん
 ・チャーミーキティ

 キャラクター：サンリオ
 サイズ：全長約45mm
 材質：PVC,PP,紙,鉄
 商品状態：新古品・未使用・ミニブック付属 ※カプセルは付属しません。内袋は未開封です。

 ■57609
 ■メーカー：ベネリック
 ■分類：ガチャガチャ
 ■code：20260626
 ■JAN：4990593552900",https://img07.shop-pro.jp/PA01455/769/product/192385881.jpg?cmsp_timestamp=20260626093710|https://img07.shop-pro.jp/PA01455/769/product/192385881_o1.jpg?cmsp_timestamp=20260626093710|https://img07.shop-pro.jp/PA01455/769/product/192385881_o2.jpg?cmsp_timestamp=20260626093710|https://img07.shop-pro.jp/PA01455/769/product/192385881_o3.png?cmsp_timestamp=20260626205253|https://img07.shop-pro.jp/PA01455/769/product/192385881_o4.jpg?cmsp_timestamp=20260626205253|https://img07.shop-pro.jp/PA01455/769/product/192385881_o5.jpg?cmsp_timestamp=20260626205253|https://img07.shop-pro.jp/PA01455/769/product/192385881_o6.jpg?cmsp_timestamp=20260626205253|https://img07.shop-pro.jp/PA01455/769/product/192385881_o7.jpg?cmsp_timestamp=20260626205253|https://img07.shop-pro.jp/PA01455/769/product/192385881_o8.jpg?cmsp_timestamp=20260626205253|https://img07.shop-pro.jp/PA01455/769/product/192385881_o9.jpg?cmsp_timestamp=20260626205253,/Users/hong/Desktop/日本商品2/采集数据/images/192385881_M_0.jpg|/Users/hong/Desktop/日本商品2/采集数据/images/192385881_M_1.jpg|/Users/hong/Desktop/日本商品2/采集数据/images/192385881_M_2.jpg|/Users/hong/Desktop/日本商品2/采集数据/images/192385881_M_3.jpg|/Users/hong/Desktop/日本商品2/采集数据/images/192385881_M_4.jpg|/Users/hong/Desktop/日本商品2/采集数据/images/192385881_M_5.jpg|/Users/hong/Desktop/日本商品2/采集数据/images/192385881_M_6.jpg|/Users/hong/Desktop/日本商品2/采集数据/images/192385881_M_7.jpg|/Users/hong/Desktop/日本商品2/采集数据/images/192385881_M_8.jpg|/Users/hong/Desktop/日本商品2/采集数据/images/192385881_M_9.jpg
https://shop.toysanta.jp/?pid=192385875,192385875,"ホーム > キャラクター > サンリオ
",【全部揃ってます!!】サンリオキャラクターズ シャカシャカおんぷキーホルダー [全5種セット(フルコンプ)]【ネコポス配送対応】【C】,"2,100円(内税)",63pt,"この商品のラインナップを全て見る

 ▼この商品は【全5種セット(フルコンプ)】です。

 丸い半立体の部分に、ハートと星のキラキラパーツが入っていて揺れるとシャカシャカ動くよ！
 キャラクターたちもまるで音楽のリズムに乗っているみたい♪
 全種ボールチェーン付き！

 英語名：Sanrio Characters Shaka Shaka Musical Note Keychain Benelic Capsule Toy

 このシリーズには5種類のラインナップがあります。
 お届け商品は、商品名及び画像のものになります。

 ・ハローキティ・こぎみゅん
 ・マイメロディ・クロミ
 ・シナモロール・ポムポムプリン
 ・リトルツインスターズ
 ・ポチャッコ・タキシードサム

 キャラクター：サンリオ
 サイズ：全長約90-145mm
 材質：PVC,鉄
 商品状態：新古品・未使用・ミニブック付属 ※カプセルは付属しません。内袋は未開封です。

 ■57612
 ■メーカー：ベネリック
 ■分類：ガチャガチャ
 ■code：20260626
 ■JAN：4990593546428",https://img07.shop-pro.jp/PA01455/769/product/192385875.jpg?cmsp_timestamp=20260626093703|https://img07.shop-pro.jp/PA01455/769/product/192385875_o1.jpg?cmsp_timestamp=20260626093703|https://img07.shop-pro.jp/PA01455/769/product/192385875_o2.jpg?cmsp_timestamp=20260626093703|https://img07.shop-pro.jp/PA01455/769/product/192385875_o3.png?cmsp_timestamp=20260626210406|https://img07.shop-pro.jp/PA01455/769/product/192385875_o4.jpg?cmsp_timestamp=20260626210406|https://img07.shop-pro.jp/PA01455/769/product/192385875_o5.jpg?cmsp_timestamp=20260626210406|https://img07.shop-pro.jp/PA01455/769/product/192385875_o6.jpg?cmsp_timestamp=20260626210406|https://img07.shop-pro.jp/PA01455/769/product/192385875_o7.jpg?cmsp_timestamp=20260626210406|https://img07.shop-pro.jp/PA01455/769/product/192385875_o8.jpg?cmsp_timestamp=20260626210406|https://img07.shop-pro.jp/PA01455/769/product/192385875_o9.jpg?cmsp_timestamp=20260626210406|https://img07.shop-pro.jp/PA01455/769/product/192385875_o10.jpg?cmsp_timestamp=20260626210406,/Users/hong/Desktop/日本商品2/采集数据/images/192385875_M_0.jpg|/Users/hong/Desktop/日本商品2/采集数据/images/192385875_M_1.jpg|/Users/hong/Desktop/日本商品2/采集数据/images/192385875_M_2.jpg|/Users/hong/Desktop/日本商品2/采集数据/images/192385875_M_3.jpg|/Users/hong/Desktop/日本商品2/采集数据/images/192385875_M_4.jpg|/Users/hong/Desktop/日本商品2/采集数据/images/192385875_M_5.jpg|/Users/hong/Desktop/日本商品2/采集数据/images/192385875_M_6.jpg|/Users/hong/Desktop/日本商品2/采集数据/images/192385875_M_7.jpg|/Users/hong/Desktop/日本商品2/采集数据/images/192385875_M_8.jpg|/Users/hong/Desktop/日本商品2/采集数据/images/192385875_M_9.jpg|/Users/hong/Desktop/日本商品2/采集数据/images/192385875_M_10.jpg
https://shop.toysanta.jp/?pid=192385867,192385867,"ホーム > キャラクター > サンリオ
",【全部揃ってます!!】サンリオキャラクターズ マカロンケース [全5種セット(フルコンプ)]【 ネコポス不可 】【C】,"2,100円(内税)",63pt,"この商品のラインナップを全て見る

 ▼この商品は【全5種セット(フルコンプ)】です。

 キャラクターたちが本物そっくりなマカロンに大変身！
 小物入れになっており、マカロンの下部は全て同じ形のため、好きな組み合わせにアレンジ可能♪

 英語名：Sanrio Characters Macaron Case Benelic Capsule Toy


 このシリーズには5種類のラインナップがあります。
 お届け商品は、商品名及び画像のものになります。

 ・ハローキティ
 ・マイメロディ
 ・クロミ
 ・ポムポムプリン
 ・タキシードサム

 キャラクター：サンリオ
 サイズ：全長約40mm
 材質：PVC
 商品状態：新古品・未使用・ミニブック付属 ※カプセルは付属しません。内袋は未開封です。

 ■57607
 ■メーカー：ベネリック
 ■分類：ガチャガチャ
 ■code：20260626
 ■JAN：4990593530595",https://img07.shop-pro.jp/PA01455/769/product/192385867.jpg?cmsp_timestamp=20260626093658|https://img07.shop-pro.jp/PA01455/769/product/192385867_o1.jpg?cmsp_timestamp=20260626093658|https://img07.shop-pro.jp/PA01455/769/product/192385867_o2.jpg?cmsp_timestamp=20260626093658|https://img07.shop-pro.jp/PA01455/769/product/192385867_o3.png?cmsp_timestamp=20260626210210|https://img07.shop-pro.jp/PA01455/769/product/192385867_o4.jpg?cmsp_timestamp=20260626210210|https://img07.shop-pro.jp/PA01455/769/product/192385867_o5.jpg?cmsp_timestamp=20260626210210|https://img07.shop-pro.jp/PA01455/769/product/192385867_o6.jpg?cmsp_timestamp=20260626210210|https://img07.shop-pro.jp/PA01455/769/product/192385867_o7.jpg?cmsp_timestamp=20260626210210,/Users/hong/Desktop/日本商品2/采集数据/images/192385867_M_0.jpg|/Users/hong/Desktop/日本商品2/采集数据/images/192385867_M_1.jpg|/Users/hong/Desktop/日本商品2/采集数据/images/192385867_M_2.jpg|/Users/hong/Desktop/日本商品2/采集数据/images/192385867_M_3.jpg|/Users/hong/Desktop/日本商品2/采集数据/images/192385867_M_4.jpg|/Users/hong/Desktop/日本商品2/采集数据/images/192385867_M_5.jpg|/Users/hong/Desktop/日本商品2/采集数据/images/192385867_M_6.jpg|/Users/hong/Desktop/日本商品2/采集数据/images/192385867_M_7.jpg
https://shop.toysanta.jp/?pid=192385847,192385847,"ホーム > キャラクター > その他
",【全部揃ってます!!】ケローネン ザ・カプセルトイ5 [全5種セット(フルコンプ)]【 ネコポス不可 】【C】,"2,500円(内税)",75pt,"この商品のラインナップを全て見る

 ▼この商品は【全5種セット(フルコンプ)】です。

 ケローネン ザ・カプセルトイシリーズ第5弾は、有色透明カラーの涼し気なクリアボディで登場！
 「影丸」「水丸」や「クリアモモス」など、特徴的なネーミングもポイント☆
 マシーネンクリーガー横山宏氏とタケヤマ・ノリヤ氏全面監修！

 英語名：Kerounen the Capsule Toy Part.5 Benelic Capsule Toy

 このシリーズには5種類のラインナップがあります。
 お届け商品は、商品名及び画像のものになります。

 ・影丸
 ・水丸
 ・火炎丸
 ・クリアピグミス
 ・クリアモモス

 キャラクター：ケローネン
 サイズ：全高約60mm
 材質：PVC
 商品状態：新古品・未使用・ミニブック付属 ※カプセルは付属しません。内袋は未開封です。

 ■57613
 ■メーカー：ベネリック
 ■分類：ガチャガチャ
 ■code：20260626
 ■JAN：4990593550654",https://img07.shop-pro.jp/PA01455/769/product/192385847.jpg?cmsp_timestamp=20260626093639|https://img07.shop-pro.jp/PA01455/769/product/192385847_o1.jpg?cmsp_timestamp=20260626093639|https://img07.shop-pro.jp/PA01455/769/product/192385847_o2.jpg?cmsp_timestamp=20260626093639|https://img07.shop-pro.jp/PA01455/769/product/192385847_o3.png?cmsp_timestamp=20260626205855|https://img07.shop-pro.jp/PA01455/769/product/192385847_o4.jpg?cmsp_timestamp=20260626205855|https://img07.shop-pro.jp/PA01455/769/product/192385847_o5.jpg?cmsp_timestamp=20260626205855|https://img07.shop-pro.jp/PA01455/769/product/192385847_o6.jpg?cmsp_timestamp=20260626205855|https://img07.shop-pro.jp/PA01455/769/product/192385847_o7.jpg?cmsp_timestamp=20260626205855|https://img07.shop-pro.jp/PA01455/769/product/192385847_o8.jpg?cmsp_timestamp=20260626205855|https://img07.shop-pro.jp/PA01455/769/product/192385847_o9.jpg?cmsp_timestamp=20260626205855|https://img07.shop-pro.jp/PA01455/769/product/192385847_o10.jpg?cmsp_timestamp=20260626205855,/Users/hong/Desktop/日本商品2/采集数据/images/192385847_M_0.jpg|/Users/hong/Desktop/日本商品2/采集数据/images/192385847_M_1.jpg|/Users/hong/Desktop/日本商品2/采集数据/images/192385847_M_2.jpg|/Users/hong/Desktop/日本商品2/采集数据/images/192385847_M_3.jpg|/Users/hong/Desktop/日本商品2/采集数据/images/192385847_M_4.jpg|/Users/hong/Desktop/日本商品2/采集数据/images/192385847_M_5.jpg|/Users/hong/Desktop/日本商品2/采集数据/images/192385847_M_6.jpg|/Users/hong/Desktop/日本商品2/采集数据/images/192385847_M_7.jpg|/Users/hong/Desktop/日本商品2/采集数据/images/192385847_M_8.jpg|/Users/hong/Desktop/日本商品2/采集数据/images/192385847_M_9.jpg|/Users/hong/Desktop/日本商品2/采集数据/images/192385847_M_10.jpg
https://shop.toysanta.jp/?pid=192347034,192347034,"ホーム > 模型・ミニチュア > ポーチ・バッグ
",【全部揃ってます!!】ハンディファンメッシュケース [全4種セット(フルコンプ)]【 ネコポス不可 】【C】,"2,100円(内税)",63pt,"この商品のラインナップを全て見る

 ▼この商品は【全4種セット(フルコンプ)】です。

 スナップボタン付きでバッグに簡単装着＆軽量素材なので持ち歩きの負担もなし！
 抜群の実用性で色んなシーンで大活躍!!

 英語名：Handy fan mesh case Tarlin International Capsule Toy

 このシリーズには4種類のラインナップがあります。
 お届け商品は、商品名及び画像のものになります。

 ・ミツバチ
 ・チョウ
 ・テントウムシ
 ・トンボ

 キャラクター：模型
 サイズ：約H120×W120×D45mm
 材質：ポリエステル,ナイロン,Zn,PP
 商品状態：新古品・未使用・ミニブック付属 ※カプセルは付属しません。内袋は未開封です。

 ■57718
 ■メーカー：ターリンインターナショナル
 ■分類：ガチャガチャ
 ■code：20260625
 ■JAN：4573626022474",https://img07.shop-pro.jp/PA01455/769/product/192347034.jpg?cmsp_timestamp=20260625094105|https://img07.shop-pro.jp/PA01455/769/product/192347034_o1.jpg?cmsp_timestamp=20260625094105|https://img07.shop-pro.jp/PA01455/769/product/192347034_o2.jpg?cmsp_timestamp=20260625094105,/Users/hong/Desktop/日本商品2/采集数据/images/192347034_M_0.jpg|/Users/hong/Desktop/日本商品2/采集数据/images/192347034_M_1.jpg|/Users/hong/Desktop/日本商品2/采集数据/images/192347034_M_2.jpg
https://shop.toysanta.jp/?pid=192347004,192347004,"ホーム > 模型・ミニチュア > その他
",【全部揃ってます!!】黒歴史の黒用心棒 [全6種セット(フルコンプ)]【ネコポス配送対応】【C】,"2,500円(内税)",75pt,"この商品のラインナップを全て見る

 ▼この商品は【全6種セット(フルコンプ)】です。

 ふと思い出して叫びたくなる、あんな過去やこんな過去・・・。
 誰にでもある「黒歴史(ブラック・ヒストリー)」を、闇から闇へ 葬り去る漆黒の剣客団が見参！

 英語名：Kokurekishi no Kuroyojinbo aopop Capsule Toy

 このシリーズには6種類のラインナップがあります。
 お届け商品は、商品名及び画像のものになります。

 ・邪気眼・封印
 ・深夜ポエム・抹消
 ・休み時間の地蔵・禅
 ・帰宅部・疾風
 ・顔出しNG・隠密
 ・現実逃避・早馬

 キャラクター：模型
 サイズ：全長約30-70mm
 材質：PVC
 商品状態：新古品・未使用・ミニブック付属 ※カプセルは付属しません。内袋は未開封です。

 ■57480
 ■メーカー：アオポップ
 ■分類：ガチャガチャ
 ■code：20260625
 ■JAN：4580835100381",https://img07.shop-pro.jp/PA01455/769/product/192347004.jpg?cmsp_timestamp=20260625094050|https://img07.shop-pro.jp/PA01455/769/product/192347004_o1.jpg?cmsp_timestamp=20260625094050|https://img07.shop-pro.jp/PA01455/769/product/192347004_o2.jpg?cmsp_timestamp=20260625094050,/Users/hong/Desktop/日本商品2/采集数据/images/192347004_M_0.jpg|/Users/hong/Desktop/日本商品2/采集数据/images/192347004_M_1.jpg|/Users/hong/Desktop/日本商品2/采集数据/images/192347004_M_2.jpg
https://shop.toysanta.jp/?pid=192346963,192346963,"ホーム > コミック・アニメ(その他) > その他
",【全部揃ってます!!】銀河特急ミルキー☆サブウェイ みにコレ！前髪クリップ [全6種セット(フルコンプ)]【ネコポス配送対応】【C】,"2,500円(内税)",75pt,"この商品のラインナップを全て見る

 ▼この商品は【全6種セット(フルコンプ)】です。

 アニメ『銀河特急ミルキー☆サブウェイ』より、みにコレ！シリーズのデザインを使用した前髪 クリップが登場！

 英語名：Milky Subway: The Galactic Limited Express Mini Colle! Bangs Clip SKJAPAN Capsule Toy

 このシリーズには6種類のラインナップがあります。
 お届け商品は、商品名及び画像のものになります。

 ・チハル
 ・マキナ
 ・アカネ
 ・カナタ
 ・カート
 ・マックス

 キャラクター：銀河特急ミルキー☆サブウェイ
 サイズ：全長約35-45mm
 材質：非フタル酸PVC,鉄

 ■57521
 ■メーカー：SKJAPAN
 ■分類：ガチャガチャ
 ■code：20260625
 ■JAN：4519869626505",https://img07.shop-pro.jp/PA01455/769/product/192346963.jpg?cmsp_timestamp=20260625094030|https://img07.shop-pro.jp/PA01455/769/product/192346963_o1.jpg?cmsp_timestamp=20260625094030|https://img07.shop-pro.jp/PA01455/769/product/192346963_o2.jpg?cmsp_timestamp=20260625094030,/Users/hong/Desktop/日本商品2/采集数据/images/192346963_M_0.jpg|/Users/hong/Desktop/日本商品2/采集数据/images/192346963_M_1.jpg|/Users/hong/Desktop/日本商品2/采集数据/images/192346963_M_2.jpg
https://shop.toysanta.jp/?pid=192346953,192346953,"ホーム > キャラクター > NHK教育関連
",【全部揃ってます!!】忍たま乱太郎 ぷちぬいぐるみ vol.3 [全5種セット(フルコンプ)]【ネコポス配送対応】【C】,"2,000円(内税)",60pt,"この商品のラインナップを全て見る

 ▼この商品は【全5種セット(フルコンプ)】です。

 大人気アニメ「忍たま乱太郎」より、描き起こしデザインを使用したぷちサイズのぬいぐるみの第3弾が登場！

 英語名：Nintama Rantaro petit stuffed toy vol.3 SKJAPAN Capsule Toy

 このシリーズには5種類のラインナップがあります。
 お届け商品は、商品名及び画像のものになります。

 ・福富しんべヱ
 ・鉢屋三郎
 ・不破雷蔵
 ・潮江文次郎
 ・立花仙蔵

 キャラクター：忍たま乱太郎
 サイズ：全長約55mm
 材質：ポリエステル,ゴム紐
 商品状態：新古品・未使用・ミニブック付属 ※カプセルは付属しません。内袋は未開封です。

 ■57522
 ■メーカー：SKJAPAN
 ■分類：ガチャガチャ
 ■code：20260625
 ■JAN：4519869626581",https://img07.shop-pro.jp/PA01455/769/product/192346953.jpg?cmsp_timestamp=20260625094025|https://img07.shop-pro.jp/PA01455/769/product/192346953_o1.jpg?cmsp_timestamp=20260625094025|https://img07.shop-pro.jp/PA01455/769/product/192346953_o2.jpg?cmsp_timestamp=20260625094025,/Users/hong/Desktop/日本商品2/采集数据/images/192346953_M_0.jpg|/Users/hong/Desktop/日本商品2/采集数据/images/192346953_M_1.jpg|/Users/hong/Desktop/日本商品2/采集数据/images/192346953_M_2.jpg
https://shop.toysanta.jp/?pid=192346891,192346891,"ホーム > キャラクター > その他
",【全部揃ってます!!】メゾピアノ アクセサリーコレクション [全5種セット(フルコンプ)]【ネコポス配送対応】【C】,"2,600円(内税)",78pt,"この商品のラインナップを全て見る

 ▼この商品は【全5種セット(フルコンプ)】です。

 あの頃憧れたメゾピアノのアクセサリーがカプセルトイに登場！
 普段使いもできるメタルのアクセサリーだよ！

 英語名：Mezzo Piano Accessory Collection Toys spirits Capsule Toy

 このシリーズには5種類のラインナップがあります。
 お届け商品は、商品名及び画像のものになります。

 ・ネックレス
 ・ブレスレット(ベリエちゃん)
 ・ブレスレット(ブルーベリエちゃん)
 ・リング(デビリーちゃん)
 ・リング(ベリエちゃん)

 キャラクター：ナルミヤキャラクターズ
 サイズ：ネックレス：チェーン約450mm,ブレスレット：手首周り約230mm,リング：フリーサイズ
 材質：金属,エポキシ樹脂,ガラス
 商品状態：新古品・未使用・ミニブック付属 ※カプセルは付属しません。内袋は未開封です。

 ■57500
 ■メーカー：トイズスピリッツ
 ■分類：ガチャガチャ
 ■code：20260625
 ■JAN：4580854481010",https://img07.shop-pro.jp/PA01455/769/product/192346891.jpg?cmsp_timestamp=20260625093950|https://img07.shop-pro.jp/PA01455/769/product/192346891_o1.jpg?cmsp_timestamp=20260625093950|https://img07.shop-pro.jp/PA01455/769/product/192346891_o2.jpg?cmsp_timestamp=20260625093950|https://img07.shop-pro.jp/PA01455/769/product/192346891_o3.png?cmsp_timestamp=20260625194525|https://img07.shop-pro.jp/PA01455/769/product/192346891_o4.jpg?cmsp_timestamp=20260625194525|https://img07.shop-pro.jp/PA01455/769/product/192346891_o5.jpg?cmsp_timestamp=20260625194525|https://img07.shop-pro.jp/PA01455/769/product/192346891_o6.jpg?cmsp_timestamp=20260625194525|https://img07.shop-pro.jp/PA01455/769/product/192346891_o7.jpg?cmsp_timestamp=20260625194525,/Users/hong/Desktop/日本商品2/采集数据/images/192346891_M_0.jpg|/Users/hong/Desktop/日本商品2/采集数据/images/192346891_M_1.jpg|/Users/hong/Desktop/日本商品2/采集数据/images/192346891_M_2.jpg|/Users/hong/Desktop/日本商品2/采集数据/images/192346891_M_3.jpg|/Users/hong/Desktop/日本商品2/采集数据/images/192346891_M_4.jpg|/Users/hong/Desktop/日本商品2/采集数据/images/192346891_M_5.jpg|/Users/hong/Desktop/日本商品2/采集数据/images/192346891_M_6.jpg|/Users/hong/Desktop/日本商品2/采集数据/images/192346891_M_7.jpg
https://shop.toysanta.jp/?pid=192346849,192346849,"ホーム > SF・映画・アメコミ
",【全部揃ってます!!】ホビーガチャ ワイルド・スピード MAX/MEGAMAX(再販) [全4種セット(フルコンプ)]【 ネコポス不可 】,"2,200円(内税)",66pt,"この商品のラインナップを全て見る

 ▼この商品は【全4種セット(フルコンプ)】です。

 映画『ワイルド・スピード/MAX』と『ワイルド・スピード/MEGAMAX』に登場するマシンを、劇中資料をもとに徹底再現。
 「Dodge Charger SRT-9 (+金庫パーツ)」は、2台の車で金庫を引っ張る名シーンが再現できます。

 英語名：Hobby Gacha Fast & Furious MAX/MEGAMAX TakaraTomyArts Capsule Toy

 このシリーズには4種類のラインナップがあります。
 お届け商品は、商品名及び画像のものになります。

 ・日産 SKYLINE GT-R(+映画ロゴパーツ)
 ・日産 SKYLINE GT-R(+エフェクトパーツ)
 ・Dodge Charger SRT-8(+映画ロゴパーツ)
 ・Dodge Charger SRT-8(+金庫パーツ)

 キャラクター：ワイルド・スピード
 サイズ：全長約72-76mm
 材質：ABS,PS,PET,ポリエステル
 商品状態：新古品・未使用・カプセル付属・ミニブック付属・内袋は未開封です。

 ■57702
 ■メーカー：タカラトミーアーツ
 ■分類：ガチャガチャ
 ■code：20260625
 ■JAN：4904790087684",https://img07.shop-pro.jp/PA01455/769/product/192346849.jpg?cmsp_timestamp=20260625093928|https://img07.shop-pro.jp/PA01455/769/product/192346849_o1.jpg?cmsp_timestamp=20260625093928|https://img07.shop-pro.jp/PA01455/769/product/192346849_o2.jpg?cmsp_timestamp=20260625093928,/Users/hong/Desktop/日本商品2/采集数据/images/192346849_M_0.jpg|/Users/hong/Desktop/日本商品2/采集数据/images/192346849_M_1.jpg|/Users/hong/Desktop/日本商品2/采集数据/images/192346849_M_2.jpg
https://shop.toysanta.jp/?pid=192346836,192346836,"ホーム > コミック・アニメ(その他) > その他
",【全部揃ってます!!】おさるのジョージ ジョージの一日フィギュア [全4種セット(フルコンプ)]【 ネコポス不可 】【C】,"1,700円(内税)",51pt,"この商品のラインナップを全て見る

 ▼この商品は【全4種セット(フルコンプ)】です。

 朝起きてから夜に眠るまで、ジョージのなにげない日常をテーマにしたフィギュアです。
 どれも優しい表情となっており、集めて飾りたくなること間違いなし！

 英語名：Curious George George no ichinichi Figure TakaraTomyArts Capsule Toy

 このシリーズには4種類のラインナップがあります。
 お届け商品は、商品名及び画像のものになります。

 ・水やり
 ・読書
 ・おふろ
 ・おやすみ

 キャラクター：おさるのジョージ
 サイズ：全長約30-50mm
 材質：PVC
 商品状態：新古品・未使用・ミニブック付属 ※カプセルは付属しません。内袋は未開封です。

 ■57692
 ■メーカー：タカラトミーアーツ
 ■分類：ガチャガチャ
 ■code：20260625
 ■JAN：4904790901539",https://img07.shop-pro.jp/PA01455/769/product/192346836.jpg?cmsp_timestamp=20260625093921|https://img07.shop-pro.jp/PA01455/769/product/192346836_o1.jpg?cmsp_timestamp=20260625093921|https://img07.shop-pro.jp/PA01455/769/product/192346836_o2.jpg?cmsp_timestamp=20260625093921|https://img07.shop-pro.jp/PA01455/769/product/192346836_o3.png?cmsp_timestamp=20260625194328|https://img07.shop-pro.jp/PA01455/769/product/192346836_o4.jpg?cmsp_timestamp=20260625194328|https://img07.shop-pro.jp/PA01455/769/product/192346836_o5.jpg?cmsp_timestamp=20260625194328|https://img07.shop-pro.jp/PA01455/769/product/192346836_o6.jpg?cmsp_timestamp=20260625194328|https://img07.shop-pro.jp/PA01455/769/product/192346836_o7.jpg?cmsp_timestamp=20260625194328|https://img07.shop-pro.jp/PA01455/769/product/192346836_o8.jpg?cmsp_timestamp=20260625194328|https://img07.shop-pro.jp/PA01455/769/product/192346836_o9.jpg?cmsp_timestamp=20260625194328|https://img07.shop-pro.jp/PA01455/769/product/192346836_o10.jpg?cmsp_timestamp=20260625194328,/Users/hong/Desktop/日本商品2/采集数据/images/192346836_M_0.jpg|/Users/hong/Desktop/日本商品2/采集数据/images/192346836_M_1.jpg|/Users/hong/Desktop/日本商品2/采集数据/images/192346836_M_2.jpg|/Users/hong/Desktop/日本商品2/采集数据/images/192346836_M_3.jpg|/Users/hong/Desktop/日本商品2/采集数据/images/192346836_M_4.jpg|/Users/hong/Desktop/日本商品2/采集数据/images/192346836_M_5.jpg|/Users/hong/Desktop/日本商品2/采集数据/images/192346836_M_6.jpg|/Users/hong/Desktop/日本商品2/采集数据/images/192346836_M_7.jpg|/Users/hong/Desktop/日本商品2/采集数据/images/192346836_M_8.jpg|/Users/hong/Desktop/日本商品2/采集数据/images/192346836_M_9.jpg|/Users/hong/Desktop/日本商品2/采集数据/images/192346836_M_10.jpg
https://shop.toysanta.jp/?pid=192346822,192346822,"ホーム > キャラクター > ディズニー
",【全部揃ってます!!】リロ＆スティッチ コスチュームフィギュアマスコット [全4種セット(フルコンプ)]【 ネコポス不可 】【C】,"1,700円(内税)",51pt,"この商品のラインナップを全て見る

 ▼この商品は【全4種セット(フルコンプ)】です。

 2003年に公開されたディズニー映画『リロ＆スティッチ』の名シーンから、「スティッチ」のキュートな姿をセレクトしてフィギュア化！
 夏らしくかわいいいデザインで、身につけてお出かけしたくなること間違いなしです。
 全種ボールチェーン付き！

 英語名：Lilo & Stitch Costume Figure Mascot TakaraTomyArts Capsule Toy

 このシリーズには4種類のラインナップがあります。
 お届け商品は、商品名及び画像のものになります。

 ・スイミングスティッチ
 ・ヘルピングスティッチ
 ・クッキングスティッチ
 ・ウォッシャースティッチ

 キャラクター：ディズニー
 サイズ：全長約38-50mm
 材質：PVC
 商品状態：新古品・未使用・ミニブック付属 ※カプセルは付属しません。内袋は未開封です。

 ■57686
 ■メーカー：タカラトミーアーツ
 ■分類：ガチャガチャ
 ■code：20260625
 ■JAN：4904790906770",https://img07.shop-pro.jp/PA01455/769/product/192346822.jpg?cmsp_timestamp=20260625093914|https://img07.shop-pro.jp/PA01455/769/product/192346822_o1.jpg?cmsp_timestamp=20260625093914|https://img07.shop-pro.jp/PA01455/769/product/192346822_o2.jpg?cmsp_timestamp=20260625093914|https://img07.shop-pro.jp/PA01455/769/product/192346822_o3.png?cmsp_timestamp=20260625192939|https://img07.shop-pro.jp/PA01455/769/product/192346822_o4.jpg?cmsp_timestamp=20260625192939|https://img07.shop-pro.jp/PA01455/769/product/192346822_o5.jpg?cmsp_timestamp=20260625192939|https://img07.shop-pro.jp/PA01455/769/product/192346822_o6.jpg?cmsp_timestamp=20260625192939|https://img07.shop-pro.jp/PA01455/769/product/192346822_o7.jpg?cmsp_timestamp=20260625192939|https://img07.shop-pro.jp/PA01455/769/product/192346822_o8.jpg?cmsp_timestamp=20260625192939,/Users/hong/Desktop/日本商品2/采集数据/images/192346822_M_0.jpg|/Users/hong/Desktop/日本商品2/采集数据/images/192346822_M_1.jpg|/Users/hong/Desktop/日本商品2/采集数据/images/192346822_M_2.jpg|/Users/hong/Desktop/日本商品2/采集数据/images/192346822_M_3.jpg|/Users/hong/Desktop/日本商品2/采集数据/images/192346822_M_4.jpg|/Users/hong/Desktop/日本商品2/采集数据/images/192346822_M_5.jpg|/Users/hong/Desktop/日本商品2/采集数据/images/192346822_M_6.jpg|/Users/hong/Desktop/日本商品2/采集数据/images/192346822_M_7.jpg|/Users/hong/Desktop/日本商品2/采集数据/images/192346822_M_8.jpg
