sortId,link,status,comment_count,actual_count,备注
0,https://www.indiegogo.com//projects/--10048#/,pending,0,0,
1,https://www.indiegogo.com//projects/--14633#/,pending,0,0,
2,https://www.indiegogo.com//projects/--17121#/,pending,0,0,
3,https://www.indiegogo.com//projects/--18218#/,pending,0,0,
4,https://www.indiegogo.com//projects/--18411#/,pending,0,0,
5,https://www.indiegogo.com//projects/--2838931#/,pending,0,0,
6,https://www.indiegogo.com//projects/--721#/,pending,0,0,
7,https://www.indiegogo.com//projects/--746#/,pending,0,0,
8,https://www.indiegogo.com//projects/--749#/,pending,0,0,
9,https://www.indiegogo.com//projects/1--390#/,pending,0,0,
10,https://www.indiegogo.com//projects/1-year-in-karlskrona#/,pending,0,0,
11,https://www.indiegogo.com//projects/10-000-flags-for-yes--11#/,pending,0,0,
12,https://www.indiegogo.com//projects/10-m-platform-diving-goals#/,pending,0,0,
13,https://www.indiegogo.com//projects/10-second-strap-on-pre-knotted-tie#/,pending,0,0,
14,https://www.indiegogo.com//projects/100-000-livres-pour-lutter-contre-l-illettrisme#/,pending,0,0,
15,https://www.indiegogo.com//projects/100-days-after-challenge-by-alina-lapteva#/,pending,0,0,
16,https://www.indiegogo.com//projects/100-individual-first-aid-kits-for-ukrainian-heroes#/,pending,0,0,
17,https://www.indiegogo.com//projects/100-voices#/,pending,0,0,
18,https://www.indiegogo.com//projects/100-years-of-bishop-anstey-high-school-the-film#/,pending,0,0,
19,https://www.indiegogo.com//projects/1000-alcoholism-books-to-be-given-away-at-mission#/,pending,0,0,
20,https://www.indiegogo.com//projects/108-putter-the-next-big-revolution-in-golf#/,pending,0,0,
21,https://www.indiegogo.com//projects/10th-annual-children-s-sports-fitness-expo#/,pending,0,0,
22,https://www.indiegogo.com//projects/12-000-for-12-challenges-over-12-months#/,pending,0,0,
23,https://www.indiegogo.com//projects/12-000-for-12-challenges-over-12-months-part-2#/,pending,0,0,
24,https://www.indiegogo.com//projects/12-days-of-ballroom-basix#/,pending,0,0,
25,https://www.indiegogo.com//projects/12freewifi-use-your-wifi-as-a-marketing-weapon#/,pending,0,0,
26,https://www.indiegogo.com//projects/13-1-miles-in-support-of-camp-arrowhead-disc-golf#/,pending,0,0,
27,https://www.indiegogo.com//projects/13-3-android-e-reader#/,pending,0,0,
28,https://www.indiegogo.com//projects/13-in-1-usb-c-hub-with-ergonomic-laptop-stand#/,pending,0,0,
29,https://www.indiegogo.com//projects/14-years-old-needs-heart-surgery#/,pending,0,0,
30,https://www.indiegogo.com//projects/18k-purple-gold-magic-with-a-soul-of-japan#/,pending,0,0,
31,https://www.indiegogo.com//projects/18th-aug-fundraising-parachute-jump-by-kayode-ariran-for-kids-in-care#/,pending,0,0,
32,https://www.indiegogo.com//projects/1989-generation-initiative#/,pending,0,0,
33,https://www.indiegogo.com//projects/1caveat-put-an-end-to-your-student-loan-debt#/,pending,0,0,
34,https://www.indiegogo.com//projects/1hour-break-everyday-stress-anxiety-relief-spray#/,pending,0,0,
35,https://www.indiegogo.com//projects/1reach-pump-up-parasport#/,pending,0,0,
36,https://www.indiegogo.com//projects/1st-andalusian-inspired-3d-geometric-premium-watch#/,pending,0,0,
37,https://www.indiegogo.com//projects/1st-vegan-waste-free-grocery-store-gold-coast#/,pending,0,0,
38,https://www.indiegogo.com//projects/1st-year-student#/,pending,0,0,
39,https://www.indiegogo.com//projects/2-in-1-oxygen-concentrator-and-sports-bottle--2#/,pending,0,0,
40,https://www.indiegogo.com//projects/2-red-wines-supporting-prostate-cancer-research#/,pending,0,0,
41,https://www.indiegogo.com//projects/200-hour-yoga-teacher-training#/,pending,0,0,
42,https://www.indiegogo.com//projects/2011-camera-campaign-fundraiser#/,pending,0,0,
43,https://www.indiegogo.com//projects/2012-empowerment-through-performance-workshop#/,pending,0,0,
44,https://www.indiegogo.com//projects/2012-wasp#/,pending,0,0,
45,https://www.indiegogo.com//projects/2014-native-american-journalism-fellowship--2015#/,pending,0,0,
46,https://www.indiegogo.com//projects/2014-nicaragua-mission-trip#/,pending,0,0,
47,https://www.indiegogo.com//projects/2015-feeding-the-3000-charity-golf-tournament#/,pending,0,0,
48,https://www.indiegogo.com//projects/2015-medical-mission-to-tibet#/,pending,0,0,
49,https://www.indiegogo.com//projects/2015-trilatino-juniors#/,pending,0,0,
50,https://www.indiegogo.com//projects/2015-van-fire-won-t-keep-john-down#/,pending,0,0,
51,https://www.indiegogo.com//projects/2015-wiktenauer-fundraising-drive#/,pending,0,0,
52,https://www.indiegogo.com//projects/2016-outdoor-science-education-fundraiser#/,pending,0,0,
53,https://www.indiegogo.com//projects/2016-smithdown-road-festival#/,pending,0,0,
54,https://www.indiegogo.com//projects/2017-camel-co-rotc-alumni-endowment-drive#/,pending,0,0,
55,https://www.indiegogo.com//projects/2050-an-absurd-take-on-climate-change#/,pending,0,0,
56,https://www.indiegogo.com//projects/20km-de-bruxelles-solar-for-syria#/,pending,0,0,
57,https://www.indiegogo.com//projects/20under40#/,pending,0,0,
58,https://www.indiegogo.com//projects/21st-century-classroom--22#/,pending,0,0,
59,https://www.indiegogo.com//projects/21stcentury-learning-creativitycollaborationcoding#/,pending,0,0,
60,https://www.indiegogo.com//projects/24-7-jeans-by-psyched-life-activewear#/,pending,0,0,
61,https://www.indiegogo.com//projects/250-blackboards-to-kenya#/,pending,0,0,
62,https://www.indiegogo.com//projects/2d-light-led-disk#/,pending,0,0,
63,https://www.indiegogo.com//projects/2degree-jacket#/,pending,0,0,
64,https://www.indiegogo.com//projects/2gether-international-s-disability-workshop-in-dc#/,pending,0,0,
65,https://www.indiegogo.com//projects/2nd-annual-literacy-festival#/,pending,0,0,
66,https://www.indiegogo.com//projects/2nd-skull-impact-absorption-technology#/,pending,0,0,
67,https://www.indiegogo.com//projects/2vr-pocket-size-virtual-reality#/,pending,0,0,
68,https://www.indiegogo.com//projects/3-in-1-tool-body-correction-massage-and-fitness#/,pending,0,0,
69,https://www.indiegogo.com//projects/3-in-1-wireless-charging-station#/,pending,0,0,
70,https://www.indiegogo.com//projects/3-mysterious-cases-from-the-armchair-detective-co#/,pending,0,0,
71,https://www.indiegogo.com//projects/3-xisters#/,pending,0,0,
72,https://www.indiegogo.com//projects/30-computers-for-kinigi-school-students-in-rwanda#/,pending,0,0,
73,https://www.indiegogo.com//projects/30th-anniversary-celebration-of-time-traveler--2#/,pending,0,0,
74,https://www.indiegogo.com//projects/31-days-of-giving-cervical-cancer-awareness-month#/,pending,0,0,
75,https://www.indiegogo.com//projects/3500-pounds-to-save-nitin-s-life#/,pending,0,0,
76,https://www.indiegogo.com//projects/3d-mechanical-finger-project#/,pending,0,0,
77,https://www.indiegogo.com//projects/3d-printed-table-jewelry-prototypes#/,pending,0,0,
78,https://www.indiegogo.com//projects/3d-printer-ready-to-ship-now#/,pending,0,0,
79,https://www.indiegogo.com//projects/3d-reconstructions#/,pending,0,0,
80,https://www.indiegogo.com//projects/3dmotion-smart-sensor-for-active-sports#/,pending,0,0,
81,https://www.indiegogo.com//projects/3dracers-3d-printed-game-smartphone-controlled#/,pending,0,0,
82,https://www.indiegogo.com//projects/3dsimo-multipro-one-tool-to-rule-them-all#/,pending,0,0,
83,https://www.indiegogo.com//projects/3in1-usb-designed-cable#/,pending,0,0,
84,https://www.indiegogo.com//projects/3max-support-new-medical-device-for-diabetic-patients-with-foot-ulcers#/,pending,0,0,
85,https://www.indiegogo.com//projects/3times3greek-going-green-one-sorority-and-fraternity-at-a-time#/,pending,0,0,
86,https://www.indiegogo.com//projects/4-0-technology-to-free-forests-collectively#/,pending,0,0,
87,https://www.indiegogo.com//projects/4-challenges-for-ireland-s-children-s-hospice#/,pending,0,0,
88,https://www.indiegogo.com//projects/4-maps-of-paddling-in-n-b#/,pending,0,0,
89,https://www.indiegogo.com//projects/40-hours-and-a-bike-youth-earn-a-bicycle-program#/,pending,0,0,
90,https://www.indiegogo.com//projects/404-interactive-puzzle-book#/,pending,0,0,
91,https://www.indiegogo.com//projects/420-edition-playing-cards-witty-games-co#/,pending,0,0,
92,https://www.indiegogo.com//projects/42km-for-casa-nuestra#/,pending,0,0,
93,https://www.indiegogo.com//projects/442-community-soccer-school#/,pending,0,0,
94,https://www.indiegogo.com//projects/444owl-wallet-minimalist-wallet-for-2020#/,pending,0,0,
95,https://www.indiegogo.com//projects/4another-coast-2-coast-4-children#/,pending,0,0,
96,https://www.indiegogo.com//projects/4d-educational-colouring-books-featuring-ar-vr#/,pending,0,0,
97,https://www.indiegogo.com//projects/4eyes#/,pending,0,0,
98,https://www.indiegogo.com//projects/4th-battalion-meat-stix-fundraiser-challenge#/,pending,0,0,
99,https://www.indiegogo.com//projects/5-flags-for-lgbtq-allies#/,pending,0,0,
100,https://www.indiegogo.com//projects/5-for-1-in-5-naesv-2014-fundraiser-to-end-sexual-violence#/,pending,0,0,
101,https://www.indiegogo.com//projects/5-for-fatimah#/,pending,0,0,
102,https://www.indiegogo.com//projects/5-head-3d-printer-for-baby-boomer-business#/,pending,0,0,
103,https://www.indiegogo.com//projects/5-rivers-odyssey#/,pending,0,0,
104,https://www.indiegogo.com//projects/5-tierras#/,pending,0,0,
105,https://www.indiegogo.com//projects/5-year-old-sean-has-cancer#/,pending,0,0,
106,https://www.indiegogo.com//projects/5-years-of-we-act-radio-join-the-opposition-party#/,pending,0,0,
107,https://www.indiegogo.com//projects/50-50-50-challenge#/,pending,0,0,
108,https://www.indiegogo.com//projects/500-orphans-need-school-supplies-holiday-cheers#/,pending,0,0,
109,https://www.indiegogo.com//projects/500hr-women-s-yoga-leadership-training#/,pending,0,0,
110,https://www.indiegogo.com//projects/5d-architectural-vaccine-making-cities-invincible#/,pending,0,0,
111,https://www.indiegogo.com//projects/5n1-herbal-relief-from-chikingunya#/,pending,0,0,
112,https://www.indiegogo.com//projects/7-000-voices#/,pending,0,0,
113,https://www.indiegogo.com//projects/7-artists-robbed-help-save-their-livelihood#/,pending,0,0,
114,https://www.indiegogo.com//projects/7-year-old-child-to-have-a-life-changing-operation#/,pending,0,0,
115,https://www.indiegogo.com//projects/70mai-a800-dual-vision-4k-dash-cam-for-24h-guard#/,pending,0,0,
116,https://www.indiegogo.com//projects/72-108-days-darknessretreat--2#/,pending,0,0,
117,https://www.indiegogo.com//projects/721k-cares#/,pending,0,0,
118,https://www.indiegogo.com//projects/8-yr-old-boy-raises-funds-for-baseball-competition#/,pending,0,0,
119,https://www.indiegogo.com//projects/89-grams-super-light-umbrella#/,pending,0,0,
120,https://www.indiegogo.com//projects/8th-grade-student-field-trip-to-washington-dc#/,pending,0,0,
121,https://www.indiegogo.com//projects/96w-8-port-usb-charger-2-4a-on-each-port#/,pending,0,0,
122,https://www.indiegogo.com//projects/9plus-world-s-9-in-1-cable-meets-all-your-need#/,pending,0,0,
123,https://www.indiegogo.com//projects/a--673#/,pending,0,0,
124,https://www.indiegogo.com//projects/a-600km-winter-cycling-expedition-in-himalaya-2015#/,pending,0,0,
125,https://www.indiegogo.com//projects/a-better-life-starts-with-a-better-education-onward-neighborhood-house#/,pending,0,0,
126,https://www.indiegogo.com//projects/a-better-tomorrow--3#/,pending,0,0,
127,https://www.indiegogo.com//projects/a-better-way-to-run-with-your-phone#/,pending,0,0,
128,https://www.indiegogo.com//projects/a-breath-of-fresh-air-for-the-maasai-women#/,pending,0,0,
129,https://www.indiegogo.com//projects/a-bucket-list-app-with-discounted-travel-packages#/,pending,0,0,
130,https://www.indiegogo.com//projects/a-buckmister-with-no-bucks-raising-for-graduate-school#/,pending,0,0,
131,https://www.indiegogo.com//projects/a-call-to-leadership#/,pending,0,0,
132,https://www.indiegogo.com//projects/a-campaign-to-support-10-blind-kids-to-continue-education--2#/,pending,0,0,
133,https://www.indiegogo.com//projects/a-children-s-garden-at-salt-spring-elementary#/,pending,0,0,
134,https://www.indiegogo.com//projects/a-christmas-baby#/,pending,0,0,
135,https://www.indiegogo.com//projects/a-cleaner-you-can-lead-to-a-cleaner-planet#/,pending,0,0,
136,https://www.indiegogo.com//projects/a-contemporary-cottage-the-riverbird-s-nest#/,pending,0,0,
137,https://www.indiegogo.com//projects/a-conversation-with-america#/,pending,0,0,
138,https://www.indiegogo.com//projects/a-creatvie-mouse#/,pending,0,0,
139,https://www.indiegogo.com//projects/a-cure-for-carissa#/,pending,0,0,
140,https://www.indiegogo.com//projects/a-decent-roof-above-our-heads#/,pending,0,0,
141,https://www.indiegogo.com//projects/a-device-to-save-lives-protect-the-children-teachers-and-staff-at-our-schools#/,pending,0,0,
142,https://www.indiegogo.com//projects/a-dolphin-dream-come-true#/,pending,0,0,
143,https://www.indiegogo.com//projects/a-dreamer-s-journey-home-help-alfonso-perez-today#/,pending,0,0,
144,https://www.indiegogo.com//projects/a-european-discovery--407#/,pending,0,0,
145,https://www.indiegogo.com//projects/a-f-a-wakepark-1er-teleski-nautique-d-alsace#/,pending,0,0,
146,https://www.indiegogo.com//projects/a-foster-child-s-smile-at-christmas-project#/,pending,0,0,
147,https://www.indiegogo.com//projects/a-free-presentation-software-for-academic-purposes#/,pending,0,0,
148,https://www.indiegogo.com//projects/a-friend-in-need--4#/,pending,0,0,
149,https://www.indiegogo.com//projects/a-gift-of-secondary-education#/,pending,0,0,
150,https://www.indiegogo.com//projects/a-grassroots-benefit-concert#/,pending,0,0,
151,https://www.indiegogo.com//projects/a-green-mp-for-east-dunbartonshire#/,pending,0,0,
152,https://www.indiegogo.com//projects/a-guide-to-transforming-your-body#/,pending,0,0,
153,https://www.indiegogo.com//projects/a-hand-to-haiti#/,pending,0,0,
154,https://www.indiegogo.com//projects/a-healing-journey#/,pending,0,0,
155,https://www.indiegogo.com//projects/a-heart-worth-saving#/,pending,0,0,
156,https://www.indiegogo.com//projects/a-home-for-rugby-children-in-romania#/,pending,0,0,
157,https://www.indiegogo.com//projects/a-home-for-splendacrest--3#/,pending,0,0,
158,https://www.indiegogo.com//projects/a-jackson-to-heal-your-back-pain#/,pending,0,0,
159,https://www.indiegogo.com//projects/a-journey-into-japanese-wine#/,pending,0,0,
160,https://www.indiegogo.com//projects/a-journey-into-plant-spirit-medicine#/,pending,0,0,
161,https://www.indiegogo.com//projects/a-kidney-for-allan#/,pending,0,0,
162,https://www.indiegogo.com//projects/a-last-resort#/,pending,0,0,
163,https://www.indiegogo.com//projects/a-life-without-scoliosis#/,pending,0,0,
164,https://www.indiegogo.com//projects/a-little-fashion-boutique-in-nha-trang-vietnam#/,pending,0,0,
165,https://www.indiegogo.com//projects/a-marvelous-idea-in-head#/,pending,0,0,
166,https://www.indiegogo.com//projects/a-medical-relief-trip-to-haiti#/,pending,0,0,
167,https://www.indiegogo.com//projects/a-mobile-app-that-funds-community-projects#/,pending,0,0,
168,https://www.indiegogo.com//projects/a-mom-needs-transportation-to-work#/,pending,0,0,
169,https://www.indiegogo.com//projects/a-mural-and-garden-project-empowering-and-educating-communities#/,pending,0,0,
170,https://www.indiegogo.com//projects/a-new-bus-for-the-neighborhood-center#/,pending,0,0,
171,https://www.indiegogo.com//projects/a-new-face-for-mommy#/,pending,0,0,
172,https://www.indiegogo.com//projects/a-new-phone-for-renz-byrne#/,pending,0,0,
173,https://www.indiegogo.com//projects/a-new-tomorrow-for-her#/,pending,0,0,
174,https://www.indiegogo.com//projects/a-not-for-profit-wellness-retreat-centre#/,pending,0,0,
175,https://www.indiegogo.com//projects/a-one-month-u-s-based-soul-work-journey#/,pending,0,0,
176,https://www.indiegogo.com//projects/a-park-bench-for-maddie#/,pending,0,0,
177,https://www.indiegogo.com//projects/a-peace-of-jerusalem-2011#/,pending,0,0,
178,https://www.indiegogo.com//projects/a-playground-for-syrian-refugee-children#/,pending,0,0,
179,https://www.indiegogo.com//projects/a-plus-the-ultimate-pencil-case#/,pending,0,0,
180,https://www.indiegogo.com//projects/a-portal-to-wellness#/,pending,0,0,
181,https://www.indiegogo.com//projects/a-proposed-plan#/,pending,0,0,
182,https://www.indiegogo.com//projects/a-prosthetic-for-kathy#/,pending,0,0,
183,https://www.indiegogo.com//projects/a-reality-classroom-adventure#/,pending,0,0,
184,https://www.indiegogo.com//projects/a-revolutionary-approach-to-facemasks#/,pending,0,0,
185,https://www.indiegogo.com//projects/a-ride-for-a-friend-with-cancer#/,pending,0,0,
186,https://www.indiegogo.com//projects/a-school-trip-to-democracy-s-birthplace-greece#/,pending,0,0,
187,https://www.indiegogo.com//projects/a-sequence-of-unexpected-events-beakerhead#/,pending,0,0,
188,https://www.indiegogo.com//projects/a-shortcut-to-reading#/,pending,0,0,
189,https://www.indiegogo.com//projects/a-simpler-way-towards-a-happy-healthy-home#/,pending,0,0,
190,https://www.indiegogo.com//projects/a-smart-shirt-for-sports-and-sleep-tracking#/,pending,0,0,
191,https://www.indiegogo.com//projects/a-space-for-eurythmy-expanding-a-waldorf-school--6#/,pending,0,0,
192,https://www.indiegogo.com//projects/a-speaker-the-speaker-that-only-you-can-hear#/,pending,0,0,
193,https://www.indiegogo.com//projects/a-super-antibiotic-to-fight-the-superbugs#/,pending,0,0,
194,https://www.indiegogo.com//projects/a-superior-cork-yoga-mat#/,pending,0,0,
195,https://www.indiegogo.com//projects/a-sustainable-lingerie-label-needs-your-help#/,pending,0,0,
196,https://www.indiegogo.com//projects/a-tech-centric-apparel-brand-disrupting-retail#/,pending,0,0,
197,https://www.indiegogo.com//projects/a-ten-survivor-and-her-son-wisconsin-bound#/,pending,0,0,
198,https://www.indiegogo.com//projects/a-textbook-in-every-child-s-hand#/,pending,0,0,
199,https://www.indiegogo.com//projects/a-tool-for-the-chronically-ill-that-puts-emotion-first#/,pending,0,0,
200,https://www.indiegogo.com//projects/a-treasure-hunt-to-make-history--4#/,pending,0,0,
201,https://www.indiegogo.com//projects/a-trip-of-washington-d-c#/,pending,0,0,
202,https://www.indiegogo.com//projects/a-unique-youth-program-in-bosnia-herzegovina#/,pending,0,0,
203,https://www.indiegogo.com//projects/a-video-program-that-helps-people-discover-their-own-dream-career#/,pending,0,0,
204,https://www.indiegogo.com//projects/a-virtual-thinking-learning-camp-for-parents#/,pending,0,0,
205,https://www.indiegogo.com//projects/a-wave-of-clean-water-for-armenia#/,pending,0,0,
206,https://www.indiegogo.com//projects/a-week-in-their-shoes-fall-2013#/,pending,0,0,
207,https://www.indiegogo.com//projects/a-year-from-now-paying-the-people#/,pending,0,0,
208,https://www.indiegogo.com//projects/a-youth-me-to-we-trip#/,pending,0,0,
209,https://www.indiegogo.com//projects/a-zero-the-eco-friendly-replacement-for-plastics#/,pending,0,0,
210,https://www.indiegogo.com//projects/a1#/,pending,0,0,
211,https://www.indiegogo.com//projects/aaa--11#/,pending,0,0,
212,https://www.indiegogo.com//projects/aardvark-s-runaway-railroad#/,pending,0,0,
213,https://www.indiegogo.com//projects/aarose-apparel#/,pending,0,0,
214,https://www.indiegogo.com//projects/aashishmehta-friendsforacure#/,pending,0,0,
215,https://www.indiegogo.com//projects/aau-ece-alumni-donation#/,pending,0,0,
216,https://www.indiegogo.com//projects/abaarso-school-fundraiser#/,pending,0,0,
217,https://www.indiegogo.com//projects/aban-library#/,pending,0,0,
218,https://www.indiegogo.com//projects/abidan-at-harvard#/,pending,0,0,
219,https://www.indiegogo.com//projects/absolute-zero-plunge#/,pending,0,0,
220,https://www.indiegogo.com//projects/abundant-food-and-water-through-nanotechnology--3#/,pending,0,0,
221,https://www.indiegogo.com//projects/academy-of-champions#/,pending,0,0,
222,https://www.indiegogo.com//projects/acasis-swappable-hi-speed-ssd-storage-10-in-1-hub#/,pending,0,0,
223,https://www.indiegogo.com//projects/accessible-cottage-dreams#/,pending,0,0,
224,https://www.indiegogo.com//projects/accessible-yoga-conference-scholarships#/,pending,0,0,
225,https://www.indiegogo.com//projects/accessories-design-inspired-by-nature#/,pending,0,0,
226,https://www.indiegogo.com//projects/accesta-keeps-your-children-and-pets-safe--2#/,pending,0,0,
227,https://www.indiegogo.com//projects/accidental-comedy-fest#/,pending,0,0,
228,https://www.indiegogo.com//projects/accusage-thermo-7-in-1-hot-cold-massage-wrap--2#/,pending,0,0,
229,https://www.indiegogo.com//projects/accutension-smartphone-enabled-blood-pressure-kit#/,pending,0,0,
230,https://www.indiegogo.com//projects/acespade-solid-titanium-lifetime-poker-opener#/,pending,0,0,
231,https://www.indiegogo.com//projects/achilles-the-future-of-sporting-footwear#/,pending,0,0,
232,https://www.indiegogo.com//projects/acid-attack-survivors-empowerment-project-by-atijeevan-foundation#/,pending,0,0,
233,https://www.indiegogo.com//projects/acid-survivor-chanchal-needs-funds-for-her-further-surgery#/,pending,0,0,
234,https://www.indiegogo.com//projects/acquire-lands-for-lakota-cultural-and-bison-camp#/,pending,0,0,
235,https://www.indiegogo.com//projects/acro-yoga-mpls-teacher-training#/,pending,0,0,
236,https://www.indiegogo.com//projects/across-the-country-fitness#/,pending,0,0,
237,https://www.indiegogo.com//projects/acteon-8-in-1-hybrid-adventure-blanket#/,pending,0,0,
238,https://www.indiegogo.com//projects/acteon-compression-packing-cubes#/,pending,0,0,
239,https://www.indiegogo.com//projects/action-on-diabetes#/,pending,0,0,
240,https://www.indiegogo.com//projects/active-lifesystems#/,pending,0,0,
241,https://www.indiegogo.com//projects/activeshelter#/,pending,0,0,
242,https://www.indiegogo.com//projects/actofit-redefining-fitness-tracking--3#/,pending,0,0,
243,https://www.indiegogo.com//projects/acton-blink-most-advanced-eboards-ever--2#/,pending,0,0,
244,https://www.indiegogo.com//projects/acts-assist-a-child-to-school-christian-ed#/,pending,0,0,
245,https://www.indiegogo.com//projects/adapted-bus-for-students-with-special-needs#/,pending,0,0,
246,https://www.indiegogo.com//projects/adaptive-mountain-bikes-for-people-with-disabilities#/,pending,0,0,
247,https://www.indiegogo.com//projects/adaptive-sports-association#/,pending,0,0,
248,https://www.indiegogo.com//projects/adaptix-multi-health-weight-loss-teas#/,pending,0,0,
249,https://www.indiegogo.com//projects/adaptozen#/,pending,0,0,
250,https://www.indiegogo.com//projects/add-e-simply-add-electricity-to-your-bicycle#/,pending,0,0,
251,https://www.indiegogo.com//projects/add-the-swiss-touch-to-your-apple-watch--3#/,pending,0,0,
252,https://www.indiegogo.com//projects/addiction-studies-program-graduation--2#/,pending,0,0,
253,https://www.indiegogo.com//projects/addit-mobile-power#/,pending,0,0,
254,https://www.indiegogo.com//projects/adiuvare-dance-therapy#/,pending,0,0,
255,https://www.indiegogo.com//projects/adobe-stoves-for-low-income-communities-in-mexico#/,pending,0,0,
256,https://www.indiegogo.com//projects/adopt-an-er-nurse-support-a-global-volunteer#/,pending,0,0,
257,https://www.indiegogo.com//projects/adoption-fundraiser#/,pending,0,0,
258,https://www.indiegogo.com//projects/advanced-survival-first-aid-go-bag#/,pending,0,0,
259,https://www.indiegogo.com//projects/adventure-pass-turn-your-travels-into-adventures#/,pending,0,0,
260,https://www.indiegogo.com//projects/advisor-watch-inspired-by-italian-dive-watch#/,pending,0,0,
261,https://www.indiegogo.com//projects/advocacy-for-diversity-in-naming-new-yale-colleges#/,pending,0,0,
262,https://www.indiegogo.com//projects/aem-sportswear#/,pending,0,0,
263,https://www.indiegogo.com//projects/aeon-ov-baphomet#/,pending,0,0,
264,https://www.indiegogo.com//projects/aerobicide-lucy-chaplin-science-starlet-crossover#/,pending,0,0,
265,https://www.indiegogo.com//projects/aerogogo-ps1-automatic-inflation-airtight-lounger#/,pending,0,0,
266,https://www.indiegogo.com//projects/aerowood-the-marvelous-modular-wooden-drone#/,pending,0,0,
267,https://www.indiegogo.com//projects/aesthetic-addictions-get-fit-with-a-message#/,pending,0,0,
268,https://www.indiegogo.com//projects/aesthetics-therapeutics-lab-at-vortex-immersion-media-2014#/,pending,0,0,
269,https://www.indiegogo.com//projects/affordable-high-quality-watches-draxas#/,pending,0,0,
270,https://www.indiegogo.com//projects/africa-cocoa-village#/,pending,0,0,
271,https://www.indiegogo.com//projects/africa-thryves-change-is-coming-to-africa#/,pending,0,0,
272,https://www.indiegogo.com//projects/africa-trip--5#/,pending,0,0,
273,https://www.indiegogo.com//projects/african-american-art-and-fashion-collective#/,pending,0,0,
274,https://www.indiegogo.com//projects/african-american-entrepreneurial-academy#/,pending,0,0,
275,https://www.indiegogo.com//projects/african-history-network-2015-summer-campaign#/,pending,0,0,
276,https://www.indiegogo.com//projects/afrocenchix-swirl-conditioner-spring-styler#/,pending,0,0,
277,https://www.indiegogo.com//projects/afropolitan-scholarship-fund-2022#/,pending,0,0,
278,https://www.indiegogo.com//projects/afunky-s-uncle-children-s-music-for-all#/,pending,0,0,
279,https://www.indiegogo.com//projects/against-all-odds--3#/,pending,0,0,
280,https://www.indiegogo.com//projects/agent-of-influence-the-secret-life-of-pamela-more#/,pending,0,0,
281,https://www.indiegogo.com//projects/agricultural-mission-center#/,pending,0,0,
282,https://www.indiegogo.com//projects/agua-de-luis-water-tank-project#/,pending,0,0,
283,https://www.indiegogo.com//projects/ah-lez-beta-2-0-development#/,pending,0,0,
284,https://www.indiegogo.com//projects/ahp-10-13-contrast-not-just-another-book-project#/,pending,0,0,
285,https://www.indiegogo.com//projects/ai--9#/,pending,0,0,
286,https://www.indiegogo.com//projects/aide-pour-les-enfants-d-anakao-madagascar#/,pending,0,0,
287,https://www.indiegogo.com//projects/aido-the-next-home-robot-scam#/,pending,0,0,
288,https://www.indiegogo.com//projects/aids-games-jerseys#/,pending,0,0,
289,https://www.indiegogo.com//projects/aiesec-miami-at-wnc#/,pending,0,0,
290,https://www.indiegogo.com//projects/aifi-stackable-speakers#/,pending,0,0,
291,https://www.indiegogo.com//projects/aikido-of-denton-mat-project#/,pending,0,0,
292,https://www.indiegogo.com//projects/aimee-s-yoga-teacher-training--2#/,pending,0,0,
293,https://www.indiegogo.com//projects/aior-all-in-one-robot#/,pending,0,0,
294,https://www.indiegogo.com//projects/aiper-flash-150w-the-most-reliable-power-station#/,pending,0,0,
295,https://www.indiegogo.com//projects/air-acoustically-stunning-wireless-headphones#/,pending,0,0,
296,https://www.indiegogo.com//projects/air-purifing-billboards-suck-pollution-from-sky#/,pending,0,0,
297,https://www.indiegogo.com//projects/airable-advanced-nanofiber-mask#/,pending,0,0,
298,https://www.indiegogo.com//projects/airbolt-the-truly-smart-travel-lock#/,pending,0,0,
299,https://www.indiegogo.com//projects/airdog-x3-world-s-most-effective-air-purifier#/,pending,0,0,
300,https://www.indiegogo.com//projects/aire-control-auto#/,pending,0,0,
301,https://www.indiegogo.com//projects/aire-fresco-la-paz-interior-en-tu-bolsillo#/,pending,0,0,
302,https://www.indiegogo.com//projects/airfares-for-unicef-summit#/,pending,0,0,
303,https://www.indiegogo.com//projects/airline-crew-health-research-blood-test-for-oil#/,pending,0,0,
304,https://www.indiegogo.com//projects/airppt-smart-toolbox-for-dopamine-storytelling--2#/,pending,0,0,
305,https://www.indiegogo.com//projects/airtime-for-let-s-talk-native-with-john-kane#/,pending,0,0,
306,https://www.indiegogo.com//projects/airview-wireless-touchscreen-portable-monitor#/,pending,0,0,
307,https://www.indiegogo.com//projects/airz-reusable-mask-with-3-active-air-flow-speed#/,pending,0,0,
308,https://www.indiegogo.com//projects/airzen-clean-air-and-defence-from-virus#/,pending,0,0,
309,https://www.indiegogo.com//projects/akaso-seemor-ai-full-color-night-vision-goggles#/,pending,0,0,
310,https://www.indiegogo.com//projects/aktiv-the-most-affordable-action-camera--4#/,pending,0,0,
311,https://www.indiegogo.com//projects/akylone-french-hypercar#/,pending,0,0,
312,https://www.indiegogo.com//projects/albio-blood-alcohol-test-for-paramedics#/,pending,0,0,
313,https://www.indiegogo.com//projects/albo-portable-cordless-pressure-washer#/,pending,0,0,
314,https://www.indiegogo.com//projects/alfie-tramaine-lucas-funeral-fund#/,pending,0,0,
315,https://www.indiegogo.com//projects/algebracards-1-000-child-challenge#/,pending,0,0,
316,https://www.indiegogo.com//projects/alger-anti-lost-forget-system#/,pending,0,0,
317,https://www.indiegogo.com//projects/ali-is-running-a-marathon#/,pending,0,0,
318,https://www.indiegogo.com//projects/alice-camera-an-ai-camera-for-content-creators--2#/,pending,0,0,
319,https://www.indiegogo.com//projects/alice-street-mural-project#/,pending,0,0,
320,https://www.indiegogo.com//projects/alicia-jordan-s-journey-clyde-weekly-press-fund#/,pending,0,0,
321,https://www.indiegogo.com//projects/alien-high-end-wireless-audio-without-the-markup#/,pending,0,0,
322,https://www.indiegogo.com//projects/alive-inside-public-performance-license#/,pending,0,0,
323,https://www.indiegogo.com//projects/all-about-business-financial-literacy-for-youth#/,pending,0,0,
324,https://www.indiegogo.com//projects/all-natural-low-calorie-clean-energy-for-everyone#/,pending,0,0,
325,https://www.indiegogo.com//projects/all-saints-elementary-of-tipperary-hill#/,pending,0,0,
326,https://www.indiegogo.com//projects/all-season-sleeping-pad-built-in-detachable-pump#/,pending,0,0,
327,https://www.indiegogo.com//projects/all-terrain-vehicle-sae-baja#/,pending,0,0,
328,https://www.indiegogo.com//projects/allegro-portable-sterile-sonic-toothbrush#/,pending,0,0,
329,https://www.indiegogo.com//projects/allen-s-celtman-challenge#/,pending,0,0,
330,https://www.indiegogo.com//projects/allergen-friendly-vegan-worcester#/,pending,0,0,
331,https://www.indiegogo.com//projects/alleviate-the-effects-of-aids-cancer#/,pending,0,0,
332,https://www.indiegogo.com//projects/alliance-for-african-women-initiative-ghana#/,pending,0,0,
333,https://www.indiegogo.com//projects/allinblusive-your-all-inclusive-sailing-holidays#/,pending,0,0,
334,https://www.indiegogo.com//projects/aloha-energy#/,pending,0,0,
335,https://www.indiegogo.com//projects/alone-ep-the-alone-tour#/,pending,0,0,
336,https://www.indiegogo.com//projects/alopecia-assistance-hair-replacements-for-kids#/,pending,0,0,
337,https://www.indiegogo.com//projects/alpha-2-the-first-humanoid-robot-for-the-family#/,pending,0,0,
338,https://www.indiegogo.com//projects/alpha-the-ultimate-everyday-ebike#/,pending,0,0,
339,https://www.indiegogo.com//projects/alpha-towel-self-cleans-at-molecular-level#/,pending,0,0,
340,https://www.indiegogo.com//projects/alpha3-the-most-advanced-4k-action-camera-ever#/,pending,0,0,
341,https://www.indiegogo.com//projects/alphabet-26-for-sandy-hook-elementary-school-victims#/,pending,0,0,
342,https://www.indiegogo.com//projects/alphabet-soup-vanuatu-a-campaign-to-feed-the-hunger-of-the-literate-mind#/,pending,0,0,
343,https://www.indiegogo.com//projects/altbrau-brewing-blending#/,pending,0,0,
344,https://www.indiegogo.com//projects/alternative-approach-to-autism-for-max#/,pending,0,0,
345,https://www.indiegogo.com//projects/aluminium-3d-printer--9#/,pending,0,0,
346,https://www.indiegogo.com//projects/aluminum-the-next-generation-of-clean-energy#/,pending,0,0,
347,https://www.indiegogo.com//projects/aman-sports-an-initiative-by-the-aman-foundation#/,pending,0,0,
348,https://www.indiegogo.com//projects/amazeballs--3#/,pending,0,0,
349,https://www.indiegogo.com//projects/amazfit-x-curved-smartwatch-bow-to-the-future#/,pending,0,0,
350,https://www.indiegogo.com//projects/amazfit-zenbuds-fit-right-sleep-tight#/,pending,0,0,
351,https://www.indiegogo.com//projects/amazing-grace-cincinnati-gymnastics#/,pending,0,0,
352,https://www.indiegogo.com//projects/amazing-hanger-foldable-strong-durable-elegant--3#/,pending,0,0,
353,https://www.indiegogo.com//projects/ambassador-challenge#/,pending,0,0,
354,https://www.indiegogo.com//projects/ameliocare-enabling-seniors-to-age-at-home#/,pending,0,0,
355,https://www.indiegogo.com//projects/america-restored#/,pending,0,0,
356,https://www.indiegogo.com//projects/american-society-of-young-musicians-hawaii#/,pending,0,0,
357,https://www.indiegogo.com//projects/ames-clean-energy-on-demand-anywhere-in-the-world#/,pending,0,0,
358,https://www.indiegogo.com//projects/ami-the-life-saving-app-in-english-and-german#/,pending,0,0,
359,https://www.indiegogo.com//projects/amigos-de-la-pajara-pinta--2#/,pending,0,0,
360,https://www.indiegogo.com//projects/amplilight#/,pending,0,0,
361,https://www.indiegogo.com//projects/ampstrip-comfortable-24-7-heart-rate-wearable#/,pending,0,0,
362,https://www.indiegogo.com//projects/amrik-and-jaswinder-s-anniversary-gift#/,pending,0,0,
363,https://www.indiegogo.com//projects/amx-electric-bike-the-e-bike-for-cities#/,pending,0,0,
364,https://www.indiegogo.com//projects/amyko-your-medical-and-first-aid-device#/,pending,0,0,
365,https://www.indiegogo.com//projects/amyla-st-thomas-expedition#/,pending,0,0,
366,https://www.indiegogo.com//projects/an-accessible-bike-for-a-wondrous-kid#/,pending,0,0,
367,https://www.indiegogo.com//projects/an-apple-for-the-teacher#/,pending,0,0,
368,https://www.indiegogo.com//projects/an-artistic-assessment-of-altered-minds#/,pending,0,0,
369,https://www.indiegogo.com//projects/an-emotional-search-engine-cure-your-mood-and-disease#/,pending,0,0,
370,https://www.indiegogo.com//projects/an-icon-library-for-healthcare-professionals#/,pending,0,0,
371,https://www.indiegogo.com//projects/an-internship-that-will-change-my-life#/,pending,0,0,
372,https://www.indiegogo.com//projects/an-interview-app-for-investigations#/,pending,0,0,
373,https://www.indiegogo.com//projects/an-oasis-of-healing#/,pending,0,0,
374,https://www.indiegogo.com//projects/an-out-of-this-world-automatic-meteorite-watch#/,pending,0,0,
375,https://www.indiegogo.com//projects/an-unconquered-lethal-malignancy#/,pending,0,0,
376,https://www.indiegogo.com//projects/an-unforgettable-montana-hospitality-experience#/,pending,0,0,
377,https://www.indiegogo.com//projects/anallo-pet-couture#/,pending,0,0,
378,https://www.indiegogo.com//projects/anchors-hair-company#/,pending,0,0,
379,https://www.indiegogo.com//projects/andean-community-educational-children-s-book#/,pending,0,0,
380,https://www.indiegogo.com//projects/andrew-doktor-memorial-fund#/,pending,0,0,
381,https://www.indiegogo.com//projects/angel-kaytlyn-mission-trip-2014#/,pending,0,0,
382,https://www.indiegogo.com//projects/angels-for-angela#/,pending,0,0,
383,https://www.indiegogo.com//projects/angels-for-angie-fund#/,pending,0,0,
384,https://www.indiegogo.com//projects/angry-ferret-brewing-company#/,pending,0,0,
385,https://www.indiegogo.com//projects/anima--8#/,pending,0,0,
386,https://www.indiegogo.com//projects/aniya-s-national-young-scholar-program-fundraiser#/,pending,0,0,
387,https://www.indiegogo.com//projects/ann-and-jeff-s-honeymoon-fund#/,pending,0,0,
388,https://www.indiegogo.com//projects/anne-frank-s-iowa-pen-pal-holocaust-museum-phase-ii#/,pending,0,0,
389,https://www.indiegogo.com//projects/annee-irene-healing-fund#/,pending,0,0,
390,https://www.indiegogo.com//projects/annie-s-continued-bsl-journey#/,pending,0,0,
391,https://www.indiegogo.com//projects/annie-s-journey#/,pending,0,0,
392,https://www.indiegogo.com//projects/annie-s-journey--2#/,pending,0,0,
393,https://www.indiegogo.com//projects/annule-debat-des-chefs-election-federale-lsq-asl#/,pending,0,0,
394,https://www.indiegogo.com//projects/anodyne-microneedle-safe-painfree#/,pending,0,0,
395,https://www.indiegogo.com//projects/another-case-for-the-littlest-umbrella#/,pending,0,0,
396,https://www.indiegogo.com//projects/ansofy-disrupting-the-media-landscape#/,pending,0,0,
397,https://www.indiegogo.com//projects/answers-recovery-project#/,pending,0,0,
398,https://www.indiegogo.com//projects/antelope-sportswear-muscle-activating-smartsuit#/,pending,0,0,
399,https://www.indiegogo.com//projects/anthem-of-roses#/,pending,0,0,
400,https://www.indiegogo.com//projects/anti-thirst-device-drum-key-slash-bottle-opener#/,pending,0,0,
401,https://www.indiegogo.com//projects/antimicrobial-light-bulbs-for-a-better-home#/,pending,0,0,
402,https://www.indiegogo.com//projects/antistress-game--2#/,pending,0,0,
403,https://www.indiegogo.com//projects/antonia-s-journey-home#/,pending,0,0,
404,https://www.indiegogo.com//projects/anvanda-a-great-f-cking-bag#/,pending,0,0,
405,https://www.indiegogo.com//projects/anylock-fingerprint-padlock-safe-and-fast#/,pending,0,0,
406,https://www.indiegogo.com//projects/anysafe-fingerprint-u-lock#/,pending,0,0,
407,https://www.indiegogo.com//projects/anywatt-magsafe-or-lenovo-to-usb-c-pd-adapter#/,pending,0,0,
408,https://www.indiegogo.com//projects/anyway-travel-app#/,pending,0,0,
409,https://www.indiegogo.com//projects/aoife-s-fresh-air-fund#/,pending,0,0,
410,https://www.indiegogo.com//projects/apoya-este-abrazo-caribeno-gracias-al-circo#/,pending,0,0,
411,https://www.indiegogo.com//projects/app--17#/,pending,0,0,
412,https://www.indiegogo.com//projects/app-factory-360-launch#/,pending,0,0,
413,https://www.indiegogo.com//projects/appalachia-camping-company-no-tent-no-problem#/,pending,0,0,
414,https://www.indiegogo.com//projects/appalachian-women-s-museum#/,pending,0,0,
415,https://www.indiegogo.com//projects/apple-museum-berlin#/,pending,0,0,
416,https://www.indiegogo.com//projects/approach-notebook-system-design#/,pending,0,0,
417,https://www.indiegogo.com//projects/apps-for-standards-mastery#/,pending,0,0,
418,https://www.indiegogo.com//projects/aputannia-2021-1-oz-999-silver-coin#/,pending,0,0,
419,https://www.indiegogo.com//projects/aquaponics-fish-farm-in-thai-village-co-operative#/,pending,0,0,
420,https://www.indiegogo.com//projects/aquasafebag-the-relaxing-sea-and-water-sports-gadget#/,pending,0,0,
421,https://www.indiegogo.com//projects/aqui-the-future-of-school-attendance#/,pending,0,0,
422,https://www.indiegogo.com//projects/ar-magic-cards-first-augmented-reality-flashcards#/,pending,0,0,
423,https://www.indiegogo.com//projects/ararat-charity-climb#/,pending,0,0,
424,https://www.indiegogo.com//projects/arcane-galaxy#/,pending,0,0,
425,https://www.indiegogo.com//projects/arch-street-preschool-nature-playground#/,pending,0,0,
426,https://www.indiegogo.com//projects/archetype-a-fashion-exhibition#/,pending,0,0,
427,https://www.indiegogo.com//projects/archt-one-wireless-audio-system#/,pending,0,0,
428,https://www.indiegogo.com//projects/archtek-socks-stylish-design-arch-support-tech#/,pending,0,0,
429,https://www.indiegogo.com//projects/are-you-in-inc-pr-s-alter-ego-multi-market-book-tour-fundraiser#/,pending,0,0,
430,https://www.indiegogo.com//projects/areni-1-footwear-shoes-5-500-years-in-the-making#/,pending,0,0,
431,https://www.indiegogo.com//projects/ares-backpack-versatile-backpack-for-work-play#/,pending,0,0,
432,https://www.indiegogo.com//projects/ares-the-most-powerful-portable-power-station-ever#/,pending,0,0,
433,https://www.indiegogo.com//projects/argus-a-smartband-for-elderly-people#/,pending,0,0,
434,https://www.indiegogo.com//projects/aria-nasa-inspired-hybrid-air-purifier#/,pending,0,0,
435,https://www.indiegogo.com//projects/aris-augmented-reality-instructions-solutions#/,pending,0,0,
436,https://www.indiegogo.com//projects/arizona-state-fairgrounds-restoration-project#/,pending,0,0,
437,https://www.indiegogo.com//projects/arkadia-ranch#/,pending,0,0,
438,https://www.indiegogo.com//projects/arkfyre-issue-1#/,pending,0,0,
439,https://www.indiegogo.com//projects/armiriki-stories-from-crisis-to-creation#/,pending,0,0,
440,https://www.indiegogo.com//projects/armpal-3d-wooden-assembly-tabletop-game#/,pending,0,0,
441,https://www.indiegogo.com//projects/aromatherapy-in-a-robe#/,pending,0,0,
442,https://www.indiegogo.com//projects/around-the-world-in-50-days#/,pending,0,0,
443,https://www.indiegogo.com//projects/arrim-one-world-s-first-professional-ar-measuring#/,pending,0,0,
444,https://www.indiegogo.com//projects/arrow-smartwatch-with-360-rotating-hd-camera--2#/,pending,0,0,
445,https://www.indiegogo.com//projects/art-education-for-los-angeles-elementary-school-facing-severe-budget-cuts#/,pending,0,0,
446,https://www.indiegogo.com//projects/art-for-global-health#/,pending,0,0,
447,https://www.indiegogo.com//projects/art-for-health#/,pending,0,0,
448,https://www.indiegogo.com//projects/art-of-attention-yoga-practice#/,pending,0,0,
449,https://www.indiegogo.com//projects/art-of-hearts#/,pending,0,0,
450,https://www.indiegogo.com//projects/art-powers-arusha--2#/,pending,0,0,
451,https://www.indiegogo.com//projects/art-with-a-mission-charlottesville-and-rwanda#/,pending,0,0,
452,https://www.indiegogo.com//projects/art-with-heart#/,pending,0,0,
453,https://www.indiegogo.com//projects/art-without-fear-summer-book-tour--2#/,pending,0,0,
454,https://www.indiegogo.com//projects/art-yoga-technology-3-d-educational-animations#/,pending,0,0,
455,https://www.indiegogo.com//projects/artemis-time-art-champleve-enamel-ladies-watches#/,pending,0,0,
456,https://www.indiegogo.com//projects/artemis-watches-high-quality-and-minimalist-design#/,pending,0,0,
457,https://www.indiegogo.com//projects/artificial-intelligence-robot--3#/,pending,0,0,
458,https://www.indiegogo.com//projects/artistry-of-peace#/,pending,0,0,
459,https://www.indiegogo.com//projects/arts-centre-community-regeneration#/,pending,0,0,
460,https://www.indiegogo.com//projects/arture-beautiful-eco-friendly-cork-accessories#/,pending,0,0,
461,https://www.indiegogo.com//projects/as-a-telong-music-academy#/,pending,0,0,
462,https://www.indiegogo.com//projects/asante-bonyo-s-kenya-mission#/,pending,0,0,
463,https://www.indiegogo.com//projects/asap-connect-the-future-of-usb-cables#/,pending,0,0,
464,https://www.indiegogo.com//projects/asap-dash-world-s-fastest-pocket-sized-powerbank#/,pending,0,0,
465,https://www.indiegogo.com//projects/asb-carleton-vancouver-2013#/,pending,0,0,
466,https://www.indiegogo.com//projects/ascent-melatonin-sprays-the-best-sleep-aid#/,pending,0,0,
467,https://www.indiegogo.com//projects/ascention-the-first-self-care-fragrance-brand#/,pending,0,0,
468,https://www.indiegogo.com//projects/asd--2#/,pending,0,0,
469,https://www.indiegogo.com//projects/asdadasdasd#/,pending,0,0,
470,https://www.indiegogo.com//projects/asean-school-for-cambodian-kids--2#/,pending,0,0,
471,https://www.indiegogo.com//projects/aseatco-combating-pressure-sores#/,pending,0,0,
472,https://www.indiegogo.com//projects/ashka-designer-products-inspired-by-central-asia#/,pending,0,0,
473,https://www.indiegogo.com//projects/ashlin-s-surgery-fund#/,pending,0,0,
474,https://www.indiegogo.com//projects/asifa-atlanta-animation-tour-phase-1#/,pending,0,0,
475,https://www.indiegogo.com//projects/asra-the-orphan-moon#/,pending,0,0,
476,https://www.indiegogo.com//projects/assist-me-in-raising-funds-for-children-in-nepal#/,pending,0,0,
477,https://www.indiegogo.com//projects/astracase-wireless-magnetic-battery-case#/,pending,0,0,
478,https://www.indiegogo.com//projects/atari-vcs-game-stream-connect-like-never-before#/,pending,0,0,
479,https://www.indiegogo.com//projects/athena-fitness-and-wellness#/,pending,0,0,
480,https://www.indiegogo.com//projects/atlas-of-cydonia#/,pending,0,0,
481,https://www.indiegogo.com//projects/atom-a-pocket-sized-3-axis-smartphone-gimbal#/,pending,0,0,
482,https://www.indiegogo.com//projects/atom-eva-alarm-technology-optimization-means#/,pending,0,0,
483,https://www.indiegogo.com//projects/atst-portable-solar-powered-phone-charging-for-disaster-relief-efforts#/,pending,0,0,
484,https://www.indiegogo.com//projects/attacking-the-roots-of-chronic-diseases#/,pending,0,0,
485,https://www.indiegogo.com//projects/attaining-a-masters-degree-in-fine-art#/,pending,0,0,
486,https://www.indiegogo.com//projects/attn-nyc-love-your-liver--2#/,pending,0,0,
487,https://www.indiegogo.com//projects/attractive-fully-functional-tv-mount#/,pending,0,0,
488,https://www.indiegogo.com//projects/august-in-africa#/,pending,0,0,
489,https://www.indiegogo.com//projects/aumi-reinventing-the-night-light--2#/,pending,0,0,
490,https://www.indiegogo.com//projects/aura-mate-pro-best-premium-updated-scanner-yet#/,pending,0,0,
491,https://www.indiegogo.com//projects/aura-speeds-simplifies-all-your-scanning-needs#/,pending,0,0,
492,https://www.indiegogo.com//projects/auricsound-a7-ex-vacuum-tube-and-solid-state#/,pending,0,0,
493,https://www.indiegogo.com//projects/auricsound-twin-ess-sabre-32bit-es9028q2m-dac-adc#/,pending,0,0,
494,https://www.indiegogo.com//projects/ausair-next-gen-filtration-mask-with-botanicals#/,pending,0,0,
495,https://www.indiegogo.com//projects/ausbildung-fur-instant-miracle-mastery#/,pending,0,0,
496,https://www.indiegogo.com//projects/auslandsjahr-in-irland#/,pending,0,0,
497,https://www.indiegogo.com//projects/austin--3#/,pending,0,0,
498,https://www.indiegogo.com//projects/austin-healing-circle-start-up#/,pending,0,0,
499,https://www.indiegogo.com//projects/australia-tour-in-luxury#/,pending,0,0,
500,https://www.indiegogo.com//projects/australian-deaf-rugby-union#/,pending,0,0,
501,https://www.indiegogo.com//projects/australian-yoga-certification#/,pending,0,0,
502,https://www.indiegogo.com//projects/autism-awareness-bus-conversion#/,pending,0,0,
503,https://www.indiegogo.com//projects/autobot-the-first-automobile-wearable-devices-worldwide#/,pending,0,0,
504,https://www.indiegogo.com//projects/autobrush-for-kids-child-dental-care-breakthrough#/,pending,0,0,
505,https://www.indiegogo.com//projects/autofocusing-10w-dual-laser-cutter-engraver#/,pending,0,0,
506,https://www.indiegogo.com//projects/autopusher-automatic-flushing-water-device#/,pending,0,0,
507,https://www.indiegogo.com//projects/autosprout-the-future-of-home-sprouting#/,pending,0,0,
508,https://www.indiegogo.com//projects/autumnal-city-the-journals-of-samuel-r-delany--4#/,pending,0,0,
509,https://www.indiegogo.com//projects/ava-4k-wirelesshd-next-gen-touch-monitor#/,pending,0,0,
510,https://www.indiegogo.com//projects/ava-fertility-bracelet-women-s-health-tracker#/,pending,0,0,
511,https://www.indiegogo.com//projects/avant-garden-lab-is-back-to-the-fragrance-market#/,pending,0,0,
512,https://www.indiegogo.com//projects/avatwist-mobile-app#/,pending,0,0,
513,https://www.indiegogo.com//projects/aventi-a-10-a-supercar-on-your-wrist#/,pending,0,0,
514,https://www.indiegogo.com//projects/aviation-for-wildlife-conservation#/,pending,0,0,
515,https://www.indiegogo.com//projects/awake--9#/,pending,0,0,
516,https://www.indiegogo.com//projects/award-winning-3-in-1-hyperchargers#/,pending,0,0,
517,https://www.indiegogo.com//projects/awareness-psa-campaign-don-t-let-a-friend-die-of-overdose-call-911#/,pending,0,0,
518,https://www.indiegogo.com//projects/aweh-africa-backpackers-gets-started#/,pending,0,0,
519,https://www.indiegogo.com//projects/axis-iphone-5-case#/,pending,0,0,
520,https://www.indiegogo.com//projects/axum-world-s-best-workout-earbuds-never-fall#/,pending,0,0,
521,https://www.indiegogo.com//projects/axxis-hand-axe-the-power-of-an-axe-in-your-pocket#/,pending,0,0,
522,https://www.indiegogo.com//projects/ayahuasca-reader-encounters-with-the-healing-vine#/,pending,0,0,
523,https://www.indiegogo.com//projects/ayahuasca-research-center#/,pending,0,0,
524,https://www.indiegogo.com//projects/ayo-light-based-personal-energy-system--3#/,pending,0,0,
525,https://www.indiegogo.com//projects/ayso-children-s-soccer-fields#/,pending,0,0,
526,https://www.indiegogo.com//projects/ayudanos-a-construir-una-escuela-sustentable#/,pending,0,0,
527,https://www.indiegogo.com//projects/ayudar-a-50-ninos-con-cancer#/,pending,0,0,
528,https://www.indiegogo.com//projects/azio-foqo-keyboard-with-customizable-control-knob#/,pending,0,0,
529,https://www.indiegogo.com//projects/azio-izo-vibrant-intuitive-wireless-keyboard-set--2#/,pending,0,0,
530,https://www.indiegogo.com//projects/azzpizza-order-eat-earn-azz-tokens#/,pending,0,0,
531,https://www.indiegogo.com//projects/b-a-champion-for-charity#/,pending,0,0,
532,https://www.indiegogo.com//projects/b-brave-backpacks-celebrate-historical-superheroes#/,pending,0,0,
533,https://www.indiegogo.com//projects/b-c-teacher-food-bank-drive#/,pending,0,0,
534,https://www.indiegogo.com//projects/b-d-planter-beauty-for-your-beautiful-plants#/,pending,0,0,
535,https://www.indiegogo.com//projects/b-r-a-n-d-d-handmade-in-amsterdam#/,pending,0,0,
536,https://www.indiegogo.com//projects/babusty#/,pending,0,0,
537,https://www.indiegogo.com//projects/baby-brain-organics#/,pending,0,0,
538,https://www.indiegogo.com//projects/baby-cosmotron-needs-transportation#/,pending,0,0,
539,https://www.indiegogo.com//projects/baby-for-adam-and-amy#/,pending,0,0,
540,https://www.indiegogo.com//projects/baby-greyson-needs-your-help#/,pending,0,0,
541,https://www.indiegogo.com//projects/baby-headsup-control-infants-head-deformity#/,pending,0,0,
542,https://www.indiegogo.com//projects/baby-jayraiah-s-surgery#/,pending,0,0,
543,https://www.indiegogo.com//projects/baby-just-two-weeks-old-needs-your-help#/,pending,0,0,
544,https://www.indiegogo.com//projects/baby-milk-for-gaza-neonates-appeal#/,pending,0,0,
545,https://www.indiegogo.com//projects/baby-milk-gaza-neonates-iii#/,pending,0,0,
546,https://www.indiegogo.com//projects/baby-time#/,pending,0,0,
547,https://www.indiegogo.com//projects/baby-vital-signs-monitor#/,pending,0,0,
548,https://www.indiegogo.com//projects/baby-zhou-hao#/,pending,0,0,
549,https://www.indiegogo.com//projects/back-2-school-book-bag-buffet#/,pending,0,0,
550,https://www.indiegogo.com//projects/back-in-tchad#/,pending,0,0,
551,https://www.indiegogo.com//projects/back-on-her-pedals#/,pending,0,0,
552,https://www.indiegogo.com//projects/back-shelter-the-backpack-with-a-built-in-tent#/,pending,0,0,
553,https://www.indiegogo.com//projects/back-to-bikol-earth-blocks-for-change--3#/,pending,0,0,
554,https://www.indiegogo.com//projects/back-to-moisture-the-diy-back-moisturizing-product#/,pending,0,0,
555,https://www.indiegogo.com//projects/back-to-roots-by-ingeborg-steenhorst#/,pending,0,0,
556,https://www.indiegogo.com//projects/back-to-school-with-zenworks-yoga#/,pending,0,0,
557,https://www.indiegogo.com//projects/backalive-ultimate-back-pain-relief#/,pending,0,0,
558,https://www.indiegogo.com//projects/backing-blewitt--8#/,pending,0,0,
559,https://www.indiegogo.com//projects/backosage-8-in-1-decompression-massage-belt#/,pending,0,0,
560,https://www.indiegogo.com//projects/backpacks-for-children#/,pending,0,0,
561,https://www.indiegogo.com//projects/bacsa-smart-car-seat#/,pending,0,0,
562,https://www.indiegogo.com//projects/badulla-landslide-victims#/,pending,0,0,
563,https://www.indiegogo.com//projects/bag-for-a-bag-one-for-you-one-for-the-homeless#/,pending,0,0,
564,https://www.indiegogo.com//projects/bag-inspired-by-the-love-of-travel-smart-design--2#/,pending,0,0,
565,https://www.indiegogo.com//projects/bags-for-bliss#/,pending,0,0,
566,https://www.indiegogo.com//projects/bags-nicaragua-children-s-circus-tour#/,pending,0,0,
567,https://www.indiegogo.com//projects/bags-that-reversepoverty#/,pending,0,0,
568,https://www.indiegogo.com//projects/baja-glamping--2#/,pending,0,0,
569,https://www.indiegogo.com//projects/bajao-cabin-all-in-one-tent-for-your-paddleboard#/,pending,0,0,
570,https://www.indiegogo.com//projects/bake-brew-coffee-house#/,pending,0,0,
571,https://www.indiegogo.com//projects/bake-it-off#/,pending,0,0,
572,https://www.indiegogo.com//projects/baking-bad-meals-inspired-by-breaking-bad--2#/,pending,0,0,
573,https://www.indiegogo.com//projects/baktuli-the-perfect-workout-towel#/,pending,0,0,
574,https://www.indiegogo.com//projects/balance-180-gymnastics-for-all-kids#/,pending,0,0,
575,https://www.indiegogo.com//projects/balance-of-nature-fruits-and-veggies#/,pending,0,0,
576,https://www.indiegogo.com//projects/bali-elementary-school-fundraising-project#/,pending,0,0,
577,https://www.indiegogo.com//projects/balight-customizes-your-bike-wheel-display#/,pending,0,0,
578,https://www.indiegogo.com//projects/balluga-the-world-s-smartest-bed#/,pending,0,0,
579,https://www.indiegogo.com//projects/bam-dice-the-new-open-standard-for-arduino-based-3d-printers-and-more#/,pending,0,0,
580,https://www.indiegogo.com//projects/bam-free-book-a-month-club-for-1st-graders-in-cleveland#/,pending,0,0,
581,https://www.indiegogo.com//projects/bamboo-shop-tree--3#/,pending,0,0,
582,https://www.indiegogo.com//projects/bananas#/,pending,0,0,
583,https://www.indiegogo.com//projects/bandana-zx-pro-keep-your-head-strong#/,pending,0,0,
584,https://www.indiegogo.com//projects/bandwidth-savings-secured-internet#/,pending,0,0,
585,https://www.indiegogo.com//projects/barbossa-straighten-wild-beard-hairs-in-minutes#/,pending,0,0,
586,https://www.indiegogo.com//projects/barefoot-outreach-2013#/,pending,0,0,
587,https://www.indiegogo.com//projects/barnabas-gerei-apparel#/,pending,0,0,
588,https://www.indiegogo.com//projects/barsun-men-s-swimwear#/,pending,0,0,
589,https://www.indiegogo.com//projects/bartr-app-discovery-round--4#/,pending,0,0,
590,https://www.indiegogo.com//projects/bartz-barbecue-catering#/,pending,0,0,
591,https://www.indiegogo.com//projects/baseball-league-for-youth-with-autism#/,pending,0,0,
592,https://www.indiegogo.com//projects/baseqi-of-128gb-storage-expansion-card-for-macbook#/,pending,0,0,
593,https://www.indiegogo.com//projects/bat-glove-for-the-blind#/,pending,0,0,
594,https://www.indiegogo.com//projects/bath-diamond-bath-bomb-with-natural-glow-crystals#/,pending,0,0,
595,https://www.indiegogo.com//projects/bath-spa-fashion-show-fund-2015#/,pending,0,0,
596,https://www.indiegogo.com//projects/batterypal-the-first-smart-charging-cable#/,pending,0,0,
597,https://www.indiegogo.com//projects/battle-for-7-year-old-safiya-s-healing-continues#/,pending,0,0,
598,https://www.indiegogo.com//projects/baveltravel#/,pending,0,0,
599,https://www.indiegogo.com//projects/baxbag-world-s-best-posture-correcting-backpack#/,pending,0,0,
600,https://www.indiegogo.com//projects/bay-area-booster-code#/,pending,0,0,
601,https://www.indiegogo.com//projects/bbb-b-meet-umbrella-2-0#/,pending,0,0,
602,https://www.indiegogo.com//projects/bbee-the-cheapest-voip-app-to-call-the-world#/,pending,0,0,
603,https://www.indiegogo.com//projects/bbox-2-digital-electronics-integrated-circuits#/,pending,0,0,
604,https://www.indiegogo.com//projects/bc-pre-vis-the-breast-cancer-previsualization-app#/,pending,0,0,
605,https://www.indiegogo.com//projects/bcf-the-great-race-david-s-wealth#/,pending,0,0,
606,https://www.indiegogo.com//projects/be-a-part-of-discovery#/,pending,0,0,
607,https://www.indiegogo.com//projects/be-a-part-of-the-rock-camp-movement#/,pending,0,0,
608,https://www.indiegogo.com//projects/be-a-part-of-vancouver-s-first-ever-dedicated-biodynamic-craniosacral-clinic#/,pending,0,0,
609,https://www.indiegogo.com//projects/be-a-peace-of-the-puzzle-for-cities-in-conflict--3#/,pending,0,0,
610,https://www.indiegogo.com//projects/be-creative--3#/,pending,0,0,
611,https://www.indiegogo.com//projects/be-different-be-you#/,pending,0,0,
612,https://www.indiegogo.com//projects/be-in-the-know-about-bullying--3#/,pending,0,0,
613,https://www.indiegogo.com//projects/be-noble#/,pending,0,0,
614,https://www.indiegogo.com//projects/be-our-extraordinary-hero-help-families-with-all-types-of-disabilities#/,pending,0,0,
615,https://www.indiegogo.com//projects/be-part-of-the-miracle#/,pending,0,0,
616,https://www.indiegogo.com//projects/be-ready#/,pending,0,0,
617,https://www.indiegogo.com//projects/be-the-uber-for-urban-gardening#/,pending,0,0,
618,https://www.indiegogo.com//projects/be-your-own-champion#/,pending,0,0,
619,https://www.indiegogo.com//projects/beachill-the-smart-eco-friendly-outdoor-mattress#/,pending,0,0,
620,https://www.indiegogo.com//projects/beam-stop-hackers-and-data-collection#/,pending,0,0,
621,https://www.indiegogo.com//projects/bear-bowl-the-cook-pot-that-fits-in-your-pocket#/,pending,0,0,
622,https://www.indiegogo.com//projects/bear-butt-bringing-it-to-the-usa#/,pending,0,0,
623,https://www.indiegogo.com//projects/bear-tracks-protein-bars-to-become-certified-organic#/,pending,0,0,
624,https://www.indiegogo.com//projects/bearbot#/,pending,0,0,
625,https://www.indiegogo.com//projects/beard-family-fund-raiser-for-a-new-beginning#/,pending,0,0,
626,https://www.indiegogo.com//projects/beard-of-love#/,pending,0,0,
627,https://www.indiegogo.com//projects/beat-ball-portable-mini-rechargeable-speaker-for-smartphones-tablets-etc#/,pending,0,0,
628,https://www.indiegogo.com//projects/beat-cancer-with-a-bat#/,pending,0,0,
629,https://www.indiegogo.com//projects/beatmypace#/,pending,0,0,
630,https://www.indiegogo.com//projects/beau-nuage-2-0-the-revolutionary-umbrella#/,pending,0,0,
631,https://www.indiegogo.com//projects/beautiful-and-innovative-vegan-shoes-from-paris#/,pending,0,0,
632,https://www.indiegogo.com//projects/bebird-m10-max-most-versatile-afforable-ear-rod#/,pending,0,0,
633,https://www.indiegogo.com//projects/bebird-world-s-safest-ear-otoscope-cleaner#/,pending,0,0,
634,https://www.indiegogo.com//projects/become-investing-in-children-s-education#/,pending,0,0,
635,https://www.indiegogo.com//projects/become-one-of-teri-s-angels#/,pending,0,0,
636,https://www.indiegogo.com//projects/becoming-maasai-women-leadership-training-for-the-mothers#/,pending,0,0,
637,https://www.indiegogo.com//projects/bee-friendly-beesweek-2013-educational-dvd#/,pending,0,0,
638,https://www.indiegogo.com//projects/beebagz-plastic-free-food-storage#/,pending,0,0,
639,https://www.indiegogo.com//projects/beegeo-save-millions-of-lives#/,pending,0,0,
640,https://www.indiegogo.com//projects/beelance-the-one-tool-to-manage-anything#/,pending,0,0,
641,https://www.indiegogo.com//projects/beeline-chinese#/,pending,0,0,
642,https://www.indiegogo.com//projects/beelink-new-gtr7-gtr7-pro-mini-pc-with-65w-tdp#/,pending,0,0,
643,https://www.indiegogo.com//projects/beer-for-brains-army-mobile-application#/,pending,0,0,
644,https://www.indiegogo.com//projects/before-elixir#/,pending,0,0,
645,https://www.indiegogo.com//projects/beginning-the-adventure-at-iowa-state#/,pending,0,0,
646,https://www.indiegogo.com//projects/behr-claw-attachable-magnetic-boat-retrieving-head#/,pending,0,0,
647,https://www.indiegogo.com//projects/belgian-juniors-to-the-world-gliding-championships#/,pending,0,0,
648,https://www.indiegogo.com//projects/believe--6#/,pending,0,0,
649,https://www.indiegogo.com//projects/bellator-battle-of-arena#/,pending,0,0,
650,https://www.indiegogo.com//projects/belle-vie-premier-health-beauty#/,pending,0,0,
651,https://www.indiegogo.com//projects/bellies-beyond-borders#/,pending,0,0,
652,https://www.indiegogo.com//projects/bello-decode-your-belly-fat-manage-your-health#/,pending,0,0,
653,https://www.indiegogo.com//projects/bello-purify-enhance-your-water-at-home#/,pending,0,0,
654,https://www.indiegogo.com//projects/below-bc-wants-to-raise-25-000#/,pending,0,0,
655,https://www.indiegogo.com//projects/beluvv-s-guardian-one-wearable-device-that-should-be-on-every-parent-s-wish-list#/,pending,0,0,
656,https://www.indiegogo.com//projects/benefit-for-march-of-dimes-in-memory-of-baby-christina-maria-gilmore#/,pending,0,0,
657,https://www.indiegogo.com//projects/bernicce-paris-more-than-a-luxury-brand#/,pending,0,0,
658,https://www.indiegogo.com//projects/best-3-axis-stabilizer-for-iphone-android-phone#/,pending,0,0,
659,https://www.indiegogo.com//projects/best-oxygen-saving-hands-free-underwater-scooter#/,pending,0,0,
660,https://www.indiegogo.com//projects/best-portable-speakers-ships-in-3-days#/,pending,0,0,
661,https://www.indiegogo.com//projects/bethere24#/,pending,0,0,
662,https://www.indiegogo.com//projects/beto-for-nurse#/,pending,0,0,
663,https://www.indiegogo.com//projects/better-than-beats#/,pending,0,0,
664,https://www.indiegogo.com//projects/betterback-perfect-posture-effortlessly#/,pending,0,0,
665,https://www.indiegogo.com//projects/beverly-s-breast-cancer-fund#/,pending,0,0,
666,https://www.indiegogo.com//projects/beyond-existing-technology-and-no-consumables#/,pending,0,0,
667,https://www.indiegogo.com//projects/beyond-sustainability-homes-pilot-project-in-amherst-ma#/,pending,0,0,
668,https://www.indiegogo.com//projects/bfran-yoga#/,pending,0,0,
669,https://www.indiegogo.com//projects/bfrb-quit-kit-to-stop-hair-pulling-skin-picking#/,pending,0,0,
670,https://www.indiegogo.com//projects/bidween-the-revolutionary-app-that-changes-your-way-of-buying-and-selling#/,pending,0,0,
671,https://www.indiegogo.com//projects/big-brawl-a-web-3-nft-game-revolution#/,pending,0,0,
672,https://www.indiegogo.com//projects/big-chair-bible--2#/,pending,0,0,
673,https://www.indiegogo.com//projects/big-events-at-piedmont-park-can-be-better#/,pending,0,0,
674,https://www.indiegogo.com//projects/big-flexible-8x8-rgb-matrix-for-wearables#/,pending,0,0,
675,https://www.indiegogo.com//projects/big-head-volleyball#/,pending,0,0,
676,https://www.indiegogo.com//projects/bigme-galy-world-s-first-e-ink-gallery-3-tablet#/,pending,0,0,
677,https://www.indiegogo.com//projects/bike-a-thon-to-benefit-camp#/,pending,0,0,
678,https://www.indiegogo.com//projects/bike-about-europe#/,pending,0,0,
679,https://www.indiegogo.com//projects/bike-build-coast-to-coast-for-affordable-housing#/,pending,0,0,
680,https://www.indiegogo.com//projects/bike-for-mike#/,pending,0,0,
681,https://www.indiegogo.com//projects/bike-mike-s-better-bike-maintenance-for-nairobi#/,pending,0,0,
682,https://www.indiegogo.com//projects/bike-o-vision-scholastic-outreach-2015#/,pending,0,0,
683,https://www.indiegogo.com//projects/bikes-for-africa#/,pending,0,0,
684,https://www.indiegogo.com//projects/bikram-yoga-teacher-training-thailand-fund#/,pending,0,0,
685,https://www.indiegogo.com//projects/bill-de-blasio-make-it-montessori--2#/,pending,0,0,
686,https://www.indiegogo.com//projects/billings-senior-class-of-2005-reunion#/,pending,0,0,
687,https://www.indiegogo.com//projects/biodegradable-face-shield-to-donate#/,pending,0,0,
688,https://www.indiegogo.com//projects/bioenergy-healing-in-dominica#/,pending,0,0,
689,https://www.indiegogo.com//projects/bionic-lucy#/,pending,0,0,
690,https://www.indiegogo.com//projects/biovyzr-venture-out-breathe-easy#/,pending,0,0,
691,https://www.indiegogo.com//projects/bip-2-0--2#/,pending,0,0,
692,https://www.indiegogo.com//projects/biplate-a-plate-that-reduces-fat-from-your-meal#/,pending,0,0,
693,https://www.indiegogo.com//projects/bird-buddy-a-smart-bird-feeder#/,pending,0,0,
694,https://www.indiegogo.com//projects/birdie-make-your-camera-fly#/,pending,0,0,
695,https://www.indiegogo.com//projects/birth-of-reason-egg-necklace#/,pending,0,0,
696,https://www.indiegogo.com//projects/birthday-fundraiser-for-semester-at-sea#/,pending,0,0,
697,https://www.indiegogo.com//projects/bisecu-the-smartest-bike-lock#/,pending,0,0,
698,https://www.indiegogo.com//projects/bissell-barkbath-2-in-1-dog-bath-and-deep-cleaner#/,pending,0,0,
699,https://www.indiegogo.com//projects/bitchmaster-clothing#/,pending,0,0,
700,https://www.indiegogo.com//projects/bitenergy-smart-battery#/,pending,0,0,
701,https://www.indiegogo.com//projects/bitten-now-mosquitoes-make-sense#/,pending,0,0,
702,https://www.indiegogo.com//projects/bitybean-cleverly-compact-child-carrier#/,pending,0,0,
703,https://www.indiegogo.com//projects/bitzblade-2-0-the-last-multi-tool-you-ll-need#/,pending,0,0,
704,https://www.indiegogo.com//projects/bixegear-discover-the-new-special-bike#/,pending,0,0,
705,https://www.indiegogo.com//projects/bjj-4-change-helping-kids-around-the-world#/,pending,0,0,
706,https://www.indiegogo.com//projects/black-beasts#/,pending,0,0,
707,https://www.indiegogo.com//projects/black-belt-in-heels#/,pending,0,0,
708,https://www.indiegogo.com//projects/black-forest-bowtruckles-quidditch-team#/,pending,0,0,
709,https://www.indiegogo.com//projects/black-girl-tamales--3#/,pending,0,0,
710,https://www.indiegogo.com//projects/black-market-short-film#/,pending,0,0,
711,https://www.indiegogo.com//projects/blackview-bl6000-pro-the-best-5g-outdoor-phone#/,pending,0,0,
712,https://www.indiegogo.com//projects/blackview-bv9700-pro-the-toughest-rugged-phone#/,pending,0,0,
713,https://www.indiegogo.com//projects/blackview-most-amazing-uncrackable-smartphone#/,pending,0,0,
714,https://www.indiegogo.com//projects/blade-ultimate-a-i-fitness-wireless-earphones#/,pending,0,0,
715,https://www.indiegogo.com//projects/blake-cognata-find-your-strong#/,pending,0,0,
716,https://www.indiegogo.com//projects/blast-fat-reverse-diabetes-with-plan-it-lean#/,pending,0,0,
717,https://www.indiegogo.com//projects/blastem-smartphone-app-connecting-consumer-to-top-management#/,pending,0,0,
718,https://www.indiegogo.com//projects/blessings-for-serenity#/,pending,0,0,
719,https://www.indiegogo.com//projects/blind-woman-robbed-in-toronto-establishment#/,pending,0,0,
720,https://www.indiegogo.com//projects/blind-wrestling-beauty-and-the-beast#/,pending,0,0,
721,https://www.indiegogo.com//projects/blinklight-bike-led-indicators-and-automatic-stop#/,pending,0,0,
722,https://www.indiegogo.com//projects/blo-2-0-first-wearable-cooling-device-and-diffuser#/,pending,0,0,
723,https://www.indiegogo.com//projects/blo-first-micro-cooling-device-w-essential-oils#/,pending,0,0,
724,https://www.indiegogo.com//projects/blocc-face-shield-designed-for-style-protection#/,pending,0,0,
725,https://www.indiegogo.com//projects/blockit#/,pending,0,0,
726,https://www.indiegogo.com//projects/blockwhales-the-ultimate-waterproof-shoe-cover#/,pending,0,0,
727,https://www.indiegogo.com//projects/blokwat-the-most-hi-tech-notebooks#/,pending,0,0,
728,https://www.indiegogo.com//projects/blood-bank-competitve-t-fps-play-to-earn-money#/,pending,0,0,
729,https://www.indiegogo.com//projects/blood-brothers-the-awesome-comic#/,pending,0,0,
730,https://www.indiegogo.com//projects/bloody-hell-hot-sauce-be-a-part-of-our-future#/,pending,0,0,
731,https://www.indiegogo.com//projects/bloomington-chocolate-company-sweet-rewards#/,pending,0,0,
732,https://www.indiegogo.com//projects/blossomsib-concentrate-of-youth-from-siberia#/,pending,0,0,
733,https://www.indiegogo.com//projects/blue-earth-compost-levels-up--2#/,pending,0,0,
734,https://www.indiegogo.com//projects/bluegold-27000mah-dual-usb-c-power-bank#/,pending,0,0,
735,https://www.indiegogo.com//projects/bluegold-all-in-one-130w-power-station#/,pending,0,0,
736,https://www.indiegogo.com//projects/bluesmart-series-2-smart-luggage-system#/,pending,0,0,
737,https://www.indiegogo.com//projects/bluetooth-iphone-smart-accessory#/,pending,0,0,
738,https://www.indiegogo.com//projects/bluetti-ac200-most-versatile-solar-power-station#/,pending,0,0,
739,https://www.indiegogo.com//projects/bluetti-ac500-b300s-home-backup-power-station#/,pending,0,0,
740,https://www.indiegogo.com//projects/blueyecon-movement#/,pending,0,0,
741,https://www.indiegogo.com//projects/blumoo-remote-control-and-streaming-from-mobile-devices-to-existing-systems#/,pending,0,0,
742,https://www.indiegogo.com//projects/blurams-always-ready-ai-fueled-smart-doorbell#/,pending,0,0,
743,https://www.indiegogo.com//projects/blusaigon-mother-of-pearl-legacy-pen-collection#/,pending,0,0,
744,https://www.indiegogo.com//projects/bmola-go-the-most-advanced-portable-air-purifier#/,pending,0,0,
745,https://www.indiegogo.com//projects/bob-s-ski-and-snowboard-guide#/,pending,0,0,
746,https://www.indiegogo.com//projects/bobelo-the-1st-self-carbonating-healthy-beverage#/,pending,0,0,
747,https://www.indiegogo.com//projects/boce-coaster-a-beverage-revolution#/,pending,0,0,
748,https://www.indiegogo.com//projects/bodega-kitchen-and-cocktails#/,pending,0,0,
749,https://www.indiegogo.com//projects/bodybrush-bodycare-kit#/,pending,0,0,
750,https://www.indiegogo.com//projects/bodyfood-dental-changing-oral-hygiene-in-one-drop#/,pending,0,0,
751,https://www.indiegogo.com//projects/bodypedia-the-most-powerful-body-composition-scale#/,pending,0,0,
752,https://www.indiegogo.com//projects/boek-de-ademrevolutie#/,pending,0,0,
753,https://www.indiegogo.com//projects/boek-geen-beschuit-met-muisjes#/,pending,0,0,
754,https://www.indiegogo.com//projects/boggy-boots-playschool#/,pending,0,0,
755,https://www.indiegogo.com//projects/bolt-world-s-1st-usb-c-magnetic-cable-for-macbook#/,pending,0,0,
756,https://www.indiegogo.com//projects/boltz-cutter-cordless-ultrasonic-cutter#/,pending,0,0,
757,https://www.indiegogo.com//projects/bonbaby-gro-monitor-your-baby-s-growth-at-home#/,pending,0,0,
758,https://www.indiegogo.com//projects/bonding-europe-10000-km-45-days-2-friends-your-sign-in-europe#/,pending,0,0,
759,https://www.indiegogo.com//projects/bone-kush#/,pending,0,0,
760,https://www.indiegogo.com//projects/bone-up-on-new-technology-petcare-petpassport#/,pending,0,0,
761,https://www.indiegogo.com//projects/bonjour-the-smart-alarm-clock-with-voice-command#/,pending,0,0,
762,https://www.indiegogo.com//projects/boobicles#/,pending,0,0,
763,https://www.indiegogo.com//projects/boobs-for-gideon#/,pending,0,0,
764,https://www.indiegogo.com//projects/book-donation-to-puerto-rico#/,pending,0,0,
765,https://www.indiegogo.com//projects/book-intuitive-art-created-during-yoga-tt#/,pending,0,0,
766,https://www.indiegogo.com//projects/book-rethinking-sexism-gender-and-sexuality#/,pending,0,0,
767,https://www.indiegogo.com//projects/booking-views-the-ultimate-travel-experience#/,pending,0,0,
768,https://www.indiegogo.com//projects/books-bangers#/,pending,0,0,
769,https://www.indiegogo.com//projects/books-for-native-american-children#/,pending,0,0,
770,https://www.indiegogo.com//projects/books-for-the-students-of-cuzco--5#/,pending,0,0,
771,https://www.indiegogo.com//projects/books-on-the-beach-the-lakefront-literacy-project#/,pending,0,0,
772,https://www.indiegogo.com//projects/boombi-the-vertical-farming-revolution-at-home#/,pending,0,0,
773,https://www.indiegogo.com//projects/boomboom-the-world-s-first-energizing-inhaler#/,pending,0,0,
774,https://www.indiegogo.com//projects/boone-or-bust-goal-reached#/,pending,0,0,
775,https://www.indiegogo.com//projects/boost-fin-electric-motorized-fin-for-any-board#/,pending,0,0,
776,https://www.indiegogo.com//projects/bootcamp900#/,pending,0,0,
777,https://www.indiegogo.com//projects/boslla-world-s-first-4-color-car-led-headlight#/,pending,0,0,
778,https://www.indiegogo.com//projects/bosnian-youth-football-campaign#/,pending,0,0,
779,https://www.indiegogo.com//projects/botshabelo-project#/,pending,0,0,
780,https://www.indiegogo.com//projects/bottle-caps-for-wounded-soldiers#/,pending,0,0,
781,https://www.indiegogo.com//projects/bouldering-world-cup-toronto#/,pending,0,0,
782,https://www.indiegogo.com//projects/bounz-the-app-that-sets-your-posts-free#/,pending,0,0,
783,https://www.indiegogo.com//projects/box-jump#/,pending,0,0,
784,https://www.indiegogo.com//projects/boxes-of-hope-and-love#/,pending,0,0,
785,https://www.indiegogo.com//projects/boxing-ring-for-talented-kids-in-gultepe-istanbul#/,pending,0,0,
786,https://www.indiegogo.com//projects/boy-s-and-men-s-rites-of-passage#/,pending,0,0,
787,https://www.indiegogo.com//projects/boys-girls-club-gives-kids-a-safe-place-to-go-this-summer#/,pending,0,0,
788,https://www.indiegogo.com//projects/bp3-20-backpack-unique-gym-office-travel-bag#/,pending,0,0,
789,https://www.indiegogo.com//projects/bradley-krueger-at-the-sasha-makila-conducting-masterclass-in-mikkeli-finland#/,pending,0,0,
790,https://www.indiegogo.com//projects/brads-benefit#/,pending,0,0,
791,https://www.indiegogo.com//projects/brady-and-amanda-s-honeymoon-in-jurassic-park--2#/,pending,0,0,
792,https://www.indiegogo.com//projects/brain-injury-education-for-survivors#/,pending,0,0,
793,https://www.indiegogo.com//projects/brain-surgery-for-brooke#/,pending,0,0,
794,https://www.indiegogo.com//projects/brain-tumour-relief-fund-for-john-davidson#/,pending,0,0,
795,https://www.indiegogo.com//projects/brainplus-smart-device-for-your-better-brain#/,pending,0,0,
796,https://www.indiegogo.com//projects/brakefree-the-smart-brake-light-for-motorcyclists#/,pending,0,0,
797,https://www.indiegogo.com//projects/brand-by-antonio-brice-and-caanan-white#/,pending,0,0,
798,https://www.indiegogo.com//projects/brandeis-goes-to-the-people-s-climate-march#/,pending,0,0,
799,https://www.indiegogo.com//projects/brandon-kramm-memorial-scholarship-fund#/,pending,0,0,
800,https://www.indiegogo.com//projects/brandon-magruder-fund#/,pending,0,0,
801,https://www.indiegogo.com//projects/brandon-ray-motorcycle-fund#/,pending,0,0,
802,https://www.indiegogo.com//projects/brave-new-voices-2012--2#/,pending,0,0,
803,https://www.indiegogo.com//projects/bravo-x-sling-the-ultimate-anti-theft-bag#/,pending,0,0,
804,https://www.indiegogo.com//projects/bravo-x10-true-wireless-earbuds#/,pending,0,0,
805,https://www.indiegogo.com//projects/bray-media-mvp-launch#/,pending,0,0,
806,https://www.indiegogo.com//projects/brazilian-butt-lift#/,pending,0,0,
807,https://www.indiegogo.com//projects/brazilian-jiu-jitsu-martial-art-program-in-a-charter-school#/,pending,0,0,
808,https://www.indiegogo.com//projects/bread-beaker-a-new-element-in-flavor#/,pending,0,0,
809,https://www.indiegogo.com//projects/bread-butter-oakland-fundraiser#/,pending,0,0,
810,https://www.indiegogo.com//projects/bread-circuses#/,pending,0,0,
811,https://www.indiegogo.com//projects/breaking-boundaries-crusading-change#/,pending,0,0,
812,https://www.indiegogo.com//projects/breaking-free-from-psychiatric-drugs#/,pending,0,0,
813,https://www.indiegogo.com//projects/breakthrough-treatment-for-degenerative-diseases#/,pending,0,0,
814,https://www.indiegogo.com//projects/breast-cancer-battle#/,pending,0,0,
815,https://www.indiegogo.com//projects/breast-cancer-fundraiser-for-sharon#/,pending,0,0,
816,https://www.indiegogo.com//projects/breast-cancer-prevention-project#/,pending,0,0,
817,https://www.indiegogo.com//projects/breast-cancer-ultrasound-screening-herscan-com#/,pending,0,0,
818,https://www.indiegogo.com//projects/breast-surgery-patient-needs-help#/,pending,0,0,
819,https://www.indiegogo.com//projects/breath-of-my-heart-birthplace#/,pending,0,0,
820,https://www.indiegogo.com//projects/breathacoustics-all-in-one-headset#/,pending,0,0,
821,https://www.indiegogo.com//projects/breathtakie-breath-freshness-and-bac-analyzer#/,pending,0,0,
822,https://www.indiegogo.com//projects/breeze-hair-hand-dryer-like-you-ve-never-seen#/,pending,0,0,
823,https://www.indiegogo.com//projects/brent-thomas-crossfit-level-1-certificate#/,pending,0,0,
824,https://www.indiegogo.com//projects/breve-s-next-chapter-the-burrow-cafe#/,pending,0,0,
825,https://www.indiegogo.com//projects/brickspower-first-ever-true-wireless-charger#/,pending,0,0,
826,https://www.indiegogo.com//projects/bridge-the-gap-critical-cardiac-care-in-rwanda#/,pending,0,0,
827,https://www.indiegogo.com//projects/bridges-harmony-through-music#/,pending,0,0,
828,https://www.indiegogo.com//projects/bridging-the-digital-divide-in-gambia#/,pending,0,0,
829,https://www.indiegogo.com//projects/bridging-two-cultures-in-the-amazon-through-photography#/,pending,0,0,
830,https://www.indiegogo.com//projects/brighton-school-board-meetings-video-2015#/,pending,0,0,
831,https://www.indiegogo.com//projects/brilliant-guard-solid-secure-smart-padlock-system#/,pending,0,0,
832,https://www.indiegogo.com//projects/bring-a-financial-community-space-to-red-hook#/,pending,0,0,
833,https://www.indiegogo.com//projects/bring-a-smile-to-a-child-christmas-campaign#/,pending,0,0,
834,https://www.indiegogo.com//projects/bring-arts-back-to-school#/,pending,0,0,
835,https://www.indiegogo.com//projects/bring-back-alex-pollard-s-exam-notes#/,pending,0,0,
836,https://www.indiegogo.com//projects/bring-back-hope-to-aleksu-in-her-fight-against-neurological-lyme-disease#/,pending,0,0,
837,https://www.indiegogo.com//projects/bring-back-the-creative-outlet-for-millions#/,pending,0,0,
838,https://www.indiegogo.com//projects/bring-back-word-up-community-bookshop#/,pending,0,0,
839,https://www.indiegogo.com//projects/bring-birth-centers-back-to-nj#/,pending,0,0,
840,https://www.indiegogo.com//projects/bring-clean-light-to-india#/,pending,0,0,
841,https://www.indiegogo.com//projects/bring-dietrich-home-to-australia#/,pending,0,0,
842,https://www.indiegogo.com//projects/bring-get-naughty-to-the-fringe-festival#/,pending,0,0,
843,https://www.indiegogo.com//projects/bring-light-bright-create-to-the-orpheum#/,pending,0,0,
844,https://www.indiegogo.com//projects/bring-my-man-home-for-dad#/,pending,0,0,
845,https://www.indiegogo.com//projects/bring-raise-the-wage-news-to-the-airwaves#/,pending,0,0,
846,https://www.indiegogo.com//projects/bring-scuba-diving-to-downtown-houston#/,pending,0,0,
847,https://www.indiegogo.com//projects/bring-sexy-back#/,pending,0,0,
848,https://www.indiegogo.com//projects/bring-the-arts-to-verdun#/,pending,0,0,
849,https://www.indiegogo.com//projects/bring-the-jck-foundation-to-su#/,pending,0,0,
850,https://www.indiegogo.com//projects/bring-tsitsi-her-famil#/,pending,0,0,
851,https://www.indiegogo.com//projects/bringing-back-science-education-at-the-observatory#/,pending,0,0,
852,https://www.indiegogo.com//projects/bringing-bc-s-jewish-history-to-everyone#/,pending,0,0,
853,https://www.indiegogo.com//projects/bringing-more-music-therapy-to-myanmar--2#/,pending,0,0,
854,https://www.indiegogo.com//projects/bringing-music-therapy-to-myanmar#/,pending,0,0,
855,https://www.indiegogo.com//projects/bringing-solar-rollers-to-texas#/,pending,0,0,
856,https://www.indiegogo.com//projects/bringing-stem-to-students#/,pending,0,0,
857,https://www.indiegogo.com//projects/bringrr-the-most-advanced-bluetooth-smart-tag-that-locates-your-things--2#/,pending,0,0,
858,https://www.indiegogo.com//projects/brinno-duo-smart-peephole-home-security-camera#/,pending,0,0,
859,https://www.indiegogo.com//projects/british-studies-fundraiser#/,pending,0,0,
860,https://www.indiegogo.com//projects/brixo-building-blocks-meet-electricity-and-iot#/,pending,0,0,
861,https://www.indiegogo.com//projects/broad-street-maps#/,pending,0,0,
862,https://www.indiegogo.com//projects/broken-jaw#/,pending,0,0,
863,https://www.indiegogo.com//projects/brookfeild-east-hs-technology-club-and-makerspace#/,pending,0,0,
864,https://www.indiegogo.com//projects/brooklyn-bailey-s-lash-next-door-mascara#/,pending,0,0,
865,https://www.indiegogo.com//projects/broski-lety-hifi-noise-cancelling-headphones#/,pending,0,0,
866,https://www.indiegogo.com//projects/brtables-presents#/,pending,0,0,
867,https://www.indiegogo.com//projects/bruins-in-new-orleans#/,pending,0,0,
868,https://www.indiegogo.com//projects/bruno-mital-education-fund-b-positive#/,pending,0,0,
869,https://www.indiegogo.com//projects/brunt-clip-magnetic-clip-band-and-more#/,pending,0,0,
870,https://www.indiegogo.com//projects/brutas-the-badass-1#/,pending,0,0,
871,https://www.indiegogo.com//projects/bsla-first-in-family-humanist-scholarship#/,pending,0,0,
872,https://www.indiegogo.com//projects/bsla-first-in-the-family-humanist-scholarship-fund#/,pending,0,0,
873,https://www.indiegogo.com//projects/bthive-next-generation-torrent-indexer-and-search-engine#/,pending,0,0,
874,https://www.indiegogo.com//projects/bubble3-smiletogether-mask-reclaim-your-identity#/,pending,0,0,
875,https://www.indiegogo.com//projects/buck-s-burley-men-s-grooming#/,pending,0,0,
876,https://www.indiegogo.com//projects/buddhist-education-for-social-transformation-travel-fund#/,pending,0,0,
877,https://www.indiegogo.com//projects/buddie-mask#/,pending,0,0,
878,https://www.indiegogo.com//projects/buddie-power-bank-with-interchangeable-tools#/,pending,0,0,
879,https://www.indiegogo.com//projects/buddy-your-family-s-companion-robot#/,pending,0,0,
880,https://www.indiegogo.com//projects/buddypress-bbpress-glotpress-development#/,pending,0,0,
881,https://www.indiegogo.com//projects/budtinder-let-us-bring-the-green-thumb-to-you#/,pending,0,0,
882,https://www.indiegogo.com//projects/budu-a-modular-phone-case-that-adapts-to-you#/,pending,0,0,
883,https://www.indiegogo.com//projects/build-1st-online-coaching-diversity-learning-lab#/,pending,0,0,
884,https://www.indiegogo.com//projects/build-a-better-bridge#/,pending,0,0,
885,https://www.indiegogo.com//projects/build-a-bridge-between-schools-round-2#/,pending,0,0,
886,https://www.indiegogo.com//projects/build-a-library-for-eta-ascon-laborers#/,pending,0,0,
887,https://www.indiegogo.com//projects/build-a-library-in-nicaragua#/,pending,0,0,
888,https://www.indiegogo.com//projects/build-a-music-school-and-get-scholarships-to-kids#/,pending,0,0,
889,https://www.indiegogo.com//projects/build-an-english-library-in-morocco#/,pending,0,0,
890,https://www.indiegogo.com//projects/build-an-indoor-ramp-for-skateboarding#/,pending,0,0,
891,https://www.indiegogo.com//projects/build-shekinah-home--2#/,pending,0,0,
892,https://www.indiegogo.com//projects/buildaschool#/,pending,0,0,
893,https://www.indiegogo.com//projects/building-a-new-pc-for-years-to-come--2#/,pending,0,0,
894,https://www.indiegogo.com//projects/building-better-deaf-futures#/,pending,0,0,
895,https://www.indiegogo.com//projects/building-blackboards-in-southern-tanzania#/,pending,0,0,
896,https://www.indiegogo.com//projects/building-hope-a-school-building-for-ceg-kpingni#/,pending,0,0,
897,https://www.indiegogo.com//projects/building-mobile-energy-inventions#/,pending,0,0,
898,https://www.indiegogo.com//projects/building-salesx#/,pending,0,0,
899,https://www.indiegogo.com//projects/building-the-matthew-turner-tall-ship#/,pending,0,0,
900,https://www.indiegogo.com//projects/building-your-own-fitness-bootcamp-on-a-budget#/,pending,0,0,
901,https://www.indiegogo.com//projects/buildingbloc-a-new-and-improved-art-gallery#/,pending,0,0,
902,https://www.indiegogo.com//projects/built-of-the-street-workout-park#/,pending,0,0,
903,https://www.indiegogo.com//projects/bullbird-the-world-s-most-advanced-travel-pillow#/,pending,0,0,
904,https://www.indiegogo.com//projects/bullet-planner-scaffold-for-your-organized-life#/,pending,0,0,
905,https://www.indiegogo.com//projects/bulletproof-jackets-protection-for-everyone#/,pending,0,0,
906,https://www.indiegogo.com//projects/bullied-it-begins-with-the-i#/,pending,0,0,
907,https://www.indiegogo.com//projects/bulo-boost-performance-with-breathing-exercises#/,pending,0,0,
908,https://www.indiegogo.com//projects/bungeechuks#/,pending,0,0,
909,https://www.indiegogo.com//projects/burglary-at-bianca-van-der-heyden-and-kevin-laeremans-apartment#/,pending,0,0,
910,https://www.indiegogo.com//projects/burn-treatment-society-fundraising#/,pending,0,0,
911,https://www.indiegogo.com//projects/burnr-box-a-true-festival-experience#/,pending,0,0,
912,https://www.indiegogo.com//projects/bushwick-forever#/,pending,0,0,
913,https://www.indiegogo.com//projects/business-documentation-mobile-app#/,pending,0,0,
914,https://www.indiegogo.com//projects/bustan-the-ultimate-microgreens-cultivator#/,pending,0,0,
915,https://www.indiegogo.com//projects/buy-a-ball-give-a-ball-kik-soccer#/,pending,0,0,
916,https://www.indiegogo.com//projects/buy-you-a-drink-in-this-case-water#/,pending,0,0,
917,https://www.indiegogo.com//projects/buzz-case#/,pending,0,0,
918,https://www.indiegogo.com//projects/buzz-for-better-sleep-wethm#/,pending,0,0,
919,https://www.indiegogo.com//projects/buzzchek-get-what-s-hot-not-what-s-not#/,pending,0,0,
920,https://www.indiegogo.com//projects/buzzlight-wearable-voice-recorder-id-badge#/,pending,0,0,
921,https://www.indiegogo.com//projects/by-girls-for-real-girls-m-v-collection#/,pending,0,0,
922,https://www.indiegogo.com//projects/bytedrive-safe-secure-digital-data-storage#/,pending,0,0,
923,https://www.indiegogo.com//projects/c60-scooter-performance-portability-affordable#/,pending,0,0,
924,https://www.indiegogo.com//projects/c99-digital-multi-effects-pedal#/,pending,0,0,
925,https://www.indiegogo.com//projects/cable-system-2-0-part-of-magicable-park#/,pending,0,0,
926,https://www.indiegogo.com//projects/cableknife-the-world-s-best-cable-stripper#/,pending,0,0,
927,https://www.indiegogo.com//projects/caddieye-rangefinder-on-your-phone#/,pending,0,0,
928,https://www.indiegogo.com//projects/caffeine-on-demand-online-business-training#/,pending,0,0,
929,https://www.indiegogo.com//projects/cahpsa-cares#/,pending,0,0,
930,https://www.indiegogo.com//projects/cakes-for-kenya#/,pending,0,0,
931,https://www.indiegogo.com//projects/calfpro--2#/,pending,0,0,
932,https://www.indiegogo.com//projects/cali-weights-jewelry-that-works-for-you#/,pending,0,0,
933,https://www.indiegogo.com//projects/calibrex-pro-level-data-on-every-workout#/,pending,0,0,
934,https://www.indiegogo.com//projects/calling-all-angels--2#/,pending,0,0,
935,https://www.indiegogo.com//projects/calm-by-crittear--4#/,pending,0,0,
936,https://www.indiegogo.com//projects/camel-company-alumni-scholarship-fund-ccasf#/,pending,0,0,
937,https://www.indiegogo.com//projects/camel-moon-s-hail-salad-comic-issue-1#/,pending,0,0,
938,https://www.indiegogo.com//projects/cameras-for-kids-storytelling-through-photography#/,pending,0,0,
939,https://www.indiegogo.com//projects/cameroonone#/,pending,0,0,
940,https://www.indiegogo.com//projects/camile-camera-gps-for-cycling--3#/,pending,0,0,
941,https://www.indiegogo.com//projects/camp-cannibal-serving-humanity-until-we-run-out#/,pending,0,0,
942,https://www.indiegogo.com//projects/camp-de-basketball-juillet-2015-de-l-academie-bsa#/,pending,0,0,
943,https://www.indiegogo.com//projects/camp-ninja-warrior-gym-improvements-phases-i-iv#/,pending,0,0,
944,https://www.indiegogo.com//projects/camp-pumziko-power-plan#/,pending,0,0,
945,https://www.indiegogo.com//projects/camp-thunderbird-south-dakota#/,pending,0,0,
946,https://www.indiegogo.com//projects/camp-ya-chesa-boitumelo-mo-nageng#/,pending,0,0,
947,https://www.indiegogo.com//projects/camp-yogaville-scholarship-fund#/,pending,0,0,
948,https://www.indiegogo.com//projects/campagne-terminee-soutenez-le-mooc-gdp-6#/,pending,0,0,
949,https://www.indiegogo.com//projects/campaign-california#/,pending,0,0,
950,https://www.indiegogo.com//projects/campaign-complete#/,pending,0,0,
951,https://www.indiegogo.com//projects/campaign-ended--39#/,pending,0,0,
952,https://www.indiegogo.com//projects/campaign-no-longer-active--4#/,pending,0,0,
953,https://www.indiegogo.com//projects/campground-tales-heard-round-the-fire#/,pending,0,0,
954,https://www.indiegogo.com//projects/camping-with-a-purpose-ended#/,pending,0,0,
955,https://www.indiegogo.com//projects/campmaid-complete-outdoor-cooking-system#/,pending,0,0,
956,https://www.indiegogo.com//projects/campreward-com-go-camping-get-rewarded#/,pending,0,0,
957,https://www.indiegogo.com//projects/campster-full-height-ultra-light-everywhere-chair#/,pending,0,0,
958,https://www.indiegogo.com//projects/campus-bike-sharing-locally-impacting-globally#/,pending,0,0,
959,https://www.indiegogo.com//projects/campus-classifieds-student-textbook-trading-app#/,pending,0,0,
960,https://www.indiegogo.com//projects/can-a-group-of-learned-sunni-muslims-stop-extremism-in-egypt--2#/,pending,0,0,
961,https://www.indiegogo.com//projects/can-you-keep-a-secret--5#/,pending,0,0,
962,https://www.indiegogo.com//projects/can-you-spare-10-to-help-an-american-doctor-who-study-aliens-in-the-uk#/,pending,0,0,
963,https://www.indiegogo.com//projects/canadian-experience-for-mho-refugees#/,pending,0,0,
964,https://www.indiegogo.com//projects/cancelled--121#/,pending,0,0,
965,https://www.indiegogo.com//projects/cancelled--144#/,pending,0,0,
966,https://www.indiegogo.com//projects/cancer-leaves-24-year-old-orphaned#/,pending,0,0,
967,https://www.indiegogo.com//projects/cancer-patient-facing-eviction-while-fighting-for-her-life#/,pending,0,0,
968,https://www.indiegogo.com//projects/cancer-sick-mom-without-life-insurance-my-family-needs-your-help#/,pending,0,0,
969,https://www.indiegogo.com//projects/cancer-taps-out#/,pending,0,0,
970,https://www.indiegogo.com//projects/cancer-took-my-right-testicle-please-help#/,pending,0,0,
971,https://www.indiegogo.com//projects/candice-s-yoga-teacher-training#/,pending,0,0,
972,https://www.indiegogo.com//projects/candles-for-moldova#/,pending,0,0,
973,https://www.indiegogo.com//projects/candy-s-going-to-utrecht-university-netherlands#/,pending,0,0,
974,https://www.indiegogo.com//projects/cane-angel#/,pending,0,0,
975,https://www.indiegogo.com//projects/cano-collection#/,pending,0,0,
976,https://www.indiegogo.com//projects/canon-ivy-rec-clippable-outdoor-camera-sold-out#/,pending,0,0,
977,https://www.indiegogo.com//projects/canstruction-san-francisco#/,pending,0,0,
978,https://www.indiegogo.com//projects/canvapps-com#/,pending,0,0,
979,https://www.indiegogo.com//projects/cap-sur-rdv-2017-avec-catheryne-langford#/,pending,0,0,
980,https://www.indiegogo.com//projects/cape-cool-sport-body-wipe#/,pending,0,0,
981,https://www.indiegogo.com//projects/cape-headphones-indulge-yourself-in-virtual-sound#/,pending,0,0,
982,https://www.indiegogo.com//projects/capell-expansion-2-new-stores#/,pending,0,0,
983,https://www.indiegogo.com//projects/capilano-university-save-the-interactive-design-program#/,pending,0,0,
984,https://www.indiegogo.com//projects/capoeira-fitness-academy-the-beginning#/,pending,0,0,
985,https://www.indiegogo.com//projects/capra-world-s-most-advanced-camping-chair-system#/,pending,0,0,
986,https://www.indiegogo.com//projects/capracare-haitian-community-health-development#/,pending,0,0,
987,https://www.indiegogo.com//projects/capri-audiophile-digital-earphone-with-hi-res-dac--2#/,pending,0,0,
988,https://www.indiegogo.com//projects/capture-real-image-zero-refraction-metal-mirror#/,pending,0,0,
989,https://www.indiegogo.com//projects/captured-by-aliens-send-me-2-siwc-to-learn-how-to-write-my-way-out-of-this-one#/,pending,0,0,
990,https://www.indiegogo.com//projects/cara-to-worlds-in-london#/,pending,0,0,
991,https://www.indiegogo.com//projects/caras-alegres-the-happy-faces#/,pending,0,0,
992,https://www.indiegogo.com//projects/carbo-the-world-s-lightest-folding-electric-bike#/,pending,0,0,
993,https://www.indiegogo.com//projects/carbon-capture-right-at-home#/,pending,0,0,
994,https://www.indiegogo.com//projects/carbon-ultralight-rolling-walker#/,pending,0,0,
995,https://www.indiegogo.com//projects/carbonice-7-in-1-bacteria-protection-pillow--2#/,pending,0,0,
996,https://www.indiegogo.com//projects/cardiia-heart-disease-prevention-in-an-app#/,pending,0,0,
997,https://www.indiegogo.com//projects/cardlax-2-0-portable-massager-fits-in-your-wallet#/,pending,0,0,
998,https://www.indiegogo.com//projects/careergearhouston-missionpossibleveterantransition#/,pending,0,0,
999,https://www.indiegogo.com//projects/caring-for-carol-a-grave-for-our-mother#/,pending,0,0,
1000,https://www.indiegogo.com//projects/carleton-economics-alumni-chapter-operational-fund#/,pending,0,0,
1001,https://www.indiegogo.com//projects/carpet-of-joy-collaborative-eco-art-installation#/,pending,0,0,
1002,https://www.indiegogo.com//projects/carpia-a-bracelet-that-sparkles-with-good-intention#/,pending,0,0,
1003,https://www.indiegogo.com//projects/carro-s-newest-smart-chandelier-ceiling-fan#/,pending,0,0,
1004,https://www.indiegogo.com//projects/carry-on-travel-and-kit-bag-for-wheelchairs#/,pending,0,0,
1005,https://www.indiegogo.com//projects/carser-bars#/,pending,0,0,
1006,https://www.indiegogo.com//projects/cartwheels-full-album-by-fariss-and-eva-ryan#/,pending,0,0,
1007,https://www.indiegogo.com//projects/carvers-sunglasses-by-epicstoke-rediscover-the-sun#/,pending,0,0,
1008,https://www.indiegogo.com//projects/casa-hogar-orphanage-pv-smiles-for-kids#/,pending,0,0,
1009,https://www.indiegogo.com//projects/cascade-pro-trackable-performance-wallets#/,pending,0,0,
1010,https://www.indiegogo.com//projects/case-by-case-the-best-phone-case-ever#/,pending,0,0,
1011,https://www.indiegogo.com//projects/cash-for-my-journey-and-such#/,pending,0,0,
1012,https://www.indiegogo.com//projects/cashcrunch-games-senior-board-game#/,pending,0,0,
1013,https://www.indiegogo.com//projects/castle-bagging#/,pending,0,0,
1014,https://www.indiegogo.com//projects/castor-wooden-watches-relojes-castor-chile#/,pending,0,0,
1015,https://www.indiegogo.com//projects/catalina-straps-bags-made-by-indigenous-artisans#/,pending,0,0,
1016,https://www.indiegogo.com//projects/cate-we-just-want-to-talk#/,pending,0,0,
1017,https://www.indiegogo.com//projects/catfish-noodler-app#/,pending,0,0,
1018,https://www.indiegogo.com//projects/cave-and-karst-library-repairs#/,pending,0,0,
1019,https://www.indiegogo.com//projects/cavell-strong#/,pending,0,0,
1020,https://www.indiegogo.com//projects/caylee-to-costa-rica-with-habitat#/,pending,0,0,
1021,https://www.indiegogo.com//projects/cc-clash-creatives-vs-clients--2#/,pending,0,0,
1022,https://www.indiegogo.com//projects/cchs-defy-the-odds#/,pending,0,0,
1023,https://www.indiegogo.com//projects/celblox-building-for-the-future#/,pending,0,0,
1024,https://www.indiegogo.com//projects/celebrate-the-salah-game#/,pending,0,0,
1025,https://www.indiegogo.com//projects/celebration-house#/,pending,0,0,
1026,https://www.indiegogo.com//projects/celeum#/,pending,0,0,
1027,https://www.indiegogo.com//projects/cellhelmet-screen-protectors-scratched-glass-coverage#/,pending,0,0,
1028,https://www.indiegogo.com//projects/cellmegaphone-a-new-version-of-handsfree#/,pending,0,0,
1029,https://www.indiegogo.com//projects/cellos-on-the-move-billinghurst-golden-strings#/,pending,0,0,
1030,https://www.indiegogo.com//projects/celltack-wearable-magnetic-mounting-system#/,pending,0,0,
1031,https://www.indiegogo.com//projects/cema-locks-free-spinning-mechanical-lug-nuts#/,pending,0,0,
1032,https://www.indiegogo.com//projects/center-for-nutrition-and-education-of-women-and-children-cap-haitien-haiti#/,pending,0,0,
1033,https://www.indiegogo.com//projects/center-for-real-estate-send-our-students-2015#/,pending,0,0,
1034,https://www.indiegogo.com//projects/centered-birth#/,pending,0,0,
1035,https://www.indiegogo.com//projects/central-valley-language-school#/,pending,0,0,
1036,https://www.indiegogo.com//projects/cequest-carbon-capture-via-seawater-electrolysis#/,pending,0,0,
1037,https://www.indiegogo.com//projects/certificate-in-proposal-writing#/,pending,0,0,
1038,https://www.indiegogo.com//projects/certified-organic-cosmeceutical-skincare-by-good-ventures#/,pending,0,0,
1039,https://www.indiegogo.com//projects/cesky-freediving-na-ms-tymu-2012#/,pending,0,0,
1040,https://www.indiegogo.com//projects/chalk-board-game-reviews-season-2-fundraiser#/,pending,0,0,
1041,https://www.indiegogo.com//projects/chalk-rebels-seawater-based-climbing-chalk#/,pending,0,0,
1042,https://www.indiegogo.com//projects/challenge-air-november-10th-2012#/,pending,0,0,
1043,https://www.indiegogo.com//projects/champ#/,pending,0,0,
1044,https://www.indiegogo.com//projects/champion-the-potential-of-young-people#/,pending,0,0,
1045,https://www.indiegogo.com//projects/championships-here-we-come-bear-city-roller-derby#/,pending,0,0,
1046,https://www.indiegogo.com//projects/change-conference#/,pending,0,0,
1047,https://www.indiegogo.com//projects/change-is-contagious#/,pending,0,0,
1048,https://www.indiegogo.com//projects/change-the-culture-of-law-bringing-together-community-lawyers#/,pending,0,0,
1049,https://www.indiegogo.com//projects/change-the-world-support-children-s-oasis-in-educating-kids-in-indonesia#/,pending,0,0,
1050,https://www.indiegogo.com//projects/changepal-portable-functional-crossbody-diaper-bag#/,pending,0,0,
1051,https://www.indiegogo.com//projects/changethenarrative#/,pending,0,0,
1052,https://www.indiegogo.com//projects/changing-jewelry-forever#/,pending,0,0,
1053,https://www.indiegogo.com//projects/changing-lives-of-vietnam-s-underprivileged-youths#/,pending,0,0,
1054,https://www.indiegogo.com//projects/changing-the-world-s-view-of-autism#/,pending,0,0,
1055,https://www.indiegogo.com//projects/changing-travel-with-on-demand-guides#/,pending,0,0,
1056,https://www.indiegogo.com//projects/charby-edge-the-master-key-charging-cable#/,pending,0,0,
1057,https://www.indiegogo.com//projects/charby-sense-world-s-smartest-auto-cutoff-cable#/,pending,0,0,
1058,https://www.indiegogo.com//projects/charge-ninja-battery-to-go#/,pending,0,0,
1059,https://www.indiegogo.com//projects/chargelabs-ip65-wireless-charging-solar-powerbank#/,pending,0,0,
1060,https://www.indiegogo.com//projects/chargeoriginal-longer-durable-usb-cable#/,pending,0,0,
1061,https://www.indiegogo.com//projects/chargest-the-world-s-most-advanced-travel-adapter#/,pending,0,0,
1062,https://www.indiegogo.com//projects/chargesurfing-ev-charging-platform#/,pending,0,0,
1063,https://www.indiegogo.com//projects/charity-queen-of-the-universe--3#/,pending,0,0,
1064,https://www.indiegogo.com//projects/charles-fan-film-post-production#/,pending,0,0,
1065,https://www.indiegogo.com//projects/charlie-the-legend#/,pending,0,0,
1066,https://www.indiegogo.com//projects/charm-city-integrative-health#/,pending,0,0,
1067,https://www.indiegogo.com//projects/charterhouse-exoplanet-project#/,pending,0,0,
1068,https://www.indiegogo.com//projects/chatshoppie-ingenious-future-of-online-shopping#/,pending,0,0,
1069,https://www.indiegogo.com//projects/che-fund#/,pending,0,0,
1070,https://www.indiegogo.com//projects/cheatkard-photography-reference-cards#/,pending,0,0,
1071,https://www.indiegogo.com//projects/cheb-i-sabbah-cancer-treatment-fund--5#/,pending,0,0,
1072,https://www.indiegogo.com//projects/cheerpod-go-anywhere-air-mouse-presentation-tool#/,pending,0,0,
1073,https://www.indiegogo.com//projects/cheers-to-sarajevo#/,pending,0,0,
1074,https://www.indiegogo.com//projects/cherishing-oliver-a-journey-through-mld#/,pending,0,0,
1075,https://www.indiegogo.com//projects/cherry-orchard#/,pending,0,0,
1076,https://www.indiegogo.com//projects/cherrypack-the-charger-re-invented#/,pending,0,0,
1077,https://www.indiegogo.com//projects/chic-pet-bowls-fun-design-healthy-mealtimes-rescue-friendly#/,pending,0,0,
1078,https://www.indiegogo.com//projects/chicago-free-school#/,pending,0,0,
1079,https://www.indiegogo.com//projects/chicago-road-ventures-mbas-social-entrepreneurs#/,pending,0,0,
1080,https://www.indiegogo.com//projects/chicso-the-most-affordable-portable-fingerprint#/,pending,0,0,
1081,https://www.indiegogo.com//projects/chief-sealth-international-high-school-opwall-honduras-expedition#/,pending,0,0,
1082,https://www.indiegogo.com//projects/child-care-center-nepal#/,pending,0,0,
1083,https://www.indiegogo.com//projects/child-vision#/,pending,0,0,
1084,https://www.indiegogo.com//projects/children-of-hope--3#/,pending,0,0,
1085,https://www.indiegogo.com//projects/children-s-garden#/,pending,0,0,
1086,https://www.indiegogo.com//projects/children-s-hospice-emergency-surgery-fund#/,pending,0,0,
1087,https://www.indiegogo.com//projects/children-s-winter-in-gaza#/,pending,0,0,
1088,https://www.indiegogo.com//projects/chill-charters-unforgettable-boat-excursions#/,pending,0,0,
1089,https://www.indiegogo.com//projects/chilo-en-rally-dakar-2018#/,pending,0,0,
1090,https://www.indiegogo.com//projects/china-trip-freshman-year#/,pending,0,0,
1091,https://www.indiegogo.com//projects/chinese-food-therapy-rx-for-self-healing-volume-1#/,pending,0,0,
1092,https://www.indiegogo.com//projects/chlorine-floater#/,pending,0,0,
1093,https://www.indiegogo.com//projects/chocolate-buddha-fundraiser#/,pending,0,0,
1094,https://www.indiegogo.com//projects/chocolate-hub#/,pending,0,0,
1095,https://www.indiegogo.com//projects/chop-top-surgery-fund#/,pending,0,0,
1096,https://www.indiegogo.com//projects/chopsy-food-prep-made-easy#/,pending,0,0,
1097,https://www.indiegogo.com//projects/chris-guatemalan-medical-mission#/,pending,0,0,
1098,https://www.indiegogo.com//projects/christmas-fire-recovery-fund-please-help#/,pending,0,0,
1099,https://www.indiegogo.com//projects/christmas-for-orphanages#/,pending,0,0,
1100,https://www.indiegogo.com//projects/christmas-kindness-cambodian-children-s-shelter#/,pending,0,0,
1101,https://www.indiegogo.com//projects/chroma-surpass-the-conqueror-vol-1#/,pending,0,0,
1102,https://www.indiegogo.com//projects/chrome-fitness#/,pending,0,0,
1103,https://www.indiegogo.com//projects/chromebooks-for-wheeler#/,pending,0,0,
1104,https://www.indiegogo.com//projects/chub-fat-tire-bikes#/,pending,0,0,
1105,https://www.indiegogo.com//projects/chuck-bucket-the-ultimate-trailer-hitch-ski-rack#/,pending,0,0,
1106,https://www.indiegogo.com//projects/church-building-in-savai-i-samoa#/,pending,0,0,
1107,https://www.indiegogo.com//projects/ci-college-republicans-conference-fund#/,pending,0,0,
1108,https://www.indiegogo.com//projects/ciga-design-titanium-skeleton-mechanical-watch#/,pending,0,0,
1109,https://www.indiegogo.com//projects/ciga-design-x-series-titanium-mechanical-watch#/,pending,0,0,
1110,https://www.indiegogo.com//projects/ciga-design-z-series-mechanical-titanium-watch--4#/,pending,0,0,
1111,https://www.indiegogo.com//projects/cigar-router#/,pending,0,0,
1112,https://www.indiegogo.com//projects/cinder-grill-cook-food-perfectly#/,pending,0,0,
1113,https://www.indiegogo.com//projects/cinego-meet-your-personal-immersive-4k-cinema#/,pending,0,0,
1114,https://www.indiegogo.com//projects/cinemics-kids-learn-from-superheroes--2#/,pending,0,0,
1115,https://www.indiegogo.com//projects/circliq-event-management-social-network-platform#/,pending,0,0,
1116,https://www.indiegogo.com//projects/circuitmess-batmobile-a-diy-ai-powered-car#/,pending,0,0,
1117,https://www.indiegogo.com//projects/circular-smart-ring-sleep-energy-performance#/,pending,0,0,
1118,https://www.indiegogo.com//projects/cisor-the-smallest-most-powerful-speaker#/,pending,0,0,
1119,https://www.indiegogo.com//projects/citizen-404-a-realistic-game-about-hacking#/,pending,0,0,
1120,https://www.indiegogo.com//projects/city-of-dreams#/,pending,0,0,
1121,https://www.indiegogo.com//projects/city-one-by-plinius-bikes#/,pending,0,0,
1122,https://www.indiegogo.com//projects/city-surf-charlotte#/,pending,0,0,
1123,https://www.indiegogo.com//projects/city-vagabond-superhero-backpack#/,pending,0,0,
1124,https://www.indiegogo.com//projects/civic-activist#/,pending,0,0,
1125,https://www.indiegogo.com//projects/claim-your-own-cloud-with-cloudlocker#/,pending,0,0,
1126,https://www.indiegogo.com//projects/clairb-bring-clean-air-with-you-everywhere-you-go#/,pending,0,0,
1127,https://www.indiegogo.com//projects/clam-punchers-an-online-webcomic#/,pending,0,0,
1128,https://www.indiegogo.com//projects/claptrap-movie-spoofs-in-a-classic-humorous-vein#/,pending,0,0,
1129,https://www.indiegogo.com//projects/class-of-2015-at-the-american-repertory-theater#/,pending,0,0,
1130,https://www.indiegogo.com//projects/classen-sas-odyssey-of-the-mind#/,pending,0,0,
1131,https://www.indiegogo.com//projects/classrooms-4-christmas#/,pending,0,0,
1132,https://www.indiegogo.com//projects/clean-drinking-water-for-3-villages-in-ghana#/,pending,0,0,
1133,https://www.indiegogo.com//projects/clean-drinking-water-for-the-3rd-world#/,pending,0,0,
1134,https://www.indiegogo.com//projects/clean-energy-summer-camp#/,pending,0,0,
1135,https://www.indiegogo.com//projects/clean-safe-water-for-eugemot-orphanage#/,pending,0,0,
1136,https://www.indiegogo.com//projects/clean-water-changes-lives-join-me#/,pending,0,0,
1137,https://www.indiegogo.com//projects/clean-water-for-the-indigenous-cocama-of-the-amazon-in-colombia#/,pending,0,0,
1138,https://www.indiegogo.com//projects/clean-water-for-verbo-feeding-center#/,pending,0,0,
1139,https://www.indiegogo.com//projects/clean-water-well-in-tanzania-africa#/,pending,0,0,
1140,https://www.indiegogo.com//projects/cleaner-indoor-air-instantly-vent-duster-by-ummbee#/,pending,0,0,
1141,https://www.indiegogo.com//projects/cleanty-world-s-smallest-most-powerful-uvc-led#/,pending,0,0,
1142,https://www.indiegogo.com//projects/cleep-pro-the-smallest-4k-wearable-camera#/,pending,0,0,
1143,https://www.indiegogo.com//projects/clevercaps#/,pending,0,0,
1144,https://www.indiegogo.com//projects/cleverloop-smart-home-security-evolved#/,pending,0,0,
1145,https://www.indiegogo.com//projects/cleverly-titled-fundraising-marathon-for-826chi#/,pending,0,0,
1146,https://www.indiegogo.com//projects/clickmodels-easy-prototyping-for-designers#/,pending,0,0,
1147,https://www.indiegogo.com//projects/clickpack-pro-a-functional-anti-theft-backpack--2#/,pending,0,0,
1148,https://www.indiegogo.com//projects/climbing-kilimanjaro-for-syrian-heroes#/,pending,0,0,
1149,https://www.indiegogo.com//projects/clinical-trials-for-axhilirit-eczema-oil-and-cream#/,pending,0,0,
1150,https://www.indiegogo.com//projects/clint-was-kicking-cancer-s-a-for-us#/,pending,0,0,
1151,https://www.indiegogo.com//projects/clipsum-stand-support-for-smartphone-and-tablet#/,pending,0,0,
1152,https://www.indiegogo.com//projects/clitlogic--3#/,pending,0,0,
1153,https://www.indiegogo.com//projects/cliu-mask-sold-out#/,pending,0,0,
1154,https://www.indiegogo.com//projects/clmbr-the-most-efficient-cardio-strength-machine#/,pending,0,0,
1155,https://www.indiegogo.com//projects/cloina-sustainable-fashion-brand#/,pending,0,0,
1156,https://www.indiegogo.com//projects/clomp-run-easy-burn-more-body-fat#/,pending,0,0,
1157,https://www.indiegogo.com//projects/closca-bike-helmet-safety-functionality-style#/,pending,0,0,
1158,https://www.indiegogo.com//projects/closed-campaign--20#/,pending,0,0,
1159,https://www.indiegogo.com//projects/closed-campaign--27#/,pending,0,0,
1160,https://www.indiegogo.com//projects/clothes-of-the-future-dreamer#/,pending,0,0,
1161,https://www.indiegogo.com//projects/cloud-2-0-vess-by-vistory#/,pending,0,0,
1162,https://www.indiegogo.com//projects/cloud-based-real-time-v-tourism-via-stems-drones#/,pending,0,0,
1163,https://www.indiegogo.com//projects/cloud-computing-for-incredible-sports-training-and-competition#/,pending,0,0,
1164,https://www.indiegogo.com//projects/cloudsclock-cloud-workstation-in-your-clock#/,pending,0,0,
1165,https://www.indiegogo.com//projects/clover-drone#/,pending,0,0,
1166,https://www.indiegogo.com//projects/clover-the-innovative-luxury-bag#/,pending,0,0,
1167,https://www.indiegogo.com//projects/cnoc-telescopic-poles#/,pending,0,0,
1168,https://www.indiegogo.com//projects/cny-relief-effort#/,pending,0,0,
1169,https://www.indiegogo.com//projects/cnyf-carbon-fiber-knife#/,pending,0,0,
1170,https://www.indiegogo.com//projects/co-education-non-profit-school-in-afghanistan#/,pending,0,0,
1171,https://www.indiegogo.com//projects/coast-gravity-park-campaign#/,pending,0,0,
1172,https://www.indiegogo.com//projects/coastal-love-handmade-jewelry#/,pending,0,0,
1173,https://www.indiegogo.com//projects/cocktail-life-shake-sip-enjoy#/,pending,0,0,
1174,https://www.indiegogo.com//projects/cocoleisure-the-innovative-healthy-natural-juice#/,pending,0,0,
1175,https://www.indiegogo.com//projects/coconut-holder-splitter#/,pending,0,0,
1176,https://www.indiegogo.com//projects/coconut-phone-cases-with-the-power-to-change-lives#/,pending,0,0,
1177,https://www.indiegogo.com//projects/code-10-waterproof-lockable-backpacks#/,pending,0,0,
1178,https://www.indiegogo.com//projects/code-for-humanity#/,pending,0,0,
1179,https://www.indiegogo.com//projects/codenepal-free-it-education-for-nepal--2#/,pending,0,0,
1180,https://www.indiegogo.com//projects/coderover-atv-snowcat-diy-robot-kits/coming_soon#/,pending,0,0,
1181,https://www.indiegogo.com//projects/coffea-flair-fashion#/,pending,0,0,
1182,https://www.indiegogo.com//projects/coffeeconnect#/,pending,0,0,
1183,https://www.indiegogo.com//projects/coginko#/,pending,0,0,
1184,https://www.indiegogo.com//projects/coins-4-kids-the-spare-change-warriors-2015#/,pending,0,0,
1185,https://www.indiegogo.com//projects/colabus-the-best-collaboration-platform--2#/,pending,0,0,
1186,https://www.indiegogo.com//projects/colecta-para-actividad-educativa-para-ninos-de-bahia-solano-choco#/,pending,0,0,
1187,https://www.indiegogo.com//projects/colfax-kids-make-movies#/,pending,0,0,
1188,https://www.indiegogo.com//projects/collapsible-sterilizer#/,pending,0,0,
1189,https://www.indiegogo.com//projects/collaration-magnetic-collar-links-collar-stays#/,pending,0,0,
1190,https://www.indiegogo.com//projects/collectible-children-s-travel-books#/,pending,0,0,
1191,https://www.indiegogo.com//projects/collecting-for-susie-s-happiness-and-health#/,pending,0,0,
1192,https://www.indiegogo.com//projects/collection-automne-hiver-2016#/,pending,0,0,
1193,https://www.indiegogo.com//projects/colleen-and-laura-wrestle-the-world#/,pending,0,0,
1194,https://www.indiegogo.com//projects/colleen-s-gvi-internnship-fund#/,pending,0,0,
1195,https://www.indiegogo.com//projects/college-audition-fundraiser#/,pending,0,0,
1196,https://www.indiegogo.com//projects/college-logo-golf-driver-and-putter#/,pending,0,0,
1197,https://www.indiegogo.com//projects/college-planning-for-community-based-organizations#/,pending,0,0,
1198,https://www.indiegogo.com//projects/college-scholarship-fund-for-students-with-autism#/,pending,0,0,
1199,https://www.indiegogo.com//projects/college-women-s-rape-prevention-self-defense-dvd#/,pending,0,0,
1200,https://www.indiegogo.com//projects/colombian-restaurant-expanding-to-littleton-co--2#/,pending,0,0,
1201,https://www.indiegogo.com//projects/colombian-to-oxford#/,pending,0,0,
1202,https://www.indiegogo.com//projects/colorado-springs-waldo-canyon-fire-relief-fund#/,pending,0,0,
1203,https://www.indiegogo.com//projects/colorful-credit-card-sized-bottle-opener#/,pending,0,0,
1204,https://www.indiegogo.com//projects/colorful-leather-sling-strap-for-your-camera#/,pending,0,0,
1205,https://www.indiegogo.com//projects/colours-for-seniors#/,pending,0,0,
1206,https://www.indiegogo.com//projects/colpro-always-keep-your-shirt-collar-clean#/,pending,0,0,
1207,https://www.indiegogo.com//projects/com4tzone-new-experience-of-smart-home-security--2#/,pending,0,0,
1208,https://www.indiegogo.com//projects/combat-jacks#/,pending,0,0,
1209,https://www.indiegogo.com//projects/comfort-food-at-its-finest#/,pending,0,0,
1210,https://www.indiegogo.com//projects/comfortclick-bos-the-first-building-operating-system#/,pending,0,0,
1211,https://www.indiegogo.com//projects/comic-isabel-la-catolica#/,pending,0,0,
1212,https://www.indiegogo.com//projects/comments-lab-rethinking-educational-communication#/,pending,0,0,
1213,https://www.indiegogo.com//projects/commix-app-for-groups-fighting-social-justice#/,pending,0,0,
1214,https://www.indiegogo.com//projects/commonwealth-powerlifting-championships#/,pending,0,0,
1215,https://www.indiegogo.com//projects/community-living-and-healing-in-the-amazon-forest--2#/,pending,0,0,
1216,https://www.indiegogo.com//projects/community-martial-arts-program#/,pending,0,0,
1217,https://www.indiegogo.com//projects/community-scholarship-program#/,pending,0,0,
1218,https://www.indiegogo.com//projects/community-science-with-lichen-life-labs#/,pending,0,0,
1219,https://www.indiegogo.com//projects/community-soccer-indoor-soccer-field#/,pending,0,0,
1220,https://www.indiegogo.com//projects/comonsol-cellular-power-grids#/,pending,0,0,
1221,https://www.indiegogo.com//projects/compact-folding-survival-bow--2#/,pending,0,0,
1222,https://www.indiegogo.com//projects/comparison-site-for-tour-packages#/,pending,0,0,
1223,https://www.indiegogo.com//projects/compassion-in-action-chain-reaction-send-a-kid-to-camp#/,pending,0,0,
1224,https://www.indiegogo.com//projects/comper-eyepaw-get-glowing-attractive-eyes#/,pending,0,0,
1225,https://www.indiegogo.com//projects/comper-smarkin-the-future-of-skincare#/,pending,0,0,
1226,https://www.indiegogo.com//projects/computer-education-for-nicaraguan-students-in-need#/,pending,0,0,
1227,https://www.indiegogo.com//projects/computer-literacy-campaign#/,pending,0,0,
1228,https://www.indiegogo.com//projects/computer-literacy-lab#/,pending,0,0,
1229,https://www.indiegogo.com//projects/con-man#/,pending,0,0,
1230,https://www.indiegogo.com//projects/conciencia-summer-nature-camp#/,pending,0,0,
1231,https://www.indiegogo.com//projects/conduit-touch-synthesizer-delay-filter-by-folktek#/,pending,0,0,
1232,https://www.indiegogo.com//projects/conference-travel-assistance--2#/,pending,0,0,
1233,https://www.indiegogo.com//projects/conferencia-luchas-de-antes-ahora-y-siempre--2#/,pending,0,0,
1234,https://www.indiegogo.com//projects/confident-tiger-stella-sports-bra-sizes-24c-44ll#/,pending,0,0,
1235,https://www.indiegogo.com//projects/connect-college-students-with-chronically-ill-patients-who-need-help-at-home#/,pending,0,0,
1236,https://www.indiegogo.com//projects/connect-one-threads-clothing-with-a-global-impact#/,pending,0,0,
1237,https://www.indiegogo.com//projects/connect-the-kids-nyc#/,pending,0,0,
1238,https://www.indiegogo.com//projects/connected-potential-make-change-happen#/,pending,0,0,
1239,https://www.indiegogo.com//projects/connecticut-elementary-shooting#/,pending,0,0,
1240,https://www.indiegogo.com//projects/connoisseurs-club-cafe#/,pending,0,0,
1241,https://www.indiegogo.com//projects/conor-s-summer-experience-at-berklee#/,pending,0,0,
1242,https://www.indiegogo.com//projects/consciousness-evolution-lv8-contagious-uplift#/,pending,0,0,
1243,https://www.indiegogo.com//projects/consolidating-sustainability#/,pending,0,0,
1244,https://www.indiegogo.com//projects/conspiracy-social-network#/,pending,0,0,
1245,https://www.indiegogo.com//projects/construct-flying-saucer-with-a-i-from-sea-shell#/,pending,0,0,
1246,https://www.indiegogo.com//projects/contakids-cards-a-movement-game-for-families#/,pending,0,0,
1247,https://www.indiegogo.com//projects/continuing-education--3#/,pending,0,0,
1248,https://www.indiegogo.com//projects/contu#/,pending,0,0,
1249,https://www.indiegogo.com//projects/conversations-from-the-open-road-scholarship-fund#/,pending,0,0,
1250,https://www.indiegogo.com//projects/cookies--2#/,pending,0,0,
1251,https://www.indiegogo.com//projects/cookies-yum#/,pending,0,0,
1252,https://www.indiegogo.com//projects/cool-cuke-lapel-pin#/,pending,0,0,
1253,https://www.indiegogo.com//projects/cool-desks-hot-water#/,pending,0,0,
1254,https://www.indiegogo.com//projects/cool-fat-burner-burn-500-calories-with-no-diet#/,pending,0,0,
1255,https://www.indiegogo.com//projects/cool-k-a-wireless-customizable-digital-keyboard--2#/,pending,0,0,
1256,https://www.indiegogo.com//projects/coolbox-the-world-s-smartest-toolbox--3#/,pending,0,0,
1257,https://www.indiegogo.com//projects/coolest-motorized-carryon-that-carries-you#/,pending,0,0,
1258,https://www.indiegogo.com//projects/coolmasks#/,pending,0,0,
1259,https://www.indiegogo.com//projects/coolpeds-carryone-the-most-compact-e-transporter#/,pending,0,0,
1260,https://www.indiegogo.com//projects/coolpeds-ibike-2-the-most-affordable-ebike#/,pending,0,0,
1261,https://www.indiegogo.com//projects/coolpeds-world-s-lightest-e-scooter-backpack#/,pending,0,0,
1262,https://www.indiegogo.com//projects/corbing-the-new-core-and-balance-training#/,pending,0,0,
1263,https://www.indiegogo.com//projects/cords-for-the-cure-help-support-cancer-research#/,pending,0,0,
1264,https://www.indiegogo.com//projects/corepro-activate-your-core#/,pending,0,0,
1265,https://www.indiegogo.com//projects/corn-creek-growers-greenhouse#/,pending,0,0,
1266,https://www.indiegogo.com//projects/corro-fit#/,pending,0,0,
1267,https://www.indiegogo.com//projects/cortazu-ultimate-outerwear-at-revolutionary-price#/,pending,0,0,
1268,https://www.indiegogo.com//projects/corvallis-pump-track#/,pending,0,0,
1269,https://www.indiegogo.com//projects/cory-mcelyea-golf#/,pending,0,0,
1270,https://www.indiegogo.com//projects/cosmetology-student-to-educational-conference-in-las-vegas#/,pending,0,0,
1271,https://www.indiegogo.com//projects/cosmos-daisy-portable-air-conditioner-and-heater#/,pending,0,0,
1272,https://www.indiegogo.com//projects/cosplay-barebeque-for-great-strides#/,pending,0,0,
1273,https://www.indiegogo.com//projects/cosscan-intelligent-personal-skincare-advisor#/,pending,0,0,
1274,https://www.indiegogo.com//projects/costa-rica-mission-trip--11#/,pending,0,0,
1275,https://www.indiegogo.com//projects/costa-rica-nicaragua-volunteer-medical-trip#/,pending,0,0,
1276,https://www.indiegogo.com//projects/costa-rica-trip-2014#/,pending,0,0,
1277,https://www.indiegogo.com//projects/costa-rica-trip-for-llanito-elementary-and-cepia#/,pending,0,0,
1278,https://www.indiegogo.com//projects/costa-rica-volunteer-trip#/,pending,0,0,
1279,https://www.indiegogo.com//projects/cotton-shower-pillow-time-for-quality-sleep#/,pending,0,0,
1280,https://www.indiegogo.com//projects/couchlet-power-up-your-sofa#/,pending,0,0,
1281,https://www.indiegogo.com//projects/couchsurfing-camp-2012-sos#/,pending,0,0,
1282,https://www.indiegogo.com//projects/counselling-workshops-for-signy#/,pending,0,0,
1283,https://www.indiegogo.com//projects/counter-revolving-flywheels-for-travel-or-flight#/,pending,0,0,
1284,https://www.indiegogo.com//projects/counterfringe#/,pending,0,0,
1285,https://www.indiegogo.com//projects/courier-for-android#/,pending,0,0,
1286,https://www.indiegogo.com//projects/course-fees-not-covered-by-student-loan#/,pending,0,0,
1287,https://www.indiegogo.com//projects/courtesy-chargers-compact-cell-phone-charging-stations-for-bars#/,pending,0,0,
1288,https://www.indiegogo.com//projects/cover-our-butts#/,pending,0,0,
1289,https://www.indiegogo.com//projects/covidisor-work-safer-and-closer-during-covid#/,pending,0,0,
1290,https://www.indiegogo.com//projects/cowhide-briefcase-light-low-price-7-colors#/,pending,0,0,
1291,https://www.indiegogo.com//projects/cphone-a-phone-designed-for-simpler-life-gadgets#/,pending,0,0,
1292,https://www.indiegogo.com//projects/craig-simms-medical-benefit-fund#/,pending,0,0,
1293,https://www.indiegogo.com//projects/cream-capsules-natural-formula-for-better-sex#/,pending,0,0,
1294,https://www.indiegogo.com//projects/creatake-a-game-changing-tool-for-web-designers#/,pending,0,0,
1295,https://www.indiegogo.com//projects/create-a-new-home-for-the-triquetra-collection#/,pending,0,0,
1296,https://www.indiegogo.com//projects/create-a-new-life-one-week-at-a-time#/,pending,0,0,
1297,https://www.indiegogo.com//projects/create-a-professional-sailing-team#/,pending,0,0,
1298,https://www.indiegogo.com//projects/create-a-website-for-lottery-bets#/,pending,0,0,
1299,https://www.indiegogo.com//projects/create-john-s-crazy-christmas-store#/,pending,0,0,
1300,https://www.indiegogo.com//projects/create-reel-change#/,pending,0,0,
1301,https://www.indiegogo.com//projects/create-shar-ed-a-crowdfunded-education-platform#/,pending,0,0,
1302,https://www.indiegogo.com//projects/create-the-smithsonian-of-pinball#/,pending,0,0,
1303,https://www.indiegogo.com//projects/create-your-own-personalized-keyboard-app#/,pending,0,0,
1304,https://www.indiegogo.com//projects/creating-a-miracle-with-the-heard-s#/,pending,0,0,
1305,https://www.indiegogo.com//projects/creating-a-recording-studio-with-exiled-tibetans#/,pending,0,0,
1306,https://www.indiegogo.com//projects/creating-brighter-futures-with-computers#/,pending,0,0,
1307,https://www.indiegogo.com//projects/creating-change-with-innovative-urban-agriculture#/,pending,0,0,
1308,https://www.indiegogo.com//projects/creating-of-relaxing-computer-game-for-purpose-of-immune-system-strengthening#/,pending,0,0,
1309,https://www.indiegogo.com//projects/creation-crate-your-personal-programming-teacher#/,pending,0,0,
1310,https://www.indiegogo.com//projects/creative-arts-for-the-timorese-youth#/,pending,0,0,
1311,https://www.indiegogo.com//projects/creative-seed#/,pending,0,0,
1312,https://www.indiegogo.com//projects/creative-space-beirut#/,pending,0,0,
1313,https://www.indiegogo.com//projects/creativity-in-the-community#/,pending,0,0,
1314,https://www.indiegogo.com//projects/credomatrix-science-intersecting-science-technology-with-politics-policy#/,pending,0,0,
1315,https://www.indiegogo.com//projects/creed-s-codex-arcane-secrets-of-the-summoners-5e#/,pending,0,0,
1316,https://www.indiegogo.com//projects/creopop-cool-ink-infinite-creativity#/,pending,0,0,
1317,https://www.indiegogo.com//projects/crestwood-christian-church-project-clean-water#/,pending,0,0,
1318,https://www.indiegogo.com//projects/crimson-un-boitier-pc-exceptionnel#/,pending,0,0,
1319,https://www.indiegogo.com//projects/crisis-crunch-part-1#/,pending,0,0,
1320,https://www.indiegogo.com//projects/crispx-so-crispy-you-can-see-it#/,pending,0,0,
1321,https://www.indiegogo.com//projects/critericon-2016-prequel-event#/,pending,0,0,
1322,https://www.indiegogo.com//projects/critter-companions-for-the-braille-institute#/,pending,0,0,
1323,https://www.indiegogo.com//projects/crocochess-learn-chess-the-fun-way-in-2-easy-steps#/,pending,0,0,
1324,https://www.indiegogo.com//projects/crona-s-genital-reconstruction-surgery-srs#/,pending,0,0,
1325,https://www.indiegogo.com//projects/cross-country-road-trip-in-our-honda-element#/,pending,0,0,
1326,https://www.indiegogo.com//projects/cross-links-a-music-peacebuilding-project#/,pending,0,0,
1327,https://www.indiegogo.com//projects/crosses-for-a-cause-scholarships-needed#/,pending,0,0,
1328,https://www.indiegogo.com//projects/crowd-funding-for-education-support#/,pending,0,0,
1329,https://www.indiegogo.com//projects/crowdbot-by-slingbot#/,pending,0,0,
1330,https://www.indiegogo.com//projects/crowdsurfer#/,pending,0,0,
1331,https://www.indiegogo.com//projects/crown-twenty-apparel-bold-edgy-alumni-apparel#/,pending,0,0,
1332,https://www.indiegogo.com//projects/crua-aer-the-roof-top-tent-reimagined#/,pending,0,0,
1333,https://www.indiegogo.com//projects/crua-culla-hammock-wrap-around-v2#/,pending,0,0,
1334,https://www.indiegogo.com//projects/crua-koala-v2-record-breaking-hammock-improved#/,pending,0,0,
1335,https://www.indiegogo.com//projects/crua-xtent-transformable-all-in-one-tent#/,pending,0,0,
1336,https://www.indiegogo.com//projects/cruise-collective-access-cruise-experts-anywhere#/,pending,0,0,
1337,https://www.indiegogo.com//projects/crush-first-love-new-talent--3#/,pending,0,0,
1338,https://www.indiegogo.com//projects/crutches-for-a-pirate#/,pending,0,0,
1339,https://www.indiegogo.com//projects/cruzar-africa-en-bicicleta--2#/,pending,0,0,
1340,https://www.indiegogo.com//projects/crybaby-flair-fund#/,pending,0,0,
1341,https://www.indiegogo.com//projects/crypted-puzzles-redefined#/,pending,0,0,
1342,https://www.indiegogo.com//projects/ctechi-safe-power-supply-with-fast-recharging#/,pending,0,0,
1343,https://www.indiegogo.com//projects/ctrl-hyper-personalized-golf-training-tool#/,pending,0,0,
1344,https://www.indiegogo.com//projects/ctrl-one-the-smartest-lcd-tint-changing-glasses#/,pending,0,0,
1345,https://www.indiegogo.com//projects/cuba-grassroots-learning-solidarity#/,pending,0,0,
1346,https://www.indiegogo.com//projects/cubecoid-nano-suction-toothbrush-holder#/,pending,0,0,
1347,https://www.indiegogo.com//projects/cubepacks-packing-cubes-that-transform-into-packs#/,pending,0,0,
1348,https://www.indiegogo.com//projects/cubicle-queen#/,pending,0,0,
1349,https://www.indiegogo.com//projects/cubroid-teaching-coding-to-help-kids-feel-creative#/,pending,0,0,
1350,https://www.indiegogo.com//projects/cue-a-streamlined-platform-for-event-pros#/,pending,0,0,
1351,https://www.indiegogo.com//projects/culcharge-the-smallest-wearable-3-in-1-powerbank#/,pending,0,0,
1352,https://www.indiegogo.com//projects/cultural-community-service-learning-experience-for-nyc-student#/,pending,0,0,
1353,https://www.indiegogo.com//projects/cumasu-improving-access-to-health-care#/,pending,0,0,
1354,https://www.indiegogo.com//projects/cupcakes-cookies-coffee-and-crafts-siopa-caife#/,pending,0,0,
1355,https://www.indiegogo.com//projects/cure-black-bone-disease-time-is-running-out#/,pending,0,0,
1356,https://www.indiegogo.com//projects/cure-the-breast-cancer-in-hilda#/,pending,0,0,
1357,https://www.indiegogo.com//projects/curekoda#/,pending,0,0,
1358,https://www.indiegogo.com//projects/curious-kinder-book-project#/,pending,0,0,
1359,https://www.indiegogo.com//projects/curls-for-kids#/,pending,0,0,
1360,https://www.indiegogo.com//projects/cushions-for-kids#/,pending,0,0,
1361,https://www.indiegogo.com//projects/custom-titanium-chopsticks-woerden-chopsticks-3-0#/,pending,0,0,
1362,https://www.indiegogo.com//projects/custos-the-ultimate-in-hi-def-bluetooth-eyewear#/,pending,0,0,
1363,https://www.indiegogo.com//projects/cut-clear-mess-free-hobby-board#/,pending,0,0,
1364,https://www.indiegogo.com//projects/cutcam-clippers-designed-for-diy-haircuts#/,pending,0,0,
1365,https://www.indiegogo.com//projects/cuts-for-autism#/,pending,0,0,
1366,https://www.indiegogo.com//projects/cvac-2017-expansion-fund#/,pending,0,0,
1367,https://www.indiegogo.com//projects/cvlt-skateboards#/,pending,0,0,
1368,https://www.indiegogo.com//projects/cwash-clean-your-teeth-in-30-seconds#/,pending,0,0,
1369,https://www.indiegogo.com//projects/cyber-damsel-in-distress#/,pending,0,0,
1370,https://www.indiegogo.com//projects/cyberfrog-and-vampirella-exclusive-variant-cover#/,pending,0,0,
1371,https://www.indiegogo.com//projects/cyberghost-vpn-nospyproxy--2#/,pending,0,0,
1372,https://www.indiegogo.com//projects/cybershoes-a-step-into-virtual-reality-games--3#/,pending,0,0,
1373,https://www.indiegogo.com//projects/cyberunity-mobile-game#/,pending,0,0,
1374,https://www.indiegogo.com//projects/cybri-cable-charging-cable-combined-lightning-usb#/,pending,0,0,
1375,https://www.indiegogo.com//projects/cycle-for-science#/,pending,0,0,
1376,https://www.indiegogo.com//projects/cycleforcadasil#/,pending,0,0,
1377,https://www.indiegogo.com//projects/cycli-first-social-under-desk-cycle#/,pending,0,0,
1378,https://www.indiegogo.com//projects/cycling-for-better-health-cleaner-blood#/,pending,0,0,
1379,https://www.indiegogo.com//projects/cycling-for-unity#/,pending,0,0,
1380,https://www.indiegogo.com//projects/cycplus-cube-tiny-bike-pump#/,pending,0,0,
1381,https://www.indiegogo.com//projects/cymbeline--3#/,pending,0,0,
1382,https://www.indiegogo.com//projects/cynaps-assist-bone-conduction-assistive-listening#/,pending,0,0,
1383,https://www.indiegogo.com//projects/cyrus-music-foundation--3#/,pending,0,0,
1384,https://www.indiegogo.com//projects/d-riginal-l-functional-and-ethical-clothing--2#/,pending,0,0,
1385,https://www.indiegogo.com//projects/d-twelve-lamp-a-modular-magnetic-lighting-system-furniture-led#/,pending,0,0,
1386,https://www.indiegogo.com//projects/da-vinci-color-mini-full-color-3d-printer#/,pending,0,0,
1387,https://www.indiegogo.com//projects/da-vinci-fountain-faucet-the-future-of-faucets#/,pending,0,0,
1388,https://www.indiegogo.com//projects/dad-s-funeral#/,pending,0,0,
1389,https://www.indiegogo.com//projects/dad-seeking-custody-of-daughter#/,pending,0,0,
1390,https://www.indiegogo.com//projects/daily-companion-the-1st-personal-telecare-system#/,pending,0,0,
1391,https://www.indiegogo.com//projects/daily-goal-setter-productivity-planner--3#/,pending,0,0,
1392,https://www.indiegogo.com//projects/dairy-free-paleo-gluten-free-kosher-hot-cocoa#/,pending,0,0,
1393,https://www.indiegogo.com//projects/dal-venezian-autoproduction-de-produits-italiens#/,pending,0,0,
1394,https://www.indiegogo.com//projects/dallas-gift#/,pending,0,0,
1395,https://www.indiegogo.com//projects/dam-coolers-ice-cold-for-days#/,pending,0,0,
1396,https://www.indiegogo.com//projects/damascus-adventure-folding-knife-the-great-sharpy#/,pending,0,0,
1397,https://www.indiegogo.com//projects/damned-nation-of-the-west-issue-1#/,pending,0,0,
1398,https://www.indiegogo.com//projects/damon-janes-noggin-sport-doing-our-part-in-protecting-your-brain#/,pending,0,0,
1399,https://www.indiegogo.com//projects/dan-friesen-fire-relief#/,pending,0,0,
1400,https://www.indiegogo.com//projects/dan-s-vida-medical-service-trip-to-nicaragua#/,pending,0,0,
1401,https://www.indiegogo.com//projects/dance-den-new-london-freelance-studio#/,pending,0,0,
1402,https://www.indiegogo.com//projects/dance-program-for-underserved-youth#/,pending,0,0,
1403,https://www.indiegogo.com//projects/danforce-g1-pro-the-first-modular-flashlight#/,pending,0,0,
1404,https://www.indiegogo.com//projects/dangerous-curves-x-mavrix-xtended-edition#/,pending,0,0,
1405,https://www.indiegogo.com//projects/daniel-james#/,pending,0,0,
1406,https://www.indiegogo.com//projects/danish-powerchair-football-national-team#/,pending,0,0,
1407,https://www.indiegogo.com//projects/daplie-connecting-without-the-cloud#/,pending,0,0,
1408,https://www.indiegogo.com//projects/dare-2b-digital-changing-gender-dynamics-in-stem#/,pending,0,0,
1409,https://www.indiegogo.com//projects/dare-to-care-youth-gathering-worldwide-streaming#/,pending,0,0,
1410,https://www.indiegogo.com//projects/darnell-farms-agritourism-expansion#/,pending,0,0,
1411,https://www.indiegogo.com//projects/dart-mini-pocket-thrower-flashlight#/,pending,0,0,
1412,https://www.indiegogo.com//projects/dashit-simple-universal-dashboard-smartphone-mount#/,pending,0,0,
1413,https://www.indiegogo.com//projects/dauntless-1--3#/,pending,0,0,
1414,https://www.indiegogo.com//projects/dauris-s-campaign#/,pending,0,0,
1415,https://www.indiegogo.com//projects/dave-caisse-memorial-fund#/,pending,0,0,
1416,https://www.indiegogo.com//projects/david-needs-us#/,pending,0,0,
1417,https://www.indiegogo.com//projects/david-nickarz-candidate-for-wolseley-2016#/,pending,0,0,
1418,https://www.indiegogo.com//projects/david-vs-goliath-help-fund-legal-expenses#/,pending,0,0,
1419,https://www.indiegogo.com//projects/davinci-satellite-students-in-space--2#/,pending,0,0,
1420,https://www.indiegogo.com//projects/davinci-vintage-reborn#/,pending,0,0,
1421,https://www.indiegogo.com//projects/davinci-xxi-first-personalized-luxury-watches#/,pending,0,0,
1422,https://www.indiegogo.com//projects/dawson-s-battle-with-acute-lymphoblastic-leukemia#/,pending,0,0,
1423,https://www.indiegogo.com//projects/dayfarer-by-farer-design#/,pending,0,0,
1424,https://www.indiegogo.com//projects/dazz-3d-the-most-advanced-lcd-sla-3d-printer#/,pending,0,0,
1425,https://www.indiegogo.com//projects/db-graphics-photography-and-graphic-design#/,pending,0,0,
1426,https://www.indiegogo.com//projects/dbell-live-smartest-video-doorbell-security-cam#/,pending,0,0,
1427,https://www.indiegogo.com//projects/dbrand-grip-phone-case#/,pending,0,0,
1428,https://www.indiegogo.com//projects/dc-bike-rides-designed-for-you#/,pending,0,0,
1429,https://www.indiegogo.com//projects/de-novo-non-profit-clinic#/,pending,0,0,
1430,https://www.indiegogo.com//projects/de-uul-sustainable-backpack#/,pending,0,0,
1431,https://www.indiegogo.com//projects/de-vos-by-amber-de-vos-artleisure-brand-launch#/,pending,0,0,
1432,https://www.indiegogo.com//projects/dead-cell-virus#/,pending,0,0,
1433,https://www.indiegogo.com//projects/deathsworn-book-one#/,pending,0,0,
1434,https://www.indiegogo.com//projects/decade-card#/,pending,0,0,
1435,https://www.indiegogo.com//projects/decebalus-app-builder#/,pending,0,0,
1436,https://www.indiegogo.com//projects/decentralized-relief-for-villages-in-gorkha-nepal#/,pending,0,0,
1437,https://www.indiegogo.com//projects/decibite-simple-hosting-for-internet-entrepreneurs#/,pending,0,0,
1438,https://www.indiegogo.com//projects/dedicated-ceramics-sex-toy-studio-turned-dirty#/,pending,0,0,
1439,https://www.indiegogo.com//projects/deelen-with-trouble-presents-rabbit-hole#/,pending,0,0,
1440,https://www.indiegogo.com//projects/deep-harmony#/,pending,0,0,
1441,https://www.indiegogo.com//projects/deeper-root-academy#/,pending,0,0,
1442,https://www.indiegogo.com//projects/defibrillator-fur-einen-first-responder#/,pending,0,0,
1443,https://www.indiegogo.com//projects/deirdre-needs-a-miracle#/,pending,0,0,
1444,https://www.indiegogo.com//projects/deliberate-discourse-discussing-race-over-dinner#/,pending,0,0,
1445,https://www.indiegogo.com//projects/delivered-do-it-yourself-meal-kit#/,pending,0,0,
1446,https://www.indiegogo.com//projects/delphin-run-swim-with-apps-without-your-phone#/,pending,0,0,
1447,https://www.indiegogo.com//projects/demand-greatness-book-and-scholarship-fund#/,pending,0,0,
1448,https://www.indiegogo.com//projects/dental-health-research-project-in-beijing#/,pending,0,0,
1449,https://www.indiegogo.com//projects/dental-surgery-and-glasses#/,pending,0,0,
1450,https://www.indiegogo.com//projects/dentem-dental-care-revolution#/,pending,0,0,
1451,https://www.indiegogo.com//projects/denver-public-library-s-idealab#/,pending,0,0,
1452,https://www.indiegogo.com//projects/deodorants-for-young-african-girls-an-urgent-need#/,pending,0,0,
1453,https://www.indiegogo.com//projects/departure-boards#/,pending,0,0,
1454,https://www.indiegogo.com//projects/deploy-joy-co#/,pending,0,0,
1455,https://www.indiegogo.com//projects/derek-s-multiple-sclerosis-foundation-4-us#/,pending,0,0,
1456,https://www.indiegogo.com//projects/dermisonic-the-first-light-therapy-home-device#/,pending,0,0,
1457,https://www.indiegogo.com//projects/design-build-fly-at-san-jose-state#/,pending,0,0,
1458,https://www.indiegogo.com//projects/design-hive-art-technology-for-the-whole-family#/,pending,0,0,
1459,https://www.indiegogo.com//projects/design-your-life-2021-planner#/,pending,0,0,
1460,https://www.indiegogo.com//projects/design-your-pendant-silhouette#/,pending,0,0,
1461,https://www.indiegogo.com//projects/designed-for-education-geared-for-makers#/,pending,0,0,
1462,https://www.indiegogo.com//projects/desktop-drilling-sawing-grinding-lathe-machine#/,pending,0,0,
1463,https://www.indiegogo.com//projects/desperate-to-attend-my-son-s-graduation#/,pending,0,0,
1464,https://www.indiegogo.com//projects/destination-costa-rica-mission-trip#/,pending,0,0,
1465,https://www.indiegogo.com//projects/destination-imagination-global-finals#/,pending,0,0,
1466,https://www.indiegogo.com//projects/destruct-pro-wipe-your-hard-drive-military-grade#/,pending,0,0,
1467,https://www.indiegogo.com//projects/detachable-longboard-skateboard-power-device-kit#/,pending,0,0,
1468,https://www.indiegogo.com//projects/develop-a-dvd-to-teach-people-to-farm-biodynamically#/,pending,0,0,
1469,https://www.indiegogo.com//projects/developing-creative-entrepreneurs-in-india#/,pending,0,0,
1470,https://www.indiegogo.com//projects/developing-faces-2014-surgical-mission-in-colombia#/,pending,0,0,
1471,https://www.indiegogo.com//projects/development-of-eco-friendly-refuse-facility#/,pending,0,0,
1472,https://www.indiegogo.com//projects/devil-s-deal-volume-1#/,pending,0,0,
1473,https://www.indiegogo.com//projects/devil-s-gear-bike-shop-fundraiser#/,pending,0,0,
1474,https://www.indiegogo.com//projects/diabetes-marathon-2014#/,pending,0,0,
1475,https://www.indiegogo.com//projects/diabetes-safer-easier-cheaper#/,pending,0,0,
1476,https://www.indiegogo.com//projects/diamond-fusion-nano-shield-liquid-screen-protector#/,pending,0,0,
1477,https://www.indiegogo.com//projects/dianas-dream#/,pending,0,0,
1478,https://www.indiegogo.com//projects/diaries-of-a-globe-trottin-doula--2#/,pending,0,0,
1479,https://www.indiegogo.com//projects/diesel-guns-car-combat-multiplayer-game#/,pending,0,0,
1480,https://www.indiegogo.com//projects/digital-condom#/,pending,0,0,
1481,https://www.indiegogo.com//projects/digital-wireless-follow-focus#/,pending,0,0,
1482,https://www.indiegogo.com//projects/digitalrunning-com-using-technology-to-bring-runners-together#/,pending,0,0,
1483,https://www.indiegogo.com//projects/dildo-creator#/,pending,0,0,
1484,https://www.indiegogo.com//projects/dimension-quest#/,pending,0,0,
1485,https://www.indiegogo.com//projects/din-wallets--2#/,pending,0,0,
1486,https://www.indiegogo.com//projects/dinosaur-house#/,pending,0,0,
1487,https://www.indiegogo.com//projects/direct-attach-bending-rj45-dab-rj-the-first-bending-r45-network-connector#/,pending,0,0,
1488,https://www.indiegogo.com//projects/disabled-athlete-in-need-of-soccer-equipment#/,pending,0,0,
1489,https://www.indiegogo.com//projects/disabled-but-wants-to-work-ii#/,pending,0,0,
1490,https://www.indiegogo.com//projects/disabled-vet-trying-to-save-her-hero#/,pending,0,0,
1491,https://www.indiegogo.com//projects/disappeared-into-eternity-a-story-in-12-volumes#/,pending,0,0,
1492,https://www.indiegogo.com//projects/disc-capsule-a-new-age-of-disc-display#/,pending,0,0,
1493,https://www.indiegogo.com//projects/discover-a-healthy-lifestyle#/,pending,0,0,
1494,https://www.indiegogo.com//projects/discover-zahamena-2014#/,pending,0,0,
1495,https://www.indiegogo.com//projects/discovering-ashes-in-nepal#/,pending,0,0,
1496,https://www.indiegogo.com//projects/discovering-central-asia-project#/,pending,0,0,
1497,https://www.indiegogo.com//projects/discovering-ghana#/,pending,0,0,
1498,https://www.indiegogo.com//projects/discovering-the-human-microbiome#/,pending,0,0,
1499,https://www.indiegogo.com//projects/disease-free-waste-water-purification-system#/,pending,0,0,
1500,https://www.indiegogo.com//projects/displacement2#/,pending,0,0,
1501,https://www.indiegogo.com//projects/distribuir-aprender-jugando-gratuitamente#/,pending,0,0,
1502,https://www.indiegogo.com//projects/ditch-your-fund-investing#/,pending,0,0,
1503,https://www.indiegogo.com//projects/diy-household-robot-assistant#/,pending,0,0,
1504,https://www.indiegogo.com//projects/dk-elite-basketball-teams#/,pending,0,0,
1505,https://www.indiegogo.com//projects/do-you-need-more-income#/,pending,0,0,
1506,https://www.indiegogo.com//projects/dobox-pro-turn-your-ipad-into-a-laptop#/,pending,0,0,
1507,https://www.indiegogo.com//projects/doc-diventia-s-book-for-kids-who-are-now-adults#/,pending,0,0,
1508,https://www.indiegogo.com//projects/does-your-child-love-astronomy#/,pending,0,0,
1509,https://www.indiegogo.com//projects/dog-safety-for-kids-new-on-line-classroom#/,pending,0,0,
1510,https://www.indiegogo.com//projects/dogger#/,pending,0,0,
1511,https://www.indiegogo.com//projects/doi#/,pending,0,0,
1512,https://www.indiegogo.com//projects/doit2-all-metal-foldable-phone-tablet-stand#/,pending,0,0,
1513,https://www.indiegogo.com//projects/dolfi-next-gen-washing-device#/,pending,0,0,
1514,https://www.indiegogo.com//projects/dolphin-waterproof-earbuds-with-intuitive-controls#/,pending,0,0,
1515,https://www.indiegogo.com//projects/dolry-30-pin-wi-fi-adaptor#/,pending,0,0,
1516,https://www.indiegogo.com//projects/dome-for-haiti-orphanage#/,pending,0,0,
1517,https://www.indiegogo.com//projects/domestic-violence-training-for-nyc-religious-leaders#/,pending,0,0,
1518,https://www.indiegogo.com//projects/don-t-cover-edge#/,pending,0,0,
1519,https://www.indiegogo.com//projects/donate-1-to-bring-my-youtube-channel-back#/,pending,0,0,
1520,https://www.indiegogo.com//projects/donate-a-scholarship-to-children-in-rural-ecuador#/,pending,0,0,
1521,https://www.indiegogo.com//projects/donate-for-200-girls-vocational-training#/,pending,0,0,
1522,https://www.indiegogo.com//projects/donate-to-sean-pollard-s-recovery-fund#/,pending,0,0,
1523,https://www.indiegogo.com//projects/donating-my-hair-to-pantene-beautiful-lengths#/,pending,0,0,
1524,https://www.indiegogo.com//projects/donation-ticket-for-the-daos-awards#/,pending,0,0,
1525,https://www.indiegogo.com//projects/donations-for-dan#/,pending,0,0,
1526,https://www.indiegogo.com//projects/donna-s-cancer-fundraiser#/,pending,0,0,
1527,https://www.indiegogo.com//projects/donna-shaw-memorial-fund#/,pending,0,0,
1528,https://www.indiegogo.com//projects/doogee-s70-world-s-first-rugged-gaming-smartphone#/,pending,0,0,
1529,https://www.indiegogo.com//projects/doozy-watch-an-innovative-timepiece-always-be-connected-via-bluetooth-4-0#/,pending,0,0,
1530,https://www.indiegogo.com//projects/doqo-turn-your-ipad-pro-into-a-macbook#/,pending,0,0,
1531,https://www.indiegogo.com//projects/dormitories-clean-water-for-students-in-tanzania#/,pending,0,0,
1532,https://www.indiegogo.com//projects/dornish-wine--2#/,pending,0,0,
1533,https://www.indiegogo.com//projects/dot-world-s-smallest-bluetooth-headset#/,pending,0,0,
1534,https://www.indiegogo.com//projects/dotlens-smartphone-microscope-lens#/,pending,0,0,
1535,https://www.indiegogo.com//projects/dots-efficiently-learn-foreign-languages#/,pending,0,0,
1536,https://www.indiegogo.com//projects/double-hip-replacement#/,pending,0,0,
1537,https://www.indiegogo.com//projects/double-take-cafe-opening-in-marietta-ga#/,pending,0,0,
1538,https://www.indiegogo.com//projects/douglas-tennis-court-resurfacing#/,pending,0,0,
1539,https://www.indiegogo.com//projects/doula-training--2#/,pending,0,0,
1540,https://www.indiegogo.com//projects/doularoom-mother-s-intelligent-personal-assistant#/,pending,0,0,
1541,https://www.indiegogo.com//projects/dounzathon#/,pending,0,0,
1542,https://www.indiegogo.com//projects/dowe#/,pending,0,0,
1543,https://www.indiegogo.com//projects/down-the-canal-the-game-of-birth#/,pending,0,0,
1544,https://www.indiegogo.com//projects/dr-jedida-adera-maube-medical-appeal--3#/,pending,0,0,
1545,https://www.indiegogo.com//projects/dr-kimberly-s-disaster-relief-work-in-the-philippines#/,pending,0,0,
1546,https://www.indiegogo.com//projects/dr-miami-dream-body-doll#/,pending,0,0,
1547,https://www.indiegogo.com//projects/dr-sanner-memorial-project#/,pending,0,0,
1548,https://www.indiegogo.com//projects/dracos-may-be-effective-against-all-viruses#/,pending,0,0,
1549,https://www.indiegogo.com//projects/dragon-vax-interactive-heavy-rope-fitness-training#/,pending,0,0,
1550,https://www.indiegogo.com//projects/dragonfly-sustainable-brand-to-bali-fashion-week#/,pending,0,0,
1551,https://www.indiegogo.com//projects/draper-university-superhero-mission-making-travel-hacks-easier#/,pending,0,0,
1552,https://www.indiegogo.com//projects/dream-catcher--4#/,pending,0,0,
1553,https://www.indiegogo.com//projects/dream-child-help-children-in-nepal-with-love#/,pending,0,0,
1554,https://www.indiegogo.com//projects/dream-glass-4k-world-s-1st-portable-private-ar-hmd#/,pending,0,0,
1555,https://www.indiegogo.com//projects/dream-glass-flow-your-secret-gaming-room#/,pending,0,0,
1556,https://www.indiegogo.com//projects/dreamer-co#/,pending,0,0,
1557,https://www.indiegogo.com//projects/dreamglass-lead-world-s-1st-200-4k-all-in-one-ar#/,pending,0,0,
1558,https://www.indiegogo.com//projects/dreamgrip#/,pending,0,0,
1559,https://www.indiegogo.com//projects/dreamon-your-1-step-solution-for-better-sleep#/,pending,0,0,
1560,https://www.indiegogo.com//projects/dreams-doors-ecoluxe-of-london#/,pending,0,0,
1561,https://www.indiegogo.com//projects/dressage-winter-intensive-training-2016#/,pending,0,0,
1562,https://www.indiegogo.com//projects/dresun-animation-project--3#/,pending,0,0,
1563,https://www.indiegogo.com//projects/drexel-product-design-2016-senior-show--2#/,pending,0,0,
1564,https://www.indiegogo.com//projects/drift-a-new-angle-on-pen-design#/,pending,0,0,
1565,https://www.indiegogo.com//projects/drink-gin-and-save-the-world#/,pending,0,0,
1566,https://www.indiegogo.com//projects/drinkpure-a-novel-water-filtration-device#/,pending,0,0,
1567,https://www.indiegogo.com//projects/drinkpure-clean-water-for-india#/,pending,0,0,
1568,https://www.indiegogo.com//projects/driver-watchdog-protect-your-family#/,pending,0,0,
1569,https://www.indiegogo.com//projects/driving-education-operation-school-bus#/,pending,0,0,
1570,https://www.indiegogo.com//projects/driving2save-lives-money-time-and-the-planet#/,pending,0,0,
1571,https://www.indiegogo.com//projects/dromo-x-opus-v2-automatic-sapphire-watches#/,pending,0,0,
1572,https://www.indiegogo.com//projects/drone--4#/,pending,0,0,
1573,https://www.indiegogo.com//projects/dronecoria-reforestation-tech-for-everyone#/,pending,0,0,
1574,https://www.indiegogo.com//projects/drop-it-omni-position-charger-supports-iphone-12#/,pending,0,0,
1575,https://www.indiegogo.com//projects/dropspot-connecting-drivers-with-parking-spots#/,pending,0,0,
1576,https://www.indiegogo.com//projects/drub#/,pending,0,0,
1577,https://www.indiegogo.com//projects/drunk-sommelier#/,pending,0,0,
1578,https://www.indiegogo.com//projects/drw-boxing-chicago-youth-fighting-for-excellence#/,pending,0,0,
1579,https://www.indiegogo.com//projects/dryweave-silver-knitted-athletic-shirt-for-men#/,pending,0,0,
1580,https://www.indiegogo.com//projects/dsi-the-true-wireless-noise-cancelling-earbud#/,pending,0,0,
1581,https://www.indiegogo.com//projects/dual-screen-tablet-pc--3#/,pending,0,0,
1582,https://www.indiegogo.com//projects/duality-what-we-become-issue-one#/,pending,0,0,
1583,https://www.indiegogo.com//projects/dude-sweet-chocolate-cocoa-penetration#/,pending,0,0,
1584,https://www.indiegogo.com//projects/duke-of-the-bump-dental-restoration-fund#/,pending,0,0,
1585,https://www.indiegogo.com//projects/duken-t60-telescopic-tube-m6-mini-rgb-led-light#/,pending,0,0,
1586,https://www.indiegogo.com//projects/dunkelretreat#/,pending,0,0,
1587,https://www.indiegogo.com//projects/duo-2-cable-charging-and-listening-simultaneously#/,pending,0,0,
1588,https://www.indiegogo.com//projects/duotrac-swing-weight-shift-analyzer-for-golf#/,pending,0,0,
1589,https://www.indiegogo.com//projects/duplex-adaptable-minimal-versatile-bags#/,pending,0,0,
1590,https://www.indiegogo.com//projects/dusty-feet-children-s-charity-project#/,pending,0,0,
1591,https://www.indiegogo.com//projects/dutchbudz-best-ever-reason-to-go-wireless#/,pending,0,0,
1592,https://www.indiegogo.com//projects/duziscan-fixing-the-fit-in-fashion#/,pending,0,0,
1593,https://www.indiegogo.com//projects/dva-the-two-in-one-shoe#/,pending,0,0,
1594,https://www.indiegogo.com//projects/dylan-s-top-surgery#/,pending,0,0,
1595,https://www.indiegogo.com//projects/e-c-r-v1-electric-cafe-racer-by-denzel#/,pending,0,0,
1596,https://www.indiegogo.com//projects/e-paff#/,pending,0,0,
1597,https://www.indiegogo.com//projects/eagle-the-smallest-drone-in-a-micro-0-28-ounces#/,pending,0,0,
1598,https://www.indiegogo.com//projects/earcandi-custom-sports-earphones-earplugs-that-never-fall-out-ever#/,pending,0,0,
1599,https://www.indiegogo.com//projects/earl-s-parkinson-s-treatment-fund-i-need-your-help#/,pending,0,0,
1600,https://www.indiegogo.com//projects/early-childhood-visual-arts-education-in-kathmandu#/,pending,0,0,
1601,https://www.indiegogo.com//projects/earn-firefly-account#/,pending,0,0,
1602,https://www.indiegogo.com//projects/earning-money-by-raising-money-for-your-school#/,pending,0,0,
1603,https://www.indiegogo.com//projects/earth-ev#/,pending,0,0,
1604,https://www.indiegogo.com//projects/earth-lodge-creation#/,pending,0,0,
1605,https://www.indiegogo.com//projects/earthquake-victims-nepal-medical-wheelchair#/,pending,0,0,
1606,https://www.indiegogo.com//projects/earthworks-pizza-oven-completion#/,pending,0,0,
1607,https://www.indiegogo.com//projects/east-bay-poetry-summit-2014#/,pending,0,0,
1608,https://www.indiegogo.com//projects/east-coast-summer-rowing-camp-tuition#/,pending,0,0,
1609,https://www.indiegogo.com//projects/east-timor-child-and-community-centre#/,pending,0,0,
1610,https://www.indiegogo.com//projects/easter-eggs-rings-and-roses-final-update-report#/,pending,0,0,
1611,https://www.indiegogo.com//projects/easy-to-learn-robot-zummi#/,pending,0,0,
1612,https://www.indiegogo.com//projects/easy-trade-the-world-s-first-app-for-investing#/,pending,0,0,
1613,https://www.indiegogo.com//projects/easydacha#/,pending,0,0,
1614,https://www.indiegogo.com//projects/easyfinder-find-it-now#/,pending,0,0,
1615,https://www.indiegogo.com//projects/easyslide-wallet#/,pending,0,0,
1616,https://www.indiegogo.com//projects/eati-anti-bacterial-titanium-utensil-multi-tool#/,pending,0,0,
1617,https://www.indiegogo.com//projects/ebeam-smartpen-the-last-pen-you-ll-ever-need#/,pending,0,0,
1618,https://www.indiegogo.com//projects/ebo-air-ai-powered-moving-cam-for-indoor-security#/,pending,0,0,
1619,https://www.indiegogo.com//projects/ec-ph-dosing-and-advisory-for-urban-growers#/,pending,0,0,
1620,https://www.indiegogo.com//projects/eccetrav-com#/,pending,0,0,
1621,https://www.indiegogo.com//projects/ecclesia-development-of-mind-and-body#/,pending,0,0,
1622,https://www.indiegogo.com//projects/echariot-20-mph-electric-tricycle#/,pending,0,0,
1623,https://www.indiegogo.com//projects/echobox-the-evolution-of-personal-audio#/,pending,0,0,
1624,https://www.indiegogo.com//projects/echopak-smart-backpack-and-power-bank#/,pending,0,0,
1625,https://www.indiegogo.com//projects/echovibes-waterproof-wireless-earphones#/,pending,0,0,
1626,https://www.indiegogo.com//projects/eclipse-value-priced-big-sky-evolution-tent#/,pending,0,0,
1627,https://www.indiegogo.com//projects/eco-app#/,pending,0,0,
1628,https://www.indiegogo.com//projects/eco-earth-citizen-board-game-and-network-platform#/,pending,0,0,
1629,https://www.indiegogo.com//projects/eco-friendly-home-building-tool-kit-by-obi#/,pending,0,0,
1630,https://www.indiegogo.com//projects/eco-friendly-organic-cotton-t-shirt-clubbing-brand#/,pending,0,0,
1631,https://www.indiegogo.com//projects/eco-gloves-reduce-waste-stay-healthy-clean#/,pending,0,0,
1632,https://www.indiegogo.com//projects/eco-mud-house-for-rural-madagascar#/,pending,0,0,
1633,https://www.indiegogo.com//projects/ecobasket-smartphone-coupons-for-perishable-food#/,pending,0,0,
1634,https://www.indiegogo.com//projects/ecodasher-insole-transform-your-shoes#/,pending,0,0,
1635,https://www.indiegogo.com//projects/ecofario-microplastics-filtration#/,pending,0,0,
1636,https://www.indiegogo.com//projects/econcierge-a-how-to-marketing-assistant-app#/,pending,0,0,
1637,https://www.indiegogo.com//projects/economic-vibrancy-in-native-communities#/,pending,0,0,
1638,https://www.indiegogo.com//projects/ecoreco-model-r-xs-ultimate-personal-ev-for-all#/,pending,0,0,
1639,https://www.indiegogo.com//projects/ecotone-renewables-repurposing-your-food-waste#/,pending,0,0,
1640,https://www.indiegogo.com//projects/ecotrek-adventure-pants-made-from-ocean-buoys#/,pending,0,0,
1641,https://www.indiegogo.com//projects/ecoute-the-world-s-only-vacuum-tube-headphones#/,pending,0,0,
1642,https://www.indiegogo.com//projects/ecsoon-automatic-water-filter-bottle#/,pending,0,0,
1643,https://www.indiegogo.com//projects/ecstaticco-made-by-physically-disabled-artisans#/,pending,0,0,
1644,https://www.indiegogo.com//projects/edc-bampen-it-s-a-pen-a-tactical-pen-a-graver#/,pending,0,0,
1645,https://www.indiegogo.com//projects/edc-tool-light-flashlight-and-tool-kit#/,pending,0,0,
1646,https://www.indiegogo.com//projects/edge-the-first-modular-work-from-home-kit#/,pending,0,0,
1647,https://www.indiegogo.com//projects/edinn-efficiency-and-productivity-for-all-organizations#/,pending,0,0,
1648,https://www.indiegogo.com//projects/edith-gallegos-garcia-fund-raiser#/,pending,0,0,
1649,https://www.indiegogo.com//projects/editions-berber-13-13-impression-de-trois-titres#/,pending,0,0,
1650,https://www.indiegogo.com//projects/edlsolar-next-generation-of-solar-power-systems#/,pending,0,0,
1651,https://www.indiegogo.com//projects/educate-a-nigerian-student-for-only-60#/,pending,0,0,
1652,https://www.indiegogo.com//projects/educate-evelynne#/,pending,0,0,
1653,https://www.indiegogo.com//projects/educate-the-refugee-youth-scholarship-fund#/,pending,0,0,
1654,https://www.indiegogo.com//projects/educate-to-end-poverty#/,pending,0,0,
1655,https://www.indiegogo.com//projects/educate-ugandan-youth-through-sports#/,pending,0,0,
1656,https://www.indiegogo.com//projects/educating-to-save-lives-through-hair#/,pending,0,0,
1657,https://www.indiegogo.com//projects/education--315#/,pending,0,0,
1658,https://www.indiegogo.com//projects/education-exchange-star-school-to-kua-o-ka-la#/,pending,0,0,
1659,https://www.indiegogo.com//projects/education-for-all-educacion-para-todos#/,pending,0,0,
1660,https://www.indiegogo.com//projects/education-for-orphan-children-siem-reap-cambodia#/,pending,0,0,
1661,https://www.indiegogo.com//projects/education-foundation-and-the-arts#/,pending,0,0,
1662,https://www.indiegogo.com//projects/education-is-the-answer--4#/,pending,0,0,
1663,https://www.indiegogo.com//projects/education-not-militarization#/,pending,0,0,
1664,https://www.indiegogo.com//projects/education-on-the-line#/,pending,0,0,
1665,https://www.indiegogo.com//projects/educational-programme-in-czech-republic-for-poor-students-from-indonesia#/,pending,0,0,
1666,https://www.indiegogo.com//projects/egg-traveler-world-s-1st-multipurpose-powerstrip#/,pending,0,0,
1667,https://www.indiegogo.com//projects/egypt-youth-missions-2011#/,pending,0,0,
1668,https://www.indiegogo.com//projects/eight-sleep-tracker-smart-bed-cover#/,pending,0,0,
1669,https://www.indiegogo.com//projects/einem-schwer-erkranktem-madchen-helfen#/,pending,0,0,
1670,https://www.indiegogo.com//projects/ekster-2-0-ultra-slim-trackable-wallets#/,pending,0,0,
1671,https://www.indiegogo.com//projects/el-camino-real-high-school#/,pending,0,0,
1672,https://www.indiegogo.com//projects/el-espacio-de-ana-gio#/,pending,0,0,
1673,https://www.indiegogo.com//projects/el-wire-iphone-android-extremely-fast-cable#/,pending,0,0,
1674,https://www.indiegogo.com//projects/elasto-ergonomic-light-click-mouse#/,pending,0,0,
1675,https://www.indiegogo.com//projects/elbike#/,pending,0,0,
1676,https://www.indiegogo.com//projects/elechive-portable-universal-super-power-station#/,pending,0,0,
1677,https://www.indiegogo.com//projects/elecsuit-e-haptic-suit-for-ems-workout-vr-games#/,pending,0,0,
1678,https://www.indiegogo.com//projects/electrification-of-all-terrain-vehicle--2#/,pending,0,0,
1679,https://www.indiegogo.com//projects/electronic-contraception#/,pending,0,0,
1680,https://www.indiegogo.com//projects/electronic-music-powered-by-girls-2015-tour#/,pending,0,0,
1681,https://www.indiegogo.com//projects/element-0-the-everyday-shoe-of-tomorrow#/,pending,0,0,
1682,https://www.indiegogo.com//projects/element-5-fitness-we-believe-we-can-inspire-change#/,pending,0,0,
1683,https://www.indiegogo.com//projects/elemental-arts-and-culture-festival#/,pending,0,0,
1684,https://www.indiegogo.com//projects/elementary-school-show-tour#/,pending,0,0,
1685,https://www.indiegogo.com//projects/elements-watches-watches-with-a-charity-twist#/,pending,0,0,
1686,https://www.indiegogo.com//projects/elephant-pools-safari-lodge#/,pending,0,0,
1687,https://www.indiegogo.com//projects/elesense-computer-monitor-light-bar#/,pending,0,0,
1688,https://www.indiegogo.com//projects/elevate-the-college-dream-education-for-all#/,pending,0,0,
1689,https://www.indiegogo.com//projects/elevate-your-car-experience#/,pending,0,0,
1690,https://www.indiegogo.com//projects/elf-emmit-a-wearable-for-the-optimized-self#/,pending,0,0,
1691,https://www.indiegogo.com//projects/elijah-farrell-team-usa-basketball-spain-trip#/,pending,0,0,
1692,https://www.indiegogo.com//projects/elijah-harter-multiple-myeloma-fund#/,pending,0,0,
1693,https://www.indiegogo.com//projects/elinates-a-beginners-low-impact-workout-dvd-series#/,pending,0,0,
1694,https://www.indiegogo.com//projects/elite-fitness-group#/,pending,0,0,
1695,https://www.indiegogo.com//projects/elite-gym-of-brooklyn-re-opening#/,pending,0,0,
1696,https://www.indiegogo.com//projects/elixir-for-the-functional-rubyist#/,pending,0,0,
1697,https://www.indiegogo.com//projects/ella-bella-grey-pretty-comfortable-underthings#/,pending,0,0,
1698,https://www.indiegogo.com//projects/ellen-s-campaign#/,pending,0,0,
1699,https://www.indiegogo.com//projects/elliteracy#/,pending,0,0,
1700,https://www.indiegogo.com//projects/elmira-solar-training-facility#/,pending,0,0,
1701,https://www.indiegogo.com//projects/em-2-trem#/,pending,0,0,
1702,https://www.indiegogo.com//projects/em-powering-the-protectors--2#/,pending,0,0,
1703,https://www.indiegogo.com//projects/emaker-huxley-3d-printer-kits#/,pending,0,0,
1704,https://www.indiegogo.com//projects/emat-eco-museum-for-aouam-tighza-morocco#/,pending,0,0,
1705,https://www.indiegogo.com//projects/ember-the-first-usb-c-pd-heated-jacket#/,pending,0,0,
1706,https://www.indiegogo.com//projects/emberlight-write-the-future#/,pending,0,0,
1707,https://www.indiegogo.com//projects/embrace-refugee-birth#/,pending,0,0,
1708,https://www.indiegogo.com//projects/embracing-the-past-to-preserve-the-future--3#/,pending,0,0,
1709,https://www.indiegogo.com//projects/emerald-air-the-smartest-sensor-and-air-purifier#/,pending,0,0,
1710,https://www.indiegogo.com//projects/emergency-appeal-2-gaza-war-2014#/,pending,0,0,
1711,https://www.indiegogo.com//projects/emergency-dental-rescue#/,pending,0,0,
1712,https://www.indiegogo.com//projects/emergency-emergen-c#/,pending,0,0,
1713,https://www.indiegogo.com//projects/emergency-fund-for-a-family-in-need#/,pending,0,0,
1714,https://www.indiegogo.com//projects/emergency-operation#/,pending,0,0,
1715,https://www.indiegogo.com//projects/emergency-relief-khanikhola-village-in-nepal#/,pending,0,0,
1716,https://www.indiegogo.com//projects/emergency-solar-power-briefcases-may-save-lives#/,pending,0,0,
1717,https://www.indiegogo.com//projects/emergency-surgery--5#/,pending,0,0,
1718,https://www.indiegogo.com//projects/emilee-s-fund-medical-bills-feeding-fund#/,pending,0,0,
1719,https://www.indiegogo.com//projects/emily-s-massage-therapy-fund#/,pending,0,0,
1720,https://www.indiegogo.com//projects/emmie-snick-s-journey#/,pending,0,0,
1721,https://www.indiegogo.com//projects/empathy-conflict-resolution-training-politicians#/,pending,0,0,
1722,https://www.indiegogo.com//projects/empathy-project-2019#/,pending,0,0,
1723,https://www.indiegogo.com//projects/emploi-pour-les-jeunes-jobs-for-youth-cite-emploi#/,pending,0,0,
1724,https://www.indiegogo.com//projects/empower-cierra-to-redefine-sucess#/,pending,0,0,
1725,https://www.indiegogo.com//projects/empower-every-girl-to-live-her-best-life#/,pending,0,0,
1726,https://www.indiegogo.com//projects/empower-girls-in-ethiopia-through-education#/,pending,0,0,
1727,https://www.indiegogo.com//projects/empower-nicaraguan-kids-through-sport#/,pending,0,0,
1728,https://www.indiegogo.com//projects/empower-single-mom-grad-student-to-become-mental-health-counselor#/,pending,0,0,
1729,https://www.indiegogo.com//projects/empower-syrian-refugees#/,pending,0,0,
1730,https://www.indiegogo.com//projects/empower-youth-voices#/,pending,0,0,
1731,https://www.indiegogo.com//projects/empowered-sparks-inc#/,pending,0,0,
1732,https://www.indiegogo.com//projects/empowering-a-generation-of-change--2#/,pending,0,0,
1733,https://www.indiegogo.com//projects/empowering-the-youth-with-desertec#/,pending,0,0,
1734,https://www.indiegogo.com//projects/emr10-electric-mosquito-repeller#/,pending,0,0,
1735,https://www.indiegogo.com//projects/en-route-vers-une-deuxieme-medaille-d-or#/,pending,0,0,
1736,https://www.indiegogo.com//projects/enable-gwt-to-preserve-java-debugging-info-in-production#/,pending,0,0,
1737,https://www.indiegogo.com//projects/enail-buzz-worlds-best-enail-for-dabbing#/,pending,0,0,
1738,https://www.indiegogo.com//projects/enbridge-conquer-cancer-ride-for-papa#/,pending,0,0,
1739,https://www.indiegogo.com//projects/end-act-22#/,pending,0,0,
1740,https://www.indiegogo.com//projects/end-malnutrition#/,pending,0,0,
1741,https://www.indiegogo.com//projects/end-sugar-cravings-with-seynani#/,pending,0,0,
1742,https://www.indiegogo.com//projects/ended--213#/,pending,0,0,
1743,https://www.indiegogo.com//projects/ended--279#/,pending,0,0,
1744,https://www.indiegogo.com//projects/ended--288#/,pending,0,0,
1745,https://www.indiegogo.com//projects/ended-campaign--17#/,pending,0,0,
1746,https://www.indiegogo.com//projects/ending-parole-abuses-and-reuniting-families-in-ny#/,pending,0,0,
1747,https://www.indiegogo.com//projects/endless-ocean-sunsets#/,pending,0,0,
1748,https://www.indiegogo.com//projects/endownment-fund-for-jonathan#/,pending,0,0,
1749,https://www.indiegogo.com//projects/energizing-refugee-camps-through-art#/,pending,0,0,
1750,https://www.indiegogo.com//projects/energy-for-small-businesses-in-brazil#/,pending,0,0,
1751,https://www.indiegogo.com//projects/energy-independence-that-is-sustainable-and-economical#/,pending,0,0,
1752,https://www.indiegogo.com//projects/energy-made-ubiquitous-m-e-s--10#/,pending,0,0,
1753,https://www.indiegogo.com//projects/energy-tuber-for-clean-green-fuel-food-and-feed#/,pending,0,0,
1754,https://www.indiegogo.com//projects/enerpad-the-most-powerful-cordless-massager#/,pending,0,0,
1755,https://www.indiegogo.com//projects/engage-reforming-pakistan-s-blasphemy-law#/,pending,0,0,
1756,https://www.indiegogo.com//projects/english-espanol-francais-versus-global-english#/,pending,0,0,
1757,https://www.indiegogo.com//projects/english-scots-for-yes-round-2#/,pending,0,0,
1758,https://www.indiegogo.com//projects/engola-english-learning-app#/,pending,0,0,
1759,https://www.indiegogo.com//projects/engwe-x26-all-terrain-e-bike-62mile-longest-range#/,pending,0,0,
1760,https://www.indiegogo.com//projects/enjai-first-ever-wireless-waterproof-earbuds-for-android-apple#/,pending,0,0,
1761,https://www.indiegogo.com//projects/enki-stove-cook-everywhere-with-everything#/,pending,0,0,
1762,https://www.indiegogo.com//projects/enko-running-shoe-comfort-and-power#/,pending,0,0,
1763,https://www.indiegogo.com//projects/enlightenment-arcade-project#/,pending,0,0,
1764,https://www.indiegogo.com//projects/enterprise-development-program-for-the-deaf#/,pending,0,0,
1765,https://www.indiegogo.com//projects/enterprise-risk-management#/,pending,0,0,
1766,https://www.indiegogo.com//projects/environmental-education-needed#/,pending,0,0,
1767,https://www.indiegogo.com//projects/envision-arabia-summit-2014#/,pending,0,0,
1768,https://www.indiegogo.com//projects/eole-most-elegant-carbon-folding-electric-bike#/,pending,0,0,
1769,https://www.indiegogo.com//projects/eoniq-custom-watches-crafted-by-your-story#/,pending,0,0,
1770,https://www.indiegogo.com//projects/eora-3d-high-precision-3d-scanning#/,pending,0,0,
1771,https://www.indiegogo.com//projects/eoz-air-world-s-most-advanced-wireless-earphones#/,pending,0,0,
1772,https://www.indiegogo.com//projects/ep500-ep500pro-the-new-era-of-home-backup-power#/,pending,0,0,
1773,https://www.indiegogo.com//projects/epic-ninja-warrior-course-or-gym-upgrade#/,pending,0,0,
1774,https://www.indiegogo.com//projects/epic-run-app-the-ultimate-running-experience#/,pending,0,0,
1775,https://www.indiegogo.com//projects/epicon-let-s-gain-without-pain#/,pending,0,0,
1776,https://www.indiegogo.com//projects/episode-zero-the-parade-to-begin-all-parades#/,pending,0,0,
1777,https://www.indiegogo.com//projects/equestrian-app-feel-balance-and-timing#/,pending,0,0,
1778,https://www.indiegogo.com//projects/equine-gestalt-first-semester-fundraiser#/,pending,0,0,
1779,https://www.indiegogo.com//projects/equipment-and-material-for-raw-food-classes#/,pending,0,0,
1780,https://www.indiegogo.com//projects/equipment-and-therapy-for-aidan#/,pending,0,0,
1781,https://www.indiegogo.com//projects/erase-the-binary#/,pending,0,0,
1782,https://www.indiegogo.com//projects/eraser#/,pending,0,0,
1783,https://www.indiegogo.com//projects/ergodox-ez-an-incredible-mechanical-keyboard#/,pending,0,0,
1784,https://www.indiegogo.com//projects/eric-dollard-tesla-seismic-warning-system-2-0#/,pending,0,0,
1785,https://www.indiegogo.com//projects/eric-s-recovery-with-art-education#/,pending,0,0,
1786,https://www.indiegogo.com//projects/erica-phil-cycle-run-for-cancer-is-a-drag#/,pending,0,0,
1787,https://www.indiegogo.com//projects/erica-turner-s-one-life-challenge#/,pending,0,0,
1788,https://www.indiegogo.com//projects/erieview-consulting-medical-billing-auditing-firm#/,pending,0,0,
1789,https://www.indiegogo.com//projects/errant-the-ultimate-everyday-backpack#/,pending,0,0,
1790,https://www.indiegogo.com//projects/erster-stocherkahn-auf-der-donau-in-tuttlingen#/,pending,0,0,
1791,https://www.indiegogo.com//projects/escape-from-reality#/,pending,0,0,
1792,https://www.indiegogo.com//projects/escape-from-sewer-city-beta-health-fund-event-challenge#/,pending,0,0,
1793,https://www.indiegogo.com//projects/escape-hiking-for-women#/,pending,0,0,
1794,https://www.indiegogo.com//projects/escondido-charter-high-school-senior-lawn-renewal--2#/,pending,0,0,
1795,https://www.indiegogo.com//projects/esharp#/,pending,0,0,
1796,https://www.indiegogo.com//projects/eski-electric-personal-watercraft#/,pending,0,0,
1797,https://www.indiegogo.com//projects/esl-teacher-for-the-czech-republic#/,pending,0,0,
1798,https://www.indiegogo.com//projects/esme-is-fundraising-for-wil-uganda#/,pending,0,0,
1799,https://www.indiegogo.com//projects/esperanza-dance-project-performing-hope#/,pending,0,0,
1800,https://www.indiegogo.com//projects/esquina-de-la-educacion-bringing-education-to-fair-trade-communities-in-mexico--8#/,pending,0,0,
1801,https://www.indiegogo.com//projects/ester-mechanical-watches-from-sweden#/,pending,0,0,
1802,https://www.indiegogo.com//projects/estiem-council-meeting-austria#/,pending,0,0,
1803,https://www.indiegogo.com//projects/estream-a-portable-water-power-generator#/,pending,0,0,
1804,https://www.indiegogo.com//projects/esyllabus-for-africa-mathletes-scholarship-fund#/,pending,0,0,
1805,https://www.indiegogo.com//projects/eternal-return-2014--2#/,pending,0,0,
1806,https://www.indiegogo.com//projects/ethical-sustainable-fashion#/,pending,0,0,
1807,https://www.indiegogo.com//projects/ethically-made-jewelry-funding-homes-for-hiv-kids#/,pending,0,0,
1808,https://www.indiegogo.com//projects/ethiopian-school-fund#/,pending,0,0,
1809,https://www.indiegogo.com//projects/ethiopian-students-aspiring-to-serve-the-world#/,pending,0,0,
1810,https://www.indiegogo.com//projects/eunorau-all-wheel-drive-fs-1500w-and-1600wh-ebike#/,pending,0,0,
1811,https://www.indiegogo.com//projects/eurotrip-dancing-europe-2018#/,pending,0,0,
1812,https://www.indiegogo.com//projects/eva-the-mental-healthcare-smartphone-app#/,pending,0,0,
1813,https://www.indiegogo.com//projects/evapolar-2-smart-personal-air-conditioner--2#/,pending,0,0,
1814,https://www.indiegogo.com//projects/eve-v-the-first-ever-crowd-developed-computer#/,pending,0,0,
1815,https://www.indiegogo.com//projects/evea-sustainable-shoes-to-preserve-forests#/,pending,0,0,
1816,https://www.indiegogo.com//projects/events-4-free-app-for-ios-events4free#/,pending,0,0,
1817,https://www.indiegogo.com//projects/everdry-waterproof-socks-all-terrain-winter-sock#/,pending,0,0,
1818,https://www.indiegogo.com//projects/everest-crystal-whiskey-glasses-chill-drinks-in18s#/,pending,0,0,
1819,https://www.indiegogo.com//projects/everest-planner-july-to-december-2018#/,pending,0,0,
1820,https://www.indiegogo.com//projects/evergreen-6-solar-boat-2015#/,pending,0,0,
1821,https://www.indiegogo.com//projects/eversleep-wake-up-refreshed-5-in-1-sleep-tracker#/,pending,0,0,
1822,https://www.indiegogo.com//projects/every-baby-deserves-a-chance#/,pending,0,0,
1823,https://www.indiegogo.com//projects/every-student-deserves-to-craft-their-own-future#/,pending,0,0,
1824,https://www.indiegogo.com//projects/every-student-of-the-usm-class-of-2012-will-graduate-together#/,pending,0,0,
1825,https://www.indiegogo.com//projects/everykey-your-only-key#/,pending,0,0,
1826,https://www.indiegogo.com//projects/everyone-deserves-an-education#/,pending,0,0,
1827,https://www.indiegogo.com//projects/everything-is-terrible-send-dorian-to-university#/,pending,0,0,
1828,https://www.indiegogo.com//projects/evo-shaver-world-s-smallest-shaver-ever#/,pending,0,0,
1829,https://www.indiegogo.com//projects/evo-the-smallest-global-travel-adapter#/,pending,0,0,
1830,https://www.indiegogo.com//projects/evolve-bath-body#/,pending,0,0,
1831,https://www.indiegogo.com//projects/evowheel-the-ultimate-e-bike-revolution#/,pending,0,0,
1832,https://www.indiegogo.com//projects/ewritenow-com#/,pending,0,0,
1833,https://www.indiegogo.com//projects/examining-a-culture-of-aggression#/,pending,0,0,
1834,https://www.indiegogo.com//projects/excel-lightweight-reporting-tool-enhancement#/,pending,0,0,
1835,https://www.indiegogo.com//projects/exercise-library-to-support-personal-trainers-and-coaches#/,pending,0,0,
1836,https://www.indiegogo.com//projects/exit-programme-for-hiv-and-aids-sex-workers#/,pending,0,0,
1837,https://www.indiegogo.com//projects/expand-lrn-fm-s-satellite-coverage-to-europe#/,pending,0,0,
1838,https://www.indiegogo.com//projects/expandable-smart-home-security-from-honeywell#/,pending,0,0,
1839,https://www.indiegogo.com//projects/expedition-arunachal-pradesh#/,pending,0,0,
1840,https://www.indiegogo.com//projects/expel-stryker#/,pending,0,0,
1841,https://www.indiegogo.com//projects/experience-more--2#/,pending,0,0,
1842,https://www.indiegogo.com//projects/experience-surfing-on-land-with-surfwheel-su#/,pending,0,0,
1843,https://www.indiegogo.com//projects/explain3d-3d-wiki-for-technical-education#/,pending,0,0,
1844,https://www.indiegogo.com//projects/explorer-max-toiletry-bag#/,pending,0,0,
1845,https://www.indiegogo.com//projects/expose-the-gulen-movement#/,pending,0,0,
1846,https://www.indiegogo.com//projects/extended-stay-to-cover-anti-aipac-conference#/,pending,0,0,
1847,https://www.indiegogo.com//projects/external-memory-expansion-for-ipad-iphone-ipod#/,pending,0,0,
1848,https://www.indiegogo.com//projects/extra-caddy#/,pending,0,0,
1849,https://www.indiegogo.com//projects/extraordinary-african-american-women-of-southeast-san-diego#/,pending,0,0,
1850,https://www.indiegogo.com//projects/extraverso-the-phone-case-that-beats-gravity#/,pending,0,0,
1851,https://www.indiegogo.com//projects/extreme-makeover-heights-edition#/,pending,0,0,
1852,https://www.indiegogo.com//projects/eye-ball-care#/,pending,0,0,
1853,https://www.indiegogo.com//projects/eye-catching-and-fun-flecto-spinners-make-cyclists-safer#/,pending,0,0,
1854,https://www.indiegogo.com//projects/eyeball-3-x-goanywhere-wireless-charging-cam-pack#/,pending,0,0,
1855,https://www.indiegogo.com//projects/eyecube-solar-powered-wireless-security-camera#/,pending,0,0,
1856,https://www.indiegogo.com//projects/eyedocare-fighting-eye-cancer-in-india#/,pending,0,0,
1857,https://www.indiegogo.com//projects/eyeque-insight-20-20-smartphone-vision-screener#/,pending,0,0,
1858,https://www.indiegogo.com//projects/ez-teethbrush-world-s-first-teethbrush#/,pending,0,0,
1859,https://www.indiegogo.com//projects/ez-the-most-feature-27000-mah-pd-power-bank-usd39#/,pending,0,0,
1860,https://www.indiegogo.com//projects/ezam-hanger-the-compact-hanger-for-compact-space#/,pending,0,0,
1861,https://www.indiegogo.com//projects/ezenciel-a-case-for-a-cause-philippines#/,pending,0,0,
1862,https://www.indiegogo.com//projects/ezstand-the-ultimate-smartphone-stand#/,pending,0,0,
1863,https://www.indiegogo.com//projects/f-up-insurance-tasty-apologies-by-carnivore-club#/,pending,0,0,
1864,https://www.indiegogo.com//projects/f-you-money#/,pending,0,0,
1865,https://www.indiegogo.com//projects/fablabshow-live-fun-science-stage-shows-for-kids#/,pending,0,0,
1866,https://www.indiegogo.com//projects/fabulous-cottonwood-colts-water-polo-team#/,pending,0,0,
1867,https://www.indiegogo.com//projects/face-it-automated-makeup-brush-sponge-cleaner#/,pending,0,0,
1868,https://www.indiegogo.com//projects/faceview-mask-clear-medical-mask--2#/,pending,0,0,
1869,https://www.indiegogo.com//projects/facewear-your-forever-care--2#/,pending,0,0,
1870,https://www.indiegogo.com//projects/fairing-better-legs-for-life#/,pending,0,0,
1871,https://www.indiegogo.com//projects/fairings-4-amps#/,pending,0,0,
1872,https://www.indiegogo.com//projects/fairy-drone-ultraportable-fhd-aerial-photographer#/,pending,0,0,
1873,https://www.indiegogo.com//projects/fairy-tale-massage--2#/,pending,0,0,
1874,https://www.indiegogo.com//projects/faith-based-ep-2nd-album-by-courtney-tarpley#/,pending,0,0,
1875,https://www.indiegogo.com//projects/faith-fit-usa-a-christian-weight-management-system-that-works#/,pending,0,0,
1876,https://www.indiegogo.com//projects/fall-for-the-heart-beat-fall-fundraiser#/,pending,0,0,
1877,https://www.indiegogo.com//projects/fall-in-love-with-boneshaker-again#/,pending,0,0,
1878,https://www.indiegogo.com//projects/fallen-angel-shoot-down-of-seal-team-six#/,pending,0,0,
1879,https://www.indiegogo.com//projects/fallen-hero-memorial-chest-fund#/,pending,0,0,
1880,https://www.indiegogo.com//projects/falmouth-high-school-golf-scholarship#/,pending,0,0,
1881,https://www.indiegogo.com//projects/famille-autour-des-ameriques#/,pending,0,0,
1882,https://www.indiegogo.com//projects/family-health-center#/,pending,0,0,
1883,https://www.indiegogo.com//projects/family-screaming-from-the-house-of-rust-and-fear--5#/,pending,0,0,
1884,https://www.indiegogo.com//projects/family-weekend-for-il-gamma#/,pending,0,0,
1885,https://www.indiegogo.com//projects/fanboy-kay-had-her-phone-stolen-let-s-replace-it#/,pending,0,0,
1886,https://www.indiegogo.com//projects/fancy-world-s-smallest-stabilizer-for-smartphone#/,pending,0,0,
1887,https://www.indiegogo.com//projects/fantasy-comic-girls#/,pending,0,0,
1888,https://www.indiegogo.com//projects/fantasy-league-one#/,pending,0,0,
1889,https://www.indiegogo.com//projects/fantom-money-tender-alternative-financing-tool#/,pending,0,0,
1890,https://www.indiegogo.com//projects/fanttik-electric-screwdriver-power-meets-precision#/,pending,0,0,
1891,https://www.indiegogo.com//projects/faradaygirl-bags-bespoke-protection-on-the-go#/,pending,0,0,
1892,https://www.indiegogo.com//projects/farlight-explorers#/,pending,0,0,
1893,https://www.indiegogo.com//projects/fasciawear-sportswear-that-improves-performance#/,pending,0,0,
1894,https://www.indiegogo.com//projects/fashion-emotion#/,pending,0,0,
1895,https://www.indiegogo.com//projects/fashion-empowering-women-via-design-production#/,pending,0,0,
1896,https://www.indiegogo.com//projects/fashion-is-not-cheap--2#/,pending,0,0,
1897,https://www.indiegogo.com//projects/fastpong-interactive-table-tennis-training-device#/,pending,0,0,
1898,https://www.indiegogo.com//projects/fat-freezer-platinum-freeze-away-stubborn-fat#/,pending,0,0,
1899,https://www.indiegogo.com//projects/fat-kid-dance-party-aerobics-pre-sale#/,pending,0,0,
1900,https://www.indiegogo.com//projects/father-io-massive-multiplayer-laser-tag#/,pending,0,0,
1901,https://www.indiegogo.com//projects/fawn-and-willow-skin-care-with-purpose#/,pending,0,0,
1902,https://www.indiegogo.com//projects/featherblade-craft-butchery-comes-to-las-vegas#/,pending,0,0,
1903,https://www.indiegogo.com//projects/feature-packed-like-no-other-sleeping-system#/,pending,0,0,
1904,https://www.indiegogo.com//projects/fecomics-games-2015#/,pending,0,0,
1905,https://www.indiegogo.com//projects/feed-5-haitian-students-for-5#/,pending,0,0,
1906,https://www.indiegogo.com//projects/feed-the-hood-project--4#/,pending,0,0,
1907,https://www.indiegogo.com//projects/feeding-the-children#/,pending,0,0,
1908,https://www.indiegogo.com//projects/feelings-bangle-get-your-status-on-the-wrist#/,pending,0,0,
1909,https://www.indiegogo.com//projects/felicity-green#/,pending,0,0,
1910,https://www.indiegogo.com//projects/felts-health-shoes-2-0-post-lockdown-re-launch#/,pending,0,0,
1911,https://www.indiegogo.com//projects/fermented#/,pending,0,0,
1912,https://www.indiegogo.com//projects/fernweh--2#/,pending,0,0,
1913,https://www.indiegogo.com//projects/festival-arte-agua-y-tierra--4#/,pending,0,0,
1914,https://www.indiegogo.com//projects/festival-of-conscious-parenting#/,pending,0,0,
1915,https://www.indiegogo.com//projects/ficihp-keyboard-with-12-6-inches-touchscreen--2#/,pending,0,0,
1916,https://www.indiegogo.com//projects/fidgetglove-by-jitterbug-solutions#/,pending,0,0,
1917,https://www.indiegogo.com//projects/fight-obesity-with-affordable-fitness#/,pending,0,0,
1918,https://www.indiegogo.com//projects/fight-the-new-drug--2#/,pending,0,0,
1919,https://www.indiegogo.com//projects/fighting-breast-cancer--5#/,pending,0,0,
1920,https://www.indiegogo.com//projects/fighting-fibromyalgia--2#/,pending,0,0,
1921,https://www.indiegogo.com//projects/fighting-for-ian--9#/,pending,0,0,
1922,https://www.indiegogo.com//projects/fighting-for-josh#/,pending,0,0,
1923,https://www.indiegogo.com//projects/fighting-for-philip#/,pending,0,0,
1924,https://www.indiegogo.com//projects/fighting-infection-in-long-term-care-facilities#/,pending,0,0,
1925,https://www.indiegogo.com//projects/fighting-poverty-in-uganda#/,pending,0,0,
1926,https://www.indiegogo.com//projects/fighting-squirrels-wheelchair-rugby-fund-nonprofit#/,pending,0,0,
1927,https://www.indiegogo.com//projects/fightprohibition#/,pending,0,0,
1928,https://www.indiegogo.com//projects/fiido-d11-100km-cycling-urban-folding-ebike#/,pending,0,0,
1929,https://www.indiegogo.com//projects/fiido-x-130km-folding-electric-bike#/,pending,0,0,
1930,https://www.indiegogo.com//projects/filadryer-s1-cost-effective-3d-filament-dryer-box#/,pending,0,0,
1931,https://www.indiegogo.com//projects/files-by-less-gel-nails-system#/,pending,0,0,
1932,https://www.indiegogo.com//projects/film-camp-for-teens#/,pending,0,0,
1933,https://www.indiegogo.com//projects/filmmaking-for-photographers-5-day-workshop-sfo#/,pending,0,0,
1934,https://www.indiegogo.com//projects/filter-friend-clean-air-within-reach#/,pending,0,0,
1935,https://www.indiegogo.com//projects/fin-elector-the-mirror-dimension#/,pending,0,0,
1936,https://www.indiegogo.com//projects/financement-du-10e-anniversaire-du-24h-de-science#/,pending,0,0,
1937,https://www.indiegogo.com//projects/finca-el-cedro-5-years-in-the-making#/,pending,0,0,
1938,https://www.indiegogo.com//projects/find-connect-the-first-on-offline-search-engine#/,pending,0,0,
1939,https://www.indiegogo.com//projects/find-the-cure-for-cluster-headache-and-other-tacs#/,pending,0,0,
1940,https://www.indiegogo.com//projects/findalostpet-org-launch--2#/,pending,0,0,
1941,https://www.indiegogo.com//projects/findster-duo-gps-pet-tracker-without-monthly-fees#/,pending,0,0,
1942,https://www.indiegogo.com//projects/findster-kids-gps-tracker-free-of-monthly-fees#/,pending,0,0,
1943,https://www.indiegogo.com//projects/fine-art-prints-by-vince-locke#/,pending,0,0,
1944,https://www.indiegogo.com//projects/fingears-magnetic-rings-anti-stress-game-fidget#/,pending,0,0,
1945,https://www.indiegogo.com//projects/fini-brush-revolutionary-cosmetic-brush-design#/,pending,0,0,
1946,https://www.indiegogo.com//projects/finished--4#/,pending,0,0,
1947,https://www.indiegogo.com//projects/finn-mccool-celtic-ireland-s-greatest-hero--2#/,pending,0,0,
1948,https://www.indiegogo.com//projects/fino-world-s-first-shatter-proof-tablet#/,pending,0,0,
1949,https://www.indiegogo.com//projects/fiosys-a-software-developer-s-tool#/,pending,0,0,
1950,https://www.indiegogo.com//projects/fire-dragon-adventure-fuel#/,pending,0,0,
1951,https://www.indiegogo.com//projects/fireant-solution-the-xterminator#/,pending,0,0,
1952,https://www.indiegogo.com//projects/firekorf-fire-pit-grill-and-roasting-spit#/,pending,0,0,
1953,https://www.indiegogo.com//projects/firestarter-project#/,pending,0,0,
1954,https://www.indiegogo.com//projects/firestop3#/,pending,0,0,
1955,https://www.indiegogo.com//projects/fireup-dutch-oven#/,pending,0,0,
1956,https://www.indiegogo.com//projects/firewatch-comic-book-issue-1#/,pending,0,0,
1957,https://www.indiegogo.com//projects/first-3d-calendar-on-a-sphere#/,pending,0,0,
1958,https://www.indiegogo.com//projects/first-adaptive-snowboards-in-chile#/,pending,0,0,
1959,https://www.indiegogo.com//projects/first-black-owned-global-phitness-phrancise#/,pending,0,0,
1960,https://www.indiegogo.com//projects/first-international-tournament#/,pending,0,0,
1961,https://www.indiegogo.com//projects/first-marine-fish-hatchery-in-kenya#/,pending,0,0,
1962,https://www.indiegogo.com//projects/first-responder-smartphone-medical-i-d-bracelet#/,pending,0,0,
1963,https://www.indiegogo.com//projects/first-round-concluded-thank-you#/,pending,0,0,
1964,https://www.indiegogo.com//projects/first-works#/,pending,0,0,
1965,https://www.indiegogo.com//projects/fishing-designers-on-thyne#/,pending,0,0,
1966,https://www.indiegogo.com//projects/fit-family#/,pending,0,0,
1967,https://www.indiegogo.com//projects/fit-love#/,pending,0,0,
1968,https://www.indiegogo.com//projects/fit4mom-mount-juliet#/,pending,0,0,
1969,https://www.indiegogo.com//projects/fitfriend-a-sportswatch-app#/,pending,0,0,
1970,https://www.indiegogo.com//projects/fitness-circus-studio-in-white-center#/,pending,0,0,
1971,https://www.indiegogo.com//projects/fitness-for-all#/,pending,0,0,
1972,https://www.indiegogo.com//projects/fitow-patent-pending-revolutionary-fitness-towel#/,pending,0,0,
1973,https://www.indiegogo.com//projects/fittbo-the-ultimate-lunchbox#/,pending,0,0,
1974,https://www.indiegogo.com//projects/fittheland-enough-to-live-with-plain#/,pending,0,0,
1975,https://www.indiegogo.com//projects/fitto-vibrating-weight-loss-device#/,pending,0,0,
1976,https://www.indiegogo.com//projects/fix-the-tmatpb-computer-so-we-can-podcast#/,pending,0,0,
1977,https://www.indiegogo.com//projects/fix-your-dead-car-truck-batteries-easily#/,pending,0,0,
1978,https://www.indiegogo.com//projects/fixi-t1-by-adley-watch-co--2#/,pending,0,0,
1979,https://www.indiegogo.com//projects/fixico-everything-you-need-to-keep-your-computer-fast-safe-and-happy#/,pending,0,0,
1980,https://www.indiegogo.com//projects/fixture-s1-play-with-your-pro-controller-anywhere#/,pending,0,0,
1981,https://www.indiegogo.com//projects/fizzics-your-favorite-beer-on-tap#/,pending,0,0,
1982,https://www.indiegogo.com//projects/flamecube-the-ultimate-camping-companion#/,pending,0,0,
1983,https://www.indiegogo.com//projects/flametube-programmable-piece-of-the-art-light#/,pending,0,0,
1984,https://www.indiegogo.com//projects/flash-3d-pedometer-and-multifunction-clock-combo#/,pending,0,0,
1985,https://www.indiegogo.com//projects/flash-world-s-most-powerful-210w-usb-c-powerbank#/,pending,0,0,
1986,https://www.indiegogo.com//projects/flashre-app#/,pending,0,0,
1987,https://www.indiegogo.com//projects/flatiron#/,pending,0,0,
1988,https://www.indiegogo.com//projects/flatpac-just-pack-unpack-in-a-second#/,pending,0,0,
1989,https://www.indiegogo.com//projects/flaus-world-s-first-eco-friendly-electric-flosser#/,pending,0,0,
1990,https://www.indiegogo.com//projects/flet-tumbler-for-iced-cold-drinks-with-no-ice#/,pending,0,0,
1991,https://www.indiegogo.com//projects/flex-2-by-tefors-elegant-design-a-sneaker-feel#/,pending,0,0,
1992,https://www.indiegogo.com//projects/flex-bolt-perfect-tool-for-lightning-photography#/,pending,0,0,
1993,https://www.indiegogo.com//projects/flexpack-the-anti-theft-duffle-backpack#/,pending,0,0,
1994,https://www.indiegogo.com//projects/flexr-control-technology-with-your-muscles-exercise#/,pending,0,0,
1995,https://www.indiegogo.com//projects/flexrak-a-dishwasher-rack-that-saves-water#/,pending,0,0,
1996,https://www.indiegogo.com//projects/flexwarm-world-s-smartest-jacket--2#/,pending,0,0,
1997,https://www.indiegogo.com//projects/fli-charge#/,pending,0,0,
1998,https://www.indiegogo.com//projects/flickinger-center-for-performing-arts-children-s-campaign#/,pending,0,0,
1999,https://www.indiegogo.com//projects/flicks-mobile-party-boombox-projector-for-all#/,pending,0,0,
2000,https://www.indiegogo.com//projects/fliks-unlock-english-fluency-with-movies-series#/,pending,0,0,
2001,https://www.indiegogo.com//projects/flip-the-world-s-most-intuitive-smart-stylus#/,pending,0,0,
2002,https://www.indiegogo.com//projects/flipcable-the-cable-for-any-device-for-real#/,pending,0,0,
2003,https://www.indiegogo.com//projects/flipstik-stick-and-mount-anything-everywhere#/,pending,0,0,
2004,https://www.indiegogo.com//projects/float-shelf-the-ultimate-shelf-for-imacs--2#/,pending,0,0,
2005,https://www.indiegogo.com//projects/floop-food-co2-footprint-tracker-meal-plan-app#/,pending,0,0,
2006,https://www.indiegogo.com//projects/florida-man-graphic-novel-volume-one#/,pending,0,0,
2007,https://www.indiegogo.com//projects/flos-raum#/,pending,0,0,
2008,https://www.indiegogo.com//projects/flowbook-more-clarity-focus-for-your-life#/,pending,0,0,
2009,https://www.indiegogo.com//projects/flowdot-the-lightweight-self-balancing-e-scooter#/,pending,0,0,
2010,https://www.indiegogo.com//projects/flowtime-brain-tag-better-sleep-day-performance#/,pending,0,0,
2011,https://www.indiegogo.com//projects/flowtime-tdcs-headset-max-your-brain-power--3#/,pending,0,0,
2012,https://www.indiegogo.com//projects/flter-privacy-security-router#/,pending,0,0,
2013,https://www.indiegogo.com//projects/fluffy#/,pending,0,0,
2014,https://www.indiegogo.com//projects/flux-adapt#/,pending,0,0,
2015,https://www.indiegogo.com//projects/flx-electric-bikes-with-attitude#/,pending,0,0,
2016,https://www.indiegogo.com//projects/fly-ii-super-slim-rfid-passport-sleeve#/,pending,0,0,
2017,https://www.indiegogo.com//projects/fly-trekker-advanced-fly-rod#/,pending,0,0,
2018,https://www.indiegogo.com//projects/fly-with-molly#/,pending,0,0,
2019,https://www.indiegogo.com//projects/flying-doctors-in-mozambique#/,pending,0,0,
2020,https://www.indiegogo.com//projects/flying-freedom#/,pending,0,0,
2021,https://www.indiegogo.com//projects/flyquest-fundraising-campaign#/,pending,0,0,
2022,https://www.indiegogo.com//projects/fmrc-2015-project-fit-america-fundraising#/,pending,0,0,
2023,https://www.indiegogo.com//projects/fobo-tag-world-s-1st-patented-bluetooth-5-tracker#/,pending,0,0,
2024,https://www.indiegogo.com//projects/foci-wearable-that-boosts-your-focus#/,pending,0,0,
2025,https://www.indiegogo.com//projects/focuz-revolutionary-energy-tea#/,pending,0,0,
2026,https://www.indiegogo.com//projects/foldable-hydration-backpack-kosta#/,pending,0,0,
2027,https://www.indiegogo.com//projects/foldable-solar-lantern-w-phone-charger-storage#/,pending,0,0,
2028,https://www.indiegogo.com//projects/foliage-a-multi-leaf-leather-bound-journal#/,pending,0,0,
2029,https://www.indiegogo.com//projects/follow-my-vote-app-development-team#/,pending,0,0,
2030,https://www.indiegogo.com//projects/foobot-former-alima-indoor-air-quality-monitor#/,pending,0,0,
2031,https://www.indiegogo.com//projects/food-drive--5#/,pending,0,0,
2032,https://www.indiegogo.com//projects/food-for-thought--2#/,pending,0,0,
2033,https://www.indiegogo.com//projects/food-hacking-base-at-30c3#/,pending,0,0,
2034,https://www.indiegogo.com//projects/food-program-for-bajeviro-school-in-tanzania#/,pending,0,0,
2035,https://www.indiegogo.com//projects/food-wrap-reusable-cling-wrap#/,pending,0,0,
2036,https://www.indiegogo.com//projects/foodlr-the-new-way-to-eat#/,pending,0,0,
2037,https://www.indiegogo.com//projects/foodwize-the-zero-waste-connected-canteen#/,pending,0,0,
2038,https://www.indiegogo.com//projects/foot-prints-for-rain-forest-health-education#/,pending,0,0,
2039,https://www.indiegogo.com//projects/for-all-your-power-needs#/,pending,0,0,
2040,https://www.indiegogo.com//projects/for-fabo--2#/,pending,0,0,
2041,https://www.indiegogo.com//projects/for-holly-doug-and-baby-levi#/,pending,0,0,
2042,https://www.indiegogo.com//projects/for-last-payment-for-my-university#/,pending,0,0,
2043,https://www.indiegogo.com//projects/for-my-baby-sister-by-valerie-tremblay-nee-gallien#/,pending,0,0,
2044,https://www.indiegogo.com//projects/for-software-purchasing-and-licensing#/,pending,0,0,
2045,https://www.indiegogo.com//projects/for-the-kids-2015#/,pending,0,0,
2046,https://www.indiegogo.com//projects/for-the-love-of-or-the-roller-derby-play#/,pending,0,0,
2047,https://www.indiegogo.com//projects/for-your-aura#/,pending,0,0,
2048,https://www.indiegogo.com//projects/forbidden-fruits-amsterdam-igem-2020#/,pending,0,0,
2049,https://www.indiegogo.com//projects/foreign-exchange-program-to-spain#/,pending,0,0,
2050,https://www.indiegogo.com//projects/foreign-language-phrasebooks-with-spoken-audio#/,pending,0,0,
2051,https://www.indiegogo.com//projects/forge-1-the-huge-affordable-sla-lcd-3d-printer#/,pending,0,0,
2052,https://www.indiegogo.com//projects/formation-technique-agricole-jeunes-descolarises#/,pending,0,0,
2053,https://www.indiegogo.com//projects/formula-sae-unam--5#/,pending,0,0,
2054,https://www.indiegogo.com//projects/forrreal#/,pending,0,0,
2055,https://www.indiegogo.com//projects/fossil-fuel-free-future#/,pending,0,0,
2056,https://www.indiegogo.com//projects/found-in-translation--2#/,pending,0,0,
2057,https://www.indiegogo.com//projects/foundation-4-future-inclusion-south-africa#/,pending,0,0,
2058,https://www.indiegogo.com//projects/foundation-for-molecular-medicine#/,pending,0,0,
2059,https://www.indiegogo.com//projects/frabjulous-the-worlds-first-true-web-based-operating-system#/,pending,0,0,
2060,https://www.indiegogo.com//projects/frame-the-ultimate-lifestyle-camera#/,pending,0,0,
2061,https://www.indiegogo.com//projects/francisco-goes-to-oxford#/,pending,0,0,
2062,https://www.indiegogo.com//projects/francisco-needs-scoliosis-surgery#/,pending,0,0,
2063,https://www.indiegogo.com//projects/franky-panky-travel-fundraiser#/,pending,0,0,
2064,https://www.indiegogo.com//projects/free-electrolysis-by-and-for-transgender-people#/,pending,0,0,
2065,https://www.indiegogo.com//projects/free-heath-nielsen#/,pending,0,0,
2066,https://www.indiegogo.com//projects/free-ian-carter#/,pending,0,0,
2067,https://www.indiegogo.com//projects/free-medical-visit-outreach#/,pending,0,0,
2068,https://www.indiegogo.com//projects/free-mobile-biodiesel-natural-medicine-clinic#/,pending,0,0,
2069,https://www.indiegogo.com//projects/free-mobile-learning-app#/,pending,0,0,
2070,https://www.indiegogo.com//projects/free-preschool-for-all#/,pending,0,0,
2071,https://www.indiegogo.com//projects/free-pride-glasgow#/,pending,0,0,
2072,https://www.indiegogo.com//projects/free-software-in-ghana#/,pending,0,0,
2073,https://www.indiegogo.com//projects/free-the-children--3#/,pending,0,0,
2074,https://www.indiegogo.com//projects/free-wireless-chargers-samsung-s4-s5-note-3#/,pending,0,0,
2075,https://www.indiegogo.com//projects/freecandy-creative-space#/,pending,0,0,
2076,https://www.indiegogo.com//projects/freecon-at-florida-state-university#/,pending,0,0,
2077,https://www.indiegogo.com//projects/freedom-is-your-nature-a-powerful-book-on-transformation#/,pending,0,0,
2078,https://www.indiegogo.com//projects/freedom-of-speech-share-chat-app#/,pending,0,0,
2079,https://www.indiegogo.com//projects/freedrum-2-our-next-virtual-drum-kit--2#/,pending,0,0,
2080,https://www.indiegogo.com//projects/freewrite-alpha-distraction-free-writing-anywhere#/,pending,0,0,
2081,https://www.indiegogo.com//projects/freeyourmemory-com#/,pending,0,0,
2082,https://www.indiegogo.com//projects/frenchie-the-world-s-first-speed-wallet#/,pending,0,0,
2083,https://www.indiegogo.com//projects/fresh-fruit-for-everyone#/,pending,0,0,
2084,https://www.indiegogo.com//projects/fresh-kics-llc-forever-fresh-fly#/,pending,0,0,
2085,https://www.indiegogo.com//projects/fresh-masks#/,pending,0,0,
2086,https://www.indiegogo.com//projects/fresh-picks-making-fresh-healthy-food-accessible-to-offices#/,pending,0,0,
2087,https://www.indiegogo.com//projects/fresh-water-amidst-the-ebola-crisis-in-liberia#/,pending,0,0,
2088,https://www.indiegogo.com//projects/freshdry-the-negative-ion-body-standing-dryer#/,pending,0,0,
2089,https://www.indiegogo.com//projects/freshstart-bootcamp#/,pending,0,0,
2090,https://www.indiegogo.com//projects/fresno-state-paintball#/,pending,0,0,
2091,https://www.indiegogo.com//projects/fridgmate-a-smart-sterilizer-for-your-fridge--2#/,pending,0,0,
2092,https://www.indiegogo.com//projects/friends-funding-futures#/,pending,0,0,
2093,https://www.indiegogo.com//projects/friends-of-charlene-collins-mule-train-recovery#/,pending,0,0,
2094,https://www.indiegogo.com//projects/friends-of-metro-wow-team#/,pending,0,0,
2095,https://www.indiegogo.com//projects/friends-of-the-white-city#/,pending,0,0,
2096,https://www.indiegogo.com//projects/from-croatia-to-morocco-with-my-twingo-groundlines#/,pending,0,0,
2097,https://www.indiegogo.com//projects/from-silence-to-justice#/,pending,0,0,
2098,https://www.indiegogo.com//projects/from-silence-to-justice-part-two#/,pending,0,0,
2099,https://www.indiegogo.com//projects/from-the-streets-to-school#/,pending,0,0,
2100,https://www.indiegogo.com//projects/frontrow-explore-invent-and-connect#/,pending,0,0,
2101,https://www.indiegogo.com//projects/fruitamals-plush-toys#/,pending,0,0,
2102,https://www.indiegogo.com//projects/ftg#/,pending,0,0,
2103,https://www.indiegogo.com//projects/fuel-for-the-body-bike-t-o-u-r-s#/,pending,0,0,
2104,https://www.indiegogo.com//projects/fuel-from-thin-air#/,pending,0,0,
2105,https://www.indiegogo.com//projects/fueling-aspiring-rocket-scientists#/,pending,0,0,
2106,https://www.indiegogo.com//projects/fuelwear-flame-the-first-smart-heated-base-layer#/,pending,0,0,
2107,https://www.indiegogo.com//projects/fugitive-fitness#/,pending,0,0,
2108,https://www.indiegogo.com//projects/fuji-mask-organic-cotton-masks-from-japan#/,pending,0,0,
2109,https://www.indiegogo.com//projects/full-3d-pokemon-pc-game#/,pending,0,0,
2110,https://www.indiegogo.com//projects/full-cycle-zero-waste-packaging-manufacturing#/,pending,0,0,
2111,https://www.indiegogo.com//projects/full-page-ad-for-religious-freedom#/,pending,0,0,
2112,https://www.indiegogo.com//projects/fully-custom-rigs-for-serious-nerds#/,pending,0,0,
2113,https://www.indiegogo.com//projects/fully-fabulous-freaking-fantastic-funding-fandango#/,pending,0,0,
2114,https://www.indiegogo.com//projects/fun-board-game-about-2020-us-presidential-election#/,pending,0,0,
2115,https://www.indiegogo.com//projects/fun-digital-school-for-kids#/,pending,0,0,
2116,https://www.indiegogo.com//projects/fun-laser-engraver-and-cutter-for-christmas#/,pending,0,0,
2117,https://www.indiegogo.com//projects/fun-stem-activities-for-kids-designmakeplay-pack#/,pending,0,0,
2118,https://www.indiegogo.com//projects/functional-prosthetic-hand#/,pending,0,0,
2119,https://www.indiegogo.com//projects/functional-shoes-run-hike-and-walk-pain-free#/,pending,0,0,
2120,https://www.indiegogo.com//projects/fund-aid-to-poor-of-lake-victoria-bugiri-uganda#/,pending,0,0,
2121,https://www.indiegogo.com//projects/fund-austin-s-engineering-trip-to-china#/,pending,0,0,
2122,https://www.indiegogo.com//projects/fund-cancer-research-and-my-graduate-research#/,pending,0,0,
2123,https://www.indiegogo.com//projects/fund-creative-clinic-center-in-grove-city-ohio#/,pending,0,0,
2124,https://www.indiegogo.com//projects/fund-fenwick#/,pending,0,0,
2125,https://www.indiegogo.com//projects/fund-for-lucas-hiram-massman#/,pending,0,0,
2126,https://www.indiegogo.com//projects/fund-for-soldier-jay-jay#/,pending,0,0,
2127,https://www.indiegogo.com//projects/fund-kathy-gilberd-s-mltf-salary-for-6-months#/,pending,0,0,
2128,https://www.indiegogo.com//projects/fund-my-new-lens#/,pending,0,0,
2129,https://www.indiegogo.com//projects/fund-my-ngo-child-education-reform-trip-to-africa#/,pending,0,0,
2130,https://www.indiegogo.com//projects/fund-my-upcoming-yoga-teacher-training#/,pending,0,0,
2131,https://www.indiegogo.com//projects/fund-raising-for-building-yoga-place#/,pending,0,0,
2132,https://www.indiegogo.com//projects/fund-skeptech-2-electric-boogaloo#/,pending,0,0,
2133,https://www.indiegogo.com//projects/fund-start-up-constitutional-renaissance-institute#/,pending,0,0,
2134,https://www.indiegogo.com//projects/fund-summer-research-internship-in-quebec-canada#/,pending,0,0,
2135,https://www.indiegogo.com//projects/fund-team-raimana-world-s-olamau-race-2013-canoe#/,pending,0,0,
2136,https://www.indiegogo.com//projects/fund-the-poverty-ridden-farmers-of-zambia-africa#/,pending,0,0,
2137,https://www.indiegogo.com//projects/fundacion-free-juana#/,pending,0,0,
2138,https://www.indiegogo.com//projects/funding-for-free-fitness-classes-for-lower-income-areas-of-richmond#/,pending,0,0,
2139,https://www.indiegogo.com//projects/funding-for-golden-dragonfly-acupuncture#/,pending,0,0,
2140,https://www.indiegogo.com//projects/funding-for-therapy#/,pending,0,0,
2141,https://www.indiegogo.com//projects/funding-my-medical-care#/,pending,0,0,
2142,https://www.indiegogo.com//projects/funding-my-science-classroom#/,pending,0,0,
2143,https://www.indiegogo.com//projects/funding-of-central-asian-music-studies#/,pending,0,0,
2144,https://www.indiegogo.com//projects/funding-to-release-my-4-episode-anthology-game#/,pending,0,0,
2145,https://www.indiegogo.com//projects/fundmystudies--2#/,pending,0,0,
2146,https://www.indiegogo.com//projects/fundraise-for-matatirtha-old-age-home#/,pending,0,0,
2147,https://www.indiegogo.com//projects/fundraiser-for-active-duty-and-veterans-for-trauma-sensitive-yoga-sessions#/,pending,0,0,
2148,https://www.indiegogo.com//projects/fundraiser-for-karissa-webb#/,pending,0,0,
2149,https://www.indiegogo.com//projects/fundraiser-for-oumar-cisse-known-as-peace-corps-baba#/,pending,0,0,
2150,https://www.indiegogo.com//projects/fundraiser-for-the-hub-in-lesotho-southern-africa#/,pending,0,0,
2151,https://www.indiegogo.com//projects/fundraising-page-for-david-clark-s-badwater-journey#/,pending,0,0,
2152,https://www.indiegogo.com//projects/fundraising-to-become-a-warrior-without-weapons#/,pending,0,0,
2153,https://www.indiegogo.com//projects/funds-for-grammie#/,pending,0,0,
2154,https://www.indiegogo.com//projects/funds-for-inner-city-rugby-and-boxing-team#/,pending,0,0,
2155,https://www.indiegogo.com//projects/funds-to-help-the-edwards-family#/,pending,0,0,
2156,https://www.indiegogo.com//projects/funeral-fund-for-meilah-sky#/,pending,0,0,
2157,https://www.indiegogo.com//projects/funstatic-the-electrostatic-travel-map#/,pending,0,0,
2158,https://www.indiegogo.com//projects/funxim-affordable-fast-wireless-charging-pad--2#/,pending,0,0,
2159,https://www.indiegogo.com//projects/furnish-our-school-the-next-step-in-peruvian-special-education#/,pending,0,0,
2160,https://www.indiegogo.com//projects/furnishing-lower-elementary-montessori-classroom#/,pending,0,0,
2161,https://www.indiegogo.com//projects/fusion-high-performance-electric-bike#/,pending,0,0,
2162,https://www.indiegogo.com//projects/fusion-hybrid-automobiles#/,pending,0,0,
2163,https://www.indiegogo.com//projects/fusion-smoothie-and-holistic-bar#/,pending,0,0,
2164,https://www.indiegogo.com//projects/future-agronomist-wants-haiti-to-feed-itself#/,pending,0,0,
2165,https://www.indiegogo.com//projects/future-doctor-tlc#/,pending,0,0,
2166,https://www.indiegogo.com//projects/future-sound-music#/,pending,0,0,
2167,https://www.indiegogo.com//projects/fuze-cases-bringing-back-the-audio-jack#/,pending,0,0,
2168,https://www.indiegogo.com//projects/g-design-world-s-safest-cycling-backpack#/,pending,0,0,
2169,https://www.indiegogo.com//projects/g-ro-revolutionary-luggage-and-backpacks#/,pending,0,0,
2170,https://www.indiegogo.com//projects/g-up#/,pending,0,0,
2171,https://www.indiegogo.com//projects/g2-zero-gravity-crane-on-earth#/,pending,0,0,
2172,https://www.indiegogo.com//projects/g6-driving-simulator#/,pending,0,0,
2173,https://www.indiegogo.com//projects/g6-world-s-first-65w-travel-adapter-with-gan#/,pending,0,0,
2174,https://www.indiegogo.com//projects/gabb-wireless-safe-phones-for-kids#/,pending,0,0,
2175,https://www.indiegogo.com//projects/gablys-systeme-antivol-et-anti-perte-connecte-a-votre-smartphone#/,pending,0,0,
2176,https://www.indiegogo.com//projects/gaia-s-garden--2#/,pending,0,0,
2177,https://www.indiegogo.com//projects/gait-for-guatemala--2#/,pending,0,0,
2178,https://www.indiegogo.com//projects/gaitaid-glasses-project#/,pending,0,0,
2179,https://www.indiegogo.com//projects/gal-espacio-montessori-puerto-morelos-mexico#/,pending,0,0,
2180,https://www.indiegogo.com//projects/galapagos-the-ultimate-sustainable-wetsuit#/,pending,0,0,
2181,https://www.indiegogo.com//projects/galencia-khaos-sphere-a-commodore-64-game#/,pending,0,0,
2182,https://www.indiegogo.com//projects/galvin-the-car-stereo-moto-mod-for-the-motorola-z#/,pending,0,0,
2183,https://www.indiegogo.com//projects/game-changing-330w-charger-for-gamers-creators#/,pending,0,0,
2184,https://www.indiegogo.com//projects/gameful-education-with-bluerabbit#/,pending,0,0,
2185,https://www.indiegogo.com//projects/gamelynx-esports-network-connect-compete-conquer#/,pending,0,0,
2186,https://www.indiegogo.com//projects/gametime-hero-unleash-the-hero-within#/,pending,0,0,
2187,https://www.indiegogo.com//projects/gaming-social#/,pending,0,0,
2188,https://www.indiegogo.com//projects/garabattos-making-good-t-shirts-for-great-people#/,pending,0,0,
2189,https://www.indiegogo.com//projects/garbeasy-trash-bag-holder#/,pending,0,0,
2190,https://www.indiegogo.com//projects/gardener-s-glee-dry-hand-remedy-from-valley-green-naturals#/,pending,0,0,
2191,https://www.indiegogo.com//projects/gardens#/,pending,0,0,
2192,https://www.indiegogo.com//projects/gardiner-regional-middle-school-garden#/,pending,0,0,
2193,https://www.indiegogo.com//projects/gateway-educational-services-who-doesn-t-want-their-kid-to-go-to-college#/,pending,0,0,
2194,https://www.indiegogo.com//projects/gaulier-made-me-cry#/,pending,0,0,
2195,https://www.indiegogo.com//projects/gaymer-social-mobile-app#/,pending,0,0,
2196,https://www.indiegogo.com//projects/gaza-needs#/,pending,0,0,
2197,https://www.indiegogo.com//projects/gazerglass-power-bank-battery-for-google-glass#/,pending,0,0,
2198,https://www.indiegogo.com//projects/gaziantep-interactive-library#/,pending,0,0,
2199,https://www.indiegogo.com//projects/gbag-the-new-bagolf-bag#/,pending,0,0,
2200,https://www.indiegogo.com//projects/gbm-bronx-health-wellness-biodiversity-center#/,pending,0,0,
2201,https://www.indiegogo.com//projects/gbpfundtest#/,pending,0,0,
2202,https://www.indiegogo.com//projects/geareye-gear-management-system-for-photographers#/,pending,0,0,
2203,https://www.indiegogo.com//projects/ged-lab-2014#/,pending,0,0,
2204,https://www.indiegogo.com//projects/geek-stream-a-battery-powered-usb-dac-amp#/,pending,0,0,
2205,https://www.indiegogo.com//projects/geekpet-comunidad-de-pet-lovers#/,pending,0,0,
2206,https://www.indiegogo.com//projects/geizeer-eco-friendly-ice-cooling#/,pending,0,0,
2207,https://www.indiegogo.com//projects/gem-marigold-transformational-tattoo#/,pending,0,0,
2208,https://www.indiegogo.com//projects/gemini-pda-android-linux-keyboard-mobile-device--2#/,pending,0,0,
2209,https://www.indiegogo.com//projects/gemstones-adornment-and-beyond#/,pending,0,0,
2210,https://www.indiegogo.com//projects/gender-confirming-surgery--2#/,pending,0,0,
2211,https://www.indiegogo.com//projects/gene-world-s-first-smart-sports-bottle#/,pending,0,0,
2212,https://www.indiegogo.com//projects/geneo-personal-brush-glow-oxygenation-device#/,pending,0,0,
2213,https://www.indiegogo.com//projects/genesis-community-of-the-arts-2017-2018--3#/,pending,0,0,
2214,https://www.indiegogo.com//projects/genuinedocs#/,pending,0,0,
2215,https://www.indiegogo.com//projects/geohealthapp#/,pending,0,0,
2216,https://www.indiegogo.com//projects/george-contents-or-people-really-useful-now#/,pending,0,0,
2217,https://www.indiegogo.com//projects/george-ultimate-carbon-fiber-animation-armature#/,pending,0,0,
2218,https://www.indiegogo.com//projects/german-indoor-lacrosse-national-team--3#/,pending,0,0,
2219,https://www.indiegogo.com//projects/gerson-therepy#/,pending,0,0,
2220,https://www.indiegogo.com//projects/gestalta-down-under#/,pending,0,0,
2221,https://www.indiegogo.com//projects/gestalta-down-under-take-2#/,pending,0,0,
2222,https://www.indiegogo.com//projects/get-a-3d-printer-for-velocity#/,pending,0,0,
2223,https://www.indiegogo.com//projects/get-a-free-drop-a-brick-through-shock-top#/,pending,0,0,
2224,https://www.indiegogo.com//projects/get-a-lifetime-pass-to-the-war-childhood-museum#/,pending,0,0,
2225,https://www.indiegogo.com//projects/get-a-sustainable-house-in-the-tropics-for-100#/,pending,0,0,
2226,https://www.indiegogo.com//projects/get-aron-ra-to-come-speak-in-chattanooga#/,pending,0,0,
2227,https://www.indiegogo.com//projects/get-boxwood-biscuit-co-rolling#/,pending,0,0,
2228,https://www.indiegogo.com//projects/get-down-with-dirty-e-studios#/,pending,0,0,
2229,https://www.indiegogo.com//projects/get-gryffin-mendonssa-to-american-ballet-theatre#/,pending,0,0,
2230,https://www.indiegogo.com//projects/get-it-back-canopy-recovery-system#/,pending,0,0,
2231,https://www.indiegogo.com//projects/get-jase-to-south-africa#/,pending,0,0,
2232,https://www.indiegogo.com//projects/get-jessie-to-stretch#/,pending,0,0,
2233,https://www.indiegogo.com//projects/get-julie-to-neurology#/,pending,0,0,
2234,https://www.indiegogo.com//projects/get-karen-to-the-set-free-global-conference--2#/,pending,0,0,
2235,https://www.indiegogo.com//projects/get-kirby-to-winton#/,pending,0,0,
2236,https://www.indiegogo.com//projects/get-li2ei-into-underserved-communities#/,pending,0,0,
2237,https://www.indiegogo.com//projects/get-more-for-your-money-with-automated-planning#/,pending,0,0,
2238,https://www.indiegogo.com//projects/get-organic#/,pending,0,0,
2239,https://www.indiegogo.com//projects/get-outside-ball#/,pending,0,0,
2240,https://www.indiegogo.com//projects/get-porkchop-powerlifting-off-the-ground#/,pending,0,0,
2241,https://www.indiegogo.com//projects/get-ratbagsdotcom-to-qed#/,pending,0,0,
2242,https://www.indiegogo.com//projects/get-rewarded-for-reducing-your-co2-emissions#/,pending,0,0,
2243,https://www.indiegogo.com//projects/get-skylar-to-nationals--2#/,pending,0,0,
2244,https://www.indiegogo.com//projects/get-team-belgium-to-global-games#/,pending,0,0,
2245,https://www.indiegogo.com//projects/get-teung-sela-into-university#/,pending,0,0,
2246,https://www.indiegogo.com//projects/get-the-first-signs-live-longer#/,pending,0,0,
2247,https://www.indiegogo.com//projects/get-the-north-americans-to-world-cup#/,pending,0,0,
2248,https://www.indiegogo.com//projects/get-the-south-reno-bulldogs-to-cooperstown-in-2016#/,pending,0,0,
2249,https://www.indiegogo.com//projects/get-the-strutter-flying#/,pending,0,0,
2250,https://www.indiegogo.com//projects/get-the-world-s-lightest-portable-power-stations#/,pending,0,0,
2251,https://www.indiegogo.com//projects/get-this-girl-a-bike#/,pending,0,0,
2252,https://www.indiegogo.com//projects/get-ubc-quidditch-club-to-world-cup-8#/,pending,0,0,
2253,https://www.indiegogo.com//projects/get-world-s-first-magnetic-suspender-belt#/,pending,0,0,
2254,https://www.indiegogo.com//projects/get-your-ipad-wifi-anywhere-case-today-for-99#/,pending,0,0,
2255,https://www.indiegogo.com//projects/getlawyer-the-smartest-and-easiest-way-to-find-a-lawyer#/,pending,0,0,
2256,https://www.indiegogo.com//projects/getting-mike-new-legs#/,pending,0,0,
2257,https://www.indiegogo.com//projects/getwithit-party-app#/,pending,0,0,
2258,https://www.indiegogo.com//projects/gh0st-longboard-wheels#/,pending,0,0,
2259,https://www.indiegogo.com//projects/ghanian-children-s-mathematics-workshop#/,pending,0,0,
2260,https://www.indiegogo.com//projects/ghesad#/,pending,0,0,
2261,https://www.indiegogo.com//projects/ghj#/,pending,0,0,
2262,https://www.indiegogo.com//projects/ghost-band-a-96-page-graphic-novel-performance#/,pending,0,0,
2263,https://www.indiegogo.com//projects/ghs-boys-soccer-program-fundraiser-2016#/,pending,0,0,
2264,https://www.indiegogo.com//projects/gia-godchaux-breast-cancer-fund#/,pending,0,0,
2265,https://www.indiegogo.com//projects/gia-s-strength-fundraiser#/,pending,0,0,
2266,https://www.indiegogo.com//projects/giano-le-carte-bifronte#/,pending,0,0,
2267,https://www.indiegogo.com//projects/gift-a-sight-project-2014#/,pending,0,0,
2268,https://www.indiegogo.com//projects/gift-book-00#/,pending,0,0,
2269,https://www.indiegogo.com//projects/gift-to-the-morehouse-makerspace#/,pending,0,0,
2270,https://www.indiegogo.com//projects/giga-pump2-the-smallest-air-pump-lantern-3-in-1#/,pending,0,0,
2271,https://www.indiegogo.com//projects/gin-sns-a-simpler-way-to-network#/,pending,0,0,
2272,https://www.indiegogo.com//projects/ginger-blaast-organic-ginger-healthy-juice#/,pending,0,0,
2273,https://www.indiegogo.com//projects/girls-leading-our-world-glow-mongolia#/,pending,0,0,
2274,https://www.indiegogo.com//projects/girlstalktoboys-clothes-speak-louder-than-words#/,pending,0,0,
2275,https://www.indiegogo.com//projects/give-a-gift-to-schools-for-hope#/,pending,0,0,
2276,https://www.indiegogo.com//projects/give-a-helping-hand#/,pending,0,0,
2277,https://www.indiegogo.com//projects/give-a-leg-up-kenya#/,pending,0,0,
2278,https://www.indiegogo.com//projects/give-and-get-power-bank-item-finder-charger-key#/,pending,0,0,
2279,https://www.indiegogo.com//projects/give-back-international#/,pending,0,0,
2280,https://www.indiegogo.com//projects/give-broccoli-smiles-food-literacy-to-kids#/,pending,0,0,
2281,https://www.indiegogo.com//projects/give-danica-a-shot-at-walking-again#/,pending,0,0,
2282,https://www.indiegogo.com//projects/give-fish-a-voice#/,pending,0,0,
2283,https://www.indiegogo.com//projects/give-hope-to-all-children#/,pending,0,0,
2284,https://www.indiegogo.com//projects/give-kids-a-chance-to-walk-the-miraclefeet-brace#/,pending,0,0,
2285,https://www.indiegogo.com//projects/give-kids-magic-arms--2#/,pending,0,0,
2286,https://www.indiegogo.com//projects/give-kids-the-power-of-theater#/,pending,0,0,
2287,https://www.indiegogo.com//projects/give-shelter-help-reaction-deploy-housing-for-families-in-need#/,pending,0,0,
2288,https://www.indiegogo.com//projects/give-the-gift-of-clean-water-to-armenia#/,pending,0,0,
2289,https://www.indiegogo.com//projects/give-the-gift-of-education-to-dyslexic-children#/,pending,0,0,
2290,https://www.indiegogo.com//projects/give-the-gift-of-health-this-year-and-end-needless-suffering#/,pending,0,0,
2291,https://www.indiegogo.com//projects/give-the-gift-of-safety#/,pending,0,0,
2292,https://www.indiegogo.com//projects/give-the-rangers-something-to-ride#/,pending,0,0,
2293,https://www.indiegogo.com//projects/give-them-a-dream#/,pending,0,0,
2294,https://www.indiegogo.com//projects/give-today-to-help-a-child-with-autism#/,pending,0,0,
2295,https://www.indiegogo.com//projects/give-victims-a-second-chance#/,pending,0,0,
2296,https://www.indiegogo.com//projects/give-watch-watch-that-gives-back-to-those-in-need#/,pending,0,0,
2297,https://www.indiegogo.com//projects/giving-arms-to-roger-and-roxi-and-get-them-back-on-track#/,pending,0,0,
2298,https://www.indiegogo.com//projects/giving-back-to-the-community-the-ayase-library-project-in-ghana-africa#/,pending,0,0,
2299,https://www.indiegogo.com//projects/giving-in-action-raising-readers-program#/,pending,0,0,
2300,https://www.indiegogo.com//projects/glam-women-swimsuits-for-the-curvy-and-plus-size#/,pending,0,0,
2301,https://www.indiegogo.com//projects/glance-see-what-you-need-when-you-need-it#/,pending,0,0,
2302,https://www.indiegogo.com//projects/glass-academy-school-fundraiser#/,pending,0,0,
2303,https://www.indiegogo.com//projects/glasses-trackr-locate-sunglasses-and-eyeglasses-using-your-smartphone#/,pending,0,0,
2304,https://www.indiegogo.com//projects/glassx-real-liquid-glass-screen-protection--3#/,pending,0,0,
2305,https://www.indiegogo.com//projects/glbrain-the-new-internet-platform-and-social-network#/,pending,0,0,
2306,https://www.indiegogo.com//projects/glencoe-deca-educational-field-trip#/,pending,0,0,
2307,https://www.indiegogo.com//projects/glide-roam-trail-emtb#/,pending,0,0,
2308,https://www.indiegogo.com//projects/gliding-in-romania-we-want-to-buy-a-tug#/,pending,0,0,
2309,https://www.indiegogo.com//projects/gligo-e-ink-smartwatch-hassle-free-with-style#/,pending,0,0,
2310,https://www.indiegogo.com//projects/global-dental-brigades-to-honduras#/,pending,0,0,
2311,https://www.indiegogo.com//projects/global-female-leadership-conference-june-3-4-5-2014#/,pending,0,0,
2312,https://www.indiegogo.com//projects/global-immersion-to-israel-social-conflict-empowerment-creative-practice#/,pending,0,0,
2313,https://www.indiegogo.com//projects/global-learning-xprize#/,pending,0,0,
2314,https://www.indiegogo.com//projects/global-media-talent-development-with-gigco-studios#/,pending,0,0,
2315,https://www.indiegogo.com//projects/global-medical-brigade-to-honduras#/,pending,0,0,
2316,https://www.indiegogo.com//projects/global-teens#/,pending,0,0,
2317,https://www.indiegogo.com//projects/global-virtual-classroom-for-multilingual-kids#/,pending,0,0,
2318,https://www.indiegogo.com//projects/globalapps#/,pending,0,0,
2319,https://www.indiegogo.com//projects/globalbem-breakthrough-energy-movement#/,pending,0,0,
2320,https://www.indiegogo.com//projects/globalization-migration-and-the-contemporary-frame-drum-schools#/,pending,0,0,
2321,https://www.indiegogo.com//projects/glovax-a-revolutionary-adventure-glove--2#/,pending,0,0,
2322,https://www.indiegogo.com//projects/glowbox#/,pending,0,0,
2323,https://www.indiegogo.com//projects/glowstone-flashlight-reinventing-the-flashlight#/,pending,0,0,
2324,https://www.indiegogo.com//projects/glu-legal-fund--2#/,pending,0,0,
2325,https://www.indiegogo.com//projects/glug-check-a-non-invasive-dysphagia-detect#/,pending,0,0,
2326,https://www.indiegogo.com//projects/gmk-nucbox-most-powerful-palm-sized-4k-mini-pc#/,pending,0,0,
2327,https://www.indiegogo.com//projects/gnarly-pak-skateboard-and-snowboard-carrier#/,pending,0,0,
2328,https://www.indiegogo.com//projects/gnarpoon-a-hardcore-fs-mtb-made-in-usa#/,pending,0,0,
2329,https://www.indiegogo.com//projects/go-baby-grow#/,pending,0,0,
2330,https://www.indiegogo.com//projects/go-bike-go-motorbike-trip-around-europe-august#/,pending,0,0,
2331,https://www.indiegogo.com//projects/go-patti-go#/,pending,0,0,
2332,https://www.indiegogo.com//projects/go-paul-go#/,pending,0,0,
2333,https://www.indiegogo.com//projects/go-red-for-rho-rho-cyclethon#/,pending,0,0,
2334,https://www.indiegogo.com//projects/go2sleep-ai-powered-device-for-restful-sleep#/,pending,0,0,
2335,https://www.indiegogo.com//projects/goal-allie-justice-certified-fo-pilates#/,pending,0,0,
2336,https://www.indiegogo.com//projects/goals-2019-at-uc-davis#/,pending,0,0,
2337,https://www.indiegogo.com//projects/goals-at-uc-davis#/,pending,0,0,
2338,https://www.indiegogo.com//projects/goatse-mail-your-goatse-email-address#/,pending,0,0,
2339,https://www.indiegogo.com//projects/gobag-the-vacuum-compressible-carry-on-backpack#/,pending,0,0,
2340,https://www.indiegogo.com//projects/gobold4gold#/,pending,0,0,
2341,https://www.indiegogo.com//projects/gobout-all-your-toiletries-in-one-place#/,pending,0,0,
2342,https://www.indiegogo.com//projects/god-bless-the-children#/,pending,0,0,
2343,https://www.indiegogo.com//projects/godusk-eco-tablet#/,pending,0,0,
2344,https://www.indiegogo.com//projects/goethe-institut-german-fluency-certificate-prep#/,pending,0,0,
2345,https://www.indiegogo.com//projects/goexpand#/,pending,0,0,
2346,https://www.indiegogo.com//projects/gogo-lamps-portable-leds-bluetooth-speakers#/,pending,0,0,
2347,https://www.indiegogo.com//projects/going-back-home-helping-carers#/,pending,0,0,
2348,https://www.indiegogo.com//projects/going-from-new-scotland-to-old-scotland-help-me-stage-my-masters-in-directing#/,pending,0,0,
2349,https://www.indiegogo.com//projects/going-to-the-dogs-world-s-first-spiral-pet-stairs#/,pending,0,0,
2350,https://www.indiegogo.com//projects/gokey-battery-memory-remote-all-on-your-keyring#/,pending,0,0,
2351,https://www.indiegogo.com//projects/gold-as-a-wearable-asset-next-ewaste-evolution#/,pending,0,0,
2352,https://www.indiegogo.com//projects/golden-gate-park-disc-golf-course-beautification-phase-8#/,pending,0,0,
2353,https://www.indiegogo.com//projects/golf-fore-heroes-relief-one-stroke-at-a-time#/,pending,0,0,
2354,https://www.indiegogo.com//projects/golfgallerypro#/,pending,0,0,
2355,https://www.indiegogo.com//projects/golftripsnow#/,pending,0,0,
2356,https://www.indiegogo.com//projects/gona-the-tulle-skirt-is-back-and-here-to-stay#/,pending,0,0,
2357,https://www.indiegogo.com//projects/good-food-education-in-east-ny-brooklyn-farm#/,pending,0,0,
2358,https://www.indiegogo.com//projects/good-karma-photoshoots-in-boston#/,pending,0,0,
2359,https://www.indiegogo.com//projects/goode-2-go#/,pending,0,0,
2360,https://www.indiegogo.com//projects/goodies-for-grades#/,pending,0,0,
2361,https://www.indiegogo.com//projects/goodyear-lake-polar-bear-jump#/,pending,0,0,
2362,https://www.indiegogo.com//projects/goofoo-cube-world-s-first-easy-to-use-3d-printer--2#/,pending,0,0,
2363,https://www.indiegogo.com//projects/google-glass-will-be-magic-with-tikipad#/,pending,0,0,
2364,https://www.indiegogo.com//projects/gopet-connecting-you-with-your-precious-pet#/,pending,0,0,
2365,https://www.indiegogo.com//projects/gordian-plug-and-play-privacy-for-mobile-devices#/,pending,0,0,
2366,https://www.indiegogo.com//projects/goride-next-gen-eboard-that-fits-in-your-backpack#/,pending,0,0,
2367,https://www.indiegogo.com//projects/gospel-churches-for-scotland-s-poorest#/,pending,0,0,
2368,https://www.indiegogo.com//projects/gospel-synergy-gets-a-new-look#/,pending,0,0,
2369,https://www.indiegogo.com//projects/gosun-brew-travel-coffee-maker-with-solar-power#/,pending,0,0,
2370,https://www.indiegogo.com//projects/gosun-chillest-solar-cooler-that-doesn-t-need-ice#/,pending,0,0,
2371,https://www.indiegogo.com//projects/gotouch-make-any-tv-instantly-interactive#/,pending,0,0,
2372,https://www.indiegogo.com//projects/govo-badge-holder-wallet#/,pending,0,0,
2373,https://www.indiegogo.com//projects/gowash-waterless-wash-and-wax--2#/,pending,0,0,
2374,https://www.indiegogo.com//projects/gowriter-the-world-s-most-advanced-writer-s-app#/,pending,0,0,
2375,https://www.indiegogo.com//projects/gpd-micropc-6-inch-handheld-industry-laptop#/,pending,0,0,
2376,https://www.indiegogo.com//projects/gpd-pocket-7-0-umpc-laptop-ubuntu-or-win-10-os#/,pending,0,0,
2377,https://www.indiegogo.com//projects/gpd-pocket2-7-0-umpc-laptop-win-10-os#/,pending,0,0,
2378,https://www.indiegogo.com//projects/gps-mini-locator-the-trackerphone-for-kids#/,pending,0,0,
2379,https://www.indiegogo.com//projects/grab-it-4-garrett-benefit#/,pending,0,0,
2380,https://www.indiegogo.com//projects/grabbing-language-to-bring-home#/,pending,0,0,
2381,https://www.indiegogo.com//projects/grabgenie-people-creating-unbelievable-convenience-for-people#/,pending,0,0,
2382,https://www.indiegogo.com//projects/grace-grit-biyaya-bags-for-women#/,pending,0,0,
2383,https://www.indiegogo.com//projects/graduate-art-education-research-symposium#/,pending,0,0,
2384,https://www.indiegogo.com//projects/graffiti-of-periodic-table-made-by-students#/,pending,0,0,
2385,https://www.indiegogo.com//projects/graphene-a-green-alternative-to-energy-storage#/,pending,0,0,
2386,https://www.indiegogo.com//projects/gravastar-crazy-cool-speaker-with-ultimate-sound#/,pending,0,0,
2387,https://www.indiegogo.com//projects/greatest-ultimate-bag-save-time-play-in-style#/,pending,0,0,
2388,https://www.indiegogo.com//projects/greek-crowdfund-for-the-children-of-greece#/,pending,0,0,
2389,https://www.indiegogo.com//projects/greek-olive-oil-the-elixir-of-life#/,pending,0,0,
2390,https://www.indiegogo.com//projects/green-bag-lunch#/,pending,0,0,
2391,https://www.indiegogo.com//projects/green-beat-permaculture-institute#/,pending,0,0,
2392,https://www.indiegogo.com//projects/green-calm-the-supplement-for-anxiety-mood--3#/,pending,0,0,
2393,https://www.indiegogo.com//projects/green-libraries-4-hope#/,pending,0,0,
2394,https://www.indiegogo.com//projects/green-light-empowerment-program-glep#/,pending,0,0,
2395,https://www.indiegogo.com//projects/green-mikuna-more-than-food-a-lifestyle#/,pending,0,0,
2396,https://www.indiegogo.com//projects/green-mountain-school-of-druidry-dome-project#/,pending,0,0,
2397,https://www.indiegogo.com//projects/green-sail-expedition#/,pending,0,0,
2398,https://www.indiegogo.com//projects/green-salt-the-healthy-salt-alternative#/,pending,0,0,
2399,https://www.indiegogo.com//projects/green-supercamp-help-a-young-kiwi-to-fly#/,pending,0,0,
2400,https://www.indiegogo.com//projects/greenhouse-jacket-heat-at-the-click-of-a-button#/,pending,0,0,
2401,https://www.indiegogo.com//projects/grengine-an-evolution-in-portable-power#/,pending,0,0,
2402,https://www.indiegogo.com//projects/griffin-emblem-high-quality-automatic-watches--5#/,pending,0,0,
2403,https://www.indiegogo.com//projects/grill-smoke-to-perfection-masterclass#/,pending,0,0,
2404,https://www.indiegogo.com//projects/grillian-the-cutest-grill-in-the-world#/,pending,0,0,
2405,https://www.indiegogo.com//projects/grimoire-heralds-of-the-winged-exemplar#/,pending,0,0,
2406,https://www.indiegogo.com//projects/grio-s-guide-to-the-wildlands-d-d-5e#/,pending,0,0,
2407,https://www.indiegogo.com//projects/gripbeats-turn-your-hands-into-a-music-instrument#/,pending,0,0,
2408,https://www.indiegogo.com//projects/grobyk-growing-by-knowing--3#/,pending,0,0,
2409,https://www.indiegogo.com//projects/gron-sky#/,pending,0,0,
2410,https://www.indiegogo.com//projects/gropener#/,pending,0,0,
2411,https://www.indiegogo.com//projects/gross-national-happiness-centre-presentation-nexus-youth-summit#/,pending,0,0,
2412,https://www.indiegogo.com//projects/group-growing-growing-with-and-for-each-other-community-environment#/,pending,0,0,
2413,https://www.indiegogo.com//projects/grow-the-cluck-n-burger-family#/,pending,0,0,
2414,https://www.indiegogo.com//projects/grow-with-green#/,pending,0,0,
2415,https://www.indiegogo.com//projects/grow-yoga-project-an-ryt-for-community#/,pending,0,0,
2416,https://www.indiegogo.com//projects/growing-a-plant-based-movement-in-kansas-city#/,pending,0,0,
2417,https://www.indiegogo.com//projects/growstrip-by-grow-computer#/,pending,0,0,
2418,https://www.indiegogo.com//projects/grub-hub-camp-kitchen-for-a-cause#/,pending,0,0,
2419,https://www.indiegogo.com//projects/gruner-tourismus-e-motorrad-per-app-auf-mallorca#/,pending,0,0,
2420,https://www.indiegogo.com//projects/gsquadverse-com--2#/,pending,0,0,
2421,https://www.indiegogo.com//projects/gtear-to-stabilize-apple-earphones-on-your-ears#/,pending,0,0,
2422,https://www.indiegogo.com//projects/guardian-non-profit-jiu-jitsu-boxing-for-kids--2#/,pending,0,0,
2423,https://www.indiegogo.com//projects/guardian-systems-make-everyone-accountable#/,pending,0,0,
2424,https://www.indiegogo.com//projects/guardians-of-elayim-1--3#/,pending,0,0,
2425,https://www.indiegogo.com//projects/guardians-of-ember#/,pending,0,0,
2426,https://www.indiegogo.com//projects/guatemala-service-trip--2#/,pending,0,0,
2427,https://www.indiegogo.com//projects/guatemalan-students-working-for-a-healthy-planet--2#/,pending,0,0,
2428,https://www.indiegogo.com//projects/guide-a-lifeproof-waterproof-anytime-bag#/,pending,0,0,
2429,https://www.indiegogo.com//projects/guilty-since-charged-abuse-of-pretrial-detention#/,pending,0,0,
2430,https://www.indiegogo.com//projects/guitar-pick-dispenser-pedal#/,pending,0,0,
2431,https://www.indiegogo.com//projects/gululu-interactive-water-bottle#/,pending,0,0,
2432,https://www.indiegogo.com//projects/guyana-medical-relief-30th-anniversary-fundraiser#/,pending,0,0,
2433,https://www.indiegogo.com//projects/guytron-origins-first-encounter#/,pending,0,0,
2434,https://www.indiegogo.com//projects/guzgef-solar-school#/,pending,0,0,
2435,https://www.indiegogo.com//projects/gymfit-redefining-athletic-apparel#/,pending,0,0,
2436,https://www.indiegogo.com//projects/gymnastic-apprenticehip#/,pending,0,0,
2437,https://www.indiegogo.com//projects/gymtrack-a-wearable-device-for-fitness-gaming#/,pending,0,0,
2438,https://www.indiegogo.com//projects/gyrospeed-revolutionize-your-pitching-performance#/,pending,0,0,
2439,https://www.indiegogo.com//projects/h-c-b-ng-limitless-gay-qu-d-t-1#/,pending,0,0,
2440,https://www.indiegogo.com//projects/h20-stop-the-flow-unique-water-protection-device#/,pending,0,0,
2441,https://www.indiegogo.com//projects/h2joe-two-in-one-coffee-water-bottle#/,pending,0,0,
2442,https://www.indiegogo.com//projects/h2o-and-go--2#/,pending,0,0,
2443,https://www.indiegogo.com//projects/hackable-me-wearable-tech-fashion-by-toyshoppe-systems#/,pending,0,0,
2444,https://www.indiegogo.com//projects/hackfon-turn-your-analog-phone-to-a-smart-remote#/,pending,0,0,
2445,https://www.indiegogo.com//projects/had-enough-of-messy-cables-during-your-travels#/,pending,0,0,
2446,https://www.indiegogo.com//projects/hadali-toys-3d-magnetic-toy-construction-blocks#/,pending,0,0,
2447,https://www.indiegogo.com//projects/hagar-vietnam-seeks-to-establish-a-computer-lab-for-disadvantaged-women#/,pending,0,0,
2448,https://www.indiegogo.com//projects/haiqal-s-garden#/,pending,0,0,
2449,https://www.indiegogo.com//projects/haiti-community-health-development-trip#/,pending,0,0,
2450,https://www.indiegogo.com//projects/haiti-escuela-comunitaria-community-school-ecole-conmmunautaire#/,pending,0,0,
2451,https://www.indiegogo.com//projects/haiti-hospital-mission-trip#/,pending,0,0,
2452,https://www.indiegogo.com//projects/haiti-village-health#/,pending,0,0,
2453,https://www.indiegogo.com//projects/haitian-feminist-artist-seeks-educational-support--2#/,pending,0,0,
2454,https://www.indiegogo.com//projects/hakim-wellness#/,pending,0,0,
2455,https://www.indiegogo.com//projects/halo-back-super-charging-cable#/,pending,0,0,
2456,https://www.indiegogo.com//projects/halo-d-brush#/,pending,0,0,
2457,https://www.indiegogo.com//projects/halo-ip65-wireless-solar-power-bank-with-light#/,pending,0,0,
2458,https://www.indiegogo.com//projects/halos-for-heroes#/,pending,0,0,
2459,https://www.indiegogo.com//projects/hamburger-head#/,pending,0,0,
2460,https://www.indiegogo.com//projects/hamilton-youth-poetry-slam#/,pending,0,0,
2461,https://www.indiegogo.com//projects/hand-brewed-pizzeria#/,pending,0,0,
2462,https://www.indiegogo.com//projects/handable-phone-holder#/,pending,0,0,
2463,https://www.indiegogo.com//projects/handbags-made-by-authentic-cactus-leather#/,pending,0,0,
2464,https://www.indiegogo.com//projects/handcrafted-organic-products-for-your-well-being#/,pending,0,0,
2465,https://www.indiegogo.com//projects/handcrafted-unique-stylish-modern-sunglasses#/,pending,0,0,
2466,https://www.indiegogo.com//projects/handicap-transportation#/,pending,0,0,
2467,https://www.indiegogo.com//projects/handicap-van-and-medical-needs#/,pending,0,0,
2468,https://www.indiegogo.com//projects/handmade-stories-clothes-that-change-lives#/,pending,0,0,
2469,https://www.indiegogo.com//projects/hands-of-hope-medical-mission-trip-2015#/,pending,0,0,
2470,https://www.indiegogo.com//projects/handso-the-soap-revolution-is-in-your-hand#/,pending,0,0,
2471,https://www.indiegogo.com//projects/handwoven-baby-wraps-and-handbags#/,pending,0,0,
2472,https://www.indiegogo.com//projects/handwriting-the-constitution--3#/,pending,0,0,
2473,https://www.indiegogo.com//projects/handyshower-your-own-portable-bathroom#/,pending,0,0,
2474,https://www.indiegogo.com//projects/hang-em-scale#/,pending,0,0,
2475,https://www.indiegogo.com//projects/hang-sheetrock-yourself-in-90-seconds#/,pending,0,0,
2476,https://www.indiegogo.com//projects/hangar-affordable-fashion-in-muskoka#/,pending,0,0,
2477,https://www.indiegogo.com//projects/hangover-of-fashion#/,pending,0,0,
2478,https://www.indiegogo.com//projects/happi-floss-sustainable-flossers#/,pending,0,0,
2479,https://www.indiegogo.com//projects/happy-children-e-v#/,pending,0,0,
2480,https://www.indiegogo.com//projects/happy-tamper#/,pending,0,0,
2481,https://www.indiegogo.com//projects/happy-yoga-yoga-with-goats--3#/,pending,0,0,
2482,https://www.indiegogo.com//projects/hard-core-logo-live#/,pending,0,0,
2483,https://www.indiegogo.com//projects/hardwear-making-fashion-smart-with-wearables--3#/,pending,0,0,
2484,https://www.indiegogo.com//projects/hardworking-dad-with-leukemia-looking-for-solid-ground#/,pending,0,0,
2485,https://www.indiegogo.com//projects/harleys-hydraulic-bed#/,pending,0,0,
2486,https://www.indiegogo.com//projects/harlow-jewelry-co#/,pending,0,0,
2487,https://www.indiegogo.com//projects/harmonic-scanner-candlestick-patterns-scanner#/,pending,0,0,
2488,https://www.indiegogo.com//projects/harmony-in-home-care#/,pending,0,0,
2489,https://www.indiegogo.com//projects/harness-your-potential-program-introduces-students-to-college#/,pending,0,0,
2490,https://www.indiegogo.com//projects/harvest-hudson-valley#/,pending,0,0,
2491,https://www.indiegogo.com//projects/harvey-pass-rec-site-and-hut#/,pending,0,0,
2492,https://www.indiegogo.com//projects/hashtaghelp-ending-poverty-one-click-at-a-time#/,pending,0,0,
2493,https://www.indiegogo.com//projects/haswell-survival-knife#/,pending,0,0,
2494,https://www.indiegogo.com//projects/haul-out-the-conquest--3#/,pending,0,0,
2495,https://www.indiegogo.com//projects/haut-the-ultimate-urbanite-s-shoes#/,pending,0,0,
2496,https://www.indiegogo.com//projects/have-a-heart-funds-for-aed-device--2#/,pending,0,0,
2497,https://www.indiegogo.com//projects/have-bear-will-run#/,pending,0,0,
2498,https://www.indiegogo.com//projects/haven-watches-stylish-timepieces-for-a-cause#/,pending,0,0,
2499,https://www.indiegogo.com//projects/hawaii-pono-pareos-wearable-art#/,pending,0,0,
2500,https://www.indiegogo.com//projects/hawaiian-koa-wood-watch#/,pending,0,0,
2501,https://www.indiegogo.com//projects/hawq-i-a-life-saving-iot-sense-avoid-technology#/,pending,0,0,
2502,https://www.indiegogo.com//projects/hd900-best-sidekick-for-photographer-geeks#/,pending,0,0,
2503,https://www.indiegogo.com//projects/headset-black-anthracite--2#/,pending,0,0,
2504,https://www.indiegogo.com//projects/heal-and-ignite-whole-food-plant-based-recipe-book#/,pending,0,0,
2505,https://www.indiegogo.com//projects/heal-syrian-kids-with-congenital-heart-diseases#/,pending,0,0,
2506,https://www.indiegogo.com//projects/heal-these-heels#/,pending,0,0,
2507,https://www.indiegogo.com//projects/heal-your-pain-naturally#/,pending,0,0,
2508,https://www.indiegogo.com//projects/healer2healer#/,pending,0,0,
2509,https://www.indiegogo.com//projects/healing-als-mnd-lou-gehrig-s-disease#/,pending,0,0,
2510,https://www.indiegogo.com//projects/healing-and-hope-for-kathryn#/,pending,0,0,
2511,https://www.indiegogo.com//projects/healing-completely-from-asthma#/,pending,0,0,
2512,https://www.indiegogo.com//projects/healing-gifts-for-indigenous-people-of-peru#/,pending,0,0,
2513,https://www.indiegogo.com//projects/healing-mary#/,pending,0,0,
2514,https://www.indiegogo.com//projects/healing-of-the-soul#/,pending,0,0,
2515,https://www.indiegogo.com//projects/healing-one-a-balanced-healing-establishment#/,pending,0,0,
2516,https://www.indiegogo.com//projects/healing-the-planet-one-relationship-at-a-time#/,pending,0,0,
2517,https://www.indiegogo.com//projects/healing-the-trauma-of-syrian-refugee-children-in-jordan#/,pending,0,0,
2518,https://www.indiegogo.com//projects/healing-through-flying#/,pending,0,0,
2519,https://www.indiegogo.com//projects/healing-warfield#/,pending,0,0,
2520,https://www.indiegogo.com//projects/healing-yourself-your-guide-to-a-pain-free-life#/,pending,0,0,
2521,https://www.indiegogo.com//projects/health-assistant#/,pending,0,0,
2522,https://www.indiegogo.com//projects/health-on-the-rise#/,pending,0,0,
2523,https://www.indiegogo.com//projects/healthcare-qb-empowering-patients#/,pending,0,0,
2524,https://www.indiegogo.com//projects/healthcare-trips-to-bangladesh-and-nicaragua#/,pending,0,0,
2525,https://www.indiegogo.com//projects/healthematrix-healthcare-fitness-joining-forces#/,pending,0,0,
2526,https://www.indiegogo.com//projects/healthid-manage-and-communicate-your-medical-information#/,pending,0,0,
2527,https://www.indiegogo.com//projects/healthy-gut-longing-2-birth#/,pending,0,0,
2528,https://www.indiegogo.com//projects/healthy-high-school-student-t-shirts#/,pending,0,0,
2529,https://www.indiegogo.com//projects/healthy-home--3#/,pending,0,0,
2530,https://www.indiegogo.com//projects/healthy-mouth-healthy-kids#/,pending,0,0,
2531,https://www.indiegogo.com//projects/healthy-natural-protein-bars#/,pending,0,0,
2532,https://www.indiegogo.com//projects/healthy-pregnancy-fair-silver-avenue-family-health-center#/,pending,0,0,
2533,https://www.indiegogo.com//projects/healthy-steak-from-happy-cows#/,pending,0,0,
2534,https://www.indiegogo.com//projects/hear-from-your-website-facebook-visitors-via-voice-video-messaging#/,pending,0,0,
2535,https://www.indiegogo.com//projects/heart-for-naing-lin-oo-pt-2#/,pending,0,0,
2536,https://www.indiegogo.com//projects/heart-risk-warner-check-the-risk-of-your-heart-every-time-and-everywhere#/,pending,0,0,
2537,https://www.indiegogo.com//projects/heart-strings-music-education-for-children-s-hospital-of-philadelphia-patients#/,pending,0,0,
2538,https://www.indiegogo.com//projects/heartin-personal-portable-electrocardiograph#/,pending,0,0,
2539,https://www.indiegogo.com//projects/heatdrive-assist#/,pending,0,0,
2540,https://www.indiegogo.com//projects/heavy-duty-front-rack-and-e-bike-conversion-in-one#/,pending,0,0,
2541,https://www.indiegogo.com//projects/heavy-duty-retracting-key-reel-with-carabiner#/,pending,0,0,
2542,https://www.indiegogo.com//projects/heels-on-wheels-keep-the-glitter-sparkling#/,pending,0,0,
2543,https://www.indiegogo.com//projects/helft-micha-im-kampf-gegen-die-chron-borreliose#/,pending,0,0,
2544,https://www.indiegogo.com//projects/helio-solar-light-and-powerbank-for-adventures#/,pending,0,0,
2545,https://www.indiegogo.com//projects/helium-core-versatile-iphone-cage-photography#/,pending,0,0,
2546,https://www.indiegogo.com//projects/hello-seekho-call-connect-learn#/,pending,0,0,
2547,https://www.indiegogo.com//projects/hello-the-most-advanced-video-communication-device--7#/,pending,0,0,
2548,https://www.indiegogo.com//projects/hellodoc-preventive-and-holistic-lifestyle-center#/,pending,0,0,
2549,https://www.indiegogo.com//projects/hellomindful-me-app#/,pending,0,0,
2550,https://www.indiegogo.com//projects/hellozig-travel-directory-app-that-works-offline#/,pending,0,0,
2551,https://www.indiegogo.com//projects/helmets-and-transport-for-kids-of-sisp-skate-club#/,pending,0,0,
2552,https://www.indiegogo.com//projects/help-10-children-build-their-own-computers#/,pending,0,0,
2553,https://www.indiegogo.com//projects/help-200-chess-playing-kids-in-dc-become-champs#/,pending,0,0,
2554,https://www.indiegogo.com//projects/help-2013-team-pl-performances-reach-their-goals-in-world-superbike#/,pending,0,0,
2555,https://www.indiegogo.com//projects/help-25-kids-on-their-battle-against-cancer#/,pending,0,0,
2556,https://www.indiegogo.com//projects/help-30-amputees-have-arms-and-jobs-again#/,pending,0,0,
2557,https://www.indiegogo.com//projects/help-4-mebo#/,pending,0,0,
2558,https://www.indiegogo.com//projects/help-a-15-month-old-who-just-lost-her-mother#/,pending,0,0,
2559,https://www.indiegogo.com//projects/help-a-child-play-a-sport-or-go-to-camp#/,pending,0,0,
2560,https://www.indiegogo.com//projects/help-a-designer-student-to-continue-his-studies#/,pending,0,0,
2561,https://www.indiegogo.com//projects/help-a-future-pharmacist#/,pending,0,0,
2562,https://www.indiegogo.com//projects/help-a-growing-family#/,pending,0,0,
2563,https://www.indiegogo.com//projects/help-a-handicap-person-reach-his-goals#/,pending,0,0,
2564,https://www.indiegogo.com//projects/help-a-kiwi-ranga-live-his-dreams#/,pending,0,0,
2565,https://www.indiegogo.com//projects/help-a-scholarship-winner-get-to-her-destination#/,pending,0,0,
2566,https://www.indiegogo.com//projects/help-a-teenager-to-continue-her-studies#/,pending,0,0,
2567,https://www.indiegogo.com//projects/help-aider-joakim-veilleux#/,pending,0,0,
2568,https://www.indiegogo.com//projects/help-alex-with-medical-bills#/,pending,0,0,
2569,https://www.indiegogo.com//projects/help-america-ban-english-cuss-words-replace-them-with-russian-mat#/,pending,0,0,
2570,https://www.indiegogo.com//projects/help-americans-and-iranians-understand-each-other--4#/,pending,0,0,
2571,https://www.indiegogo.com//projects/help-an-author-and-artist-celebrate-our-companion-animals-through-word-and-image#/,pending,0,0,
2572,https://www.indiegogo.com//projects/help-angel-maria#/,pending,0,0,
2573,https://www.indiegogo.com//projects/help-angie#/,pending,0,0,
2574,https://www.indiegogo.com//projects/help-angst-de-wereld-uit#/,pending,0,0,
2575,https://www.indiegogo.com//projects/help-apper-colord-kde-and-print-manager-by-donating#/,pending,0,0,
2576,https://www.indiegogo.com//projects/help-ariana-stay-in-school#/,pending,0,0,
2577,https://www.indiegogo.com//projects/help-arielle-go-to-cltc#/,pending,0,0,
2578,https://www.indiegogo.com//projects/help-aristoi-build-a-new-k-12-campus#/,pending,0,0,
2579,https://www.indiegogo.com//projects/help-artists-for-world-peace-educate-our-children-of-peace-in-tanzania#/,pending,0,0,
2580,https://www.indiegogo.com//projects/help-aspiring-burmese-journalists-to-empower-refugees-migrants#/,pending,0,0,
2581,https://www.indiegogo.com//projects/help-baby-adriana#/,pending,0,0,
2582,https://www.indiegogo.com//projects/help-baby-kaden#/,pending,0,0,
2583,https://www.indiegogo.com//projects/help-baby-lucas-diagnosed-with-sturge-weber-syndrome-sws#/,pending,0,0,
2584,https://www.indiegogo.com//projects/help-baby-nikita-fight-biliary-atresia#/,pending,0,0,
2585,https://www.indiegogo.com//projects/help-baklava-unlimited-realize-it-s-dreams#/,pending,0,0,
2586,https://www.indiegogo.com//projects/help-benton-mackenzie-treat-his-angisarcoma-cancer#/,pending,0,0,
2587,https://www.indiegogo.com//projects/help-bettie-help-cancer-patients-using-yoga#/,pending,0,0,
2588,https://www.indiegogo.com//projects/help-bev-and-dave#/,pending,0,0,
2589,https://www.indiegogo.com//projects/help-billy-replace-their-stolen-bike--2#/,pending,0,0,
2590,https://www.indiegogo.com//projects/help-bookbgone-to-give-free-books-to-those-who-want-and-need-them#/,pending,0,0,
2591,https://www.indiegogo.com//projects/help-bradford-distillery-grow--2#/,pending,0,0,
2592,https://www.indiegogo.com//projects/help-breanna-get-to-study-abroad-in-the-outback#/,pending,0,0,
2593,https://www.indiegogo.com//projects/help-bring-back-the-pillow-fight-league#/,pending,0,0,
2594,https://www.indiegogo.com//projects/help-bring-clean-water-to-nicaragua-august-2nd-through-10th#/,pending,0,0,
2595,https://www.indiegogo.com//projects/help-brittany-find-germany-on-a-map#/,pending,0,0,
2596,https://www.indiegogo.com//projects/help-build-a-classroom-for-masai-children-in-kenya#/,pending,0,0,
2597,https://www.indiegogo.com//projects/help-build-a-future-for-children-in-the-dominican-republic#/,pending,0,0,
2598,https://www.indiegogo.com//projects/help-build-a-health-facility-for-the-underserved-villagers-in-haiti#/,pending,0,0,
2599,https://www.indiegogo.com//projects/help-build-a-winning-team-for-american-kids#/,pending,0,0,
2600,https://www.indiegogo.com//projects/help-buy-diapers-and-clothes-for-refugee-kids#/,pending,0,0,
2601,https://www.indiegogo.com//projects/help-cancer-patient-pay-medical-bills-savingraven#/,pending,0,0,
2602,https://www.indiegogo.com//projects/help-carol-owie-barnette#/,pending,0,0,
2603,https://www.indiegogo.com//projects/help-cat-train-for-competition-help-the-kids-at-the-east-harlem-school#/,pending,0,0,
2604,https://www.indiegogo.com//projects/help-catherine-fight-a-life-threatening-bone-infection#/,pending,0,0,
2605,https://www.indiegogo.com//projects/help-cathy-heal#/,pending,0,0,
2606,https://www.indiegogo.com//projects/help-cheli-become-a-mexican-aztec-healer#/,pending,0,0,
2607,https://www.indiegogo.com//projects/help-children-and-orphans-in-colombia-and-lose-weight-doing-it#/,pending,0,0,
2608,https://www.indiegogo.com//projects/help-children-in-gorkha-nepal#/,pending,0,0,
2609,https://www.indiegogo.com//projects/help-children-in-south-africa--2#/,pending,0,0,
2610,https://www.indiegogo.com//projects/help-citizen-reporters-get-their-stories-from-the-margins-to-the-front-page#/,pending,0,0,
2611,https://www.indiegogo.com//projects/help-cj-beat-cancer#/,pending,0,0,
2612,https://www.indiegogo.com//projects/help-class-of-2003-reunion#/,pending,0,0,
2613,https://www.indiegogo.com//projects/help-colby-get-his-smile-back#/,pending,0,0,
2614,https://www.indiegogo.com//projects/help-connect-our-students-with-arts-pe-credits#/,pending,0,0,
2615,https://www.indiegogo.com//projects/help-conquer-pain-for-canadians#/,pending,0,0,
2616,https://www.indiegogo.com//projects/help-corey-get-to-his-doctors-appointments#/,pending,0,0,
2617,https://www.indiegogo.com//projects/help-crayon-box-labs-compete-at-the-princeton-hackathon#/,pending,0,0,
2618,https://www.indiegogo.com//projects/help-create-an-atlas-of-emotions-for-children#/,pending,0,0,
2619,https://www.indiegogo.com//projects/help-cristian-mihai--2#/,pending,0,0,
2620,https://www.indiegogo.com//projects/help-crowdfund-a-trevisick-s-pie-press#/,pending,0,0,
2621,https://www.indiegogo.com//projects/help-cure-canine-heart-disease-part-ii#/,pending,0,0,
2622,https://www.indiegogo.com//projects/help-customs-by-uncle-gij-opens-an-etsy-store#/,pending,0,0,
2623,https://www.indiegogo.com//projects/help-dad-with-the-cancer-treatments#/,pending,0,0,
2624,https://www.indiegogo.com//projects/help-dane-cook-get-a-pilots-licence#/,pending,0,0,
2625,https://www.indiegogo.com//projects/help-daniel-and-antonio-go-to-joshua-wilderness-institute#/,pending,0,0,
2626,https://www.indiegogo.com//projects/help-david-faeller--134#/,pending,0,0,
2627,https://www.indiegogo.com//projects/help-dean-in-his-journey-to-deprogram-our-species#/,pending,0,0,
2628,https://www.indiegogo.com//projects/help-decrease-child-obesity-diabetes-rates#/,pending,0,0,
2629,https://www.indiegogo.com//projects/help-deepmala-don-t-let-her-acid-attacker-win#/,pending,0,0,
2630,https://www.indiegogo.com//projects/help-derick-build-a-school#/,pending,0,0,
2631,https://www.indiegogo.com//projects/help-diaper-babies-from-hurricane-sandy-s-impact#/,pending,0,0,
2632,https://www.indiegogo.com//projects/help-dr-billy-ysac-get-more-medical-training-in-haiti#/,pending,0,0,
2633,https://www.indiegogo.com//projects/help-dr-bronner-s-fight-malaria-in-eastern-ghana#/,pending,0,0,
2634,https://www.indiegogo.com//projects/help-dr-madd-come-alive-with-an-edutainment-website#/,pending,0,0,
2635,https://www.indiegogo.com//projects/help-ed-with-his-recovery#/,pending,0,0,
2636,https://www.indiegogo.com//projects/help-eduardo-fund-his-education#/,pending,0,0,
2637,https://www.indiegogo.com//projects/help-educate-nepali-indian-schoolchildren#/,pending,0,0,
2638,https://www.indiegogo.com//projects/help-egyptian-students-keep-their-dream-of-education-alive#/,pending,0,0,
2639,https://www.indiegogo.com//projects/help-emil-with-his-cancer-fight#/,pending,0,0,
2640,https://www.indiegogo.com//projects/help-end-radio-frequency-radiation-pollution#/,pending,0,0,
2641,https://www.indiegogo.com//projects/help-enola-go-to-nutrition-school#/,pending,0,0,
2642,https://www.indiegogo.com//projects/help-ensure-that-slum-residents-in-nairobi-kenya-have-access-to-medication#/,pending,0,0,
2643,https://www.indiegogo.com//projects/help-establish-a-new-tattoo-research-foundation#/,pending,0,0,
2644,https://www.indiegogo.com//projects/help-expand-school-for-girls-at-risk#/,pending,0,0,
2645,https://www.indiegogo.com//projects/help-expose-the-harm-of-childhood-circumcision#/,pending,0,0,
2646,https://www.indiegogo.com//projects/help-families-in-need-have-a-great-christmas#/,pending,0,0,
2647,https://www.indiegogo.com//projects/help-fight-against-the-internal-combustion-engine#/,pending,0,0,
2648,https://www.indiegogo.com//projects/help-fight-lupus-with-yoga#/,pending,0,0,
2649,https://www.indiegogo.com//projects/help-fight-lyme#/,pending,0,0,
2650,https://www.indiegogo.com//projects/help-finish-st-andrews-na-creige-golf-course#/,pending,0,0,
2651,https://www.indiegogo.com//projects/help-fix-my-visa-so-i-can-work-in-the-philippines#/,pending,0,0,
2652,https://www.indiegogo.com//projects/help-for-an-apartment#/,pending,0,0,
2653,https://www.indiegogo.com//projects/help-for-barbara-s-healing-and-recovery#/,pending,0,0,
2654,https://www.indiegogo.com//projects/help-for-chiropractic-school#/,pending,0,0,
2655,https://www.indiegogo.com//projects/help-for-cindy#/,pending,0,0,
2656,https://www.indiegogo.com//projects/help-for-lilyana#/,pending,0,0,
2657,https://www.indiegogo.com//projects/help-for-my-education-in-health-coaching-m-s#/,pending,0,0,
2658,https://www.indiegogo.com//projects/help-for-nepal-earthquake-victims--3#/,pending,0,0,
2659,https://www.indiegogo.com//projects/help-for-nepal-in-the-aftermath-of-the-earthquakes#/,pending,0,0,
2660,https://www.indiegogo.com//projects/help-fran-drescher-wipe-out-cancer-in-a-generation#/,pending,0,0,
2661,https://www.indiegogo.com//projects/help-frederick-fight-kidney-liver-cancer#/,pending,0,0,
2662,https://www.indiegogo.com//projects/help-fund-a-needed-embryonic-stem-cell-procedure#/,pending,0,0,
2663,https://www.indiegogo.com//projects/help-fund-amalia-s-service-trip-to-cambodia#/,pending,0,0,
2664,https://www.indiegogo.com//projects/help-fund-cj-s-research-trip-to-iceland#/,pending,0,0,
2665,https://www.indiegogo.com//projects/help-fund-critical-theory-research-network-in-2020#/,pending,0,0,
2666,https://www.indiegogo.com//projects/help-fund-education-love#/,pending,0,0,
2667,https://www.indiegogo.com//projects/help-fund-for-university-education#/,pending,0,0,
2668,https://www.indiegogo.com//projects/help-fund-free-weekly-online-workouts-by-real-hollywood-trainer#/,pending,0,0,
2669,https://www.indiegogo.com//projects/help-fund-futuro-lleno-de-esperanza#/,pending,0,0,
2670,https://www.indiegogo.com//projects/help-fund-my-3d-printer#/,pending,0,0,
2671,https://www.indiegogo.com//projects/help-fund-my-research-trip#/,pending,0,0,
2672,https://www.indiegogo.com//projects/help-fund-oz-celebrities-fundraising-event-for-l-frank-baum-and-neal-house#/,pending,0,0,
2673,https://www.indiegogo.com//projects/help-fund-robert-s-ddpyoga-certification-bang#/,pending,0,0,
2674,https://www.indiegogo.com//projects/help-fund-the-big-healthy-body-project#/,pending,0,0,
2675,https://www.indiegogo.com//projects/help-fund-the-debut-art-exhibition-of-graham-sheen#/,pending,0,0,
2676,https://www.indiegogo.com//projects/help-fund-the-future-youth-legacy-sports#/,pending,0,0,
2677,https://www.indiegogo.com//projects/help-fund-the-millard-north-hs-debate-team#/,pending,0,0,
2678,https://www.indiegogo.com//projects/help-fund-training-for-outback-queensland-tutors#/,pending,0,0,
2679,https://www.indiegogo.com//projects/help-gena-focus-on-healing#/,pending,0,0,
2680,https://www.indiegogo.com//projects/help-get-cameron-to-the-natural-olympia--2#/,pending,0,0,
2681,https://www.indiegogo.com//projects/help-get-chris-quintana-to-25-hr-endurance-race#/,pending,0,0,
2682,https://www.indiegogo.com//projects/help-get-meredith-hopping-to-haiti#/,pending,0,0,
2683,https://www.indiegogo.com//projects/help-get-olivia-to-hive-a-global-leaders-program#/,pending,0,0,
2684,https://www.indiegogo.com//projects/help-give-shoes-to-rural-schoolchildren-in-adampane-sri-lanka#/,pending,0,0,
2685,https://www.indiegogo.com//projects/help-haley-mosier#/,pending,0,0,
2686,https://www.indiegogo.com//projects/help-haro-present-at-the-2014-great-homeschool-convention-in-ontario-ca#/,pending,0,0,
2687,https://www.indiegogo.com//projects/help-high-school-artists-achieve-their-dreams#/,pending,0,0,
2688,https://www.indiegogo.com//projects/help-hofstra-quidditch-fly-this-april#/,pending,0,0,
2689,https://www.indiegogo.com//projects/help-ibra-stay-in-university#/,pending,0,0,
2690,https://www.indiegogo.com//projects/help-improve-the-quality-of-education-for-less-privileged-deaf-learners#/,pending,0,0,
2691,https://www.indiegogo.com//projects/help-in-egypt#/,pending,0,0,
2692,https://www.indiegogo.com//projects/help-ivana-to-see#/,pending,0,0,
2693,https://www.indiegogo.com//projects/help-jac-get-certified-to-teach-english-abroad#/,pending,0,0,
2694,https://www.indiegogo.com//projects/help-james-continue-treatments-medications#/,pending,0,0,
2695,https://www.indiegogo.com//projects/help-janey-kimberli-go-back-to-ayf-nlc-2012#/,pending,0,0,
2696,https://www.indiegogo.com//projects/help-jason-provide-low-cost-emdr-therapy#/,pending,0,0,
2697,https://www.indiegogo.com//projects/help-jay-el-keep-her-momentum-going#/,pending,0,0,
2698,https://www.indiegogo.com//projects/help-jennifer-before-she-gets-her-kidney#/,pending,0,0,
2699,https://www.indiegogo.com//projects/help-jerry#/,pending,0,0,
2700,https://www.indiegogo.com//projects/help-jhai-build-their-5th-clean-water-well-in-laos#/,pending,0,0,
2701,https://www.indiegogo.com//projects/help-joe-felton-jon-peloquin#/,pending,0,0,
2702,https://www.indiegogo.com//projects/help-joe-from-smokeless-joes#/,pending,0,0,
2703,https://www.indiegogo.com//projects/help-joey-get-better#/,pending,0,0,
2704,https://www.indiegogo.com//projects/help-john-nordberg-with-fusion-energy-startup#/,pending,0,0,
2705,https://www.indiegogo.com//projects/help-johns-hopkins-quidditch-get-to-world-cup#/,pending,0,0,
2706,https://www.indiegogo.com//projects/help-jordan#/,pending,0,0,
2707,https://www.indiegogo.com//projects/help-josh-monteiro-get-around#/,pending,0,0,
2708,https://www.indiegogo.com//projects/help-journalists-to-stay-out-of-prison#/,pending,0,0,
2709,https://www.indiegogo.com//projects/help-juice-for-joy-after-covid-19-setbacks#/,pending,0,0,
2710,https://www.indiegogo.com//projects/help-jules-get-hoop-fitness-certified#/,pending,0,0,
2711,https://www.indiegogo.com//projects/help-jullian-juice-davis-get-to-ayf-nationals#/,pending,0,0,
2712,https://www.indiegogo.com//projects/help-kansas-quidditch-get-to-the-world-cup#/,pending,0,0,
2713,https://www.indiegogo.com//projects/help-katelyn-smile-again--3#/,pending,0,0,
2714,https://www.indiegogo.com//projects/help-keep-beczak-environmental-education-center-afloat#/,pending,0,0,
2715,https://www.indiegogo.com//projects/help-keep-hawaiian-chieftain-afloat#/,pending,0,0,
2716,https://www.indiegogo.com//projects/help-keep-our-children-out-the-streets#/,pending,0,0,
2717,https://www.indiegogo.com//projects/help-keep-us-warm-in-2013#/,pending,0,0,
2718,https://www.indiegogo.com//projects/help-kenley-kick-cancer-s-butt#/,pending,0,0,
2719,https://www.indiegogo.com//projects/help-kim-graduate#/,pending,0,0,
2720,https://www.indiegogo.com//projects/help-kitenge-africa-get-kids-back-to-school#/,pending,0,0,
2721,https://www.indiegogo.com//projects/help-kym-get-surgery#/,pending,0,0,
2722,https://www.indiegogo.com//projects/help-launch-lessonplanpro-com#/,pending,0,0,
2723,https://www.indiegogo.com//projects/help-launch-the-global-teachers-institute#/,pending,0,0,
2724,https://www.indiegogo.com//projects/help-launch-the-jeff-effect-fitness-studio#/,pending,0,0,
2725,https://www.indiegogo.com//projects/help-lauren-get-to-grad-school#/,pending,0,0,
2726,https://www.indiegogo.com//projects/help-lea-beat-cancer-round-2#/,pending,0,0,
2727,https://www.indiegogo.com//projects/help-lisa-smile#/,pending,0,0,
2728,https://www.indiegogo.com//projects/help-little-bidhan-to-beat-blood-cancer#/,pending,0,0,
2729,https://www.indiegogo.com//projects/help-liya#/,pending,0,0,
2730,https://www.indiegogo.com//projects/help-lori-stay#/,pending,0,0,
2731,https://www.indiegogo.com//projects/help-lucas-get-to-and-from-orthotic-appt#/,pending,0,0,
2732,https://www.indiegogo.com//projects/help-lucas-walk#/,pending,0,0,
2733,https://www.indiegogo.com//projects/help-mahsun-attend-cooking-school#/,pending,0,0,
2734,https://www.indiegogo.com//projects/help-make-jess-s-dreams-a-reality#/,pending,0,0,
2735,https://www.indiegogo.com//projects/help-mcgee-s-ghost-tours-of-prague-reopen-soon#/,pending,0,0,
2736,https://www.indiegogo.com//projects/help-mcgill-quidditch-get-to-wcvii#/,pending,0,0,
2737,https://www.indiegogo.com//projects/help-me-beat-cancer--2#/,pending,0,0,
2738,https://www.indiegogo.com//projects/help-me-become-a-better-yoga-instructor#/,pending,0,0,
2739,https://www.indiegogo.com//projects/help-me-build-my-classroom--2#/,pending,0,0,
2740,https://www.indiegogo.com//projects/help-me-build-stonewall-university#/,pending,0,0,
2741,https://www.indiegogo.com//projects/help-me-buy-isom-2--2#/,pending,0,0,
2742,https://www.indiegogo.com//projects/help-me-continue-my-education-abroad-at-sciencespo--2#/,pending,0,0,
2743,https://www.indiegogo.com//projects/help-me-fight-for-heather-end-lyme-disease#/,pending,0,0,
2744,https://www.indiegogo.com//projects/help-me-fix-an-old-injury-with-a-new-therapy#/,pending,0,0,
2745,https://www.indiegogo.com//projects/help-me-fund-behavioral-economics-research-project#/,pending,0,0,
2746,https://www.indiegogo.com//projects/help-me-fund-my-yoga-teacher-training-trip#/,pending,0,0,
2747,https://www.indiegogo.com//projects/help-me-get-back-to-landmark-forever-grateful--4#/,pending,0,0,
2748,https://www.indiegogo.com//projects/help-me-get-to-500-for-my-first-ever-goal#/,pending,0,0,
2749,https://www.indiegogo.com//projects/help-me-get-to-my-dream-school#/,pending,0,0,
2750,https://www.indiegogo.com//projects/help-me-get-to-the-great-southern-slam#/,pending,0,0,
2751,https://www.indiegogo.com//projects/help-me-get-to-the-piano-technician-s-conference#/,pending,0,0,
2752,https://www.indiegogo.com//projects/help-me-get-to-the-school-of-my-dreams#/,pending,0,0,
2753,https://www.indiegogo.com//projects/help-me-give-my-family-the-gift-of-education#/,pending,0,0,
2754,https://www.indiegogo.com//projects/help-me-go-to-college--643#/,pending,0,0,
2755,https://www.indiegogo.com//projects/help-me-go-to-poland-business-week#/,pending,0,0,
2756,https://www.indiegogo.com//projects/help-me-go-to-school-in-shanghai#/,pending,0,0,
2757,https://www.indiegogo.com//projects/help-me-go-to-university--18#/,pending,0,0,
2758,https://www.indiegogo.com//projects/help-me-heal--4#/,pending,0,0,
2759,https://www.indiegogo.com//projects/help-me-heal-myself-tumor-cfs-and-fibromyalgia#/,pending,0,0,
2760,https://www.indiegogo.com//projects/help-me-help-heather#/,pending,0,0,
2761,https://www.indiegogo.com//projects/help-me-in-my-quest-not-to-be-follicly-challenged-anymore#/,pending,0,0,
2762,https://www.indiegogo.com//projects/help-me-innovate-concussion-rehabilitation#/,pending,0,0,
2763,https://www.indiegogo.com//projects/help-me-launch-black-alchemy-cosmetics#/,pending,0,0,
2764,https://www.indiegogo.com//projects/help-me-launch-my-unique-airbnb-business#/,pending,0,0,
2765,https://www.indiegogo.com//projects/help-me-move-and-or-summer-funding#/,pending,0,0,
2766,https://www.indiegogo.com//projects/help-me-move-into-a-safe-home#/,pending,0,0,
2767,https://www.indiegogo.com//projects/help-me-pay-my-medical-bills--8#/,pending,0,0,
2768,https://www.indiegogo.com//projects/help-me-pay-off-my-heart-surgery-and-go-to-college#/,pending,0,0,
2769,https://www.indiegogo.com//projects/help-me-present-at-three-academic-conferences#/,pending,0,0,
2770,https://www.indiegogo.com//projects/help-me-raise-1-000-to-support-oasis-for-girls#/,pending,0,0,
2771,https://www.indiegogo.com//projects/help-me-stay-in-art-school#/,pending,0,0,
2772,https://www.indiegogo.com//projects/help-me-stay-in-school--23#/,pending,0,0,
2773,https://www.indiegogo.com//projects/help-me-step-up-to-the-bull#/,pending,0,0,
2774,https://www.indiegogo.com//projects/help-me-to-help-others--17#/,pending,0,0,
2775,https://www.indiegogo.com//projects/help-me-to-plant-this-kid-s-book-on-planting-trees#/,pending,0,0,
2776,https://www.indiegogo.com//projects/help-me-to-restore-my-mustang-1967#/,pending,0,0,
2777,https://www.indiegogo.com//projects/help-me-volunteer-in-uganda--2#/,pending,0,0,
2778,https://www.indiegogo.com//projects/help-megan-stay-in-college#/,pending,0,0,
2779,https://www.indiegogo.com//projects/help-mia-get-medical-care--2#/,pending,0,0,
2780,https://www.indiegogo.com//projects/help-michelle-pay-her-medical-bills-as-she-begins-graduate-school#/,pending,0,0,
2781,https://www.indiegogo.com//projects/help-mom-joe#/,pending,0,0,
2782,https://www.indiegogo.com//projects/help-mom-with-ms-needs-air-conditioner-fixed#/,pending,0,0,
2783,https://www.indiegogo.com//projects/help-mr-gerst-s-classroom#/,pending,0,0,
2784,https://www.indiegogo.com//projects/help-musician-david-choy#/,pending,0,0,
2785,https://www.indiegogo.com//projects/help-my-friend-get-a-his-masters-in-biomedical-engineering#/,pending,0,0,
2786,https://www.indiegogo.com//projects/help-my-mom-in-her-battle-against-lung-cancer#/,pending,0,0,
2787,https://www.indiegogo.com//projects/help-my-pops-please#/,pending,0,0,
2788,https://www.indiegogo.com//projects/help-my-wife-marita-get-neck-surgery#/,pending,0,0,
2789,https://www.indiegogo.com//projects/help-nancy-douglas-medical-expense-fund#/,pending,0,0,
2790,https://www.indiegogo.com//projects/help-nathan-play-tag-with-amelie-again#/,pending,0,0,
2791,https://www.indiegogo.com//projects/help-needy-kids-with-back-to-school-supplies#/,pending,0,0,
2792,https://www.indiegogo.com//projects/help-nepal-earthquake--3#/,pending,0,0,
2793,https://www.indiegogo.com//projects/help-new-orleans-teachers-learn-spanish#/,pending,0,0,
2794,https://www.indiegogo.com//projects/help-nicholas-get-a-cgm#/,pending,0,0,
2795,https://www.indiegogo.com//projects/help-nicole-get-lights#/,pending,0,0,
2796,https://www.indiegogo.com//projects/help-nina-fund-syrian-refugees-children-education#/,pending,0,0,
2797,https://www.indiegogo.com//projects/help-notimewheysted-get-a-new-website#/,pending,0,0,
2798,https://www.indiegogo.com//projects/help-ohio-state-quidditch-go-to-world-cup-vi#/,pending,0,0,
2799,https://www.indiegogo.com//projects/help-our-community#/,pending,0,0,
2800,https://www.indiegogo.com//projects/help-paxton-travel-to-quidditch-world-cup-viii#/,pending,0,0,
2801,https://www.indiegogo.com//projects/help-peter-gorman-please#/,pending,0,0,
2802,https://www.indiegogo.com//projects/help-plateau-english-to-grow-and-thrive#/,pending,0,0,
2803,https://www.indiegogo.com//projects/help-polina-pay-for-jaw-surgery#/,pending,0,0,
2804,https://www.indiegogo.com//projects/help-prince-finish-medical-school#/,pending,0,0,
2805,https://www.indiegogo.com//projects/help-protect-those-who-help-protect-you#/,pending,0,0,
2806,https://www.indiegogo.com//projects/help-prove-a-teenager-wrong#/,pending,0,0,
2807,https://www.indiegogo.com//projects/help-provide-a-pathway-to-health#/,pending,0,0,
2808,https://www.indiegogo.com//projects/help-provide-care-for-female-students-in-bangladesh#/,pending,0,0,
2809,https://www.indiegogo.com//projects/help-push-pull-cardio-use-fitness-to-fight-against-childhood-diseases#/,pending,0,0,
2810,https://www.indiegogo.com//projects/help-quentin-recover-from-life-threatening-assault#/,pending,0,0,
2811,https://www.indiegogo.com//projects/help-raise-money-to-feed-poor-kids-in-the-philippines--4#/,pending,0,0,
2812,https://www.indiegogo.com//projects/help-re-elect-mitch-ward-manhattan-beach-city-council#/,pending,0,0,
2813,https://www.indiegogo.com//projects/help-rebuild-plaza-towers-elementary-school#/,pending,0,0,
2814,https://www.indiegogo.com//projects/help-relocate-the-lotus-center#/,pending,0,0,
2815,https://www.indiegogo.com//projects/help-renew-crossfit-kfor-s-gear-for-nato-soldiers#/,pending,0,0,
2816,https://www.indiegogo.com//projects/help-replace-derek-s-stolen-bike#/,pending,0,0,
2817,https://www.indiegogo.com//projects/help-revitalize-brunswick-with-yoga#/,pending,0,0,
2818,https://www.indiegogo.com//projects/help-rotaract-screen-1-500-people-for-diabetes-hypertension#/,pending,0,0,
2819,https://www.indiegogo.com//projects/help-roy-become-a-web-developer#/,pending,0,0,
2820,https://www.indiegogo.com//projects/help-russian-guys-to-visit-canada#/,pending,0,0,
2821,https://www.indiegogo.com//projects/help-ryan-get-back-on-his-feet#/,pending,0,0,
2822,https://www.indiegogo.com//projects/help-safi-pilot-our-pedal-powered-water-treatment-unit-in-east-africa#/,pending,0,0,
2823,https://www.indiegogo.com//projects/help-samantha-beat-cancer#/,pending,0,0,
2824,https://www.indiegogo.com//projects/help-sarah-become-world-champion-aged-45#/,pending,0,0,
2825,https://www.indiegogo.com//projects/help-save#/,pending,0,0,
2826,https://www.indiegogo.com//projects/help-save-a-life--10#/,pending,0,0,
2827,https://www.indiegogo.com//projects/help-save-on-ppe-and-limit-covid-19-exposure#/,pending,0,0,
2828,https://www.indiegogo.com//projects/help-save-our-home-due-to-an-illness#/,pending,0,0,
2829,https://www.indiegogo.com//projects/help-save-sumit#/,pending,0,0,
2830,https://www.indiegogo.com//projects/help-save-the-historic-hanging-flume#/,pending,0,0,
2831,https://www.indiegogo.com//projects/help-save-the-scheyden-catalina-air-show--2#/,pending,0,0,
2832,https://www.indiegogo.com//projects/help-see-my-mom-through-yet-another-surgery#/,pending,0,0,
2833,https://www.indiegogo.com//projects/help-send-21-orphans-to-school-for-a-year#/,pending,0,0,
2834,https://www.indiegogo.com//projects/help-send-4-williams-kids-to-the-nasp-archery-nationals#/,pending,0,0,
2835,https://www.indiegogo.com//projects/help-send-7-students-to-global-finals-for-destination-imagination#/,pending,0,0,
2836,https://www.indiegogo.com//projects/help-send-bettina-to-france--5#/,pending,0,0,
2837,https://www.indiegogo.com//projects/help-send-catrina-to-spain#/,pending,0,0,
2838,https://www.indiegogo.com//projects/help-send-chicago-students-to-debate-camp--2#/,pending,0,0,
2839,https://www.indiegogo.com//projects/help-send-clark-atlanta-university-mba-students-to-china#/,pending,0,0,
2840,https://www.indiegogo.com//projects/help-send-diverse-youth-to-common-ground-camp-2018#/,pending,0,0,
2841,https://www.indiegogo.com//projects/help-send-emma-to-lamda#/,pending,0,0,
2842,https://www.indiegogo.com//projects/help-send-indigenous-youth-to-the-white-house#/,pending,0,0,
2843,https://www.indiegogo.com//projects/help-send-jack-to-school#/,pending,0,0,
2844,https://www.indiegogo.com//projects/help-send-jen-on-an-educator-s-trip-dominican-republic#/,pending,0,0,
2845,https://www.indiegogo.com//projects/help-send-marisa-to-an-art-school-summer-program#/,pending,0,0,
2846,https://www.indiegogo.com//projects/help-send-oldballz-to-denver#/,pending,0,0,
2847,https://www.indiegogo.com//projects/help-send-talented-students-to-recording-camp#/,pending,0,0,
2848,https://www.indiegogo.com//projects/help-send-zinhle-to-university#/,pending,0,0,
2849,https://www.indiegogo.com//projects/help-shantez-graduate#/,pending,0,0,
2850,https://www.indiegogo.com//projects/help-shay-study-in-greece#/,pending,0,0,
2851,https://www.indiegogo.com//projects/help-ship-school-books-to-children-in-ghana#/,pending,0,0,
2852,https://www.indiegogo.com//projects/help-simon-taye-diggs-create-a-movement#/,pending,0,0,
2853,https://www.indiegogo.com//projects/help-socrates#/,pending,0,0,
2854,https://www.indiegogo.com//projects/help-solve-the-ufo-mystery#/,pending,0,0,
2855,https://www.indiegogo.com//projects/help-starting-an-independent-gym-in-west-michigan#/,pending,0,0,
2856,https://www.indiegogo.com//projects/help-steph-parkview-relocate--3#/,pending,0,0,
2857,https://www.indiegogo.com//projects/help-steven-go-to-u-s-c#/,pending,0,0,
2858,https://www.indiegogo.com//projects/help-stoma-surgery-and-cancer-crt-costs-for-luc#/,pending,0,0,
2859,https://www.indiegogo.com//projects/help-students-in-the-bronx-become-environmental-leaders#/,pending,0,0,
2860,https://www.indiegogo.com//projects/help-students-learn-math#/,pending,0,0,
2861,https://www.indiegogo.com//projects/help-students-perform-with-a-broadway-star#/,pending,0,0,
2862,https://www.indiegogo.com//projects/help-students-upgrade-a-library-in-uganda#/,pending,0,0,
2863,https://www.indiegogo.com//projects/help-super-sport-athletic-inc-achieve-501c3-status#/,pending,0,0,
2864,https://www.indiegogo.com//projects/help-support-a-global-home-in-rural-nepal#/,pending,0,0,
2865,https://www.indiegogo.com//projects/help-support-independent-creators#/,pending,0,0,
2866,https://www.indiegogo.com//projects/help-support-luis-in-his-gap-semester-to-be-an-agent-of-social-change#/,pending,0,0,
2867,https://www.indiegogo.com//projects/help-support-my-college-education#/,pending,0,0,
2868,https://www.indiegogo.com//projects/help-support-my-education-goals-and-future-in-social-work#/,pending,0,0,
2869,https://www.indiegogo.com//projects/help-syrian-refugees-get-to-germany#/,pending,0,0,
2870,https://www.indiegogo.com//projects/help-ted-tetris-morgan-get-the-treatment-he-needs#/,pending,0,0,
2871,https://www.indiegogo.com//projects/help-the-2015-battleborn-slam-team-get-to-oakland#/,pending,0,0,
2872,https://www.indiegogo.com//projects/help-the-appalachian-apparators-get-to-regionals#/,pending,0,0,
2873,https://www.indiegogo.com//projects/help-the-jets-creative-wing#/,pending,0,0,
2874,https://www.indiegogo.com//projects/help-the-kngo#/,pending,0,0,
2875,https://www.indiegogo.com//projects/help-the-riverview-high-school-thespian-troupe-829-go-to-states#/,pending,0,0,
2876,https://www.indiegogo.com//projects/help-the-robertson-family#/,pending,0,0,
2877,https://www.indiegogo.com//projects/help-the-spinal-cord-injured-recover#/,pending,0,0,
2878,https://www.indiegogo.com//projects/help-the-upchurch-family-go-to-camp--2#/,pending,0,0,
2879,https://www.indiegogo.com//projects/help-the-uwc-rcn-water-polo-team#/,pending,0,0,
2880,https://www.indiegogo.com//projects/help-these-high-school-sweet-hearts-finally-get-married#/,pending,0,0,
2881,https://www.indiegogo.com//projects/help-tigran-live-his-dream-of-studying-in-germany--4#/,pending,0,0,
2882,https://www.indiegogo.com//projects/help-tim-get-definitive-treatment#/,pending,0,0,
2883,https://www.indiegogo.com//projects/help-to-bring-water-to-a-school-in-nepal#/,pending,0,0,
2884,https://www.indiegogo.com//projects/help-to-get-my-friend-out-of-prostitution#/,pending,0,0,
2885,https://www.indiegogo.com//projects/help-tony-end-37-year-battle-with-crohn-s#/,pending,0,0,
2886,https://www.indiegogo.com//projects/help-train-the-next-generation-of-sustainability-leaders#/,pending,0,0,
2887,https://www.indiegogo.com//projects/help-trilingual-school-continue-to-teach-compassion-peace#/,pending,0,0,
2888,https://www.indiegogo.com//projects/help-udone-pay-for-necessary-surgery#/,pending,0,0,
2889,https://www.indiegogo.com//projects/help-unique-cider-production-re-build-from-fire#/,pending,0,0,
2890,https://www.indiegogo.com//projects/help-us-attend-the-clpp-conference#/,pending,0,0,
2891,https://www.indiegogo.com//projects/help-us-build-a-wooden-gypsy-wagon-in-sw-portugal#/,pending,0,0,
2892,https://www.indiegogo.com//projects/help-us-create-diversity#/,pending,0,0,
2893,https://www.indiegogo.com//projects/help-us-create-the-world-s-best-natural-medicines#/,pending,0,0,
2894,https://www.indiegogo.com//projects/help-us-expand-a-kindergarten-in-cahul-moldova#/,pending,0,0,
2895,https://www.indiegogo.com//projects/help-us-expand-our-curriculum-for-teen-girls#/,pending,0,0,
2896,https://www.indiegogo.com//projects/help-us-expand-the-solar-cafe#/,pending,0,0,
2897,https://www.indiegogo.com//projects/help-us-fund-a-tablet-to-engage-catholics-daily-in-their-faith-in-god#/,pending,0,0,
2898,https://www.indiegogo.com//projects/help-us-get-legal-status#/,pending,0,0,
2899,https://www.indiegogo.com//projects/help-us-get-to-washington-d-c#/,pending,0,0,
2900,https://www.indiegogo.com//projects/help-us-go-to-pioneers-festival#/,pending,0,0,
2901,https://www.indiegogo.com//projects/help-us-help-kids-learn-to-love-learning#/,pending,0,0,
2902,https://www.indiegogo.com//projects/help-us-help-mora#/,pending,0,0,
2903,https://www.indiegogo.com//projects/help-us-help-the-orphanages-in-peru#/,pending,0,0,
2904,https://www.indiegogo.com//projects/help-us-host-the-2014-southeastern-lgbtq-student-conference#/,pending,0,0,
2905,https://www.indiegogo.com//projects/help-us-keep-these-vulnerable-children-in-school#/,pending,0,0,
2906,https://www.indiegogo.com//projects/help-us-light-bangladesh#/,pending,0,0,
2907,https://www.indiegogo.com//projects/help-us-make-a-dream-come-true--2#/,pending,0,0,
2908,https://www.indiegogo.com//projects/help-us-make-goat-milk-gelato#/,pending,0,0,
2909,https://www.indiegogo.com//projects/help-us-provide-an-e-library#/,pending,0,0,
2910,https://www.indiegogo.com//projects/help-us-raise-for-frc-world-championship#/,pending,0,0,
2911,https://www.indiegogo.com//projects/help-us-rebuild-our-non-profit-community-arts-school#/,pending,0,0,
2912,https://www.indiegogo.com//projects/help-us-reduce-food-waste-in-cusco-peru#/,pending,0,0,
2913,https://www.indiegogo.com//projects/help-us-run-our-first-triathlon#/,pending,0,0,
2914,https://www.indiegogo.com//projects/help-us-save-the-abandoned-tea-plantations#/,pending,0,0,
2915,https://www.indiegogo.com//projects/help-us-save-the-fort-smith-music-scene#/,pending,0,0,
2916,https://www.indiegogo.com//projects/help-us-share-our-research-in-germany#/,pending,0,0,
2917,https://www.indiegogo.com//projects/help-us-teach-young-women-to-code-in-south-africa#/,pending,0,0,
2918,https://www.indiegogo.com//projects/help-us-to-build-incubation-center-in-rural-area#/,pending,0,0,
2919,https://www.indiegogo.com//projects/help-us-to-create-an-agroecology-business#/,pending,0,0,
2920,https://www.indiegogo.com//projects/help-us-to-fight-malaria-and-prevent-children-dying#/,pending,0,0,
2921,https://www.indiegogo.com//projects/help-us-to-give-them-hope-to-give-them-a-future#/,pending,0,0,
2922,https://www.indiegogo.com//projects/help-us-to-reach-china#/,pending,0,0,
2923,https://www.indiegogo.com//projects/help-us-to-support-student-success-in-trades-and-technology-at-fleming-college#/,pending,0,0,
2924,https://www.indiegogo.com//projects/help-us-train-youth-in-ww2-aircraft-restoration#/,pending,0,0,
2925,https://www.indiegogo.com//projects/help-us-transform-paperwork-digitally#/,pending,0,0,
2926,https://www.indiegogo.com//projects/help-us-with-jiu-jitsu-tournaments-for-children#/,pending,0,0,
2927,https://www.indiegogo.com//projects/help-village-children-india-jaora-with-education#/,pending,0,0,
2928,https://www.indiegogo.com//projects/help-vita-to-fight-rare-and-aggressive-cancer#/,pending,0,0,
2929,https://www.indiegogo.com//projects/help-walter-act-again-and-help-him-save-his-leg#/,pending,0,0,
2930,https://www.indiegogo.com//projects/help-winnipeg-whomp-our-way-to-quidditch-nationals#/,pending,0,0,
2931,https://www.indiegogo.com//projects/help-with-dental-expenses-part-2#/,pending,0,0,
2932,https://www.indiegogo.com//projects/help-with-medical-bills-to-go-back-to-school#/,pending,0,0,
2933,https://www.indiegogo.com//projects/help-with-medical-care#/,pending,0,0,
2934,https://www.indiegogo.com//projects/help-you-equal-love-donate-children-s-books-to-schools#/,pending,0,0,
2935,https://www.indiegogo.com//projects/help-young-adults-with-intellectual-disabilities#/,pending,0,0,
2936,https://www.indiegogo.com//projects/help-youth-martial-arts-of-philadelphia-get-started#/,pending,0,0,
2937,https://www.indiegogo.com//projects/help-zerofux-get-to-vancouver-fashion-week--3#/,pending,0,0,
2938,https://www.indiegogo.com//projects/help2learn-support-a-school-in-kibera-nairobi#/,pending,0,0,
2939,https://www.indiegogo.com//projects/helping-a-hero-to-save-pygmies-in-the-congo#/,pending,0,0,
2940,https://www.indiegogo.com//projects/helping-cresilda-and-babyjoy#/,pending,0,0,
2941,https://www.indiegogo.com//projects/helping-doctors-in-guatemala-treat-more-patients#/,pending,0,0,
2942,https://www.indiegogo.com//projects/helping-golfers-become-better-golfers#/,pending,0,0,
2943,https://www.indiegogo.com//projects/helping-humanity-in-need-syria-gaza-bosnia#/,pending,0,0,
2944,https://www.indiegogo.com//projects/helping-jen-finn#/,pending,0,0,
2945,https://www.indiegogo.com//projects/helping-jim-obtain-an-insulin-pump#/,pending,0,0,
2946,https://www.indiegogo.com//projects/helping-kevin-parr#/,pending,0,0,
2947,https://www.indiegogo.com//projects/helping-lynnette-beat-cancer#/,pending,0,0,
2948,https://www.indiegogo.com//projects/helping-me-creating-an-e-commerce-retail-company#/,pending,0,0,
2949,https://www.indiegogo.com//projects/helping-the-refugees-in-lesvos-greece#/,pending,0,0,
2950,https://www.indiegogo.com//projects/helping-vietnamese-children-world-challenge-2015#/,pending,0,0,
2951,https://www.indiegogo.com//projects/helping-youth#/,pending,0,0,
2952,https://www.indiegogo.com//projects/helsus-movement#/,pending,0,0,
2953,https://www.indiegogo.com//projects/hephaestus-slm-3d-printer#/,pending,0,0,
2954,https://www.indiegogo.com//projects/hercleon-kribi-the-world-s-cleanest-underwear#/,pending,0,0,
2955,https://www.indiegogo.com//projects/hereo-the-first-gps-watch-designed-for-young-kids#/,pending,0,0,
2956,https://www.indiegogo.com//projects/heritage-academy#/,pending,0,0,
2957,https://www.indiegogo.com//projects/heritage-of-the-kingdom-of-riau-lingga#/,pending,0,0,
2958,https://www.indiegogo.com//projects/heroclip-one-fearless-gadget-689-348-uses#/,pending,0,0,
2959,https://www.indiegogo.com//projects/hevo-the-true-smart-home-controller#/,pending,0,0,
2960,https://www.indiegogo.com//projects/hexe-coffee-first#/,pending,0,0,
2961,https://www.indiegogo.com//projects/hey-dumplings-new-restaurant#/,pending,0,0,
2962,https://www.indiegogo.com//projects/hey-teachers-leave-them-kids-alone#/,pending,0,0,
2963,https://www.indiegogo.com//projects/hgc-lions-f-c-sports-program#/,pending,0,0,
2964,https://www.indiegogo.com//projects/hi-beat-72hr-power-titanium-square-automatic-watch#/,pending,0,0,
2965,https://www.indiegogo.com//projects/hi-fibar-the-diabetic-friendly-snack#/,pending,0,0,
2966,https://www.indiegogo.com//projects/hi-tech-heels-flats-feel-like-sneakers-inside#/,pending,0,0,
2967,https://www.indiegogo.com//projects/hickory-creative-and-performing-arts-center#/,pending,0,0,
2968,https://www.indiegogo.com//projects/hicon-is-all-your-social-networks-made-wearable#/,pending,0,0,
2969,https://www.indiegogo.com//projects/hiddentoolbox-ultimate-privacy-management-software-suite#/,pending,0,0,
2970,https://www.indiegogo.com//projects/hidizs-ap200-next-generation-hifi-music-player#/,pending,0,0,
2971,https://www.indiegogo.com//projects/hifi-kitchen-filipino-american-comfort-food#/,pending,0,0,
2972,https://www.indiegogo.com//projects/hifold-the-fit-and-fold-highback-booster#/,pending,0,0,
2973,https://www.indiegogo.com//projects/higame-pc-affordable-high-performance-mini-pc#/,pending,0,0,
2974,https://www.indiegogo.com//projects/high-end-leather-accessories-for-a-modern-woman#/,pending,0,0,
2975,https://www.indiegogo.com//projects/high-profit-automated-forex-triangular-arbitrage#/,pending,0,0,
2976,https://www.indiegogo.com//projects/high-school-after-school-program#/,pending,0,0,
2977,https://www.indiegogo.com//projects/high-school-cross-country-running-team-needs-funding#/,pending,0,0,
2978,https://www.indiegogo.com//projects/high-school-for-the-awra-amba-community#/,pending,0,0,
2979,https://www.indiegogo.com//projects/high-school-scoreboard-app#/,pending,0,0,
2980,https://www.indiegogo.com//projects/higole-pc-the-world-s-smallest-pc-stick#/,pending,0,0,
2981,https://www.indiegogo.com//projects/hiking-around-the-world#/,pending,0,0,
2982,https://www.indiegogo.com//projects/hiking-the-continental-divide-for-cancer#/,pending,0,0,
2983,https://www.indiegogo.com//projects/hilgard-hitch-pin#/,pending,0,0,
2984,https://www.indiegogo.com//projects/hinged-magnetic-aluminum-iphone-x-case#/,pending,0,0,
2985,https://www.indiegogo.com//projects/hiquid-food-whole-food-meals-for-tube-feeding#/,pending,0,0,
2986,https://www.indiegogo.com//projects/historia-the-future-of-mapping-history#/,pending,0,0,
2987,https://www.indiegogo.com//projects/historic-tibetan-medicine-conference-at-the-rubin-museum-of-art#/,pending,0,0,
2988,https://www.indiegogo.com//projects/historic-wood-window-repair-training#/,pending,0,0,
2989,https://www.indiegogo.com//projects/hitch-your-bottle-and-cup-belong-together#/,pending,0,0,
2990,https://www.indiegogo.com//projects/hkherbs-com-intensive-healing-lotion#/,pending,0,0,
2991,https://www.indiegogo.com//projects/hlg-paperstrike-2016--2#/,pending,0,0,
2992,https://www.indiegogo.com//projects/hms-team-23-cannonball-motorcycle-run-2014#/,pending,0,0,
2993,https://www.indiegogo.com//projects/hoa-bullying-senior-disabled-single-woman#/,pending,0,0,
2994,https://www.indiegogo.com//projects/hobbit-themed-b-b-near-redding-ca#/,pending,0,0,
2995,https://www.indiegogo.com//projects/holding-opposites-compilation-album-and-art-book#/,pending,0,0,
2996,https://www.indiegogo.com//projects/holistic-gym-in-littleton#/,pending,0,0,
2997,https://www.indiegogo.com//projects/holistic-healing--6#/,pending,0,0,
2998,https://www.indiegogo.com//projects/holistic-nutrition-tuition-a-career-change#/,pending,0,0,
2999,https://www.indiegogo.com//projects/hollywood-shooting-victims-additional-medical-costs-fund#/,pending,0,0,
3000,https://www.indiegogo.com//projects/holy-ghost-catholic-school#/,pending,0,0,
3001,https://www.indiegogo.com//projects/home-invasion-prevent-stop-survive#/,pending,0,0,
3002,https://www.indiegogo.com//projects/home-quantum-energy-generator#/,pending,0,0,
3003,https://www.indiegogo.com//projects/homeschool-garden-where-kids-can-grow-organically#/,pending,0,0,
3004,https://www.indiegogo.com//projects/honduras-mission-to-build-a-church-and-help-families#/,pending,0,0,
3005,https://www.indiegogo.com//projects/honduras-mission-trip--9#/,pending,0,0,
3006,https://www.indiegogo.com//projects/honesty#/,pending,0,0,
3007,https://www.indiegogo.com//projects/honey-beehive-childcare#/,pending,0,0,
3008,https://www.indiegogo.com//projects/honeycomb-hives-game-changing-beehives-reimagined#/,pending,0,0,
3009,https://www.indiegogo.com//projects/hooked-up-snowboarding#/,pending,0,0,
3010,https://www.indiegogo.com//projects/hop-step-jump-energy-bars#/,pending,0,0,
3011,https://www.indiegogo.com//projects/hope-and-fun-empowering-kids-in-cancer-treatment#/,pending,0,0,
3012,https://www.indiegogo.com//projects/hope-bags#/,pending,0,0,
3013,https://www.indiegogo.com//projects/hope-child-youth-development#/,pending,0,0,
3014,https://www.indiegogo.com//projects/hope-for-bright-afghanistan#/,pending,0,0,
3015,https://www.indiegogo.com//projects/hope-for-pallium#/,pending,0,0,
3016,https://www.indiegogo.com//projects/hope-made-visible#/,pending,0,0,
3017,https://www.indiegogo.com//projects/hope-on-the-horizon-the-get-involved-and-help-tour#/,pending,0,0,
3018,https://www.indiegogo.com//projects/hotel-transportation-to-apostacon#/,pending,0,0,
3019,https://www.indiegogo.com//projects/hotep-summer-peace-program#/,pending,0,0,
3020,https://www.indiegogo.com//projects/house-and-educate-deprived-rural-youth-in-india#/,pending,0,0,
3021,https://www.indiegogo.com//projects/houston-roller-derby-all-stars-travel-team#/,pending,0,0,
3022,https://www.indiegogo.com//projects/houston-s-angels#/,pending,0,0,
3023,https://www.indiegogo.com//projects/houston-we-have-a-problem--3#/,pending,0,0,
3024,https://www.indiegogo.com//projects/hoverpen-2-0-interstellar-edition#/,pending,0,0,
3025,https://www.indiegogo.com//projects/how-to-spread-the-love-for-kidney-patients--2#/,pending,0,0,
3026,https://www.indiegogo.com//projects/hprt-wireless-portable-printer-anytime-anywhere#/,pending,0,0,
3027,https://www.indiegogo.com//projects/hsg-tattoo-and-cure-search#/,pending,0,0,
3028,https://www.indiegogo.com//projects/hult-prize-colombia-1m-to-change-the-world#/,pending,0,0,
3029,https://www.indiegogo.com//projects/humanities-first#/,pending,0,0,
3030,https://www.indiegogo.com//projects/humanitree-house-capital-campaign-phase-ii#/,pending,0,0,
3031,https://www.indiegogo.com//projects/humanity-made-headbands#/,pending,0,0,
3032,https://www.indiegogo.com//projects/humu-augmented-audio-cushion-feel-hifi-sound#/,pending,0,0,
3033,https://www.indiegogo.com//projects/hungarian-birthright-program-2015#/,pending,0,0,
3034,https://www.indiegogo.com//projects/hunt-and-hound-clothiers-the-menswear-revolution#/,pending,0,0,
3035,https://www.indiegogo.com//projects/hunt23-world-s-coolest-multi-function-flashlight#/,pending,0,0,
3036,https://www.indiegogo.com//projects/huntingwind-theportable-smart-electric-skateboard#/,pending,0,0,
3037,https://www.indiegogo.com//projects/hurricane-sandy-relief--3#/,pending,0,0,
3038,https://www.indiegogo.com//projects/huskeecup-waste-made-beautiful#/,pending,0,0,
3039,https://www.indiegogo.com//projects/hustle-for-health-aerobic-line-dance-fitness-dvd#/,pending,0,0,
3040,https://www.indiegogo.com//projects/hwyd--2#/,pending,0,0,
3041,https://www.indiegogo.com//projects/hxl-workout-videos-for-kids-teens-infomercials--2#/,pending,0,0,
3042,https://www.indiegogo.com//projects/hybrid-backpack-with-purpose#/,pending,0,0,
3043,https://www.indiegogo.com//projects/hybrid-cocktail-glass-by-elevated-craft#/,pending,0,0,
3044,https://www.indiegogo.com//projects/hybro-h400-hybrid-2-in-1-screwdriver-set--2#/,pending,0,0,
3045,https://www.indiegogo.com//projects/hydroflight-la#/,pending,0,0,
3046,https://www.indiegogo.com//projects/hydroice-powerful-cooling-ultimate-air-protection#/,pending,0,0,
3047,https://www.indiegogo.com//projects/hydrop-smart-forget-about-ironing#/,pending,0,0,
3048,https://www.indiegogo.com//projects/hypar-smart-boat#/,pending,0,0,
3049,https://www.indiegogo.com//projects/hypercube-wireless-charging-station-sleep-aid#/,pending,0,0,
3050,https://www.indiegogo.com//projects/hyperdrive-gen2-next-generation-usb-c-hub#/,pending,0,0,
3051,https://www.indiegogo.com//projects/hyperjuice-world-s-first-100w-gan-usb-c-charger#/,pending,0,0,
3052,https://www.indiegogo.com//projects/hyphen-2-changing-the-game-of-wireless-earbuds#/,pending,0,0,
3053,https://www.indiegogo.com//projects/hyphen-the-gold-standard-of-wireless-earbuds#/,pending,0,0,
3054,https://www.indiegogo.com//projects/hypnotist-loses-left-eye#/,pending,0,0,
3055,https://www.indiegogo.com//projects/hypri-x-the-first-charger-loaded-in-seconds#/,pending,0,0,
3056,https://www.indiegogo.com//projects/i--12#/,pending,0,0,
3057,https://www.indiegogo.com//projects/i-am-a-persistaholic#/,pending,0,0,
3058,https://www.indiegogo.com//projects/i-am-elite-empower-youth-with-cutting-edge-science-and-tech-education--2#/,pending,0,0,
3059,https://www.indiegogo.com//projects/i-am-me-customized-nutrition-and-fitness-planner#/,pending,0,0,
3060,https://www.indiegogo.com//projects/i-am-moving-to-europe#/,pending,0,0,
3061,https://www.indiegogo.com//projects/i-am-project-for-literacy-launch#/,pending,0,0,
3062,https://www.indiegogo.com//projects/i-could-have-saved-elvis-blue-hawaiian-cleanse-with-coconut-oil#/,pending,0,0,
3063,https://www.indiegogo.com//projects/i-d-like-app-money-money-money#/,pending,0,0,
3064,https://www.indiegogo.com//projects/i-dream-about-studying-in-china#/,pending,0,0,
3065,https://www.indiegogo.com//projects/i-ll-burn-your-bones#/,pending,0,0,
3066,https://www.indiegogo.com//projects/i-ll-donate-my-hair-if-i-reach-my-fundraising-goal#/,pending,0,0,
3067,https://www.indiegogo.com//projects/i-m-back-low-cost-medium-format-digital-back#/,pending,0,0,
3068,https://www.indiegogo.com//projects/i-need-a-ps4--2#/,pending,0,0,
3069,https://www.indiegogo.com//projects/i-need-a-tooth#/,pending,0,0,
3070,https://www.indiegogo.com//projects/i-need-an#/,pending,0,0,
3071,https://www.indiegogo.com//projects/i-need-your-help-to-launch-the-helping-hand-crowd-project#/,pending,0,0,
3072,https://www.indiegogo.com//projects/i-rise#/,pending,0,0,
3073,https://www.indiegogo.com//projects/i-saved-face-today--2#/,pending,0,0,
3074,https://www.indiegogo.com//projects/i-speaker-light-begins-2015#/,pending,0,0,
3075,https://www.indiegogo.com//projects/i-want-to-buy-kickstarter-com#/,pending,0,0,
3076,https://www.indiegogo.com//projects/i-want-to-go-to-melbourne-to-graduate#/,pending,0,0,
3077,https://www.indiegogo.com//projects/i-want-to-make-a-positive-difference-in-nicaragua-globally#/,pending,0,0,
3078,https://www.indiegogo.com//projects/i-will-intervene-challenge#/,pending,0,0,
3079,https://www.indiegogo.com//projects/i-would-like-a-dark-kitchen-support-me#/,pending,0,0,
3080,https://www.indiegogo.com//projects/iamrunbox-the-active-commuter-s-backpack#/,pending,0,0,
3081,https://www.indiegogo.com//projects/ianuarius-richie#/,pending,0,0,
3082,https://www.indiegogo.com//projects/iaomai-una-nuova-visione-sulla-salute#/,pending,0,0,
3083,https://www.indiegogo.com//projects/ibee-the-world-s-first-smart-modular-bracelet#/,pending,0,0,
3084,https://www.indiegogo.com//projects/ibreathe-fresh-air-anytime-anywhere--3#/,pending,0,0,
3085,https://www.indiegogo.com//projects/ibrid-iphone-wallets-donates-to-bipolar-society#/,pending,0,0,
3086,https://www.indiegogo.com//projects/ibuysell-world-s-most-exciting-live-marketplace#/,pending,0,0,
3087,https://www.indiegogo.com//projects/ic-intelligentclothing#/,pending,0,0,
3088,https://www.indiegogo.com//projects/icall#/,pending,0,0,
3089,https://www.indiegogo.com//projects/icarus-and-the-sun#/,pending,0,0,
3090,https://www.indiegogo.com//projects/ice-blast-make-cold-showers-colder-cold-therapy#/,pending,0,0,
3091,https://www.indiegogo.com//projects/ice-plate-the-diy-at-home-ice-cream-roll-maker#/,pending,0,0,
3092,https://www.indiegogo.com//projects/icebreakers-the-book#/,pending,0,0,
3093,https://www.indiegogo.com//projects/iceland-photo-adventure#/,pending,0,0,
3094,https://www.indiegogo.com//projects/iceland-traverse#/,pending,0,0,
3095,https://www.indiegogo.com//projects/ichabod-jones-volume-1-2-a-dark-fantasy-comic#/,pending,0,0,
3096,https://www.indiegogo.com//projects/iconemesis--2#/,pending,0,0,
3097,https://www.indiegogo.com//projects/icrusers-ssd-redefine-speed-storage-design#/,pending,0,0,
3098,https://www.indiegogo.com//projects/ictsecure-protect-your-privacy#/,pending,0,0,
3099,https://www.indiegogo.com//projects/icurious-travel#/,pending,0,0,
3100,https://www.indiegogo.com//projects/icy-bev-kooler-v-2-0-3-in-1-bottle-insulator#/,pending,0,0,
3101,https://www.indiegogo.com//projects/id-guardian#/,pending,0,0,
3102,https://www.indiegogo.com//projects/ideka-ultra-slim-rfid-blocking-wallet#/,pending,0,0,
3103,https://www.indiegogo.com//projects/identify-sensors-for-smartphones-public-safety#/,pending,0,0,
3104,https://www.indiegogo.com//projects/if-your-best-friend-had-cancer-would-you-help#/,pending,0,0,
3105,https://www.indiegogo.com//projects/iggi-effortless-weight-loss-calorie-cloaking#/,pending,0,0,
3106,https://www.indiegogo.com//projects/igualdad-de-genero-en-el-hogar-usa#/,pending,0,0,
3107,https://www.indiegogo.com//projects/iguaneye-jungle-barefoot-comfort-everywhere#/,pending,0,0,
3108,https://www.indiegogo.com//projects/igulu-smart-automated-craft-beer-home-brewery--4#/,pending,0,0,
3109,https://www.indiegogo.com//projects/ik-ben-het-zat-omgaan-met-een-alcoholgebruiker#/,pending,0,0,
3110,https://www.indiegogo.com//projects/ikarao-break-x1-4-in-1-party-speaker-with-tablet#/,pending,0,0,
3111,https://www.indiegogo.com//projects/iki-a-series-minimalist-watch-fashion#/,pending,0,0,
3112,https://www.indiegogo.com//projects/ikipele-the-mobile-fireplace#/,pending,0,0,
3113,https://www.indiegogo.com//projects/ila-spa-fundraising-for-usa-south-ea-expansion--3#/,pending,0,0,
3114,https://www.indiegogo.com//projects/ila-the-instant-language-assistant-device#/,pending,0,0,
3115,https://www.indiegogo.com//projects/ilepo-anc-active-noise-cancelling-earphones#/,pending,0,0,
3116,https://www.indiegogo.com//projects/ilink-t2-fitness-band#/,pending,0,0,
3117,https://www.indiegogo.com//projects/ilmoco-s-first-on-the-go-travel-bassinet--2#/,pending,0,0,
3118,https://www.indiegogo.com//projects/imagine-ethiopia-support-for-mckenna-koon#/,pending,0,0,
3119,https://www.indiegogo.com//projects/imbagine-travel-pack-not-just-for-clean-clothes#/,pending,0,0,
3120,https://www.indiegogo.com//projects/impact-haiti-entrepreneurship-education-for-disadvantaged-high-school-students#/,pending,0,0,
3121,https://www.indiegogo.com//projects/impact-hub-salt-lake-where-change-goes-to-work#/,pending,0,0,
3122,https://www.indiegogo.com//projects/imperial-cycles-motorized-bicycle-custom-gas-tank#/,pending,0,0,
3123,https://www.indiegogo.com//projects/implant-repair-surgery#/,pending,0,0,
3124,https://www.indiegogo.com//projects/imprints-personalised-3d-printed-insoles#/,pending,0,0,
3125,https://www.indiegogo.com//projects/improve-heroes-landing-comic-shop-part-2#/,pending,0,0,
3126,https://www.indiegogo.com//projects/improve-posture-reduce-back-pain-with-truposture#/,pending,0,0,
3127,https://www.indiegogo.com//projects/improving-english-language-skills-at-the-university-of-liberia#/,pending,0,0,
3128,https://www.indiegogo.com//projects/imuhira-international-save-the-banyamulenge-culture#/,pending,0,0,
3129,https://www.indiegogo.com//projects/imuneek-the-medical-and-disabled-community#/,pending,0,0,
3130,https://www.indiegogo.com//projects/in-baby-chloe-s-memory#/,pending,0,0,
3131,https://www.indiegogo.com//projects/in-home-fight-coach-robot-the-rxt-1#/,pending,0,0,
3132,https://www.indiegogo.com//projects/in-honor-of-a-3x-cancer-patient#/,pending,0,0,
3133,https://www.indiegogo.com//projects/in-loving-memory-of-colleen-nugent#/,pending,0,0,
3134,https://www.indiegogo.com//projects/in-memory-of-andy-chan-sui#/,pending,0,0,
3135,https://www.indiegogo.com//projects/in-need-of-surgery--3#/,pending,0,0,
3136,https://www.indiegogo.com//projects/in-outdoor-solar-powered-portable-air-conditioner#/,pending,0,0,
3137,https://www.indiegogo.com//projects/in1-laser-powerful-burning-cutting-blue-laser#/,pending,0,0,
3138,https://www.indiegogo.com//projects/incentives-for-inquiry#/,pending,0,0,
3139,https://www.indiegogo.com//projects/incharge-6-the-swiss-army-knife-of-cables#/,pending,0,0,
3140,https://www.indiegogo.com//projects/incharge-the-smallest-keyring-cable#/,pending,0,0,
3141,https://www.indiegogo.com//projects/incharge-universal-one-cable-to-rule-them-all#/,pending,0,0,
3142,https://www.indiegogo.com//projects/increase-trans-representation-in-medicine#/,pending,0,0,
3143,https://www.indiegogo.com//projects/india-at-race-across-america-2014#/,pending,0,0,
3144,https://www.indiegogo.com//projects/india-third-eye#/,pending,0,0,
3145,https://www.indiegogo.com//projects/indian-indoor-cricket-team#/,pending,0,0,
3146,https://www.indiegogo.com//projects/indiana-computer-museum#/,pending,0,0,
3147,https://www.indiegogo.com//projects/indiegogo--56#/,pending,0,0,
3148,https://www.indiegogo.com//projects/indiegogo-triathlon-team-t-shirts#/,pending,0,0,
3149,https://www.indiegogo.com//projects/individual-unisex-watches-by-patrick-gallas#/,pending,0,0,
3150,https://www.indiegogo.com//projects/industry-trash-building-careers#/,pending,0,0,
3151,https://www.indiegogo.com//projects/infinite-curriculum-connecting-teachers-globally#/,pending,0,0,
3152,https://www.indiegogo.com//projects/infinite-electricity-for-all-applications#/,pending,0,0,
3153,https://www.indiegogo.com//projects/infinite-opportunities-inc#/,pending,0,0,
3154,https://www.indiegogo.com//projects/infiniteusb-one-usb-port-unlimited-devices#/,pending,0,0,
3155,https://www.indiegogo.com//projects/infinity-bandz#/,pending,0,0,
3156,https://www.indiegogo.com//projects/infinity-cable-one-cable-for-all-your-devices#/,pending,0,0,
3157,https://www.indiegogo.com//projects/infinity-diy-a-catstomizable-modular-cat-tree#/,pending,0,0,
3158,https://www.indiegogo.com//projects/infinity-inc--2#/,pending,0,0,
3159,https://www.indiegogo.com//projects/inflo#/,pending,0,0,
3160,https://www.indiegogo.com//projects/information-board-eagle-project#/,pending,0,0,
3161,https://www.indiegogo.com//projects/ingraham-rams-run-for-the-money#/,pending,0,0,
3162,https://www.indiegogo.com//projects/ink-it-more-than-just-a-wall-planner#/,pending,0,0,
3163,https://www.indiegogo.com//projects/ink-the-void-an-illustrated-story#/,pending,0,0,
3164,https://www.indiegogo.com//projects/inkcase-i7-plus-dual-screen-for-iphone-7-plus--3#/,pending,0,0,
3165,https://www.indiegogo.com//projects/inked-adventures-start-up-round-1#/,pending,0,0,
3166,https://www.indiegogo.com//projects/inner-city-shakespeare-tour#/,pending,0,0,
3167,https://www.indiegogo.com//projects/innovating-how-you-communicate-with-the-world--2#/,pending,0,0,
3168,https://www.indiegogo.com//projects/innovative-silent-wind-energy#/,pending,0,0,
3169,https://www.indiegogo.com//projects/inrecovery-group-llc#/,pending,0,0,
3170,https://www.indiegogo.com//projects/inside-light-project#/,pending,0,0,
3171,https://www.indiegogo.com//projects/inside-out-marketing-fundraiser#/,pending,0,0,
3172,https://www.indiegogo.com//projects/inside-the-addicted-mind-an-immersive-experience#/,pending,0,0,
3173,https://www.indiegogo.com//projects/inspirational-ts-from-ts-by-marie--2#/,pending,0,0,
3174,https://www.indiegogo.com//projects/inspire-the-world-for-foreign-language-learning#/,pending,0,0,
3175,https://www.indiegogo.com//projects/inspireinyou#/,pending,0,0,
3176,https://www.indiegogo.com//projects/instant-find-mobile-app-to-locate-singles-nearby#/,pending,0,0,
3177,https://www.indiegogo.com//projects/instant-moonlight-venom-based-instant-anti-wrinkle#/,pending,0,0,
3178,https://www.indiegogo.com//projects/instaprivy-world-s-most-practical-portable-toilet#/,pending,0,0,
3179,https://www.indiegogo.com//projects/insulog-the-smart-snap-on-insulin-tracker#/,pending,0,0,
3180,https://www.indiegogo.com//projects/intelligent-toilet-flusher-kit#/,pending,0,0,
3181,https://www.indiegogo.com//projects/intelliplug-your-friendly-wi-fi-smart-plug#/,pending,0,0,
3182,https://www.indiegogo.com//projects/interactive-mobile-studio-build-for-community-arts-engagement#/,pending,0,0,
3183,https://www.indiegogo.com//projects/interfaith-hospitality-network-helping-homeless-families-in-nj#/,pending,0,0,
3184,https://www.indiegogo.com//projects/internation-elective-in-europe#/,pending,0,0,
3185,https://www.indiegogo.com//projects/international-children-s-judo-tournament-in-albania#/,pending,0,0,
3186,https://www.indiegogo.com//projects/international-college-of-thelema-hq-event-center#/,pending,0,0,
3187,https://www.indiegogo.com//projects/international-exams-preparation-center#/,pending,0,0,
3188,https://www.indiegogo.com//projects/international-mobile-app-for-models#/,pending,0,0,
3189,https://www.indiegogo.com//projects/international-moot-competition-team#/,pending,0,0,
3190,https://www.indiegogo.com//projects/international-olympic-wintersport-project#/,pending,0,0,
3191,https://www.indiegogo.com//projects/international-study-tour-please-help#/,pending,0,0,
3192,https://www.indiegogo.com//projects/internet-ungovernance-forum#/,pending,0,0,
3193,https://www.indiegogo.com//projects/internnection-connecting-students-with-science-research-opportunities#/,pending,0,0,
3194,https://www.indiegogo.com//projects/intervencion-buen-pastor#/,pending,0,0,
3195,https://www.indiegogo.com//projects/interview-an-atheist-at-church-day#/,pending,0,0,
3196,https://www.indiegogo.com//projects/into-the-gravel-pit-finishing-funds#/,pending,0,0,
3197,https://www.indiegogo.com//projects/intribu-travel-around-the-world#/,pending,0,0,
3198,https://www.indiegogo.com//projects/introducing-r-e-d#/,pending,0,0,
3199,https://www.indiegogo.com//projects/introducing-the-new-yes-v7-with-wireless-charging#/,pending,0,0,
3200,https://www.indiegogo.com//projects/intuition-pro-train-and-enhance-your-intuition#/,pending,0,0,
3201,https://www.indiegogo.com//projects/inuit-worlds-most-advanced-snow-goggle-lenses#/,pending,0,0,
3202,https://www.indiegogo.com//projects/invest-in-a-future-leader--2#/,pending,0,0,
3203,https://www.indiegogo.com//projects/invest-in-booty-gains-studio-thiccness-launch#/,pending,0,0,
3204,https://www.indiegogo.com//projects/invest-in-the-change-you-want-to-see#/,pending,0,0,
3205,https://www.indiegogo.com//projects/invest-in-virtual-learning#/,pending,0,0,
3206,https://www.indiegogo.com//projects/investment-in-objective-journalism-education#/,pending,0,0,
3207,https://www.indiegogo.com//projects/invisaband-all-natural-mosquito-repellent-bracelet#/,pending,0,0,
3208,https://www.indiegogo.com//projects/invzi-9-in-1-100w-gan-usb-c-charger-hub#/,pending,0,0,
3209,https://www.indiegogo.com//projects/inyago-retractable-vehicle-access-ramp-for-dogs#/,pending,0,0,
3210,https://www.indiegogo.com//projects/inyx-world-s-most-comfortable-and-advanced-bed-cool#/,pending,0,0,
3211,https://www.indiegogo.com//projects/ion-glasses-optical-and-sun-smartglasses#/,pending,0,0,
3212,https://www.indiegogo.com//projects/ion-motion-controlled-armband#/,pending,0,0,
3213,https://www.indiegogo.com//projects/ionic-revolutionize-your-upper-body-strength#/,pending,0,0,
3214,https://www.indiegogo.com//projects/ios-and-windows-version-of-our-livenow-tv-app#/,pending,0,0,
3215,https://www.indiegogo.com//projects/ios-camera-app-to-automatically-de-identify-photos#/,pending,0,0,
3216,https://www.indiegogo.com//projects/iotty-smart-switch-beautiful-smart-lighting#/,pending,0,0,
3217,https://www.indiegogo.com//projects/ipack-i-v-backpack-for-kids-with-pediatric-cancer#/,pending,0,0,
3218,https://www.indiegogo.com//projects/ipal-capture-pictures-and-videos-with-your-eyes-and-share-with-blinks-or-wink#/,pending,0,0,
3219,https://www.indiegogo.com//projects/ipega-wireless-bluetooth-3-0-controller-for-ipad-iphone-smartphone-and-android#/,pending,0,0,
3220,https://www.indiegogo.com//projects/iphone-5-or-android-smartphones-cable-issues-solved-with-the-echo-connect-key#/,pending,0,0,
3221,https://www.indiegogo.com//projects/iphone-7-s-headset-adapter-w-power-charging-port#/,pending,0,0,
3222,https://www.indiegogo.com//projects/iphone-case-external-battery--2#/,pending,0,0,
3223,https://www.indiegogo.com//projects/ipocket-drive-hard-drive-for-iphone-ipad-android#/,pending,0,0,
3224,https://www.indiegogo.com//projects/iranian-american-leadership-conference#/,pending,0,0,
3225,https://www.indiegogo.com//projects/ironwire-2-the-best-cable-ever-is-back-from-7-50#/,pending,0,0,
3226,https://www.indiegogo.com//projects/is-education-a-human-right-or-a-privilege#/,pending,0,0,
3227,https://www.indiegogo.com//projects/is-it-worth-it-an-app-for-rating-everything#/,pending,0,0,
3228,https://www.indiegogo.com//projects/isabel-re-imagine-the-internet-by-metroleta#/,pending,0,0,
3229,https://www.indiegogo.com//projects/isabella-s-college-tuition#/,pending,0,0,
3230,https://www.indiegogo.com//projects/isan-bamboo-library#/,pending,0,0,
3231,https://www.indiegogo.com//projects/isavelife-emergency-notification-system-app#/,pending,0,0,
3232,https://www.indiegogo.com//projects/isl-sports-centre-opening-sundays-12-month-trial#/,pending,0,0,
3233,https://www.indiegogo.com//projects/ismart-app-read-learn-achieve#/,pending,0,0,
3234,https://www.indiegogo.com//projects/isolate-mini-switch-off-your-ears--2#/,pending,0,0,
3235,https://www.indiegogo.com//projects/istanbul-peace-conference#/,pending,0,0,
3236,https://www.indiegogo.com//projects/istoria-a-new-brand-of-fashion#/,pending,0,0,
3237,https://www.indiegogo.com//projects/isuncloud-the-next-generation-of-cloud#/,pending,0,0,
3238,https://www.indiegogo.com//projects/it-s-all-goods#/,pending,0,0,
3239,https://www.indiegogo.com//projects/it-s-not-like-it-s-brain-surgery-until-it-actually-is#/,pending,0,0,
3240,https://www.indiegogo.com//projects/it-s-time-to-go-racing#/,pending,0,0,
3241,https://www.indiegogo.com//projects/it-s-time-to-rethink-school#/,pending,0,0,
3242,https://www.indiegogo.com//projects/it-s-times-like-these-we-learn-2-live-again--2#/,pending,0,0,
3243,https://www.indiegogo.com//projects/it-takes-an-entire-village#/,pending,0,0,
3244,https://www.indiegogo.com//projects/itarget-home-target-practice-for-all-gun-owners#/,pending,0,0,
3245,https://www.indiegogo.com//projects/itasa-2013-west-coast-conference-crescendo#/,pending,0,0,
3246,https://www.indiegogo.com//projects/iteaduino-lite-most-inexpensive-full-sized-arduino-derivative-board#/,pending,0,0,
3247,https://www.indiegogo.com//projects/itehil-most-powerful-2200wh-solar-power-station--2#/,pending,0,0,
3248,https://www.indiegogo.com//projects/itens-device-wireless-electrotherapy#/,pending,0,0,
3249,https://www.indiegogo.com//projects/iubest-the-e-scooter-suitcase-brings-you-anywhere#/,pending,0,0,
3250,https://www.indiegogo.com//projects/ivry-b-world-s-first-see-through-round-beehive#/,pending,0,0,
3251,https://www.indiegogo.com//projects/ivy-apple-lightning-protection-for-your-cable#/,pending,0,0,
3252,https://www.indiegogo.com//projects/ivycable-gen2-cable-power-bank-for-new-iphone#/,pending,0,0,
3253,https://www.indiegogo.com//projects/iwarm-smartphone#/,pending,0,0,
3254,https://www.indiegogo.com//projects/izac#/,pending,0,0,
3255,https://www.indiegogo.com//projects/j-j-fishing-charters-costa-rica#/,pending,0,0,
3256,https://www.indiegogo.com//projects/j147-therapeutic-for-als#/,pending,0,0,
3257,https://www.indiegogo.com//projects/jack-s-stands-marketplaces--3#/,pending,0,0,
3258,https://www.indiegogo.com//projects/jackky-the-9-magnetic-audio-adapter--2#/,pending,0,0,
3259,https://www.indiegogo.com//projects/jacquezel-handcrafted-lifestyle-leather-goods#/,pending,0,0,
3260,https://www.indiegogo.com//projects/jade-pacoima-singers-washington-dc-trip#/,pending,0,0,
3261,https://www.indiegogo.com//projects/jafar-s-transition-to-lena--27#/,pending,0,0,
3262,https://www.indiegogo.com//projects/jakarta-giving-from-within#/,pending,0,0,
3263,https://www.indiegogo.com//projects/james-s-bike-to-mexico-to-support-bike-ambulances#/,pending,0,0,
3264,https://www.indiegogo.com//projects/janta-choupal-world-s-first-political-social-app#/,pending,0,0,
3265,https://www.indiegogo.com//projects/japan-day-at-central-park#/,pending,0,0,
3266,https://www.indiegogo.com//projects/japan-music-an-academic-exchange#/,pending,0,0,
3267,https://www.indiegogo.com//projects/jara-rive-shoes#/,pending,0,0,
3268,https://www.indiegogo.com//projects/jawker-world-s-1st-bike-handlebar-protection-tool#/,pending,0,0,
3269,https://www.indiegogo.com//projects/jaxson-s-journey--6#/,pending,0,0,
3270,https://www.indiegogo.com//projects/jay-neubauer-s-2nd-heart-surgery-fundraiser#/,pending,0,0,
3271,https://www.indiegogo.com//projects/jayden-s-journey-foundation-to-help-children-with-cancer#/,pending,0,0,
3272,https://www.indiegogo.com//projects/jbt-where-sexual-health-meets-social-networking#/,pending,0,0,
3273,https://www.indiegogo.com//projects/jci-london-to-tamale-campaign#/,pending,0,0,
3274,https://www.indiegogo.com//projects/jd-disalvatore-cancer-fund#/,pending,0,0,
3275,https://www.indiegogo.com//projects/jdrf-walk-for-a-cure#/,pending,0,0,
3276,https://www.indiegogo.com//projects/jeanne-s-magic-lamp-fund-against-breast-cancer#/,pending,0,0,
3277,https://www.indiegogo.com//projects/jefferson-starship-s-slick-aguilar-needs-a-liver-transplant-asap--3#/,pending,0,0,
3278,https://www.indiegogo.com//projects/jello-a-ut-thesis-film#/,pending,0,0,
3279,https://www.indiegogo.com//projects/jelly-the-smallest-4g-smartphone#/,pending,0,0,
3280,https://www.indiegogo.com//projects/jellyfish-world-s-cutest-pushpin#/,pending,0,0,
3281,https://www.indiegogo.com//projects/jeneba-barrie-nude-footwear-that-is-true-to-hue#/,pending,0,0,
3282,https://www.indiegogo.com//projects/jeremy-wright-s-recovery-fund#/,pending,0,0,
3283,https://www.indiegogo.com//projects/jetpic-website-and-app-creation#/,pending,0,0,
3284,https://www.indiegogo.com//projects/jewish-hip-hop-and-education#/,pending,0,0,
3285,https://www.indiegogo.com//projects/jey-em-one-a-new-way-of-travelling#/,pending,0,0,
3286,https://www.indiegogo.com//projects/jiffy-quick-charger-2-0-technology#/,pending,0,0,
3287,https://www.indiegogo.com//projects/jiffy-quick-charger-2-0-technology--2#/,pending,0,0,
3288,https://www.indiegogo.com//projects/jilavyan-brothers-need-wheelchairs#/,pending,0,0,
3289,https://www.indiegogo.com//projects/jim-greenleaf-needs-your-help#/,pending,0,0,
3290,https://www.indiegogo.com//projects/jingpad-world-s-first-consumer-level-linux-tablet#/,pending,0,0,
3291,https://www.indiegogo.com//projects/jmgo-o1-pro-ultra-short-throw-smart-led-projector#/,pending,0,0,
3292,https://www.indiegogo.com//projects/jmgo-view-projector-a-smart-tv-in-your-backpack#/,pending,0,0,
3293,https://www.indiegogo.com//projects/jo-e-pack-edc-multi-functional-sling#/,pending,0,0,
3294,https://www.indiegogo.com//projects/joe-follows-his-hoodie#/,pending,0,0,
3295,https://www.indiegogo.com//projects/joey-licata-race-car-driver#/,pending,0,0,
3296,https://www.indiegogo.com//projects/jogo-the-coffee-brewing-straw#/,pending,0,0,
3297,https://www.indiegogo.com//projects/john-s-wheels-to-weight-loss#/,pending,0,0,
3298,https://www.indiegogo.com//projects/johnny-cool-more-than-just-the-coolest-cooler#/,pending,0,0,
3299,https://www.indiegogo.com//projects/johns-hopkins-students-bringing-healthcare-to-ecuadorian-children#/,pending,0,0,
3300,https://www.indiegogo.com//projects/join-our-green-dao#/,pending,0,0,
3301,https://www.indiegogo.com//projects/join-team-angelle#/,pending,0,0,
3302,https://www.indiegogo.com//projects/join-the-astrology-revolution#/,pending,0,0,
3303,https://www.indiegogo.com//projects/join-the-health-movement-healthy-living-your-way#/,pending,0,0,
3304,https://www.indiegogo.com//projects/join-the-qkadoo-search-social-revolution#/,pending,0,0,
3305,https://www.indiegogo.com//projects/join-the-samana-plus-health-wellness-movement#/,pending,0,0,
3306,https://www.indiegogo.com//projects/jolt-incentivizing-parents-to-become-educators#/,pending,0,0,
3307,https://www.indiegogo.com//projects/jolt-mate-jobs-within#/,pending,0,0,
3308,https://www.indiegogo.com//projects/jomper-functional-jumpsuits-for-chicks#/,pending,0,0,
3309,https://www.indiegogo.com//projects/joorly-see-the-world-clearly-and-responsibly#/,pending,0,0,
3310,https://www.indiegogo.com//projects/jordan-is-italy-bound#/,pending,0,0,
3311,https://www.indiegogo.com//projects/josh-and-amanda-s-fund#/,pending,0,0,
3312,https://www.indiegogo.com//projects/josh-has-cancer-and-must-to-travel-for-chemo#/,pending,0,0,
3313,https://www.indiegogo.com//projects/josh-s-musical-service-trip-to-kibera-kenya#/,pending,0,0,
3314,https://www.indiegogo.com//projects/journeo-european-photography-trip-by-solar-bike#/,pending,0,0,
3315,https://www.indiegogo.com//projects/journey-to-midwifery#/,pending,0,0,
3316,https://www.indiegogo.com//projects/journo-the-world-s-most-sophisticated-journal-app#/,pending,0,0,
3317,https://www.indiegogo.com//projects/joy-now-arts-project-scholarship-fund#/,pending,0,0,
3318,https://www.indiegogo.com//projects/jozi2berlin#/,pending,0,0,
3319,https://www.indiegogo.com//projects/jpversity-fais-des-affaires-et-deviens-riche#/,pending,0,0,
3320,https://www.indiegogo.com//projects/js-running-fitness-app-for-the-safety-conscious#/,pending,0,0,
3321,https://www.indiegogo.com//projects/jself-3-in-1-high-tech-pillow-for-a-better-sleep#/,pending,0,0,
3322,https://www.indiegogo.com//projects/juan-pablo-we-want-to-help-you#/,pending,0,0,
3323,https://www.indiegogo.com//projects/juice-by-bike#/,pending,0,0,
3324,https://www.indiegogo.com//projects/juiced-boards-authentic-electric-skateboards--3#/,pending,0,0,
3325,https://www.indiegogo.com//projects/jules-fuel-whistler-superfood#/,pending,0,0,
3326,https://www.indiegogo.com//projects/julia-s-college-graduation-campaign#/,pending,0,0,
3327,https://www.indiegogo.com//projects/juliya-neva-sustainable-fashion-brand#/,pending,0,0,
3328,https://www.indiegogo.com//projects/jumping-for-jamie#/,pending,0,0,
3329,https://www.indiegogo.com//projects/jumpy-unprecedented-first-watch-experience-for-kid#/,pending,0,0,
3330,https://www.indiegogo.com//projects/jungle-comics-1-by-chuck-dixon-and-kelsey-shannon#/,pending,0,0,
3331,https://www.indiegogo.com//projects/jungle-jones-needs-your-help#/,pending,0,0,
3332,https://www.indiegogo.com//projects/jungle-queen-sheva-jungle-vs-supernatural#/,pending,0,0,
3333,https://www.indiegogo.com//projects/jungle-tea-empowering-african-communities#/,pending,0,0,
3334,https://www.indiegogo.com//projects/jungleman-s-fight-against-colon-cancer#/,pending,0,0,
3335,https://www.indiegogo.com//projects/junkins-garrison-site-archaeological-dig#/,pending,0,0,
3336,https://www.indiegogo.com//projects/junto-metromule-the-most-versatile-cargo-ebike#/,pending,0,0,
3337,https://www.indiegogo.com//projects/just-4-jordon#/,pending,0,0,
3338,https://www.indiegogo.com//projects/just-bloomed-activewear-for-nursing-moms#/,pending,0,0,
3339,https://www.indiegogo.com//projects/just-enough-wines-canned-wine-you-want-to-drink#/,pending,0,0,
3340,https://www.indiegogo.com//projects/justed-revolutionary-training-wheels-for-kids#/,pending,0,0,
3341,https://www.indiegogo.com//projects/justmake-your-gateway-to-productivity-3-0#/,pending,0,0,
3342,https://www.indiegogo.com//projects/kachula-2-0-packable-multi-use-adventure-blanket#/,pending,0,0,
3343,https://www.indiegogo.com//projects/kaima-social-and-environmental-action-learning-for-israeli-youth-at-risk#/,pending,0,0,
3344,https://www.indiegogo.com//projects/kaitlyn-goes-to-tanzania--2#/,pending,0,0,
3345,https://www.indiegogo.com//projects/kaitlyn-moore-s-senior-thesis-fashion-collection#/,pending,0,0,
3346,https://www.indiegogo.com//projects/kalacam-the-world-s-1st-floating-4k-action-camera#/,pending,0,0,
3347,https://www.indiegogo.com//projects/kaleb-s-top-surgery-fund#/,pending,0,0,
3348,https://www.indiegogo.com//projects/kalmar-kakes-moving-out-into-our-own-cake-studio#/,pending,0,0,
3349,https://www.indiegogo.com//projects/kalra-paediatric-hospital-in-india#/,pending,0,0,
3350,https://www.indiegogo.com//projects/kamibot-the-programmable-paper-robot#/,pending,0,0,
3351,https://www.indiegogo.com//projects/kana-s-organic-farm-apprenticeship-fund#/,pending,0,0,
3352,https://www.indiegogo.com//projects/kansoka-black-walnut-vase-handmade-japanese-style#/,pending,0,0,
3353,https://www.indiegogo.com//projects/kapsule-world-s-most-advanced-travel-guitar-bag#/,pending,0,0,
3354,https://www.indiegogo.com//projects/kaptrek-the-ultimate-outdoor-connected-guide#/,pending,0,0,
3355,https://www.indiegogo.com//projects/kapwatch-filipino-inspired-watches#/,pending,0,0,
3356,https://www.indiegogo.com//projects/karina-s-scholarship-fund--3#/,pending,0,0,
3357,https://www.indiegogo.com//projects/karl-erb-our-yoga-teacher-is-being-treated-for-cancer#/,pending,0,0,
3358,https://www.indiegogo.com//projects/karry4-0-minimal-weekend-drawstring-bag-backpack#/,pending,0,0,
3359,https://www.indiegogo.com//projects/katana-cloud-connected-encrypted-flash-drive#/,pending,0,0,
3360,https://www.indiegogo.com//projects/kate-s-colombia-mission-trip#/,pending,0,0,
3361,https://www.indiegogo.com//projects/kathleen-needs-a-bike#/,pending,0,0,
3362,https://www.indiegogo.com//projects/kathy-s-support-fund#/,pending,0,0,
3363,https://www.indiegogo.com//projects/katie-george-and-eve-a-new-tandem-for-rio-2016#/,pending,0,0,
3364,https://www.indiegogo.com//projects/katie-rox-cibc-s-run-for-the-cure#/,pending,0,0,
3365,https://www.indiegogo.com//projects/katie-s-birthday-and-holiday-fundraiser#/,pending,0,0,
3366,https://www.indiegogo.com//projects/katsuostamina-power-endurance-via-jp-biotech#/,pending,0,0,
3367,https://www.indiegogo.com//projects/kauai-beach-guide-android-app#/,pending,0,0,
3368,https://www.indiegogo.com//projects/kavenir-the-personal-assistant-on-your-ear#/,pending,0,0,
3369,https://www.indiegogo.com//projects/kavre-district-earthquake-relief-effort-nepal#/,pending,0,0,
3370,https://www.indiegogo.com//projects/kawami-is-confidence-colombian-handmade-earrings#/,pending,0,0,
3371,https://www.indiegogo.com//projects/kayaking-for-cancer#/,pending,0,0,
3372,https://www.indiegogo.com//projects/kayanet#/,pending,0,0,
3373,https://www.indiegogo.com//projects/kayla-and-syrenitee-are-in-the-planning-your-success-fashion-show#/,pending,0,0,
3374,https://www.indiegogo.com//projects/kayless#/,pending,0,0,
3375,https://www.indiegogo.com//projects/ked-personal-gps-compact-tracker#/,pending,0,0,
3376,https://www.indiegogo.com//projects/keelcrab-sail-one-underwater-drone-for-your-hull#/,pending,0,0,
3377,https://www.indiegogo.com//projects/keena-unbranded-heads-to-north-carolina#/,pending,0,0,
3378,https://www.indiegogo.com//projects/keep-affordable-acupuncture-alive#/,pending,0,0,
3379,https://www.indiegogo.com//projects/keep-bronx-high-school-music-program-alive#/,pending,0,0,
3380,https://www.indiegogo.com//projects/keep-cepehrg-s-weekly-drop-in-centre-open-and-running#/,pending,0,0,
3381,https://www.indiegogo.com//projects/keep-classes-open-at-the-dhala-school#/,pending,0,0,
3382,https://www.indiegogo.com//projects/keep-girls-rock-camp-vancouver-rocking#/,pending,0,0,
3383,https://www.indiegogo.com//projects/keep-glipho-running#/,pending,0,0,
3384,https://www.indiegogo.com//projects/keep-kbbi-on-the-air-literally#/,pending,0,0,
3385,https://www.indiegogo.com//projects/keep-kris-smiling#/,pending,0,0,
3386,https://www.indiegogo.com//projects/keep-neavey-smiling#/,pending,0,0,
3387,https://www.indiegogo.com//projects/keep-our-school-in-our-community-and-the-community-in-our-school#/,pending,0,0,
3388,https://www.indiegogo.com//projects/keep-po-pay-home#/,pending,0,0,
3389,https://www.indiegogo.com//projects/keep-summer-drum-circles-going-in-takoma-park#/,pending,0,0,
3390,https://www.indiegogo.com//projects/keep-the-most-popular-day-z-sanctuary-server-running--22#/,pending,0,0,
3391,https://www.indiegogo.com//projects/keep-the-most-popular-day-z-sanctuary-server-running--46#/,pending,0,0,
3392,https://www.indiegogo.com//projects/keep-your-memories-alive#/,pending,0,0,
3393,https://www.indiegogo.com//projects/keeping-it-cool-in-the-classroom#/,pending,0,0,
3394,https://www.indiegogo.com//projects/keeping-kris-strong#/,pending,0,0,
3395,https://www.indiegogo.com//projects/keeping-louisiana-naked#/,pending,0,0,
3396,https://www.indiegogo.com//projects/keeping-powell-golf-club-green#/,pending,0,0,
3397,https://www.indiegogo.com//projects/keisha-powell-myasthenia-gravis#/,pending,0,0,
3398,https://www.indiegogo.com//projects/kekepad-world-s-first-plug-play-wearable-platform#/,pending,0,0,
3399,https://www.indiegogo.com//projects/kelahealth-precision-medicine-for-surgery#/,pending,0,0,
3400,https://www.indiegogo.com//projects/kelly-sullivan-tumor-hater#/,pending,0,0,
3401,https://www.indiegogo.com//projects/kengo-s-ramen#/,pending,0,0,
3402,https://www.indiegogo.com//projects/kenkodo-the-first-comprehensive-body-tracker#/,pending,0,0,
3403,https://www.indiegogo.com//projects/kennesaw-state-univ-sife-panama-project#/,pending,0,0,
3404,https://www.indiegogo.com//projects/kenneth-b-edwards-goes-west#/,pending,0,0,
3405,https://www.indiegogo.com//projects/kenzie-s-trip-to-aau-national-junior-olympics#/,pending,0,0,
3406,https://www.indiegogo.com//projects/keruo-l7-the-most-portable-smart-projector#/,pending,0,0,
3407,https://www.indiegogo.com//projects/kettle-corn036#/,pending,0,0,
3408,https://www.indiegogo.com//projects/kevin-eastwood-he-s-alive#/,pending,0,0,
3409,https://www.indiegogo.com//projects/kevjoe-tribute#/,pending,0,0,
3410,https://www.indiegogo.com//projects/keys-modular-led-music-keyboard-with-gestures#/,pending,0,0,
3411,https://www.indiegogo.com//projects/kgwan-s-hot-sauce#/,pending,0,0,
3412,https://www.indiegogo.com//projects/khadijat-s-tissue-sarcomma-fund#/,pending,0,0,
3413,https://www.indiegogo.com//projects/khodeup#/,pending,0,0,
3414,https://www.indiegogo.com//projects/kibera-health-contest-2014#/,pending,0,0,
3415,https://www.indiegogo.com//projects/kicks4mikey-buy-cool-shoes-crush-blood-cancer#/,pending,0,0,
3416,https://www.indiegogo.com//projects/kickthetick--2#/,pending,0,0,
3417,https://www.indiegogo.com//projects/kid-s-health-exercise-and-education-course#/,pending,0,0,
3418,https://www.indiegogo.com//projects/kids-beating-cancer#/,pending,0,0,
3419,https://www.indiegogo.com//projects/kids-can-mexico-online#/,pending,0,0,
3420,https://www.indiegogo.com//projects/kids-cancer-research--2#/,pending,0,0,
3421,https://www.indiegogo.com//projects/kids-helping-kids-chat-to-the-future#/,pending,0,0,
3422,https://www.indiegogo.com//projects/kids-teaching-kids-how-to-cook#/,pending,0,0,
3423,https://www.indiegogo.com//projects/kids-to-the-country-2015#/,pending,0,0,
3424,https://www.indiegogo.com//projects/kids-will-not-be-left-behind#/,pending,0,0,
3425,https://www.indiegogo.com//projects/kids-yoga-mindfulness-in-la-public-schools#/,pending,0,0,
3426,https://www.indiegogo.com//projects/kidshape-hi-tech-solution-for-childhood-obesity#/,pending,0,0,
3427,https://www.indiegogo.com//projects/kidventurez-perfect-trip-design#/,pending,0,0,
3428,https://www.indiegogo.com//projects/kidz-peace-team-spring-event#/,pending,0,0,
3429,https://www.indiegogo.com//projects/kien-the-first-flexible-sound-system#/,pending,0,0,
3430,https://www.indiegogo.com//projects/kik-clip-the-coolest-shoe-accessory#/,pending,0,0,
3431,https://www.indiegogo.com//projects/kilifi-gsv-school-bus-repair-appeal#/,pending,0,0,
3432,https://www.indiegogo.com//projects/kilij-pocket-knife#/,pending,0,0,
3433,https://www.indiegogo.com//projects/kilimanjaro-for-cancer-care-sve-za-nju#/,pending,0,0,
3434,https://www.indiegogo.com//projects/kimifi-worldwide-4g-hotspot-with-the-best-reviews#/,pending,0,0,
3435,https://www.indiegogo.com//projects/kimono-pocket-purse-kinchaku#/,pending,0,0,
3436,https://www.indiegogo.com//projects/kind-karma-fine-jewelry-to-look-good-and-do-good#/,pending,0,0,
3437,https://www.indiegogo.com//projects/kinderzirkus-wunschikus#/,pending,0,0,
3438,https://www.indiegogo.com//projects/kindness-drive#/,pending,0,0,
3439,https://www.indiegogo.com//projects/kinesix-protective-sleeves-manches-de-protection#/,pending,0,0,
3440,https://www.indiegogo.com//projects/king-pong-the-evolution-of-beer-pong#/,pending,0,0,
3441,https://www.indiegogo.com//projects/kingii-the-new-standard-in-water-safety--2#/,pending,0,0,
3442,https://www.indiegogo.com//projects/kingrow-k1-the-healthy-phone-cares-your-eyes#/,pending,0,0,
3443,https://www.indiegogo.com//projects/kings-peak-tent-the-first-2-person-1-2-dog-tent#/,pending,0,0,
3444,https://www.indiegogo.com//projects/kinship-app#/,pending,0,0,
3445,https://www.indiegogo.com//projects/kiss-the-floor-punthead-2016-labor-day-re-onion#/,pending,0,0,
3446,https://www.indiegogo.com//projects/kitatoz-organic-tsa-approved-toiletry-kit#/,pending,0,0,
3447,https://www.indiegogo.com//projects/kitchen-4-casa-xalteva-education-cultural-center#/,pending,0,0,
3448,https://www.indiegogo.com//projects/kitchen-equipment#/,pending,0,0,
3449,https://www.indiegogo.com//projects/kitsap-racing-jersey-fundraiser-for-the-high-school-kids#/,pending,0,0,
3450,https://www.indiegogo.com//projects/kk-in-the-zaan#/,pending,0,0,
3451,https://www.indiegogo.com//projects/klaire-de-lys-dyslexia-bursary-fund#/,pending,0,0,
3452,https://www.indiegogo.com//projects/klang-ver-2-guitar-for-travelers#/,pending,0,0,
3453,https://www.indiegogo.com//projects/klugit-energy-smart-hot-water-plug#/,pending,0,0,
3454,https://www.indiegogo.com//projects/knight-seeker-vol-3-blades-of-justice#/,pending,0,0,
3455,https://www.indiegogo.com//projects/knights-bane#/,pending,0,0,
3456,https://www.indiegogo.com//projects/knock-cancer-out-of-the-park#/,pending,0,0,
3457,https://www.indiegogo.com//projects/knock-knock-app#/,pending,0,0,
3458,https://www.indiegogo.com//projects/knocking-down-barriers-one-edit-at-a-time#/,pending,0,0,
3459,https://www.indiegogo.com//projects/knops-the-volume-button-for-your-ears#/,pending,0,0,
3460,https://www.indiegogo.com//projects/koboko-sandals-uniquely-stylish-and-functional#/,pending,0,0,
3461,https://www.indiegogo.com//projects/koddok-titanium-opener-x-dice-for-everyday-carry--2#/,pending,0,0,
3462,https://www.indiegogo.com//projects/koinu-professional-flat-edged-bowls#/,pending,0,0,
3463,https://www.indiegogo.com//projects/koko-s-fund-for-breasts-augmentaton#/,pending,0,0,
3464,https://www.indiegogo.com//projects/kokong-charge-anything-safely-and-save-energy#/,pending,0,0,
3465,https://www.indiegogo.com//projects/konbit-mizik-a-non-for-profit-recording-studio-in-haiti#/,pending,0,0,
3466,https://www.indiegogo.com//projects/kordbot-music-production-assistant#/,pending,0,0,
3467,https://www.indiegogo.com//projects/kosmu-the-bath-towel-redefined#/,pending,0,0,
3468,https://www.indiegogo.com//projects/kowy-the-new-way-to-wear-glasses#/,pending,0,0,
3469,https://www.indiegogo.com//projects/kratos-the-future-of-laptop-android-and-iphone#/,pending,0,0,
3470,https://www.indiegogo.com//projects/kryptovoice-skype-calls-in-total-privacy#/,pending,0,0,
3471,https://www.indiegogo.com//projects/kuirqy-first-platform-for-start-up-fashion-brands#/,pending,0,0,
3472,https://www.indiegogo.com//projects/kula-s-royal-curry#/,pending,0,0,
3473,https://www.indiegogo.com//projects/kuna-the-first-home-break-in-prevention-solution#/,pending,0,0,
3474,https://www.indiegogo.com//projects/kusd-theater-arts-get-us-there-2016--2#/,pending,0,0,
3475,https://www.indiegogo.com//projects/kvm-global-solving-poverty-at-scale#/,pending,0,0,
3476,https://www.indiegogo.com//projects/kylin-m-3-axis-stabilizer-for-lightweight-cameras#/,pending,0,0,
3477,https://www.indiegogo.com//projects/l--20#/,pending,0,0,
3478,https://www.indiegogo.com//projects/l-avenue-boutique-a-european-inspired-clothier#/,pending,0,0,
3479,https://www.indiegogo.com//projects/l-cheapo-laser-cutter-attachment#/,pending,0,0,
3480,https://www.indiegogo.com//projects/l-e-a-d-live-big-dream-big-2015#/,pending,0,0,
3481,https://www.indiegogo.com//projects/l-echeveau-divin-tisser-les-liens-en-france--2#/,pending,0,0,
3482,https://www.indiegogo.com//projects/l-uqo-aux-nations-unies-a-new-york#/,pending,0,0,
3483,https://www.indiegogo.com//projects/la-crepe-a-moi-restaurant#/,pending,0,0,
3484,https://www.indiegogo.com//projects/la-for-911-and-anti-neocons#/,pending,0,0,
3485,https://www.indiegogo.com//projects/la-mansio-the-6-in-1-modular-bag-for-active-women#/,pending,0,0,
3486,https://www.indiegogo.com//projects/la-marque-the-lifetime-brass-pen-collection#/,pending,0,0,
3487,https://www.indiegogo.com//projects/la-prima-geovilla-umana--2#/,pending,0,0,
3488,https://www.indiegogo.com//projects/la-union-parent-led-organizing-for-education#/,pending,0,0,
3489,https://www.indiegogo.com//projects/la-ve2-minolta-v-mount-to-sony-e-mount-af-adapter#/,pending,0,0,
3490,https://www.indiegogo.com//projects/laanei-affordable-hawaiian-jewelry#/,pending,0,0,
3491,https://www.indiegogo.com//projects/laer-app-never-worry-about-your-battery-again#/,pending,0,0,
3492,https://www.indiegogo.com//projects/lakproper-for-indoor-air-quality#/,pending,0,0,
3493,https://www.indiegogo.com//projects/lambeth-valentine-youth-walk#/,pending,0,0,
3494,https://www.indiegogo.com//projects/lambocharge-smallest-nuovo-si-20w-fast-charger#/,pending,0,0,
3495,https://www.indiegogo.com//projects/lamc-robotecas-3d-printer-fundraiser#/,pending,0,0,
3496,https://www.indiegogo.com//projects/lane-lines-for-valdese#/,pending,0,0,
3497,https://www.indiegogo.com//projects/laneah-goodness-in-a-bottle-with-a-delicious-twist#/,pending,0,0,
3498,https://www.indiegogo.com//projects/langogo-1st-pocket-translator-and-mobile-hotspot#/,pending,0,0,
3499,https://www.indiegogo.com//projects/language-immersion-charter-school#/,pending,0,0,
3500,https://www.indiegogo.com//projects/lanmodo-pro-the-ultimate-protection-for-any-car#/,pending,0,0,
3501,https://www.indiegogo.com//projects/lanq-pcdock-the-new-standard-of-monitor-stand#/,pending,0,0,
3502,https://www.indiegogo.com//projects/lantern-the-ultimate-multifunctional-light#/,pending,0,0,
3503,https://www.indiegogo.com//projects/lapa-the-evolution-of-bluetooth-trackers#/,pending,0,0,
3504,https://www.indiegogo.com//projects/lapexpand-portable-multiple-displays-for-laptops#/,pending,0,0,
3505,https://www.indiegogo.com//projects/laptop-for-the-world-race#/,pending,0,0,
3506,https://www.indiegogo.com//projects/largesse-smart-health-care#/,pending,0,0,
3507,https://www.indiegogo.com//projects/larq-bottle-world-s-first-self-cleaning-bottle#/,pending,0,0,
3508,https://www.indiegogo.com//projects/larz-dog-products-injury-pain-free-dog-walking#/,pending,0,0,
3509,https://www.indiegogo.com//projects/laser-life#/,pending,0,0,
3510,https://www.indiegogo.com//projects/last-financial-support-to-finish-funding-a-part-of-my-yip-year#/,pending,0,0,
3511,https://www.indiegogo.com//projects/last-year-of-school--2#/,pending,0,0,
3512,https://www.indiegogo.com//projects/lastswab-the-reusable-cotton-swab#/,pending,0,0,
3513,https://www.indiegogo.com//projects/latina-50-plus--2#/,pending,0,0,
3514,https://www.indiegogo.com//projects/latino-week-2012-at-insead#/,pending,0,0,
3515,https://www.indiegogo.com//projects/lattepanda-alpha-a-tiny-beastly-windows-computer#/,pending,0,0,
3516,https://www.indiegogo.com//projects/lauco-smallest-100w-usb-c-wireless-charging-hub#/,pending,0,0,
3517,https://www.indiegogo.com//projects/lauco-the-most-rugged-powerful-100w-usb-c-cables#/,pending,0,0,
3518,https://www.indiegogo.com//projects/launch-our-futures#/,pending,0,0,
3519,https://www.indiegogo.com//projects/launching-our-first-collection#/,pending,0,0,
3520,https://www.indiegogo.com//projects/lava-3-in-1-vibrator-like-no-other#/,pending,0,0,
3521,https://www.indiegogo.com//projects/lava-the-first-protective-case-for-apple-watch#/,pending,0,0,
3522,https://www.indiegogo.com//projects/le-b-shack-pavilion-a-bee-learning-venue#/,pending,0,0,
3523,https://www.indiegogo.com//projects/le-collectif#/,pending,0,0,
3524,https://www.indiegogo.com//projects/lea-global-glimpse-for-2015#/,pending,0,0,
3525,https://www.indiegogo.com//projects/leading-for-good#/,pending,0,0,
3526,https://www.indiegogo.com//projects/leaf-burrito-a-better-way-to-clean-up-your-yard#/,pending,0,0,
3527,https://www.indiegogo.com//projects/leangapstars#/,pending,0,0,
3528,https://www.indiegogo.com//projects/leap-gps-an-advanced-fitness-tracking-device#/,pending,0,0,
3529,https://www.indiegogo.com//projects/learn-foreign-languages-anywhere#/,pending,0,0,
3530,https://www.indiegogo.com//projects/learn-smartphone-photography#/,pending,0,0,
3531,https://www.indiegogo.com//projects/learn-tai-chi-online-ebook-project#/,pending,0,0,
3532,https://www.indiegogo.com//projects/learn-to-grow-at-the-cully-young-farmers-project#/,pending,0,0,
3533,https://www.indiegogo.com//projects/learning-differences-are-super-powers#/,pending,0,0,
3534,https://www.indiegogo.com//projects/learning-english-center-thailand#/,pending,0,0,
3535,https://www.indiegogo.com//projects/learning-journey--3#/,pending,0,0,
3536,https://www.indiegogo.com//projects/learning-our-language#/,pending,0,0,
3537,https://www.indiegogo.com//projects/learningbros-learn-teach-whatever-you-want#/,pending,0,0,
3538,https://www.indiegogo.com//projects/learnyu-automagic-chinese-course#/,pending,0,0,
3539,https://www.indiegogo.com//projects/leave-no-child-inside#/,pending,0,0,
3540,https://www.indiegogo.com//projects/leband-electric-sit-stand-desk-converter#/,pending,0,0,
3541,https://www.indiegogo.com//projects/ledesma-timepieces-stylish-timepieces-69#/,pending,0,0,
3542,https://www.indiegogo.com//projects/lee-coxhead-fundraising-appeal#/,pending,0,0,
3543,https://www.indiegogo.com//projects/lee-needs-a-haircut#/,pending,0,0,
3544,https://www.indiegogo.com//projects/lefeet-c1-most-versatile-modular-water-scooter#/,pending,0,0,
3545,https://www.indiegogo.com//projects/leg-a-manjaro-ii#/,pending,0,0,
3546,https://www.indiegogo.com//projects/legal-fees-to-expand-business-to-north-florida#/,pending,0,0,
3547,https://www.indiegogo.com//projects/legend-of-miro-a-2d-role-playing-game#/,pending,0,0,
3548,https://www.indiegogo.com//projects/legion-solar-4-permission-free-energy-storage#/,pending,0,0,
3549,https://www.indiegogo.com//projects/lejon-watch-heritage-reborn--3#/,pending,0,0,
3550,https://www.indiegogo.com//projects/lensta-kit-turn-iphone-into-a-camera-and-wear-it#/,pending,0,0,
3551,https://www.indiegogo.com//projects/leo-stations-of-activity#/,pending,0,0,
3552,https://www.indiegogo.com//projects/leoch-the-next-generation-battery-power-station#/,pending,0,0,
3553,https://www.indiegogo.com//projects/les-ateliers-de-la-serre#/,pending,0,0,
3554,https://www.indiegogo.com//projects/les-fruits-defendus#/,pending,0,0,
3555,https://www.indiegogo.com//projects/let-people-discover-the-world-through-your-eyes#/,pending,0,0,
3556,https://www.indiegogo.com//projects/let-s-art-a-conversation#/,pending,0,0,
3557,https://www.indiegogo.com//projects/let-s-bring-the-best-startup-education-from-silicon-valley-to-cologne#/,pending,0,0,
3558,https://www.indiegogo.com//projects/let-s-build-a-smart-secure-cloud-datacenter#/,pending,0,0,
3559,https://www.indiegogo.com//projects/let-s-dig-and-restore-an-ancient-egyptian-temple#/,pending,0,0,
3560,https://www.indiegogo.com//projects/let-s-empower-girls-to-marry-when-they-re-ready#/,pending,0,0,
3561,https://www.indiegogo.com//projects/let-s-get-a-new-screen#/,pending,0,0,
3562,https://www.indiegogo.com//projects/let-s-get-her-to-wi#/,pending,0,0,
3563,https://www.indiegogo.com//projects/let-s-get-leilani-to-her-ems-scholarship-class#/,pending,0,0,
3564,https://www.indiegogo.com//projects/let-s-get-to-the-root-of-poverty-in-nepal#/,pending,0,0,
3565,https://www.indiegogo.com//projects/let-s-help-ashana-go-to-college-and-study-computer-science#/,pending,0,0,
3566,https://www.indiegogo.com//projects/let-s-help-little-kids-rock#/,pending,0,0,
3567,https://www.indiegogo.com//projects/let-s-help-others-through-reflexology#/,pending,0,0,
3568,https://www.indiegogo.com//projects/let-s-help-to-orphan-and-terminally-ill-children-at-christmas#/,pending,0,0,
3569,https://www.indiegogo.com//projects/let-s-help-young-change-makers-through-art--2#/,pending,0,0,
3570,https://www.indiegogo.com//projects/let-s-make-a-miracle-happen-shaka-s-knee-replacement#/,pending,0,0,
3571,https://www.indiegogo.com//projects/let-s-play-city-mini-medina-in-egypt#/,pending,0,0,
3572,https://www.indiegogo.com//projects/let-s-save-a-life#/,pending,0,0,
3573,https://www.indiegogo.com//projects/let-s-send-these-5-college-students-to-study-abroad-in-europe#/,pending,0,0,
3574,https://www.indiegogo.com//projects/let-s-talk-safety#/,pending,0,0,
3575,https://www.indiegogo.com//projects/let-s-test-for-lyme#/,pending,0,0,
3576,https://www.indiegogo.com//projects/let-the-children-play-zimbabwe#/,pending,0,0,
3577,https://www.indiegogo.com//projects/let-the-kids-play-help-us-send-the-kids-in-fukushima-to-camp#/,pending,0,0,
3578,https://www.indiegogo.com//projects/let-us-change-the-world#/,pending,0,0,
3579,https://www.indiegogo.com//projects/let-us-help-arevik-to-continue-studies-in-vienna#/,pending,0,0,
3580,https://www.indiegogo.com//projects/letrans-world-s-most-accurate-translation-device#/,pending,0,0,
3581,https://www.indiegogo.com//projects/lets-educate-a-child#/,pending,0,0,
3582,https://www.indiegogo.com//projects/lets-go-and-build-schools#/,pending,0,0,
3583,https://www.indiegogo.com//projects/lets-help-cassie-fly-again-brazil-camp-for-2-fights#/,pending,0,0,
3584,https://www.indiegogo.com//projects/lets-take-medical-experiance-to-next-level#/,pending,0,0,
3585,https://www.indiegogo.com//projects/letsfit-our-new-customizable-sleep-sound-machine#/,pending,0,0,
3586,https://www.indiegogo.com//projects/levetop-the-autonomous-folding-drone#/,pending,0,0,
3587,https://www.indiegogo.com//projects/lfree-project-electricite-eau-potable-chez-soi#/,pending,0,0,
3588,https://www.indiegogo.com//projects/lgbt-friendly-app-development#/,pending,0,0,
3589,https://www.indiegogo.com//projects/liberation-treatment-for-debora#/,pending,0,0,
3590,https://www.indiegogo.com//projects/library-and-bookshop-for-gaza#/,pending,0,0,
3591,https://www.indiegogo.com//projects/library-summer-learning-experience-for-everyone#/,pending,0,0,
3592,https://www.indiegogo.com//projects/library-summer-reading-program-a-program-a-day#/,pending,0,0,
3593,https://www.indiegogo.com//projects/lichen-sclerosus-treatment--2#/,pending,0,0,
3594,https://www.indiegogo.com//projects/lichter-leven-online-cursus#/,pending,0,0,
3595,https://www.indiegogo.com//projects/lid-the-ultimate-folding-helmet-for-urban-riders--2#/,pending,0,0,
3596,https://www.indiegogo.com//projects/lidflush-lid-flush#/,pending,0,0,
3597,https://www.indiegogo.com//projects/life-for-lorraine#/,pending,0,0,
3598,https://www.indiegogo.com//projects/life-in-japan#/,pending,0,0,
3599,https://www.indiegogo.com//projects/life-s-edge-preventing-avoidable-deaths#/,pending,0,0,
3600,https://www.indiegogo.com//projects/life-saving-heart-surgery-for-7-poor-vietnamese#/,pending,0,0,
3601,https://www.indiegogo.com//projects/life-saving-training-for-your-local-law-enforcement-officers-police-sheriff#/,pending,0,0,
3602,https://www.indiegogo.com//projects/life-works-sponsored-by-traverse-life-center#/,pending,0,0,
3603,https://www.indiegogo.com//projects/lifeabove-call-to-action#/,pending,0,0,
3604,https://www.indiegogo.com//projects/lifecable-the-any-device-power-sharing-cable#/,pending,0,0,
3605,https://www.indiegogo.com//projects/lifeclocc-your-motivational-companion#/,pending,0,0,
3606,https://www.indiegogo.com//projects/lifepack-hustle-collection-backpack-and-shoulder#/,pending,0,0,
3607,https://www.indiegogo.com//projects/lifepack-solar-powered-anti-theft-backpack#/,pending,0,0,
3608,https://www.indiegogo.com//projects/lifepowr-a3-fastest-usb-c-pd-and-ac-power-bank#/,pending,0,0,
3609,https://www.indiegogo.com//projects/lifestraw-for-victims-of-cyclone-pam-in-vanuatu#/,pending,0,0,
3610,https://www.indiegogo.com//projects/lifewatch-world-s-first-emergency-alert-watch--2#/,pending,0,0,
3611,https://www.indiegogo.com//projects/lifezoop#/,pending,0,0,
3612,https://www.indiegogo.com//projects/lifeztyle-mobile-app#/,pending,0,0,
3613,https://www.indiegogo.com//projects/light-er-up-premium-lighters#/,pending,0,0,
3614,https://www.indiegogo.com//projects/light-for-life-the-loita-hills-maasai-project#/,pending,0,0,
3615,https://www.indiegogo.com//projects/light-repel-most-portable-mosquito-repeller-ever#/,pending,0,0,
3616,https://www.indiegogo.com//projects/light-up-the-world--5#/,pending,0,0,
3617,https://www.indiegogo.com//projects/lightr-2#/,pending,0,0,
3618,https://www.indiegogo.com//projects/lightr-super-small-smart-charger#/,pending,0,0,
3619,https://www.indiegogo.com//projects/lighwheel-active-bike-side-lighting#/,pending,0,0,
3620,https://www.indiegogo.com//projects/lila-needs-a-sibling#/,pending,0,0,
3621,https://www.indiegogo.com//projects/lilo-s-speech-therapy-camp#/,pending,0,0,
3622,https://www.indiegogo.com//projects/limbics-by-dr-thalie#/,pending,0,0,
3623,https://www.indiegogo.com//projects/limitless-school-of-dance-remodel-and-expansion#/,pending,0,0,
3624,https://www.indiegogo.com//projects/linbell-wireless-doorbell-requires-no-battery#/,pending,0,0,
3625,https://www.indiegogo.com//projects/linda-sales-fundraiser#/,pending,0,0,
3626,https://www.indiegogo.com//projects/linedock#/,pending,0,0,
3627,https://www.indiegogo.com//projects/link-up-marysville#/,pending,0,0,
3628,https://www.indiegogo.com//projects/linky-the-foldable-electric-longboard#/,pending,0,0,
3629,https://www.indiegogo.com//projects/lioncooler-pro-battery-solar-powered-freezer#/,pending,0,0,
3630,https://www.indiegogo.com//projects/lioncooler-the-smartest-portable-solar-freezer--3#/,pending,0,0,
3631,https://www.indiegogo.com//projects/lionpaw#/,pending,0,0,
3632,https://www.indiegogo.com//projects/liposuktion-bei-lipoedem-in-armen-und-beinen#/,pending,0,0,
3633,https://www.indiegogo.com//projects/liquid-sapphire-scratch-resistant-touch-screens#/,pending,0,0,
3634,https://www.indiegogo.com//projects/liquid-screen-shield-future-of-screen-protectors#/,pending,0,0,
3635,https://www.indiegogo.com//projects/liquid-titanium-far-infrared-therapy-clothing#/,pending,0,0,
3636,https://www.indiegogo.com//projects/lisa-needs-your-help-to-pay-her-medical-bills-from-kidney-failure-and-more#/,pending,0,0,
3637,https://www.indiegogo.com//projects/lisa-to-serve-in-slovakia#/,pending,0,0,
3638,https://www.indiegogo.com//projects/listen-learn-teach-get-perks-for-you-help-jnxyz-go-all-the-way-to-the-usa#/,pending,0,0,
3639,https://www.indiegogo.com//projects/lit-schools-bring-diversity-to-the-bookshelf--2#/,pending,0,0,
3640,https://www.indiegogo.com//projects/lite-nite-light-fully-funded-on-kickstarter#/,pending,0,0,
3641,https://www.indiegogo.com//projects/litegear-smartbags-power-security-you-need-now#/,pending,0,0,
3642,https://www.indiegogo.com//projects/literary-analysis-of-harry-potter-x-term-2015#/,pending,0,0,
3643,https://www.indiegogo.com//projects/literary-lamentations-a-full-length-play#/,pending,0,0,
3644,https://www.indiegogo.com//projects/litheli-electric-utility-wagon-with-power-bank#/,pending,0,0,
3645,https://www.indiegogo.com//projects/lithium-polymer-usb-rechargeable-smart-batteries#/,pending,0,0,
3646,https://www.indiegogo.com//projects/lithiumcard-pro-world-s-fastest-phone-charger#/,pending,0,0,
3647,https://www.indiegogo.com//projects/litro-de-luz-movil#/,pending,0,0,
3648,https://www.indiegogo.com//projects/little-ethan#/,pending,0,0,
3649,https://www.indiegogo.com//projects/little-lady-coffee#/,pending,0,0,
3650,https://www.indiegogo.com//projects/little-leaf#/,pending,0,0,
3651,https://www.indiegogo.com//projects/little-maisha-little-clothes-changing-lives#/,pending,0,0,
3652,https://www.indiegogo.com//projects/little-opera-cast-party#/,pending,0,0,
3653,https://www.indiegogo.com//projects/little-rhory#/,pending,0,0,
3654,https://www.indiegogo.com//projects/little-rural-library-big-growing-pains#/,pending,0,0,
3655,https://www.indiegogo.com//projects/little-tommy-morris#/,pending,0,0,
3656,https://www.indiegogo.com//projects/liv-for-golf#/,pending,0,0,
3657,https://www.indiegogo.com//projects/liv-for-golf-continued#/,pending,0,0,
3658,https://www.indiegogo.com//projects/live-healthy-intl#/,pending,0,0,
3659,https://www.indiegogo.com//projects/live-longer-live-healthier-with-the-award-winning-eta-team#/,pending,0,0,
3660,https://www.indiegogo.com//projects/livestream-freeyoga#/,pending,0,0,
3661,https://www.indiegogo.com//projects/living-life-fighting-pvt-ph-lachy-s-journey#/,pending,0,0,
3662,https://www.indiegogo.com//projects/living-permaculture-propagating-good-living-in-the-valley-and-beyond#/,pending,0,0,
3663,https://www.indiegogo.com//projects/liz-the-smartest-self-cleaning-bottle#/,pending,0,0,
3664,https://www.indiegogo.com//projects/llama-hiking-in-colorado#/,pending,0,0,
3665,https://www.indiegogo.com//projects/lledaenu-r-neges-spreading-the-word--2#/,pending,0,0,
3666,https://www.indiegogo.com//projects/loans-across-borders-microfinance-project#/,pending,0,0,
3667,https://www.indiegogo.com//projects/local-waste-less-grocer-that-gives-back#/,pending,0,0,
3668,https://www.indiegogo.com//projects/localjob-facilitates-finding-local-professionals#/,pending,0,0,
3669,https://www.indiegogo.com//projects/locio#/,pending,0,0,
3670,https://www.indiegogo.com//projects/lockbook-own-a-personalized-notebook#/,pending,0,0,
3671,https://www.indiegogo.com//projects/lockheed-martin-boeing-f-22-raptor#/,pending,0,0,
3672,https://www.indiegogo.com//projects/loctote-cinch-pack-world-s-most-secure-backpack#/,pending,0,0,
3673,https://www.indiegogo.com//projects/lofree-poison-nostalgic-powerful-wireless-speaker#/,pending,0,0,
3674,https://www.indiegogo.com//projects/lojel-the-lightest-hard-case-carry-on-luggage#/,pending,0,0,
3675,https://www.indiegogo.com//projects/london-calais-migrant-support-convoy#/,pending,0,0,
3676,https://www.indiegogo.com//projects/london-international-youth-science-forum-liysf#/,pending,0,0,
3677,https://www.indiegogo.com//projects/london-to-brighton-2012#/,pending,0,0,
3678,https://www.indiegogo.com//projects/lone-oak-farm-herberie#/,pending,0,0,
3679,https://www.indiegogo.com//projects/lone-wolf-super-sale-get-issue-1-and-legends#/,pending,0,0,
3680,https://www.indiegogo.com//projects/lonestar-heart-of-the-hero--3#/,pending,0,0,
3681,https://www.indiegogo.com//projects/lonestar-soul-of-the-soldier#/,pending,0,0,
3682,https://www.indiegogo.com//projects/longlive-health-is-new-wealth#/,pending,0,0,
3683,https://www.indiegogo.com//projects/look-good-feel-good-play-golf#/,pending,0,0,
3684,https://www.indiegogo.com//projects/lookout-charger-the-undetectable-security-camera#/,pending,0,0,
3685,https://www.indiegogo.com//projects/loot-it#/,pending,0,0,
3686,https://www.indiegogo.com//projects/loqoqoon-handmade-luxury-silk-scarfs#/,pending,0,0,
3687,https://www.indiegogo.com//projects/loresum-ls02-the-mechanical-golden-ratio-watch#/,pending,0,0,
3688,https://www.indiegogo.com//projects/lost-city-of-the-giants-documentary#/,pending,0,0,
3689,https://www.indiegogo.com//projects/lotmaxx-sc-10-shark-3-in-1-3d-printer#/,pending,0,0,
3690,https://www.indiegogo.com//projects/lottie-s-wheelchair-fund#/,pending,0,0,
3691,https://www.indiegogo.com//projects/lotus-project-nepal-living-the-essence-of-yoga#/,pending,0,0,
3692,https://www.indiegogo.com//projects/lotus-unilink#/,pending,0,0,
3693,https://www.indiegogo.com//projects/loudby-sound-case-for-iphone-5-and-5s#/,pending,0,0,
3694,https://www.indiegogo.com//projects/loupedeck-live-s-customizable-streaming-console#/,pending,0,0,
3695,https://www.indiegogo.com//projects/love-and-serve-haiti#/,pending,0,0,
3696,https://www.indiegogo.com//projects/love-does-not-equal-hurt#/,pending,0,0,
3697,https://www.indiegogo.com//projects/love-football-plant-gardens#/,pending,0,0,
3698,https://www.indiegogo.com//projects/love-nudes-melanin-skin-tone-bras-panties#/,pending,0,0,
3699,https://www.indiegogo.com//projects/love-spray-a-great-erection-spray#/,pending,0,0,
3700,https://www.indiegogo.com//projects/lovenow-crystal-bracelets#/,pending,0,0,
3701,https://www.indiegogo.com//projects/lower-your-cancer-risk-with-protein-intake-tracker#/,pending,0,0,
3702,https://www.indiegogo.com//projects/lubrano-on-the-road#/,pending,0,0,
3703,https://www.indiegogo.com//projects/luci-immers-most-lightweight-immersive-hmd#/,pending,0,0,
3704,https://www.indiegogo.com//projects/lucid-one-ai-visual-planning-7-axis-robot-arm#/,pending,0,0,
3705,https://www.indiegogo.com//projects/lucis-2-1-wireless-bamboo-moodlamp-powerbank#/,pending,0,0,
3706,https://www.indiegogo.com//projects/luciscan#/,pending,0,0,
3707,https://www.indiegogo.com//projects/luft-duo-air-purified-down-to-the-molecule#/,pending,0,0,
3708,https://www.indiegogo.com//projects/luji-s-chocolate-made-with-farmers-in-west-africa#/,pending,0,0,
3709,https://www.indiegogo.com//projects/lumbricus-project#/,pending,0,0,
3710,https://www.indiegogo.com//projects/lumenaire-led-lumenaire-duo-led-panels#/,pending,0,0,
3711,https://www.indiegogo.com//projects/lumenator-laser-lumenator#/,pending,0,0,
3712,https://www.indiegogo.com//projects/lumid-iota-a-reliable-portable-interactive-desk#/,pending,0,0,
3713,https://www.indiegogo.com//projects/lumidiet-a-smart-wearable-diet-belt--2#/,pending,0,0,
3714,https://www.indiegogo.com//projects/lumiere-automated-essential-oil-diffuser#/,pending,0,0,
3715,https://www.indiegogo.com//projects/luminette-3-world-s-1-light-therapy-glasses#/,pending,0,0,
3716,https://www.indiegogo.com//projects/lumio-the-incredible-uv-self-cleaning-toothbrush#/,pending,0,0,
3717,https://www.indiegogo.com//projects/luna-a-360-camera-for-everyone#/,pending,0,0,
3718,https://www.indiegogo.com//projects/luna-tiny-titanium-flashlight#/,pending,0,0,
3719,https://www.indiegogo.com//projects/lunar-01-fully-customizable-mechanical-keyboard#/,pending,0,0,
3720,https://www.indiegogo.com//projects/lunch-scholarship-program#/,pending,0,0,
3721,https://www.indiegogo.com//projects/lung-a-palooza#/,pending,0,0,
3722,https://www.indiegogo.com//projects/lung-cancer-only-20-years-and-needs-help#/,pending,0,0,
3723,https://www.indiegogo.com//projects/lung-transplant-for-cc-wood#/,pending,0,0,
3724,https://www.indiegogo.com//projects/luxe-library-timmins#/,pending,0,0,
3725,https://www.indiegogo.com//projects/luxury-eyewear-with-smart-lenses-lance-glasses#/,pending,0,0,
3726,https://www.indiegogo.com//projects/luxury-fleur-de-lis-bracelets-by-yamil-jewelry#/,pending,0,0,
3727,https://www.indiegogo.com//projects/luxury-lingerie-in-small-band-large-cup-sizes#/,pending,0,0,
3728,https://www.indiegogo.com//projects/lwr-smile-creators-creating-new-smiles#/,pending,0,0,
3729,https://www.indiegogo.com//projects/lyfieeye200-world-s-first-360-vr-ar-camera#/,pending,0,0,
3730,https://www.indiegogo.com//projects/lymphatic-body-cleanse-bath-device-saves-skin#/,pending,0,0,
3731,https://www.indiegogo.com//projects/lynne-miller#/,pending,0,0,
3732,https://www.indiegogo.com//projects/lyric-foundation-arts-for-autism-education#/,pending,0,0,
3733,https://www.indiegogo.com//projects/lytpak-redefining-backpacks#/,pending,0,0,
3734,https://www.indiegogo.com//projects/m-button#/,pending,0,0,
3735,https://www.indiegogo.com//projects/m2-hive-world-s-most-powerful-mesh-wi-fi-router#/,pending,0,0,
3736,https://www.indiegogo.com//projects/m3lanyn-relaunch#/,pending,0,0,
3737,https://www.indiegogo.com//projects/maasai-medical-mission#/,pending,0,0,
3738,https://www.indiegogo.com//projects/maat-1-0-legging-transform-your-workout#/,pending,0,0,
3739,https://www.indiegogo.com//projects/maberme#/,pending,0,0,
3740,https://www.indiegogo.com//projects/maccabaeus-the-graphic-novel#/,pending,0,0,
3741,https://www.indiegogo.com//projects/maco-magnetic-cable-organiser#/,pending,0,0,
3742,https://www.indiegogo.com//projects/macquarie-university-igem-2017#/,pending,0,0,
3743,https://www.indiegogo.com//projects/mad-gaze-smartest-watch-with-gesture-controls#/,pending,0,0,
3744,https://www.indiegogo.com//projects/madalena-needs-a-wheelchair-asap#/,pending,0,0,
3745,https://www.indiegogo.com//projects/made-custom-made-to-measure-shell-jacket#/,pending,0,0,
3746,https://www.indiegogo.com//projects/magbull-the-only-charging-cable-you-should-own#/,pending,0,0,
3747,https://www.indiegogo.com//projects/magcon-the-most-versatile-and-portable-design-tool#/,pending,0,0,
3748,https://www.indiegogo.com//projects/mageasy-hybrid-workstation-magnetic-organizing-kit#/,pending,0,0,
3749,https://www.indiegogo.com//projects/magflott-ipad-magnetic-stand-and-6-curved-usb-c#/,pending,0,0,
3750,https://www.indiegogo.com//projects/maghen-s-campaign-climbing-my-own-banyan-tree#/,pending,0,0,
3751,https://www.indiegogo.com//projects/magic-coin-pouch#/,pending,0,0,
3752,https://www.indiegogo.com//projects/magic-society-socks#/,pending,0,0,
3753,https://www.indiegogo.com//projects/magicians-without-borders-in-india#/,pending,0,0,
3754,https://www.indiegogo.com//projects/magickey-perfect-password-management-on-your-smartphone#/,pending,0,0,
3755,https://www.indiegogo.com//projects/magilight-creativity-without-boundaries#/,pending,0,0,
3756,https://www.indiegogo.com//projects/magistrula-com-online-latin-language-learning#/,pending,0,0,
3757,https://www.indiegogo.com//projects/magixcan-imagine-computers-10x-faster-100x-more#/,pending,0,0,
3758,https://www.indiegogo.com//projects/magnabottle#/,pending,0,0,
3759,https://www.indiegogo.com//projects/magnetic-therapy-fundraising-blitz#/,pending,0,0,
3760,https://www.indiegogo.com//projects/magnetic-water-structuring-conditioner#/,pending,0,0,
3761,https://www.indiegogo.com//projects/magnified-solar-energy-generator#/,pending,0,0,
3762,https://www.indiegogo.com//projects/magnum-folding-sunglasses-that-filter-your-world#/,pending,0,0,
3763,https://www.indiegogo.com//projects/magqi-the-best-magnetic-wireless-power-bank#/,pending,0,0,
3764,https://www.indiegogo.com//projects/magqi-world-s-first-rgb-fast-wireless-charger#/,pending,0,0,
3765,https://www.indiegogo.com//projects/magsix-the-world-s-small-magnetic-super-charger#/,pending,0,0,
3766,https://www.indiegogo.com//projects/magtap-bottle-cap-opener#/,pending,0,0,
3767,https://www.indiegogo.com//projects/mail-beacon-make-your-mailbox-smart#/,pending,0,0,
3768,https://www.indiegogo.com//projects/maintain-motion#/,pending,0,0,
3769,https://www.indiegogo.com//projects/majesticbeds-maximize-the-power-of-sleep#/,pending,0,0,
3770,https://www.indiegogo.com//projects/major-moves-athletics--2#/,pending,0,0,
3771,https://www.indiegogo.com//projects/make-a-difference-in-doti#/,pending,0,0,
3772,https://www.indiegogo.com//projects/make-a-memory-for-a-family#/,pending,0,0,
3773,https://www.indiegogo.com//projects/make-a-wish-300-mile-bike-trip#/,pending,0,0,
3774,https://www.indiegogo.com//projects/make-believe-chapter-510-s-writing-center-poetry-youth#/,pending,0,0,
3775,https://www.indiegogo.com//projects/make-it-private#/,pending,0,0,
3776,https://www.indiegogo.com//projects/make-lehigh-valley-laser-cutter--2#/,pending,0,0,
3777,https://www.indiegogo.com//projects/make-me-go-bald-for-zimbabwean-orphans#/,pending,0,0,
3778,https://www.indiegogo.com//projects/make-our-break#/,pending,0,0,
3779,https://www.indiegogo.com//projects/make-peace#/,pending,0,0,
3780,https://www.indiegogo.com//projects/make-the-healthy-choice-the-easy-choice-for-kids#/,pending,0,0,
3781,https://www.indiegogo.com//projects/make-the-ipod-touch-into-a-phone#/,pending,0,0,
3782,https://www.indiegogo.com//projects/make-your-own-pocket-knife-kits#/,pending,0,0,
3783,https://www.indiegogo.com//projects/maker-auto-rickshaw#/,pending,0,0,
3784,https://www.indiegogo.com//projects/makerbot-3d-printer-ppld-library-21c#/,pending,0,0,
3785,https://www.indiegogo.com//projects/makerphone-an-educational-diy-mobile-phone#/,pending,0,0,
3786,https://www.indiegogo.com//projects/makerspace-steam-wagon#/,pending,0,0,
3787,https://www.indiegogo.com//projects/maketronix-alarm-diy-raspberry-pi-alarm-education#/,pending,0,0,
3788,https://www.indiegogo.com//projects/making-a-difference--462#/,pending,0,0,
3789,https://www.indiegogo.com//projects/making-a-difference-for-matt#/,pending,0,0,
3790,https://www.indiegogo.com//projects/making-children-happy-in-afghanistan#/,pending,0,0,
3791,https://www.indiegogo.com//projects/making-death-beautiful-my-soul-midwife-training#/,pending,0,0,
3792,https://www.indiegogo.com//projects/malala-s-dream#/,pending,0,0,
3793,https://www.indiegogo.com//projects/malaria-prevention-in-nigeria#/,pending,0,0,
3794,https://www.indiegogo.com//projects/malaria-vaccine-robot-robot-vs-mosquito-sanaria-sporobot#/,pending,0,0,
3795,https://www.indiegogo.com//projects/malawi-indoor-gardening-just-got-real#/,pending,0,0,
3796,https://www.indiegogo.com//projects/mama-tits-saves-the-world#/,pending,0,0,
3797,https://www.indiegogo.com//projects/mamaki-wellness-in-a-cup#/,pending,0,0,
3798,https://www.indiegogo.com//projects/mamma-had-a-stroke#/,pending,0,0,
3799,https://www.indiegogo.com//projects/mamme-in-bici-bike-moms#/,pending,0,0,
3800,https://www.indiegogo.com//projects/mane-synergy-hair-care-that-bridges-boundaries#/,pending,0,0,
3801,https://www.indiegogo.com//projects/manetti-robots-to-2023-robocup-world-championship#/,pending,0,0,
3802,https://www.indiegogo.com//projects/manga-library-emergency-funding#/,pending,0,0,
3803,https://www.indiegogo.com//projects/mangiang-water-initiative#/,pending,0,0,
3804,https://www.indiegogo.com//projects/mango-power-super-capacity-home-backup-battery#/,pending,0,0,
3805,https://www.indiegogo.com//projects/manhattan-christian-college#/,pending,0,0,
3806,https://www.indiegogo.com//projects/manifiesto-hostelbus-the-travel-revolution--2#/,pending,0,0,
3807,https://www.indiegogo.com//projects/manta-removes-lots-of-pet-hair#/,pending,0,0,
3808,https://www.indiegogo.com//projects/many-products-suck-we-offer-alternatives-go-for-it#/,pending,0,0,
3809,https://www.indiegogo.com//projects/manyfolds-the-cardboard-furniture-system#/,pending,0,0,
3810,https://www.indiegogo.com//projects/maple-mountain-soft-coolers-that-don-t-suck#/,pending,0,0,
3811,https://www.indiegogo.com//projects/marcher-3-way-bag-sacoche-tote-backpack#/,pending,0,0,
3812,https://www.indiegogo.com//projects/marco-polo-monitoring-and-tracking-system#/,pending,0,0,
3813,https://www.indiegogo.com//projects/margo-mobile#/,pending,0,0,
3814,https://www.indiegogo.com//projects/maria-isabel-a-natural-warrior#/,pending,0,0,
3815,https://www.indiegogo.com//projects/maria-s-myositis-battle#/,pending,0,0,
3816,https://www.indiegogo.com//projects/marigold-restaurant-micro-bakery-in-rome#/,pending,0,0,
3817,https://www.indiegogo.com//projects/marina-diagnosed-with-a-genetic-disease-that-can-leave-her-blind#/,pending,0,0,
3818,https://www.indiegogo.com//projects/marine-conservation-education-internship#/,pending,0,0,
3819,https://www.indiegogo.com//projects/marine-corps-marathon-fundraiser#/,pending,0,0,
3820,https://www.indiegogo.com//projects/marine-jon-fit-bootcamp-2012#/,pending,0,0,
3821,https://www.indiegogo.com//projects/marino-2016--2#/,pending,0,0,
3822,https://www.indiegogo.com//projects/mario-bellatin-is-coming-to-sfsu#/,pending,0,0,
3823,https://www.indiegogo.com//projects/mark-davison-benefit#/,pending,0,0,
3824,https://www.indiegogo.com//projects/marketplace-opensource-developer-challenge#/,pending,0,0,
3825,https://www.indiegogo.com//projects/marksmith-titanium-modern-edc-permanent-marker#/,pending,0,0,
3826,https://www.indiegogo.com//projects/marnie-s-idea-mill#/,pending,0,0,
3827,https://www.indiegogo.com//projects/marquette-athletics-international-travel-fund#/,pending,0,0,
3828,https://www.indiegogo.com//projects/marriage-equality-health-care#/,pending,0,0,
3829,https://www.indiegogo.com//projects/marshallito-adoption-fund#/,pending,0,0,
3830,https://www.indiegogo.com//projects/martial-arts-gym-for-underprivileged-ugandan-youth-pledge-with-cool-rewards#/,pending,0,0,
3831,https://www.indiegogo.com//projects/martina-s-medical-fund#/,pending,0,0,
3832,https://www.indiegogo.com//projects/marvel-at-the-mystery#/,pending,0,0,
3833,https://www.indiegogo.com//projects/marvoto-z1-ultrasound-body-fat-scanner#/,pending,0,0,
3834,https://www.indiegogo.com//projects/mary-and-matt-s-honeymoon#/,pending,0,0,
3835,https://www.indiegogo.com//projects/mary-drum-needs-a-stairlift#/,pending,0,0,
3836,https://www.indiegogo.com//projects/maskincare-facial-skincare-device-behind-masks#/,pending,0,0,
3837,https://www.indiegogo.com//projects/maskirei-the-smallest-mask-sterilizer-and-dryer#/,pending,0,0,
3838,https://www.indiegogo.com//projects/mason-dreamers--2#/,pending,0,0,
3839,https://www.indiegogo.com//projects/mass-cast-app#/,pending,0,0,
3840,https://www.indiegogo.com//projects/massage-fundraiser-to-help-emily-move-back-to-portland#/,pending,0,0,
3841,https://www.indiegogo.com//projects/massage-therapist-equipment#/,pending,0,0,
3842,https://www.indiegogo.com//projects/master-any-stringed-instrument-blindfolded#/,pending,0,0,
3843,https://www.indiegogo.com//projects/master-s-degree-in-environmental-public-health#/,pending,0,0,
3844,https://www.indiegogo.com//projects/master-the-world-blind-tasting-wine-experience#/,pending,0,0,
3845,https://www.indiegogo.com//projects/mate-the-coolest-ebike-ever#/,pending,0,0,
3846,https://www.indiegogo.com//projects/mate-x-moncler-genius-2020--2#/,pending,0,0,
3847,https://www.indiegogo.com//projects/mate-x-the-coolest-foldable-ebike-ever#/,pending,0,0,
3848,https://www.indiegogo.com//projects/maternity-support-survey-in-the-us-and-canada#/,pending,0,0,
3849,https://www.indiegogo.com//projects/matt-helmke-s-walk-across-the-state-of-nevada#/,pending,0,0,
3850,https://www.indiegogo.com//projects/matt-you-and-the-world-against-violence#/,pending,0,0,
3851,https://www.indiegogo.com//projects/maurice-s-kidney-transplant-fund#/,pending,0,0,
3852,https://www.indiegogo.com//projects/max-and-his-miata#/,pending,0,0,
3853,https://www.indiegogo.com//projects/max-pump-best-outdoor-tool-enjoy-your-leisure-time#/,pending,0,0,
3854,https://www.indiegogo.com//projects/maxcleavage-atomic-wow-plunge-bra#/,pending,0,0,
3855,https://www.indiegogo.com//projects/maxi-avalanche#/,pending,0,0,
3856,https://www.indiegogo.com//projects/maximal-coffee-co#/,pending,0,0,
3857,https://www.indiegogo.com//projects/maxphone-more-tablet-more-phone-more-you#/,pending,0,0,
3858,https://www.indiegogo.com//projects/maxpro-now-shipping#/,pending,0,0,
3859,https://www.indiegogo.com//projects/maxtand-2-0-relax-your-spine-refresh-your-mind--3#/,pending,0,0,
3860,https://www.indiegogo.com//projects/may-hugo-ethical-sustainable-eco-swimwear#/,pending,0,0,
3861,https://www.indiegogo.com//projects/maya-archaeology-in-2012#/,pending,0,0,
3862,https://www.indiegogo.com//projects/maya-zuvuya-agenda-2018#/,pending,0,0,
3863,https://www.indiegogo.com//projects/maybe-sunshine#/,pending,0,0,
3864,https://www.indiegogo.com//projects/mb-zip-titanium-edc-keychain-knife-multi-tool#/,pending,0,0,
3865,https://www.indiegogo.com//projects/mbarara-sports-academy-school-building-project#/,pending,0,0,
3866,https://www.indiegogo.com//projects/mc-and-aaron-for-haiti#/,pending,0,0,
3867,https://www.indiegogo.com//projects/mcc-tgh-medical-mission#/,pending,0,0,
3868,https://www.indiegogo.com//projects/mcsquares-stickies-dryerase-staticcling-stickers#/,pending,0,0,
3869,https://www.indiegogo.com//projects/mdoctor-your-personal-health-management-app#/,pending,0,0,
3870,https://www.indiegogo.com//projects/mdrill-one-noise-reduction-microphone-96khz#/,pending,0,0,
3871,https://www.indiegogo.com//projects/mean-guns-mistakes-were-made--2#/,pending,0,0,
3872,https://www.indiegogo.com//projects/mease-digital-will-of-your-memories--2#/,pending,0,0,
3873,https://www.indiegogo.com//projects/mechanical-education#/,pending,0,0,
3874,https://www.indiegogo.com//projects/medabots-new-game#/,pending,0,0,
3875,https://www.indiegogo.com//projects/meddy-teddy-the-yoga-and-mindfulness-bear#/,pending,0,0,
3876,https://www.indiegogo.com//projects/media-li2ght-entertainment-update#/,pending,0,0,
3877,https://www.indiegogo.com//projects/medialarm-s-worlds-smartest-pill-box#/,pending,0,0,
3878,https://www.indiegogo.com//projects/medical-bills--160#/,pending,0,0,
3879,https://www.indiegogo.com//projects/medical-bills--90#/,pending,0,0,
3880,https://www.indiegogo.com//projects/medical-clinic-for-colombia-s-impoverished#/,pending,0,0,
3881,https://www.indiegogo.com//projects/medical-fund-for-david-sohler#/,pending,0,0,
3882,https://www.indiegogo.com//projects/medical-herbalism-in-nicaragua#/,pending,0,0,
3883,https://www.indiegogo.com//projects/medical-leave-with-no-pay#/,pending,0,0,
3884,https://www.indiegogo.com//projects/medical-mission-trip-to-mexico#/,pending,0,0,
3885,https://www.indiegogo.com//projects/medical-missions-for-life#/,pending,0,0,
3886,https://www.indiegogo.com//projects/medical-service-trip-to-the-dominican-republic#/,pending,0,0,
3887,https://www.indiegogo.com//projects/medical-student-summer-expedition-to-the-himalayas#/,pending,0,0,
3888,https://www.indiegogo.com//projects/medical-supplies-for-grenada#/,pending,0,0,
3889,https://www.indiegogo.com//projects/medical-support-hip-surgury#/,pending,0,0,
3890,https://www.indiegogo.com//projects/medical-vest-for-celeste-fundraiser#/,pending,0,0,
3891,https://www.indiegogo.com//projects/medical-volunteers-to-haiti#/,pending,0,0,
3892,https://www.indiegogo.com//projects/medication-tracker-mobile-app#/,pending,0,0,
3893,https://www.indiegogo.com//projects/medsembly-connecting-the-medical-world#/,pending,0,0,
3894,https://www.indiegogo.com//projects/meeks-and-days-scripture-camp-2011#/,pending,0,0,
3895,https://www.indiegogo.com//projects/meet-bolo-the-rolling-knife#/,pending,0,0,
3896,https://www.indiegogo.com//projects/meet-foam-the-next-generation-portable-cooler#/,pending,0,0,
3897,https://www.indiegogo.com//projects/meet-marly-the-modular-self-watering-planter#/,pending,0,0,
3898,https://www.indiegogo.com//projects/meet-straffr-your-gym-and-personal-trainer-to-go#/,pending,0,0,
3899,https://www.indiegogo.com//projects/meet-the-clown-a-performance-by-riham-isaac#/,pending,0,0,
3900,https://www.indiegogo.com//projects/meet-the-kneekini-from-the-virginia-dere-company#/,pending,0,0,
3901,https://www.indiegogo.com//projects/meet-the-moonshade-xl#/,pending,0,0,
3902,https://www.indiegogo.com//projects/meet-the-tammock#/,pending,0,0,
3903,https://www.indiegogo.com//projects/meeting-potes#/,pending,0,0,
3904,https://www.indiegogo.com//projects/meg-sixgun-samurai-deal-with-the-devil#/,pending,0,0,
3905,https://www.indiegogo.com//projects/megacellcharger-mass-production#/,pending,0,0,
3906,https://www.indiegogo.com//projects/megapower-take-charge-of-your-outdoor-adventures#/,pending,0,0,
3907,https://www.indiegogo.com//projects/megaverse-the-first-modular-anti-gravity-case#/,pending,0,0,
3908,https://www.indiegogo.com//projects/mego-4v-24v-portable-power-supply-for-makers#/,pending,0,0,
3909,https://www.indiegogo.com//projects/mejuba-com-worlds-best-file-sharing-site-and-application#/,pending,0,0,
3910,https://www.indiegogo.com//projects/mel-needs-water#/,pending,0,0,
3911,https://www.indiegogo.com//projects/melissa-s-smile#/,pending,0,0,
3912,https://www.indiegogo.com//projects/memoir-class-ecourse#/,pending,0,0,
3913,https://www.indiegogo.com//projects/memonote-the-smartest-lockable-notebook#/,pending,0,0,
3914,https://www.indiegogo.com//projects/memorial-scholarship-for-suzanne-abele#/,pending,0,0,
3915,https://www.indiegogo.com//projects/memory-decompression#/,pending,0,0,
3916,https://www.indiegogo.com//projects/memphis-children-s-theatre-festival#/,pending,0,0,
3917,https://www.indiegogo.com//projects/menacing-fog-a-hard-cider-naturally-crafted#/,pending,0,0,
3918,https://www.indiegogo.com//projects/mendi-real-brain-training-anytime-anywhere--2#/,pending,0,0,
3919,https://www.indiegogo.com//projects/meningitis-30-weeks-pregnant-if-you-can-spare#/,pending,0,0,
3920,https://www.indiegogo.com//projects/mens-discount-please-help-support-army-vet#/,pending,0,0,
3921,https://www.indiegogo.com//projects/mens-jeans-by-and-i#/,pending,0,0,
3922,https://www.indiegogo.com//projects/mental-aid-for-tsunami-victims#/,pending,0,0,
3923,https://www.indiegogo.com//projects/mental-health-awareness--79#/,pending,0,0,
3924,https://www.indiegogo.com//projects/mental-potluck-an-odd-musical-comedy-by-gaia-youth#/,pending,0,0,
3925,https://www.indiegogo.com//projects/mentech-xe1-smartwatch-for-adventurers-athletes#/,pending,0,0,
3926,https://www.indiegogo.com//projects/merino-tech-organic-merino-wool-t-shirt#/,pending,0,0,
3927,https://www.indiegogo.com//projects/merrac-space-pro-the-most-portable-power-station#/,pending,0,0,
3928,https://www.indiegogo.com//projects/merry-xmas-for-mcrae-gaines-teachers-staff#/,pending,0,0,
3929,https://www.indiegogo.com//projects/mesay-2-0-the-ultimate-two-way-ai-translator#/,pending,0,0,
3930,https://www.indiegogo.com//projects/messagease-touch-screen-keyboard-of-the-future#/,pending,0,0,
3931,https://www.indiegogo.com//projects/messaging-application-by-tor-for-smartphone#/,pending,0,0,
3932,https://www.indiegogo.com//projects/messed-comics-season-2-don-t-forget-to-flush#/,pending,0,0,
3933,https://www.indiegogo.com//projects/metaflex-therapy-glove-get-a-grip-on-your-health#/,pending,0,0,
3934,https://www.indiegogo.com//projects/metal-to-change-the-world#/,pending,0,0,
3935,https://www.indiegogo.com//projects/metamorphosis-travel-travel-transform-the-mind#/,pending,0,0,
3936,https://www.indiegogo.com//projects/metastand-pro-ultra-thin-foldable-laptop-stand#/,pending,0,0,
3937,https://www.indiegogo.com//projects/metazoa-an-indie-cyberpunk-comic#/,pending,0,0,
3938,https://www.indiegogo.com//projects/metmo-grip-the-world-s-most-satisfying-grip--2#/,pending,0,0,
3939,https://www.indiegogo.com//projects/mh370-is-missing-with-239-people-on-board-help-the-families-find-the-truth#/,pending,0,0,
3940,https://www.indiegogo.com//projects/mi-primer-festival-my-first-festival#/,pending,0,0,
3941,https://www.indiegogo.com//projects/mi-world-supercharge-all-your-devices-while-aving-on-storage-and-data-transfer#/,pending,0,0,
3942,https://www.indiegogo.com//projects/mia-s-national-archery-tournament#/,pending,0,0,
3943,https://www.indiegogo.com//projects/michelle-s-mission-trip-to-nicaragua#/,pending,0,0,
3944,https://www.indiegogo.com//projects/michigan-quidditch-is-headed-to-the-world-cup-with-your-help#/,pending,0,0,
3945,https://www.indiegogo.com//projects/michigan-second-amendment-legal-defense-fund#/,pending,0,0,
3946,https://www.indiegogo.com//projects/micro-drone-3-0-flight-in-the-palm-of-your-hand#/,pending,0,0,
3947,https://www.indiegogo.com//projects/micro-traveler-kit-7-in-1-organizer#/,pending,0,0,
3948,https://www.indiegogo.com//projects/micro-world-s-smallest-universal-travel-adapter#/,pending,0,0,
3949,https://www.indiegogo.com//projects/microdermal-nipple-reconstruction-implant#/,pending,0,0,
3950,https://www.indiegogo.com//projects/microscope-expands-support-our-new-film-video-sound-performance-series#/,pending,0,0,
3951,https://www.indiegogo.com//projects/midnight-poutine-at-burning-man-2018#/,pending,0,0,
3952,https://www.indiegogo.com//projects/midnight-poutine-at-lakes-of-fire-2016#/,pending,0,0,
3953,https://www.indiegogo.com//projects/migeran-write-ios-apps-in-java#/,pending,0,0,
3954,https://www.indiegogo.com//projects/mighty-grips#/,pending,0,0,
3955,https://www.indiegogo.com//projects/mighty-league-autism-story-app#/,pending,0,0,
3956,https://www.indiegogo.com//projects/mighty-spotify-without-your-phone#/,pending,0,0,
3957,https://www.indiegogo.com//projects/migrant-cinema-expo--2#/,pending,0,0,
3958,https://www.indiegogo.com//projects/mihai-needs-urgent-help-cancer-at-13-is-unfair#/,pending,0,0,
3959,https://www.indiegogo.com//projects/miigle-the-ai-app-that-helps-you-shop-ethically#/,pending,0,0,
3960,https://www.indiegogo.com//projects/miizer-usb-c-hub-wireless-charging-for-apple#/,pending,0,0,
3961,https://www.indiegogo.com//projects/miles-mini-performance-electric-skateboard#/,pending,0,0,
3962,https://www.indiegogo.com//projects/milk-for-morgan-school#/,pending,0,0,
3963,https://www.indiegogo.com//projects/millersville-quidditch#/,pending,0,0,
3964,https://www.indiegogo.com//projects/million-mask-march-transport-squad#/,pending,0,0,
3965,https://www.indiegogo.com//projects/millright-cnc-mega-v-router-and-plasma-system#/,pending,0,0,
3966,https://www.indiegogo.com//projects/mind-fitness-twelve-weeks-to-freedom#/,pending,0,0,
3967,https://www.indiegogo.com//projects/mind-mentor--2#/,pending,0,0,
3968,https://www.indiegogo.com//projects/mindfield-s-socks-for-hope-christmas-drive#/,pending,0,0,
3969,https://www.indiegogo.com//projects/mindfully-crafted-jewelry-to-inform-and-inspire#/,pending,0,0,
3970,https://www.indiegogo.com//projects/minds-matter-empowering-learners-parents-and-teachers#/,pending,0,0,
3971,https://www.indiegogo.com//projects/mini-pupper-open-source-ros-robot-dog-kit#/,pending,0,0,
3972,https://www.indiegogo.com//projects/minim#/,pending,0,0,
3973,https://www.indiegogo.com//projects/minnesota-internship-center-senior-college-fair#/,pending,0,0,
3974,https://www.indiegogo.com//projects/mipow-4x-faster-charging-and-portable-power-bank#/,pending,0,0,
3975,https://www.indiegogo.com//projects/mira-the-chic-bike-bag#/,pending,0,0,
3976,https://www.indiegogo.com//projects/miracle-catcher#/,pending,0,0,
3977,https://www.indiegogo.com//projects/miracle-on-beech-street-long-beach-ny#/,pending,0,0,
3978,https://www.indiegogo.com//projects/miracle-prayer-mat-for-children-buy-one-give-one#/,pending,0,0,
3979,https://www.indiegogo.com//projects/miss-ross-life-coach-certification#/,pending,0,0,
3980,https://www.indiegogo.com//projects/miss-tangles-first-customizable-detangling-brush#/,pending,0,0,
3981,https://www.indiegogo.com//projects/mission-congo-2#/,pending,0,0,
3982,https://www.indiegogo.com//projects/mission-japan#/,pending,0,0,
3983,https://www.indiegogo.com//projects/mission-kenya--2#/,pending,0,0,
3984,https://www.indiegogo.com//projects/mission-nicaragua-2014#/,pending,0,0,
3985,https://www.indiegogo.com//projects/mission-physics-peer-to-peer-teaching-competition#/,pending,0,0,
3986,https://www.indiegogo.com//projects/mission-plastic-free-nature#/,pending,0,0,
3987,https://www.indiegogo.com//projects/mission-trip-nicaragua-2013--2#/,pending,0,0,
3988,https://www.indiegogo.com//projects/mission-trip-to-ireland#/,pending,0,0,
3989,https://www.indiegogo.com//projects/mission-trip-to-kenya#/,pending,0,0,
3990,https://www.indiegogo.com//projects/missionary-training-school#/,pending,0,0,
3991,https://www.indiegogo.com//projects/missions-trip-to-india--3#/,pending,0,0,
3992,https://www.indiegogo.com//projects/missions-trip-to-nicaragua#/,pending,0,0,
3993,https://www.indiegogo.com//projects/missouri-state-university-men-s-lacrosse#/,pending,0,0,
3994,https://www.indiegogo.com//projects/mistbox-save-energy-cut-ac-bills-by-30-percent#/,pending,0,0,
3995,https://www.indiegogo.com//projects/misty-easler-100-pound-rebirth#/,pending,0,0,
3996,https://www.indiegogo.com//projects/mitch-bacon-therapyurt-not-a-portlandia-episode#/,pending,0,0,
3997,https://www.indiegogo.com//projects/mito-solar-powered-smart-water-bottles#/,pending,0,0,
3998,https://www.indiegogo.com//projects/mix-it-up-bloody-mary-mixes#/,pending,0,0,
3999,https://www.indiegogo.com//projects/mixed-martial-apes-the-legend-of-chimpis-champ#/,pending,0,0,
4000,https://www.indiegogo.com//projects/mjoose-more-bars-in-more-places-2x-battery-life#/,pending,0,0,
4001,https://www.indiegogo.com//projects/mk9-chef-built-for-the-man-who-loves-to-cook#/,pending,0,0,
4002,https://www.indiegogo.com//projects/mm2plus-wallet-semi-minimalist-wallet-set#/,pending,0,0,
4003,https://www.indiegogo.com//projects/mo-state-student-affairs-cancer-foundation#/,pending,0,0,
4004,https://www.indiegogo.com//projects/mobile-health-services-for-underprivileged#/,pending,0,0,
4005,https://www.indiegogo.com//projects/mobile-math-assistant-il-calculus#/,pending,0,0,
4006,https://www.indiegogo.com//projects/mobile-medical-screening-tests#/,pending,0,0,
4007,https://www.indiegogo.com//projects/mobile-power-for-crisis-mappers#/,pending,0,0,
4008,https://www.indiegogo.com//projects/mobile-source-code-marketplace#/,pending,0,0,
4009,https://www.indiegogo.com//projects/mobile-wood-case#/,pending,0,0,
4010,https://www.indiegogo.com//projects/mobilemount-suction-cup-mount-and-kickstand-for-phones-tablets#/,pending,0,0,
4011,https://www.indiegogo.com//projects/mobiletising-the-future-of-mobile-advertising--2#/,pending,0,0,
4012,https://www.indiegogo.com//projects/mobiscribe-the-e-ink-notepad#/,pending,0,0,
4013,https://www.indiegogo.com//projects/moboster-world-s-first-robot-transport-for-all#/,pending,0,0,
4014,https://www.indiegogo.com//projects/moby-a-technology-toolkit-to-improve-healthcare#/,pending,0,0,
4015,https://www.indiegogo.com//projects/modadivan-electric-memory-foam-sleeper-sofa#/,pending,0,0,
4016,https://www.indiegogo.com//projects/modoo-the-smallest-pregnancy-wearable-device#/,pending,0,0,
4017,https://www.indiegogo.com//projects/modular-computerized-hydroponic-system#/,pending,0,0,
4018,https://www.indiegogo.com//projects/modular-mask-adjustable-antimicrobial-face-mask#/,pending,0,0,
4019,https://www.indiegogo.com//projects/modular-raspberry-pi-expansion-case-and-accessory#/,pending,0,0,
4020,https://www.indiegogo.com//projects/modulator-a-digital-walkie-talkie-moto-mod#/,pending,0,0,
4021,https://www.indiegogo.com//projects/moduware-travelpack#/,pending,0,0,
4022,https://www.indiegogo.com//projects/mofin-the-best-gravity-wireless-phone-charger#/,pending,0,0,
4023,https://www.indiegogo.com//projects/mofit-the-most-flattering-shirt#/,pending,0,0,
4024,https://www.indiegogo.com//projects/moft-world-s-first-invisible-laptop-stand#/,pending,0,0,
4025,https://www.indiegogo.com//projects/mofu-award-winning-puzzle-toy#/,pending,0,0,
4026,https://www.indiegogo.com//projects/mogadishu-public-library#/,pending,0,0,
4027,https://www.indiegogo.com//projects/moggie-the-smart-wearable-device-for-cats#/,pending,0,0,
4028,https://www.indiegogo.com//projects/moji-mirror-share-your-feelings-in-real-life#/,pending,0,0,
4029,https://www.indiegogo.com//projects/mojietu-lightning-a-smart-portable-tire-inflator#/,pending,0,0,
4030,https://www.indiegogo.com//projects/mokibo-2-in-1-touchpad-fusion-keyboard#/,pending,0,0,
4031,https://www.indiegogo.com//projects/mom-in-distress--2#/,pending,0,0,
4032,https://www.indiegogo.com//projects/mom-s-noms#/,pending,0,0,
4033,https://www.indiegogo.com//projects/momas-teaching-life-skills-to-incarcerated-men-at-san-quentin-prison#/,pending,0,0,
4034,https://www.indiegogo.com//projects/moment-drone-the-best-foldable-4k-aerial-camera#/,pending,0,0,
4035,https://www.indiegogo.com//projects/momo-keep-the-water-running#/,pending,0,0,
4036,https://www.indiegogo.com//projects/mongol-rally-2014-the-girl-effect#/,pending,0,0,
4037,https://www.indiegogo.com//projects/mongolian-language-and-culture-summer-camp#/,pending,0,0,
4038,https://www.indiegogo.com//projects/mongolian-young-leaders-program-2017#/,pending,0,0,
4039,https://www.indiegogo.com//projects/monique-dream-game#/,pending,0,0,
4040,https://www.indiegogo.com//projects/monkey-light-automatic-our-best-bike-lights-yet#/,pending,0,0,
4041,https://www.indiegogo.com//projects/monkeyball#/,pending,0,0,
4042,https://www.indiegogo.com//projects/monolith-for-the-park-of-study-and-reflection-pravikov-czech-republic#/,pending,0,0,
4043,https://www.indiegogo.com//projects/monster-girl-invasion-rpg-adult-jrpg#/,pending,0,0,
4044,https://www.indiegogo.com//projects/monster-x-the-future-of-portable-power-stations#/,pending,0,0,
4045,https://www.indiegogo.com//projects/montando-por-educacion#/,pending,0,0,
4046,https://www.indiegogo.com//projects/montessori-model-united-nations-model-un#/,pending,0,0,
4047,https://www.indiegogo.com//projects/montessori-s-torch-peaceful-children-peaceful-world#/,pending,0,0,
4048,https://www.indiegogo.com//projects/month-long-vision-fast-training#/,pending,0,0,
4049,https://www.indiegogo.com//projects/moocplayer-get-the-most-out-of-video-courses#/,pending,0,0,
4050,https://www.indiegogo.com//projects/moon-joggers#/,pending,0,0,
4051,https://www.indiegogo.com//projects/moon-rover-tweets-from-hawaii#/,pending,0,0,
4052,https://www.indiegogo.com//projects/more-fruit-trees-please#/,pending,0,0,
4053,https://www.indiegogo.com//projects/more-than-a-bracelet-we-re-sending-a-message#/,pending,0,0,
4054,https://www.indiegogo.com//projects/more-than-wishful-thinking#/,pending,0,0,
4055,https://www.indiegogo.com//projects/morgan-s-weaving-earth-immersion-tuition#/,pending,0,0,
4056,https://www.indiegogo.com//projects/moriconi-high-quality-watches-affordable#/,pending,0,0,
4057,https://www.indiegogo.com//projects/moroccan-eco-biologics-helping-grow-hair#/,pending,0,0,
4058,https://www.indiegogo.com//projects/morpher-folding-helmet-technology#/,pending,0,0,
4059,https://www.indiegogo.com//projects/morton-s-surprise-lottery#/,pending,0,0,
4060,https://www.indiegogo.com//projects/morud-volleyball#/,pending,0,0,
4061,https://www.indiegogo.com//projects/mosquito-3d-printed-modular-customizable-drone#/,pending,0,0,
4062,https://www.indiegogo.com//projects/most-functional-duffel-bag-ever--4#/,pending,0,0,
4063,https://www.indiegogo.com//projects/most-functional-wallet-for-edc-survival-essentials#/,pending,0,0,
4064,https://www.indiegogo.com//projects/most-funtional-backpack-set-6-bags#/,pending,0,0,
4065,https://www.indiegogo.com//projects/moth-circus-community-outreach-program#/,pending,0,0,
4066,https://www.indiegogo.com//projects/mother-daughter-event-focused-on-sexual-health#/,pending,0,0,
4067,https://www.indiegogo.com//projects/mother-in-tune-launch-2#/,pending,0,0,
4068,https://www.indiegogo.com//projects/mother-s-day--13#/,pending,0,0,
4069,https://www.indiegogo.com//projects/motivational-posters-for-children#/,pending,0,0,
4070,https://www.indiegogo.com//projects/motochat-think-aloud-and-write-it-behind#/,pending,0,0,
4071,https://www.indiegogo.com//projects/motorbike-accident-in-vietnam-broke-my-leg#/,pending,0,0,
4072,https://www.indiegogo.com//projects/motorcycle-bikers-children-s-charity-in-the-philippines#/,pending,0,0,
4073,https://www.indiegogo.com//projects/motorcycle-for-a-cent#/,pending,0,0,
4074,https://www.indiegogo.com//projects/mound-westonka-deca-icdc-orlando-2015#/,pending,0,0,
4075,https://www.indiegogo.com//projects/mountain-biker-ali-zimmer-norway-or-bust#/,pending,0,0,
4076,https://www.indiegogo.com//projects/mountkarma-message-bearers-of-the-world#/,pending,0,0,
4077,https://www.indiegogo.com//projects/mouzen-world-s-most-beautiful-ergonomic-armrest#/,pending,0,0,
4078,https://www.indiegogo.com//projects/mova-the-world-s-best-cycling-jacket#/,pending,0,0,
4079,https://www.indiegogo.com//projects/move-motorize-blinds-and-shades#/,pending,0,0,
4080,https://www.indiegogo.com//projects/mover-movable-tool-for-thinking-and-organising#/,pending,0,0,
4081,https://www.indiegogo.com//projects/movie-director-educational-board-game#/,pending,0,0,
4082,https://www.indiegogo.com//projects/moving-countries#/,pending,0,0,
4083,https://www.indiegogo.com//projects/moving-to-living-and-studying-in-belgium#/,pending,0,0,
4084,https://www.indiegogo.com//projects/mp-magic-37-5-tech-merino-wool-socks-stay-warm-dry#/,pending,0,0,
4085,https://www.indiegogo.com//projects/mp-magic-socks-the-world-s-best-odorless-socks#/,pending,0,0,
4086,https://www.indiegogo.com//projects/mp-premium-experience-a-new-level-of-sock-comfort#/,pending,0,0,
4087,https://www.indiegogo.com//projects/mpopongi-primary-school#/,pending,0,0,
4088,https://www.indiegogo.com//projects/mpower-refrigeration-empowering-farmers--3#/,pending,0,0,
4089,https://www.indiegogo.com//projects/mr-adigun-s-first-classroom--40#/,pending,0,0,
4090,https://www.indiegogo.com//projects/mr-carve-m3-laser-engraver-for-all-materials#/,pending,0,0,
4091,https://www.indiegogo.com//projects/mr-rockson-s-stomach-cancer-surgery-fund#/,pending,0,0,
4092,https://www.indiegogo.com//projects/mrs-diekman-s-gift#/,pending,0,0,
4093,https://www.indiegogo.com//projects/mrz-uhd-music-server-as-the-digital-hub#/,pending,0,0,
4094,https://www.indiegogo.com//projects/ms-fit-magazine-real-world-feminist-fitness#/,pending,0,0,
4095,https://www.indiegogo.com//projects/ms-fitness-challenge#/,pending,0,0,
4096,https://www.indiegogo.com//projects/ms-joseph-s-nutty-idea#/,pending,0,0,
4097,https://www.indiegogo.com//projects/msr-international-ghana-and-haiti-summer-missions-2012#/,pending,0,0,
4098,https://www.indiegogo.com//projects/msu-students-advancing-international-development--464#/,pending,0,0,
4099,https://www.indiegogo.com//projects/mt-kilimanjaro-climb-fundraiser-for-good-hope-orphanage#/,pending,0,0,
4100,https://www.indiegogo.com//projects/mtm-the-opportunity-app-for-students#/,pending,0,0,
4101,https://www.indiegogo.com//projects/mu-tag-world-s-smallest-loss-prevention-device#/,pending,0,0,
4102,https://www.indiegogo.com//projects/muconnect-2-0-universal-magnetic-cable#/,pending,0,0,
4103,https://www.indiegogo.com//projects/muconnect-faster-safer-and-magnetic-charging#/,pending,0,0,
4104,https://www.indiegogo.com//projects/mudbuds--2#/,pending,0,0,
4105,https://www.indiegogo.com//projects/mudita-design-rocking-yoga-pants-with-a-big-heart#/,pending,0,0,
4106,https://www.indiegogo.com//projects/muggino-the-first-real-smart-mug#/,pending,0,0,
4107,https://www.indiegogo.com//projects/mujer-negra-evolution#/,pending,0,0,
4108,https://www.indiegogo.com//projects/multi-function-mp3-compatible-fitness-towel#/,pending,0,0,
4109,https://www.indiegogo.com//projects/multi-function-ssd-shield-for-the-raspberry-pi-2#/,pending,0,0,
4110,https://www.indiegogo.com//projects/multi-function-tool-watch-for-outdoor-adventures#/,pending,0,0,
4111,https://www.indiegogo.com//projects/multi-functional-modular-card-token-holding-box#/,pending,0,0,
4112,https://www.indiegogo.com//projects/multi-level-dish-rack-organizer#/,pending,0,0,
4113,https://www.indiegogo.com//projects/multiple-score-gasm-red-bull-creation-contest-entry#/,pending,0,0,
4114,https://www.indiegogo.com//projects/multiview-media-hub-combine-multi-video-sources#/,pending,0,0,
4115,https://www.indiegogo.com//projects/munogenics-g-i-f-t-project#/,pending,0,0,
4116,https://www.indiegogo.com//projects/munster-1-book-launch#/,pending,0,0,
4117,https://www.indiegogo.com//projects/murcho--2#/,pending,0,0,
4118,https://www.indiegogo.com//projects/muse-volume-one#/,pending,0,0,
4119,https://www.indiegogo.com//projects/museum-of-gaming-history-exhibit-at-the-plaza#/,pending,0,0,
4120,https://www.indiegogo.com//projects/music-and-movement-therapy-for-our-disabled-son#/,pending,0,0,
4121,https://www.indiegogo.com//projects/music-for-everyone-in-halifax-support-the-hmc#/,pending,0,0,
4122,https://www.indiegogo.com//projects/music-teachers-exchange-canada-chile#/,pending,0,0,
4123,https://www.indiegogo.com//projects/musicians-across-borders#/,pending,0,0,
4124,https://www.indiegogo.com//projects/mustafa-in-youth-initiative-program#/,pending,0,0,
4125,https://www.indiegogo.com//projects/mutu-pillow-adjustable-hygienic-ergonomic#/,pending,0,0,
4126,https://www.indiegogo.com//projects/muwi-cinematic-videos-anywhere-and-at-anytime#/,pending,0,0,
4127,https://www.indiegogo.com//projects/muze-true-to-source-hifi-stereo-bluetooth-speaker#/,pending,0,0,
4128,https://www.indiegogo.com//projects/muzo-state-of-the-art-vibration-monitoring-sys#/,pending,0,0,
4129,https://www.indiegogo.com//projects/mveslw-fst--3#/,pending,0,0,
4130,https://www.indiegogo.com//projects/my-african-queen-contest#/,pending,0,0,
4131,https://www.indiegogo.com//projects/my-baby-size-reduces-risks-costs-in-pregnancy#/,pending,0,0,
4132,https://www.indiegogo.com//projects/my-best-friend-needs-treatment-for-lyme-disease#/,pending,0,0,
4133,https://www.indiegogo.com//projects/my-dearest--2#/,pending,0,0,
4134,https://www.indiegogo.com//projects/my-degree-completion-is-in-jeopardy#/,pending,0,0,
4135,https://www.indiegogo.com//projects/my-father-s-golf-drive#/,pending,0,0,
4136,https://www.indiegogo.com//projects/my-first-official-half-marathon#/,pending,0,0,
4137,https://www.indiegogo.com//projects/my-first-startup-educational-comic-book-for-kids#/,pending,0,0,
4138,https://www.indiegogo.com//projects/my-first-vacation--5#/,pending,0,0,
4139,https://www.indiegogo.com//projects/my-greatest-play-clothing-with-a-purpose#/,pending,0,0,
4140,https://www.indiegogo.com//projects/my-healing-journey#/,pending,0,0,
4141,https://www.indiegogo.com//projects/my-health-detective-system-by-health-evolution#/,pending,0,0,
4142,https://www.indiegogo.com//projects/my-iman-montessori#/,pending,0,0,
4143,https://www.indiegogo.com//projects/my-internship-in-nepal-environment-community-development#/,pending,0,0,
4144,https://www.indiegogo.com//projects/my-journey-to-smith-college#/,pending,0,0,
4145,https://www.indiegogo.com//projects/my-london-calling#/,pending,0,0,
4146,https://www.indiegogo.com//projects/my-medical-ecard#/,pending,0,0,
4147,https://www.indiegogo.com//projects/my-medical-records-project#/,pending,0,0,
4148,https://www.indiegogo.com//projects/my-mother-s-kidney-transplant#/,pending,0,0,
4149,https://www.indiegogo.com//projects/my-musical-career--5#/,pending,0,0,
4150,https://www.indiegogo.com//projects/my-pain-turn-out-to-be-a-cyst-in-my-brain#/,pending,0,0,
4151,https://www.indiegogo.com//projects/my-participation-in-a-vona-voices-writers-workshop#/,pending,0,0,
4152,https://www.indiegogo.com//projects/my-plea-for-help#/,pending,0,0,
4153,https://www.indiegogo.com//projects/my-quest-for-fire#/,pending,0,0,
4154,https://www.indiegogo.com//projects/my-respects-app-for-facebook#/,pending,0,0,
4155,https://www.indiegogo.com//projects/my-son-has-a-dream#/,pending,0,0,
4156,https://www.indiegogo.com//projects/my-therapy-buddy#/,pending,0,0,
4157,https://www.indiegogo.com//projects/my-thesis-on-taxi-drivers#/,pending,0,0,
4158,https://www.indiegogo.com//projects/my-triathalon-for-walk-it-off-spinal-cord-recovery-and-wellness-centre#/,pending,0,0,
4159,https://www.indiegogo.com//projects/my-venture-into-pro-wrestling#/,pending,0,0,
4160,https://www.indiegogo.com//projects/my-wildhood-design-workshops-for-youth#/,pending,0,0,
4161,https://www.indiegogo.com//projects/my-wish-for-2014#/,pending,0,0,
4162,https://www.indiegogo.com//projects/my-wonderful-mother#/,pending,0,0,
4163,https://www.indiegogo.com//projects/myanmar-mission-trip#/,pending,0,0,
4164,https://www.indiegogo.com//projects/mycanoe-pop-a-portable-origami-folding-canoe#/,pending,0,0,
4165,https://www.indiegogo.com//projects/mycelium-entropy#/,pending,0,0,
4166,https://www.indiegogo.com//projects/mycincinnati-strength-community-through-music--3#/,pending,0,0,
4167,https://www.indiegogo.com//projects/mygrid-moduleone-plug-in-iot-home-battery#/,pending,0,0,
4168,https://www.indiegogo.com//projects/mylampa-com-a-social-enterprise-in-education#/,pending,0,0,
4169,https://www.indiegogo.com//projects/myle-tap-wearable-thought-catcher#/,pending,0,0,
4170,https://www.indiegogo.com//projects/myliquitab-rapidly-liquefies-pills#/,pending,0,0,
4171,https://www.indiegogo.com//projects/mymock-draft#/,pending,0,0,
4172,https://www.indiegogo.com//projects/mymory-il-tuo-viaggio#/,pending,0,0,
4173,https://www.indiegogo.com//projects/mynt-the-most-functional-smart-button-tracker#/,pending,0,0,
4174,https://www.indiegogo.com//projects/myrpg#/,pending,0,0,
4175,https://www.indiegogo.com//projects/mysat-kit-your-personal-satellite#/,pending,0,0,
4176,https://www.indiegogo.com//projects/myself-compact-portable-high-quality-self-photo#/,pending,0,0,
4177,https://www.indiegogo.com//projects/mysense-changing-lives-for-good#/,pending,0,0,
4178,https://www.indiegogo.com//projects/mysore-backbender-eco-2#/,pending,0,0,
4179,https://www.indiegogo.com//projects/mysportsshare-share-and-fund-your-sports#/,pending,0,0,
4180,https://www.indiegogo.com//projects/mysteries-of-the-placenta#/,pending,0,0,
4181,https://www.indiegogo.com//projects/mystic-river-rugby-7s-national-sweet-16#/,pending,0,0,
4182,https://www.indiegogo.com//projects/mystyle-app#/,pending,0,0,
4183,https://www.indiegogo.com//projects/mysupervisoronline-supporting-students-in-need#/,pending,0,0,
4184,https://www.indiegogo.com//projects/mywillows-sunglasses-earrings-and-necklace-in-one#/,pending,0,0,
4185,https://www.indiegogo.com//projects/n--128#/,pending,0,0,
4186,https://www.indiegogo.com//projects/n-force-comic-book#/,pending,0,0,
4187,https://www.indiegogo.com//projects/na--108#/,pending,0,0,
4188,https://www.indiegogo.com//projects/na--120#/,pending,0,0,
4189,https://www.indiegogo.com//projects/na--122#/,pending,0,0,
4190,https://www.indiegogo.com//projects/nadine-s-garden-yogacare-studio#/,pending,0,0,
4191,https://www.indiegogo.com//projects/nadta-power-of-10-campaign-2016#/,pending,0,0,
4192,https://www.indiegogo.com//projects/nairobi-dev-school#/,pending,0,0,
4193,https://www.indiegogo.com//projects/namac-s-mapping-the-media-arts-field-data-visualization-project#/,pending,0,0,
4194,https://www.indiegogo.com//projects/namaste-child#/,pending,0,0,
4195,https://www.indiegogo.com//projects/namibian-street-food-hut#/,pending,0,0,
4196,https://www.indiegogo.com//projects/namo-seat-natural-motion-bicycle-saddle-for-your-healthy-life#/,pending,0,0,
4197,https://www.indiegogo.com//projects/nana-s-manners-cutlery-designed-for-children#/,pending,0,0,
4198,https://www.indiegogo.com//projects/nanaimo-aboriginal-centre--2#/,pending,0,0,
4199,https://www.indiegogo.com//projects/nanaimo-rickshaw-run-2016#/,pending,0,0,
4200,https://www.indiegogo.com//projects/nanobag-5-0-ultralight-bags#/,pending,0,0,
4201,https://www.indiegogo.com//projects/nanocase-nanosticker#/,pending,0,0,
4202,https://www.indiegogo.com//projects/nanohold-nanosuction-for-phones-cases-tablets#/,pending,0,0,
4203,https://www.indiegogo.com//projects/nanosmart-is-a-mini-gsm-phone-bluetooth-headset-dialer-and-smartwatch#/,pending,0,0,
4204,https://www.indiegogo.com//projects/nasocalm-relieve-nasal-congestion-ems-massager#/,pending,0,0,
4205,https://www.indiegogo.com//projects/nassim-haramein-2010-v-ceskem-jazyce#/,pending,0,0,
4206,https://www.indiegogo.com//projects/natasha-willards-recovery-from-cerebellar-mutism#/,pending,0,0,
4207,https://www.indiegogo.com//projects/natede-the-amazing-smart-natural-air-purifier#/,pending,0,0,
4208,https://www.indiegogo.com//projects/national-history-day-nationals#/,pending,0,0,
4209,https://www.indiegogo.com//projects/nationwide-glyphosate-testing#/,pending,0,0,
4210,https://www.indiegogo.com//projects/native-studies-student-hoping-against-hope-for-a-miracle#/,pending,0,0,
4211,https://www.indiegogo.com//projects/native-voices-an-educational-symposium#/,pending,0,0,
4212,https://www.indiegogo.com//projects/natives-apparel-untamed-fitness-line#/,pending,0,0,
4213,https://www.indiegogo.com//projects/nativo-digital#/,pending,0,0,
4214,https://www.indiegogo.com//projects/natura-umana-human-nature#/,pending,0,0,
4215,https://www.indiegogo.com//projects/natural-harvest-cooking-show-a-collection-of-semen-based-recipes#/,pending,0,0,
4216,https://www.indiegogo.com//projects/nature-s-gift-from-korea-the-red-ginseng-serum#/,pending,0,0,
4217,https://www.indiegogo.com//projects/naucrates-ride-on-and-self-follow-smart-luggage#/,pending,0,0,
4218,https://www.indiegogo.com//projects/nautalytics-easy-to-see-magnetic-compass#/,pending,0,0,
4219,https://www.indiegogo.com//projects/nautilus-3d-printer-dlp-tech#/,pending,0,0,
4220,https://www.indiegogo.com//projects/navee-best-ergonomic-mouse-for-longterm-comfort#/,pending,0,0,
4221,https://www.indiegogo.com//projects/ncase-m1-prototype-a-mini-itx-case#/,pending,0,0,
4222,https://www.indiegogo.com//projects/neature-nut-programs-in-schools#/,pending,0,0,
4223,https://www.indiegogo.com//projects/nebi-mobi-making-cell-phone-providers-obsolete#/,pending,0,0,
4224,https://www.indiegogo.com//projects/nec-society-preemie-parent-alliance-membership#/,pending,0,0,
4225,https://www.indiegogo.com//projects/neck-pain-gone#/,pending,0,0,
4226,https://www.indiegogo.com//projects/neck-surgery--2#/,pending,0,0,
4227,https://www.indiegogo.com//projects/neckair-portable-neck-muscle-massager-and-warmer#/,pending,0,0,
4228,https://www.indiegogo.com//projects/necksaviour-mini-the-easy-neck-stretcher#/,pending,0,0,
4229,https://www.indiegogo.com//projects/necktie-jr-a-necktie-tying-tool#/,pending,0,0,
4230,https://www.indiegogo.com//projects/nect-modem-fast-secure-lte-connection-anywhere#/,pending,0,0,
4231,https://www.indiegogo.com//projects/need-a-car-to-get-tricia-to-cancer-treatments#/,pending,0,0,
4232,https://www.indiegogo.com//projects/need-help-for-my-mom-licia#/,pending,0,0,
4233,https://www.indiegogo.com//projects/needing-major-dental-work#/,pending,0,0,
4234,https://www.indiegogo.com//projects/nefarious-shoes-wickedly-stylish#/,pending,0,0,
4235,https://www.indiegogo.com//projects/negative-a-bracelet-made-with-captured-co2#/,pending,0,0,
4236,https://www.indiegogo.com//projects/neighbours-in-need#/,pending,0,0,
4237,https://www.indiegogo.com//projects/nemcall-the-smartest-watch-for-kids#/,pending,0,0,
4238,https://www.indiegogo.com//projects/neo-quotient-help-improving-lives-of-10000-kids#/,pending,0,0,
4239,https://www.indiegogo.com//projects/neo-smart-planner-2021#/,pending,0,0,
4240,https://www.indiegogo.com//projects/neomatcha-a-new-reason-to-drink-tea#/,pending,0,0,
4241,https://www.indiegogo.com//projects/neonatal-resuscitation-ayudando-a-los-bebes#/,pending,0,0,
4242,https://www.indiegogo.com//projects/neost-tripod-power-bank-uv-c-sterilizer#/,pending,0,0,
4243,https://www.indiegogo.com//projects/nepal-earthquake-charity-for-orphaned-children#/,pending,0,0,
4244,https://www.indiegogo.com//projects/nepal-earthquake-direct-help-makawanpur-area#/,pending,0,0,
4245,https://www.indiegogo.com//projects/nepal-earthquake-medical-relief-for-wounded#/,pending,0,0,
4246,https://www.indiegogo.com//projects/nepal-earthquake-provisions-for-babies-moms#/,pending,0,0,
4247,https://www.indiegogo.com//projects/nepal-earthquake-relief-drikung-buddhist-group#/,pending,0,0,
4248,https://www.indiegogo.com//projects/nepal-earthquake-relief-fund-scotland-uk#/,pending,0,0,
4249,https://www.indiegogo.com//projects/nepal-relief-10-homes-for-10-families#/,pending,0,0,
4250,https://www.indiegogo.com//projects/nepal-relief-program#/,pending,0,0,
4251,https://www.indiegogo.com//projects/nepal-s-earthquake-relief-fund--4#/,pending,0,0,
4252,https://www.indiegogo.com//projects/nepal-trauma-healing-project#/,pending,0,0,
4253,https://www.indiegogo.com//projects/nerd-out-app#/,pending,0,0,
4254,https://www.indiegogo.com//projects/net-freedom-benefitting-touch-a-life--2#/,pending,0,0,
4255,https://www.indiegogo.com//projects/nett-mvp-minimum-viable-product#/,pending,0,0,
4256,https://www.indiegogo.com//projects/neurochat#/,pending,0,0,
4257,https://www.indiegogo.com//projects/neurointelligence-for-the-rest-of-us#/,pending,0,0,
4258,https://www.indiegogo.com//projects/neuroscience-research-accelerator#/,pending,0,0,
4259,https://www.indiegogo.com//projects/never-be-alone-a-life-saving-health-tech-app#/,pending,0,0,
4260,https://www.indiegogo.com//projects/never-giving-up#/,pending,0,0,
4261,https://www.indiegogo.com//projects/never-lose-anybody-anything-anymore-with-bsure#/,pending,0,0,
4262,https://www.indiegogo.com//projects/neverlose-ski-and-snowboard-tracker-anti-theft#/,pending,0,0,
4263,https://www.indiegogo.com//projects/new-clean-energy-with-a-twist#/,pending,0,0,
4264,https://www.indiegogo.com//projects/new-crawford-adventist-academy-building-project#/,pending,0,0,
4265,https://www.indiegogo.com//projects/new-definition-of-cancer-rehab-movementheals#/,pending,0,0,
4266,https://www.indiegogo.com//projects/new-design-pancake-multirotor-bldc-for-multi-copter#/,pending,0,0,
4267,https://www.indiegogo.com//projects/new-discoveries-how-fluids-as-wind-and-water-flow#/,pending,0,0,
4268,https://www.indiegogo.com//projects/new-eye-for-mom#/,pending,0,0,
4269,https://www.indiegogo.com//projects/new-gear-for-wikipedia-commons-photographer#/,pending,0,0,
4270,https://www.indiegogo.com//projects/new-generation-application-store-nmappstore#/,pending,0,0,
4271,https://www.indiegogo.com//projects/new-generation-connect-charlie-12-in-1-charger#/,pending,0,0,
4272,https://www.indiegogo.com//projects/new-homebiogas-generation-turns-waste-into-energy#/,pending,0,0,
4273,https://www.indiegogo.com//projects/new-life-primary-school#/,pending,0,0,
4274,https://www.indiegogo.com//projects/new-orleans-ongoing-recovery-low-cost-lodging#/,pending,0,0,
4275,https://www.indiegogo.com//projects/new-pinnacle-parkour-academy-princeton-nj#/,pending,0,0,
4276,https://www.indiegogo.com//projects/new-printer-for-the-well-trained-mind-montessori#/,pending,0,0,
4277,https://www.indiegogo.com//projects/new-roof-needed-for-abused-children#/,pending,0,0,
4278,https://www.indiegogo.com//projects/new-skateboard-for-my-little-bro#/,pending,0,0,
4279,https://www.indiegogo.com//projects/new-stands-for-mike-wyatt-field#/,pending,0,0,
4280,https://www.indiegogo.com//projects/new-tampa-archery-school-location#/,pending,0,0,
4281,https://www.indiegogo.com//projects/new-therapy-for-medulloblastoma-tumor-of-children#/,pending,0,0,
4282,https://www.indiegogo.com//projects/new-weeding-tool-makes-weeding-fun#/,pending,0,0,
4283,https://www.indiegogo.com//projects/new-wheels-for-lauren#/,pending,0,0,
4284,https://www.indiegogo.com//projects/new-wheels-less-pain-for-landan-olivia#/,pending,0,0,
4285,https://www.indiegogo.com//projects/new-york-shock-exchange-shock-sudamerica-tour-2016#/,pending,0,0,
4286,https://www.indiegogo.com//projects/newgenbook-clique-for-iphone-mac-more#/,pending,0,0,
4287,https://www.indiegogo.com//projects/next-browser-v1-4-0#/,pending,0,0,
4288,https://www.indiegogo.com//projects/next-level-arts-academy--2#/,pending,0,0,
4289,https://www.indiegogo.com//projects/nextear-the-worlds-smartest-wireless-earphones#/,pending,0,0,
4290,https://www.indiegogo.com//projects/nfc-enabled-nature-field-cards-baseline-the-globe#/,pending,0,0,
4291,https://www.indiegogo.com//projects/nhri-cystic-fibrosis-hope-candle-drive#/,pending,0,0,
4292,https://www.indiegogo.com//projects/nicaragua-community-health-connection#/,pending,0,0,
4293,https://www.indiegogo.com//projects/niche-zero-the-best-conical-burr-coffee-grinder#/,pending,0,0,
4294,https://www.indiegogo.com//projects/nick-s-surgery#/,pending,0,0,
4295,https://www.indiegogo.com//projects/nicks-cancer#/,pending,0,0,
4296,https://www.indiegogo.com//projects/nicole-and-julian-wedding-in-miami#/,pending,0,0,
4297,https://www.indiegogo.com//projects/nicole-sangsuree-barrett-scholarship-fund#/,pending,0,0,
4298,https://www.indiegogo.com//projects/nie-mehr-frosche-kussen--2#/,pending,0,0,
4299,https://www.indiegogo.com//projects/niftyx-the-wearable-charging-cable-with-powerbank#/,pending,0,0,
4300,https://www.indiegogo.com//projects/nigerian-internship-4-peace#/,pending,0,0,
4301,https://www.indiegogo.com//projects/nikki-marie-s-road-to-recovery#/,pending,0,0,
4302,https://www.indiegogo.com//projects/nikki-s-trip-to-nicaragua#/,pending,0,0,
4303,https://www.indiegogo.com//projects/nikola-tesla-landmark-dream-up-for-sale#/,pending,0,0,
4304,https://www.indiegogo.com//projects/nikole-st-gregory#/,pending,0,0,
4305,https://www.indiegogo.com//projects/nimbus-lightning-storm-and-pre-tornado-detector#/,pending,0,0,
4306,https://www.indiegogo.com//projects/nimuno-loops-the-original-toy-block-tape#/,pending,0,0,
4307,https://www.indiegogo.com//projects/nimuno-mats-the-all-in-one-educational-steam-toy#/,pending,0,0,
4308,https://www.indiegogo.com//projects/ninebot-electric-gokart-the-coolest-gokart-ever#/,pending,0,0,
4309,https://www.indiegogo.com//projects/ninebot-s-max-maximize-your-adventure#/,pending,0,0,
4310,https://www.indiegogo.com//projects/ninja-cleaner--2#/,pending,0,0,
4311,https://www.indiegogo.com//projects/nireeka-prime-the-smartest-e-bike-ever#/,pending,0,0,
4312,https://www.indiegogo.com//projects/nireeka-the-most-affordable-smart-ebike#/,pending,0,0,
4313,https://www.indiegogo.com//projects/nite-track-hands-free-night-vision#/,pending,0,0,
4314,https://www.indiegogo.com//projects/nitecore-nes2000-portable-outdoor-power-station#/,pending,0,0,
4315,https://www.indiegogo.com//projects/nitro-king-2-easily-make-nitro-cold-brew-at-home#/,pending,0,0,
4316,https://www.indiegogo.com//projects/nixon-nancy-unique-handmade-paracord-dog-collars#/,pending,0,0,
4317,https://www.indiegogo.com//projects/nmsa-senior-gift-project#/,pending,0,0,
4318,https://www.indiegogo.com//projects/nnaac-s-arab-american-youth-summit#/,pending,0,0,
4319,https://www.indiegogo.com//projects/no--24#/,pending,0,0,
4320,https://www.indiegogo.com//projects/no-bully-fear#/,pending,0,0,
4321,https://www.indiegogo.com//projects/no-condoms-as-evidence-at-desiree-alliance-conference#/,pending,0,0,
4322,https://www.indiegogo.com//projects/no-flush-required-project-sanitation-for-ecuadorian-families#/,pending,0,0,
4323,https://www.indiegogo.com//projects/no-future-without-a-past-keine-zukunft-ohne-vergangenheit#/,pending,0,0,
4324,https://www.indiegogo.com//projects/no-green-no-blue-from-architecture-to-art-tee#/,pending,0,0,
4325,https://www.indiegogo.com//projects/no-lights-no-lycra-keep-us-cool-keep-us-loud--2#/,pending,0,0,
4326,https://www.indiegogo.com//projects/no-matter-the-diagnosis-there-is-always-hope-campaign#/,pending,0,0,
4327,https://www.indiegogo.com//projects/no-mo-stache#/,pending,0,0,
4328,https://www.indiegogo.com//projects/no-more-childhood-cancer#/,pending,0,0,
4329,https://www.indiegogo.com//projects/no-more-donations-help-us-recruit#/,pending,0,0,
4330,https://www.indiegogo.com//projects/no-rules#/,pending,0,0,
4331,https://www.indiegogo.com//projects/nobert-suluny-s-form-2-school-fees#/,pending,0,0,
4332,https://www.indiegogo.com//projects/nobody-fights-alone#/,pending,0,0,
4333,https://www.indiegogo.com//projects/nocturnal-fantasy#/,pending,0,0,
4334,https://www.indiegogo.com//projects/nod-travel-pillow-pod-travel-blanket-by-zdoze#/,pending,0,0,
4335,https://www.indiegogo.com//projects/nodirt-portable-ergonomic-adjustable-bidet#/,pending,0,0,
4336,https://www.indiegogo.com//projects/nodoubt-workout-changes-lives#/,pending,0,0,
4337,https://www.indiegogo.com//projects/nogo-protection-smart-watch#/,pending,0,0,
4338,https://www.indiegogo.com//projects/noi-fashion-is-dead-handmade-unisex-bags#/,pending,0,0,
4339,https://www.indiegogo.com//projects/nola-polar-express-benefiting-children-s-hospital-and-ochsner-hospital#/,pending,0,0,
4340,https://www.indiegogo.com//projects/nolaland#/,pending,0,0,
4341,https://www.indiegogo.com//projects/nomad-kitchen-the-best-mobile-camp-kitchen#/,pending,0,0,
4342,https://www.indiegogo.com//projects/nomad-middle-school-gone-mobile#/,pending,0,0,
4343,https://www.indiegogo.com//projects/nomad-project-first-action-to-asia#/,pending,0,0,
4344,https://www.indiegogo.com//projects/nomadxt-portable-adjustable-and-foldable-table--2#/,pending,0,0,
4345,https://www.indiegogo.com//projects/non-active--3#/,pending,0,0,
4346,https://www.indiegogo.com//projects/non-invasive-and-accurate-kmd-breast-cancer-test#/,pending,0,0,
4347,https://www.indiegogo.com//projects/none--121#/,pending,0,0,
4348,https://www.indiegogo.com//projects/noninvasive-glucose-monitor-for-diabetics-by-socrates-health-solutions-inc#/,pending,0,0,
4349,https://www.indiegogo.com//projects/nonips-headlights-belong-on-cars#/,pending,0,0,
4350,https://www.indiegogo.com//projects/nonprofit-youth-track-team-lost-their-only-vehicle#/,pending,0,0,
4351,https://www.indiegogo.com//projects/nori-backpack-a-lightweight-organized-backpack--2#/,pending,0,0,
4352,https://www.indiegogo.com//projects/norse-team-fantasy-football-meiko-miniatures#/,pending,0,0,
4353,https://www.indiegogo.com//projects/north-carolina-school-sign-refurbishment#/,pending,0,0,
4354,https://www.indiegogo.com//projects/northside-emotional-wellness-and-yoga#/,pending,0,0,
4355,https://www.indiegogo.com//projects/northwest-ohio-quarter-midget-track-replacement#/,pending,0,0,
4356,https://www.indiegogo.com//projects/norwegianwoodpickers#/,pending,0,0,
4357,https://www.indiegogo.com//projects/nosade-yoga-garden-marrakech#/,pending,0,0,
4358,https://www.indiegogo.com//projects/not-ereader-first-e-ink-mobile-phone-monitor#/,pending,0,0,
4359,https://www.indiegogo.com//projects/note-20-the-most-design-conscious-thin-tws-earbuds#/,pending,0,0,
4360,https://www.indiegogo.com//projects/note-4-exynos-development-device#/,pending,0,0,
4361,https://www.indiegogo.com//projects/note-taking-app#/,pending,0,0,
4362,https://www.indiegogo.com//projects/notebooks-for-peace#/,pending,0,0,
4363,https://www.indiegogo.com//projects/notes-from-when-family-ties-software#/,pending,0,0,
4364,https://www.indiegogo.com//projects/nothing-less-than-yes-walk--2#/,pending,0,0,
4365,https://www.indiegogo.com//projects/nothing-really--3#/,pending,0,0,
4366,https://www.indiegogo.com//projects/noticketforme#/,pending,0,0,
4367,https://www.indiegogo.com//projects/notnodi-the-travel-pillow-that-s-not-just-a-pillow#/,pending,0,0,
4368,https://www.indiegogo.com//projects/nouvelle-piste-commando-new-commando-course#/,pending,0,0,
4369,https://www.indiegogo.com//projects/nova-magnetic-all-terrain-running-shoes#/,pending,0,0,
4370,https://www.indiegogo.com//projects/novatio-modular-gaming-console-based-on-linux#/,pending,0,0,
4371,https://www.indiegogo.com//projects/novel-bookwallets#/,pending,0,0,
4372,https://www.indiegogo.com//projects/novusbook-leather-carbon-fiber-notebook#/,pending,0,0,
4373,https://www.indiegogo.com//projects/now-i-know-my-abc#/,pending,0,0,
4374,https://www.indiegogo.com//projects/now-it-s-the-teacher-s-turn-to-learn#/,pending,0,0,
4375,https://www.indiegogo.com//projects/nozpad-world-s-first-health-burnout-tracker#/,pending,0,0,
4376,https://www.indiegogo.com//projects/ns-glasses-first-3d-headset-for-nintendo-switch#/,pending,0,0,
4377,https://www.indiegogo.com//projects/nsr-reader-for-sailfish-os#/,pending,0,0,
4378,https://www.indiegogo.com//projects/nucleus-the-ultimate-core-training-system#/,pending,0,0,
4379,https://www.indiegogo.com//projects/nuclius-tv-divorce-cable-free-your-tv#/,pending,0,0,
4380,https://www.indiegogo.com//projects/nudock-apple-watch-iphone-power-station-lamp#/,pending,0,0,
4381,https://www.indiegogo.com//projects/nudock-mini-world-s-first-connected-smart-dock#/,pending,0,0,
4382,https://www.indiegogo.com//projects/nuflo-soundproof-anc-wireless-earbuds#/,pending,0,0,
4383,https://www.indiegogo.com//projects/nursepro-calculator#/,pending,0,0,
4384,https://www.indiegogo.com//projects/nurses-on-a-mission-to-the-dominican-republic#/,pending,0,0,
4385,https://www.indiegogo.com//projects/nuwakot-nepal-relief-fund#/,pending,0,0,
4386,https://www.indiegogo.com//projects/nvda-remote-access#/,pending,0,0,
4387,https://www.indiegogo.com//projects/nxtbag#/,pending,0,0,
4388,https://www.indiegogo.com//projects/nyc-marathon-for-msk-cancer-research#/,pending,0,0,
4389,https://www.indiegogo.com//projects/nyfw-fashion-journey-to-mental-health-empowerment#/,pending,0,0,
4390,https://www.indiegogo.com//projects/nymphii#/,pending,0,0,
4391,https://www.indiegogo.com//projects/o--79#/,pending,0,0,
4392,https://www.indiegogo.com//projects/o-hire-on-demand-hiring#/,pending,0,0,
4393,https://www.indiegogo.com//projects/o-istmo#/,pending,0,0,
4394,https://www.indiegogo.com//projects/o2-band-world-s-new-eco-solution-for-cars#/,pending,0,0,
4395,https://www.indiegogo.com//projects/o2safeair-customizable-air-protection-mask#/,pending,0,0,
4396,https://www.indiegogo.com//projects/oarttee-wearable-art-you-can-create#/,pending,0,0,
4397,https://www.indiegogo.com//projects/oasis-health-system-nigeria#/,pending,0,0,
4398,https://www.indiegogo.com//projects/obelisc-studio-legacy-of-magic#/,pending,0,0,
4399,https://www.indiegogo.com//projects/obsbot-tail-air-ai-powered-ptz-streaming-camera#/,pending,0,0,
4400,https://www.indiegogo.com//projects/obsbot-tail-world-s-first-auto-director-ai-camera#/,pending,0,0,
4401,https://www.indiegogo.com//projects/obsbot-tiny-ai-powered-ptz-webcam#/,pending,0,0,
4402,https://www.indiegogo.com//projects/obtaining-a-dream#/,pending,0,0,
4403,https://www.indiegogo.com//projects/ocean-county-park-eagle-project#/,pending,0,0,
4404,https://www.indiegogo.com//projects/ocean-mimic-swimwear-saving-the-oceans--2#/,pending,0,0,
4405,https://www.indiegogo.com//projects/ocean-plastic-cork-travel-bag-with-17-features#/,pending,0,0,
4406,https://www.indiegogo.com//projects/ocean-s-trip-to-ca-to-race-in-the-lbcat2014#/,pending,0,0,
4407,https://www.indiegogo.com//projects/ocean-to-ocean-swimwear-that-saves-our-seas#/,pending,0,0,
4408,https://www.indiegogo.com//projects/ockel-sirius-a-the-world-s-most-versatile-mini-pc#/,pending,0,0,
4409,https://www.indiegogo.com//projects/oco2-home-monitoring-camera-with-sd-card-and-cloud#/,pending,0,0,
4410,https://www.indiegogo.com//projects/octobriana-with-love-50th-anniversary-special#/,pending,0,0,
4411,https://www.indiegogo.com//projects/oden-x-best-organization-meets-sanitizing-material#/,pending,0,0,
4412,https://www.indiegogo.com//projects/odoo-product-configurator--2#/,pending,0,0,
4413,https://www.indiegogo.com//projects/odorless-socks-for-travel-sport#/,pending,0,0,
4414,https://www.indiegogo.com//projects/official-elliott-johnson-golf-scholarship-fund#/,pending,0,0,
4415,https://www.indiegogo.com//projects/offsetting-july-surgery#/,pending,0,0,
4416,https://www.indiegogo.com//projects/oh-baby-get-healthy#/,pending,0,0,
4417,https://www.indiegogo.com//projects/ohio-survival-action-academy#/,pending,0,0,
4418,https://www.indiegogo.com//projects/ohup-gym-chair-where-aesthetic-meets-functionality--2#/,pending,0,0,
4419,https://www.indiegogo.com//projects/oi-bardic-fury-4-the-banshee-vale-horror-show#/,pending,0,0,
4420,https://www.indiegogo.com//projects/oklahoma-tornado-disaster-relief-fund#/,pending,0,0,
4421,https://www.indiegogo.com//projects/okodorf-fur-freilernkinder-in-deutschland#/,pending,0,0,
4422,https://www.indiegogo.com//projects/oksfordo-universiteto-lietuviu-bendrija#/,pending,0,0,
4423,https://www.indiegogo.com//projects/old-timey-soda-fountain#/,pending,0,0,
4424,https://www.indiegogo.com//projects/old4#/,pending,0,0,
4425,https://www.indiegogo.com//projects/oliber-freedom-in-your-hands#/,pending,0,0,
4426,https://www.indiegogo.com//projects/olive-next-gen-hearing-aid-with-a-social-mission#/,pending,0,0,
4427,https://www.indiegogo.com//projects/olive-pro-2-in-1-hearing-aids-bluetooth-earbuds#/,pending,0,0,
4428,https://www.indiegogo.com//projects/ollie#/,pending,0,0,
4429,https://www.indiegogo.com//projects/olong-revolutionizing-boba-kit-with-fresh-tea-kits#/,pending,0,0,
4430,https://www.indiegogo.com//projects/olympic-sport-museum-in-torino-italy#/,pending,0,0,
4431,https://www.indiegogo.com//projects/omg-a-journal-of-religion-culture#/,pending,0,0,
4432,https://www.indiegogo.com//projects/omni-mobile-series#/,pending,0,0,
4433,https://www.indiegogo.com//projects/omni-ultimate-a-new-generation-of-power#/,pending,0,0,
4434,https://www.indiegogo.com//projects/omoospace-your-versatile-phone-mount-wallet#/,pending,0,0,
4435,https://www.indiegogo.com//projects/on-solid-ground-holistic-mental-health-recovery--2#/,pending,0,0,
4436,https://www.indiegogo.com//projects/on-the-road-again-motorcycle-adventure-to-asia#/,pending,0,0,
4437,https://www.indiegogo.com//projects/onak-the-ultimate-origami-canoe#/,pending,0,0,
4438,https://www.indiegogo.com//projects/one-cable-does-it-all-the-multiplug#/,pending,0,0,
4439,https://www.indiegogo.com//projects/one-for-all-one-cable-for-your-all-devices--2#/,pending,0,0,
4440,https://www.indiegogo.com//projects/one-for-the-team-a-new-life-for-used-sports-gear#/,pending,0,0,
4441,https://www.indiegogo.com//projects/one-girl-s-dream#/,pending,0,0,
4442,https://www.indiegogo.com//projects/one-hat-gives-us-all-one-voice-stop-the-killing#/,pending,0,0,
4443,https://www.indiegogo.com//projects/one-heck-of-a-motorcycle-trip#/,pending,0,0,
4444,https://www.indiegogo.com//projects/one-jump-make-the-leap-to-college#/,pending,0,0,
4445,https://www.indiegogo.com//projects/one-life-foundation#/,pending,0,0,
4446,https://www.indiegogo.com//projects/one-step-analyzer-ai-food-insights-health-tracker#/,pending,0,0,
4447,https://www.indiegogo.com//projects/one-travel-pillow-endless-sleeping-possibilities#/,pending,0,0,
4448,https://www.indiegogo.com//projects/one-woman-walk-a-thon-for-sherwood-forest#/,pending,0,0,
4449,https://www.indiegogo.com//projects/one-world-welfare-school#/,pending,0,0,
4450,https://www.indiegogo.com//projects/one-year-training-compassionate-inquiery#/,pending,0,0,
4451,https://www.indiegogo.com//projects/one80-bike-light-expand-your-visibility-safety#/,pending,0,0,
4452,https://www.indiegogo.com//projects/oneguardian--2#/,pending,0,0,
4453,https://www.indiegogo.com//projects/onenetbook-t1-world-first-intel-i7-1260p-tablet#/,pending,0,0,
4454,https://www.indiegogo.com//projects/onepack-perfect-functional-backpack-for-travel#/,pending,0,0,
4455,https://www.indiegogo.com//projects/online-self-healing-tai-chi-website#/,pending,0,0,
4456,https://www.indiegogo.com//projects/only-good-chills#/,pending,0,0,
4457,https://www.indiegogo.com//projects/only-organic-skin-care-for-athletes-launches-soap-line-for-womens-shelters#/,pending,0,0,
4458,https://www.indiegogo.com//projects/ontario-latin-arts-festival-2014--2#/,pending,0,0,
4459,https://www.indiegogo.com//projects/ontime-smart-mobile-alarm-application#/,pending,0,0,
4460,https://www.indiegogo.com//projects/ontracks-smart-vibrations-help-guide-the-way#/,pending,0,0,
4461,https://www.indiegogo.com//projects/onward-facing-yoga-app#/,pending,0,0,
4462,https://www.indiegogo.com//projects/onwards-and-upwards#/,pending,0,0,
4463,https://www.indiegogo.com//projects/onyx-motorbikes-mopeds-are-back-now-electric#/,pending,0,0,
4464,https://www.indiegogo.com//projects/oowa-mobile-photography-s-highest-quality-lenses-iphone-photography#/,pending,0,0,
4465,https://www.indiegogo.com//projects/open-source-education-project-atom-cms#/,pending,0,0,
4466,https://www.indiegogo.com//projects/open-source-programming-book-for-kids#/,pending,0,0,
4467,https://www.indiegogo.com//projects/open-your-heart-for-emily#/,pending,0,0,
4468,https://www.indiegogo.com//projects/opencony-festival#/,pending,0,0,
4469,https://www.indiegogo.com//projects/openigo-network#/,pending,0,0,
4470,https://www.indiegogo.com//projects/opening-my-apparel-line#/,pending,0,0,
4471,https://www.indiegogo.com//projects/opening-the-mind-the-blind-seeing-through-sound#/,pending,0,0,
4472,https://www.indiegogo.com//projects/operacion-kino#/,pending,0,0,
4473,https://www.indiegogo.com//projects/operation-grow4vets#/,pending,0,0,
4474,https://www.indiegogo.com//projects/operation-hipster-tank-top#/,pending,0,0,
4475,https://www.indiegogo.com//projects/operation-isis--2#/,pending,0,0,
4476,https://www.indiegogo.com//projects/operation-orphanage--3#/,pending,0,0,
4477,https://www.indiegogo.com//projects/operation-sock-monkey-handbook#/,pending,0,0,
4478,https://www.indiegogo.com//projects/operation-vibranthearts#/,pending,0,0,
4479,https://www.indiegogo.com//projects/opportunity-of-a-lifetime--3#/,pending,0,0,
4480,https://www.indiegogo.com//projects/oprate-com-be-a-part-of-healthcare-transparency#/,pending,0,0,
4481,https://www.indiegogo.com//projects/optikal-contact-care-delivered-to-your-doorstep#/,pending,0,0,
4482,https://www.indiegogo.com//projects/optimo-thick-grips-with-anatomical-support-wing#/,pending,0,0,
4483,https://www.indiegogo.com//projects/optishokz-revvez-bone-conduction-audio-sunglasses#/,pending,0,0,
4484,https://www.indiegogo.com//projects/opus-gel-compression-wrap-it-s-better-than-ice#/,pending,0,0,
4485,https://www.indiegogo.com//projects/orange-dongle-an-ultimate-offgird-messaging-gadget#/,pending,0,0,
4486,https://www.indiegogo.com//projects/orange-juice-the-worlds-most-adaptable-charger#/,pending,0,0,
4487,https://www.indiegogo.com//projects/orangutan-caring-scholarships#/,pending,0,0,
4488,https://www.indiegogo.com//projects/orbbec-persee-world-s-first-3d-camera-computer#/,pending,0,0,
4489,https://www.indiegogo.com//projects/orbi-mini-clip-phone-tracker#/,pending,0,0,
4490,https://www.indiegogo.com//projects/orbi-prime-the-first-360-video-recording-eyewear#/,pending,0,0,
4491,https://www.indiegogo.com//projects/orbit-the-world-most-fabulous-creative-pen#/,pending,0,0,
4492,https://www.indiegogo.com//projects/orbitkey-id-card-holder-system#/,pending,0,0,
4493,https://www.indiegogo.com//projects/oregon-savage-outdoor-living-skills#/,pending,0,0,
4494,https://www.indiegogo.com//projects/oreteti#/,pending,0,0,
4495,https://www.indiegogo.com//projects/organic-cane-rush-coast-to-coast#/,pending,0,0,
4496,https://www.indiegogo.com//projects/organic-garden--4#/,pending,0,0,
4497,https://www.indiegogo.com//projects/organic-hair-revitalizer#/,pending,0,0,
4498,https://www.indiegogo.com//projects/organic-harvester-don-t-bin-it-compost-it#/,pending,0,0,
4499,https://www.indiegogo.com//projects/organic-moisturizer-for-pregnant-and-nursing-moms#/,pending,0,0,
4500,https://www.indiegogo.com//projects/organically-couture-who-says-natural-has-to-be-dull-boring#/,pending,0,0,
4501,https://www.indiegogo.com//projects/organization-helps-sandusky-victims-and-others-affected-by-child-sexual-abuse#/,pending,0,0,
4502,https://www.indiegogo.com//projects/orgullo-lgbti-lgbtq-pride-quito#/,pending,0,0,
4503,https://www.indiegogo.com//projects/origami-4-in-1-tote-backpack-crossbody-carry-on#/,pending,0,0,
4504,https://www.indiegogo.com//projects/origem-hs-3-smart-earbuds-with-stunning-hdr-audio#/,pending,0,0,
4505,https://www.indiegogo.com//projects/origins-and-destinations#/,pending,0,0,
4506,https://www.indiegogo.com//projects/orion-by-kunwu-knives-affordable-edc-pocket-knife#/,pending,0,0,
4507,https://www.indiegogo.com//projects/ormus-stress-anxiety-relief-with-smooth-spiritual-energy#/,pending,0,0,
4508,https://www.indiegogo.com//projects/oros-the-warmest-outerwear-in-the-universe#/,pending,0,0,
4509,https://www.indiegogo.com//projects/ossii-sound-highly-customizeable-bone-conduction#/,pending,0,0,
4510,https://www.indiegogo.com//projects/otis-fine-arts-senior-catalog#/,pending,0,0,
4511,https://www.indiegogo.com//projects/otomi-the-natural-rub-to-nourish-your-muscles-after-work-out#/,pending,0,0,
4512,https://www.indiegogo.com//projects/otostopla-asya-turu-asia-tour-by-hitchike#/,pending,0,0,
4513,https://www.indiegogo.com//projects/ottm-wood-bands-for-apple-android-pebble-watch#/,pending,0,0,
4514,https://www.indiegogo.com//projects/ouchie-powder-a-breakthrough-in-wound-healing#/,pending,0,0,
4515,https://www.indiegogo.com//projects/our-bible-app--3#/,pending,0,0,
4516,https://www.indiegogo.com//projects/our-bus#/,pending,0,0,
4517,https://www.indiegogo.com//projects/our-christmas-for-dayavu-orphanage#/,pending,0,0,
4518,https://www.indiegogo.com//projects/our-lifetime-memorable-moments-photojournalism#/,pending,0,0,
4519,https://www.indiegogo.com//projects/our-most-compact-safe-semi-solid-power-station#/,pending,0,0,
4520,https://www.indiegogo.com//projects/our-saiphai-sisters#/,pending,0,0,
4521,https://www.indiegogo.com//projects/out-about-centre-stage-for-kids#/,pending,0,0,
4522,https://www.indiegogo.com//projects/out-of-his-skin#/,pending,0,0,
4523,https://www.indiegogo.com//projects/out-of-the-ring-into-the-kitchen-cooking-with-wrestling-s-original-diva--3#/,pending,0,0,
4524,https://www.indiegogo.com//projects/out-of-town-still-buy-a-round-with-drinksnap#/,pending,0,0,
4525,https://www.indiegogo.com//projects/outask-telescopic-lantern-embolden-ventures#/,pending,0,0,
4526,https://www.indiegogo.com//projects/outdoor-recovery-project#/,pending,0,0,
4527,https://www.indiegogo.com//projects/outertown#/,pending,0,0,
4528,https://www.indiegogo.com//projects/outon-s1-smart-floor-lamp-with-uplight-rgb-column#/,pending,0,0,
4529,https://www.indiegogo.com//projects/outwarmer-new-generation-heated-jacket-with-style#/,pending,0,0,
4530,https://www.indiegogo.com//projects/ovarcare-care-package-for-ovarian-cancer-patients#/,pending,0,0,
4531,https://www.indiegogo.com//projects/ovarian-cancer-vaccine-trial#/,pending,0,0,
4532,https://www.indiegogo.com//projects/overcome-infertility-world-s-1st-baby-home-kit#/,pending,0,0,
4533,https://www.indiegogo.com//projects/oversized-spin-art#/,pending,0,0,
4534,https://www.indiegogo.com//projects/ovicx-wekeep-most-affordable-smart-fitness-bike#/,pending,0,0,
4535,https://www.indiegogo.com//projects/ovis-1st-ai-powered-suitcase-following-by-side#/,pending,0,0,
4536,https://www.indiegogo.com//projects/ovo-the-first-autoplay-online-video-player-and-app#/,pending,0,0,
4537,https://www.indiegogo.com//projects/ovrcharge-levitating-wireless-charger#/,pending,0,0,
4538,https://www.indiegogo.com//projects/oxford-west-greenland-expedition#/,pending,0,0,
4539,https://www.indiegogo.com//projects/oyo-nova-gym#/,pending,0,0,
4540,https://www.indiegogo.com//projects/ozark-quick-grill#/,pending,0,0,
4541,https://www.indiegogo.com//projects/p-bag#/,pending,0,0,
4542,https://www.indiegogo.com//projects/p-i-n-k-backpack-connecting-parents-daughters#/,pending,0,0,
4543,https://www.indiegogo.com//projects/p8s-fastest-air-purifier-with-nanoscale-filter#/,pending,0,0,
4544,https://www.indiegogo.com//projects/pablo-gustavo-in-mongol-rally-charity-run#/,pending,0,0,
4545,https://www.indiegogo.com//projects/pack-n-chair#/,pending,0,0,
4546,https://www.indiegogo.com//projects/packa-most-affordable-full-feature-cargo-ebike#/,pending,0,0,
4547,https://www.indiegogo.com//projects/pact-snack-bites-functional-nutrition#/,pending,0,0,
4548,https://www.indiegogo.com//projects/pacum-it-s-time-to-end-the-struggle-with-space#/,pending,0,0,
4549,https://www.indiegogo.com//projects/padbot-a-telepresence-robot-cool-fun#/,pending,0,0,
4550,https://www.indiegogo.com//projects/paddling-to-ravenna-italy--2#/,pending,0,0,
4551,https://www.indiegogo.com//projects/pae-aina-dance-party-2014#/,pending,0,0,
4552,https://www.indiegogo.com//projects/pages-a-social-media-network-for-reflectivity#/,pending,0,0,
4553,https://www.indiegogo.com//projects/paid-military-service-bedelli-askerlik#/,pending,0,0,
4554,https://www.indiegogo.com//projects/pain-it-forward-know-pain-no-pain-no-pay-n#/,pending,0,0,
4555,https://www.indiegogo.com//projects/paint-it-black#/,pending,0,0,
4556,https://www.indiegogo.com//projects/paka-world-s-smallest-wearable-wifi-camera#/,pending,0,0,
4557,https://www.indiegogo.com//projects/pala-eyewear-ethical-sunglasses-that-give-back--2#/,pending,0,0,
4558,https://www.indiegogo.com//projects/palestinian-aikidoka-promotion-fund#/,pending,0,0,
4559,https://www.indiegogo.com//projects/palestinian-elderly-day-care-center#/,pending,0,0,
4560,https://www.indiegogo.com//projects/pamperbids-com-innovative-gaming-platform#/,pending,0,0,
4561,https://www.indiegogo.com//projects/pamu-scroll-bt-5-0-earphones-with-wireless-charge#/,pending,0,0,
4562,https://www.indiegogo.com//projects/pamu-waterproof-wireless-earbuds-never-fall-out#/,pending,0,0,
4563,https://www.indiegogo.com//projects/panama-service-adventure-trip#/,pending,0,0,
4564,https://www.indiegogo.com//projects/panama-theater-camp-for-change#/,pending,0,0,
4565,https://www.indiegogo.com//projects/pancor-jackhammer-video-trip#/,pending,0,0,
4566,https://www.indiegogo.com//projects/pancreatic-cancer#/,pending,0,0,
4567,https://www.indiegogo.com//projects/pandere-cute-expandable-shoes-for-unique-feet#/,pending,0,0,
4568,https://www.indiegogo.com//projects/pantarei-travel-the-holistic-travel-solution#/,pending,0,0,
4569,https://www.indiegogo.com//projects/papua-new-guinea-children-authors-their-1st-book#/,pending,0,0,
4570,https://www.indiegogo.com//projects/paq-travel-companion#/,pending,0,0,
4571,https://www.indiegogo.com//projects/paradise-one-microfibre-sun-lounger-towel#/,pending,0,0,
4572,https://www.indiegogo.com//projects/paradise-wellness-retreats-a-raw-food-adventure#/,pending,0,0,
4573,https://www.indiegogo.com//projects/paramedic-ambulance-for-bodega-bay-fire-department#/,pending,0,0,
4574,https://www.indiegogo.com//projects/parashoot-smart-wearable-video-mini-hd-camera#/,pending,0,0,
4575,https://www.indiegogo.com//projects/parasole-revolutionary-3d-recovery-socks--3#/,pending,0,0,
4576,https://www.indiegogo.com//projects/parcshade-dashboard-sunshade-for-all-cars--2#/,pending,0,0,
4577,https://www.indiegogo.com//projects/paris-2-london-running-challenge#/,pending,0,0,
4578,https://www.indiegogo.com//projects/parkinson-s-and-alzheimer-s#/,pending,0,0,
4579,https://www.indiegogo.com//projects/parkinson-s-and-mitochondrial-diseases-foundation#/,pending,0,0,
4580,https://www.indiegogo.com//projects/parkonthefly-com-reserve-cheap-parking-from-smart-phones-cell-phones-the-web--2#/,pending,0,0,
4581,https://www.indiegogo.com//projects/parlez-app-the-coolest-way-to-break-the-ice#/,pending,0,0,
4582,https://www.indiegogo.com//projects/paroleinsegno#/,pending,0,0,
4583,https://www.indiegogo.com//projects/parq-app-parking-without-a-question#/,pending,0,0,
4584,https://www.indiegogo.com//projects/part-of-the-solution#/,pending,0,0,
4585,https://www.indiegogo.com//projects/participating-in-alia#/,pending,0,0,
4586,https://www.indiegogo.com//projects/participation-au-world-champ-round-formula-drift#/,pending,0,0,
4587,https://www.indiegogo.com//projects/passado-action-theatre#/,pending,0,0,
4588,https://www.indiegogo.com//projects/passive-house-training-program-for-ecobuilders#/,pending,0,0,
4589,https://www.indiegogo.com//projects/passivistas-from-past-to-passive#/,pending,0,0,
4590,https://www.indiegogo.com//projects/passport-30w-all-in-one-travel-adapter#/,pending,0,0,
4591,https://www.indiegogo.com//projects/passportiii-all-in-one-65w-adapter-for-home-travel#/,pending,0,0,
4592,https://www.indiegogo.com//projects/pasture-raised-meat-on-pei#/,pending,0,0,
4593,https://www.indiegogo.com//projects/pat-unlocking-the-secret-to-pain-relief--2#/,pending,0,0,
4594,https://www.indiegogo.com//projects/pate-pure-absolute-total-eco#/,pending,0,0,
4595,https://www.indiegogo.com//projects/path-beyond-bars-breathing-peace-in-prison#/,pending,0,0,
4596,https://www.indiegogo.com//projects/patientenbroschure-zu-hirn-aneurysma-und-angiom#/,pending,0,0,
4597,https://www.indiegogo.com//projects/patients-for-acupuncture-insurance-coverage-now#/,pending,0,0,
4598,https://www.indiegogo.com//projects/patrick-wilmot-is-taking-on-the-mitty#/,pending,0,0,
4599,https://www.indiegogo.com//projects/patron-dispensing-system-for-medical-extracts#/,pending,0,0,
4600,https://www.indiegogo.com//projects/paul-martinez-medical-expense-fund#/,pending,0,0,
4601,https://www.indiegogo.com//projects/paul-theriault-hand-surgery-assistance#/,pending,0,0,
4602,https://www.indiegogo.com//projects/pauli-broccoli-friends-green-is-the-new-cool#/,pending,0,0,
4603,https://www.indiegogo.com//projects/pave-academy-metropolitan-museum-of-art-field-trip#/,pending,0,0,
4604,https://www.indiegogo.com//projects/pawswing-purrring-automatic-cat-self-groomer#/,pending,0,0,
4605,https://www.indiegogo.com//projects/pay-forward#/,pending,0,0,
4606,https://www.indiegogo.com//projects/pay-it-forward-yoga-training#/,pending,0,0,
4607,https://www.indiegogo.com//projects/pay-to-see-joey-shave-his-head-and-also-for-cancer-research#/,pending,0,0,
4608,https://www.indiegogo.com//projects/paying-for-college--13#/,pending,0,0,
4609,https://www.indiegogo.com//projects/paying-for-my-mom-s-funeral#/,pending,0,0,
4610,https://www.indiegogo.com//projects/paying-it-forward--9#/,pending,0,0,
4611,https://www.indiegogo.com//projects/payme-debt-tracking-made-social#/,pending,0,0,
4612,https://www.indiegogo.com//projects/paymentspree-mobile-payment-and-rewards-app#/,pending,0,0,
4613,https://www.indiegogo.com//projects/paynshow-instantly-send-pictures-of-what-you-buy-no-picture-taking-needed#/,pending,0,0,
4614,https://www.indiegogo.com//projects/pb-grace-helping-parents-raise-catholic-kids#/,pending,0,0,
4615,https://www.indiegogo.com//projects/pb101-a-nutrition-and-fitness-learning-system#/,pending,0,0,
4616,https://www.indiegogo.com//projects/pc--59#/,pending,0,0,
4617,https://www.indiegogo.com//projects/pcl-bluezone-flag-football-and-fundraising-for-the-prostate-cancer-foundation#/,pending,0,0,
4618,https://www.indiegogo.com//projects/pd-yoga-for-me#/,pending,0,0,
4619,https://www.indiegogo.com//projects/peace-love-plates-free-cooking-nutrition-classes#/,pending,0,0,
4620,https://www.indiegogo.com//projects/peace-parks-project#/,pending,0,0,
4621,https://www.indiegogo.com//projects/peaceart-community-peace-celebration#/,pending,0,0,
4622,https://www.indiegogo.com//projects/peacejam-northwest-transition-project#/,pending,0,0,
4623,https://www.indiegogo.com//projects/peak-spa-and-wellness-llc#/,pending,0,0,
4624,https://www.indiegogo.com//projects/peakhonor-portable-powerful-eco-friendly-bidet#/,pending,0,0,
4625,https://www.indiegogo.com//projects/peakperformr-interactive-3d-animated-wellness-app#/,pending,0,0,
4626,https://www.indiegogo.com//projects/pearls-band-world-s-best-health-monitoring-band#/,pending,0,0,
4627,https://www.indiegogo.com//projects/pebblebee-finder-lost-is-found#/,pending,0,0,
4628,https://www.indiegogo.com//projects/pecron-s1500-most-compact-portable-power-station--2#/,pending,0,0,
4629,https://www.indiegogo.com//projects/pedal-park#/,pending,0,0,
4630,https://www.indiegogo.com//projects/pedal-round-the-world-ocean-pedal-boat#/,pending,0,0,
4631,https://www.indiegogo.com//projects/peek-screen-redefine-privacy-protection#/,pending,0,0,
4632,https://www.indiegogo.com//projects/peer-to-peer-safety-platform#/,pending,0,0,
4633,https://www.indiegogo.com//projects/pelotan-sun-protection-for-cyclists#/,pending,0,0,
4634,https://www.indiegogo.com//projects/pelvic-inflammatory-disease-debilitates-women-in-northern-uganda#/,pending,0,0,
4635,https://www.indiegogo.com//projects/pelvic-liberation#/,pending,0,0,
4636,https://www.indiegogo.com//projects/pendy-first-smart-ultrasonic-washer-cleaner--2#/,pending,0,0,
4637,https://www.indiegogo.com//projects/penn-s-reassignment-surgery#/,pending,0,0,
4638,https://www.indiegogo.com//projects/penna-typewriter-style-retro-bluetooth-keyboard#/,pending,0,0,
4639,https://www.indiegogo.com//projects/penultimate-x1-an-advanced-ergonomic-pen#/,pending,0,0,
4640,https://www.indiegogo.com//projects/people-to-people-2014#/,pending,0,0,
4641,https://www.indiegogo.com//projects/pepperspray-media#/,pending,0,0,
4642,https://www.indiegogo.com//projects/percussion-studio-for-underprivileged-students--2#/,pending,0,0,
4643,https://www.indiegogo.com//projects/perfect-all-in-one-home-gym-for-the-whole-family#/,pending,0,0,
4644,https://www.indiegogo.com//projects/perfect-fit-wireless-earbuds-with-endless-battery#/,pending,0,0,
4645,https://www.indiegogo.com//projects/perfect-memory-camera-precision-built-pro-grade#/,pending,0,0,
4646,https://www.indiegogo.com//projects/perfict-the-social-fitness-app-mobile-health#/,pending,0,0,
4647,https://www.indiegogo.com//projects/periscopic-mask-adapter#/,pending,0,0,
4648,https://www.indiegogo.com//projects/permaculture-farm-and-school-in-kedougou-senegal#/,pending,0,0,
4649,https://www.indiegogo.com//projects/persistence-over-genius#/,pending,0,0,
4650,https://www.indiegogo.com//projects/person-centered-health-care-in-baltimore#/,pending,0,0,
4651,https://www.indiegogo.com//projects/personal-medical-device--2#/,pending,0,0,
4652,https://www.indiegogo.com//projects/personalair-start-filtration-comfort-convenience#/,pending,0,0,
4653,https://www.indiegogo.com//projects/personalized-tumor-therapy#/,pending,0,0,
4654,https://www.indiegogo.com//projects/peshawar-terror-attack-survivors#/,pending,0,0,
4655,https://www.indiegogo.com//projects/pet-bottle-based-catamaran-in-bigger-size#/,pending,0,0,
4656,https://www.indiegogo.com//projects/petdocnow-healthy-pet-one-click-at-a-time#/,pending,0,0,
4657,https://www.indiegogo.com//projects/pete-school-for-special-needs-children#/,pending,0,0,
4658,https://www.indiegogo.com//projects/peter-pan-and-wendy#/,pending,0,0,
4659,https://www.indiegogo.com//projects/petspemf-pad-electromagnetic-therapy-for-pets#/,pending,0,0,
4660,https://www.indiegogo.com//projects/pett-high-quality-fashion-for-your-better-half#/,pending,0,0,
4661,https://www.indiegogo.com//projects/pfun-glucose-jumpstart-the-launch#/,pending,0,0,
4662,https://www.indiegogo.com//projects/phatmoto-all-in-one-gas-engine-bike#/,pending,0,0,
4663,https://www.indiegogo.com//projects/phazon-wireless-earbuds-guaranteed-not-to-fall#/,pending,0,0,
4664,https://www.indiegogo.com//projects/phd-black-mixed-race-identity-in-britain#/,pending,0,0,
4665,https://www.indiegogo.com//projects/phembiotics-vaginal-health-supplements#/,pending,0,0,
4666,https://www.indiegogo.com//projects/phikeia-education-program-alpha-lambda-class-of-fl-mu#/,pending,0,0,
4667,https://www.indiegogo.com//projects/philanthropy-in-motion-a-young-people-s-foundation#/,pending,0,0,
4668,https://www.indiegogo.com//projects/philippine-s-relief#/,pending,0,0,
4669,https://www.indiegogo.com//projects/philippines-medical-mission--2#/,pending,0,0,
4670,https://www.indiegogo.com//projects/philips-screeneo-u4-ultra-short-throw-projector--2#/,pending,0,0,
4671,https://www.indiegogo.com//projects/philips-screeneo-u5-ultra-short-throw-4k-projector#/,pending,0,0,
4672,https://www.indiegogo.com//projects/phillips-bits-prevent-remove-stripped-screws#/,pending,0,0,
4673,https://www.indiegogo.com//projects/phillipsburg-high-school-english-students-support-survivors-of-rape#/,pending,0,0,
4674,https://www.indiegogo.com//projects/phobos-anxiety-management-vr-platform#/,pending,0,0,
4675,https://www.indiegogo.com//projects/phone--31#/,pending,0,0,
4676,https://www.indiegogo.com//projects/phone-app-for-online-voting-in-elections#/,pending,0,0,
4677,https://www.indiegogo.com//projects/phone-covers-equipped-with-artificial-intelligence#/,pending,0,0,
4678,https://www.indiegogo.com//projects/phonedrone-ethos#/,pending,0,0,
4679,https://www.indiegogo.com//projects/phoneslinger-smartphone-bag-with-wireless-charging#/,pending,0,0,
4680,https://www.indiegogo.com//projects/photo-timeline#/,pending,0,0,
4681,https://www.indiegogo.com//projects/photocube-pd-plus-on-the-go-backup-for-memories#/,pending,0,0,
4682,https://www.indiegogo.com//projects/photographer-injured#/,pending,0,0,
4683,https://www.indiegogo.com//projects/photographing-italy--3#/,pending,0,0,
4684,https://www.indiegogo.com//projects/photography-projects-in-indigenous-communities#/,pending,0,0,
4685,https://www.indiegogo.com//projects/photomedics-bluelight-a-revolution-in-oral-care#/,pending,0,0,
4686,https://www.indiegogo.com//projects/phox-v2-the-world-s-most-eco-friendly-water-filter#/,pending,0,0,
4687,https://www.indiegogo.com//projects/phree-make-the-world-your-paper--2#/,pending,0,0,
4688,https://www.indiegogo.com//projects/phroogal#/,pending,0,0,
4689,https://www.indiegogo.com//projects/phulbari-english-medium-k-g-school-bangladesh#/,pending,0,0,
4690,https://www.indiegogo.com//projects/physical-therapy-by-milouya-sport-boumia#/,pending,0,0,
4691,https://www.indiegogo.com//projects/physical-therapy-for-ashlee-haze#/,pending,0,0,
4692,https://www.indiegogo.com//projects/pi-beta-phi-read-a-thon#/,pending,0,0,
4693,https://www.indiegogo.com//projects/pi2media-ht1-surround-sound-home-theater-pc#/,pending,0,0,
4694,https://www.indiegogo.com//projects/pia-revolutionary-furniture-solution#/,pending,0,0,
4695,https://www.indiegogo.com//projects/pick-pow-empowering-start-ups--2#/,pending,0,0,
4696,https://www.indiegogo.com//projects/picopc-world-s-smallest-mini-pc-for-gaming-work#/,pending,0,0,
4697,https://www.indiegogo.com//projects/pictures-of-health-in-nepal--2#/,pending,0,0,
4698,https://www.indiegogo.com//projects/pif-indiegogo-helper#/,pending,0,0,
4699,https://www.indiegogo.com//projects/piggyback-share-earbuds-without-sharing-earbuds#/,pending,0,0,
4700,https://www.indiegogo.com//projects/pigzbe-helps-kids-develop-great-money-habits#/,pending,0,0,
4701,https://www.indiegogo.com//projects/pikon-3d-printed-telescope#/,pending,0,0,
4702,https://www.indiegogo.com//projects/pilates-therapy-studio-expansion#/,pending,0,0,
4703,https://www.indiegogo.com//projects/pilates-yoga-studio-in-vancouver-wa#/,pending,0,0,
4704,https://www.indiegogo.com//projects/pine-notebook-for-real-travelers#/,pending,0,0,
4705,https://www.indiegogo.com//projects/ping-pong-in-the-park-baltimore#/,pending,0,0,
4706,https://www.indiegogo.com//projects/ping-pong-table-for-our-new-office#/,pending,0,0,
4707,https://www.indiegogo.com//projects/pinhole-pro-professional-pinhole-lens-for-dslr#/,pending,0,0,
4708,https://www.indiegogo.com//projects/pink-weddings-free-weddings-for-cancer-warriors-any-terminally-ill#/,pending,0,0,
4709,https://www.indiegogo.com//projects/pinte-de-science-canada-pint-of-science-canada--2#/,pending,0,0,
4710,https://www.indiegogo.com//projects/pioneering-seawater-farming-revolutionizing-farms#/,pending,0,0,
4711,https://www.indiegogo.com//projects/pipiano-raspberry-pi-add-on-board#/,pending,0,0,
4712,https://www.indiegogo.com//projects/piratebase-convert-your-electronics-into-a-cloud-storage-service#/,pending,0,0,
4713,https://www.indiegogo.com//projects/pirool-energy-seed-funding#/,pending,0,0,
4714,https://www.indiegogo.com//projects/pisa-light-world-smallest-rechargeable-flashlight#/,pending,0,0,
4715,https://www.indiegogo.com//projects/pisces-the-light-which-reduces-fish-bycatch#/,pending,0,0,
4716,https://www.indiegogo.com//projects/pitchpal-the-best-app-for-soccer-enthusiasts#/,pending,0,0,
4717,https://www.indiegogo.com//projects/pitupi-good-clothing-for-little-ones#/,pending,0,0,
4718,https://www.indiegogo.com//projects/pivot-the-bed-that-transforms-into-a-home-gym#/,pending,0,0,
4719,https://www.indiegogo.com//projects/pivot-the-game-changing-wearable-for-tennis#/,pending,0,0,
4720,https://www.indiegogo.com//projects/pixcil-write-and-share-from-anywhere-smartphone#/,pending,0,0,
4721,https://www.indiegogo.com//projects/pixx-io-box-home-for-all-your-photos-files#/,pending,0,0,
4722,https://www.indiegogo.com//projects/pizza-shelf-wood-fired-pizza-in-your-oven#/,pending,0,0,
4723,https://www.indiegogo.com//projects/planet-namaste#/,pending,0,0,
4724,https://www.indiegogo.com//projects/planks-convenient-longboarding#/,pending,0,0,
4725,https://www.indiegogo.com//projects/plant-based-probiotic-personal-care-products#/,pending,0,0,
4726,https://www.indiegogo.com//projects/plantone#/,pending,0,0,
4727,https://www.indiegogo.com//projects/plants-electronics#/,pending,0,0,
4728,https://www.indiegogo.com//projects/plants-play-music-by-plants-and-trees-part-two#/,pending,0,0,
4729,https://www.indiegogo.com//projects/plaque-ops-breakthrough-instant-oral-care#/,pending,0,0,
4730,https://www.indiegogo.com//projects/play-bubble-soccer-burlington-bubbleball-league#/,pending,0,0,
4731,https://www.indiegogo.com//projects/play-in-southern-cone#/,pending,0,0,
4732,https://www.indiegogo.com//projects/play-it-forward-circus-fest-for-kids-families#/,pending,0,0,
4733,https://www.indiegogo.com//projects/play-place-for-autistic-children#/,pending,0,0,
4734,https://www.indiegogo.com//projects/play-reflection-transformation-a-workshop-tour#/,pending,0,0,
4735,https://www.indiegogo.com//projects/playachomo#/,pending,0,0,
4736,https://www.indiegogo.com//projects/player-2-a-bar-for-nerds-by-nerds-in-denver#/,pending,0,0,
4737,https://www.indiegogo.com//projects/playhat-artisan-hand-dyed-sneakers#/,pending,0,0,
4738,https://www.indiegogo.com//projects/please-don-t-take-my-sunshine-away#/,pending,0,0,
4739,https://www.indiegogo.com//projects/please-give-my-mom-a-chance-to-dream-again#/,pending,0,0,
4740,https://www.indiegogo.com//projects/please-help-brandon#/,pending,0,0,
4741,https://www.indiegogo.com//projects/please-help-drew-bring-the-dwattle-revolution-to-life#/,pending,0,0,
4742,https://www.indiegogo.com//projects/please-help-john#/,pending,0,0,
4743,https://www.indiegogo.com//projects/please-help-john--2#/,pending,0,0,
4744,https://www.indiegogo.com//projects/please-help-keep-my-children-safe-from-a-drug-filled-environment-signed-dad#/,pending,0,0,
4745,https://www.indiegogo.com//projects/please-help-me-continue-the-lyme-disease-treatment-for-my-best-friend#/,pending,0,0,
4746,https://www.indiegogo.com//projects/please-help-me-continue-to-help-my-francisco#/,pending,0,0,
4747,https://www.indiegogo.com//projects/please-help-me-to-help-others#/,pending,0,0,
4748,https://www.indiegogo.com//projects/please-help-me-with-my-surgery-for-fibroid-removal-a-hysterectomy#/,pending,0,0,
4749,https://www.indiegogo.com//projects/please-help-natalie#/,pending,0,0,
4750,https://www.indiegogo.com//projects/please-help-our-poor-children-s-education#/,pending,0,0,
4751,https://www.indiegogo.com//projects/please-help-rena-teach-english-in-ecuador-and-support-rural-students-education#/,pending,0,0,
4752,https://www.indiegogo.com//projects/please-help-save-my-knee#/,pending,0,0,
4753,https://www.indiegogo.com//projects/please-help-tavish-get-the-autism-therapy-he-needs#/,pending,0,0,
4754,https://www.indiegogo.com//projects/please-help-tray-garabedian-he-has-polycystic-kidney-disease-an-needs-transplant#/,pending,0,0,
4755,https://www.indiegogo.com//projects/please-help-us-become-parents#/,pending,0,0,
4756,https://www.indiegogo.com//projects/please-help-us-keep-our-home#/,pending,0,0,
4757,https://www.indiegogo.com//projects/please-help-us-save-her#/,pending,0,0,
4758,https://www.indiegogo.com//projects/please-help-us-save-our-school#/,pending,0,0,
4759,https://www.indiegogo.com//projects/please-send-me-to-school#/,pending,0,0,
4760,https://www.indiegogo.com//projects/plexus-wheel-plus-the-simplest-back-pain-relief#/,pending,0,0,
4761,https://www.indiegogo.com//projects/pluck-n-file-more-than-a-tweezer#/,pending,0,0,
4762,https://www.indiegogo.com//projects/plug-and-play-smart-solar#/,pending,0,0,
4763,https://www.indiegogo.com//projects/plug-pack-a-moto-mod-concept-for-the-motorola-z#/,pending,0,0,
4764,https://www.indiegogo.com//projects/plusbag-perfect-business-bag-for-guys-to-work-3in1#/,pending,0,0,
4765,https://www.indiegogo.com//projects/pluto-wireless#/,pending,0,0,
4766,https://www.indiegogo.com//projects/plux-charge-your-new-apple-devices-simultaneously#/,pending,0,0,
4767,https://www.indiegogo.com//projects/poc-poc-urban-chicken-coop#/,pending,0,0,
4768,https://www.indiegogo.com//projects/pocket-6-in-1-charging-dock-for-apple-watch#/,pending,0,0,
4769,https://www.indiegogo.com//projects/pocket-rhino-the-best-multifunction-folding-knife#/,pending,0,0,
4770,https://www.indiegogo.com//projects/pocket-tripod-the-only-phone-tripod-you-need#/,pending,0,0,
4771,https://www.indiegogo.com//projects/pocketdrum-the-most-portable-drum-set-ever#/,pending,0,0,
4772,https://www.indiegogo.com//projects/pocketduino-innovation-from-your-pocket#/,pending,0,0,
4773,https://www.indiegogo.com//projects/pocketmaker-3d-printer#/,pending,0,0,
4774,https://www.indiegogo.com//projects/podporujem-suseda--2#/,pending,0,0,
4775,https://www.indiegogo.com//projects/pogo-doesn-t-live-here-anymore#/,pending,0,0,
4776,https://www.indiegogo.com//projects/pogo-software-development-kit#/,pending,0,0,
4777,https://www.indiegogo.com//projects/pokit-pro-multimeter-oscilloscope-logger#/,pending,0,0,
4778,https://www.indiegogo.com//projects/polar-bear-attack#/,pending,0,0,
4779,https://www.indiegogo.com//projects/polarries-e-cube-100-whiz-100w-gan-travel-adapter#/,pending,0,0,
4780,https://www.indiegogo.com//projects/polio-the-second-time-around#/,pending,0,0,
4781,https://www.indiegogo.com//projects/polso-unphone-yourself#/,pending,0,0,
4782,https://www.indiegogo.com//projects/polycon-animation-and-games-expo-2015#/,pending,0,0,
4783,https://www.indiegogo.com//projects/polypropylene-cellar--3#/,pending,0,0,
4784,https://www.indiegogo.com//projects/pomelopro-world-s-longest-range-electric-longboard#/,pending,0,0,
4785,https://www.indiegogo.com//projects/pomm#/,pending,0,0,
4786,https://www.indiegogo.com//projects/pongerz--4#/,pending,0,0,
4787,https://www.indiegogo.com//projects/poof-60-day-battery-pet-calorie-activity-tracker#/,pending,0,0,
4788,https://www.indiegogo.com//projects/poolside-professional-service-exchange#/,pending,0,0,
4789,https://www.indiegogo.com//projects/poop-pills-a-90-percent-effective-treatment#/,pending,0,0,
4790,https://www.indiegogo.com//projects/pop-case-the-ultimate-modular-iphone-battery-case#/,pending,0,0,
4791,https://www.indiegogo.com//projects/pop-n-go-the-world-s-best-kids-playpen#/,pending,0,0,
4792,https://www.indiegogo.com//projects/poplar-place-footing-improvement#/,pending,0,0,
4793,https://www.indiegogo.com//projects/populace-io-connecting-communities-with-sms#/,pending,0,0,
4794,https://www.indiegogo.com//projects/por-do-sol-bed-breakfast#/,pending,0,0,
4795,https://www.indiegogo.com//projects/portable-alkaline-water-bottles#/,pending,0,0,
4796,https://www.indiegogo.com//projects/portable-solar-aircondition#/,pending,0,0,
4797,https://www.indiegogo.com//projects/portable-steel-slat-grill#/,pending,0,0,
4798,https://www.indiegogo.com//projects/portable-tv-studio-jvtv#/,pending,0,0,
4799,https://www.indiegogo.com//projects/portable-voice-assistant-for-productivity#/,pending,0,0,
4800,https://www.indiegogo.com//projects/portapresso-the-first-portable-espresso-maker#/,pending,0,0,
4801,https://www.indiegogo.com//projects/portland-earth-art-and-agriculture-project#/,pending,0,0,
4802,https://www.indiegogo.com//projects/portland-inc#/,pending,0,0,
4803,https://www.indiegogo.com//projects/porua-the-reader#/,pending,0,0,
4804,https://www.indiegogo.com//projects/porwod-case-computer-height-adjuster#/,pending,0,0,
4805,https://www.indiegogo.com//projects/posh-the-smartest-revolutionary-designed-cable#/,pending,0,0,
4806,https://www.indiegogo.com//projects/poshi-portable-powerful-cleaning-charging-power#/,pending,0,0,
4807,https://www.indiegogo.com//projects/postifier-bluetooth-postbox-notifier--2#/,pending,0,0,
4808,https://www.indiegogo.com//projects/posture-keeper-pain-relief-perfect-posture#/,pending,0,0,
4809,https://www.indiegogo.com//projects/posture-transformer-antigravity-backpack#/,pending,0,0,
4810,https://www.indiegogo.com//projects/potties-for-palampur--3#/,pending,0,0,
4811,https://www.indiegogo.com//projects/pour-une-ecole-de-langues-africaines-ela-jambo#/,pending,0,0,
4812,https://www.indiegogo.com//projects/power-meter-in-a-pair-of-pedals-swedish-adrenaline#/,pending,0,0,
4813,https://www.indiegogo.com//projects/power-on-the-go-energon-300#/,pending,0,0,
4814,https://www.indiegogo.com//projects/power-outage-activated-led-lantern-with-usb-charger#/,pending,0,0,
4815,https://www.indiegogo.com//projects/power-streetwear#/,pending,0,0,
4816,https://www.indiegogo.com//projects/powerbank-23--3#/,pending,0,0,
4817,https://www.indiegogo.com//projects/powerplant-the-ultimate-portable-power-pack#/,pending,0,0,
4818,https://www.indiegogo.com//projects/powers-dentist-dilemma#/,pending,0,0,
4819,https://www.indiegogo.com//projects/powersq-smallest-usb-wall-charger-with-built-in-battery#/,pending,0,0,
4820,https://www.indiegogo.com//projects/powerstudio-300-live-life-off-the-grid#/,pending,0,0,
4821,https://www.indiegogo.com//projects/powertalkie-the-advanced-off-network-comms-device#/,pending,0,0,
4822,https://www.indiegogo.com//projects/powerup-the-macbook-charger-that-does-more--3#/,pending,0,0,
4823,https://www.indiegogo.com//projects/powme-the-one-charger-for-all-apple-devices#/,pending,0,0,
4824,https://www.indiegogo.com//projects/praetor-pocketblade-rethinking-the-utility-knife#/,pending,0,0,
4825,https://www.indiegogo.com//projects/prana-tracker-for-breathing-and-posture#/,pending,0,0,
4826,https://www.indiegogo.com//projects/pray-for-nepal-help-nepal#/,pending,0,0,
4827,https://www.indiegogo.com//projects/predict-dangerous-overnight-low-blood-sugars-no-needles-managebgl-diabetes#/,pending,0,0,
4828,https://www.indiegogo.com//projects/premium-cases-for-your-pocket-sized-valuables#/,pending,0,0,
4829,https://www.indiegogo.com//projects/premium-magnetic-modular-mount#/,pending,0,0,
4830,https://www.indiegogo.com//projects/prepd-pack-the-lunchbox-reimagined#/,pending,0,0,
4831,https://www.indiegogo.com//projects/presenting-la-nostalgia-remix-in-calgary#/,pending,0,0,
4832,https://www.indiegogo.com//projects/preserve-cherokee-culture--2#/,pending,0,0,
4833,https://www.indiegogo.com//projects/preserve-finnish-studies-at-university-of-toronto#/,pending,0,0,
4834,https://www.indiegogo.com//projects/preserve-the-legacy-expand-our-jewish-poland-app#/,pending,0,0,
4835,https://www.indiegogo.com//projects/presta-share-the-outdoors#/,pending,0,0,
4836,https://www.indiegogo.com//projects/prevent-child-sex-slavery#/,pending,0,0,
4837,https://www.indiegogo.com//projects/preventing-unsafe-abortion-in-kenya#/,pending,0,0,
4838,https://www.indiegogo.com//projects/prevention-early-intervention-for-psychoses#/,pending,0,0,
4839,https://www.indiegogo.com//projects/preventive-health-in-india#/,pending,0,0,
4840,https://www.indiegogo.com//projects/primordial-rings-wear-your-heart-on-your-hand--2#/,pending,0,0,
4841,https://www.indiegogo.com//projects/prince-adventures-a-potarii-original-series#/,pending,0,0,
4842,https://www.indiegogo.com//projects/princesses-for-preschool-learning-games#/,pending,0,0,
4843,https://www.indiegogo.com//projects/princube-the-world-s-smallest-mobile-color-printer#/,pending,0,0,
4844,https://www.indiegogo.com//projects/privacy-matters#/,pending,0,0,
4845,https://www.indiegogo.com//projects/privasack#/,pending,0,0,
4846,https://www.indiegogo.com//projects/prize-poker#/,pending,0,0,
4847,https://www.indiegogo.com//projects/pro-lottery-mills-app#/,pending,0,0,
4848,https://www.indiegogo.com//projects/pro-protector-toothbrush-holder--2#/,pending,0,0,
4849,https://www.indiegogo.com//projects/pro-soccer-2-month-tryout-in-sweden#/,pending,0,0,
4850,https://www.indiegogo.com//projects/pro1-x-smartphone-functionality-choice-control#/,pending,0,0,
4851,https://www.indiegogo.com//projects/prodigygolfer-sports-apparel#/,pending,0,0,
4852,https://www.indiegogo.com//projects/product-photos-made-simple-a-how-to-guide#/,pending,0,0,
4853,https://www.indiegogo.com//projects/professor-dario-bava-paranormal-playboy-comic#/,pending,0,0,
4854,https://www.indiegogo.com//projects/professor-nash-does-allentown#/,pending,0,0,
4855,https://www.indiegogo.com//projects/progo-a-revolutionary-carry-on-or-camera-backpack#/,pending,0,0,
4856,https://www.indiegogo.com//projects/progress-in-technology-middle-east#/,pending,0,0,
4857,https://www.indiegogo.com//projects/prohealth-the-productive-healthcare-cloud#/,pending,0,0,
4858,https://www.indiegogo.com//projects/project-cambodia--3#/,pending,0,0,
4859,https://www.indiegogo.com//projects/project-dove-2015-to-kompong-spue-cambodia#/,pending,0,0,
4860,https://www.indiegogo.com//projects/project-heal-amelia#/,pending,0,0,
4861,https://www.indiegogo.com//projects/project-inspire-2014-15-youth-empowerment-programs#/,pending,0,0,
4862,https://www.indiegogo.com//projects/project-inspire-public-launch-inspire-the-movement#/,pending,0,0,
4863,https://www.indiegogo.com//projects/project-m-2012#/,pending,0,0,
4864,https://www.indiegogo.com//projects/project-panther#/,pending,0,0,
4865,https://www.indiegogo.com//projects/project-saviour#/,pending,0,0,
4866,https://www.indiegogo.com//projects/project-shard-transparent-display-side-panel#/,pending,0,0,
4867,https://www.indiegogo.com//projects/project-shark-tank#/,pending,0,0,
4868,https://www.indiegogo.com//projects/project-vitrify-better-waste-management#/,pending,0,0,
4869,https://www.indiegogo.com//projects/projectors-for-language-classrooms-in-mongolia#/,pending,0,0,
4870,https://www.indiegogo.com//projects/projectplay-the-retro-gaming-smartphone-case#/,pending,0,0,
4871,https://www.indiegogo.com//projects/projet-costa-rica-project#/,pending,0,0,
4872,https://www.indiegogo.com//projects/prolenaone-a-natural-solution-to-multiple-diseases#/,pending,0,0,
4873,https://www.indiegogo.com//projects/promoting-a-healthy-body-image#/,pending,0,0,
4874,https://www.indiegogo.com//projects/prosage-thermo-percussion-massager-with-warm-up#/,pending,0,0,
4875,https://www.indiegogo.com//projects/prostaboost-for-men-naturally#/,pending,0,0,
4876,https://www.indiegogo.com//projects/protect-your-ankle-with-a-simple-pair-of-socks#/,pending,0,0,
4877,https://www.indiegogo.com//projects/protect-your-children-with-sun-safe-swimwear-from-makara-kids#/,pending,0,0,
4878,https://www.indiegogo.com//projects/protectabee-all-in-one-adjustable-hive-entrance#/,pending,0,0,
4879,https://www.indiegogo.com//projects/protectvest-your-on-the-go-protective-gear#/,pending,0,0,
4880,https://www.indiegogo.com//projects/protein--4#/,pending,0,0,
4881,https://www.indiegogo.com//projects/protekt-world-s-first-protection-jacket#/,pending,0,0,
4882,https://www.indiegogo.com//projects/protocloud-effortless-prototyping-for-all-your-digital-projects#/,pending,0,0,
4883,https://www.indiegogo.com//projects/protonet-zoe-start-your-secure-smart-home-now#/,pending,0,0,
4884,https://www.indiegogo.com//projects/prototype-for-continuous-renewable-electricity#/,pending,0,0,
4885,https://www.indiegogo.com//projects/prototype-with-smd-arduino-breadboard-style-boards#/,pending,0,0,
4886,https://www.indiegogo.com//projects/proudli-global-african-commerce-app#/,pending,0,0,
4887,https://www.indiegogo.com//projects/proven-therapy-for-drug-resistant-epilepsy#/,pending,0,0,
4888,https://www.indiegogo.com//projects/provide-laptops-to-two-promising-urban-web-designers#/,pending,0,0,
4889,https://www.indiegogo.com//projects/providing-early-childhood-education-in-slums#/,pending,0,0,
4890,https://www.indiegogo.com//projects/providing-free-health-services-for-community-in-guatemalan-highlights#/,pending,0,0,
4891,https://www.indiegogo.com//projects/proview-g3-wearable-gimbal-cable-cam-for-gopro#/,pending,0,0,
4892,https://www.indiegogo.com//projects/provoking-learning-through-play-with-maker-bags#/,pending,0,0,
4893,https://www.indiegogo.com//projects/proyecto-libelula-universidad-simon-bolivar-sede-litoral-venezuela#/,pending,0,0,
4894,https://www.indiegogo.com//projects/proyecto-pizzicato#/,pending,0,0,
4895,https://www.indiegogo.com//projects/prussia-cove-international-musicians-seminar#/,pending,0,0,
4896,https://www.indiegogo.com//projects/pruto-mesh-action-sports-communicator-with-led#/,pending,0,0,
4897,https://www.indiegogo.com//projects/prynt-pocket-for-android#/,pending,0,0,
4898,https://www.indiegogo.com//projects/ps-261-fundraiser#/,pending,0,0,
4899,https://www.indiegogo.com//projects/psi-chi-brings-twloha-to-the-university-of-hartford#/,pending,0,0,
4900,https://www.indiegogo.com//projects/psychedelic-honey-swim-x-activewear#/,pending,0,0,
4901,https://www.indiegogo.com//projects/psychomob-ils-enfants-des-rues-du-perou-2015#/,pending,0,0,
4902,https://www.indiegogo.com//projects/public-goods-revolutionizing-household-products--3#/,pending,0,0,
4903,https://www.indiegogo.com//projects/publicacion-de-libros-en-la-ibooks-store-el-curso#/,pending,0,0,
4904,https://www.indiegogo.com//projects/puente-student-scholarship#/,pending,0,0,
4905,https://www.indiegogo.com//projects/puertas-abiertas-latino-lgbtqa-advocacy#/,pending,0,0,
4906,https://www.indiegogo.com//projects/puerto-rico-relief--5#/,pending,0,0,
4907,https://www.indiegogo.com//projects/pugz#/,pending,0,0,
4908,https://www.indiegogo.com//projects/pulo-luxury-wallet#/,pending,0,0,
4909,https://www.indiegogo.com//projects/pulse-analog-audio-components#/,pending,0,0,
4910,https://www.indiegogo.com//projects/pulse-play-a-smart-watch-for-tennis-players#/,pending,0,0,
4911,https://www.indiegogo.com//projects/pulse-project-funds-to-present-research-at-deep-listening-inst-conference-nyc#/,pending,0,0,
4912,https://www.indiegogo.com//projects/pulsetto-reduce-stress-anxiety-improve-sleep#/,pending,0,0,
4913,https://www.indiegogo.com//projects/pulsex1-ultra-slim-minimalistic-wallet#/,pending,0,0,
4914,https://www.indiegogo.com//projects/pumps-for-progress#/,pending,0,0,
4915,https://www.indiegogo.com//projects/puna-water-center-benefit-concert#/,pending,0,0,
4916,https://www.indiegogo.com//projects/punchtrac-track-every-punch-in-training#/,pending,0,0,
4917,https://www.indiegogo.com//projects/pup-scan-the-world-s-fastest-pocket-scanner#/,pending,0,0,
4918,https://www.indiegogo.com//projects/puppydoc-dog-activity-sun-exposure-tracker#/,pending,0,0,
4919,https://www.indiegogo.com//projects/pure-water-revolution#/,pending,0,0,
4920,https://www.indiegogo.com//projects/purple-kisses-and-kidneys#/,pending,0,0,
4921,https://www.indiegogo.com//projects/purpose-bag#/,pending,0,0,
4922,https://www.indiegogo.com//projects/purrzone-stop-snoring-and-get-some-sleep#/,pending,0,0,
4923,https://www.indiegogo.com//projects/push-creating-an-art-classroom#/,pending,0,0,
4924,https://www.indiegogo.com//projects/pushing-limits-global-triathlon#/,pending,0,0,
4925,https://www.indiegogo.com//projects/pussycat-panties#/,pending,0,0,
4926,https://www.indiegogo.com//projects/put-a-hat-on-the-baby#/,pending,0,0,
4927,https://www.indiegogo.com//projects/put-our-child-not-yours-to-work-for-all-parents#/,pending,0,0,
4928,https://www.indiegogo.com//projects/putting-young-men-on-the-road-to-college#/,pending,0,0,
4929,https://www.indiegogo.com//projects/puzzle-splint-innovative-first-aid-for-injury#/,pending,0,0,
4930,https://www.indiegogo.com//projects/puzzle-time-cafe#/,pending,0,0,
4931,https://www.indiegogo.com//projects/pwnage-ultra-custom-wireless-gaming-mouse#/,pending,0,0,
4932,https://www.indiegogo.com//projects/pytes-ecox18-pro-portable-expandable-power-station#/,pending,0,0,
4933,https://www.indiegogo.com//projects/pz1-when-sneakers-became-a-second-skin--2#/,pending,0,0,
4934,https://www.indiegogo.com//projects/q-vani-the-future-of-men-s-footwear#/,pending,0,0,
4935,https://www.indiegogo.com//projects/qhuas#/,pending,0,0,
4936,https://www.indiegogo.com//projects/qi-aerista-smart-tea-brewer-for-every-type-of-tea#/,pending,0,0,
4937,https://www.indiegogo.com//projects/qigul-voice-activated-search-for-tv-coupons#/,pending,0,0,
4938,https://www.indiegogo.com//projects/qii-rollable-full-sized-and-pocket-sized-keyboard--2#/,pending,0,0,
4939,https://www.indiegogo.com//projects/qipillow-science-to-comfort-your-back#/,pending,0,0,
4940,https://www.indiegogo.com//projects/qitah-blind-positioning-wireless-charger#/,pending,0,0,
4941,https://www.indiegogo.com//projects/qot-bifold-the-world-s-easiest-wallet-to-use#/,pending,0,0,
4942,https://www.indiegogo.com//projects/qpc-the-first-truly-customizable-pc#/,pending,0,0,
4943,https://www.indiegogo.com//projects/qr-tag-ingenious-solution-to-mark-keys-and-pets-and-get-them-back-when-lost#/,pending,0,0,
4944,https://www.indiegogo.com//projects/qtime-it-hub#/,pending,0,0,
4945,https://www.indiegogo.com//projects/quackers-anti-mould-mildew-bath-ducks#/,pending,0,0,
4946,https://www.indiegogo.com//projects/quair-medical-grade-purifying-device-made-portable#/,pending,0,0,
4947,https://www.indiegogo.com//projects/quality-education-for-all#/,pending,0,0,
4948,https://www.indiegogo.com//projects/quam-park-little-free-library-pleasant-springs-wi#/,pending,0,0,
4949,https://www.indiegogo.com//projects/quarky-learn-ai-make-bots-have-fun#/,pending,0,0,
4950,https://www.indiegogo.com//projects/qubix-double-compression-packing-cubes#/,pending,0,0,
4951,https://www.indiegogo.com//projects/queen-of-hearts--2#/,pending,0,0,
4952,https://www.indiegogo.com//projects/queen-victoria-s-distillery#/,pending,0,0,
4953,https://www.indiegogo.com//projects/queeng-playing-cards#/,pending,0,0,
4954,https://www.indiegogo.com//projects/quelab-version-2-0#/,pending,0,0,
4955,https://www.indiegogo.com//projects/quenchsea-turn-seawater-into-freshwater#/,pending,0,0,
4956,https://www.indiegogo.com//projects/queremos-seguir-rodando#/,pending,0,0,
4957,https://www.indiegogo.com//projects/quest-foundry-a-quest-creator-for-pen-and-paper-rpgs#/,pending,0,0,
4958,https://www.indiegogo.com//projects/quic-4x-faster-wireless-powerbank-charger-18w-qc3#/,pending,0,0,
4959,https://www.indiegogo.com//projects/quick-charge-disposable-battery#/,pending,0,0,
4960,https://www.indiegogo.com//projects/quick-start-grill#/,pending,0,0,
4961,https://www.indiegogo.com//projects/quickstove-cook-kit-emergency-outdoor-survival#/,pending,0,0,
4962,https://www.indiegogo.com//projects/quieton-active-noise-cancelling-earplugs#/,pending,0,0,
4963,https://www.indiegogo.com//projects/quiproquo-flamenco-le-cirque-perdu-chispas--2#/,pending,0,0,
4964,https://www.indiegogo.com//projects/qur-an-academy-the-world-s-first-smart-qur-an-memorization-revision-app#/,pending,0,0,
4965,https://www.indiegogo.com//projects/r-r-a-revolutionary-pain-relief-cream#/,pending,0,0,
4966,https://www.indiegogo.com//projects/r1-the-first-and-only-robotic-suitcase#/,pending,0,0,
4967,https://www.indiegogo.com//projects/r2l-cell-phone-radiation-reducing-microprocessor#/,pending,0,0,
4968,https://www.indiegogo.com//projects/raadition-apple-ii-in-back-retro-computer-case#/,pending,0,0,
4969,https://www.indiegogo.com//projects/rabbitjacket#/,pending,0,0,
4970,https://www.indiegogo.com//projects/rabet-feature-film#/,pending,0,0,
4971,https://www.indiegogo.com//projects/race-against-alzheimer-s-disease#/,pending,0,0,
4972,https://www.indiegogo.com//projects/race-for-the-future#/,pending,0,0,
4973,https://www.indiegogo.com//projects/rachel-needs-you#/,pending,0,0,
4974,https://www.indiegogo.com//projects/racing-to-raise#/,pending,0,0,
4975,https://www.indiegogo.com//projects/radical-social-work-anti-racism-dialogue#/,pending,0,0,
4976,https://www.indiegogo.com//projects/radio-king-academy-2017#/,pending,0,0,
4977,https://www.indiegogo.com//projects/rails-girls-bogota-for-the-first-time--2#/,pending,0,0,
4978,https://www.indiegogo.com//projects/rain-fly-bug-net-by-flagstaff-outdoor-co#/,pending,0,0,
4979,https://www.indiegogo.com//projects/rainbow-carrier#/,pending,0,0,
4980,https://www.indiegogo.com//projects/rainbow-maximalist-tourbillon-racing-watch--2#/,pending,0,0,
4981,https://www.indiegogo.com//projects/raise-for-the-cure--2#/,pending,0,0,
4982,https://www.indiegogo.com//projects/raise-money-for-callie-s-health-expenses#/,pending,0,0,
4983,https://www.indiegogo.com//projects/raise-money-smart-kids#/,pending,0,0,
4984,https://www.indiegogo.com//projects/raise-the-dead-experiment-on-zombies#/,pending,0,0,
4985,https://www.indiegogo.com//projects/raise-the-roof-at-ascension-pole-and-dance#/,pending,0,0,
4986,https://www.indiegogo.com//projects/raising-5000-for-students-for-a-free-tibet#/,pending,0,0,
4987,https://www.indiegogo.com//projects/raising-awareness-for-huntington-s-disease-by-running-across-the-country-ca-ny#/,pending,0,0,
4988,https://www.indiegogo.com//projects/raising-for-malcolm-mcgruder-national-young-leaders-state-conference-2012#/,pending,0,0,
4989,https://www.indiegogo.com//projects/raising-hope-for-ruthie--4#/,pending,0,0,
4990,https://www.indiegogo.com//projects/raising-money-for-a-kidney-transplant#/,pending,0,0,
4991,https://www.indiegogo.com//projects/raising-money-for-medical-supplies#/,pending,0,0,
4992,https://www.indiegogo.com//projects/raising-money-for-the-dan-payne-memorial-fund#/,pending,0,0,
4993,https://www.indiegogo.com//projects/raising-new-lowers-new-lower-masts-for-brigantine-st-lawrence-ii#/,pending,0,0,
4994,https://www.indiegogo.com//projects/rakin-world-s-first-5v-battery-heated-blanket#/,pending,0,0,
4995,https://www.indiegogo.com//projects/rallystar-motorsport-academy#/,pending,0,0,
4996,https://www.indiegogo.com//projects/ramsey-supply-full-wood-polarized-sunglasses#/,pending,0,0,
4997,https://www.indiegogo.com//projects/randy-reisbord-aza-s-annual-dodgeball-tournament#/,pending,0,0,
4998,https://www.indiegogo.com//projects/ranger-compact-backpackable-takedown-survival-bow#/,pending,0,0,
4999,https://www.indiegogo.com//projects/ranvoo-aice-3-your-ultimate-summer-cooling-device#/,pending,0,0,
5000,https://www.indiegogo.com//projects/rap-in-a-refugee-camp-support-joker-s-education#/,pending,0,0,
5001,https://www.indiegogo.com//projects/rapid-scholarship-raise-for-homer-high-school#/,pending,0,0,
5002,https://www.indiegogo.com//projects/rapid-ssd-interchangeable-high-speed-portable-ssd#/,pending,0,0,
5003,https://www.indiegogo.com//projects/rapture-the-premiere-title-from-ignition-comics#/,pending,0,0,
5004,https://www.indiegogo.com//projects/ravage-kill-all-men#/,pending,0,0,
5005,https://www.indiegogo.com//projects/raykiller-never-touch-a-dirty-phone-again#/,pending,0,0,
5006,https://www.indiegogo.com//projects/raymio-sun-protection-wearable#/,pending,0,0,
5007,https://www.indiegogo.com//projects/rayns-hope-fund#/,pending,0,0,
5008,https://www.indiegogo.com//projects/razor-not-your-average-box-cutter#/,pending,0,0,
5009,https://www.indiegogo.com//projects/re-green-zero-waste-composter-kit#/,pending,0,0,
5010,https://www.indiegogo.com//projects/re-invented-3rd-generation-dentasonique-charcoal#/,pending,0,0,
5011,https://www.indiegogo.com//projects/re-zoom-your-job-hunting-tool-an-ipad-app#/,pending,0,0,
5012,https://www.indiegogo.com//projects/reach-out-with-yoga#/,pending,0,0,
5013,https://www.indiegogo.com//projects/reaching-the-creative-dream#/,pending,0,0,
5014,https://www.indiegogo.com//projects/readincolor-diverse-books-for-every-kid#/,pending,0,0,
5015,https://www.indiegogo.com//projects/ready-for-change-the-bathroom-kit-is-here#/,pending,0,0,
5016,https://www.indiegogo.com//projects/ready-to-thrive-back-to-school-drive#/,pending,0,0,
5017,https://www.indiegogo.com//projects/readycase#/,pending,0,0,
5018,https://www.indiegogo.com//projects/reagan-chat-secure-private-messaging-platform#/,pending,0,0,
5019,https://www.indiegogo.com//projects/real-latin-course#/,pending,0,0,
5020,https://www.indiegogo.com//projects/real-time-live-in-the-moment-look-at-the-stars#/,pending,0,0,
5021,https://www.indiegogo.com//projects/realm-of-amazing#/,pending,0,0,
5022,https://www.indiegogo.com//projects/realms-of-ruin-the-burlap-sack#/,pending,0,0,
5023,https://www.indiegogo.com//projects/rearguard-hema-mask-with-back-of-head-protection#/,pending,0,0,
5024,https://www.indiegogo.com//projects/rebel-budo-martial-arts#/,pending,0,0,
5025,https://www.indiegogo.com//projects/rebirth-onbright-productions#/,pending,0,0,
5026,https://www.indiegogo.com//projects/rebuild-a-typhoon-struck-school#/,pending,0,0,
5027,https://www.indiegogo.com//projects/rebuild-homes-for-those-lost-in-the-malawi-floods#/,pending,0,0,
5028,https://www.indiegogo.com//projects/rebuild-long-beach#/,pending,0,0,
5029,https://www.indiegogo.com//projects/rebuild-lushomo-community-school#/,pending,0,0,
5030,https://www.indiegogo.com//projects/rebuild-nepal-back-to-school--2#/,pending,0,0,
5031,https://www.indiegogo.com//projects/rebuild-nepal-keeping-children-in-school#/,pending,0,0,
5032,https://www.indiegogo.com//projects/rebuild-school-in-rural-kenya-make-it-solar#/,pending,0,0,
5033,https://www.indiegogo.com//projects/rebuild-studio#/,pending,0,0,
5034,https://www.indiegogo.com//projects/rebuild-the-greenhouse#/,pending,0,0,
5035,https://www.indiegogo.com//projects/rebuild-the-oven-at-the-old-stone-house#/,pending,0,0,
5036,https://www.indiegogo.com//projects/rebuilding-learning-and-storytelling-in-nepal#/,pending,0,0,
5037,https://www.indiegogo.com//projects/rebuilding-quake-affected-schools-of-gorkha-nepal#/,pending,0,0,
5038,https://www.indiegogo.com//projects/rebuilding-schools-in-the-philippines#/,pending,0,0,
5039,https://www.indiegogo.com//projects/reconstruct-hope-by-tevido-biodevices#/,pending,0,0,
5040,https://www.indiegogo.com//projects/reconstructive-clavicle-surgery#/,pending,0,0,
5041,https://www.indiegogo.com//projects/reconstruyamos-a-venezuela-ayudanosaformarlos#/,pending,0,0,
5042,https://www.indiegogo.com//projects/recovering-from-a-toxic-injury#/,pending,0,0,
5043,https://www.indiegogo.com//projects/redefining-the-classic-luxury-watch-watches#/,pending,0,0,
5044,https://www.indiegogo.com//projects/reds-rapid-ebola-detection-strips#/,pending,0,0,
5045,https://www.indiegogo.com//projects/reduce-cellulite-like-a-pro-with-assome#/,pending,0,0,
5046,https://www.indiegogo.com//projects/reduce-reuse-and-recycle-in-siem-reap#/,pending,0,0,
5047,https://www.indiegogo.com//projects/reefkeeper-belize-save-the-reef-educate-youth#/,pending,0,0,
5048,https://www.indiegogo.com//projects/reelfinatics-the-anglers-network#/,pending,0,0,
5049,https://www.indiegogo.com//projects/reencle-kitchen-to-garden-fertilizer-composter#/,pending,0,0,
5050,https://www.indiegogo.com//projects/reevo-the-hubless-e-bike#/,pending,0,0,
5051,https://www.indiegogo.com//projects/refine-for-men-the-first-complexion-enhancer-specifically-made-for-men#/,pending,0,0,
5052,https://www.indiegogo.com//projects/refresh-bamboo-toothbrush-with-removable-bristles#/,pending,0,0,
5053,https://www.indiegogo.com//projects/refund-buy-a-pencil-fund-a-revolution#/,pending,0,0,
5054,https://www.indiegogo.com//projects/refurbishing-an-orphanage-in-ho-chi-minh-city#/,pending,0,0,
5055,https://www.indiegogo.com//projects/reginald-thomas#/,pending,0,0,
5056,https://www.indiegogo.com//projects/regional-lacrosse-league#/,pending,0,0,
5057,https://www.indiegogo.com//projects/reglo-the-recovery-glove#/,pending,0,0,
5058,https://www.indiegogo.com//projects/rehabilitation-and-health-in-haiti#/,pending,0,0,
5059,https://www.indiegogo.com//projects/reimagining-social-work#/,pending,0,0,
5060,https://www.indiegogo.com//projects/reinkstone-r1-the-true-color-des-e-paper-tablet--3#/,pending,0,0,
5061,https://www.indiegogo.com//projects/relaxbax-back-neck-pain-and-insomnia-relief#/,pending,0,0,
5062,https://www.indiegogo.com//projects/relay-for-life-2012#/,pending,0,0,
5063,https://www.indiegogo.com//projects/relic-paleo-protein-shakes-just-got-better#/,pending,0,0,
5064,https://www.indiegogo.com//projects/rely-a-light-the-lamp-that-works-when-the-power-goes-out#/,pending,0,0,
5065,https://www.indiegogo.com//projects/remedy-ice#/,pending,0,0,
5066,https://www.indiegogo.com//projects/remembering-martin-luther-king-and-looking-forward#/,pending,0,0,
5067,https://www.indiegogo.com//projects/remobile-reduce-reuse-recycle#/,pending,0,0,
5068,https://www.indiegogo.com//projects/renacer-en-90-dias-r90d-tv#/,pending,0,0,
5069,https://www.indiegogo.com//projects/renegade-elite-the-revolutionary-mini-computer#/,pending,0,0,
5070,https://www.indiegogo.com//projects/renewing-my-32g#/,pending,0,0,
5071,https://www.indiegogo.com//projects/renovate-unity-performing-arts-career-center#/,pending,0,0,
5072,https://www.indiegogo.com//projects/renovation-for-kaloian-s-yoga-studio#/,pending,0,0,
5073,https://www.indiegogo.com//projects/renovation-for-learning#/,pending,0,0,
5074,https://www.indiegogo.com//projects/rent-a-stick#/,pending,0,0,
5075,https://www.indiegogo.com//projects/rent-money--2#/,pending,0,0,
5076,https://www.indiegogo.com//projects/renza-sustainable-plant-based-sunglasses#/,pending,0,0,
5077,https://www.indiegogo.com//projects/rep-counter-for-kettlebells-android-ios#/,pending,0,0,
5078,https://www.indiegogo.com//projects/reparation-for-tunisian-martyr-of-the-revolution#/,pending,0,0,
5079,https://www.indiegogo.com//projects/reproduction-1954-1955-cadillac-antenna-mast#/,pending,0,0,
5080,https://www.indiegogo.com//projects/rescatar-un-sueno-rescue-a-dream#/,pending,0,0,
5081,https://www.indiegogo.com//projects/research-center#/,pending,0,0,
5082,https://www.indiegogo.com//projects/researching-the-biology-of-memories-in-c-elegans#/,pending,0,0,
5083,https://www.indiegogo.com//projects/resilient-skin-co-natural-skin-perfection-cc-cream#/,pending,0,0,
5084,https://www.indiegogo.com//projects/resinate-remanufacturing-made-from-plastic-waste#/,pending,0,0,
5085,https://www.indiegogo.com//projects/resonate--4#/,pending,0,0,
5086,https://www.indiegogo.com//projects/resources-war-game-board-game#/,pending,0,0,
5087,https://www.indiegogo.com//projects/respectful-ways-online-character-education-program#/,pending,0,0,
5088,https://www.indiegogo.com//projects/rest-your-discs-strengthen-with-dtrac-v2#/,pending,0,0,
5089,https://www.indiegogo.com//projects/restoration-of-the-court-street-school#/,pending,0,0,
5090,https://www.indiegogo.com//projects/restore-ebenezer-academy-uganda#/,pending,0,0,
5091,https://www.indiegogo.com//projects/restore-the-north-mountain-lookout--2#/,pending,0,0,
5092,https://www.indiegogo.com//projects/restoring-a-15th-century-well-from-moldova#/,pending,0,0,
5093,https://www.indiegogo.com//projects/restoring-skin-one-at-a-time#/,pending,0,0,
5094,https://www.indiegogo.com//projects/restoringhistory-us-website#/,pending,0,0,
5095,https://www.indiegogo.com//projects/resurrecting-the-scott-carpenter-station#/,pending,0,0,
5096,https://www.indiegogo.com//projects/retreat-for-cancer-patients-and-families#/,pending,0,0,
5097,https://www.indiegogo.com//projects/retrievor-self-charging-gps-tracking#/,pending,0,0,
5098,https://www.indiegogo.com//projects/retro-futuristic-mechanical-watch-under-250#/,pending,0,0,
5099,https://www.indiegogo.com//projects/retroengine-sigma-mini-video-game-console#/,pending,0,0,
5100,https://www.indiegogo.com//projects/reusable-seasoning-tool-for-cast-iron-skillets#/,pending,0,0,
5101,https://www.indiegogo.com//projects/reveal-headphones#/,pending,0,0,
5102,https://www.indiegogo.com//projects/reversemax#/,pending,0,0,
5103,https://www.indiegogo.com//projects/reversing-african-brain-drain#/,pending,0,0,
5104,https://www.indiegogo.com//projects/revitalization-of-morrumbene-garden-mozambique#/,pending,0,0,
5105,https://www.indiegogo.com//projects/reviving-the-first-planetarium-in-mexico#/,pending,0,0,
5106,https://www.indiegogo.com//projects/revol-snax-low-carb-high-fat-bites#/,pending,0,0,
5107,https://www.indiegogo.com//projects/revolt-wind-turbines#/,pending,0,0,
5108,https://www.indiegogo.com//projects/revolution-in-cancer-diagnostic#/,pending,0,0,
5109,https://www.indiegogo.com//projects/revolutionary-new-bras-supports-women-in-new-ways#/,pending,0,0,
5110,https://www.indiegogo.com//projects/revolutionize-education-inspire-creativity#/,pending,0,0,
5111,https://www.indiegogo.com//projects/revolutionizing-agriculture#/,pending,0,0,
5112,https://www.indiegogo.com//projects/revolutionizing-how-we-sell-shop-and-save#/,pending,0,0,
5113,https://www.indiegogo.com//projects/revolutionizing-job-recruitment-together-for-all#/,pending,0,0,
5114,https://www.indiegogo.com//projects/revolutionizing-mental-health-care-for-children#/,pending,0,0,
5115,https://www.indiegogo.com//projects/revoxen-standing-desk-with-dock-ssd-enclosure#/,pending,0,0,
5116,https://www.indiegogo.com//projects/rewind-needs-a-new-laptop-for-sexy-times#/,pending,0,0,
5117,https://www.indiegogo.com//projects/rez-up-exhibition-funding#/,pending,0,0,
5118,https://www.indiegogo.com//projects/rezoning-application-for-primal-athletics#/,pending,0,0,
5119,https://www.indiegogo.com//projects/rfid-wallet#/,pending,0,0,
5120,https://www.indiegogo.com//projects/rhianna-s-icl-tuition#/,pending,0,0,
5121,https://www.indiegogo.com//projects/rhino-band-for-apple-watch-iphone#/,pending,0,0,
5122,https://www.indiegogo.com//projects/rhinowolf-2-0-the-all-in-one-attachable-supertent#/,pending,0,0,
5123,https://www.indiegogo.com//projects/rhinowolf-the-all-in-one-attachable-super-tent#/,pending,0,0,
5124,https://www.indiegogo.com//projects/ri-rebellion-2015-membership-drive#/,pending,0,0,
5125,https://www.indiegogo.com//projects/ri-universal-remote#/,pending,0,0,
5126,https://www.indiegogo.com//projects/rich-celeste-s-honeymoon--74#/,pending,0,0,
5127,https://www.indiegogo.com//projects/rid-we-do-development-differently#/,pending,0,0,
5128,https://www.indiegogo.com//projects/ride-oakland#/,pending,0,0,
5129,https://www.indiegogo.com//projects/ride-sleep-repeat-eine-fahrradtour-durch-europa#/,pending,0,0,
5130,https://www.indiegogo.com//projects/rideair-effortless-air-pump#/,pending,0,0,
5131,https://www.indiegogo.com//projects/rideeasy-portable-snowboard-footrest-lock#/,pending,0,0,
5132,https://www.indiegogo.com//projects/ridepal-private-labeled-shared-commuter-buses#/,pending,0,0,
5133,https://www.indiegogo.com//projects/riding-for-mental-health#/,pending,0,0,
5134,https://www.indiegogo.com//projects/ridm-health-partner-tracking-body-fat-muscle--3#/,pending,0,0,
5135,https://www.indiegogo.com//projects/rift-riders-1#/,pending,0,0,
5136,https://www.indiegogo.com//projects/riftup#/,pending,0,0,
5137,https://www.indiegogo.com//projects/right-bove-touch-healthy-solution-for-pc-mouse#/,pending,0,0,
5138,https://www.indiegogo.com//projects/right-to-life-university#/,pending,0,0,
5139,https://www.indiegogo.com//projects/riki-broke-his-knee#/,pending,0,0,
5140,https://www.indiegogo.com//projects/riley-a-smarter-robot#/,pending,0,0,
5141,https://www.indiegogo.com//projects/rimfo-a-transform-armor-for-magsafe-charger#/,pending,0,0,
5142,https://www.indiegogo.com//projects/rippavilla-plantation-roof-gutters-and-shutters#/,pending,0,0,
5143,https://www.indiegogo.com//projects/ripplebuds-world-s-1st-noise-blocking-earbuds#/,pending,0,0,
5144,https://www.indiegogo.com//projects/rise-against-ebola-virus-disease#/,pending,0,0,
5145,https://www.indiegogo.com//projects/rise-of-the-phoenix-dristi-nepal-s-first-european-fundraising-gala#/,pending,0,0,
5146,https://www.indiegogo.com//projects/rishis-xyz-web-development#/,pending,0,0,
5147,https://www.indiegogo.com//projects/rite-press-the-no-mess-french-press--5#/,pending,0,0,
5148,https://www.indiegogo.com//projects/river-smart-power-systems-solar-charging#/,pending,0,0,
5149,https://www.indiegogo.com//projects/rj-s-weight-loss#/,pending,0,0,
5150,https://www.indiegogo.com//projects/rng-products-affordable-utility-magnets#/,pending,0,0,
5151,https://www.indiegogo.com//projects/road-of-creativity-s-music-entrepreneurship-retreat-scholarship-fund#/,pending,0,0,
5152,https://www.indiegogo.com//projects/road-to-outdoor-nationals#/,pending,0,0,
5153,https://www.indiegogo.com//projects/road-to-the-youth#/,pending,0,0,
5154,https://www.indiegogo.com//projects/roam-100-portable-power-for-modern-nomads#/,pending,0,0,
5155,https://www.indiegogo.com//projects/roam-cooperative-experience-yosemite#/,pending,0,0,
5156,https://www.indiegogo.com//projects/roamyo-sociable-phone-charger#/,pending,0,0,
5157,https://www.indiegogo.com//projects/robert-daniels-wheel-chair-ramp-fund-raiser#/,pending,0,0,
5158,https://www.indiegogo.com//projects/robin-s-request#/,pending,0,0,
5159,https://www.indiegogo.com//projects/robinson-s-surgery#/,pending,0,0,
5160,https://www.indiegogo.com//projects/roborave-international-colombia-2017#/,pending,0,0,
5161,https://www.indiegogo.com//projects/robosmart-light-bulb-the-intelligent-wireless-led-bulb#/,pending,0,0,
5162,https://www.indiegogo.com//projects/robotex-robotics-2016#/,pending,0,0,
5163,https://www.indiegogo.com//projects/robotics-in-medicine-future-healthcare-professionals#/,pending,0,0,
5164,https://www.indiegogo.com//projects/rock-art#/,pending,0,0,
5165,https://www.indiegogo.com//projects/rock-that-cock-a-mobile-app#/,pending,0,0,
5166,https://www.indiegogo.com//projects/rock-torch-contribute-to-sweet-relief-food-banks-and-hurricane-sandy-victims#/,pending,0,0,
5167,https://www.indiegogo.com//projects/rocket-and-lace#/,pending,0,0,
5168,https://www.indiegogo.com//projects/rocket-angel-improve-safety-for-incoming-attacks#/,pending,0,0,
5169,https://www.indiegogo.com//projects/rocket-bike-self-charging-100-mile-range-ebike#/,pending,0,0,
5170,https://www.indiegogo.com//projects/rockrooster-ems-training-suit--2#/,pending,0,0,
5171,https://www.indiegogo.com//projects/rockubot-the-music-playing-bed-cleaning-uvc-robot#/,pending,0,0,
5172,https://www.indiegogo.com//projects/rocky-mtn-house-airshow-society#/,pending,0,0,
5173,https://www.indiegogo.com//projects/rocky-ridge-music-center-2015-scholarships#/,pending,0,0,
5174,https://www.indiegogo.com//projects/roidmi-nex-storm-a-smart-cordless-vacuum-with-mop#/,pending,0,0,
5175,https://www.indiegogo.com//projects/rollova-the-first-compact-digital-rolling-ruler#/,pending,0,0,
5176,https://www.indiegogo.com//projects/rome-pilgrimage-for-holden#/,pending,0,0,
5177,https://www.indiegogo.com//projects/romeo-juliet-mosaic-acting-ensemble#/,pending,0,0,
5178,https://www.indiegogo.com//projects/ron-maggiano-music-scholars-fund#/,pending,0,0,
5179,https://www.indiegogo.com//projects/ron-paul-commemorative-sculpture#/,pending,0,0,
5180,https://www.indiegogo.com//projects/roomie-app--2#/,pending,0,0,
5181,https://www.indiegogo.com//projects/root-light-the-ultimate-teaching-reading-device#/,pending,0,0,
5182,https://www.indiegogo.com//projects/rootfolks-freedom-ride--3#/,pending,0,0,
5183,https://www.indiegogo.com//projects/rosa-programs#/,pending,0,0,
5184,https://www.indiegogo.com//projects/roseheal-clinic#/,pending,0,0,
5185,https://www.indiegogo.com//projects/rota-latest-high-end-fashion-sunglasses-48#/,pending,0,0,
5186,https://www.indiegogo.com//projects/round-2-help-us-save-bc-s-public-education-system#/,pending,0,0,
5187,https://www.indiegogo.com//projects/rovair-mobile-broadband-for-the-sharing-economy#/,pending,0,0,
5188,https://www.indiegogo.com//projects/rovr-rollr-60-the-most-feature-packed-cooler-ever#/,pending,0,0,
5189,https://www.indiegogo.com//projects/rowan-bay-woven-baby-wraps-launch-boost#/,pending,0,0,
5190,https://www.indiegogo.com//projects/rowdy-roddy-piper-the-kilted-avenger#/,pending,0,0,
5191,https://www.indiegogo.com//projects/roxford-a-minimalist-watch-with-tech-in-the-strap#/,pending,0,0,
5192,https://www.indiegogo.com//projects/roxx-wireless-ultrasound-imager-and-fat-analyzer#/,pending,0,0,
5193,https://www.indiegogo.com//projects/royal-basketball-academy#/,pending,0,0,
5194,https://www.indiegogo.com//projects/royal-dyeness-takes-euphoria#/,pending,0,0,
5195,https://www.indiegogo.com//projects/royole-x-the-first-foldable-smart-mobile-theatre#/,pending,0,0,
5196,https://www.indiegogo.com//projects/rpi-rugby-alumni-association-scrum-sled-initiative#/,pending,0,0,
5197,https://www.indiegogo.com//projects/rps-g1-accelerating-clean-energy-evolution#/,pending,0,0,
5198,https://www.indiegogo.com//projects/ruby-cup-a-game-changer-for-girls-education#/,pending,0,0,
5199,https://www.indiegogo.com//projects/ruby-s-10-challenge#/,pending,0,0,
5200,https://www.indiegogo.com//projects/rufus-cuff--4#/,pending,0,0,
5201,https://www.indiegogo.com//projects/run-cisco-run#/,pending,0,0,
5202,https://www.indiegogo.com//projects/run-for-a-cure-africa-breast-cancer-run#/,pending,0,0,
5203,https://www.indiegogo.com//projects/run-for-a-fitter-planet#/,pending,0,0,
5204,https://www.indiegogo.com//projects/run-for-stuff-get-rewarded-for-your-activity-game-app#/,pending,0,0,
5205,https://www.indiegogo.com//projects/run-for-the-world-race#/,pending,0,0,
5206,https://www.indiegogo.com//projects/run-to-end-child-exploitation#/,pending,0,0,
5207,https://www.indiegogo.com//projects/run-to-kenya-one-team-one-dream-the-african-cup-of-nations--2#/,pending,0,0,
5208,https://www.indiegogo.com//projects/runi-miami-swim-week-2023#/,pending,0,0,
5209,https://www.indiegogo.com//projects/running-213-kms-across-the-himalaya#/,pending,0,0,
5210,https://www.indiegogo.com//projects/running-for-community-health-and-agriculture#/,pending,0,0,
5211,https://www.indiegogo.com//projects/running-for-first-10k-for-first-united-the-downtown-eastside#/,pending,0,0,
5212,https://www.indiegogo.com//projects/running-for-team-george#/,pending,0,0,
5213,https://www.indiegogo.com//projects/running-for-the-animals#/,pending,0,0,
5214,https://www.indiegogo.com//projects/running-forward#/,pending,0,0,
5215,https://www.indiegogo.com//projects/running-out-of-time-help-sam-have-her-baby#/,pending,0,0,
5216,https://www.indiegogo.com//projects/running-the-zurich-marathon-for-the-ngo-h#/,pending,0,0,
5217,https://www.indiegogo.com//projects/running-to-save-mom-s-house#/,pending,0,0,
5218,https://www.indiegogo.com//projects/runningcoach-android-app#/,pending,0,0,
5219,https://www.indiegogo.com//projects/ruxy-vampire-1-action-packed-sexy-adventure--2#/,pending,0,0,
5220,https://www.indiegogo.com//projects/rwanda-youth-music-the-listening-playground#/,pending,0,0,
5221,https://www.indiegogo.com//projects/rymek-retro-bluetooth-mechanical-keyboard#/,pending,0,0,
5222,https://www.indiegogo.com//projects/rype-learn-a-new-language-by-actually-speaking-it#/,pending,0,0,
5223,https://www.indiegogo.com//projects/ryze-ups-the-modern-pull-up-bar#/,pending,0,0,
5224,https://www.indiegogo.com//projects/s-series-dolby-atmos-wireless-home-cinema-system#/,pending,0,0,
5225,https://www.indiegogo.com//projects/s-t-e-a-m-nation-2014#/,pending,0,0,
5226,https://www.indiegogo.com//projects/s-t-r-o-n-g-health-fitness-group#/,pending,0,0,
5227,https://www.indiegogo.com//projects/s2-silicone-mask-lab-tested-ffp3-n99-filters#/,pending,0,0,
5228,https://www.indiegogo.com//projects/sabbat-x12-the-most-creative-wireless-earphones#/,pending,0,0,
5229,https://www.indiegogo.com//projects/saberseminar-3-sabermetrics-scouting-and-the-science-of-baseball#/,pending,0,0,
5230,https://www.indiegogo.com//projects/sacoche-yvette-12-5-a-fashion-to-go-chest-bag#/,pending,0,0,
5231,https://www.indiegogo.com//projects/sacred-dancers-need-a-theatre-in-town-to-survive#/,pending,0,0,
5232,https://www.indiegogo.com//projects/sadieshelter-homekits-and-systems-inc#/,pending,0,0,
5233,https://www.indiegogo.com//projects/safe-and-portable-co2-laser-cutter#/,pending,0,0,
5234,https://www.indiegogo.com//projects/safe-and-sound-online-tutorial#/,pending,0,0,
5235,https://www.indiegogo.com//projects/safe-drinking-water-access-in-rural-ca#/,pending,0,0,
5236,https://www.indiegogo.com//projects/safe-sex-in-a-bottle--2#/,pending,0,0,
5237,https://www.indiegogo.com//projects/safe-waves#/,pending,0,0,
5238,https://www.indiegogo.com//projects/safe2meet-com-know-before-you-go#/,pending,0,0,
5239,https://www.indiegogo.com//projects/safeband-ultimate-security-system-bracelet-tags#/,pending,0,0,
5240,https://www.indiegogo.com//projects/safebox-encrypt-sync-your-cloud-files#/,pending,0,0,
5241,https://www.indiegogo.com//projects/safebrick-assist-to-avoid-tickets-in-traffic#/,pending,0,0,
5242,https://www.indiegogo.com//projects/saferide-automatically-disables-your-cell-phone-when-you-begin-to-drive#/,pending,0,0,
5243,https://www.indiegogo.com//projects/safesleeve-the-all-in-one-radiation-blocking-laptop-case#/,pending,0,0,
5244,https://www.indiegogo.com//projects/safet-plus-a-device-for-saving-lives#/,pending,0,0,
5245,https://www.indiegogo.com//projects/safety-and-therapy-equipment-for-matt-matt#/,pending,0,0,
5246,https://www.indiegogo.com//projects/safetycurtain-protecting-our-kids-at-school#/,pending,0,0,
5247,https://www.indiegogo.com//projects/sag-s-top-surgery-fund-raiser#/,pending,0,0,
5248,https://www.indiegogo.com//projects/sagan-s-quest-a-robot-s-journey-to-the-moon#/,pending,0,0,
5249,https://www.indiegogo.com//projects/sahara-spirits-liquor-for-a-cause#/,pending,0,0,
5250,https://www.indiegogo.com//projects/sailing-around-the-world-for-tyler#/,pending,0,0,
5251,https://www.indiegogo.com//projects/sailor-s-cross-tattoo-gallery#/,pending,0,0,
5252,https://www.indiegogo.com//projects/saki-s-tuition-challenge#/,pending,0,0,
5253,https://www.indiegogo.com//projects/sakima-productions-internship-program#/,pending,0,0,
5254,https://www.indiegogo.com//projects/sakugacity-com#/,pending,0,0,
5255,https://www.indiegogo.com//projects/salariin-kampuchea-sports-fundraiser#/,pending,0,0,
5256,https://www.indiegogo.com//projects/salut-monde-the-most-affordable-handmade-watch#/,pending,0,0,
5257,https://www.indiegogo.com//projects/salvage-tents-to-salvage-refugees#/,pending,0,0,
5258,https://www.indiegogo.com//projects/sammy-screamer-motion-alarm#/,pending,0,0,
5259,https://www.indiegogo.com//projects/samsara-the-world-s-first-aluminum-smart-suitcase--3#/,pending,0,0,
5260,https://www.indiegogo.com//projects/samsung-solve-for-tomorrow#/,pending,0,0,
5261,https://www.indiegogo.com//projects/samurai-heart-a-benefit-for-carlos-sapao-s-mother#/,pending,0,0,
5262,https://www.indiegogo.com//projects/san-pedro-martir-30-km-hillclimb-race-expense-help#/,pending,0,0,
5263,https://www.indiegogo.com//projects/sand-for-life-solutions-clean-water-for-ghana#/,pending,0,0,
5264,https://www.indiegogo.com//projects/sand-traxx-leave-a-custom-message-in-the-sand#/,pending,0,0,
5265,https://www.indiegogo.com//projects/sanders-helper#/,pending,0,0,
5266,https://www.indiegogo.com//projects/sandy-relief-effort#/,pending,0,0,
5267,https://www.indiegogo.com//projects/sani-amigo--2#/,pending,0,0,
5268,https://www.indiegogo.com//projects/sanitary-kits-for-children-in-puno-peru-help-save-100-kids-from-fatal-illness#/,pending,0,0,
5269,https://www.indiegogo.com//projects/sante-haiti-2012-mission-to-martissant#/,pending,0,0,
5270,https://www.indiegogo.com//projects/sar-volunteer-saving-another-life-with-kidney-donation#/,pending,0,0,
5271,https://www.indiegogo.com//projects/sarah-s-recovery-from-cancer#/,pending,0,0,
5272,https://www.indiegogo.com//projects/saskatoon-blitz-2015#/,pending,0,0,
5273,https://www.indiegogo.com//projects/sasse-girls#/,pending,0,0,
5274,https://www.indiegogo.com//projects/satu-hati#/,pending,0,0,
5275,https://www.indiegogo.com//projects/saturnringworld#/,pending,0,0,
5276,https://www.indiegogo.com//projects/savage-sasquanaut-1-4#/,pending,0,0,
5277,https://www.indiegogo.com//projects/savannah-s-smiles-are-forever#/,pending,0,0,
5278,https://www.indiegogo.com//projects/save-120-000-lives-from-cholera-deaths-around-the-world#/,pending,0,0,
5279,https://www.indiegogo.com//projects/save-7-year-old-safiya--3#/,pending,0,0,
5280,https://www.indiegogo.com//projects/save-a-home--8#/,pending,0,0,
5281,https://www.indiegogo.com//projects/save-a-life--7#/,pending,0,0,
5282,https://www.indiegogo.com//projects/save-a-munster-mikamunster#/,pending,0,0,
5283,https://www.indiegogo.com//projects/save-acl-race-engine-bearing-company#/,pending,0,0,
5284,https://www.indiegogo.com//projects/save-alen-maslo#/,pending,0,0,
5285,https://www.indiegogo.com//projects/save-ari-s-smile-d#/,pending,0,0,
5286,https://www.indiegogo.com//projects/save-baby-valentine#/,pending,0,0,
5287,https://www.indiegogo.com//projects/save-bayview-s-bike-shop#/,pending,0,0,
5288,https://www.indiegogo.com//projects/save-camp-cadi#/,pending,0,0,
5289,https://www.indiegogo.com//projects/save-caroline-s-face-teeth-hand#/,pending,0,0,
5290,https://www.indiegogo.com//projects/save-cooper-union-round-2#/,pending,0,0,
5291,https://www.indiegogo.com//projects/save-denise#/,pending,0,0,
5292,https://www.indiegogo.com//projects/save-detroit-one-twinkie-at-a-time#/,pending,0,0,
5293,https://www.indiegogo.com//projects/save-edson-murota-s-leg#/,pending,0,0,
5294,https://www.indiegogo.com//projects/save-garys-life#/,pending,0,0,
5295,https://www.indiegogo.com//projects/save-henry#/,pending,0,0,
5296,https://www.indiegogo.com//projects/save-james-life#/,pending,0,0,
5297,https://www.indiegogo.com//projects/save-jay#/,pending,0,0,
5298,https://www.indiegogo.com//projects/save-kerry-shakaboona-marshall-his-life-matters--2#/,pending,0,0,
5299,https://www.indiegogo.com//projects/save-kids-lives#/,pending,0,0,
5300,https://www.indiegogo.com//projects/save-lindsey-and-frank-from-the-ren-faire-trip-of-doom#/,pending,0,0,
5301,https://www.indiegogo.com//projects/save-lives-background-check-billboard-project#/,pending,0,0,
5302,https://www.indiegogo.com//projects/save-lives-in-nepal-act-now-for-earthquake-relief--2#/,pending,0,0,
5303,https://www.indiegogo.com//projects/save-maryvale-modified-sports#/,pending,0,0,
5304,https://www.indiegogo.com//projects/save-money-save-ghgs-with-solar-water-heating#/,pending,0,0,
5305,https://www.indiegogo.com//projects/save-mr-amare-mezgebu-a-father-of-two#/,pending,0,0,
5306,https://www.indiegogo.com//projects/save-my-smile--2#/,pending,0,0,
5307,https://www.indiegogo.com//projects/save-noninvasive-blood-glucose-tech-from-shelving#/,pending,0,0,
5308,https://www.indiegogo.com//projects/save-our-post-session#/,pending,0,0,
5309,https://www.indiegogo.com//projects/save-our-souls--6#/,pending,0,0,
5310,https://www.indiegogo.com//projects/save-paul-nelson#/,pending,0,0,
5311,https://www.indiegogo.com//projects/save-revolution-books-honolulu--3#/,pending,0,0,
5312,https://www.indiegogo.com//projects/save-the-babies#/,pending,0,0,
5313,https://www.indiegogo.com//projects/save-the-children-in-1-week-time#/,pending,0,0,
5314,https://www.indiegogo.com//projects/save-the-glee-club#/,pending,0,0,
5315,https://www.indiegogo.com//projects/save-the-purses-wrap-it-right-with-wrapurse#/,pending,0,0,
5316,https://www.indiegogo.com//projects/save-the-sight-of-a-person-in-need-in-ethiopia#/,pending,0,0,
5317,https://www.indiegogo.com//projects/save-the-wagon-of-doom-2#/,pending,0,0,
5318,https://www.indiegogo.com//projects/save-the-wild#/,pending,0,0,
5319,https://www.indiegogo.com//projects/save-these-children-in-nepal#/,pending,0,0,
5320,https://www.indiegogo.com//projects/save-thomas-s-life#/,pending,0,0,
5321,https://www.indiegogo.com//projects/save-trustin-a-lugo#/,pending,0,0,
5322,https://www.indiegogo.com//projects/save-yarmouk-concentration-camp-today#/,pending,0,0,
5323,https://www.indiegogo.com//projects/saving-albert#/,pending,0,0,
5324,https://www.indiegogo.com//projects/saving-life-through-early-detection-of-heart-attack#/,pending,0,0,
5325,https://www.indiegogo.com//projects/saving-lynnette-helping-her-family#/,pending,0,0,
5326,https://www.indiegogo.com//projects/saving-my-mother#/,pending,0,0,
5327,https://www.indiegogo.com//projects/saving-sean-fund#/,pending,0,0,
5328,https://www.indiegogo.com//projects/saving-the-sarny-vocational-institute#/,pending,0,0,
5329,https://www.indiegogo.com//projects/saving-the-world-1#/,pending,0,0,
5330,https://www.indiegogo.com//projects/saving-the-world-in-a-very-small-car#/,pending,0,0,
5331,https://www.indiegogo.com//projects/saving-tibetan-buddhist-books-at-national-library-of-mongolia#/,pending,0,0,
5332,https://www.indiegogo.com//projects/savings-resources-land-incriase-of-harvest#/,pending,0,0,
5333,https://www.indiegogo.com//projects/savvy-learn-english-through-experience#/,pending,0,0,
5334,https://www.indiegogo.com//projects/say-bye-to-ben-s-boobies#/,pending,0,0,
5335,https://www.indiegogo.com//projects/say-goodbye-to-the-sugar-high#/,pending,0,0,
5336,https://www.indiegogo.com//projects/say-mazal-tov-to-a-child-in-sign-language#/,pending,0,0,
5337,https://www.indiegogo.com//projects/say-yes-to-ches-back-to-school-funds#/,pending,0,0,
5338,https://www.indiegogo.com//projects/sb-backpack-the-best-anti-theft-bulletproof-bag#/,pending,0,0,
5339,https://www.indiegogo.com//projects/scalzo-wallet-simple-light-fast#/,pending,0,0,
5340,https://www.indiegogo.com//projects/scavenger-hunt-games-2013-at-the-accj-kansai-walk-a-thon#/,pending,0,0,
5341,https://www.indiegogo.com//projects/scenta-aromatherapy-pillowcase#/,pending,0,0,
5342,https://www.indiegogo.com//projects/scholarclips-for-boys#/,pending,0,0,
5343,https://www.indiegogo.com//projects/scholarship-fund--7#/,pending,0,0,
5344,https://www.indiegogo.com//projects/scholarship-fund-for-listening-to-life#/,pending,0,0,
5345,https://www.indiegogo.com//projects/scholarship-registry#/,pending,0,0,
5346,https://www.indiegogo.com//projects/scholarships-for-10-music-students-in-africa#/,pending,0,0,
5347,https://www.indiegogo.com//projects/scholarships-for-at-risk-kids-majoring-in-housing#/,pending,0,0,
5348,https://www.indiegogo.com//projects/scholarships-for-needy-students-in-hamisi-kenya#/,pending,0,0,
5349,https://www.indiegogo.com//projects/scholarships-for-orphans-in-south-sudan#/,pending,0,0,
5350,https://www.indiegogo.com//projects/school-bell-for-the-children-of-kenya#/,pending,0,0,
5351,https://www.indiegogo.com//projects/school-construction-for-underprivileged-india#/,pending,0,0,
5352,https://www.indiegogo.com//projects/school-for-kids-foundation-fabrizio-cyril-evilard-watch#/,pending,0,0,
5353,https://www.indiegogo.com//projects/school-in-a-backpack#/,pending,0,0,
5354,https://www.indiegogo.com//projects/school-inc-kids-yoga-in-la-public-schools#/,pending,0,0,
5355,https://www.indiegogo.com//projects/school-is-fun#/,pending,0,0,
5356,https://www.indiegogo.com//projects/school-of-honk#/,pending,0,0,
5357,https://www.indiegogo.com//projects/school-s-out-kw-let-s-send-kids-to-camp#/,pending,0,0,
5358,https://www.indiegogo.com//projects/school-supplies-donation-event#/,pending,0,0,
5359,https://www.indiegogo.com//projects/school-supplies-for-amicii-children#/,pending,0,0,
5360,https://www.indiegogo.com//projects/school-supplies-for-children-in-haiti#/,pending,0,0,
5361,https://www.indiegogo.com//projects/school-supplies-for-kids-in-central-america#/,pending,0,0,
5362,https://www.indiegogo.com//projects/school-trip-to-nicaragua#/,pending,0,0,
5363,https://www.indiegogo.com//projects/school-trip-to-south-african-partner-school#/,pending,0,0,
5364,https://www.indiegogo.com//projects/school-trip-to-spain--3#/,pending,0,0,
5365,https://www.indiegogo.com//projects/science-notes-web-app#/,pending,0,0,
5366,https://www.indiegogo.com//projects/scientific-research-on-structural-integration#/,pending,0,0,
5367,https://www.indiegogo.com//projects/scifest-2015#/,pending,0,0,
5368,https://www.indiegogo.com//projects/scoliosis-awareness#/,pending,0,0,
5369,https://www.indiegogo.com//projects/score-2012#/,pending,0,0,
5370,https://www.indiegogo.com//projects/scott-van-sice-yoga-teacher-training#/,pending,0,0,
5371,https://www.indiegogo.com//projects/scottish-student-ready-to-study-in-london#/,pending,0,0,
5372,https://www.indiegogo.com//projects/scout-compact-backpackable-archery-bow#/,pending,0,0,
5373,https://www.indiegogo.com//projects/scoutpro-240w-powerbank-fits-in-your-back-pocket#/,pending,0,0,
5374,https://www.indiegogo.com//projects/scratchilla-an-app-for-all-back-scratching-lovers#/,pending,0,0,
5375,https://www.indiegogo.com//projects/scrubbee-shimmee-the-new-shape-of-clean#/,pending,0,0,
5376,https://www.indiegogo.com//projects/scs-youth-ministry#/,pending,0,0,
5377,https://www.indiegogo.com//projects/scubajet-world-s-most-powerful-water-jet--2#/,pending,0,0,
5378,https://www.indiegogo.com//projects/sdjkasd#/,pending,0,0,
5379,https://www.indiegogo.com//projects/sdream-the-smartest-foldable-all-terrain-e-bike#/,pending,0,0,
5380,https://www.indiegogo.com//projects/sdream-ur-ultra-comfy-suspension-folding-e-bike#/,pending,0,0,
5381,https://www.indiegogo.com//projects/sdsadasd#/,pending,0,0,
5382,https://www.indiegogo.com//projects/sea-mercy-bringing-health-care-to-remote-islands#/,pending,0,0,
5383,https://www.indiegogo.com//projects/sea-rebel-jet-powered-water-sports#/,pending,0,0,
5384,https://www.indiegogo.com//projects/sealblades-world-s-1st-retractable-hand-paddles#/,pending,0,0,
5385,https://www.indiegogo.com//projects/sean-trank-versus-lung-cancer-part-2#/,pending,0,0,
5386,https://www.indiegogo.com//projects/seanny-mott-recovery-fund#/,pending,0,0,
5387,https://www.indiegogo.com//projects/searching-for-alternative-treatments-for-my-son#/,pending,0,0,
5388,https://www.indiegogo.com//projects/seatsnoozer-sleeping-on-airplanes-used-to-suck#/,pending,0,0,
5389,https://www.indiegogo.com//projects/seatzac-world-s-first-self-inflatable-chair#/,pending,0,0,
5390,https://www.indiegogo.com//projects/second-chances-for-angels#/,pending,0,0,
5391,https://www.indiegogo.com//projects/second-sundays-on-4th#/,pending,0,0,
5392,https://www.indiegogo.com//projects/secondary-school-scholarship-for-tagwa#/,pending,0,0,
5393,https://www.indiegogo.com//projects/secret-knowledge-teaching-artists#/,pending,0,0,
5394,https://www.indiegogo.com//projects/secure-a-space-for-wild-seed-wellness#/,pending,0,0,
5395,https://www.indiegogo.com//projects/secure-personal-medical-journal-website-app#/,pending,0,0,
5396,https://www.indiegogo.com//projects/secure-your-gmail#/,pending,0,0,
5397,https://www.indiegogo.com//projects/sedeo-a-better-way-to-sit#/,pending,0,0,
5398,https://www.indiegogo.com//projects/seder2015-digital-platform-to-invigorate-passover#/,pending,0,0,
5399,https://www.indiegogo.com//projects/sedona-myst-honoring-our-elders#/,pending,0,0,
5400,https://www.indiegogo.com//projects/see-do-together-meditate-with-the-world-in-unison--3#/,pending,0,0,
5401,https://www.indiegogo.com//projects/see-the-pope-in-vatican-city#/,pending,0,0,
5402,https://www.indiegogo.com//projects/seeing-through-the-heart-portraits-of-the-blind-in-hawaii#/,pending,0,0,
5403,https://www.indiegogo.com//projects/segsac-elevate-the-way-you-pack#/,pending,0,0,
5404,https://www.indiegogo.com//projects/seismic-audio-technology#/,pending,0,0,
5405,https://www.indiegogo.com//projects/select-call-secret-way-to-refuse-the-phone-call#/,pending,0,0,
5406,https://www.indiegogo.com//projects/self-back-mask#/,pending,0,0,
5407,https://www.indiegogo.com//projects/selffee-the-edible-selfie#/,pending,0,0,
5408,https://www.indiegogo.com//projects/selfly-camera#/,pending,0,0,
5409,https://www.indiegogo.com//projects/selpic-s1-plus-color-quick-drying-handy-printer#/,pending,0,0,
5410,https://www.indiegogo.com//projects/semaine#/,pending,0,0,
5411,https://www.indiegogo.com//projects/semilleros-artisticos#/,pending,0,0,
5412,https://www.indiegogo.com//projects/send-50-girls-in-samburu-kenya-to-summer-camp#/,pending,0,0,
5413,https://www.indiegogo.com//projects/send-a-veteran-to-an-internship#/,pending,0,0,
5414,https://www.indiegogo.com//projects/send-ausfl-to-the-march-for-life#/,pending,0,0,
5415,https://www.indiegogo.com//projects/send-brigitta-to-the-osthang-project-2014--2#/,pending,0,0,
5416,https://www.indiegogo.com//projects/send-champion-quiz-bowl-to-nationals#/,pending,0,0,
5417,https://www.indiegogo.com//projects/send-charlie-to-boston#/,pending,0,0,
5418,https://www.indiegogo.com//projects/send-chase-to-study-abroad-in-spain#/,pending,0,0,
5419,https://www.indiegogo.com//projects/send-chicago-area-young-poets-to-london-poetry-slam#/,pending,0,0,
5420,https://www.indiegogo.com//projects/send-coryn-to-belgium#/,pending,0,0,
5421,https://www.indiegogo.com//projects/send-crossfit-revolver-to-regionals-in-chile#/,pending,0,0,
5422,https://www.indiegogo.com//projects/send-csit-in-3-students-to-y-hacks#/,pending,0,0,
5423,https://www.indiegogo.com//projects/send-dorothy-and-friends-to-oz-stravaganza#/,pending,0,0,
5424,https://www.indiegogo.com//projects/send-dr-joe-to-ghana#/,pending,0,0,
5425,https://www.indiegogo.com//projects/send-equal-s-phoenix-leadership-team-to-the-creating-change-conference#/,pending,0,0,
5426,https://www.indiegogo.com//projects/send-et-to-pk#/,pending,0,0,
5427,https://www.indiegogo.com//projects/send-hope#/,pending,0,0,
5428,https://www.indiegogo.com//projects/send-hopkinton-di-to-global-finals-in-knoxville-tennessee#/,pending,0,0,
5429,https://www.indiegogo.com//projects/send-isaak-to-france#/,pending,0,0,
5430,https://www.indiegogo.com//projects/send-jenn-to-school#/,pending,0,0,
5431,https://www.indiegogo.com//projects/send-jon-viktor-to-acappella-academy#/,pending,0,0,
5432,https://www.indiegogo.com//projects/send-katie-to-spain#/,pending,0,0,
5433,https://www.indiegogo.com//projects/send-lily-to-perform-in-chicago#/,pending,0,0,
5434,https://www.indiegogo.com//projects/send-mcgill-quidditch-to-canadian-nationals#/,pending,0,0,
5435,https://www.indiegogo.com//projects/send-me-home-for-christmas#/,pending,0,0,
5436,https://www.indiegogo.com//projects/send-me-to-school--11#/,pending,0,0,
5437,https://www.indiegogo.com//projects/send-me-to-the-sandbox-global-summit#/,pending,0,0,
5438,https://www.indiegogo.com//projects/send-me-to-the-social-innovation-training-to-improve-youth-services#/,pending,0,0,
5439,https://www.indiegogo.com//projects/send-michael-to-taiji-camp--4#/,pending,0,0,
5440,https://www.indiegogo.com//projects/send-mr-gunnar-to-the-far-east#/,pending,0,0,
5441,https://www.indiegogo.com//projects/send-my-best-friend-to-china-to-change-the-world#/,pending,0,0,
5442,https://www.indiegogo.com//projects/send-niff-to-chicago#/,pending,0,0,
5443,https://www.indiegogo.com//projects/send-nima-to-college#/,pending,0,0,
5444,https://www.indiegogo.com//projects/send-peak-to-peak-charter-students-to-cuba#/,pending,0,0,
5445,https://www.indiegogo.com//projects/send-sachi-to-bristol-old-vic#/,pending,0,0,
5446,https://www.indiegogo.com//projects/send-sadie-to-washington#/,pending,0,0,
5447,https://www.indiegogo.com//projects/send-sans-soucie-to-london-fashion-week#/,pending,0,0,
5448,https://www.indiegogo.com//projects/send-strawberry-mansion-students-on-college-visits#/,pending,0,0,
5449,https://www.indiegogo.com//projects/send-sunayana-to-miss-nepal-us#/,pending,0,0,
5450,https://www.indiegogo.com//projects/send-syrian-children-back-to-school#/,pending,0,0,
5451,https://www.indiegogo.com//projects/send-teacher-gerson-to-harvard--2#/,pending,0,0,
5452,https://www.indiegogo.com//projects/send-team-hd-on-an-odyssey-of-the-mind#/,pending,0,0,
5453,https://www.indiegogo.com//projects/send-the-castrillo-kids-to-jamaica#/,pending,0,0,
5454,https://www.indiegogo.com//projects/send-the-champs-to-florida--2#/,pending,0,0,
5455,https://www.indiegogo.com//projects/send-the-rosehip-medics-to-the-democratic-and-republican-national-conventions#/,pending,0,0,
5456,https://www.indiegogo.com//projects/send-the-tombc-team-to-speak-at-dragon-con#/,pending,0,0,
5457,https://www.indiegogo.com//projects/send-trudeau-a-message-about-electoral-reform--3#/,pending,0,0,
5458,https://www.indiegogo.com//projects/send-tylar-to-italy-with-the-osu-chorale#/,pending,0,0,
5459,https://www.indiegogo.com//projects/send-wam-to-the-aes-convention-in-los-angeles#/,pending,0,0,
5460,https://www.indiegogo.com//projects/send-zeynep-merve-to-edinburgh#/,pending,0,0,
5461,https://www.indiegogo.com//projects/sending-clothes-to-kids-in-kenya-who-will-be-seen-during-a-medical-camp#/,pending,0,0,
5462,https://www.indiegogo.com//projects/sending-our-students-to-washington-d-c--3#/,pending,0,0,
5463,https://www.indiegogo.com//projects/senior-citizens-health#/,pending,0,0,
5464,https://www.indiegogo.com//projects/senior-citizens-hospital-establishment-in-nepal#/,pending,0,0,
5465,https://www.indiegogo.com//projects/senior-portraits-for-homeless-students#/,pending,0,0,
5466,https://www.indiegogo.com//projects/senior-service-project-trip-to-india#/,pending,0,0,
5467,https://www.indiegogo.com//projects/seniors-cyclist-bike-mike-bike#/,pending,0,0,
5468,https://www.indiegogo.com//projects/seniors-the-forgotten-people#/,pending,0,0,
5469,https://www.indiegogo.com//projects/sens-ai-make-your-brain-sharper-faster-better#/,pending,0,0,
5470,https://www.indiegogo.com//projects/septem-pure-titanium-camp-grill-hotplate#/,pending,0,0,
5471,https://www.indiegogo.com//projects/serious-bagels-to-the-people#/,pending,0,0,
5472,https://www.indiegogo.com//projects/serman-brands-1-0-rfid-blocking-minimalist-wallet--3#/,pending,0,0,
5473,https://www.indiegogo.com//projects/sertoma-s-senecal-lighthouse-summer-camp#/,pending,0,0,
5474,https://www.indiegogo.com//projects/servodroid-control-anything-with-your-phone#/,pending,0,0,
5475,https://www.indiegogo.com//projects/set-your-priorities-for-synfig-development-in-january-2014#/,pending,0,0,
5476,https://www.indiegogo.com//projects/set-your-priorities-for-synfig-development-in-march-2014#/,pending,0,0,
5477,https://www.indiegogo.com//projects/setup-simulator#/,pending,0,0,
5478,https://www.indiegogo.com//projects/seva-yoga-outreach--2#/,pending,0,0,
5479,https://www.indiegogo.com//projects/seven-hills-global-outreach-international-conference#/,pending,0,0,
5480,https://www.indiegogo.com//projects/sewing-machines-peace-friends-of-hope-foundation#/,pending,0,0,
5481,https://www.indiegogo.com//projects/sfans-makes-your-nintendo-switch-truly-portable#/,pending,0,0,
5482,https://www.indiegogo.com//projects/sfv-junior-roller-derby-on-our-way-to-jrda-championships#/,pending,0,0,
5483,https://www.indiegogo.com//projects/shadow-grove-brewing-needs-your-help#/,pending,0,0,
5484,https://www.indiegogo.com//projects/shake-your-beauty-with-sharqui#/,pending,0,0,
5485,https://www.indiegogo.com//projects/shaken-baby-syndrome-racing-team#/,pending,0,0,
5486,https://www.indiegogo.com//projects/shakesphere-v2-the-bottle-for-everyone#/,pending,0,0,
5487,https://www.indiegogo.com//projects/shallowit-clothing#/,pending,0,0,
5488,https://www.indiegogo.com//projects/shane-davis-starlight-cats-merlion-rising-comic#/,pending,0,0,
5489,https://www.indiegogo.com//projects/shanti-project-income-generation-project#/,pending,0,0,
5490,https://www.indiegogo.com//projects/shape-tomorrow-s-myths-today-help-me-get-to-st-louis#/,pending,0,0,
5491,https://www.indiegogo.com//projects/shapeloggers-free-bodybuilding-fitness-social-network#/,pending,0,0,
5492,https://www.indiegogo.com//projects/shaqgaurd-l-safest-and-most-durable-hair-dryer#/,pending,0,0,
5493,https://www.indiegogo.com//projects/share-bus-a-new-way-to-travel-australia-by-4x4#/,pending,0,0,
5494,https://www.indiegogo.com//projects/share-center#/,pending,0,0,
5495,https://www.indiegogo.com//projects/sharegood-the-new-social-platform-for-change#/,pending,0,0,
5496,https://www.indiegogo.com//projects/sharepointalooza-2015#/,pending,0,0,
5497,https://www.indiegogo.com//projects/shark-wheel-the-square-skateboarding-wheel#/,pending,0,0,
5498,https://www.indiegogo.com//projects/sharon-s-business-project-dr-herbal-hair-oil#/,pending,0,0,
5499,https://www.indiegogo.com//projects/shaunna-and-brad-s-relief-fund#/,pending,0,0,
5500,https://www.indiegogo.com//projects/shave-a-head-to-cuck-fancer--2#/,pending,0,0,
5501,https://www.indiegogo.com//projects/shaving-my-head-for-macmillan-cancer-support#/,pending,0,0,
5502,https://www.indiegogo.com//projects/shawn-ducharme-and-treena-quock#/,pending,0,0,
5503,https://www.indiegogo.com//projects/shawntel-for-tennis#/,pending,0,0,
5504,https://www.indiegogo.com//projects/shaze-the-ultimate-lounge-chair#/,pending,0,0,
5505,https://www.indiegogo.com//projects/she-did-it-anyway-the-school-initiative#/,pending,0,0,
5506,https://www.indiegogo.com//projects/shelfy-the-solution-to-food-waste#/,pending,0,0,
5507,https://www.indiegogo.com//projects/shelton-dog-park#/,pending,0,0,
5508,https://www.indiegogo.com//projects/shield-heal-proven-wellness-emergence-aromacology#/,pending,0,0,
5509,https://www.indiegogo.com//projects/shift-taking-creativity-forward#/,pending,0,0,
5510,https://www.indiegogo.com//projects/shiftcam-multi-lens-case-for-the-iphone-11-series#/,pending,0,0,
5511,https://www.indiegogo.com//projects/shiftwear-customize-your-kicks#/,pending,0,0,
5512,https://www.indiegogo.com//projects/shine-a-wind-turbine-that-fits-in-your-backpack#/,pending,0,0,
5513,https://www.indiegogo.com//projects/shine-ultra-next-gen-portable-powerful-scanner#/,pending,0,0,
5514,https://www.indiegogo.com//projects/shock-clock-2-wake-up-guaranteed#/,pending,0,0,
5515,https://www.indiegogo.com//projects/shock-incarceration-a-nationwide-approach#/,pending,0,0,
5516,https://www.indiegogo.com//projects/shoegloves-the-stylish-and-sustainable-shoe-cover#/,pending,0,0,
5517,https://www.indiegogo.com//projects/shore-relief#/,pending,0,0,
5518,https://www.indiegogo.com//projects/shore-to-shore-art-with-a-purpose#/,pending,0,0,
5519,https://www.indiegogo.com//projects/shoularm-the-simplest-way-to-notate-your-melodies#/,pending,0,0,
5520,https://www.indiegogo.com//projects/shriver-sisters-for-bmx-world-champion-go-girls#/,pending,0,0,
5521,https://www.indiegogo.com//projects/shu-ha-ri-kimono-belts#/,pending,0,0,
5522,https://www.indiegogo.com//projects/shunami-shoes#/,pending,0,0,
5523,https://www.indiegogo.com//projects/shut-up-devil-app#/,pending,0,0,
5524,https://www.indiegogo.com//projects/sick-tired#/,pending,0,0,
5525,https://www.indiegogo.com//projects/sidekik-app#/,pending,0,0,
5526,https://www.indiegogo.com//projects/sideraworks-beta-workshop-roadshow-st-louis#/,pending,0,0,
5527,https://www.indiegogo.com//projects/sidikai-hard-core-sustainable-high-end-fashion#/,pending,0,0,
5528,https://www.indiegogo.com//projects/sienna-edge-ultraviolet-light-knife-sanitizer#/,pending,0,0,
5529,https://www.indiegogo.com//projects/siesta2-lightweight-heat-light-blocking-tent#/,pending,0,0,
5530,https://www.indiegogo.com//projects/sigma-chi-nu-alfred-university-fundraiser#/,pending,0,0,
5531,https://www.indiegogo.com//projects/signatronic-the-revolution-in-electronic-signing#/,pending,0,0,
5532,https://www.indiegogo.com//projects/signing-to-siena#/,pending,0,0,
5533,https://www.indiegogo.com//projects/silber-brewing-company#/,pending,0,0,
5534,https://www.indiegogo.com//projects/silentmode-your-personal-sanctuary#/,pending,0,0,
5535,https://www.indiegogo.com//projects/silicon-rally-discover-silicon-valley-with-16-young-innovators#/,pending,0,0,
5536,https://www.indiegogo.com//projects/silk-n-tightra-1st-at-home-feminine-wellness#/,pending,0,0,
5537,https://www.indiegogo.com//projects/silver-tees-odourless-t-shirts-with-nano-silver#/,pending,0,0,
5538,https://www.indiegogo.com//projects/silviano-the-worlds-smartest-laptop-sleeve#/,pending,0,0,
5539,https://www.indiegogo.com//projects/simple-breathable-and-stylish-protection#/,pending,0,0,
5540,https://www.indiegogo.com//projects/simple-people-studios-campaign#/,pending,0,0,
5541,https://www.indiegogo.com//projects/simplifying-sales-a-premier-app-for-door-to-door-sales-reps#/,pending,0,0,
5542,https://www.indiegogo.com//projects/simply-inspired-accessories#/,pending,0,0,
5543,https://www.indiegogo.com//projects/simprella-2-0-pocketsize-umbrella#/,pending,0,0,
5544,https://www.indiegogo.com//projects/simulador-energetico-e-hidrico#/,pending,0,0,
5545,https://www.indiegogo.com//projects/simunye-project-2013#/,pending,0,0,
5546,https://www.indiegogo.com//projects/sinfonietta-strings-tuition-scholarships#/,pending,0,0,
5547,https://www.indiegogo.com//projects/single-mothers-association-in-ghana-change-the-world-one-basket-at-a-time#/,pending,0,0,
5548,https://www.indiegogo.com//projects/sinjimoru-sinji-grip-grip-and-stand-for-mobile#/,pending,0,0,
5549,https://www.indiegogo.com//projects/sintratec-world-s-first-desktop-laser-sinterer#/,pending,0,0,
5550,https://www.indiegogo.com//projects/sip-of-health-easy-way-to-natural-health#/,pending,0,0,
5551,https://www.indiegogo.com//projects/sir-thomas-parkyns-the-father-of-wrestling#/,pending,0,0,
5552,https://www.indiegogo.com//projects/sirengps-emergency-communication-software#/,pending,0,0,
5553,https://www.indiegogo.com//projects/sirteen-the-world-first-renewable-usb-cable#/,pending,0,0,
5554,https://www.indiegogo.com//projects/sirui-50mm-t2-9-1-6x-full-frame-anamorphic-lens--2#/,pending,0,0,
5555,https://www.indiegogo.com//projects/sirui-night-walker-t1-2-s35-cine-lens-series#/,pending,0,0,
5556,https://www.indiegogo.com//projects/sirui-one-step-height-adjustment-video-tripod#/,pending,0,0,
5557,https://www.indiegogo.com//projects/sistema-saskatoon-music-initiative#/,pending,0,0,
5558,https://www.indiegogo.com//projects/sisterhood-oneshot-3-in-which-gwynn-goes-feral#/,pending,0,0,
5559,https://www.indiegogo.com//projects/sisters-appalachian-trail-adventure#/,pending,0,0,
5560,https://www.indiegogo.com//projects/sit-rest-comfortable-sleeping-gadget-in-economy#/,pending,0,0,
5561,https://www.indiegogo.com//projects/sitflow-unconsciously-burn-more-calories-at-work#/,pending,0,0,
5562,https://www.indiegogo.com//projects/six-of-one-half-dozen-of-the-other#/,pending,0,0,
5563,https://www.indiegogo.com//projects/sju-panama-plunge#/,pending,0,0,
5564,https://www.indiegogo.com//projects/sketch-iv-school#/,pending,0,0,
5565,https://www.indiegogo.com//projects/skillbox-learning-evolved#/,pending,0,0,
5566,https://www.indiegogo.com//projects/skills-not-pills#/,pending,0,0,
5567,https://www.indiegogo.com//projects/skin-meets-nature-worlds-most-effective-totally-natural-deodorant#/,pending,0,0,
5568,https://www.indiegogo.com//projects/skin-savor#/,pending,0,0,
5569,https://www.indiegogo.com//projects/skulpt-chisel-the-future-of-fitness#/,pending,0,0,
5570,https://www.indiegogo.com//projects/skunklock-the-lock-that-fights-back#/,pending,0,0,
5571,https://www.indiegogo.com//projects/skydive-for-gaza#/,pending,0,0,
5572,https://www.indiegogo.com//projects/skyfloat-enjoy-watching-movies-hands-free-mid-air#/,pending,0,0,
5573,https://www.indiegogo.com//projects/slaying-the-dragon#/,pending,0,0,
5574,https://www.indiegogo.com//projects/sleep-well-tonight-get-the-most-from-tomorrow#/,pending,0,0,
5575,https://www.indiegogo.com//projects/sleep-well-with-aurora-aroma#/,pending,0,0,
5576,https://www.indiegogo.com//projects/sleepasap-tailored-sleep-solutions#/,pending,0,0,
5577,https://www.indiegogo.com//projects/sleeper-hold-a-travel-pillow-that-actually-works#/,pending,0,0,
5578,https://www.indiegogo.com//projects/sleepless-in-seattle-2015-seattle-gives-back--2#/,pending,0,0,
5579,https://www.indiegogo.com//projects/sleipnir-a-world-beating-mountain-bike-from-sick#/,pending,0,0,
5580,https://www.indiegogo.com//projects/slick-stabilizer-a-motorized-camera-gimbal#/,pending,0,0,
5581,https://www.indiegogo.com//projects/slicks-one-backpack-limitless-possibilities#/,pending,0,0,
5582,https://www.indiegogo.com//projects/slide--4#/,pending,0,0,
5583,https://www.indiegogo.com//projects/slim-edition-the-slimmest-classic-bifold-wallet#/,pending,0,0,
5584,https://www.indiegogo.com//projects/slim-glow-advanced-bidet-attachment#/,pending,0,0,
5585,https://www.indiegogo.com//projects/slim-iphone-android-phone-tablet-stand#/,pending,0,0,
5586,https://www.indiegogo.com//projects/slim-wallet-envy-x2-slimmy--8#/,pending,0,0,
5587,https://www.indiegogo.com//projects/slimbuds-fits-under-any-helmet#/,pending,0,0,
5588,https://www.indiegogo.com//projects/slimcharge-high-capacity-iphone-x-battery-case#/,pending,0,0,
5589,https://www.indiegogo.com//projects/slimmods#/,pending,0,0,
5590,https://www.indiegogo.com//projects/slimtester-avoiding-car-breakdowns-due-to-battery-faults#/,pending,0,0,
5591,https://www.indiegogo.com//projects/slip-resistant-cane-crutch-tip#/,pending,0,0,
5592,https://www.indiegogo.com//projects/sloan-and-themis-luxury-for-confident-women#/,pending,0,0,
5593,https://www.indiegogo.com//projects/slopes-black-instant-stand-for-gopro-in-housing--2#/,pending,0,0,
5594,https://www.indiegogo.com//projects/slopes-for-gopro-world-s-first-polyhedron-stand#/,pending,0,0,
5595,https://www.indiegogo.com//projects/slow-fashion-hand-made-merino-products#/,pending,0,0,
5596,https://www.indiegogo.com//projects/slow-juicer-for-daniela-smith#/,pending,0,0,
5597,https://www.indiegogo.com//projects/slp-college-third-years-london-showcase#/,pending,0,0,
5598,https://www.indiegogo.com//projects/smacircle-s1-the-ebike-that-fits-in-your-backpack#/,pending,0,0,
5599,https://www.indiegogo.com//projects/smack-a-thief#/,pending,0,0,
5600,https://www.indiegogo.com//projects/small-batch-craft-coffee-sustainable-home#/,pending,0,0,
5601,https://www.indiegogo.com//projects/small-but-passionate-soccer-club#/,pending,0,0,
5602,https://www.indiegogo.com//projects/smallet-the-world-s-smallest-wallet#/,pending,0,0,
5603,https://www.indiegogo.com//projects/smart-auto-navigation-wireless-charger-car-mount#/,pending,0,0,
5604,https://www.indiegogo.com//projects/smart-belt-ultimate#/,pending,0,0,
5605,https://www.indiegogo.com//projects/smart-chair#/,pending,0,0,
5606,https://www.indiegogo.com//projects/smart-charger-12-in-1-portable-charger#/,pending,0,0,
5607,https://www.indiegogo.com//projects/smart-desk--6#/,pending,0,0,
5608,https://www.indiegogo.com//projects/smart-girls-rock#/,pending,0,0,
5609,https://www.indiegogo.com//projects/smart-interphone-project#/,pending,0,0,
5610,https://www.indiegogo.com//projects/smart-led-cube-with-mobile-apps#/,pending,0,0,
5611,https://www.indiegogo.com//projects/smart-me-educational-products#/,pending,0,0,
5612,https://www.indiegogo.com//projects/smart-phone-records-app#/,pending,0,0,
5613,https://www.indiegogo.com//projects/smart-pillbox#/,pending,0,0,
5614,https://www.indiegogo.com//projects/smart-play--2#/,pending,0,0,
5615,https://www.indiegogo.com//projects/smart-ruler-titanium-design-credit-card-tool#/,pending,0,0,
5616,https://www.indiegogo.com//projects/smart-scale-body-analyzer#/,pending,0,0,
5617,https://www.indiegogo.com//projects/smart-stand-multi-purpose-phone-tablet-holder#/,pending,0,0,
5618,https://www.indiegogo.com//projects/smart-standing-desk-world-s-best-sit-stand-desk#/,pending,0,0,
5619,https://www.indiegogo.com//projects/smart-stories-writing-workshops#/,pending,0,0,
5620,https://www.indiegogo.com//projects/smart-temperature-adjustable-preservable-mug#/,pending,0,0,
5621,https://www.indiegogo.com//projects/smartalert-for-schools#/,pending,0,0,
5622,https://www.indiegogo.com//projects/smartclean-vision-5-a-portable-ultrasonic-cleaner#/,pending,0,0,
5623,https://www.indiegogo.com//projects/smartdesk-3-ai-powered-standing-desk#/,pending,0,0,
5624,https://www.indiegogo.com//projects/smartduvet-dual-zone-temp-self-making-bed#/,pending,0,0,
5625,https://www.indiegogo.com//projects/smartduvet-make-your-bed-make-itself#/,pending,0,0,
5626,https://www.indiegogo.com//projects/smartest-karaoke-machine-ultimate-party-starter#/,pending,0,0,
5627,https://www.indiegogo.com//projects/smartest-lights-3-in-1-music-rhythm-outdoor-light#/,pending,0,0,
5628,https://www.indiegogo.com//projects/smartmi-p1-purifier-cleaner-freshen-air-in-10-mins#/,pending,0,0,
5629,https://www.indiegogo.com//projects/smartnotes-ai-revolutionizing-study-notes-with-ai#/,pending,0,0,
5630,https://www.indiegogo.com//projects/smartpet-small-pet-door-smart-phone-and-wifi-ready#/,pending,0,0,
5631,https://www.indiegogo.com//projects/smartphone-bluetooth-model-rocket-launcher-bluenose-mobile-mission-control#/,pending,0,0,
5632,https://www.indiegogo.com//projects/smartphone-schools-mobile-learning-for-refugees#/,pending,0,0,
5633,https://www.indiegogo.com//projects/smarttags-locate-your-lost-pet-over-any-social-networking-site#/,pending,0,0,
5634,https://www.indiegogo.com//projects/smile-and-thank-you#/,pending,0,0,
5635,https://www.indiegogo.com//projects/smokey-s-new-sashimi-quality-smoked-fancy-hand-packed-albacore-tuna#/,pending,0,0,
5636,https://www.indiegogo.com//projects/smoothie-cards-40-delicious-smoothies-at-home#/,pending,0,0,
5637,https://www.indiegogo.com//projects/snail-farm-extension-schnecken-zuchten-erweiterung#/,pending,0,0,
5638,https://www.indiegogo.com//projects/snake-identification-app--2#/,pending,0,0,
5639,https://www.indiegogo.com//projects/snap--7#/,pending,0,0,
5640,https://www.indiegogo.com//projects/snap-it-the-worlds-best-screen-protector--2#/,pending,0,0,
5641,https://www.indiegogo.com//projects/snap-on-case-for-iphone-4-4s#/,pending,0,0,
5642,https://www.indiegogo.com//projects/snap-the-smallest-affordable-4k-action-camera#/,pending,0,0,
5643,https://www.indiegogo.com//projects/snappening-com-goes-mobile-snapp-development#/,pending,0,0,
5644,https://www.indiegogo.com//projects/snappoo#/,pending,0,0,
5645,https://www.indiegogo.com//projects/sneak-hunt-middle-east-magazine#/,pending,0,0,
5646,https://www.indiegogo.com//projects/snooze--2#/,pending,0,0,
5647,https://www.indiegogo.com//projects/snoppa-m1-innovative-3-axis-smartphone-gimbal#/,pending,0,0,
5648,https://www.indiegogo.com//projects/snore-circle-smart-anti-snoring-eye-mask#/,pending,0,0,
5649,https://www.indiegogo.com//projects/snore-pasa#/,pending,0,0,
5650,https://www.indiegogo.com//projects/snowfeet-new-booming-winter-sport#/,pending,0,0,
5651,https://www.indiegogo.com//projects/snowfeet-pro-new-booming-winter-sport#/,pending,0,0,
5652,https://www.indiegogo.com//projects/snowfoot-the-radical-step-in-mountain-mobility#/,pending,0,0,
5653,https://www.indiegogo.com//projects/snowfox-the-trackerphone-for-kids#/,pending,0,0,
5654,https://www.indiegogo.com//projects/snowpi-the-gpio-snowman-for-raspberry-pi#/,pending,0,0,
5655,https://www.indiegogo.com//projects/snug-bud-wearable-body-warmer#/,pending,0,0,
5656,https://www.indiegogo.com//projects/so-cal-men-s-collegiate-gymnastics-association#/,pending,0,0,
5657,https://www.indiegogo.com//projects/soar-indigenous-arts-program-2013#/,pending,0,0,
5658,https://www.indiegogo.com//projects/sober-up-detox-shot#/,pending,0,0,
5659,https://www.indiegogo.com//projects/sobro-smart-side-table#/,pending,0,0,
5660,https://www.indiegogo.com//projects/soccer-equipment-for-the-children-in-maua-kenya#/,pending,0,0,
5661,https://www.indiegogo.com//projects/social-media-planner-for-nonprofits-and-do-gooders--2#/,pending,0,0,
5662,https://www.indiegogo.com//projects/social-welfare-in-cuba-educational-tour#/,pending,0,0,
5663,https://www.indiegogo.com//projects/sognar-strap#/,pending,0,0,
5664,https://www.indiegogo.com//projects/soho-chic-fashion-of-your-dream#/,pending,0,0,
5665,https://www.indiegogo.com//projects/sola-2x#/,pending,0,0,
5666,https://www.indiegogo.com//projects/sola-egg-the-world-s-1st-smart-4-in-1-vibrator#/,pending,0,0,
5667,https://www.indiegogo.com//projects/solar-boat--2#/,pending,0,0,
5668,https://www.indiegogo.com//projects/solar-furniture#/,pending,0,0,
5669,https://www.indiegogo.com//projects/solar-paper-the-world-s-thinnest-solar-charger#/,pending,0,0,
5670,https://www.indiegogo.com//projects/solar-powered-raspberry-pi-school#/,pending,0,0,
5671,https://www.indiegogo.com//projects/solar-sandwich#/,pending,0,0,
5672,https://www.indiegogo.com//projects/solar-system-sphere-with-planetary-kit#/,pending,0,0,
5673,https://www.indiegogo.com//projects/solar-x#/,pending,0,0,
5674,https://www.indiegogo.com//projects/solargaps-energy-generating-smart-solar-blinds#/,pending,0,0,
5675,https://www.indiegogo.com//projects/solarna-pecka#/,pending,0,0,
5676,https://www.indiegogo.com//projects/solartrees-farms-cooperative#/,pending,0,0,
5677,https://www.indiegogo.com//projects/solcube-compact-solar-generator-for-power-lovers#/,pending,0,0,
5678,https://www.indiegogo.com//projects/soleman-world-s-most-advanced-notepad#/,pending,0,0,
5679,https://www.indiegogo.com//projects/solestice-socks-with-gel-arch-support--2#/,pending,0,0,
5680,https://www.indiegogo.com//projects/solid-titanium-carabiner-2-0-by-polar-metals#/,pending,0,0,
5681,https://www.indiegogo.com//projects/solidmaker-affordable-laser-sla-3d-printer--3#/,pending,0,0,
5682,https://www.indiegogo.com//projects/solis-x-world-s-first-solar-rechargeable-lighter#/,pending,0,0,
5683,https://www.indiegogo.com//projects/solomon-exchange#/,pending,0,0,
5684,https://www.indiegogo.com//projects/solus-plus-the-radiator-of-the-future#/,pending,0,0,
5685,https://www.indiegogo.com//projects/solz-solar-powered-bags-and-lifestyle-accessories#/,pending,0,0,
5686,https://www.indiegogo.com//projects/somasole-revolution#/,pending,0,0,
5687,https://www.indiegogo.com//projects/someone-poisoned-our-cats-help-us-move#/,pending,0,0,
5688,https://www.indiegogo.com//projects/sometimes-you-just-have-to-cut-your-leg-off-to-move-on#/,pending,0,0,
5689,https://www.indiegogo.com//projects/somnus-reinvent-your-sleep#/,pending,0,0,
5690,https://www.indiegogo.com//projects/songbuilderpro#/,pending,0,0,
5691,https://www.indiegogo.com//projects/sonic-soak-the-ultimate-ultrasonic-cleaning-tool#/,pending,0,0,
5692,https://www.indiegogo.com//projects/sonicpower-fastest-conductive-wireless-chargingkit#/,pending,0,0,
5693,https://www.indiegogo.com//projects/sonya-s-fight-against-breast-cancer#/,pending,0,0,
5694,https://www.indiegogo.com//projects/sophie-finds-a-friend#/,pending,0,0,
5695,https://www.indiegogo.com//projects/sophie-s-yoga-teacher-training#/,pending,0,0,
5696,https://www.indiegogo.com//projects/sora-water-recycler#/,pending,0,0,
5697,https://www.indiegogo.com//projects/sospo-app-be-fit-be-social#/,pending,0,0,
5698,https://www.indiegogo.com//projects/soulitude-goodbye-disrupting-noise-and-light#/,pending,0,0,
5699,https://www.indiegogo.com//projects/soulmat-yoga#/,pending,0,0,
5700,https://www.indiegogo.com//projects/sound-sanna-project-ancient-aura-stories#/,pending,0,0,
5701,https://www.indiegogo.com//projects/sound-therapy-and-massage-for-all#/,pending,0,0,
5702,https://www.indiegogo.com//projects/soundbrenner-core-the-4-in-1-smart-music-tool#/,pending,0,0,
5703,https://www.indiegogo.com//projects/soundflux-dual-driver-true-wireless-headphones#/,pending,0,0,
5704,https://www.indiegogo.com//projects/soundstrike-plinking-laser-target#/,pending,0,0,
5705,https://www.indiegogo.com//projects/south-africa-and-the-united-states-historical-parallels#/,pending,0,0,
5706,https://www.indiegogo.com//projects/southern-oregon-pride-festival-2011#/,pending,0,0,
5707,https://www.indiegogo.com//projects/southside-battletrain-2015#/,pending,0,0,
5708,https://www.indiegogo.com//projects/sozius-lace-bag#/,pending,0,0,
5709,https://www.indiegogo.com//projects/sp-445-rack-stand-and-drying-rack#/,pending,0,0,
5710,https://www.indiegogo.com//projects/spadathon-2015--2#/,pending,0,0,
5711,https://www.indiegogo.com//projects/spain-study-abroad-2012#/,pending,0,0,
5712,https://www.indiegogo.com//projects/spandana-children-s-home#/,pending,0,0,
5713,https://www.indiegogo.com//projects/spanish-with-a-montessori-twist#/,pending,0,0,
5714,https://www.indiegogo.com//projects/spare-me-8-in-1-rescue-tool#/,pending,0,0,
5715,https://www.indiegogo.com//projects/spart-sprit-schont-die-umwelt-mit-ultimate-cell#/,pending,0,0,
5716,https://www.indiegogo.com//projects/spartan-race-for-the-bcch--2#/,pending,0,0,
5717,https://www.indiegogo.com//projects/spastic-society-of-india#/,pending,0,0,
5718,https://www.indiegogo.com//projects/speak-messenger-world-first-speaking-avatar#/,pending,0,0,
5719,https://www.indiegogo.com//projects/speaking-out-for-aphasia#/,pending,0,0,
5720,https://www.indiegogo.com//projects/spec-camera-front-and-back-action-camera#/,pending,0,0,
5721,https://www.indiegogo.com//projects/special-faces-bold-laces-with-big-personality#/,pending,0,0,
5722,https://www.indiegogo.com//projects/special-needs-children-deserve-an-education-too#/,pending,0,0,
5723,https://www.indiegogo.com//projects/special-people-special-pets#/,pending,0,0,
5724,https://www.indiegogo.com//projects/specialty-instant-coffee-pop-up-coffee-gift-set#/,pending,0,0,
5725,https://www.indiegogo.com//projects/spectra-the-portable-smart-electric-skateboard#/,pending,0,0,
5726,https://www.indiegogo.com//projects/speede-advanced-home-gym-for-faster-results--2#/,pending,0,0,
5727,https://www.indiegogo.com//projects/speedspiration#/,pending,0,0,
5728,https://www.indiegogo.com//projects/speedway#/,pending,0,0,
5729,https://www.indiegogo.com//projects/spend-a-day-with-an-nfl-all-pro-and-help-at-risk-youth-find-success#/,pending,0,0,
5730,https://www.indiegogo.com//projects/spice-of-the-month#/,pending,0,0,
5731,https://www.indiegogo.com//projects/spidercore-doctor-designed-ergonomic-core-sliders#/,pending,0,0,
5732,https://www.indiegogo.com//projects/spin-for-bttf--5#/,pending,0,0,
5733,https://www.indiegogo.com//projects/spinbrim#/,pending,0,0,
5734,https://www.indiegogo.com//projects/spindo-the-first-smart-dispenser-for-supplements#/,pending,0,0,
5735,https://www.indiegogo.com//projects/spirit-of-giving#/,pending,0,0,
5736,https://www.indiegogo.com//projects/splach-patriot-most-robust-all-terrain-ebike#/,pending,0,0,
5737,https://www.indiegogo.com//projects/splach-stark-e-bike-expeditioner-s-flash-comeback--2#/,pending,0,0,
5738,https://www.indiegogo.com//projects/splach-turbo-plus-e-scooter-is-back-for-48-hours#/,pending,0,0,
5739,https://www.indiegogo.com//projects/splach-ultra-smooth-suspension-e-scooter#/,pending,0,0,
5740,https://www.indiegogo.com//projects/spolum-drum-the-musical-instrument-of-happiness#/,pending,0,0,
5741,https://www.indiegogo.com//projects/sponsor-a-haitian-midwife#/,pending,0,0,
5742,https://www.indiegogo.com//projects/sponsor-a-student-to-the-free-education-demo#/,pending,0,0,
5743,https://www.indiegogo.com//projects/sponsor-youth-for-the-revolutionary-ryise-arts-leadership-camp-project#/,pending,0,0,
5744,https://www.indiegogo.com//projects/sponsor-zachery-s-people-to-people-trip#/,pending,0,0,
5745,https://www.indiegogo.com//projects/sponsoring-education-for-the-underprivileged-children-around-the-world#/,pending,0,0,
5746,https://www.indiegogo.com//projects/sport-changes-life--2#/,pending,0,0,
5747,https://www.indiegogo.com//projects/sportfy-internal-storage-true-wireless-earbuds#/,pending,0,0,
5748,https://www.indiegogo.com//projects/sports#/,pending,0,0,
5749,https://www.indiegogo.com//projects/sports-equipment-for-girls-middle-school-softball-team#/,pending,0,0,
5750,https://www.indiegogo.com//projects/sports-video-partners#/,pending,0,0,
5751,https://www.indiegogo.com//projects/sportswear--2#/,pending,0,0,
5752,https://www.indiegogo.com//projects/spot-collar-no-shock-invisible-fence-solution#/,pending,0,0,
5753,https://www.indiegogo.com//projects/spotnsave-your-ultimate-guarded-security-device#/,pending,0,0,
5754,https://www.indiegogo.com//projects/spray-on-effortless-workout#/,pending,0,0,
5755,https://www.indiegogo.com//projects/spread-the-word-spread-the-bracelet-kick-cancers-butt#/,pending,0,0,
5756,https://www.indiegogo.com//projects/spree--8#/,pending,0,0,
5757,https://www.indiegogo.com//projects/spring-break-of-service-costa-rica#/,pending,0,0,
5758,https://www.indiegogo.com//projects/sprint-declaring-war-on-adderall#/,pending,0,0,
5759,https://www.indiegogo.com//projects/sprouting-synergy#/,pending,0,0,
5760,https://www.indiegogo.com//projects/sqlserverbooster-2-0#/,pending,0,0,
5761,https://www.indiegogo.com//projects/squadrally-com#/,pending,0,0,
5762,https://www.indiegogo.com//projects/squeaky-clean-feet#/,pending,0,0,
5763,https://www.indiegogo.com//projects/squeeze-ford-stress-toy--2#/,pending,0,0,
5764,https://www.indiegogo.com//projects/ss-talk#/,pending,0,0,
5765,https://www.indiegogo.com//projects/ssb-200-star-spangled-anniversary-songbook-history-recordings-for-k-12-kids#/,pending,0,0,
5766,https://www.indiegogo.com//projects/sst#/,pending,0,0,
5767,https://www.indiegogo.com//projects/st-backtrick-s-day-fundraiser-for-melissa-easton-s-spine#/,pending,0,0,
5768,https://www.indiegogo.com//projects/st-croix-valley-lego-leagues#/,pending,0,0,
5769,https://www.indiegogo.com//projects/st-joseph-s-orphanage-in-owerri-nigeria#/,pending,0,0,
5770,https://www.indiegogo.com//projects/st-jude-rocks#/,pending,0,0,
5771,https://www.indiegogo.com//projects/st-paul-lutheran-os-youth-group-mission-trip#/,pending,0,0,
5772,https://www.indiegogo.com//projects/stache-for-school-cash#/,pending,0,0,
5773,https://www.indiegogo.com//projects/stage-5-dock-first-smartdock-for-iphone-android-tablets#/,pending,0,0,
5774,https://www.indiegogo.com//projects/stage-infirmier-a-madagascar#/,pending,0,0,
5775,https://www.indiegogo.com//projects/stainless-steel-pen#/,pending,0,0,
5776,https://www.indiegogo.com//projects/stand-out-in-staci-sherri--2#/,pending,0,0,
5777,https://www.indiegogo.com//projects/stand-up-for-school-girls-in-malawi#/,pending,0,0,
5778,https://www.indiegogo.com//projects/stand-with-nepal#/,pending,0,0,
5779,https://www.indiegogo.com//projects/stanley-cup-of-chowder-blog-jerseys--2#/,pending,0,0,
5780,https://www.indiegogo.com//projects/stanzoni-digitali#/,pending,0,0,
5781,https://www.indiegogo.com//projects/stapleton-camping-richardson-grove-2018#/,pending,0,0,
5782,https://www.indiegogo.com//projects/star-burned-innocent-scream#/,pending,0,0,
5783,https://www.indiegogo.com//projects/starfish-defender-beta#/,pending,0,0,
5784,https://www.indiegogo.com//projects/stark-drive-mini-the-most-affordable-ebike-ever#/,pending,0,0,
5785,https://www.indiegogo.com//projects/starkboard-handsfree-smart-electric-skateboard#/,pending,0,0,
5786,https://www.indiegogo.com//projects/stars-in-our-community#/,pending,0,0,
5787,https://www.indiegogo.com//projects/starship-seer-make-the-future-foreseeable--2#/,pending,0,0,
5788,https://www.indiegogo.com//projects/start-up-for-brand-that-promotes-critical-thinking#/,pending,0,0,
5789,https://www.indiegogo.com//projects/startingbloc-2013-los-angeles-institute#/,pending,0,0,
5790,https://www.indiegogo.com//projects/starts-jump-at-taipei-cycle-march-4-7-2020#/,pending,0,0,
5791,https://www.indiegogo.com//projects/startupyatra-india-startups-meet-gurus-let-the-journey-begin#/,pending,0,0,
5792,https://www.indiegogo.com//projects/statement-arts-summer-program-empower-youth-through-performance#/,pending,0,0,
5793,https://www.indiegogo.com//projects/stationery-for-poor-students-in-sri-lanka#/,pending,0,0,
5794,https://www.indiegogo.com//projects/stay-healthy-and-safe-with-the-lively-wearable--2#/,pending,0,0,
5795,https://www.indiegogo.com//projects/stay-on-the-right-path#/,pending,0,0,
5796,https://www.indiegogo.com//projects/stay-strong--3#/,pending,0,0,
5797,https://www.indiegogo.com//projects/steadiphone-get-the-best-pictures-with-your-phone#/,pending,0,0,
5798,https://www.indiegogo.com//projects/steadystraps#/,pending,0,0,
5799,https://www.indiegogo.com//projects/stealth-ultra-training-movement-lifestyle-shoe#/,pending,0,0,
5800,https://www.indiegogo.com//projects/steam-mirrors-crowdfunder-pt-ii#/,pending,0,0,
5801,https://www.indiegogo.com//projects/steelbar-dumbbells-that-turns-your-office-into-gym#/,pending,0,0,
5802,https://www.indiegogo.com//projects/stefin-s-top-surgery#/,pending,0,0,
5803,https://www.indiegogo.com//projects/stella-s-child-entrepreneurship-program-indonesia#/,pending,0,0,
5804,https://www.indiegogo.com//projects/stellaris-solar-charger#/,pending,0,0,
5805,https://www.indiegogo.com//projects/stem-games-from-catlilli#/,pending,0,0,
5806,https://www.indiegogo.com//projects/stemoscope-pro-the-wireless-stethoscope-for-doctor#/,pending,0,0,
5807,https://www.indiegogo.com//projects/stempedia-the-ultimate-robotics-learning-platform#/,pending,0,0,
5808,https://www.indiegogo.com//projects/stempowered-fostering-curiosity--2#/,pending,0,0,
5809,https://www.indiegogo.com//projects/step-on-mars-to-save-the-earth#/,pending,0,0,
5810,https://www.indiegogo.com//projects/stepcash-singapore#/,pending,0,0,
5811,https://www.indiegogo.com//projects/stephanie-s-masai-women-enterprise#/,pending,0,0,
5812,https://www.indiegogo.com//projects/stephanie-s-studying-in-france#/,pending,0,0,
5813,https://www.indiegogo.com//projects/stepping-up-the-fight-against-ebola#/,pending,0,0,
5814,https://www.indiegogo.com//projects/stereo-ghost-world-s-first-3d-sound-calls#/,pending,0,0,
5815,https://www.indiegogo.com//projects/stethies#/,pending,0,0,
5816,https://www.indiegogo.com//projects/stethoscopes-for-cambodia#/,pending,0,0,
5817,https://www.indiegogo.com//projects/steve-the-universal-cell-cycler#/,pending,0,0,
5818,https://www.indiegogo.com//projects/stoggles-stylish-protection-for-your-eyes#/,pending,0,0,
5819,https://www.indiegogo.com//projects/stoic-a-gym-for-your-feet#/,pending,0,0,
5820,https://www.indiegogo.com//projects/stone-paper-notebook-with-aluminum-shell-polar#/,pending,0,0,
5821,https://www.indiegogo.com//projects/stop-bigotry-from-destroying-our-family#/,pending,0,0,
5822,https://www.indiegogo.com//projects/stop-child-sex-trafficking--2#/,pending,0,0,
5823,https://www.indiegogo.com//projects/stop-mute-english--2#/,pending,0,0,
5824,https://www.indiegogo.com//projects/stop-rape-worldwide-by-educating-girls-and-boys#/,pending,0,0,
5825,https://www.indiegogo.com//projects/stop-second-hand-smoke-electronic-cigarettes-smoke-free-no-tobacco-e-cigarettes#/,pending,0,0,
5826,https://www.indiegogo.com//projects/stop-tb-in-cambodia#/,pending,0,0,
5827,https://www.indiegogo.com//projects/stopckd-fight-kidney-failure-and-more#/,pending,0,0,
5828,https://www.indiegogo.com//projects/stopmrsa-fundraiser#/,pending,0,0,
5829,https://www.indiegogo.com//projects/stopping-endometriosis#/,pending,0,0,
5830,https://www.indiegogo.com//projects/storytelling-about-the-untold-stories-from-war--2#/,pending,0,0,
5831,https://www.indiegogo.com//projects/storytelling-through-my-lens-campaign#/,pending,0,0,
5832,https://www.indiegogo.com//projects/straight-outta-compton#/,pending,0,0,
5833,https://www.indiegogo.com//projects/strap-eco-bamboo-sports-and-body-tape#/,pending,0,0,
5834,https://www.indiegogo.com//projects/straw-to-bread#/,pending,0,0,
5835,https://www.indiegogo.com//projects/strawberry-moon-juice#/,pending,0,0,
5836,https://www.indiegogo.com//projects/stream-of-consciousness#/,pending,0,0,
5837,https://www.indiegogo.com//projects/street-masters-tide-of-the-dragon#/,pending,0,0,
5838,https://www.indiegogo.com//projects/streets-on-fire-vol-i#/,pending,0,0,
5839,https://www.indiegogo.com//projects/streetwear-with-smart-features-fifteenzerofive#/,pending,0,0,
5840,https://www.indiegogo.com//projects/strifestone#/,pending,0,0,
5841,https://www.indiegogo.com//projects/strig-mini-massage-relax-prime-your-muscles#/,pending,0,0,
5842,https://www.indiegogo.com//projects/striketec-wearable-sensors-for-boxing-mma#/,pending,0,0,
5843,https://www.indiegogo.com//projects/strings-for-schools-part-one-saint-louis#/,pending,0,0,
5844,https://www.indiegogo.com//projects/stripped-deo#/,pending,0,0,
5845,https://www.indiegogo.com//projects/strive-4-life-foundation#/,pending,0,0,
5846,https://www.indiegogo.com//projects/strobe-earphones-light-up-your-music#/,pending,0,0,
5847,https://www.indiegogo.com//projects/strong-kids-safe-kids#/,pending,0,0,
5848,https://www.indiegogo.com//projects/strongfast-a-nutrition-bar-for-youth-athletes#/,pending,0,0,
5849,https://www.indiegogo.com//projects/struthy-s-eye-operation#/,pending,0,0,
5850,https://www.indiegogo.com//projects/student-advisory-gaza#/,pending,0,0,
5851,https://www.indiegogo.com//projects/student-fundraiser-isoloveflorida#/,pending,0,0,
5852,https://www.indiegogo.com//projects/student-help--5#/,pending,0,0,
5853,https://www.indiegogo.com//projects/student-spaceflight-experiments-program#/,pending,0,0,
5854,https://www.indiegogo.com//projects/student-success-scholarship#/,pending,0,0,
5855,https://www.indiegogo.com//projects/student-support-services#/,pending,0,0,
5856,https://www.indiegogo.com//projects/student-trip-to-europe#/,pending,0,0,
5857,https://www.indiegogo.com//projects/studentloanjustice-trip-to-dc#/,pending,0,0,
5858,https://www.indiegogo.com//projects/students-and-the-underserved-youth-building-tech-startups-jobs#/,pending,0,0,
5859,https://www.indiegogo.com//projects/students-for-intellectual-property-rights#/,pending,0,0,
5860,https://www.indiegogo.com//projects/studio-1423-the-loving-fiercely-endowment#/,pending,0,0,
5861,https://www.indiegogo.com//projects/studio-glow-fitness#/,pending,0,0,
5862,https://www.indiegogo.com//projects/studioso-app-for-musicians#/,pending,0,0,
5863,https://www.indiegogo.com//projects/study-a-semester-at-sookmyung-university--2#/,pending,0,0,
5864,https://www.indiegogo.com//projects/study-abroad-architecture-in-spain#/,pending,0,0,
5865,https://www.indiegogo.com//projects/study-abroad-in-japan-fundraiser#/,pending,0,0,
5866,https://www.indiegogo.com//projects/study-abroad-in-rome--2#/,pending,0,0,
5867,https://www.indiegogo.com//projects/study-climate-change-at-copenhagen-university#/,pending,0,0,
5868,https://www.indiegogo.com//projects/studying-at-the-angelicum#/,pending,0,0,
5869,https://www.indiegogo.com//projects/stylish-anti-haze-mask-with-smart-breathing-valve#/,pending,0,0,
5870,https://www.indiegogo.com//projects/stylish-recycled-handbags-by-hebe-rose-new-york#/,pending,0,0,
5871,https://www.indiegogo.com//projects/sub-space-card-game#/,pending,0,0,
5872,https://www.indiegogo.com//projects/subpod-the-ultimate-composting-system#/,pending,0,0,
5873,https://www.indiegogo.com//projects/success-through-advanced-rehabilitative-techniques#/,pending,0,0,
5874,https://www.indiegogo.com//projects/sucker-1-2-a-horror-graphic-novel-series#/,pending,0,0,
5875,https://www.indiegogo.com//projects/sucker-punch--2#/,pending,0,0,
5876,https://www.indiegogo.com//projects/suits-for-scholars-fund#/,pending,0,0,
5877,https://www.indiegogo.com//projects/suji-in-automatic-bookmark#/,pending,0,0,
5878,https://www.indiegogo.com//projects/sumapp-phase-iii#/,pending,0,0,
5879,https://www.indiegogo.com//projects/sumar-the-app-that-makes-the-world-a-great-interactive-gallery#/,pending,0,0,
5880,https://www.indiegogo.com//projects/summer-camp-kitchen-repairs#/,pending,0,0,
5881,https://www.indiegogo.com//projects/summer-exploration-of-france-spain#/,pending,0,0,
5882,https://www.indiegogo.com//projects/summer-intensive-study-in-tajikistan#/,pending,0,0,
5883,https://www.indiegogo.com//projects/summer-opera-programs#/,pending,0,0,
5884,https://www.indiegogo.com//projects/summer-program-in-mexico-city-soma-summer#/,pending,0,0,
5885,https://www.indiegogo.com//projects/summer-school-provide-materials-healthy-meals-for-rural-philippines-children#/,pending,0,0,
5886,https://www.indiegogo.com//projects/summit-3-in-1-by-goze#/,pending,0,0,
5887,https://www.indiegogo.com//projects/suncraft-kitchen-knife-sg2-japanese-powder-steel#/,pending,0,0,
5888,https://www.indiegogo.com//projects/suno-the-safest-fetal-heartbeat-listener#/,pending,0,0,
5889,https://www.indiegogo.com//projects/sunset-scholars-tutoring-scholarships#/,pending,0,0,
5890,https://www.indiegogo.com//projects/suny-purchase-fencing-club-tournament-fundraiser#/,pending,0,0,
5891,https://www.indiegogo.com//projects/super-cable#/,pending,0,0,
5892,https://www.indiegogo.com//projects/super-cable-the-usb-4-cable-is-coming#/,pending,0,0,
5893,https://www.indiegogo.com//projects/super-camp-scholarship-fund#/,pending,0,0,
5894,https://www.indiegogo.com//projects/super-compact-portable-imaging-microscope#/,pending,0,0,
5895,https://www.indiegogo.com//projects/super-cool-keys#/,pending,0,0,
5896,https://www.indiegogo.com//projects/super-portable-towel-2-0-towel-that-hugs-you-back#/,pending,0,0,
5897,https://www.indiegogo.com//projects/super-printer-man-cycling-10-000-miles-in-asia#/,pending,0,0,
5898,https://www.indiegogo.com//projects/superbase-v-plug-play-home-energy-storage-system#/,pending,0,0,
5899,https://www.indiegogo.com//projects/superbowl-shuffle#/,pending,0,0,
5900,https://www.indiegogo.com//projects/supercalla-charging-data-cables-redesigned#/,pending,0,0,
5901,https://www.indiegogo.com//projects/supercape-stethoscope-cape-for-your-phone-earpods#/,pending,0,0,
5902,https://www.indiegogo.com//projects/supercharger2-0-usb-c-hub-fast-charge-power-bank#/,pending,0,0,
5903,https://www.indiegogo.com//projects/superfood-protein-plant-vegan-sacha-inchik#/,pending,0,0,
5904,https://www.indiegogo.com//projects/superhero-children-project-nonprofit-filing-fees#/,pending,0,0,
5905,https://www.indiegogo.com//projects/superstraps-protect-relieve-your-back-and-neck#/,pending,0,0,
5906,https://www.indiegogo.com//projects/superstrata-bike#/,pending,0,0,
5907,https://www.indiegogo.com//projects/supertank-pro-the-compact-mobile-power-station#/,pending,0,0,
5908,https://www.indiegogo.com//projects/superwoman-down#/,pending,0,0,
5909,https://www.indiegogo.com//projects/supocho-malawi-charity#/,pending,0,0,
5910,https://www.indiegogo.com//projects/supplies-for-rural-costa-rican-school#/,pending,0,0,
5911,https://www.indiegogo.com//projects/support-2012-raleigh-strong-camp#/,pending,0,0,
5912,https://www.indiegogo.com//projects/support-2014-nfte-launch-our-summer-student-business-accelerator#/,pending,0,0,
5913,https://www.indiegogo.com//projects/support-a-high-school-permaculture-course#/,pending,0,0,
5914,https://www.indiegogo.com//projects/support-a-phd-thesis-on-tea-farming-in-turkey#/,pending,0,0,
5915,https://www.indiegogo.com//projects/support-a-queer-african-life-coach#/,pending,0,0,
5916,https://www.indiegogo.com//projects/support-a-turkish-actress-candidate#/,pending,0,0,
5917,https://www.indiegogo.com//projects/support-a-woman-activist-achieve-her-dreams-of-acquiring-her-ma-in-human-rights#/,pending,0,0,
5918,https://www.indiegogo.com//projects/support-adelaide-to-go-to-school#/,pending,0,0,
5919,https://www.indiegogo.com//projects/support-afterschool-programs-empower-youth#/,pending,0,0,
5920,https://www.indiegogo.com//projects/support-and-promote-entrepreneurship-education#/,pending,0,0,
5921,https://www.indiegogo.com//projects/support-at-the-link-below#/,pending,0,0,
5922,https://www.indiegogo.com//projects/support-blackhawk-learning-connection#/,pending,0,0,
5923,https://www.indiegogo.com//projects/support-c-l-e-a-r-113#/,pending,0,0,
5924,https://www.indiegogo.com//projects/support-camp-cadi-2014#/,pending,0,0,
5925,https://www.indiegogo.com//projects/support-coaches-teaching-kids-right-from-wrong#/,pending,0,0,
5926,https://www.indiegogo.com//projects/support-commonsfest#/,pending,0,0,
5927,https://www.indiegogo.com//projects/support-equal-access-to-justice-for-the-disadvantaged#/,pending,0,0,
5928,https://www.indiegogo.com//projects/support-for-heart-attack-recovery-costs#/,pending,0,0,
5929,https://www.indiegogo.com//projects/support-girls-leadership#/,pending,0,0,
5930,https://www.indiegogo.com//projects/support-health-services-for-sex-workers-in-northeast-connecticut#/,pending,0,0,
5931,https://www.indiegogo.com//projects/support-help-nepal-earthquake-victims#/,pending,0,0,
5932,https://www.indiegogo.com//projects/support-multi-startup-fashion-portal-akpeace-com#/,pending,0,0,
5933,https://www.indiegogo.com//projects/support-muungano-s-p-e-a-c-e-program-in-kenya#/,pending,0,0,
5934,https://www.indiegogo.com//projects/support-my-run-at-utmb-ccc#/,pending,0,0,
5935,https://www.indiegogo.com//projects/support-nana-hatzi-in-her-fight-against-cancer#/,pending,0,0,
5936,https://www.indiegogo.com//projects/support-opening-urban-athletic-club-shaw#/,pending,0,0,
5937,https://www.indiegogo.com//projects/support-school-libraries#/,pending,0,0,
5938,https://www.indiegogo.com//projects/support-t-j-brown-s-dream-of-teaching-the-sick-and-dying-about-natural-health#/,pending,0,0,
5939,https://www.indiegogo.com//projects/support-tesl-ej-and-keep-us-free#/,pending,0,0,
5940,https://www.indiegogo.com//projects/support-the-apparators-journey-to-nationals#/,pending,0,0,
5941,https://www.indiegogo.com//projects/support-the-free-learning-channel#/,pending,0,0,
5942,https://www.indiegogo.com//projects/support-the-one-young-world-summit-2013-south-africa#/,pending,0,0,
5943,https://www.indiegogo.com//projects/support-the-ongoing-conversation#/,pending,0,0,
5944,https://www.indiegogo.com//projects/support-the-orphans-of-lithuania#/,pending,0,0,
5945,https://www.indiegogo.com//projects/support-the-relaunch-of-the-saturday-school-for-positive-education#/,pending,0,0,
5946,https://www.indiegogo.com//projects/support-the-twin-cities-doula-project-and-help-mothers-babies-and-families#/,pending,0,0,
5947,https://www.indiegogo.com//projects/support-the-youth-organizing-institute-this-summer#/,pending,0,0,
5948,https://www.indiegogo.com//projects/support-tiffany-today-with-in-home-dialysis-care#/,pending,0,0,
5949,https://www.indiegogo.com//projects/support-umar-at-the-new-england-conservatory#/,pending,0,0,
5950,https://www.indiegogo.com//projects/support-women-in-male-dominated-industries#/,pending,0,0,
5951,https://www.indiegogo.com//projects/support-youth-in-the-arts-imagine#/,pending,0,0,
5952,https://www.indiegogo.com//projects/support-youth-media-in-the-appalachian-mountains#/,pending,0,0,
5953,https://www.indiegogo.com//projects/support-zimbabwe-women-farmers#/,pending,0,0,
5954,https://www.indiegogo.com//projects/supporting-romanian-students-in-need#/,pending,0,0,
5955,https://www.indiegogo.com//projects/supporting-youth-dressage-education-in-maine#/,pending,0,0,
5956,https://www.indiegogo.com//projects/supreme-burger-come-grow-with-us-donate-today#/,pending,0,0,
5957,https://www.indiegogo.com//projects/surfer-needs-help-to-compete-in-australia#/,pending,0,0,
5958,https://www.indiegogo.com//projects/surge-3d-the-ultimate-wireless-3d-hi-fi-headphone#/,pending,0,0,
5959,https://www.indiegogo.com//projects/surge-mini-the-best-sound-quality-wireless-earbuds#/,pending,0,0,
5960,https://www.indiegogo.com//projects/surgery-for-jude-grey-kittymantitty-for-the-cure#/,pending,0,0,
5961,https://www.indiegogo.com//projects/surgery-for-my-fractured-left-arm#/,pending,0,0,
5962,https://www.indiegogo.com//projects/surgery-for-nicks-torn-medial-meniscus#/,pending,0,0,
5963,https://www.indiegogo.com//projects/surgical-protective-face-mask-with-stylish-design#/,pending,0,0,
5964,https://www.indiegogo.com//projects/survival-of-the-first-voices-festival-2014#/,pending,0,0,
5965,https://www.indiegogo.com//projects/survival-research-at-chicago-ghost-conference-9#/,pending,0,0,
5966,https://www.indiegogo.com//projects/surviveon35-fundraiser-let-s-raise-10k-for-families#/,pending,0,0,
5967,https://www.indiegogo.com//projects/surviving-comics-the-documentary#/,pending,0,0,
5968,https://www.indiegogo.com//projects/sustainability-park-in-newtown-ct#/,pending,0,0,
5969,https://www.indiegogo.com//projects/sustainable-fashion-made-by-andean-women-in-alpaca#/,pending,0,0,
5970,https://www.indiegogo.com//projects/sustainable-healthcare-alliance-for-recycled-equipment--91#/,pending,0,0,
5971,https://www.indiegogo.com//projects/sustainable-periods-made-easy#/,pending,0,0,
5972,https://www.indiegogo.com//projects/susty-members-only-concierge-service#/,pending,0,0,
5973,https://www.indiegogo.com//projects/suttyo-fight-against-the-end-of-the-world#/,pending,0,0,
5974,https://www.indiegogo.com//projects/sveda-organics-usa-american-science-ayurveda#/,pending,0,0,
5975,https://www.indiegogo.com//projects/svstem-watches#/,pending,0,0,
5976,https://www.indiegogo.com//projects/swaim-s-rebel-alliance#/,pending,0,0,
5977,https://www.indiegogo.com//projects/swatchcandy-makeup-swatches-for-your-skin-tone#/,pending,0,0,
5978,https://www.indiegogo.com//projects/sway-hackathon#/,pending,0,0,
5979,https://www.indiegogo.com//projects/sweat-seal-end-pit-stains--3#/,pending,0,0,
5980,https://www.indiegogo.com//projects/sweet-cream-organic-body-butters-beard-oils#/,pending,0,0,
5981,https://www.indiegogo.com//projects/sweet-intentions#/,pending,0,0,
5982,https://www.indiegogo.com//projects/sweet-relief#/,pending,0,0,
5983,https://www.indiegogo.com//projects/swing-rolrest-3-in-1-dual-surface-foot-rest#/,pending,0,0,
5984,https://www.indiegogo.com//projects/swing-sets-for-uganda-rural-orphans-children#/,pending,0,0,
5985,https://www.indiegogo.com//projects/swissbody-swiss-engineered-smart-training-suit--2#/,pending,0,0,
5986,https://www.indiegogo.com//projects/switchcubic-world-first-pocket-pc-projector#/,pending,0,0,
5987,https://www.indiegogo.com//projects/switchlok-the-easiest-phone-mount-ever#/,pending,0,0,
5988,https://www.indiegogo.com//projects/switzerland-of-bits#/,pending,0,0,
5989,https://www.indiegogo.com//projects/swp-media#/,pending,0,0,
5990,https://www.indiegogo.com//projects/swtch-underwear#/,pending,0,0,
5991,https://www.indiegogo.com//projects/swytch-convert-any-bike-into-an-ebike#/,pending,0,0,
5992,https://www.indiegogo.com//projects/swytch-the-world-s-smallest-lightest-ebike-kit#/,pending,0,0,
5993,https://www.indiegogo.com//projects/sybernetics-strategic-bodybuilding--4#/,pending,0,0,
5994,https://www.indiegogo.com//projects/sydney-mountain-bike-club-city-ride-experience#/,pending,0,0,
5995,https://www.indiegogo.com//projects/sydney-mwamba-goes-to-university#/,pending,0,0,
5996,https://www.indiegogo.com//projects/sympleseq-the-easy-to-build-analog-step-sequencer#/,pending,0,0,
5997,https://www.indiegogo.com//projects/syntilicious-a-taste-of-top-coat#/,pending,0,0,
5998,https://www.indiegogo.com//projects/syrian-poetry-in-a-multi-sensory-experience#/,pending,0,0,
5999,https://www.indiegogo.com//projects/syrian-refugees--15#/,pending,0,0,
6000,https://www.indiegogo.com//projects/syrian-refugees-in-france#/,pending,0,0,
6001,https://www.indiegogo.com//projects/t-20-the-most-powerful-compact-cob-light#/,pending,0,0,
6002,https://www.indiegogo.com//projects/t-e-m-b-a-for-our-children#/,pending,0,0,
6003,https://www.indiegogo.com//projects/t-watches-le-mans-edition-automatic-swiss-made#/,pending,0,0,
6004,https://www.indiegogo.com//projects/t1-world-s-1st-rgb-ipx6-waterproof-power-tower#/,pending,0,0,
6005,https://www.indiegogo.com//projects/t10-home-the-most-powerful-and-affordable-vacuum#/,pending,0,0,
6006,https://www.indiegogo.com//projects/taasc-dyslexia-project#/,pending,0,0,
6007,https://www.indiegogo.com//projects/tabernanthe-iboga-s-therapeutic-revolution#/,pending,0,0,
6008,https://www.indiegogo.com//projects/table-luxury-lamp-with-usb-multi-charger#/,pending,0,0,
6009,https://www.indiegogo.com//projects/tablet-for-sarah#/,pending,0,0,
6010,https://www.indiegogo.com//projects/tabot-the-best-tangle-free-robot-mop-vacuum#/,pending,0,0,
6011,https://www.indiegogo.com//projects/tactical-bunny-keychain#/,pending,0,0,
6012,https://www.indiegogo.com//projects/tactical-helmet-rank#/,pending,0,0,
6013,https://www.indiegogo.com//projects/tactigon-skin-stylish-3d-wearable-mouse#/,pending,0,0,
6014,https://www.indiegogo.com//projects/taihe-gemini-most-affordable-on-the-go-monitor#/,pending,0,0,
6015,https://www.indiegogo.com//projects/taiwan-kopi-luwak-coffee#/,pending,0,0,
6016,https://www.indiegogo.com//projects/take-heart-explore#/,pending,0,0,
6017,https://www.indiegogo.com//projects/take-it-easy#/,pending,0,0,
6018,https://www.indiegogo.com//projects/take-mue-software-to-ultimate-proportions#/,pending,0,0,
6019,https://www.indiegogo.com//projects/take-your-iphone-to-the-next-level-today#/,pending,0,0,
6020,https://www.indiegogo.com//projects/takeoff-electric-motor-assist-for-foiling#/,pending,0,0,
6021,https://www.indiegogo.com//projects/taking-care-of-mom#/,pending,0,0,
6022,https://www.indiegogo.com//projects/taking-on-the-medical-board-to-defend-alternative-health-care#/,pending,0,0,
6023,https://www.indiegogo.com//projects/tales-of-an-american-summer#/,pending,0,0,
6024,https://www.indiegogo.com//projects/tales-of-the-rainbow-forest-anti-bullying-campaign#/,pending,0,0,
6025,https://www.indiegogo.com//projects/tales-of-valoris-swallow-s-defenders#/,pending,0,0,
6026,https://www.indiegogo.com//projects/taliban-airways-blues-for-the-almighty#/,pending,0,0,
6027,https://www.indiegogo.com//projects/talibe-school-fund#/,pending,0,0,
6028,https://www.indiegogo.com//projects/tally-one-mobile-friendly-website-project#/,pending,0,0,
6029,https://www.indiegogo.com//projects/talon-lightweight-pocket-tool-for-everyday-carry#/,pending,0,0,
6030,https://www.indiegogo.com//projects/tame-your-gizmos-with-our-incredible-organizer#/,pending,0,0,
6031,https://www.indiegogo.com//projects/tameshigiri-trainer#/,pending,0,0,
6032,https://www.indiegogo.com//projects/taming-the-toxic-takeover#/,pending,0,0,
6033,https://www.indiegogo.com//projects/tando-inc-an-extraordinary-think-and-do-tank#/,pending,0,0,
6034,https://www.indiegogo.com//projects/tandoori-apocalypse-graphic-novel-2-3-and-4#/,pending,0,0,
6035,https://www.indiegogo.com//projects/tango-grip-stand#/,pending,0,0,
6036,https://www.indiegogo.com//projects/tanner-s-gatorade-bath-walk-a-thon-promise#/,pending,0,0,
6037,https://www.indiegogo.com//projects/tanuki-pocket-ninja-fly-fishers-best-friend#/,pending,0,0,
6038,https://www.indiegogo.com//projects/taoist-kungfu-and-tcm-training-at-5-immortals-temple-china#/,pending,0,0,
6039,https://www.indiegogo.com//projects/taopatch-upgrade-your-brain-and-body#/,pending,0,0,
6040,https://www.indiegogo.com//projects/tapdock-ultimate-multipurpose-mount-dock#/,pending,0,0,
6041,https://www.indiegogo.com//projects/tapp-educational-planner#/,pending,0,0,
6042,https://www.indiegogo.com//projects/tapp-filter#/,pending,0,0,
6043,https://www.indiegogo.com//projects/taptek-thinnest-wireless-mac-mechanical-keyboard#/,pending,0,0,
6044,https://www.indiegogo.com//projects/tarlaria-secure-mobile-chat#/,pending,0,0,
6045,https://www.indiegogo.com//projects/taskin-kompak-easy-way-to-pack-more-mess-less#/,pending,0,0,
6046,https://www.indiegogo.com//projects/taskin-kube-2-the-duffel-done-right-again#/,pending,0,0,
6047,https://www.indiegogo.com//projects/taskin-kube-the-duffel-done-right#/,pending,0,0,
6048,https://www.indiegogo.com//projects/taskin-stash-master-your-gadgets#/,pending,0,0,
6049,https://www.indiegogo.com//projects/tattoos-to-train#/,pending,0,0,
6050,https://www.indiegogo.com//projects/tcrg-all-stars-trek-to-the-track-in-tucson#/,pending,0,0,
6051,https://www.indiegogo.com//projects/te-mat--2#/,pending,0,0,
6052,https://www.indiegogo.com//projects/teach-a-man-wisdom#/,pending,0,0,
6053,https://www.indiegogo.com//projects/teach-em-early-duck-identification-crib-mobile#/,pending,0,0,
6054,https://www.indiegogo.com//projects/teach-entrepreneurs-to-create-jobs-for-the-poor#/,pending,0,0,
6055,https://www.indiegogo.com//projects/teach-for-nigeria#/,pending,0,0,
6056,https://www.indiegogo.com//projects/teach-for-papua#/,pending,0,0,
6057,https://www.indiegogo.com//projects/teachers2teachers-fundraiser-for-summer-2014#/,pending,0,0,
6058,https://www.indiegogo.com//projects/teaching-music-in-kabul#/,pending,0,0,
6059,https://www.indiegogo.com//projects/teaching-project-in-kenya#/,pending,0,0,
6060,https://www.indiegogo.com//projects/teachinsight-buy-or-sell-tutorial-website#/,pending,0,0,
6061,https://www.indiegogo.com//projects/team-australia-to-the-quidditch-global-games#/,pending,0,0,
6062,https://www.indiegogo.com//projects/team-austria-beim-sun-trip-2015#/,pending,0,0,
6063,https://www.indiegogo.com//projects/team-canada-help-support-canada-s-top-science-students-compete-at-isef-2014#/,pending,0,0,
6064,https://www.indiegogo.com//projects/team-destinee#/,pending,0,0,
6065,https://www.indiegogo.com//projects/team-fusion-135-road-to-ftc-robotics-world-championships#/,pending,0,0,
6066,https://www.indiegogo.com//projects/team-hope-2013#/,pending,0,0,
6067,https://www.indiegogo.com//projects/team-marissa-gymnastics#/,pending,0,0,
6068,https://www.indiegogo.com//projects/team-mids-keep-on-suckin-tour#/,pending,0,0,
6069,https://www.indiegogo.com//projects/team-mike-troll#/,pending,0,0,
6070,https://www.indiegogo.com//projects/team-sakura-behover-din-hjalp#/,pending,0,0,
6071,https://www.indiegogo.com//projects/team-shuster-seeking-us-men-s-curling-national-title-and-olympic-trials-berth#/,pending,0,0,
6072,https://www.indiegogo.com//projects/team-vaccine#/,pending,0,0,
6073,https://www.indiegogo.com//projects/team-venture-charity-rally-from-sweden-to-mongolia#/,pending,0,0,
6074,https://www.indiegogo.com//projects/teamgee-ultrathin-and-lightweight-electric-board#/,pending,0,0,
6075,https://www.indiegogo.com//projects/teammate--3#/,pending,0,0,
6076,https://www.indiegogo.com//projects/teaplays-the-healthiest-candy-to-drink-fun-tea#/,pending,0,0,
6077,https://www.indiegogo.com//projects/technical-vocational-pavilion#/,pending,0,0,
6078,https://www.indiegogo.com//projects/technologies-against-assault#/,pending,0,0,
6079,https://www.indiegogo.com//projects/techoss-s4200-the-essential-home-solar-generator--2#/,pending,0,0,
6080,https://www.indiegogo.com//projects/techshop-menlo-park-move-rebuild#/,pending,0,0,
6081,https://www.indiegogo.com//projects/teen-autism-dances#/,pending,0,0,
6082,https://www.indiegogo.com//projects/teen-driving-solutions-school#/,pending,0,0,
6083,https://www.indiegogo.com//projects/teenage-cancer-trust-hill-walk#/,pending,0,0,
6084,https://www.indiegogo.com//projects/teenage-tracker-revolutionary-tracking-app-for-parent-s-piece-of-mind#/,pending,0,0,
6085,https://www.indiegogo.com//projects/teens-learning-leadership-skills-by-volunteering-in-africa-this-summer#/,pending,0,0,
6086,https://www.indiegogo.com//projects/tego-tubes#/,pending,0,0,
6087,https://www.indiegogo.com//projects/teke-dmx-lighting-tech-in-the-palm-of-your-hand#/,pending,0,0,
6088,https://www.indiegogo.com//projects/telelumen-hugo-app#/,pending,0,0,
6089,https://www.indiegogo.com//projects/tellspec-what-s-in-your-food#/,pending,0,0,
6090,https://www.indiegogo.com//projects/telubo-g3-neck-massager-wearable-smart-neck-care#/,pending,0,0,
6091,https://www.indiegogo.com//projects/temperatek-cutting-edge-heating-technology#/,pending,0,0,
6092,https://www.indiegogo.com//projects/temple-israel-of-long-beach-reconnect-by-rededicating#/,pending,0,0,
6093,https://www.indiegogo.com//projects/tempmi-the-world-s-smallest-tritium-thermometer#/,pending,0,0,
6094,https://www.indiegogo.com//projects/tempo-x-submarine-the-coolest-desk-gadget#/,pending,0,0,
6095,https://www.indiegogo.com//projects/tenkara-rod-co-the-beartooth-mini-fishing-rod#/,pending,0,0,
6096,https://www.indiegogo.com//projects/teracube-sustainable-phone-with-a-4-year-warranty#/,pending,0,0,
6097,https://www.indiegogo.com//projects/tern-the-best-price-to-stay-connected-anywhere--2#/,pending,0,0,
6098,https://www.indiegogo.com//projects/terra-glide-fitness-this-is-how-we-roll--2#/,pending,0,0,
6099,https://www.indiegogo.com//projects/terra-linda-track-field-timing-system#/,pending,0,0,
6100,https://www.indiegogo.com//projects/terry-scholars-fundraise-for-camp-blessing#/,pending,0,0,
6101,https://www.indiegogo.com//projects/tesla-drive-4-mens-health-d4mh-2014#/,pending,0,0,
6102,https://www.indiegogo.com//projects/tesla-front-rear-magsafe-wireless-charger#/,pending,0,0,
6103,https://www.indiegogo.com//projects/tesla-s-dynamic-balancing-machine-replication#/,pending,0,0,
6104,https://www.indiegogo.com//projects/tesla-s-revenge#/,pending,0,0,
6105,https://www.indiegogo.com//projects/tesmo-the-invisible-portable-adhesive-laptop-stand#/,pending,0,0,
6106,https://www.indiegogo.com//projects/test--7975#/,pending,0,0,
6107,https://www.indiegogo.com//projects/test-and-review-new-extraction-products#/,pending,0,0,
6108,https://www.indiegogo.com//projects/testing--980#/,pending,0,0,
6109,https://www.indiegogo.com//projects/tethercell-smart-battery-adapter#/,pending,0,0,
6110,https://www.indiegogo.com//projects/tevaplanter#/,pending,0,0,
6111,https://www.indiegogo.com//projects/tfaa-partners-with-the-batc-kids-program#/,pending,0,0,
6112,https://www.indiegogo.com//projects/tfc-fellowship-for-trainers-of-color#/,pending,0,0,
6113,https://www.indiegogo.com//projects/tg-strike-gloves#/,pending,0,0,
6114,https://www.indiegogo.com//projects/thaiboxing-night-27-4-2013#/,pending,0,0,
6115,https://www.indiegogo.com//projects/thanda-after-school#/,pending,0,0,
6116,https://www.indiegogo.com//projects/thank-you-for-your-contributions#/,pending,0,0,
6117,https://www.indiegogo.com//projects/thanos-creator-jim-starlin-s-dreadstar-omnibus#/,pending,0,0,
6118,https://www.indiegogo.com//projects/that-s-my-dog#/,pending,0,0,
6119,https://www.indiegogo.com//projects/the-168-planner-the-ultimate-student-success-tool#/,pending,0,0,
6120,https://www.indiegogo.com//projects/the-2015-black365-knowledge-bowl#/,pending,0,0,
6121,https://www.indiegogo.com//projects/the-2015-essential-theatre-play-festival#/,pending,0,0,
6122,https://www.indiegogo.com//projects/the-25th-anniversary-of-sundays-in-the-park#/,pending,0,0,
6123,https://www.indiegogo.com//projects/the-360-approach#/,pending,0,0,
6124,https://www.indiegogo.com//projects/the-365give-challenge-join-the-giving-movement#/,pending,0,0,
6125,https://www.indiegogo.com//projects/the-6-n-1-duffle-backpack-any-trip-any-condition#/,pending,0,0,
6126,https://www.indiegogo.com//projects/the-72-by-redibags-a-72-hour-emergency-kit#/,pending,0,0,
6127,https://www.indiegogo.com//projects/the-ab-tank-by-bellies-inc-core-confidence-for-motherhood#/,pending,0,0,
6128,https://www.indiegogo.com//projects/the-abductables-2-reticulous#/,pending,0,0,
6129,https://www.indiegogo.com//projects/the-accessibility-tv-network-the-only-path-to-your-accessibility-at-training#/,pending,0,0,
6130,https://www.indiegogo.com//projects/the-accursed--2#/,pending,0,0,
6131,https://www.indiegogo.com//projects/the-acts-board-game#/,pending,0,0,
6132,https://www.indiegogo.com//projects/the-acupuncture-bus#/,pending,0,0,
6133,https://www.indiegogo.com//projects/the-aer-cordless-hair-dryer#/,pending,0,0,
6134,https://www.indiegogo.com//projects/the-air-mask-premium-look-air-filtration#/,pending,0,0,
6135,https://www.indiegogo.com//projects/the-airbolt-gps#/,pending,0,0,
6136,https://www.indiegogo.com//projects/the-airloft-jacket#/,pending,0,0,
6137,https://www.indiegogo.com//projects/the-alchemist-1-first-matter-prima-materia#/,pending,0,0,
6138,https://www.indiegogo.com//projects/the-all-in-one-multifunctional-heated-blanket#/,pending,0,0,
6139,https://www.indiegogo.com//projects/the-all-terrain-wheelchair-shop#/,pending,0,0,
6140,https://www.indiegogo.com//projects/the-alternative-travel-guide-a-backpacker-map-made-by-locals#/,pending,0,0,
6141,https://www.indiegogo.com//projects/the-amblios-club-a-companion-app-for-lazy-eye#/,pending,0,0,
6142,https://www.indiegogo.com//projects/the-american-flag-around-the-world-free-travel--2#/,pending,0,0,
6143,https://www.indiegogo.com//projects/the-amethyst-network-spread-the-word#/,pending,0,0,
6144,https://www.indiegogo.com//projects/the-ana-zeppelin-story#/,pending,0,0,
6145,https://www.indiegogo.com//projects/the-angry-rednecks-a-kid-anarchy-adventure#/,pending,0,0,
6146,https://www.indiegogo.com//projects/the-answer-to-saving-thousands-of-lives-believe#/,pending,0,0,
6147,https://www.indiegogo.com//projects/the-aquilonix-by-leto-solutions-helping-amputees#/,pending,0,0,
6148,https://www.indiegogo.com//projects/the-arbor-instant-video-doorbell#/,pending,0,0,
6149,https://www.indiegogo.com//projects/the-arc-edition-pen-celebrating-the-struggle#/,pending,0,0,
6150,https://www.indiegogo.com//projects/the-arcido-bag-smarter-carry-on-travel#/,pending,0,0,
6151,https://www.indiegogo.com//projects/the-art-of-motivation-a-play#/,pending,0,0,
6152,https://www.indiegogo.com//projects/the-art-of-practicing-institute-educating-musicians-to-play-from-the-heart#/,pending,0,0,
6153,https://www.indiegogo.com//projects/the-art-of-resistance#/,pending,0,0,
6154,https://www.indiegogo.com//projects/the-art-room-when-i-grow-up#/,pending,0,0,
6155,https://www.indiegogo.com//projects/the-athena-fitness-purse#/,pending,0,0,
6156,https://www.indiegogo.com//projects/the-atlantic-city-trump-museum-project#/,pending,0,0,
6157,https://www.indiegogo.com//projects/the-atom-the-ultimate-micro-racing-drone#/,pending,0,0,
6158,https://www.indiegogo.com//projects/the-atp-01-adjustable-at-the-press-of-a-button#/,pending,0,0,
6159,https://www.indiegogo.com//projects/the-auto-i-world-s-smartest-car-camera-security#/,pending,0,0,
6160,https://www.indiegogo.com//projects/the-b-mauney-heart-scholarship#/,pending,0,0,
6161,https://www.indiegogo.com//projects/the-baby-fund#/,pending,0,0,
6162,https://www.indiegogo.com//projects/the-baby-potty-biodegradable-top-hat-potty-for-ec#/,pending,0,0,
6163,https://www.indiegogo.com//projects/the-babylove-alliance#/,pending,0,0,
6164,https://www.indiegogo.com//projects/the-babymaker-stealth-road-ebike-with-belt-drive#/,pending,0,0,
6165,https://www.indiegogo.com//projects/the-backjack-unique-back-pain-relief-device#/,pending,0,0,
6166,https://www.indiegogo.com//projects/the-badger-wearable-electronic-badge#/,pending,0,0,
6167,https://www.indiegogo.com//projects/the-balanced-runner-how-running-is-meant-to-feel#/,pending,0,0,
6168,https://www.indiegogo.com//projects/the-band-improving-life-for-picc-line-patients#/,pending,0,0,
6169,https://www.indiegogo.com//projects/the-barisieur-coffee-alarm-clock#/,pending,0,0,
6170,https://www.indiegogo.com//projects/the-battpak-by-octave-power-bank-and-travel-safe#/,pending,0,0,
6171,https://www.indiegogo.com//projects/the-beast-is-a-comic-about-two-dirty-industries#/,pending,0,0,
6172,https://www.indiegogo.com//projects/the-becoming-dad-project#/,pending,0,0,
6173,https://www.indiegogo.com//projects/the-benson-lens-photography-show#/,pending,0,0,
6174,https://www.indiegogo.com//projects/the-best-adventure-blanket#/,pending,0,0,
6175,https://www.indiegogo.com//projects/the-best-carry-on-travel-bag-ever#/,pending,0,0,
6176,https://www.indiegogo.com//projects/the-best-gantt-chart-for-trello#/,pending,0,0,
6177,https://www.indiegogo.com//projects/the-best-led-toys-you-ll-ever-have#/,pending,0,0,
6178,https://www.indiegogo.com//projects/the-best-linkedin-leads-generation-software--4#/,pending,0,0,
6179,https://www.indiegogo.com//projects/the-best-toiletry-bag-for-travel-the-explorer-plus#/,pending,0,0,
6180,https://www.indiegogo.com//projects/the-bethlehem-children-s-school-stewards-of-a-big-green-planet#/,pending,0,0,
6181,https://www.indiegogo.com//projects/the-big-green-internet-project#/,pending,0,0,
6182,https://www.indiegogo.com//projects/the-bios-urban-farm#/,pending,0,0,
6183,https://www.indiegogo.com//projects/the-bitbob-go-app#/,pending,0,0,
6184,https://www.indiegogo.com//projects/the-black-rabbit#/,pending,0,0,
6185,https://www.indiegogo.com//projects/the-bogre-the-ongoing-series-1#/,pending,0,0,
6186,https://www.indiegogo.com//projects/the-boko-bed-net-solar-malaria-prevention-project#/,pending,0,0,
6187,https://www.indiegogo.com//projects/the-bond-wand-launch-massage-therapy-reimagined--2#/,pending,0,0,
6188,https://www.indiegogo.com//projects/the-boroughs-brewing-company#/,pending,0,0,
6189,https://www.indiegogo.com//projects/the-brass-rails-tv-pilot-finish-line#/,pending,0,0,
6190,https://www.indiegogo.com//projects/the-break-away-coupling#/,pending,0,0,
6191,https://www.indiegogo.com//projects/the-briiv-air-filter-unlock-the-power-of-plants#/,pending,0,0,
6192,https://www.indiegogo.com//projects/the-buggin-out-with-chefpv-school-tour-usa#/,pending,0,0,
6193,https://www.indiegogo.com//projects/the-burnfree-aerial-workout-onesie#/,pending,0,0,
6194,https://www.indiegogo.com//projects/the-bus-a-visual-journey#/,pending,0,0,
6195,https://www.indiegogo.com//projects/the-canadian-centre-for-men-and-families#/,pending,0,0,
6196,https://www.indiegogo.com//projects/the-candle-charger-reliable-power-for-outages#/,pending,0,0,
6197,https://www.indiegogo.com//projects/the-careercrate-next-steps-project#/,pending,0,0,
6198,https://www.indiegogo.com//projects/the-carrizal-water-initiative#/,pending,0,0,
6199,https://www.indiegogo.com//projects/the-case-for-waste#/,pending,0,0,
6200,https://www.indiegogo.com//projects/the-children-rescue-project#/,pending,0,0,
6201,https://www.indiegogo.com//projects/the-children-s-oasis-a-safe-space-for-children#/,pending,0,0,
6202,https://www.indiegogo.com//projects/the-christina-art-car-project#/,pending,0,0,
6203,https://www.indiegogo.com//projects/the-circle-3-planner-the-ultimate-journal#/,pending,0,0,
6204,https://www.indiegogo.com//projects/the-co-op-scholarship-fund#/,pending,0,0,
6205,https://www.indiegogo.com//projects/the-cobblebot-3d-printer-psu#/,pending,0,0,
6206,https://www.indiegogo.com//projects/the-cold-shoulder-fat-burning-vest#/,pending,0,0,
6207,https://www.indiegogo.com//projects/the-commuter-feature-packed-winter-face-protector#/,pending,0,0,
6208,https://www.indiegogo.com//projects/the-cop-humour-australia-care-package#/,pending,0,0,
6209,https://www.indiegogo.com//projects/the-creatorstand-we-re-shipping-now#/,pending,0,0,
6210,https://www.indiegogo.com//projects/the-credit-reformer-we-protect-peoples-rights#/,pending,0,0,
6211,https://www.indiegogo.com//projects/the-cruisers-go-pro#/,pending,0,0,
6212,https://www.indiegogo.com//projects/the-cursed-treasure#/,pending,0,0,
6213,https://www.indiegogo.com//projects/the-declassification-engine-saving-history-from-official-secrecy#/,pending,0,0,
6214,https://www.indiegogo.com//projects/the-deep-green-tech-accelerator#/,pending,0,0,
6215,https://www.indiegogo.com//projects/the-defender-smart-personal-protection#/,pending,0,0,
6216,https://www.indiegogo.com//projects/the-desk-lamp-by-pure-forms#/,pending,0,0,
6217,https://www.indiegogo.com//projects/the-dice-pen-with-standard-dice-and-ccg-dice#/,pending,0,0,
6218,https://www.indiegogo.com//projects/the-digital-justice-project-djp#/,pending,0,0,
6219,https://www.indiegogo.com//projects/the-dino-community#/,pending,0,0,
6220,https://www.indiegogo.com//projects/the-disadvantaged-maasai-girls#/,pending,0,0,
6221,https://www.indiegogo.com//projects/the-dna-bracelet#/,pending,0,0,
6222,https://www.indiegogo.com//projects/the-donation-app-swipe-donate-done#/,pending,0,0,
6223,https://www.indiegogo.com//projects/the-dorset-destroyers-wheelchair-rugby-club#/,pending,0,0,
6224,https://www.indiegogo.com//projects/the-dream-of-a-young-drummer--3#/,pending,0,0,
6225,https://www.indiegogo.com//projects/the-drift-w1-experience-segway-s-new-age-e-skates#/,pending,0,0,
6226,https://www.indiegogo.com//projects/the-drip-clip-a-life-saving-low-cost-technology#/,pending,0,0,
6227,https://www.indiegogo.com//projects/the-drop-redefining-portable-power#/,pending,0,0,
6228,https://www.indiegogo.com//projects/the-dude-be-nice-project#/,pending,0,0,
6229,https://www.indiegogo.com//projects/the-earth-experience-middle-tennessee-museum-of-natural-history#/,pending,0,0,
6230,https://www.indiegogo.com//projects/the-edge-desk-the-ultimate-desk-for-productivity#/,pending,0,0,
6231,https://www.indiegogo.com//projects/the-efor-device#/,pending,0,0,
6232,https://www.indiegogo.com//projects/the-elevated-craft-cocktail-shaker--2#/,pending,0,0,
6233,https://www.indiegogo.com//projects/the-emergency-home-water-barrel-by-waterfull#/,pending,0,0,
6234,https://www.indiegogo.com//projects/the-end-of-obesity-ibodi-fitness#/,pending,0,0,
6235,https://www.indiegogo.com//projects/the-equalizer-smart-phone-for-balancing-life#/,pending,0,0,
6236,https://www.indiegogo.com//projects/the-era-backpack#/,pending,0,0,
6237,https://www.indiegogo.com//projects/the-everlast-notebook#/,pending,0,0,
6238,https://www.indiegogo.com//projects/the-evolved-a-28mm-miniature-mech-tabletop-game#/,pending,0,0,
6239,https://www.indiegogo.com//projects/the-ezeebat#/,pending,0,0,
6240,https://www.indiegogo.com//projects/the-faith-challenge#/,pending,0,0,
6241,https://www.indiegogo.com//projects/the-fallen-not-forgotten-inc-cup-of-joe-challenge--2#/,pending,0,0,
6242,https://www.indiegogo.com//projects/the-fashion-label-for-all-women#/,pending,0,0,
6243,https://www.indiegogo.com//projects/the-fight-sallie-mae-project#/,pending,0,0,
6244,https://www.indiegogo.com//projects/the-first-cell-phone-case-and-selfie-stick-in-one#/,pending,0,0,
6245,https://www.indiegogo.com//projects/the-first-ever-truly-smartgolfball#/,pending,0,0,
6246,https://www.indiegogo.com//projects/the-first-high-tech-smart-leash-of-the-future#/,pending,0,0,
6247,https://www.indiegogo.com//projects/the-first-peace-hub-in-egypt-building-a-community--2#/,pending,0,0,
6248,https://www.indiegogo.com//projects/the-first-steps-published-in-japan#/,pending,0,0,
6249,https://www.indiegogo.com//projects/the-five-pillars-of-family-science-book#/,pending,0,0,
6250,https://www.indiegogo.com//projects/the-flow-s-gotta-go-and-so-does-cancer#/,pending,0,0,
6251,https://www.indiegogo.com//projects/the-forbidden-secrets#/,pending,0,0,
6252,https://www.indiegogo.com//projects/the-forgotten-mission-field#/,pending,0,0,
6253,https://www.indiegogo.com//projects/the-four-money-bears-teaching-kids-about-money--2#/,pending,0,0,
6254,https://www.indiegogo.com//projects/the-free-syria-school-for-syrian-refugees#/,pending,0,0,
6255,https://www.indiegogo.com//projects/the-free-travel-revolution#/,pending,0,0,
6256,https://www.indiegogo.com//projects/the-freewheel-project#/,pending,0,0,
6257,https://www.indiegogo.com//projects/the-fresh-comics-2014-tour#/,pending,0,0,
6258,https://www.indiegogo.com//projects/the-front-porch--4#/,pending,0,0,
6259,https://www.indiegogo.com//projects/the-front-porch-a-roots-music-school-in-c-ville--2#/,pending,0,0,
6260,https://www.indiegogo.com//projects/the-future-in-shopping-be-the-worlds-1st-users#/,pending,0,0,
6261,https://www.indiegogo.com//projects/the-future-of-japanese-children-after-the-nuclear-disaster#/,pending,0,0,
6262,https://www.indiegogo.com//projects/the-g-i-r-l-project#/,pending,0,0,
6263,https://www.indiegogo.com//projects/the-gabriella-jeanne-memorial-scholarship#/,pending,0,0,
6264,https://www.indiegogo.com//projects/the-game-changing-iceless-beverage-cooler#/,pending,0,0,
6265,https://www.indiegogo.com//projects/the-garlicks-book-one#/,pending,0,0,
6266,https://www.indiegogo.com//projects/the-gemini-world-s-most-advanced-modular-jacket#/,pending,0,0,
6267,https://www.indiegogo.com//projects/the-general-lives-campaign#/,pending,0,0,
6268,https://www.indiegogo.com//projects/the-george-plymyer-experience-and-education-fund-for-quinn-plymyer#/,pending,0,0,
6269,https://www.indiegogo.com//projects/the-gift-of-nutrition-a-christmas-story#/,pending,0,0,
6270,https://www.indiegogo.com//projects/the-glass-cleaner#/,pending,0,0,
6271,https://www.indiegogo.com//projects/the-gnostic-tarot#/,pending,0,0,
6272,https://www.indiegogo.com//projects/the-good-company-ditch-toothpaste-for-good--2#/,pending,0,0,
6273,https://www.indiegogo.com//projects/the-grace-theatre-workshop-inc#/,pending,0,0,
6274,https://www.indiegogo.com//projects/the-grandma-project#/,pending,0,0,
6275,https://www.indiegogo.com//projects/the-grange-hill-project#/,pending,0,0,
6276,https://www.indiegogo.com//projects/the-great-american-road-trip-zine#/,pending,0,0,
6277,https://www.indiegogo.com//projects/the-great-cynosure-computer-collapse-of-2013#/,pending,0,0,
6278,https://www.indiegogo.com//projects/the-great-eggspedition--2#/,pending,0,0,
6279,https://www.indiegogo.com//projects/the-greatest-coconut-oil-for-the-world#/,pending,0,0,
6280,https://www.indiegogo.com//projects/the-hamstring-king#/,pending,0,0,
6281,https://www.indiegogo.com//projects/the-hand-roller#/,pending,0,0,
6282,https://www.indiegogo.com//projects/the-hand-stuff#/,pending,0,0,
6283,https://www.indiegogo.com//projects/the-hayloft-cottagefarmalino#/,pending,0,0,
6284,https://www.indiegogo.com//projects/the-healing-house#/,pending,0,0,
6285,https://www.indiegogo.com//projects/the-health-center-is-flooded#/,pending,0,0,
6286,https://www.indiegogo.com//projects/the-heart-of-the-family#/,pending,0,0,
6287,https://www.indiegogo.com//projects/the-heel-screwjob-comic#/,pending,0,0,
6288,https://www.indiegogo.com//projects/the-heimplanet-motion-series-active-backpacks-backpack-travel#/,pending,0,0,
6289,https://www.indiegogo.com//projects/the-help-count-fitness-to-the-people#/,pending,0,0,
6290,https://www.indiegogo.com//projects/the-hito-pak#/,pending,0,0,
6291,https://www.indiegogo.com//projects/the-holy-growl-a-pressurized-growler-mini-keg#/,pending,0,0,
6292,https://www.indiegogo.com//projects/the-hop-bag#/,pending,0,0,
6293,https://www.indiegogo.com//projects/the-human-vibration-school-of-inner-awareness#/,pending,0,0,
6294,https://www.indiegogo.com//projects/the-hungry-nerd#/,pending,0,0,
6295,https://www.indiegogo.com//projects/the-hybrid-work-booster-for-productivity-privacy#/,pending,0,0,
6296,https://www.indiegogo.com//projects/the-i-c-e-library#/,pending,0,0,
6297,https://www.indiegogo.com//projects/the-i-m-not-holding-back-anymore-campaign#/,pending,0,0,
6298,https://www.indiegogo.com//projects/the-idea-farm-agritourism-destination-retreat#/,pending,0,0,
6299,https://www.indiegogo.com//projects/the-ie-homestead-bee-launch-2020#/,pending,0,0,
6300,https://www.indiegogo.com//projects/the-incredible-math-of-crime-scene-investigations#/,pending,0,0,
6301,https://www.indiegogo.com//projects/the-india-photography-project#/,pending,0,0,
6302,https://www.indiegogo.com//projects/the-indigo-report-reveals-true-potential#/,pending,0,0,
6303,https://www.indiegogo.com//projects/the-infinite-learning-group-llc#/,pending,0,0,
6304,https://www.indiegogo.com//projects/the-institute-of-ancestral-braiding#/,pending,0,0,
6305,https://www.indiegogo.com//projects/the-intelligent-auto-face-tracking-live-stabilizer#/,pending,0,0,
6306,https://www.indiegogo.com//projects/the-iunite-global-campaign#/,pending,0,0,
6307,https://www.indiegogo.com//projects/the-james-fund-fundraiser#/,pending,0,0,
6308,https://www.indiegogo.com//projects/the-journey--10#/,pending,0,0,
6309,https://www.indiegogo.com//projects/the-journey-back-adoptee-travels-to-birth-country#/,pending,0,0,
6310,https://www.indiegogo.com//projects/the-juvenator-keeps-you-wireless-and-charged-up#/,pending,0,0,
6311,https://www.indiegogo.com//projects/the-kale-project--2#/,pending,0,0,
6312,https://www.indiegogo.com//projects/the-keenan-family#/,pending,0,0,
6313,https://www.indiegogo.com//projects/the-khadija-hands-project-fundraiser#/,pending,0,0,
6314,https://www.indiegogo.com//projects/the-kind-project#/,pending,0,0,
6315,https://www.indiegogo.com//projects/the-kodiak-off-grid-home-solar-system-in-a-box#/,pending,0,0,
6316,https://www.indiegogo.com//projects/the-land-of-odd-nature-retreat-cabin#/,pending,0,0,
6317,https://www.indiegogo.com//projects/the-language-of-water#/,pending,0,0,
6318,https://www.indiegogo.com//projects/the-laptop-stand-you-ve-been-waiting-for#/,pending,0,0,
6319,https://www.indiegogo.com//projects/the-lark-fund-2013--6#/,pending,0,0,
6320,https://www.indiegogo.com//projects/the-last-sentinel-of-atlantis#/,pending,0,0,
6321,https://www.indiegogo.com//projects/the-lazy-fisherman#/,pending,0,0,
6322,https://www.indiegogo.com//projects/the-leather-duffle-backpack-6-in-1-set-zip-pack-go#/,pending,0,0,
6323,https://www.indiegogo.com//projects/the-legs-jacket-waterproof-and-breathable#/,pending,0,0,
6324,https://www.indiegogo.com//projects/the-little-that-i-can#/,pending,0,0,
6325,https://www.indiegogo.com//projects/the-ls-the-life-saving-baby-bottle#/,pending,0,0,
6326,https://www.indiegogo.com//projects/the-lycan-powerbox-ready-when-you-aren-t#/,pending,0,0,
6327,https://www.indiegogo.com//projects/the-m-a-n-one-breath-leadership-academy-fund--2#/,pending,0,0,
6328,https://www.indiegogo.com//projects/the-macana-bag-ancient-techniques-modern-design#/,pending,0,0,
6329,https://www.indiegogo.com//projects/the-madi-fund#/,pending,0,0,
6330,https://www.indiegogo.com//projects/the-magic-cable-world-s-most-adaptable-cable#/,pending,0,0,
6331,https://www.indiegogo.com//projects/the-magnificent-seven#/,pending,0,0,
6332,https://www.indiegogo.com//projects/the-mantrailing-app#/,pending,0,0,
6333,https://www.indiegogo.com//projects/the-matt-bailey-hospital-recovery-fund#/,pending,0,0,
6334,https://www.indiegogo.com//projects/the-maulana-dotch-golf-classic--4#/,pending,0,0,
6335,https://www.indiegogo.com//projects/the-medical-motivation-account#/,pending,0,0,
6336,https://www.indiegogo.com//projects/the-melissa-fund--2#/,pending,0,0,
6337,https://www.indiegogo.com//projects/the-memory-of-health--2#/,pending,0,0,
6338,https://www.indiegogo.com//projects/the-micro-wallet-doing-more-with-less#/,pending,0,0,
6339,https://www.indiegogo.com//projects/the-mindset-versatile-brain-stimulation-headset#/,pending,0,0,
6340,https://www.indiegogo.com//projects/the-minimalist-s-calendar-visualize-your-2023#/,pending,0,0,
6341,https://www.indiegogo.com//projects/the-misen-dutch-oven#/,pending,0,0,
6342,https://www.indiegogo.com//projects/the-mitzvah-bike#/,pending,0,0,
6343,https://www.indiegogo.com//projects/the-mobile-golfer-app#/,pending,0,0,
6344,https://www.indiegogo.com//projects/the-model-body#/,pending,0,0,
6345,https://www.indiegogo.com//projects/the-moontime-planner#/,pending,0,0,
6346,https://www.indiegogo.com//projects/the-most-affordable-smart-sunglasses#/,pending,0,0,
6347,https://www.indiegogo.com//projects/the-most-effective-smartest-organic-air-purifier#/,pending,0,0,
6348,https://www.indiegogo.com//projects/the-most-functional-keyboard-for-ipad-pro#/,pending,0,0,
6349,https://www.indiegogo.com//projects/the-most-functional-toiletry-bag-with-20-features#/,pending,0,0,
6350,https://www.indiegogo.com//projects/the-most-sustainable-luxury-fashion-brand-there-is#/,pending,0,0,
6351,https://www.indiegogo.com//projects/the-motherbox-true-wireless-charging--2#/,pending,0,0,
6352,https://www.indiegogo.com//projects/the-nagypapa-foundation#/,pending,0,0,
6353,https://www.indiegogo.com//projects/the-nano-eq-system-digital-audio-nano-equalizer-wireless-controlled-from-app#/,pending,0,0,
6354,https://www.indiegogo.com//projects/the-need2say-mobile-language-app#/,pending,0,0,
6355,https://www.indiegogo.com//projects/the-nemesis-project-2#/,pending,0,0,
6356,https://www.indiegogo.com//projects/the-never-pay-pathway-health-care-literacy-videos#/,pending,0,0,
6357,https://www.indiegogo.com//projects/the-new-20-000-mah-all-in-one-mobile-power#/,pending,0,0,
6358,https://www.indiegogo.com//projects/the-new-core-intel-10nm-minis#/,pending,0,0,
6359,https://www.indiegogo.com//projects/the-new-water-heating-technology-by-avelon-3gt#/,pending,0,0,
6360,https://www.indiegogo.com//projects/the-new-xl-octopus-pulling-system#/,pending,0,0,
6361,https://www.indiegogo.com//projects/the-next-gen-minis-amd-yes#/,pending,0,0,
6362,https://www.indiegogo.com//projects/the-next-generation-of-travel#/,pending,0,0,
6363,https://www.indiegogo.com//projects/the-ngroove-snap-by-mountek-mount-any-mobile-device-in-your-car-cd-slot#/,pending,0,0,
6364,https://www.indiegogo.com//projects/the-nifty-minidrive--5#/,pending,0,0,
6365,https://www.indiegogo.com//projects/the-nix-color-sensor-batch-2#/,pending,0,0,
6366,https://www.indiegogo.com//projects/the-nomatic-backpack-and-travel-pack#/,pending,0,0,
6367,https://www.indiegogo.com//projects/the-nomatic-navigator-series#/,pending,0,0,
6368,https://www.indiegogo.com//projects/the-nozebot-baby-nasal-aspirator#/,pending,0,0,
6369,https://www.indiegogo.com//projects/the-nueva-student-trip-fund#/,pending,0,0,
6370,https://www.indiegogo.com//projects/the-octopus-pulling-system#/,pending,0,0,
6371,https://www.indiegogo.com//projects/the-okita-project#/,pending,0,0,
6372,https://www.indiegogo.com//projects/the-olio-turning-artists-into-entrepreneurs#/,pending,0,0,
6373,https://www.indiegogo.com//projects/the-one-and-only-4-in-1-swiss-charger#/,pending,0,0,
6374,https://www.indiegogo.com//projects/the-one-world-s-lightest-electric-folding-bike#/,pending,0,0,
6375,https://www.indiegogo.com//projects/the-ongoing-saga-of-my-dental-work#/,pending,0,0,
6376,https://www.indiegogo.com//projects/the-online-classroom-launch-project#/,pending,0,0,
6377,https://www.indiegogo.com//projects/the-orijin-sponge-enhance-your-daily-routine#/,pending,0,0,
6378,https://www.indiegogo.com//projects/the-orion-fund-change-one-life-to-change-the-world#/,pending,0,0,
6379,https://www.indiegogo.com//projects/the-other-mindy-project#/,pending,0,0,
6380,https://www.indiegogo.com//projects/the-outrider-issue-2-charlatans#/,pending,0,0,
6381,https://www.indiegogo.com//projects/the-pakt-one-the-only-travel-bag-you-ll-ever-want#/,pending,0,0,
6382,https://www.indiegogo.com//projects/the-paprcuts-watch#/,pending,0,0,
6383,https://www.indiegogo.com//projects/the-paq-carry-on-travel-bag#/,pending,0,0,
6384,https://www.indiegogo.com//projects/the-passive-house-ice-box-challenge#/,pending,0,0,
6385,https://www.indiegogo.com//projects/the-passport-protector#/,pending,0,0,
6386,https://www.indiegogo.com//projects/the-pedaling-powered-usb-charger#/,pending,0,0,
6387,https://www.indiegogo.com//projects/the-perfect-notebook#/,pending,0,0,
6388,https://www.indiegogo.com//projects/the-pete-seeger-fbi-files-1967-1971#/,pending,0,0,
6389,https://www.indiegogo.com//projects/the-pharaoh-s-house-it-starts-with-them#/,pending,0,0,
6390,https://www.indiegogo.com//projects/the-philadelphia-youth-project#/,pending,0,0,
6391,https://www.indiegogo.com//projects/the-pioneer-project#/,pending,0,0,
6392,https://www.indiegogo.com//projects/the-pledge-to-sarah-safety-app#/,pending,0,0,
6393,https://www.indiegogo.com//projects/the-plot-holes#/,pending,0,0,
6394,https://www.indiegogo.com//projects/the-pointless-app-fight-restlessness-and-boredom#/,pending,0,0,
6395,https://www.indiegogo.com//projects/the-poorest-mothers-and-babies-are-dying#/,pending,0,0,
6396,https://www.indiegogo.com//projects/the-pouch-literally-the-best-pouch-ever-created#/,pending,0,0,
6397,https://www.indiegogo.com//projects/the-power-cookstove#/,pending,0,0,
6398,https://www.indiegogo.com//projects/the-power-of-food-giving-campaign#/,pending,0,0,
6399,https://www.indiegogo.com//projects/the-practice-mba-summer-forum#/,pending,0,0,
6400,https://www.indiegogo.com//projects/the-prologue-genysus-graphic-novel#/,pending,0,0,
6401,https://www.indiegogo.com//projects/the-prosper-valley-steam-roller#/,pending,0,0,
6402,https://www.indiegogo.com//projects/the-purest-argan-oil#/,pending,0,0,
6403,https://www.indiegogo.com//projects/the-purrch-adjustable-indoor-outdoor-seating-solution#/,pending,0,0,
6404,https://www.indiegogo.com//projects/the-qi2healing-project#/,pending,0,0,
6405,https://www.indiegogo.com//projects/the-quantlet-human-performance-reimagined#/,pending,0,0,
6406,https://www.indiegogo.com//projects/the-quest-a-high-grade-mechanical-sports-watch#/,pending,0,0,
6407,https://www.indiegogo.com//projects/the-real-strong-protection-for-your-mobile-device#/,pending,0,0,
6408,https://www.indiegogo.com//projects/the-recompiler-a-magazine-about-technology#/,pending,0,0,
6409,https://www.indiegogo.com//projects/the-rector-family-s-pay-it-forward-campaign#/,pending,0,0,
6410,https://www.indiegogo.com//projects/the-recycled-library-project#/,pending,0,0,
6411,https://www.indiegogo.com//projects/the-red-helmet-madow-tsai-s-sketch-collection--2#/,pending,0,0,
6412,https://www.indiegogo.com//projects/the-resourceful-stroke#/,pending,0,0,
6413,https://www.indiegogo.com//projects/the-right-angle-triple-blind-charger#/,pending,0,0,
6414,https://www.indiegogo.com//projects/the-right-to-learn#/,pending,0,0,
6415,https://www.indiegogo.com//projects/the-ring--6#/,pending,0,0,
6416,https://www.indiegogo.com//projects/the-riptide-r1-electric-skateboard#/,pending,0,0,
6417,https://www.indiegogo.com//projects/the-rising-storm--3#/,pending,0,0,
6418,https://www.indiegogo.com//projects/the-road-to-50kitchen#/,pending,0,0,
6419,https://www.indiegogo.com//projects/the-rockwall-revealed--2#/,pending,0,0,
6420,https://www.indiegogo.com//projects/the-rollins-freezer-vac#/,pending,0,0,
6421,https://www.indiegogo.com//projects/the-rook-oshawa-support-local#/,pending,0,0,
6422,https://www.indiegogo.com//projects/the-ryan-martin-collection-redefining-original#/,pending,0,0,
6423,https://www.indiegogo.com//projects/the-sandusa-beach-towel--2#/,pending,0,0,
6424,https://www.indiegogo.com//projects/the-saw-guard-dog-makes-power-saws-safer-to-use#/,pending,0,0,
6425,https://www.indiegogo.com//projects/the-scarlet-knight-defender-of-the-block-round-2#/,pending,0,0,
6426,https://www.indiegogo.com//projects/the-school-of-hope-beacon-for-the-future-india#/,pending,0,0,
6427,https://www.indiegogo.com//projects/the-seas-of-vodari-campaign-guide-5e#/,pending,0,0,
6428,https://www.indiegogo.com//projects/the-secret-art-of-adjusting-yoga-poses#/,pending,0,0,
6429,https://www.indiegogo.com//projects/the-secret-to-buying-a-beautifully-designed-watch#/,pending,0,0,
6430,https://www.indiegogo.com//projects/the-semi-colon-group-canada#/,pending,0,0,
6431,https://www.indiegogo.com//projects/the-send-a-seed-women-s-project-in-uganda--3#/,pending,0,0,
6432,https://www.indiegogo.com//projects/the-sensory-system#/,pending,0,0,
6433,https://www.indiegogo.com//projects/the-shlocker-secure-convenient-shower-storage-college#/,pending,0,0,
6434,https://www.indiegogo.com//projects/the-shocking-fact-is-i-have-no-home#/,pending,0,0,
6435,https://www.indiegogo.com//projects/the-shoe-that-fits-like-a-second-skin#/,pending,0,0,
6436,https://www.indiegogo.com//projects/the-simple-phishing-toolkit-project#/,pending,0,0,
6437,https://www.indiegogo.com//projects/the-six-a-carry-on-you-effortlessly-push-forward#/,pending,0,0,
6438,https://www.indiegogo.com//projects/the-skrap-pack-fight-shop#/,pending,0,0,
6439,https://www.indiegogo.com//projects/the-slim-wallet-the-thinnest-luxury-bifold#/,pending,0,0,
6440,https://www.indiegogo.com//projects/the-smallest-240w-laptop-charger-with-pd-3-0#/,pending,0,0,
6441,https://www.indiegogo.com//projects/the-smallest-professional-angler-underwater-cam#/,pending,0,0,
6442,https://www.indiegogo.com//projects/the-smart-bib#/,pending,0,0,
6443,https://www.indiegogo.com//projects/the-smart-gent-rfid-duffle-bag-and-collection#/,pending,0,0,
6444,https://www.indiegogo.com//projects/the-soap-project#/,pending,0,0,
6445,https://www.indiegogo.com//projects/the-solfeggio-collection-for-healing#/,pending,0,0,
6446,https://www.indiegogo.com//projects/the-solgaard-carry-on-closet-2-0#/,pending,0,0,
6447,https://www.indiegogo.com//projects/the-solid-linear-thermal-expansion-engine#/,pending,0,0,
6448,https://www.indiegogo.com//projects/the-solution-to-airline-travel-with-surfboards#/,pending,0,0,
6449,https://www.indiegogo.com//projects/the-sound-foundation-rock-scholarship#/,pending,0,0,
6450,https://www.indiegogo.com//projects/the-space-deck-playing-cards-based-on-astronomy#/,pending,0,0,
6451,https://www.indiegogo.com//projects/the-spontaneous-pop-up-display-spud#/,pending,0,0,
6452,https://www.indiegogo.com//projects/the-sports-ws-app-campaign#/,pending,0,0,
6453,https://www.indiegogo.com//projects/the-star-fish-project#/,pending,0,0,
6454,https://www.indiegogo.com//projects/the-stem-initiative#/,pending,0,0,
6455,https://www.indiegogo.com//projects/the-super-dragonfly-sentinels#/,pending,0,0,
6456,https://www.indiegogo.com//projects/the-supski-mobile-fishing-platform#/,pending,0,0,
6457,https://www.indiegogo.com//projects/the-sustainable-tuktuk#/,pending,0,0,
6458,https://www.indiegogo.com//projects/the-swarm-has-arrived-introducing-gear-bug--2#/,pending,0,0,
6459,https://www.indiegogo.com//projects/the-swinger-plate-loaded-kettlebell-handle#/,pending,0,0,
6460,https://www.indiegogo.com//projects/the-teddy-bear-tea-project--2#/,pending,0,0,
6461,https://www.indiegogo.com//projects/the-tempest-smartband#/,pending,0,0,
6462,https://www.indiegogo.com//projects/the-three-phase-one-e-bike#/,pending,0,0,
6463,https://www.indiegogo.com//projects/the-tim-davey-fund#/,pending,0,0,
6464,https://www.indiegogo.com//projects/the-tot-2ten-bed#/,pending,0,0,
6465,https://www.indiegogo.com//projects/the-touch-up#/,pending,0,0,
6466,https://www.indiegogo.com//projects/the-training-cycle#/,pending,0,0,
6467,https://www.indiegogo.com//projects/the-treasures-of-special-needs-parenting-tips-and-strategy-gems#/,pending,0,0,
6468,https://www.indiegogo.com//projects/the-trip-of-a-lifetime-new-mexico#/,pending,0,0,
6469,https://www.indiegogo.com//projects/the-truth-about-aging-docuseries#/,pending,0,0,
6470,https://www.indiegogo.com//projects/the-tyler-fund#/,pending,0,0,
6471,https://www.indiegogo.com//projects/the-u-plug-green-generator#/,pending,0,0,
6472,https://www.indiegogo.com//projects/the-ultimate-adjustable-backpack-by-eshena#/,pending,0,0,
6473,https://www.indiegogo.com//projects/the-ultimate-carbon-fiber-hair-combs#/,pending,0,0,
6474,https://www.indiegogo.com//projects/the-ultimate-driver-friendly-car-waste-bin--3#/,pending,0,0,
6475,https://www.indiegogo.com//projects/the-ultimate-field-coat#/,pending,0,0,
6476,https://www.indiegogo.com//projects/the-ultimate-gaming-grip-for-the-nintendo-switch#/,pending,0,0,
6477,https://www.indiegogo.com//projects/the-ultimate-kitchen-knife#/,pending,0,0,
6478,https://www.indiegogo.com//projects/the-ultimate-lifestyle-towel-with-10-features#/,pending,0,0,
6479,https://www.indiegogo.com//projects/the-ultimate-messenger-travel-bag#/,pending,0,0,
6480,https://www.indiegogo.com//projects/the-ultimate-minimalist-cash-wrap-by-trove#/,pending,0,0,
6481,https://www.indiegogo.com//projects/the-ultimate-ride#/,pending,0,0,
6482,https://www.indiegogo.com//projects/the-ultimate-riding-bags-keeping-your-gear-safe--3#/,pending,0,0,
6483,https://www.indiegogo.com//projects/the-ultimate-sports-bottle#/,pending,0,0,
6484,https://www.indiegogo.com//projects/the-ultimate-travel-shoe-2-0-by-tropicfeel#/,pending,0,0,
6485,https://www.indiegogo.com//projects/the-uncertainty-files-what-love-is-us-premiere#/,pending,0,0,
6486,https://www.indiegogo.com//projects/the-uncommon-urban-winery#/,pending,0,0,
6487,https://www.indiegogo.com//projects/the-uplight-smart-wake-up-light#/,pending,0,0,
6488,https://www.indiegogo.com//projects/the-uwicyeza-project#/,pending,0,0,
6489,https://www.indiegogo.com//projects/the-valkyrie#/,pending,0,0,
6490,https://www.indiegogo.com//projects/the-vava-dash-cam-capture-the-road-ahead#/,pending,0,0,
6491,https://www.indiegogo.com//projects/the-vermont-music-foundation-inc#/,pending,0,0,
6492,https://www.indiegogo.com//projects/the-village-cultural-school-academy#/,pending,0,0,
6493,https://www.indiegogo.com//projects/the-voiceome-study#/,pending,0,0,
6494,https://www.indiegogo.com//projects/the-wandering-cub-a-dyslexia-friendly-storybook#/,pending,0,0,
6495,https://www.indiegogo.com//projects/the-waterdown-museum-of-history#/,pending,0,0,
6496,https://www.indiegogo.com//projects/the-wecycle-atlanta-bike-shop-a-new-reality#/,pending,0,0,
6497,https://www.indiegogo.com//projects/the-wellbe#/,pending,0,0,
6498,https://www.indiegogo.com//projects/the-wellshift-app#/,pending,0,0,
6499,https://www.indiegogo.com//projects/the-wheelchair-project-costa-rica#/,pending,0,0,
6500,https://www.indiegogo.com//projects/the-whitefox-eclipse#/,pending,0,0,
6501,https://www.indiegogo.com//projects/the-wintelligence-books-for-human-development#/,pending,0,0,
6502,https://www.indiegogo.com//projects/the-wipy-the-internet-of-things-of-the-future-wifi#/,pending,0,0,
6503,https://www.indiegogo.com//projects/the-wonder-book-using-expanding-story-technology#/,pending,0,0,
6504,https://www.indiegogo.com//projects/the-world-1-must-have-travel-accessoires#/,pending,0,0,
6505,https://www.indiegogo.com//projects/the-world-needs-more-natural#/,pending,0,0,
6506,https://www.indiegogo.com//projects/the-world-peace-college-at-neve-shalom-wahat-al-salam#/,pending,0,0,
6507,https://www.indiegogo.com//projects/the-world-race-11-months-11-countries-1-purpose#/,pending,0,0,
6508,https://www.indiegogo.com//projects/the-world-s-1st-colourful-jeans-backpack#/,pending,0,0,
6509,https://www.indiegogo.com//projects/the-world-s-1st-wearable-cuckoo-clock-watch#/,pending,0,0,
6510,https://www.indiegogo.com//projects/the-world-s-best-outdoor-jacket-with-50-features#/,pending,0,0,
6511,https://www.indiegogo.com//projects/the-world-s-best-qi-wireless-charger-hovercharge#/,pending,0,0,
6512,https://www.indiegogo.com//projects/the-world-s-best-running-shorts--2#/,pending,0,0,
6513,https://www.indiegogo.com//projects/the-world-s-first-2-in-1-jetlag-supplement--2#/,pending,0,0,
6514,https://www.indiegogo.com//projects/the-world-s-first-circadian-beverage-trio#/,pending,0,0,
6515,https://www.indiegogo.com//projects/the-world-s-first-crowd-managed-search-and-web-collection-engine#/,pending,0,0,
6516,https://www.indiegogo.com//projects/the-world-s-first-duffle-suitcase-premium-bag#/,pending,0,0,
6517,https://www.indiegogo.com//projects/the-world-s-first-productivity-boosting-earbuds#/,pending,0,0,
6518,https://www.indiegogo.com//projects/the-world-s-first-smart-clipper-for-home-grooming#/,pending,0,0,
6519,https://www.indiegogo.com//projects/the-world-s-first-sport-and-injury-recovery-cuff#/,pending,0,0,
6520,https://www.indiegogo.com//projects/the-world-s-first-wind-power-plant-carousel#/,pending,0,0,
6521,https://www.indiegogo.com//projects/the-world-s-first-wireless-parking-sensor-and-app#/,pending,0,0,
6522,https://www.indiegogo.com//projects/the-world-s-most-advanced-self-warming-mug--2#/,pending,0,0,
6523,https://www.indiegogo.com//projects/the-world-s-most-affordable-lightest-e-bike--2#/,pending,0,0,
6524,https://www.indiegogo.com//projects/the-world-s-most-stylish-travel-packs#/,pending,0,0,
6525,https://www.indiegogo.com//projects/the-world-s-smallest-360-camera-moka360#/,pending,0,0,
6526,https://www.indiegogo.com//projects/the-world-s-smallest-4k-camera-mokacam#/,pending,0,0,
6527,https://www.indiegogo.com//projects/the-world-s-smartest-anti-snoring-device#/,pending,0,0,
6528,https://www.indiegogo.com//projects/the-world-s-smartest-doorbell-veiu#/,pending,0,0,
6529,https://www.indiegogo.com//projects/the-world-smallest-precision-gps#/,pending,0,0,
6530,https://www.indiegogo.com//projects/the-world-student-christian-federation#/,pending,0,0,
6531,https://www.indiegogo.com//projects/the-world-we-plant#/,pending,0,0,
6532,https://www.indiegogo.com//projects/the-worlds-1st-luxury-vegan-solar-powered-hotel#/,pending,0,0,
6533,https://www.indiegogo.com//projects/the-writers-room#/,pending,0,0,
6534,https://www.indiegogo.com//projects/the-wrong-way-round#/,pending,0,0,
6535,https://www.indiegogo.com//projects/the-wunderbrush-for-gums-ideal-care-for-gums#/,pending,0,0,
6536,https://www.indiegogo.com//projects/the-wylie-cycle-for-clic-sargent#/,pending,0,0,
6537,https://www.indiegogo.com//projects/the-x-frame-mechanical-watch-is-here#/,pending,0,0,
6538,https://www.indiegogo.com//projects/the-x-panther-carbon-at-electric-skateboard#/,pending,0,0,
6539,https://www.indiegogo.com//projects/the-yoganda-project-widowed-women-making-yoganda-yoga-mat-bags#/,pending,0,0,
6540,https://www.indiegogo.com//projects/the-yonas-journey#/,pending,0,0,
6541,https://www.indiegogo.com//projects/thegpsbook-the-first-gps-social-network-app#/,pending,0,0,
6542,https://www.indiegogo.com//projects/thehempstars--3#/,pending,0,0,
6543,https://www.indiegogo.com//projects/theracopper-massage-gun--2#/,pending,0,0,
6544,https://www.indiegogo.com//projects/therapeutic-family-camp#/,pending,0,0,
6545,https://www.indiegogo.com//projects/therapeutic-horsemanship-for-disabled-kids-vets#/,pending,0,0,
6546,https://www.indiegogo.com//projects/therapouf-a-great-product-with-a-greater-purpose#/,pending,0,0,
6547,https://www.indiegogo.com//projects/therapy-dog-for-a-disabled-veteran#/,pending,0,0,
6548,https://www.indiegogo.com//projects/therapy-for-chianna#/,pending,0,0,
6549,https://www.indiegogo.com//projects/thermoband#/,pending,0,0,
6550,https://www.indiegogo.com//projects/thesmoothinghairdryer-end-bad-hair-and-frizz#/,pending,0,0,
6551,https://www.indiegogo.com//projects/theyard-green-promotion-of-college-events-everywhere#/,pending,0,0,
6552,https://www.indiegogo.com//projects/thimblex-recovery-at-your-fingertips--2#/,pending,0,0,
6553,https://www.indiegogo.com//projects/thin-ice-the-very-first-weight-loss-clothing-line#/,pending,0,0,
6554,https://www.indiegogo.com//projects/think-next-generation#/,pending,0,0,
6555,https://www.indiegogo.com//projects/thinkingpartner-app#/,pending,0,0,
6556,https://www.indiegogo.com//projects/thirstbat-beer#/,pending,0,0,
6557,https://www.indiegogo.com//projects/this-is-fashion-netflix-for-fashion#/,pending,0,0,
6558,https://www.indiegogo.com//projects/this-is-my-world-a-photo-book-by-refugee-youth--2#/,pending,0,0,
6559,https://www.indiegogo.com//projects/this-is-time#/,pending,0,0,
6560,https://www.indiegogo.com//projects/this-pigeon-needs-a-new-machine#/,pending,0,0,
6561,https://www.indiegogo.com//projects/this-skin-i-m-in-anti-bullying-production#/,pending,0,0,
6562,https://www.indiegogo.com//projects/thisnik-s-top-surgery-fund#/,pending,0,0,
6563,https://www.indiegogo.com//projects/thomas-felice-watches-unique-designs-high-quality#/,pending,0,0,
6564,https://www.indiegogo.com//projects/thomas-grier-lyme-researcher-needs-funding-for-lab#/,pending,0,0,
6565,https://www.indiegogo.com//projects/thornybeast-idea-incubator--3#/,pending,0,0,
6566,https://www.indiegogo.com//projects/thoughtful-minds#/,pending,0,0,
6567,https://www.indiegogo.com//projects/three-in-one-heated-sleeping-bag-nobag#/,pending,0,0,
6568,https://www.indiegogo.com//projects/thriftygrocer#/,pending,0,0,
6569,https://www.indiegogo.com//projects/thrive-meditation-library-upgrade#/,pending,0,0,
6570,https://www.indiegogo.com//projects/thrive-plant-sensor#/,pending,0,0,
6571,https://www.indiegogo.com//projects/thuc-s-skin-cancer#/,pending,0,0,
6572,https://www.indiegogo.com//projects/thumb-saver-level-wind-for-sport-game-fishing#/,pending,0,0,
6573,https://www.indiegogo.com//projects/thundrblade#/,pending,0,0,
6574,https://www.indiegogo.com//projects/tiaras-teakettles-autumn-2023-secret-gate#/,pending,0,0,
6575,https://www.indiegogo.com//projects/tibeast-professional-robotic-dog-at-a-toy-s-price#/,pending,0,0,
6576,https://www.indiegogo.com//projects/tick-toke-postponed#/,pending,0,0,
6577,https://www.indiegogo.com//projects/ticktime-cube-flip-to-start-the-countdown#/,pending,0,0,
6578,https://www.indiegogo.com//projects/ticpods-free-most-interactive-wireless-earbuds#/,pending,0,0,
6579,https://www.indiegogo.com//projects/tidy-key-carbonfibre-key-organizer-pocket-tool--3#/,pending,0,0,
6580,https://www.indiegogo.com//projects/tierra-de-paz-a-jungle-lodge-built-for-education#/,pending,0,0,
6581,https://www.indiegogo.com//projects/tiffany-s-way--2#/,pending,0,0,
6582,https://www.indiegogo.com//projects/tigdi-the-iphone-wallet-case-wants-to-hold-everything#/,pending,0,0,
6583,https://www.indiegogo.com//projects/tiktrak-app-free-selfie-auto-tracking-phone-mount#/,pending,0,0,
6584,https://www.indiegogo.com//projects/tile-for-a-child-building-an-orphanage-in-ghana#/,pending,0,0,
6585,https://www.indiegogo.com//projects/time-saving-quickdraw-fly-rod-case#/,pending,0,0,
6586,https://www.indiegogo.com//projects/timebirds#/,pending,0,0,
6587,https://www.indiegogo.com//projects/timedancer-episodes-3-4#/,pending,0,0,
6588,https://www.indiegogo.com//projects/timekettle-m2-1st-offline-translation-earbuds#/,pending,0,0,
6589,https://www.indiegogo.com//projects/timekettle-wt2-edge-1st-2-way-translation-earbuds#/,pending,0,0,
6590,https://www.indiegogo.com//projects/timmy-s-journey-a-statistics-game#/,pending,0,0,
6591,https://www.indiegogo.com//projects/tiny-forest-is-humane-and-deep-green-farming#/,pending,0,0,
6592,https://www.indiegogo.com//projects/tiny-house-for-you--2#/,pending,0,0,
6593,https://www.indiegogo.com//projects/tiny-house-resort#/,pending,0,0,
6594,https://www.indiegogo.com//projects/tiny-undies-learn-collection#/,pending,0,0,
6595,https://www.indiegogo.com//projects/tiny-village-cartagena-boutique-tiny-house-resort#/,pending,0,0,
6596,https://www.indiegogo.com//projects/tinymonster-the-30-in-1-45kgf-cm-e-screwdriver#/,pending,0,0,
6597,https://www.indiegogo.com//projects/tinysticky-go-instantaneous-holder-and-tripod#/,pending,0,0,
6598,https://www.indiegogo.com//projects/tiofloss-plant-based-vegan-dental-floss#/,pending,0,0,
6599,https://www.indiegogo.com//projects/tipen-redefining-edc-pen#/,pending,0,0,
6600,https://www.indiegogo.com//projects/tiscribe-bolt-v2-0-ultimate-titanium-edc-pen-t#/,pending,0,0,
6601,https://www.indiegogo.com//projects/titan-portable-power-station-for-extreme-temps#/,pending,0,0,
6602,https://www.indiegogo.com//projects/titan-the-deepest-underwater-drone-dives-to-492ft#/,pending,0,0,
6603,https://www.indiegogo.com//projects/titanium-collapsible-razor-for-on-the-go-shaving--4#/,pending,0,0,
6604,https://www.indiegogo.com//projects/titann-your-titanium-outdoor-equipment-expert#/,pending,0,0,
6605,https://www.indiegogo.com//projects/tiwaletogether#/,pending,0,0,
6606,https://www.indiegogo.com//projects/tix-titanium-case-for-iphone-x-xs-xs-max#/,pending,0,0,
6607,https://www.indiegogo.com//projects/tj-s-eye-surgery-fund#/,pending,0,0,
6608,https://www.indiegogo.com//projects/tlc-children-s-home-nekdomination#/,pending,0,0,
6609,https://www.indiegogo.com//projects/tlc-hair-drive-and-tour-help-give-free-wigs-to-more-than-100-women-with-cancer#/,pending,0,0,
6610,https://www.indiegogo.com//projects/tngnt-carve-ski-bike-bike-all-year#/,pending,0,0,
6611,https://www.indiegogo.com//projects/tnsp-sportsnet#/,pending,0,0,
6612,https://www.indiegogo.com//projects/to-ed-with-love#/,pending,0,0,
6613,https://www.indiegogo.com//projects/to-go-to-study-to-germany#/,pending,0,0,
6614,https://www.indiegogo.com//projects/to-provide-a-low-cost-camping-site-for-families#/,pending,0,0,
6615,https://www.indiegogo.com//projects/toca-is-a-sleeve-that-blocks-smartphone-signals#/,pending,0,0,
6616,https://www.indiegogo.com//projects/todas-sonrisas#/,pending,0,0,
6617,https://www.indiegogo.com//projects/todd-lysyczyn-memorial-fund-for-spina-bifida#/,pending,0,0,
6618,https://www.indiegogo.com//projects/tofaro-smaller-more-portable-visual-ear-cleaner#/,pending,0,0,
6619,https://www.indiegogo.com//projects/togo-empowering-small-businesses-to-go-green#/,pending,0,0,
6620,https://www.indiegogo.com//projects/toilets-for-peru-s-shantytowns#/,pending,0,0,
6621,https://www.indiegogo.com//projects/toilets-for-schools-improving-sanitation-in-ghana#/,pending,0,0,
6622,https://www.indiegogo.com//projects/toledo-firebolts-world-cup-fund--2#/,pending,0,0,
6623,https://www.indiegogo.com//projects/tom-backpack-ver2-the-ultimate-backpack-redfined#/,pending,0,0,
6624,https://www.indiegogo.com//projects/tommy-trifecta#/,pending,0,0,
6625,https://www.indiegogo.com//projects/tomo-post-alcohol-recovery#/,pending,0,0,
6626,https://www.indiegogo.com//projects/tomoloo-f2-stylish-e-scooter-with-100-km-range--2#/,pending,0,0,
6627,https://www.indiegogo.com//projects/tomorrow-s-environmental-scientists-need-your-help#/,pending,0,0,
6628,https://www.indiegogo.com//projects/tone-of-color#/,pending,0,0,
6629,https://www.indiegogo.com//projects/toni-morrison-s-beloved-for-thurston-high-school#/,pending,0,0,
6630,https://www.indiegogo.com//projects/tony-is-golf#/,pending,0,0,
6631,https://www.indiegogo.com//projects/tool-watch-co-arctic-field#/,pending,0,0,
6632,https://www.indiegogo.com//projects/toothbrush-with-ultra-fine-titanium-bristles#/,pending,0,0,
6633,https://www.indiegogo.com//projects/toothshower-complete-oral-care-in-your-shower#/,pending,0,0,
6634,https://www.indiegogo.com//projects/top-chef-pop-up-restaurant#/,pending,0,0,
6635,https://www.indiegogo.com//projects/top-surgery--309#/,pending,0,0,
6636,https://www.indiegogo.com//projects/torn-knee-and-dreams#/,pending,0,0,
6637,https://www.indiegogo.com//projects/tossel#/,pending,0,0,
6638,https://www.indiegogo.com//projects/tot-on-the-pot-potty-training-simplified#/,pending,0,0,
6639,https://www.indiegogo.com//projects/totemmpps-stylus-wrap-on#/,pending,0,0,
6640,https://www.indiegogo.com//projects/touch-glow#/,pending,0,0,
6641,https://www.indiegogo.com//projects/touch-rugby-world-cup-dreamer#/,pending,0,0,
6642,https://www.indiegogo.com//projects/touch-the-worlds-most-advanced-drill#/,pending,0,0,
6643,https://www.indiegogo.com//projects/touch-ultra-small-wireless-bluetooth-5-0-earbuds#/,pending,0,0,
6644,https://www.indiegogo.com//projects/touching-stories#/,pending,0,0,
6645,https://www.indiegogo.com//projects/touchtop-modular-smart-desk-overlay-for-schools#/,pending,0,0,
6646,https://www.indiegogo.com//projects/townew-the-self-sealing-self-changing-trash-can#/,pending,0,0,
6647,https://www.indiegogo.com//projects/toxic-chemical-free-leather-bag-zwuits#/,pending,0,0,
6648,https://www.indiegogo.com//projects/trachten-turnschuhe-bavarian-sneaker-oktoberfest#/,pending,0,0,
6649,https://www.indiegogo.com//projects/track-gear-technical-jackets-at-a-seductive-price#/,pending,0,0,
6650,https://www.indiegogo.com//projects/track-your-internet-connection-with-monitor-io--3#/,pending,0,0,
6651,https://www.indiegogo.com//projects/trackr-bravo#/,pending,0,0,
6652,https://www.indiegogo.com//projects/trackr-mind-don-t-lose-it-bluetooth#/,pending,0,0,
6653,https://www.indiegogo.com//projects/trackums-the-world-s-first-smartphone-for-pets#/,pending,0,0,
6654,https://www.indiegogo.com//projects/tracy-and-lady-open-a-bikram-yoga-studio-in-cebu#/,pending,0,0,
6655,https://www.indiegogo.com//projects/tracy-giving-your-dog-a-voice#/,pending,0,0,
6656,https://www.indiegogo.com//projects/trading-robot-in-your-pocket-osats-net#/,pending,0,0,
6657,https://www.indiegogo.com//projects/traditional-chinese-culture-center#/,pending,0,0,
6658,https://www.indiegogo.com//projects/traditional-martial-arts-school-needs-your-help#/,pending,0,0,
6659,https://www.indiegogo.com//projects/tragedy-for-bihar-family-in-mysore-now-help-mom#/,pending,0,0,
6660,https://www.indiegogo.com//projects/trailblazer-survival-kit#/,pending,0,0,
6661,https://www.indiegogo.com//projects/train-a-new-gazan-surgeon-in-germany-for-gaza#/,pending,0,0,
6662,https://www.indiegogo.com//projects/train-the-pelican-help-us-build-a-training-area#/,pending,0,0,
6663,https://www.indiegogo.com//projects/training-adults-with-autism-for-technology-jobs#/,pending,0,0,
6664,https://www.indiegogo.com//projects/training-leaders-in-southern-africa#/,pending,0,0,
6665,https://www.indiegogo.com//projects/training-to-become-a-doula#/,pending,0,0,
6666,https://www.indiegogo.com//projects/trans-hysterectomy-woes#/,pending,0,0,
6667,https://www.indiegogo.com//projects/trans-youth-counsellor#/,pending,0,0,
6668,https://www.indiegogo.com//projects/transboard-foldable-electric-3-wheel-scooter#/,pending,0,0,
6669,https://www.indiegogo.com//projects/transferpants-move-the-disabled-with-dignity--2#/,pending,0,0,
6670,https://www.indiegogo.com//projects/transforming-a-bad-experience-into-a-better-one#/,pending,0,0,
6671,https://www.indiegogo.com//projects/transforming-plastic-pollution-into-an-eco-training-center-in-bodhgaya#/,pending,0,0,
6672,https://www.indiegogo.com//projects/transgendervention#/,pending,0,0,
6673,https://www.indiegogo.com//projects/translation-changes-lives#/,pending,0,0,
6674,https://www.indiegogo.com//projects/translation-of-my-novel-into-english#/,pending,0,0,
6675,https://www.indiegogo.com//projects/transoceanic-raft-cruise-around-the-world#/,pending,0,0,
6676,https://www.indiegogo.com//projects/transport-stipend#/,pending,0,0,
6677,https://www.indiegogo.com//projects/transportation-for-youth-outreach#/,pending,0,0,
6678,https://www.indiegogo.com//projects/transrover-the-all-in-one-golf-cart-golf-trolley#/,pending,0,0,
6679,https://www.indiegogo.com//projects/traptap-the-simplest-speed-trap-indicator#/,pending,0,0,
6680,https://www.indiegogo.com//projects/traq-me-managing-diabetes-one-text-at-a-time#/,pending,0,0,
6681,https://www.indiegogo.com//projects/traquer-world-s-first-live-streaming-dashcam--2#/,pending,0,0,
6682,https://www.indiegogo.com//projects/trash-no-more#/,pending,0,0,
6683,https://www.indiegogo.com//projects/trashre-a-mycelium-solution-for-surfboards#/,pending,0,0,
6684,https://www.indiegogo.com//projects/trauma-training-for-sex-trafficking-recovery#/,pending,0,0,
6685,https://www.indiegogo.com//projects/travel-bag-buddy-organizer-bag-strap-crossbody--2#/,pending,0,0,
6686,https://www.indiegogo.com//projects/travel-learn-and-play-with-findyourtrip#/,pending,0,0,
6687,https://www.indiegogo.com//projects/travel-reinvented-travel-to-learn-and-give-hope--5#/,pending,0,0,
6688,https://www.indiegogo.com//projects/travel-to-washington-d-c-for-film-screening#/,pending,0,0,
6689,https://www.indiegogo.com//projects/travel-wallet-with-solar-panels-and-power-bank#/,pending,0,0,
6690,https://www.indiegogo.com//projects/travel-watch-24-time-zones-on-a-world-timer#/,pending,0,0,
6691,https://www.indiegogo.com//projects/travel2educate-educating-children-through-travel#/,pending,0,0,
6692,https://www.indiegogo.com//projects/traveller-chair#/,pending,0,0,
6693,https://www.indiegogo.com//projects/travelock-the-ultimate-smart-fingerprint-lock#/,pending,0,0,
6694,https://www.indiegogo.com//projects/travelock2-the-smart-tsa-fingerprint-lock--2#/,pending,0,0,
6695,https://www.indiegogo.com//projects/travelpass-the-ultimate-5-card-for-cards#/,pending,0,0,
6696,https://www.indiegogo.com//projects/travialist#/,pending,0,0,
6697,https://www.indiegogo.com//projects/travis-blue-translator-go-global-speak-local#/,pending,0,0,
6698,https://www.indiegogo.com//projects/trayecto-infinito-de-danza#/,pending,0,0,
6699,https://www.indiegogo.com//projects/trccs-upper-grades-support#/,pending,0,0,
6700,https://www.indiegogo.com//projects/tre-cime-outdoor-expedition--7#/,pending,0,0,
6701,https://www.indiegogo.com//projects/treasure-caretaker-training#/,pending,0,0,
6702,https://www.indiegogo.com//projects/treasure-for-tykes#/,pending,0,0,
6703,https://www.indiegogo.com//projects/treatment-across-borders#/,pending,0,0,
6704,https://www.indiegogo.com//projects/treehouse-rainforest-lodge-costa-rica#/,pending,0,0,
6705,https://www.indiegogo.com//projects/treetaggr#/,pending,0,0,
6706,https://www.indiegogo.com//projects/trelawear-discreet-emergency-response-necklaces#/,pending,0,0,
6707,https://www.indiegogo.com//projects/tremipen#/,pending,0,0,
6708,https://www.indiegogo.com//projects/trex-truly-wireless-earphones#/,pending,0,0,
6709,https://www.indiegogo.com//projects/tribble#/,pending,0,0,
6710,https://www.indiegogo.com//projects/tribotex-more-hp-mpg-and-reverse-engine-wear#/,pending,0,0,
6711,https://www.indiegogo.com//projects/tribu-del-mondo--2#/,pending,0,0,
6712,https://www.indiegogo.com//projects/tridentsaves-all-in-one-safety-leash-handle#/,pending,0,0,
6713,https://www.indiegogo.com//projects/trifecta-2-it-doesn-t-get-any-bigger-than-this#/,pending,0,0,
6714,https://www.indiegogo.com//projects/trikaroo-boomer-two-person-electric-vehicle#/,pending,0,0,
6715,https://www.indiegogo.com//projects/trinity-episcopal-church-historical-landmark-needs-a-new-roof#/,pending,0,0,
6716,https://www.indiegogo.com//projects/trinity-smartphone-pc#/,pending,0,0,
6717,https://www.indiegogo.com//projects/trinity-sports-tournament-destination-venues#/,pending,0,0,
6718,https://www.indiegogo.com//projects/trip-to-europe--6#/,pending,0,0,
6719,https://www.indiegogo.com//projects/trip-to-miami-to-save-life#/,pending,0,0,
6720,https://www.indiegogo.com//projects/trip-trap-geneva-escape-room#/,pending,0,0,
6721,https://www.indiegogo.com//projects/trippal-travel-pillow-with-all-rounded-support#/,pending,0,0,
6722,https://www.indiegogo.com//projects/trippy-wireless-speaker-with-place-and-play--3#/,pending,0,0,
6723,https://www.indiegogo.com//projects/triteia-cube-satellite-to-orbit-the-moon#/,pending,0,0,
6724,https://www.indiegogo.com//projects/triumph-freerunning-missouri-s-first-parkour-gym#/,pending,0,0,
6725,https://www.indiegogo.com//projects/trollkins#/,pending,0,0,
6726,https://www.indiegogo.com//projects/tron-xd-fingerprint-shackle-lock#/,pending,0,0,
6727,https://www.indiegogo.com//projects/trophy-catfish-conservation#/,pending,0,0,
6728,https://www.indiegogo.com//projects/tropical-disease-and-research-program-ecuador-2013#/,pending,0,0,
6729,https://www.indiegogo.com//projects/true-fighter-maggie-mccombs#/,pending,0,0,
6730,https://www.indiegogo.com//projects/trump-hotel-central-park--2#/,pending,0,0,
6731,https://www.indiegogo.com//projects/trunks-of-hope-florida-holocaust-museum--2#/,pending,0,0,
6732,https://www.indiegogo.com//projects/trunkster-www-trunkster-co#/,pending,0,0,
6733,https://www.indiegogo.com//projects/truth-about-pre-trial-electronic-monitoring#/,pending,0,0,
6734,https://www.indiegogo.com//projects/ts3-powerful-4th-axis-laser-engraver-cutter#/,pending,0,0,
6735,https://www.indiegogo.com//projects/tsc#/,pending,0,0,
6736,https://www.indiegogo.com//projects/tubesies-feeding-tube-friendly-bodysuit--2#/,pending,0,0,
6737,https://www.indiegogo.com//projects/tucker-s-ceiling-track-lift-system#/,pending,0,0,
6738,https://www.indiegogo.com//projects/tudex-growth-campaign#/,pending,0,0,
6739,https://www.indiegogo.com//projects/tuition-assistance-for-special-needs-school-for-my-son--2#/,pending,0,0,
6740,https://www.indiegogo.com//projects/tuition-for-my-friend-yusuke#/,pending,0,0,
6741,https://www.indiegogo.com//projects/tuition-for-troy-davis-s-nephew#/,pending,0,0,
6742,https://www.indiegogo.com//projects/tuk-s-top-surgery-piggy-bank#/,pending,0,0,
6743,https://www.indiegogo.com//projects/tuk-tuk-taco-for-sala-monkey-school-mad-monkey#/,pending,0,0,
6744,https://www.indiegogo.com//projects/tulane-s-model-oas#/,pending,0,0,
6745,https://www.indiegogo.com//projects/tullpi-learn-math-playing-with-bottle-caps-magic#/,pending,0,0,
6746,https://www.indiegogo.com//projects/tunebox2-turn-your-speakers-into-wireless-players--2#/,pending,0,0,
6747,https://www.indiegogo.com//projects/tungaj-transformer-protect-yourself#/,pending,0,0,
6748,https://www.indiegogo.com//projects/turkiye-nin-egitim-gelecegine-isik-tutun#/,pending,0,0,
6749,https://www.indiegogo.com//projects/turn-any-nail-polish-into-a-gel-polish--2#/,pending,0,0,
6750,https://www.indiegogo.com//projects/turn-back-a-folk-horror-film-told-in-reverse#/,pending,0,0,
6751,https://www.indiegogo.com//projects/turn-chronic-illness-into-chronic-wellness#/,pending,0,0,
6752,https://www.indiegogo.com//projects/turn-teens-into-global-citizens#/,pending,0,0,
6753,https://www.indiegogo.com//projects/tuwan-revolutionary-anti-snoring-pillow-pad#/,pending,0,0,
6754,https://www.indiegogo.com//projects/tweet-rocket-twitter-taken-care-of#/,pending,0,0,
6755,https://www.indiegogo.com//projects/twicefitted-affordable-unisex-fashion#/,pending,0,0,
6756,https://www.indiegogo.com//projects/twicycle-arm-and-leg-cycle#/,pending,0,0,
6757,https://www.indiegogo.com//projects/twig#/,pending,0,0,
6758,https://www.indiegogo.com//projects/twigle-an-audio-recognition-app-for-bird-songs#/,pending,0,0,
6759,https://www.indiegogo.com//projects/twinkle-lights-for-dancing-sky-theatre#/,pending,0,0,
6760,https://www.indiegogo.com//projects/twinkle-nail-self-illuminated-nail-on-your-smartphone#/,pending,0,0,
6761,https://www.indiegogo.com//projects/twinning-for-st-jude#/,pending,0,0,
6762,https://www.indiegogo.com//projects/twist-tickets#/,pending,0,0,
6763,https://www.indiegogo.com//projects/twisted-ladle-cookbook#/,pending,0,0,
6764,https://www.indiegogo.com//projects/twistlet-not-your-traditional-handbag#/,pending,0,0,
6765,https://www.indiegogo.com//projects/two-full-liquor-license#/,pending,0,0,
6766,https://www.indiegogo.com//projects/tyler-s-acha-1-for-1-marathon#/,pending,0,0,
6767,https://www.indiegogo.com//projects/tyler-s-top-surgery-fundraiser#/,pending,0,0,
6768,https://www.indiegogo.com//projects/tylt-vu-pulse-for-pebble-time#/,pending,0,0,
6769,https://www.indiegogo.com//projects/tympce-watches-redefining-value-through-purpose#/,pending,0,0,
6770,https://www.indiegogo.com//projects/type-2-diabetes-take-a-2nd-look-now-take2fortype2#/,pending,0,0,
6771,https://www.indiegogo.com//projects/type1speedskater#/,pending,0,0,
6772,https://www.indiegogo.com//projects/typhoon-haiyan-victims-relief-fund--2#/,pending,0,0,
6773,https://www.indiegogo.com//projects/tyrant-comics-the-savage-swordsman#/,pending,0,0,
6774,https://www.indiegogo.com//projects/tzoa-wearable-air-quality-tracker#/,pending,0,0,
6775,https://www.indiegogo.com//projects/u-gym-mini-the-smart-digital-muscle-stimulator#/,pending,0,0,
6776,https://www.indiegogo.com//projects/u-pak-pro-the-adventure-ready-survival-system#/,pending,0,0,
6777,https://www.indiegogo.com//projects/uballn-pickup-basketball-app#/,pending,0,0,
6778,https://www.indiegogo.com//projects/uber-of-healthcare-www-drchronic-com#/,pending,0,0,
6779,https://www.indiegogo.com//projects/ubuntu-edge-phone-for-a-developer#/,pending,0,0,
6780,https://www.indiegogo.com//projects/ubzerv-training-meet-entertaining#/,pending,0,0,
6781,https://www.indiegogo.com//projects/ucreate3d-3d-printed-cases-for-all-smartphones-tablets#/,pending,0,0,
6782,https://www.indiegogo.com//projects/udee-the-world-s-best-backpack-with-19-features#/,pending,0,0,
6783,https://www.indiegogo.com//projects/udoq-the-ultimate-apple-dock#/,pending,0,0,
6784,https://www.indiegogo.com//projects/uga-1-lapel-pin-chance-to-order-for-5-discount#/,pending,0,0,
6785,https://www.indiegogo.com//projects/uganda-medical-trip-2015#/,pending,0,0,
6786,https://www.indiegogo.com//projects/uhma-the-self-cleaning-mask-designed-for-you#/,pending,0,0,
6787,https://www.indiegogo.com//projects/ujjaya-balance-bottle-yoga-block-water-bottle#/,pending,0,0,
6788,https://www.indiegogo.com//projects/ukemi-worlds-first-parkour-freerunning-card-game#/,pending,0,0,
6789,https://www.indiegogo.com//projects/ulefone-triproof-digital-walkie-talkie-smartphone#/,pending,0,0,
6790,https://www.indiegogo.com//projects/ullarvinnslan-woolmill-gilhaga-oxarfirdi-iceland#/,pending,0,0,
6791,https://www.indiegogo.com//projects/ult-nutrition-health-fitness-journal#/,pending,0,0,
6792,https://www.indiegogo.com//projects/ultima22-packable-backpack-with-10unique-features#/,pending,0,0,
6793,https://www.indiegogo.com//projects/ultimate-digestive-health-book#/,pending,0,0,
6794,https://www.indiegogo.com//projects/ultimate-zero-compromise-total-wireless-earphones--2#/,pending,0,0,
6795,https://www.indiegogo.com//projects/ultimateyou-planner#/,pending,0,0,
6796,https://www.indiegogo.com//projects/ultra-high-tech-dress-socks-with-15-features#/,pending,0,0,
6797,https://www.indiegogo.com//projects/ultro-edge-react-faster-in-sports-and-gaming#/,pending,0,0,
6798,https://www.indiegogo.com//projects/ultron-most-powerful-wireless-graphene-powerbank#/,pending,0,0,
6799,https://www.indiegogo.com//projects/ulusal-kanal-3g-kamera--5#/,pending,0,0,
6800,https://www.indiegogo.com//projects/umidigi-s3-pro-world-s-first-48mp-ceramic-phone#/,pending,0,0,
6801,https://www.indiegogo.com//projects/unbias-ai-for-decision-makers#/,pending,0,0,
6802,https://www.indiegogo.com//projects/uncover-edinburgh-s-secret-gems-a-photo-guidebook#/,pending,0,0,
6803,https://www.indiegogo.com//projects/undead-mouse#/,pending,0,0,
6804,https://www.indiegogo.com//projects/under-the-friday-night-lights#/,pending,0,0,
6805,https://www.indiegogo.com//projects/underground-runway#/,pending,0,0,
6806,https://www.indiegogo.com//projects/understandbox-a-fresh-take-on-education-software#/,pending,0,0,
6807,https://www.indiegogo.com//projects/understanding-poverty-art-exhibit#/,pending,0,0,
6808,https://www.indiegogo.com//projects/undoing-racism-is-possible#/,pending,0,0,
6809,https://www.indiegogo.com//projects/une-2-cv-a-san-francisco#/,pending,0,0,
6810,https://www.indiegogo.com//projects/unexpected-emergency-medical-bills#/,pending,0,0,
6811,https://www.indiegogo.com//projects/unfunded-deleted-campaign#/,pending,0,0,
6812,https://www.indiegogo.com//projects/uni-world-s-most-advanced-true-wireless-earbuds#/,pending,0,0,
6813,https://www.indiegogo.com//projects/unified-power-protection-for-airpods-iphone#/,pending,0,0,
6814,https://www.indiegogo.com//projects/uniflash-32-128gb-external-drives-iphone-4-6-ipad#/,pending,0,0,
6815,https://www.indiegogo.com//projects/unify-to-thrive--2#/,pending,0,0,
6816,https://www.indiegogo.com//projects/unisex-shirts#/,pending,0,0,
6817,https://www.indiegogo.com//projects/unite-to-fight-hunger#/,pending,0,0,
6818,https://www.indiegogo.com//projects/united-youth-knowledge-exchange-uyke#/,pending,0,0,
6819,https://www.indiegogo.com//projects/uniting-movement-in-michigan#/,pending,0,0,
6820,https://www.indiegogo.com//projects/universal-camera-strap-kuvrd#/,pending,0,0,
6821,https://www.indiegogo.com//projects/universal-gimbal-mount-zhiyun-crane-gimbal-grip#/,pending,0,0,
6822,https://www.indiegogo.com//projects/universal-ultimate#/,pending,0,0,
6823,https://www.indiegogo.com//projects/university-app#/,pending,0,0,
6824,https://www.indiegogo.com//projects/university-of-salford-photography-exhibition#/,pending,0,0,
6825,https://www.indiegogo.com//projects/unprecedented-giraffe-gem-w-gold-pattern-watch#/,pending,0,0,
6826,https://www.indiegogo.com//projects/unstoppable-vegan-sneaker-for-a-cause#/,pending,0,0,
6827,https://www.indiegogo.com//projects/untitled-draft-project--73139#/,pending,0,0,
6828,https://www.indiegogo.com//projects/untitled-draft-project--73218#/,pending,0,0,
6829,https://www.indiegogo.com//projects/unwind-lower-your-stress-in-a-heartbeat#/,pending,0,0,
6830,https://www.indiegogo.com//projects/unwind-the-holistic-drink#/,pending,0,0,
6831,https://www.indiegogo.com//projects/unykapp-interaction-between-clients-companies-mobile-app#/,pending,0,0,
6832,https://www.indiegogo.com//projects/uottawa-quidditch-goes-to-eastern-regionals#/,pending,0,0,
6833,https://www.indiegogo.com//projects/uottawa-quidditch-goes-to-world-cup#/,pending,0,0,
6834,https://www.indiegogo.com//projects/upgrade-for-driving-rover-s-doggie-beach-buggy#/,pending,0,0,
6835,https://www.indiegogo.com//projects/upgrade-your-face-mask-with-the-face-mask-2-0#/,pending,0,0,
6836,https://www.indiegogo.com//projects/upheaval-video-game-about-people-and-revolution#/,pending,0,0,
6837,https://www.indiegogo.com//projects/uppspuni#/,pending,0,0,
6838,https://www.indiegogo.com//projects/upstate-sc-youth-aviators-project#/,pending,0,0,
6839,https://www.indiegogo.com//projects/upswing#/,pending,0,0,
6840,https://www.indiegogo.com//projects/urban-agriculture-poverty-alleviation-research-asia-goes-to-africa#/,pending,0,0,
6841,https://www.indiegogo.com//projects/urban-gardening-and-after-school-programming-for-south-los-angeles#/,pending,0,0,
6842,https://www.indiegogo.com//projects/urgent-funding-education-msc-dance-science-at-trinity-laban-conservatoire#/,pending,0,0,
6843,https://www.indiegogo.com//projects/urgent-surgery-needed-for-ghana-youth#/,pending,0,0,
6844,https://www.indiegogo.com//projects/urieltones-the-answer-to-everyday-burnout#/,pending,0,0,
6845,https://www.indiegogo.com//projects/uro-grip-urine-specimen-assistant--3#/,pending,0,0,
6846,https://www.indiegogo.com//projects/usb3-range-extender#/,pending,0,0,
6847,https://www.indiegogo.com//projects/usc-trojans-blanket-for-a-blanket#/,pending,0,0,
6848,https://www.indiegogo.com//projects/usc-troy-camp-fall-fundraiser-2014#/,pending,0,0,
6849,https://www.indiegogo.com//projects/use-less-plastic-kold-24hrs#/,pending,0,0,
6850,https://www.indiegogo.com//projects/used-fire-engines-for-the-wildfire-strike-team-usa--4#/,pending,0,0,
6851,https://www.indiegogo.com//projects/usf-cheerleading-fundraising#/,pending,0,0,
6852,https://www.indiegogo.com//projects/using-community-power-to-drill-for-clean-water#/,pending,0,0,
6853,https://www.indiegogo.com//projects/using-disc-throwing-robots-to-inspire-the-world#/,pending,0,0,
6854,https://www.indiegogo.com//projects/uss-houston-ca-30-dive-team-2014#/,pending,0,0,
6855,https://www.indiegogo.com//projects/uster-uv-c-sterilizer-light-mask-sanitizer-clean#/,pending,0,0,
6856,https://www.indiegogo.com//projects/utah-quidditch-usq-cup-9#/,pending,0,0,
6857,https://www.indiegogo.com//projects/utsa-underground#/,pending,0,0,
6858,https://www.indiegogo.com//projects/uv-pro-shoe-sanitizer-kills-bacteria-fungus#/,pending,0,0,
6859,https://www.indiegogo.com//projects/uvccleans-world-s-first-uvc-mask-box#/,pending,0,0,
6860,https://www.indiegogo.com//projects/uvglo-the-world-s-smartest-uv-c-led-sterilizer#/,pending,0,0,
6861,https://www.indiegogo.com//projects/uvsaba-portable-personal-uvc-air-purification#/,pending,0,0,
6862,https://www.indiegogo.com//projects/uwc-atlantic-college-the-opportunity-of-a-lifetime#/,pending,0,0,
6863,https://www.indiegogo.com//projects/uwc-s-moot-court-team-washington-for-jessup-cup#/,pending,0,0,
6864,https://www.indiegogo.com//projects/v-koz-voice-translator#/,pending,0,0,
6865,https://www.indiegogo.com//projects/vaccars--2#/,pending,0,0,
6866,https://www.indiegogo.com//projects/vaio-s11-high-performance-11-inch-business-laptop#/,pending,0,0,
6867,https://www.indiegogo.com//projects/valentine-s-day-feed-2015#/,pending,0,0,
6868,https://www.indiegogo.com//projects/valeria-lopez-fund-for-medical-bills-therapy-and-husband-s-funeral-services#/,pending,0,0,
6869,https://www.indiegogo.com//projects/valhall-the-video-game#/,pending,0,0,
6870,https://www.indiegogo.com//projects/valhall-the-video-game--6#/,pending,0,0,
6871,https://www.indiegogo.com//projects/valhalla-quidditch-goes-to-world-cup-vii#/,pending,0,0,
6872,https://www.indiegogo.com//projects/validus-aluminum-protective-case-for-ipad-2-and-the-new-ipad#/,pending,0,0,
6873,https://www.indiegogo.com//projects/valkyrie-western-martial-arts-assembly-start-up#/,pending,0,0,
6874,https://www.indiegogo.com//projects/valoi-easy35-home-scanning-made-easy#/,pending,0,0,
6875,https://www.indiegogo.com//projects/vango-retro-vw-campervan-rental-adventures-camping-fun#/,pending,0,0,
6876,https://www.indiegogo.com//projects/varme-efficient-hand-heater-for-the-desk#/,pending,0,0,
6877,https://www.indiegogo.com//projects/vaststick-world-s-largest-capacity-usb-stick-4tb#/,pending,0,0,
6878,https://www.indiegogo.com//projects/vatulas-tools#/,pending,0,0,
6879,https://www.indiegogo.com//projects/vava-4k-ultra-short-throw-laser-projector#/,pending,0,0,
6880,https://www.indiegogo.com//projects/vava-home-cam-wire-free-security#/,pending,0,0,
6881,https://www.indiegogo.com//projects/vavoo-the-best-straightener-brush-ever#/,pending,0,0,
6882,https://www.indiegogo.com//projects/vbag-5-in-1-convertible-backpack-system#/,pending,0,0,
6883,https://www.indiegogo.com//projects/veg-in-a-box-burgers#/,pending,0,0,
6884,https://www.indiegogo.com//projects/vega-neue-allover-t-shirt#/,pending,0,0,
6885,https://www.indiegogo.com//projects/vegan-on-a-budget-travel-guide#/,pending,0,0,
6886,https://www.indiegogo.com//projects/velacy-world-s-1st-cd-quality-low-latency-earbuds#/,pending,0,0,
6887,https://www.indiegogo.com//projects/velia-smart-ring-ex-iris#/,pending,0,0,
6888,https://www.indiegogo.com//projects/vello-bike-the-first-self-charging-folding-e-bike#/,pending,0,0,
6889,https://www.indiegogo.com//projects/velmart-sustainable-and-accessible-agriculture#/,pending,0,0,
6890,https://www.indiegogo.com//projects/velo-race-against-the-world-on-a-stationary-bike#/,pending,0,0,
6891,https://www.indiegogo.com//projects/veloce-the-world-s-fastest-wallet#/,pending,0,0,
6892,https://www.indiegogo.com//projects/veloparc-mont-hatley#/,pending,0,0,
6893,https://www.indiegogo.com//projects/venezuela-en-la-ibero-de-quimica#/,pending,0,0,
6894,https://www.indiegogo.com//projects/venezuela-mixed-in-beach-worlds-2017#/,pending,0,0,
6895,https://www.indiegogo.com//projects/venue-the-ultimate-plug-play-streaming-player#/,pending,0,0,
6896,https://www.indiegogo.com//projects/venus-pro-slim-shake#/,pending,0,0,
6897,https://www.indiegogo.com//projects/verge-experience-the-true-local#/,pending,0,0,
6898,https://www.indiegogo.com//projects/verrb#/,pending,0,0,
6899,https://www.indiegogo.com//projects/very-big-bag-bundle-deal#/,pending,0,0,
6900,https://www.indiegogo.com//projects/veteran-artists-going-to-miami#/,pending,0,0,
6901,https://www.indiegogo.com//projects/veterans-memorial-park-smithville-tx#/,pending,0,0,
6902,https://www.indiegogo.com//projects/vezo-360-the-first-4k-360-degree-smart-dash-cam#/,pending,0,0,
6903,https://www.indiegogo.com//projects/vh-80-the-world-s-first-bilateral-laser-measurer#/,pending,0,0,
6904,https://www.indiegogo.com//projects/vi-dac-ultra-high-end-dac-with-unique-design#/,pending,0,0,
6905,https://www.indiegogo.com//projects/viberise-reimagining-the-morning-alarm#/,pending,0,0,
6906,https://www.indiegogo.com//projects/viberoll-handheld-vibrating-muscle-roller#/,pending,0,0,
6907,https://www.indiegogo.com//projects/vice-high-grade-titanium-sunglasses-smoke-lenses#/,pending,0,0,
6908,https://www.indiegogo.com//projects/victor-s-get-well-project#/,pending,0,0,
6909,https://www.indiegogo.com//projects/victorygrow-powerpots-designer-growing-systems#/,pending,0,0,
6910,https://www.indiegogo.com//projects/videoclases#/,pending,0,0,
6911,https://www.indiegogo.com//projects/videotelling-youtube-stories-for-the-classroom#/,pending,0,0,
6912,https://www.indiegogo.com//projects/viita-smartwatch-ai-wearable-fitness-coach#/,pending,0,0,
6913,https://www.indiegogo.com//projects/viita-titan-hrv-redefining-smartwatches#/,pending,0,0,
6914,https://www.indiegogo.com//projects/vikapu-bomba-fantastic-baskets-from-tanzania#/,pending,0,0,
6915,https://www.indiegogo.com//projects/village-industrial-artist-studio#/,pending,0,0,
6916,https://www.indiegogo.com//projects/village-water-project#/,pending,0,0,
6917,https://www.indiegogo.com//projects/vince-s-secret-locker-volume-3--4#/,pending,0,0,
6918,https://www.indiegogo.com//projects/vinci-first-smart-headphones-with-ai#/,pending,0,0,
6919,https://www.indiegogo.com//projects/vinge-holistic-school#/,pending,0,0,
6920,https://www.indiegogo.com//projects/viridis-concepts-patented-products#/,pending,0,0,
6921,https://www.indiegogo.com//projects/virtual-assistant-enabled-smart-headsets#/,pending,0,0,
6922,https://www.indiegogo.com//projects/virus-busters-spreading-awareness-on-prevention#/,pending,0,0,
6923,https://www.indiegogo.com//projects/vision-of-the-heart#/,pending,0,0,
6924,https://www.indiegogo.com//projects/visual-charger--3#/,pending,0,0,
6925,https://www.indiegogo.com//projects/visual-pathways-the-book#/,pending,0,0,
6926,https://www.indiegogo.com//projects/vita-shoes-company#/,pending,0,0,
6927,https://www.indiegogo.com//projects/vitun-2-0-ultrasonic-cleaning-pen#/,pending,0,0,
6928,https://www.indiegogo.com//projects/vivir-despiertos-mindfulness-tour-in-latin-america#/,pending,0,0,
6929,https://www.indiegogo.com//projects/viviva-colorsheets-the-most-portable-watercolors#/,pending,0,0,
6930,https://www.indiegogo.com//projects/vivograph-first-smart-watch-polygraph#/,pending,0,0,
6931,https://www.indiegogo.com//projects/vivos-ark-of-humanity#/,pending,0,0,
6932,https://www.indiegogo.com//projects/vivy-reclaim-your-life-from-pain-design#/,pending,0,0,
6933,https://www.indiegogo.com//projects/vixari-the-most-portable-tripod-ever-created#/,pending,0,0,
6934,https://www.indiegogo.com//projects/vizor-laptop-shade-beat-the-sun-work-anywhere#/,pending,0,0,
6935,https://www.indiegogo.com//projects/vocational-training-for-liberian-youth#/,pending,0,0,
6936,https://www.indiegogo.com//projects/vocore2-4-coin-sized-linux-computer-with-wifi#/,pending,0,0,
6937,https://www.indiegogo.com//projects/vodwall-live-video-broadcast-player#/,pending,0,0,
6938,https://www.indiegogo.com//projects/voice-choice-navigation-app#/,pending,0,0,
6939,https://www.indiegogo.com//projects/voice-for-justice#/,pending,0,0,
6940,https://www.indiegogo.com//projects/voli-prints-on-silk-at-stylist-live#/,pending,0,0,
6941,https://www.indiegogo.com//projects/volleyball-championship-multiplayer#/,pending,0,0,
6942,https://www.indiegogo.com//projects/volo-join-the-pocket-revolution#/,pending,0,0,
6943,https://www.indiegogo.com//projects/volt-worlds-first-most-eco-friendly-ion-lighter#/,pending,0,0,
6944,https://www.indiegogo.com//projects/volta-charger-1-cable-to-power-all-your-devices--2#/,pending,0,0,
6945,https://www.indiegogo.com//projects/volta-magnetic-adapter-2-0-charge-any-usb-device#/,pending,0,0,
6946,https://www.indiegogo.com//projects/volta-magnetic-adapter-charge-any-device#/,pending,0,0,
6947,https://www.indiegogo.com//projects/volta-xl-the-only-charging-cable-you-ll-ever-need#/,pending,0,0,
6948,https://www.indiegogo.com//projects/volunteer-in-an-orphanage-in-nepal#/,pending,0,0,
6949,https://www.indiegogo.com//projects/volunteer-work-in-costa-rica#/,pending,0,0,
6950,https://www.indiegogo.com//projects/volunteering-with-street-children-in-ecuador#/,pending,0,0,
6951,https://www.indiegogo.com//projects/vomo-20mph-high-performance-electric-scooter#/,pending,0,0,
6952,https://www.indiegogo.com//projects/vortex-bladeless-a-wind-generator-without-blades--3#/,pending,0,0,
6953,https://www.indiegogo.com//projects/vossahedron-project-sustainable-healing-dome#/,pending,0,0,
6954,https://www.indiegogo.com//projects/vostok-titanium-components-season-2019#/,pending,0,0,
6955,https://www.indiegogo.com//projects/vote-ritch#/,pending,0,0,
6956,https://www.indiegogo.com//projects/vova-making-voices-count#/,pending,0,0,
6957,https://www.indiegogo.com//projects/vox-mini-the-most-powerful-card-reader#/,pending,0,0,
6958,https://www.indiegogo.com//projects/voyage-culturel-a-quebec-des-classes-com-la-ruche#/,pending,0,0,
6959,https://www.indiegogo.com//projects/vr-clothing--2#/,pending,0,0,
6960,https://www.indiegogo.com//projects/vr-ears-hear-off-world-listen-off-ear#/,pending,0,0,
6961,https://www.indiegogo.com//projects/vrdl360-camera-redefine-your-vr-experience#/,pending,0,0,
6962,https://www.indiegogo.com//projects/vresh-jeans-2-0-handmade-in-europe#/,pending,0,0,
6963,https://www.indiegogo.com//projects/vulcan-magsafe-100w-charger-for-all-your-devices#/,pending,0,0,
6964,https://www.indiegogo.com//projects/vx-pet-magic-pain-relief-for-your-pet#/,pending,0,0,
6965,https://www.indiegogo.com//projects/w8-gym-multi-functional-portable-gym-in-a-box#/,pending,0,0,
6966,https://www.indiegogo.com//projects/waatr-world-s-first-4d-purification-system#/,pending,0,0,
6967,https://www.indiegogo.com//projects/wado-gamechanging-sneakers-inspired-by-the-80s#/,pending,0,0,
6968,https://www.indiegogo.com//projects/wainwright-a-love-letter-to-the-lakeland-fells#/,pending,0,0,
6969,https://www.indiegogo.com//projects/wale-s-tennis-dreams#/,pending,0,0,
6970,https://www.indiegogo.com//projects/walk-tall-chalsa-orthopaedic-camp-2013#/,pending,0,0,
6971,https://www.indiegogo.com//projects/walk-with-me--9#/,pending,0,0,
6972,https://www.indiegogo.com//projects/wallet-ii-secure-front-pocket-rfid-wallet#/,pending,0,0,
6973,https://www.indiegogo.com//projects/wally-west-forward-episode-1-the-flash-fan-series--2#/,pending,0,0,
6974,https://www.indiegogo.com//projects/wandering-cafe-evanston-s-first-food-bike-part-2#/,pending,0,0,
6975,https://www.indiegogo.com//projects/wanderlust-subscription-box#/,pending,0,0,
6976,https://www.indiegogo.com//projects/wanja-s-masters-in-human-rights#/,pending,0,0,
6977,https://www.indiegogo.com//projects/wappler-world-s-top-visual-web-app-creator#/,pending,0,0,
6978,https://www.indiegogo.com//projects/war-on-diabetes#/,pending,0,0,
6979,https://www.indiegogo.com//projects/ward-wyand-old-forge-triathlon#/,pending,0,0,
6980,https://www.indiegogo.com//projects/washwow-mouthwash-cup-for-bad-breath#/,pending,0,0,
6981,https://www.indiegogo.com//projects/washwow-w1-portable-washing-machine#/,pending,0,0,
6982,https://www.indiegogo.com//projects/watch-back-screen-case#/,pending,0,0,
6983,https://www.indiegogo.com//projects/watch-me-work#/,pending,0,0,
6984,https://www.indiegogo.com//projects/water-can-talk-to-us#/,pending,0,0,
6985,https://www.indiegogo.com//projects/water-evacuator#/,pending,0,0,
6986,https://www.indiegogo.com//projects/water-for-africa--16#/,pending,0,0,
6987,https://www.indiegogo.com//projects/water-for-all--8#/,pending,0,0,
6988,https://www.indiegogo.com//projects/water-for-bison--3#/,pending,0,0,
6989,https://www.indiegogo.com//projects/water-from-air--5#/,pending,0,0,
6990,https://www.indiegogo.com//projects/water-purification-system-dominican-republic#/,pending,0,0,
6991,https://www.indiegogo.com//projects/water-sports-tourniquets#/,pending,0,0,
6992,https://www.indiegogo.com//projects/water-well-for-mkumbi-malawi#/,pending,0,0,
6993,https://www.indiegogo.com//projects/water-well-in-la-avellana-guatemala#/,pending,0,0,
6994,https://www.indiegogo.com//projects/water4life-clean-water-for-sudan#/,pending,0,0,
6995,https://www.indiegogo.com//projects/waterseer#/,pending,0,0,
6996,https://www.indiegogo.com//projects/wau-the-best-feature-packed-smart-ebike#/,pending,0,0,
6997,https://www.indiegogo.com//projects/wave-the-smallest-charging-cable-bracelet#/,pending,0,0,
6998,https://www.indiegogo.com//projects/wavewear-quickfit-rad#/,pending,0,0,
6999,https://www.indiegogo.com//projects/wayakit-the-first-instant-travel-laundry-spray#/,pending,0,0,
7000,https://www.indiegogo.com//projects/wayfinder-trails-recreation-mobile-application#/,pending,0,0,
7001,https://www.indiegogo.com//projects/wayskin-home-your-personal-skin-therapist#/,pending,0,0,
7002,https://www.indiegogo.com//projects/wayzzguide-com-sunny-beach-in-your-hands#/,pending,0,0,
7003,https://www.indiegogo.com//projects/we-are-sensory-street-pediatric-ot-campaign-2015#/,pending,0,0,
7004,https://www.indiegogo.com//projects/we-are-sluttalk#/,pending,0,0,
7005,https://www.indiegogo.com//projects/we-belize#/,pending,0,0,
7006,https://www.indiegogo.com//projects/we-create-change#/,pending,0,0,
7007,https://www.indiegogo.com//projects/we-fancy-korean-lesson-time#/,pending,0,0,
7008,https://www.indiegogo.com//projects/we-for-she-challenge--2#/,pending,0,0,
7009,https://www.indiegogo.com//projects/we-heart-kelsen#/,pending,0,0,
7010,https://www.indiegogo.com//projects/we-need-a-miracle#/,pending,0,0,
7011,https://www.indiegogo.com//projects/we-need-ivan-to-smile-again-ivan-stolfi-treatment--2#/,pending,0,0,
7012,https://www.indiegogo.com//projects/we-only-need-7000-more-my-dad-is-suddenly-paralyzed#/,pending,0,0,
7013,https://www.indiegogo.com//projects/we-r-wild-ultimate-cocoon-tech-vest-for-hunters--2#/,pending,0,0,
7014,https://www.indiegogo.com//projects/we-re-all-human-beings-initiative#/,pending,0,0,
7015,https://www.indiegogo.com//projects/we-re-going-to-israel-we-hope#/,pending,0,0,
7016,https://www.indiegogo.com//projects/we-speek-language-learning-platform#/,pending,0,0,
7017,https://www.indiegogo.com//projects/we-take-care-of-our-own--2#/,pending,0,0,
7018,https://www.indiegogo.com//projects/wear-art-give-sight-sunglasses-with-a-cause#/,pending,0,0,
7019,https://www.indiegogo.com//projects/wearable-medicine-container--2#/,pending,0,0,
7020,https://www.indiegogo.com//projects/web-based-floods-forecasting-and-warning-system#/,pending,0,0,
7021,https://www.indiegogo.com//projects/web-interactive-media-professionals-wimp-for-the-world#/,pending,0,0,
7022,https://www.indiegogo.com//projects/webcast-of-a-complete-website-overhaul#/,pending,0,0,
7023,https://www.indiegogo.com//projects/weber-cable#/,pending,0,0,
7024,https://www.indiegogo.com//projects/wehearyou-net-student-run-animation-workshop--2#/,pending,0,0,
7025,https://www.indiegogo.com//projects/weight-loss-the-natural-way#/,pending,0,0,
7026,https://www.indiegogo.com//projects/weighted-walking-attachments-improve-independence#/,pending,0,0,
7027,https://www.indiegogo.com//projects/weihnachtszauber-app-magical-christmas-app#/,pending,0,0,
7028,https://www.indiegogo.com//projects/wekey-pocket-the-pocket-sized-wireless-keyboard#/,pending,0,0,
7029,https://www.indiegogo.com//projects/welcome-to-my-yard-street-children-young-people-s-centre-art-space#/,pending,0,0,
7030,https://www.indiegogo.com//projects/welcome-to-the-klub-hostel-green-project-in-spain#/,pending,0,0,
7031,https://www.indiegogo.com//projects/well-fit-asheville-cycling-fitness-studio#/,pending,0,0,
7032,https://www.indiegogo.com//projects/wellmade-restorative-superfood-smoothie-boosters#/,pending,0,0,
7033,https://www.indiegogo.com//projects/wells-for-wellbeing-give-water-save-lives#/,pending,0,0,
7034,https://www.indiegogo.com//projects/wellspace-health-s-suicide-prevention-crisis-lines#/,pending,0,0,
7035,https://www.indiegogo.com//projects/wellspring-mountain-education-and-retreat-center--2#/,pending,0,0,
7036,https://www.indiegogo.com//projects/welsh-language-lessons-at-the-l-a-st-david-s-day-festival#/,pending,0,0,
7037,https://www.indiegogo.com//projects/wendy-murayari-marin-s-touch-of-love-in-peru#/,pending,0,0,
7038,https://www.indiegogo.com//projects/wesley-yu-design-made-in-italy-without-markups#/,pending,0,0,
7039,https://www.indiegogo.com//projects/west-one-the-apollo-watch-collection#/,pending,0,0,
7040,https://www.indiegogo.com//projects/west-seattle-north-admiral-4th-of-july-kids-parade--2#/,pending,0,0,
7041,https://www.indiegogo.com//projects/westchester-secondary-charter-school#/,pending,0,0,
7042,https://www.indiegogo.com//projects/wet-hands-print-shop-2021#/,pending,0,0,
7043,https://www.indiegogo.com//projects/weyakyak-com-teach-connect-communicate-learn#/,pending,0,0,
7044,https://www.indiegogo.com//projects/what-if-there-s-nothing-wrong-fund#/,pending,0,0,
7045,https://www.indiegogo.com//projects/what-if-you-couldn-t-find-the-words#/,pending,0,0,
7046,https://www.indiegogo.com//projects/what-mandela-started#/,pending,0,0,
7047,https://www.indiegogo.com//projects/what-s-in-your-makeup-tof-s-organic-movement#/,pending,0,0,
7048,https://www.indiegogo.com//projects/what-s-your-save#/,pending,0,0,
7049,https://www.indiegogo.com//projects/what-shall-we-do-with-the-cello-at-vault-festival#/,pending,0,0,
7050,https://www.indiegogo.com//projects/what-would-you-do-if-you-lost-everything#/,pending,0,0,
7051,https://www.indiegogo.com//projects/whatsapp-compatible-native-client-for-ubuntu-phone#/,pending,0,0,
7052,https://www.indiegogo.com//projects/wheel-chair-fundraising#/,pending,0,0,
7053,https://www.indiegogo.com//projects/wheelchair-basketball-league-jerseys#/,pending,0,0,
7054,https://www.indiegogo.com//projects/wheelchair-tennis-tournament-needs-your-help#/,pending,0,0,
7055,https://www.indiegogo.com//projects/wheels-for-greek-orthodox-church-ministry#/,pending,0,0,
7056,https://www.indiegogo.com//projects/whemsy-app-for-mastering-your-life#/,pending,0,0,
7057,https://www.indiegogo.com//projects/when-connected-to-others-we-become-better-people#/,pending,0,0,
7058,https://www.indiegogo.com//projects/whenileave-com-safeguard-life-s-treasured-moments#/,pending,0,0,
7059,https://www.indiegogo.com//projects/where-beauty-meets-nature#/,pending,0,0,
7060,https://www.indiegogo.com//projects/wherevertv-usa-service#/,pending,0,0,
7061,https://www.indiegogo.com//projects/wheyfresco-com-protein-and-vegan-keto-bars#/,pending,0,0,
7062,https://www.indiegogo.com//projects/whisper-pillow-play-design#/,pending,0,0,
7063,https://www.indiegogo.com//projects/white-flag-s-perfect-clutch#/,pending,0,0,
7064,https://www.indiegogo.com//projects/white-widow-expanded-comics-universe#/,pending,0,0,
7065,https://www.indiegogo.com//projects/whitecrow-hub-adjust-your-tire-pressure-on-the-go#/,pending,0,0,
7066,https://www.indiegogo.com//projects/whitewater-wellness-well-engaged-well-connected-well-being#/,pending,0,0,
7067,https://www.indiegogo.com//projects/whizrider-the-game-changer-for-family-travel#/,pending,0,0,
7068,https://www.indiegogo.com//projects/who-was-marchesa-minucci-please-help-us-find-out#/,pending,0,0,
7069,https://www.indiegogo.com//projects/whole-athlete-development-program#/,pending,0,0,
7070,https://www.indiegogo.com//projects/why-help-others-convention-and-expo#/,pending,0,0,
7071,https://www.indiegogo.com//projects/wico-presents-a-tinkering-world-tour-season-two#/,pending,0,0,
7072,https://www.indiegogo.com//projects/wicub-2-emoji-indoor-air-quality-monitor#/,pending,0,0,
7073,https://www.indiegogo.com//projects/widewheel-most-comfortable-stylish-e-scooter#/,pending,0,0,
7074,https://www.indiegogo.com//projects/wifi-crypto-phone#/,pending,0,0,
7075,https://www.indiegogo.com//projects/wigs-for-latoyua#/,pending,0,0,
7076,https://www.indiegogo.com//projects/wild1-fixed-blade-by-willumsen-copenhagen#/,pending,0,0,
7077,https://www.indiegogo.com//projects/wildbelly-is-going-to-shark-tank#/,pending,0,0,
7078,https://www.indiegogo.com//projects/wildthings-bugspray#/,pending,0,0,
7079,https://www.indiegogo.com//projects/will-you-help-me-get-a-bike-to-compete#/,pending,0,0,
7080,https://www.indiegogo.com//projects/win-max-2021-handheld-game-laptop-for-aaa-games#/,pending,0,0,
7081,https://www.indiegogo.com//projects/windimager-laser-technology-for-renewable-energy-aviation-and-firefighters#/,pending,0,0,
7082,https://www.indiegogo.com//projects/windsheeld-the-world-s-most-versatile-windscreen#/,pending,0,0,
7083,https://www.indiegogo.com//projects/wingman-the-21st-century-collar-stay#/,pending,0,0,
7084,https://www.indiegogo.com//projects/wings-of-hope--3#/,pending,0,0,
7085,https://www.indiegogo.com//projects/winkgo-your-own-espresso-maker#/,pending,0,0,
7086,https://www.indiegogo.com//projects/winner-s-circle-robotics-team-startup#/,pending,0,0,
7087,https://www.indiegogo.com//projects/winning-the-race-with-diabetes--3#/,pending,0,0,
7088,https://www.indiegogo.com//projects/winona-s-senior-thesis-exhibition#/,pending,0,0,
7089,https://www.indiegogo.com//projects/winter-is-coming-200-blankets-for-syrian-refugees#/,pending,0,0,
7090,https://www.indiegogo.com//projects/wireless-electricity--5#/,pending,0,0,
7091,https://www.indiegogo.com//projects/wireless-farming-project#/,pending,0,0,
7092,https://www.indiegogo.com//projects/wiro-bag-the-most-unique-handbag-in-the-market#/,pending,0,0,
7093,https://www.indiegogo.com//projects/wisedog-2017-calendar#/,pending,0,0,
7094,https://www.indiegogo.com//projects/wish-lamps#/,pending,0,0,
7095,https://www.indiegogo.com//projects/wistiki-the-first-connected-jewels-ever#/,pending,0,0,
7096,https://www.indiegogo.com//projects/witwoobox-a-bridal-beauty-and-lifestyle-box#/,pending,0,0,
7097,https://www.indiegogo.com//projects/wiuhu-slideboard-perfect-your-skating-technique#/,pending,0,0,
7098,https://www.indiegogo.com//projects/wiwi-shoes-the-circular-economy-helps-the-asmat#/,pending,0,0,
7099,https://www.indiegogo.com//projects/wizzy#/,pending,0,0,
7100,https://www.indiegogo.com//projects/wmbyy-w11-ultimate-triangle-design-smart-watch#/,pending,0,0,
7101,https://www.indiegogo.com//projects/women-of-nicaragua#/,pending,0,0,
7102,https://www.indiegogo.com//projects/women-s-football-the-east-end-story#/,pending,0,0,
7103,https://www.indiegogo.com//projects/women-to-code-it-forward-scholarship#/,pending,0,0,
7104,https://www.indiegogo.com//projects/womens-fitness-center-with-children-play-areas#/,pending,0,0,
7105,https://www.indiegogo.com//projects/wonder-chat#/,pending,0,0,
7106,https://www.indiegogo.com//projects/wonder-spread#/,pending,0,0,
7107,https://www.indiegogo.com//projects/wonderbolt-measure-fast-build-more-swear-less#/,pending,0,0,
7108,https://www.indiegogo.com//projects/wondercube-8-mobile-essentials-in-one-cubic-inch#/,pending,0,0,
7109,https://www.indiegogo.com//projects/wondercube-pro-mobile-essentials-in-1-cubic-inch#/,pending,0,0,
7110,https://www.indiegogo.com//projects/wonders-in-the-sky-a-breakthrough-in-ufo-research#/,pending,0,0,
7111,https://www.indiegogo.com//projects/wongdi-prayer-wheels#/,pending,0,0,
7112,https://www.indiegogo.com//projects/woobots-transformable-wooden-robot#/,pending,0,0,
7113,https://www.indiegogo.com//projects/wooden-box-with-natural-green-fluorite-pendant#/,pending,0,0,
7114,https://www.indiegogo.com//projects/woodster-wooden-apple-imac-and-thunderbolt-display-stand-with-usb-3-0#/,pending,0,0,
7115,https://www.indiegogo.com//projects/woof-camo-cosmetics-skincare-for-men#/,pending,0,0,
7116,https://www.indiegogo.com//projects/woojer-edge-you-ve-experienced-sound-all-wrong#/,pending,0,0,
7117,https://www.indiegogo.com//projects/woollip-travel-pillow-pillow-for-smart-travelers#/,pending,0,0,
7118,https://www.indiegogo.com//projects/work-hard-dream-big#/,pending,0,0,
7119,https://www.indiegogo.com//projects/work-options-for-women-a-social-change-kitchen#/,pending,0,0,
7120,https://www.indiegogo.com//projects/work-safe#/,pending,0,0,
7121,https://www.indiegogo.com//projects/workbnb-app#/,pending,0,0,
7122,https://www.indiegogo.com//projects/workman-high-band-needs-a-championship-show-2015#/,pending,0,0,
7123,https://www.indiegogo.com//projects/workoutmotivator-trainer-to-push-you-extra-mile#/,pending,0,0,
7124,https://www.indiegogo.com//projects/world-archery-excellence-centre--2#/,pending,0,0,
7125,https://www.indiegogo.com//projects/world-camp-barcelona#/,pending,0,0,
7126,https://www.indiegogo.com//projects/world-first-hand-warmer-support-wireless-charging#/,pending,0,0,
7127,https://www.indiegogo.com//projects/world-first-handmade-leather-handbag#/,pending,0,0,
7128,https://www.indiegogo.com//projects/world-first-wireless-he-switch-mechanical-keyboard--2#/,pending,0,0,
7129,https://www.indiegogo.com//projects/world-foam-league-s-1st-ring#/,pending,0,0,
7130,https://www.indiegogo.com//projects/world-peace-yacht#/,pending,0,0,
7131,https://www.indiegogo.com//projects/world-powerlifting-championship-2016#/,pending,0,0,
7132,https://www.indiegogo.com//projects/world-s-1st-activity-tracker-for-cars-motorbikes#/,pending,0,0,
7133,https://www.indiegogo.com//projects/world-s-1st-decentralized-vpn-firewall-for-life#/,pending,0,0,
7134,https://www.indiegogo.com//projects/world-s-1st-magnetic-vnd-camera-filter#/,pending,0,0,
7135,https://www.indiegogo.com//projects/world-s-1st-monitor-stand-usb-c-docking-station#/,pending,0,0,
7136,https://www.indiegogo.com//projects/world-s-1st-real-heat-generating-thermal-leggings#/,pending,0,0,
7137,https://www.indiegogo.com//projects/world-s-best-travel-jacket-with-15-features-baubax#/,pending,0,0,
7138,https://www.indiegogo.com//projects/world-s-first-app-controlled-fast-charging-cable#/,pending,0,0,
7139,https://www.indiegogo.com//projects/world-s-first-consumer-ready-brainwave-stimulator#/,pending,0,0,
7140,https://www.indiegogo.com//projects/world-s-first-glass-case-for-jet-black-iphone#/,pending,0,0,
7141,https://www.indiegogo.com//projects/world-s-first-personal-air-conditioner#/,pending,0,0,
7142,https://www.indiegogo.com//projects/world-s-first-power-generating-case-by-ampware#/,pending,0,0,
7143,https://www.indiegogo.com//projects/world-s-first-sneaker-inspired-bluetooth-speaker#/,pending,0,0,
7144,https://www.indiegogo.com//projects/world-s-most-advanced-muscle-recovery-tool-spryng#/,pending,0,0,
7145,https://www.indiegogo.com//projects/world-s-most-affordable-wi-fi-smart-lightstrip#/,pending,0,0,
7146,https://www.indiegogo.com//projects/world-s-smallest-powerful-2-in-1-charger-and-hub#/,pending,0,0,
7147,https://www.indiegogo.com//projects/world-s-smallest-water-resistant-magnetic-camera#/,pending,0,0,
7148,https://www.indiegogo.com//projects/world-s-smartest-sanitizer-dispenser#/,pending,0,0,
7149,https://www.indiegogo.com//projects/world-upside-down#/,pending,0,0,
7150,https://www.indiegogo.com//projects/worldpower-portable-backup-power-station#/,pending,0,0,
7151,https://www.indiegogo.com//projects/worlds-1st-4in1-wetsuit-never-buy-a-2nd-again#/,pending,0,0,
7152,https://www.indiegogo.com//projects/worlds-1st-usda-certified-organic-weight-loss-meal#/,pending,0,0,
7153,https://www.indiegogo.com//projects/worlds-first-ever-cooler-with-magnetic-ice-packs#/,pending,0,0,
7154,https://www.indiegogo.com//projects/worlds-first-ultralight-food-hanging-system#/,pending,0,0,
7155,https://www.indiegogo.com//projects/worlds-newest-innovative-gps-watch-for-alzheimer#/,pending,0,0,
7156,https://www.indiegogo.com//projects/worlds-strongest-shower-bomb#/,pending,0,0,
7157,https://www.indiegogo.com//projects/wowmum#/,pending,0,0,
7158,https://www.indiegogo.com//projects/wowstick-sd-most-exquisite-lib-home-screwdriver#/,pending,0,0,
7159,https://www.indiegogo.com//projects/wramer-bifold-wallet-totally-welded-construction#/,pending,0,0,
7160,https://www.indiegogo.com//projects/wrap-it-headphone-organizer--2#/,pending,0,0,
7161,https://www.indiegogo.com//projects/wristocat-hand-s-best-friend#/,pending,0,0,
7162,https://www.indiegogo.com//projects/writing-program-in-portugal#/,pending,0,0,
7163,https://www.indiegogo.com//projects/writscrib-a-social-network-for-creators#/,pending,0,0,
7164,https://www.indiegogo.com//projects/wrixo-medical-id-wristband-that-saves-lives#/,pending,0,0,
7165,https://www.indiegogo.com//projects/wuanap-the-smart-lifecollar-prevents-drowning#/,pending,0,0,
7166,https://www.indiegogo.com//projects/wuvo-spot-the-global-lost-found-tracker#/,pending,0,0,
7167,https://www.indiegogo.com//projects/x-0-the-brightest-edc-flashlight-in-your-pocket#/,pending,0,0,
7168,https://www.indiegogo.com//projects/x-1-s-t-e-m-folding-stem-for-bmx-handlebar#/,pending,0,0,
7169,https://www.indiegogo.com//projects/x-cam-most-affordable-2-axis-smartphone-stabilizer#/,pending,0,0,
7170,https://www.indiegogo.com//projects/x-connect-world-1st-cross-device-magnetic-adapter#/,pending,0,0,
7171,https://www.indiegogo.com//projects/x-connect-world-s-1st-cross-device-magnetic-cable#/,pending,0,0,
7172,https://www.indiegogo.com//projects/x-fire-the-eco-friendly-dual-plasma-beam-lighter#/,pending,0,0,
7173,https://www.indiegogo.com//projects/x-suit-most-advanced-suit-with-20-plus-features#/,pending,0,0,
7174,https://www.indiegogo.com//projects/x-the-worlds-best-wallet#/,pending,0,0,
7175,https://www.indiegogo.com//projects/x3-log#/,pending,0,0,
7176,https://www.indiegogo.com//projects/x6-bluetooth-speaker-fill-the-world-with-music#/,pending,0,0,
7177,https://www.indiegogo.com//projects/x6-most-versatile-usb-c-pd-power-bank-hub-ever#/,pending,0,0,
7178,https://www.indiegogo.com//projects/xbox-360-hdmi-wii-hdmi-ps3-hd-gaming-cable#/,pending,0,0,
7179,https://www.indiegogo.com//projects/xc-the-best-stable-personal-self-beauty-artifact#/,pending,0,0,
7180,https://www.indiegogo.com//projects/xcissor-pen-cut-anything-write-anytime#/,pending,0,0,
7181,https://www.indiegogo.com//projects/xclea-hands-free-dust-collecting-robotic-vacuum#/,pending,0,0,
7182,https://www.indiegogo.com//projects/xdrill-the-drill-reimagined#/,pending,0,0,
7183,https://www.indiegogo.com//projects/xenonhd-for-nexus-7-2013#/,pending,0,0,
7184,https://www.indiegogo.com//projects/xeropass-forget-your-passwords-for-good#/,pending,0,0,
7185,https://www.indiegogo.com//projects/xersoft#/,pending,0,0,
7186,https://www.indiegogo.com//projects/xeter-spark-the-4-in-1-multifunctional-flashlight#/,pending,0,0,
7187,https://www.indiegogo.com//projects/xiii-xi-thirteen-eleven-watches#/,pending,0,0,
7188,https://www.indiegogo.com//projects/ximalaya-wireless-noise-cancelling-headphones#/,pending,0,0,
7189,https://www.indiegogo.com//projects/xnowers-enhance-performance-endurance-mobility#/,pending,0,0,
7190,https://www.indiegogo.com//projects/xone-the-affordable-3-in-1-wireless-charging-dock#/,pending,0,0,
7191,https://www.indiegogo.com//projects/xoss-sprint#/,pending,0,0,
7192,https://www.indiegogo.com//projects/xounts-up-revolutionary-sound-ambiance#/,pending,0,0,
7193,https://www.indiegogo.com//projects/xpand-lacing-system#/,pending,0,0,
7194,https://www.indiegogo.com//projects/xpick-no-magic-just-science#/,pending,0,0,
7195,https://www.indiegogo.com//projects/xpp-extra-power-pack#/,pending,0,0,
7196,https://www.indiegogo.com//projects/xprezia-a-unique-platform-to-spread-your-passion#/,pending,0,0,
7197,https://www.indiegogo.com//projects/xpump#/,pending,0,0,
7198,https://www.indiegogo.com//projects/xquad-smart-location-tracking-without-phones#/,pending,0,0,
7199,https://www.indiegogo.com//projects/xr4-small-modular-pressurized-water-fusion-reactor#/,pending,0,0,
7200,https://www.indiegogo.com//projects/xupnpd2-digital-tv-on-playstation-4-and-xbox-one-streaming#/,pending,0,0,
7201,https://www.indiegogo.com//projects/y-en-the-most-effective-and-universal-skin-care-effect#/,pending,0,0,
7202,https://www.indiegogo.com//projects/yacht-interactive-digital-signage#/,pending,0,0,
7203,https://www.indiegogo.com//projects/yalah-yoga-moves-in#/,pending,0,0,
7204,https://www.indiegogo.com//projects/yasili-the-best-multi-function-stitching-backpack#/,pending,0,0,
7205,https://www.indiegogo.com//projects/yecup-365-your-all-season-smart-mug#/,pending,0,0,
7206,https://www.indiegogo.com//projects/yenso-solar-let-s-light-up-ghana#/,pending,0,0,
7207,https://www.indiegogo.com//projects/yes-i-kauai-skatepark#/,pending,0,0,
7208,https://www.indiegogo.com//projects/yes-rising-caledonia-cultural-arts-munro-baggers-festival-appeal#/,pending,0,0,
7209,https://www.indiegogo.com//projects/yes-yoga-has-curves#/,pending,0,0,
7210,https://www.indiegogo.com//projects/yes-yoga-has-curves-volume-2-book-volume-1-dvd#/,pending,0,0,
7211,https://www.indiegogo.com//projects/yeti-research-healing-outpost-forest-campground#/,pending,0,0,
7212,https://www.indiegogo.com//projects/yhe-bp-doctor-wearable-blood-pressure-smartwatch#/,pending,0,0,
7213,https://www.indiegogo.com//projects/yoga-and-seva-in-bulgaria#/,pending,0,0,
7214,https://www.indiegogo.com//projects/yoga-for-eating-disorders#/,pending,0,0,
7215,https://www.indiegogo.com//projects/yoga-holiday-in-greece-for-refugees-boys#/,pending,0,0,
7216,https://www.indiegogo.com//projects/yoga-teacher-training--11#/,pending,0,0,
7217,https://www.indiegogo.com//projects/yoga-teacher-training--259#/,pending,0,0,
7218,https://www.indiegogo.com//projects/yoga-teacher-training--281#/,pending,0,0,
7219,https://www.indiegogo.com//projects/yoga-teacher-training-certification#/,pending,0,0,
7220,https://www.indiegogo.com//projects/yoga-to-help-others#/,pending,0,0,
7221,https://www.indiegogo.com//projects/yogatrail-the-world-s-yoga-network#/,pending,0,0,
7222,https://www.indiegogo.com//projects/yoggi-ball-all-in-one-whole-body-massage-system#/,pending,0,0,
7223,https://www.indiegogo.com//projects/yogurt-glamour-1st-yogurt-skincare-and-soap-brand#/,pending,0,0,
7224,https://www.indiegogo.com//projects/yoke-fitness-yoga-and-barre-studio#/,pending,0,0,
7225,https://www.indiegogo.com//projects/yolsuzlugu-karsi-calisan-cesur-gencler-icin-yardim#/,pending,0,0,
7226,https://www.indiegogo.com//projects/yoma-your-own-mobile-app#/,pending,0,0,
7227,https://www.indiegogo.com//projects/yoricap-all-in-one-of-medical-monitoring#/,pending,0,0,
7228,https://www.indiegogo.com//projects/you-know-it-feels-good-just-keep-on-giving#/,pending,0,0,
7229,https://www.indiegogo.com//projects/you-ll-be-dead-soon#/,pending,0,0,
7230,https://www.indiegogo.com//projects/you-no-longer-get-lost-pin-header-recording-paper#/,pending,0,0,
7231,https://www.indiegogo.com//projects/you-talkin-to-me--2#/,pending,0,0,
7232,https://www.indiegogo.com//projects/youmi#/,pending,0,0,
7233,https://www.indiegogo.com//projects/young-and-moodie-kids-clothing-summer-15-range#/,pending,0,0,
7234,https://www.indiegogo.com//projects/young-composers-improvisors-workshop-concerts#/,pending,0,0,
7235,https://www.indiegogo.com//projects/young-veterans-empowering-student-athletes-beyond-athletics#/,pending,0,0,
7236,https://www.indiegogo.com//projects/young-women-are-medicine--3#/,pending,0,0,
7237,https://www.indiegogo.com//projects/young-women-s-rites-of-passage#/,pending,0,0,
7238,https://www.indiegogo.com//projects/your-countdown-has-begun-introducing-e2kwh#/,pending,0,0,
7239,https://www.indiegogo.com//projects/your-dress-shirt-just-got-reinvented#/,pending,0,0,
7240,https://www.indiegogo.com//projects/your-go-to-midweight-pullover-give-r-ol-faithful#/,pending,0,0,
7241,https://www.indiegogo.com//projects/your-health-is-wealth-campaign#/,pending,0,0,
7242,https://www.indiegogo.com//projects/your-own-personalised-minifig-usb-keychain#/,pending,0,0,
7243,https://www.indiegogo.com//projects/your-secured-communications-and-cloud-on-the-internet#/,pending,0,0,
7244,https://www.indiegogo.com//projects/your-traveling-powerstation-charge-anywhere-pwr27#/,pending,0,0,
7245,https://www.indiegogo.com//projects/youth-choice-youth-voice-a-book-club#/,pending,0,0,
7246,https://www.indiegogo.com//projects/youth-fitness-movement#/,pending,0,0,
7247,https://www.indiegogo.com//projects/youth-on-the-move#/,pending,0,0,
7248,https://www.indiegogo.com//projects/youth-pioneering-spiritual-leadership#/,pending,0,0,
7249,https://www.indiegogo.com//projects/youth-with-a-mission--2#/,pending,0,0,
7250,https://www.indiegogo.com//projects/youthful-smart-lover-more-than-a-vibrator#/,pending,0,0,
7251,https://www.indiegogo.com//projects/youthtennis-project#/,pending,0,0,
7252,https://www.indiegogo.com//projects/youtix-live#/,pending,0,0,
7253,https://www.indiegogo.com//projects/youtradecoffee-let-s-build-it-together#/,pending,0,0,
7254,https://www.indiegogo.com//projects/youtube-mp3-podcaster-everywhere#/,pending,0,0,
7255,https://www.indiegogo.com//projects/yox-powerful-pocket-size-water-flosser#/,pending,0,0,
7256,https://www.indiegogo.com//projects/ypmp-fundraiser#/,pending,0,0,
7257,https://www.indiegogo.com//projects/yurt-with-a-view-in-vermont#/,pending,0,0,
7258,https://www.indiegogo.com//projects/z-grills-elite-900-affordable-wood-pellet-grill--2#/,pending,0,0,
7259,https://www.indiegogo.com//projects/z4-aurora-the-entertainment-center-of-the-future#/,pending,0,0,
7260,https://www.indiegogo.com//projects/zach-mitchell-interiors-at-icff#/,pending,0,0,
7261,https://www.indiegogo.com//projects/zahra-centre-south-west-bohemia--2#/,pending,0,0,
7262,https://www.indiegogo.com//projects/zambia-and-botswana-community-work-2015#/,pending,0,0,
7263,https://www.indiegogo.com//projects/zambia-preschool-laptop-drive-2014#/,pending,0,0,
7264,https://www.indiegogo.com//projects/zappi-charge-your-ev-with-your-pv#/,pending,0,0,
7265,https://www.indiegogo.com//projects/zaptip-world-s-first-magnetic-usb-c-super-charger#/,pending,0,0,
7266,https://www.indiegogo.com//projects/zaron#/,pending,0,0,
7267,https://www.indiegogo.com//projects/zazza-handcrafted-drums#/,pending,0,0,
7268,https://www.indiegogo.com//projects/zboard-2-the-most-advanced-electric-skateboard#/,pending,0,0,
7269,https://www.indiegogo.com//projects/zden-a-better-sleep-solution#/,pending,0,0,
7270,https://www.indiegogo.com//projects/zeetie-smartest-indoor-outdoor-organizer-helper#/,pending,0,0,
7271,https://www.indiegogo.com//projects/zekko-nano-quad-rotor#/,pending,0,0,
7272,https://www.indiegogo.com//projects/zen-skin-farm-crafted-goat-milk-soap-skin-care#/,pending,0,0,
7273,https://www.indiegogo.com//projects/zenbivy-light-bed-the-best-hybrid-sleeping-bag#/,pending,0,0,
7274,https://www.indiegogo.com//projects/zeneractive-enhancement-experiences#/,pending,0,0,
7275,https://www.indiegogo.com//projects/zera-ceramic-wireless-charging-shaver#/,pending,0,0,
7276,https://www.indiegogo.com//projects/zero-breeze-the-world-s-coolest-portable-ac-unit#/,pending,0,0,
7277,https://www.indiegogo.com//projects/zero-tolerance-on-child-trafficking-and-abuse#/,pending,0,0,
7278,https://www.indiegogo.com//projects/zerohour-edc-organizer#/,pending,0,0,
7279,https://www.indiegogo.com//projects/zerone-prestige-cosmetics-for-a-new-generation--2#/,pending,0,0,
7280,https://www.indiegogo.com//projects/zessoo-leaf-leather-fashion-accessories#/,pending,0,0,
7281,https://www.indiegogo.com//projects/zgirls-national-launch#/,pending,0,0,
7282,https://www.indiegogo.com//projects/ziilock-the-first-foldable-proactive-bike-lock#/,pending,0,0,
7283,https://www.indiegogo.com//projects/zip-tone-1-belt-to-lift-firm-your-abs-butt#/,pending,0,0,
7284,https://www.indiegogo.com//projects/zipseam-2-0-instantly-tailor-your-clothes#/,pending,0,0,
7285,https://www.indiegogo.com//projects/zire-the-eco-friendly-dual-plasma-beam-lighter#/,pending,0,0,
7286,https://www.indiegogo.com//projects/zlight-smart-bedroom-hub#/,pending,0,0,
7287,https://www.indiegogo.com//projects/zmartframe-transform-your-pc-monitor-into-a-touch-screen-and-android-pc#/,pending,0,0,
7288,https://www.indiegogo.com//projects/zoe-s-eds-and-crps-fund#/,pending,0,0,
7289,https://www.indiegogo.com//projects/zoe-s-eds-crps-fund-zoe-hennessy-foundation#/,pending,0,0,
7290,https://www.indiegogo.com//projects/zoi-smart-wearable-to-find-your-running-beat#/,pending,0,0,
7291,https://www.indiegogo.com//projects/zombie-with-a-shotgun-the-video-game--2#/,pending,0,0,
7292,https://www.indiegogo.com//projects/zuvuya-reconnecting-to-our-ocean-home#/,pending,0,0,
7293,https://www.indiegogo.com//projects/zypp-iphone-x-8-7-6s-6-all-compatible-batterycase#/,pending,0,0,
7294,workshops for children,pending,0,0,
