url,关键词,状态
https://x.com/search?q=%28lululemon%20OR%20%40lululemon%29%20lang%3Aen%20-is%3Aretweet%20since%3A2026-01-01%20until%3A2026-01-02&src=typed_query,A-整体讨论,done
https://x.com/search?q=%28lululemon%20OR%20%40lululemon%29%20%28PFAS%20OR%20%22forever%20chemicals%22%20OR%20toxic%20OR%20chemical%29%20lang%3Aen%20-is%3Aretweet%20since%3A2026-01-01%20until%3A2026-01-02&src=typed_query,B-化学品争议,done
https://x.com/search?q=%28lululemon%20OR%20%40lululemon%29%20%28health%20OR%20safety%20OR%20cancer%20OR%20immune%20OR%20harmful%29%20lang%3Aen%20-is%3Aretweet%20since%3A2026-01-01%20until%3A2026-01-02&src=typed_query,C-健康安全,done
https://x.com/search?q=%28lululemon%20OR%20%40lululemon%29%20%28transparency%20OR%20disclose%20OR%20testing%20OR%20evidence%20OR%20report%29%20lang%3Aen%20-is%3Aretweet%20since%3A2026-01-01%20until%3A2026-01-02&src=typed_query,D-透明度,done
https://x.com/search?q=%28lululemon%20OR%20%40lululemon%29%20%28greenwashing%20OR%20sustainability%20OR%20hypocrisy%29%20lang%3Aen%20-is%3Aretweet%20since%3A2026-01-01%20until%3A2026-01-02&src=typed_query,E-绿洗质疑,done
https://x.com/search?q=%28lululemon%20OR%20%40lululemon%29%20%28boycott%20OR%20refund%20OR%20trust%20OR%20betrayed%20OR%20%22stop%20buying%22%29%20lang%3Aen%20-is%3Aretweet%20since%3A2026-01-01%20until%3A2026-01-02&src=typed_query,F-抵制声浪,done
https://x.com/search?q=%28lululemon%20OR%20%40lululemon%29%20lang%3Aen%20-is%3Aretweet%20since%3A2026-01-02%20until%3A2026-01-03&src=typed_query,A-整体讨论,done
https://x.com/search?q=%28lululemon%20OR%20%40lululemon%29%20%28PFAS%20OR%20%22forever%20chemicals%22%20OR%20toxic%20OR%20chemical%29%20lang%3Aen%20-is%3Aretweet%20since%3A2026-01-02%20until%3A2026-01-03&src=typed_query,B-化学品争议,done
https://x.com/search?q=%28lululemon%20OR%20%40lululemon%29%20%28health%20OR%20safety%20OR%20cancer%20OR%20immune%20OR%20harmful%29%20lang%3Aen%20-is%3Aretweet%20since%3A2026-01-02%20until%3A2026-01-03&src=typed_query,C-健康安全,done
https://x.com/search?q=%28lululemon%20OR%20%40lululemon%29%20%28transparency%20OR%20disclose%20OR%20testing%20OR%20evidence%20OR%20report%29%20lang%3Aen%20-is%3Aretweet%20since%3A2026-01-02%20until%3A2026-01-03&src=typed_query,D-透明度,done
https://x.com/search?q=%28lululemon%20OR%20%40lululemon%29%20%28greenwashing%20OR%20sustainability%20OR%20hypocrisy%29%20lang%3Aen%20-is%3Aretweet%20since%3A2026-01-02%20until%3A2026-01-03&src=typed_query,E-绿洗质疑,done
https://x.com/search?q=%28lululemon%20OR%20%40lululemon%29%20%28boycott%20OR%20refund%20OR%20trust%20OR%20betrayed%20OR%20%22stop%20buying%22%29%20lang%3Aen%20-is%3Aretweet%20since%3A2026-01-02%20until%3A2026-01-03&src=typed_query,F-抵制声浪,done
https://x.com/search?q=%28lululemon%20OR%20%40lululemon%29%20lang%3Aen%20-is%3Aretweet%20since%3A2026-01-03%20until%3A2026-01-04&src=typed_query,A-整体讨论,done
https://x.com/search?q=%28lululemon%20OR%20%40lululemon%29%20%28PFAS%20OR%20%22forever%20chemicals%22%20OR%20toxic%20OR%20chemical%29%20lang%3Aen%20-is%3Aretweet%20since%3A2026-01-03%20until%3A2026-01-04&src=typed_query,B-化学品争议,done
https://x.com/search?q=%28lululemon%20OR%20%40lululemon%29%20%28health%20OR%20safety%20OR%20cancer%20OR%20immune%20OR%20harmful%29%20lang%3Aen%20-is%3Aretweet%20since%3A2026-01-03%20until%3A2026-01-04&src=typed_query,C-健康安全,done
https://x.com/search?q=%28lululemon%20OR%20%40lululemon%29%20%28transparency%20OR%20disclose%20OR%20testing%20OR%20evidence%20OR%20report%29%20lang%3Aen%20-is%3Aretweet%20since%3A2026-01-03%20until%3A2026-01-04&src=typed_query,D-透明度,done
https://x.com/search?q=%28lululemon%20OR%20%40lululemon%29%20%28greenwashing%20OR%20sustainability%20OR%20hypocrisy%29%20lang%3Aen%20-is%3Aretweet%20since%3A2026-01-03%20until%3A2026-01-04&src=typed_query,E-绿洗质疑,done
https://x.com/search?q=%28lululemon%20OR%20%40lululemon%29%20%28boycott%20OR%20refund%20OR%20trust%20OR%20betrayed%20OR%20%22stop%20buying%22%29%20lang%3Aen%20-is%3Aretweet%20since%3A2026-01-03%20until%3A2026-01-04&src=typed_query,F-抵制声浪,done
https://x.com/search?q=%28lululemon%20OR%20%40lululemon%29%20lang%3Aen%20-is%3Aretweet%20since%3A2026-01-04%20until%3A2026-01-05&src=typed_query,A-整体讨论,done
https://x.com/search?q=%28lululemon%20OR%20%40lululemon%29%20%28PFAS%20OR%20%22forever%20chemicals%22%20OR%20toxic%20OR%20chemical%29%20lang%3Aen%20-is%3Aretweet%20since%3A2026-01-04%20until%3A2026-01-05&src=typed_query,B-化学品争议,done
https://x.com/search?q=%28lululemon%20OR%20%40lululemon%29%20%28health%20OR%20safety%20OR%20cancer%20OR%20immune%20OR%20harmful%29%20lang%3Aen%20-is%3Aretweet%20since%3A2026-01-04%20until%3A2026-01-05&src=typed_query,C-健康安全,done
https://x.com/search?q=%28lululemon%20OR%20%40lululemon%29%20%28transparency%20OR%20disclose%20OR%20testing%20OR%20evidence%20OR%20report%29%20lang%3Aen%20-is%3Aretweet%20since%3A2026-01-04%20until%3A2026-01-05&src=typed_query,D-透明度,done
https://x.com/search?q=%28lululemon%20OR%20%40lululemon%29%20%28greenwashing%20OR%20sustainability%20OR%20hypocrisy%29%20lang%3Aen%20-is%3Aretweet%20since%3A2026-01-04%20until%3A2026-01-05&src=typed_query,E-绿洗质疑,done
https://x.com/search?q=%28lululemon%20OR%20%40lululemon%29%20%28boycott%20OR%20refund%20OR%20trust%20OR%20betrayed%20OR%20%22stop%20buying%22%29%20lang%3Aen%20-is%3Aretweet%20since%3A2026-01-04%20until%3A2026-01-05&src=typed_query,F-抵制声浪,done
https://x.com/search?q=%28lululemon%20OR%20%40lululemon%29%20lang%3Aen%20-is%3Aretweet%20since%3A2026-01-05%20until%3A2026-01-06&src=typed_query,A-整体讨论,done
https://x.com/search?q=%28lululemon%20OR%20%40lululemon%29%20%28PFAS%20OR%20%22forever%20chemicals%22%20OR%20toxic%20OR%20chemical%29%20lang%3Aen%20-is%3Aretweet%20since%3A2026-01-05%20until%3A2026-01-06&src=typed_query,B-化学品争议,done
https://x.com/search?q=%28lululemon%20OR%20%40lululemon%29%20%28health%20OR%20safety%20OR%20cancer%20OR%20immune%20OR%20harmful%29%20lang%3Aen%20-is%3Aretweet%20since%3A2026-01-05%20until%3A2026-01-06&src=typed_query,C-健康安全,done
https://x.com/search?q=%28lululemon%20OR%20%40lululemon%29%20%28transparency%20OR%20disclose%20OR%20testing%20OR%20evidence%20OR%20report%29%20lang%3Aen%20-is%3Aretweet%20since%3A2026-01-05%20until%3A2026-01-06&src=typed_query,D-透明度,done
https://x.com/search?q=%28lululemon%20OR%20%40lululemon%29%20%28greenwashing%20OR%20sustainability%20OR%20hypocrisy%29%20lang%3Aen%20-is%3Aretweet%20since%3A2026-01-05%20until%3A2026-01-06&src=typed_query,E-绿洗质疑,done
https://x.com/search?q=%28lululemon%20OR%20%40lululemon%29%20%28boycott%20OR%20refund%20OR%20trust%20OR%20betrayed%20OR%20%22stop%20buying%22%29%20lang%3Aen%20-is%3Aretweet%20since%3A2026-01-05%20until%3A2026-01-06&src=typed_query,F-抵制声浪,done
https://x.com/search?q=%28lululemon%20OR%20%40lululemon%29%20lang%3Aen%20-is%3Aretweet%20since%3A2026-01-06%20until%3A2026-01-07&src=typed_query,A-整体讨论,done
https://x.com/search?q=%28lululemon%20OR%20%40lululemon%29%20%28PFAS%20OR%20%22forever%20chemicals%22%20OR%20toxic%20OR%20chemical%29%20lang%3Aen%20-is%3Aretweet%20since%3A2026-01-06%20until%3A2026-01-07&src=typed_query,B-化学品争议,done
https://x.com/search?q=%28lululemon%20OR%20%40lululemon%29%20%28health%20OR%20safety%20OR%20cancer%20OR%20immune%20OR%20harmful%29%20lang%3Aen%20-is%3Aretweet%20since%3A2026-01-06%20until%3A2026-01-07&src=typed_query,C-健康安全,done
https://x.com/search?q=%28lululemon%20OR%20%40lululemon%29%20%28transparency%20OR%20disclose%20OR%20testing%20OR%20evidence%20OR%20report%29%20lang%3Aen%20-is%3Aretweet%20since%3A2026-01-06%20until%3A2026-01-07&src=typed_query,D-透明度,done
https://x.com/search?q=%28lululemon%20OR%20%40lululemon%29%20%28greenwashing%20OR%20sustainability%20OR%20hypocrisy%29%20lang%3Aen%20-is%3Aretweet%20since%3A2026-01-06%20until%3A2026-01-07&src=typed_query,E-绿洗质疑,done
https://x.com/search?q=%28lululemon%20OR%20%40lululemon%29%20%28boycott%20OR%20refund%20OR%20trust%20OR%20betrayed%20OR%20%22stop%20buying%22%29%20lang%3Aen%20-is%3Aretweet%20since%3A2026-01-06%20until%3A2026-01-07&src=typed_query,F-抵制声浪,done
https://x.com/search?q=%28lululemon%20OR%20%40lululemon%29%20lang%3Aen%20-is%3Aretweet%20since%3A2026-01-07%20until%3A2026-01-08&src=typed_query,A-整体讨论,done
https://x.com/search?q=%28lululemon%20OR%20%40lululemon%29%20%28PFAS%20OR%20%22forever%20chemicals%22%20OR%20toxic%20OR%20chemical%29%20lang%3Aen%20-is%3Aretweet%20since%3A2026-01-07%20until%3A2026-01-08&src=typed_query,B-化学品争议,done
https://x.com/search?q=%28lululemon%20OR%20%40lululemon%29%20%28health%20OR%20safety%20OR%20cancer%20OR%20immune%20OR%20harmful%29%20lang%3Aen%20-is%3Aretweet%20since%3A2026-01-07%20until%3A2026-01-08&src=typed_query,C-健康安全,done
https://x.com/search?q=%28lululemon%20OR%20%40lululemon%29%20%28transparency%20OR%20disclose%20OR%20testing%20OR%20evidence%20OR%20report%29%20lang%3Aen%20-is%3Aretweet%20since%3A2026-01-07%20until%3A2026-01-08&src=typed_query,D-透明度,done
https://x.com/search?q=%28lululemon%20OR%20%40lululemon%29%20%28greenwashing%20OR%20sustainability%20OR%20hypocrisy%29%20lang%3Aen%20-is%3Aretweet%20since%3A2026-01-07%20until%3A2026-01-08&src=typed_query,E-绿洗质疑,done
https://x.com/search?q=%28lululemon%20OR%20%40lululemon%29%20%28boycott%20OR%20refund%20OR%20trust%20OR%20betrayed%20OR%20%22stop%20buying%22%29%20lang%3Aen%20-is%3Aretweet%20since%3A2026-01-07%20until%3A2026-01-08&src=typed_query,F-抵制声浪,done
https://x.com/search?q=%28lululemon%20OR%20%40lululemon%29%20lang%3Aen%20-is%3Aretweet%20since%3A2026-01-08%20until%3A2026-01-09&src=typed_query,A-整体讨论,done
https://x.com/search?q=%28lululemon%20OR%20%40lululemon%29%20%28PFAS%20OR%20%22forever%20chemicals%22%20OR%20toxic%20OR%20chemical%29%20lang%3Aen%20-is%3Aretweet%20since%3A2026-01-08%20until%3A2026-01-09&src=typed_query,B-化学品争议,done
https://x.com/search?q=%28lululemon%20OR%20%40lululemon%29%20%28health%20OR%20safety%20OR%20cancer%20OR%20immune%20OR%20harmful%29%20lang%3Aen%20-is%3Aretweet%20since%3A2026-01-08%20until%3A2026-01-09&src=typed_query,C-健康安全,done
https://x.com/search?q=%28lululemon%20OR%20%40lululemon%29%20%28transparency%20OR%20disclose%20OR%20testing%20OR%20evidence%20OR%20report%29%20lang%3Aen%20-is%3Aretweet%20since%3A2026-01-08%20until%3A2026-01-09&src=typed_query,D-透明度,done
https://x.com/search?q=%28lululemon%20OR%20%40lululemon%29%20%28greenwashing%20OR%20sustainability%20OR%20hypocrisy%29%20lang%3Aen%20-is%3Aretweet%20since%3A2026-01-08%20until%3A2026-01-09&src=typed_query,E-绿洗质疑,done
https://x.com/search?q=%28lululemon%20OR%20%40lululemon%29%20%28boycott%20OR%20refund%20OR%20trust%20OR%20betrayed%20OR%20%22stop%20buying%22%29%20lang%3Aen%20-is%3Aretweet%20since%3A2026-01-08%20until%3A2026-01-09&src=typed_query,F-抵制声浪,done
https://x.com/search?q=%28lululemon%20OR%20%40lululemon%29%20lang%3Aen%20-is%3Aretweet%20since%3A2026-01-09%20until%3A2026-01-10&src=typed_query,A-整体讨论,done
https://x.com/search?q=%28lululemon%20OR%20%40lululemon%29%20%28PFAS%20OR%20%22forever%20chemicals%22%20OR%20toxic%20OR%20chemical%29%20lang%3Aen%20-is%3Aretweet%20since%3A2026-01-09%20until%3A2026-01-10&src=typed_query,B-化学品争议,done
https://x.com/search?q=%28lululemon%20OR%20%40lululemon%29%20%28health%20OR%20safety%20OR%20cancer%20OR%20immune%20OR%20harmful%29%20lang%3Aen%20-is%3Aretweet%20since%3A2026-01-09%20until%3A2026-01-10&src=typed_query,C-健康安全,done
https://x.com/search?q=%28lululemon%20OR%20%40lululemon%29%20%28transparency%20OR%20disclose%20OR%20testing%20OR%20evidence%20OR%20report%29%20lang%3Aen%20-is%3Aretweet%20since%3A2026-01-09%20until%3A2026-01-10&src=typed_query,D-透明度,done
https://x.com/search?q=%28lululemon%20OR%20%40lululemon%29%20%28greenwashing%20OR%20sustainability%20OR%20hypocrisy%29%20lang%3Aen%20-is%3Aretweet%20since%3A2026-01-09%20until%3A2026-01-10&src=typed_query,E-绿洗质疑,done
https://x.com/search?q=%28lululemon%20OR%20%40lululemon%29%20%28boycott%20OR%20refund%20OR%20trust%20OR%20betrayed%20OR%20%22stop%20buying%22%29%20lang%3Aen%20-is%3Aretweet%20since%3A2026-01-09%20until%3A2026-01-10&src=typed_query,F-抵制声浪,done
https://x.com/search?q=%28lululemon%20OR%20%40lululemon%29%20lang%3Aen%20-is%3Aretweet%20since%3A2026-01-10%20until%3A2026-01-11&src=typed_query,A-整体讨论,done
https://x.com/search?q=%28lululemon%20OR%20%40lululemon%29%20%28PFAS%20OR%20%22forever%20chemicals%22%20OR%20toxic%20OR%20chemical%29%20lang%3Aen%20-is%3Aretweet%20since%3A2026-01-10%20until%3A2026-01-11&src=typed_query,B-化学品争议,done
https://x.com/search?q=%28lululemon%20OR%20%40lululemon%29%20%28health%20OR%20safety%20OR%20cancer%20OR%20immune%20OR%20harmful%29%20lang%3Aen%20-is%3Aretweet%20since%3A2026-01-10%20until%3A2026-01-11&src=typed_query,C-健康安全,done
https://x.com/search?q=%28lululemon%20OR%20%40lululemon%29%20%28transparency%20OR%20disclose%20OR%20testing%20OR%20evidence%20OR%20report%29%20lang%3Aen%20-is%3Aretweet%20since%3A2026-01-10%20until%3A2026-01-11&src=typed_query,D-透明度,done
https://x.com/search?q=%28lululemon%20OR%20%40lululemon%29%20%28greenwashing%20OR%20sustainability%20OR%20hypocrisy%29%20lang%3Aen%20-is%3Aretweet%20since%3A2026-01-10%20until%3A2026-01-11&src=typed_query,E-绿洗质疑,done
https://x.com/search?q=%28lululemon%20OR%20%40lululemon%29%20%28boycott%20OR%20refund%20OR%20trust%20OR%20betrayed%20OR%20%22stop%20buying%22%29%20lang%3Aen%20-is%3Aretweet%20since%3A2026-01-10%20until%3A2026-01-11&src=typed_query,F-抵制声浪,done
https://x.com/search?q=%28lululemon%20OR%20%40lululemon%29%20lang%3Aen%20-is%3Aretweet%20since%3A2026-01-11%20until%3A2026-01-12&src=typed_query,A-整体讨论,done
https://x.com/search?q=%28lululemon%20OR%20%40lululemon%29%20%28PFAS%20OR%20%22forever%20chemicals%22%20OR%20toxic%20OR%20chemical%29%20lang%3Aen%20-is%3Aretweet%20since%3A2026-01-11%20until%3A2026-01-12&src=typed_query,B-化学品争议,done
https://x.com/search?q=%28lululemon%20OR%20%40lululemon%29%20%28health%20OR%20safety%20OR%20cancer%20OR%20immune%20OR%20harmful%29%20lang%3Aen%20-is%3Aretweet%20since%3A2026-01-11%20until%3A2026-01-12&src=typed_query,C-健康安全,done
https://x.com/search?q=%28lululemon%20OR%20%40lululemon%29%20%28transparency%20OR%20disclose%20OR%20testing%20OR%20evidence%20OR%20report%29%20lang%3Aen%20-is%3Aretweet%20since%3A2026-01-11%20until%3A2026-01-12&src=typed_query,D-透明度,done
https://x.com/search?q=%28lululemon%20OR%20%40lululemon%29%20%28greenwashing%20OR%20sustainability%20OR%20hypocrisy%29%20lang%3Aen%20-is%3Aretweet%20since%3A2026-01-11%20until%3A2026-01-12&src=typed_query,E-绿洗质疑,done
https://x.com/search?q=%28lululemon%20OR%20%40lululemon%29%20%28boycott%20OR%20refund%20OR%20trust%20OR%20betrayed%20OR%20%22stop%20buying%22%29%20lang%3Aen%20-is%3Aretweet%20since%3A2026-01-11%20until%3A2026-01-12&src=typed_query,F-抵制声浪,pending
https://x.com/search?q=%28lululemon%20OR%20%40lululemon%29%20lang%3Aen%20-is%3Aretweet%20since%3A2026-01-12%20until%3A2026-01-13&src=typed_query,A-整体讨论,pending
https://x.com/search?q=%28lululemon%20OR%20%40lululemon%29%20%28PFAS%20OR%20%22forever%20chemicals%22%20OR%20toxic%20OR%20chemical%29%20lang%3Aen%20-is%3Aretweet%20since%3A2026-01-12%20until%3A2026-01-13&src=typed_query,B-化学品争议,pending
https://x.com/search?q=%28lululemon%20OR%20%40lululemon%29%20%28health%20OR%20safety%20OR%20cancer%20OR%20immune%20OR%20harmful%29%20lang%3Aen%20-is%3Aretweet%20since%3A2026-01-12%20until%3A2026-01-13&src=typed_query,C-健康安全,pending
https://x.com/search?q=%28lululemon%20OR%20%40lululemon%29%20%28transparency%20OR%20disclose%20OR%20testing%20OR%20evidence%20OR%20report%29%20lang%3Aen%20-is%3Aretweet%20since%3A2026-01-12%20until%3A2026-01-13&src=typed_query,D-透明度,pending
https://x.com/search?q=%28lululemon%20OR%20%40lululemon%29%20%28greenwashing%20OR%20sustainability%20OR%20hypocrisy%29%20lang%3Aen%20-is%3Aretweet%20since%3A2026-01-12%20until%3A2026-01-13&src=typed_query,E-绿洗质疑,pending
https://x.com/search?q=%28lululemon%20OR%20%40lululemon%29%20%28boycott%20OR%20refund%20OR%20trust%20OR%20betrayed%20OR%20%22stop%20buying%22%29%20lang%3Aen%20-is%3Aretweet%20since%3A2026-01-12%20until%3A2026-01-13&src=typed_query,F-抵制声浪,pending
https://x.com/search?q=%28lululemon%20OR%20%40lululemon%29%20lang%3Aen%20-is%3Aretweet%20since%3A2026-01-13%20until%3A2026-01-14&src=typed_query,A-整体讨论,pending
https://x.com/search?q=%28lululemon%20OR%20%40lululemon%29%20%28PFAS%20OR%20%22forever%20chemicals%22%20OR%20toxic%20OR%20chemical%29%20lang%3Aen%20-is%3Aretweet%20since%3A2026-01-13%20until%3A2026-01-14&src=typed_query,B-化学品争议,pending
https://x.com/search?q=%28lululemon%20OR%20%40lululemon%29%20%28health%20OR%20safety%20OR%20cancer%20OR%20immune%20OR%20harmful%29%20lang%3Aen%20-is%3Aretweet%20since%3A2026-01-13%20until%3A2026-01-14&src=typed_query,C-健康安全,pending
https://x.com/search?q=%28lululemon%20OR%20%40lululemon%29%20%28transparency%20OR%20disclose%20OR%20testing%20OR%20evidence%20OR%20report%29%20lang%3Aen%20-is%3Aretweet%20since%3A2026-01-13%20until%3A2026-01-14&src=typed_query,D-透明度,pending
https://x.com/search?q=%28lululemon%20OR%20%40lululemon%29%20%28greenwashing%20OR%20sustainability%20OR%20hypocrisy%29%20lang%3Aen%20-is%3Aretweet%20since%3A2026-01-13%20until%3A2026-01-14&src=typed_query,E-绿洗质疑,pending
https://x.com/search?q=%28lululemon%20OR%20%40lululemon%29%20%28boycott%20OR%20refund%20OR%20trust%20OR%20betrayed%20OR%20%22stop%20buying%22%29%20lang%3Aen%20-is%3Aretweet%20since%3A2026-01-13%20until%3A2026-01-14&src=typed_query,F-抵制声浪,pending
https://x.com/search?q=%28lululemon%20OR%20%40lululemon%29%20lang%3Aen%20-is%3Aretweet%20since%3A2026-01-14%20until%3A2026-01-15&src=typed_query,A-整体讨论,pending
https://x.com/search?q=%28lululemon%20OR%20%40lululemon%29%20%28PFAS%20OR%20%22forever%20chemicals%22%20OR%20toxic%20OR%20chemical%29%20lang%3Aen%20-is%3Aretweet%20since%3A2026-01-14%20until%3A2026-01-15&src=typed_query,B-化学品争议,pending
https://x.com/search?q=%28lululemon%20OR%20%40lululemon%29%20%28health%20OR%20safety%20OR%20cancer%20OR%20immune%20OR%20harmful%29%20lang%3Aen%20-is%3Aretweet%20since%3A2026-01-14%20until%3A2026-01-15&src=typed_query,C-健康安全,pending
https://x.com/search?q=%28lululemon%20OR%20%40lululemon%29%20%28transparency%20OR%20disclose%20OR%20testing%20OR%20evidence%20OR%20report%29%20lang%3Aen%20-is%3Aretweet%20since%3A2026-01-14%20until%3A2026-01-15&src=typed_query,D-透明度,pending
https://x.com/search?q=%28lululemon%20OR%20%40lululemon%29%20%28greenwashing%20OR%20sustainability%20OR%20hypocrisy%29%20lang%3Aen%20-is%3Aretweet%20since%3A2026-01-14%20until%3A2026-01-15&src=typed_query,E-绿洗质疑,pending
https://x.com/search?q=%28lululemon%20OR%20%40lululemon%29%20%28boycott%20OR%20refund%20OR%20trust%20OR%20betrayed%20OR%20%22stop%20buying%22%29%20lang%3Aen%20-is%3Aretweet%20since%3A2026-01-14%20until%3A2026-01-15&src=typed_query,F-抵制声浪,pending
https://x.com/search?q=%28lululemon%20OR%20%40lululemon%29%20lang%3Aen%20-is%3Aretweet%20since%3A2026-01-15%20until%3A2026-01-16&src=typed_query,A-整体讨论,pending
https://x.com/search?q=%28lululemon%20OR%20%40lululemon%29%20%28PFAS%20OR%20%22forever%20chemicals%22%20OR%20toxic%20OR%20chemical%29%20lang%3Aen%20-is%3Aretweet%20since%3A2026-01-15%20until%3A2026-01-16&src=typed_query,B-化学品争议,pending
https://x.com/search?q=%28lululemon%20OR%20%40lululemon%29%20%28health%20OR%20safety%20OR%20cancer%20OR%20immune%20OR%20harmful%29%20lang%3Aen%20-is%3Aretweet%20since%3A2026-01-15%20until%3A2026-01-16&src=typed_query,C-健康安全,pending
https://x.com/search?q=%28lululemon%20OR%20%40lululemon%29%20%28transparency%20OR%20disclose%20OR%20testing%20OR%20evidence%20OR%20report%29%20lang%3Aen%20-is%3Aretweet%20since%3A2026-01-15%20until%3A2026-01-16&src=typed_query,D-透明度,pending
https://x.com/search?q=%28lululemon%20OR%20%40lululemon%29%20%28greenwashing%20OR%20sustainability%20OR%20hypocrisy%29%20lang%3Aen%20-is%3Aretweet%20since%3A2026-01-15%20until%3A2026-01-16&src=typed_query,E-绿洗质疑,pending
https://x.com/search?q=%28lululemon%20OR%20%40lululemon%29%20%28boycott%20OR%20refund%20OR%20trust%20OR%20betrayed%20OR%20%22stop%20buying%22%29%20lang%3Aen%20-is%3Aretweet%20since%3A2026-01-15%20until%3A2026-01-16&src=typed_query,F-抵制声浪,pending
https://x.com/search?q=%28lululemon%20OR%20%40lululemon%29%20lang%3Aen%20-is%3Aretweet%20since%3A2026-01-16%20until%3A2026-01-17&src=typed_query,A-整体讨论,pending
https://x.com/search?q=%28lululemon%20OR%20%40lululemon%29%20%28PFAS%20OR%20%22forever%20chemicals%22%20OR%20toxic%20OR%20chemical%29%20lang%3Aen%20-is%3Aretweet%20since%3A2026-01-16%20until%3A2026-01-17&src=typed_query,B-化学品争议,pending
https://x.com/search?q=%28lululemon%20OR%20%40lululemon%29%20%28health%20OR%20safety%20OR%20cancer%20OR%20immune%20OR%20harmful%29%20lang%3Aen%20-is%3Aretweet%20since%3A2026-01-16%20until%3A2026-01-17&src=typed_query,C-健康安全,pending
https://x.com/search?q=%28lululemon%20OR%20%40lululemon%29%20%28transparency%20OR%20disclose%20OR%20testing%20OR%20evidence%20OR%20report%29%20lang%3Aen%20-is%3Aretweet%20since%3A2026-01-16%20until%3A2026-01-17&src=typed_query,D-透明度,pending
https://x.com/search?q=%28lululemon%20OR%20%40lululemon%29%20%28greenwashing%20OR%20sustainability%20OR%20hypocrisy%29%20lang%3Aen%20-is%3Aretweet%20since%3A2026-01-16%20until%3A2026-01-17&src=typed_query,E-绿洗质疑,pending
https://x.com/search?q=%28lululemon%20OR%20%40lululemon%29%20%28boycott%20OR%20refund%20OR%20trust%20OR%20betrayed%20OR%20%22stop%20buying%22%29%20lang%3Aen%20-is%3Aretweet%20since%3A2026-01-16%20until%3A2026-01-17&src=typed_query,F-抵制声浪,pending
https://x.com/search?q=%28lululemon%20OR%20%40lululemon%29%20lang%3Aen%20-is%3Aretweet%20since%3A2026-01-17%20until%3A2026-01-18&src=typed_query,A-整体讨论,pending
https://x.com/search?q=%28lululemon%20OR%20%40lululemon%29%20%28PFAS%20OR%20%22forever%20chemicals%22%20OR%20toxic%20OR%20chemical%29%20lang%3Aen%20-is%3Aretweet%20since%3A2026-01-17%20until%3A2026-01-18&src=typed_query,B-化学品争议,pending
https://x.com/search?q=%28lululemon%20OR%20%40lululemon%29%20%28health%20OR%20safety%20OR%20cancer%20OR%20immune%20OR%20harmful%29%20lang%3Aen%20-is%3Aretweet%20since%3A2026-01-17%20until%3A2026-01-18&src=typed_query,C-健康安全,pending
https://x.com/search?q=%28lululemon%20OR%20%40lululemon%29%20%28transparency%20OR%20disclose%20OR%20testing%20OR%20evidence%20OR%20report%29%20lang%3Aen%20-is%3Aretweet%20since%3A2026-01-17%20until%3A2026-01-18&src=typed_query,D-透明度,pending
https://x.com/search?q=%28lululemon%20OR%20%40lululemon%29%20%28greenwashing%20OR%20sustainability%20OR%20hypocrisy%29%20lang%3Aen%20-is%3Aretweet%20since%3A2026-01-17%20until%3A2026-01-18&src=typed_query,E-绿洗质疑,pending
https://x.com/search?q=%28lululemon%20OR%20%40lululemon%29%20%28boycott%20OR%20refund%20OR%20trust%20OR%20betrayed%20OR%20%22stop%20buying%22%29%20lang%3Aen%20-is%3Aretweet%20since%3A2026-01-17%20until%3A2026-01-18&src=typed_query,F-抵制声浪,pending
https://x.com/search?q=%28lululemon%20OR%20%40lululemon%29%20lang%3Aen%20-is%3Aretweet%20since%3A2026-01-18%20until%3A2026-01-19&src=typed_query,A-整体讨论,pending
https://x.com/search?q=%28lululemon%20OR%20%40lululemon%29%20%28PFAS%20OR%20%22forever%20chemicals%22%20OR%20toxic%20OR%20chemical%29%20lang%3Aen%20-is%3Aretweet%20since%3A2026-01-18%20until%3A2026-01-19&src=typed_query,B-化学品争议,pending
https://x.com/search?q=%28lululemon%20OR%20%40lululemon%29%20%28health%20OR%20safety%20OR%20cancer%20OR%20immune%20OR%20harmful%29%20lang%3Aen%20-is%3Aretweet%20since%3A2026-01-18%20until%3A2026-01-19&src=typed_query,C-健康安全,pending
https://x.com/search?q=%28lululemon%20OR%20%40lululemon%29%20%28transparency%20OR%20disclose%20OR%20testing%20OR%20evidence%20OR%20report%29%20lang%3Aen%20-is%3Aretweet%20since%3A2026-01-18%20until%3A2026-01-19&src=typed_query,D-透明度,pending
https://x.com/search?q=%28lululemon%20OR%20%40lululemon%29%20%28greenwashing%20OR%20sustainability%20OR%20hypocrisy%29%20lang%3Aen%20-is%3Aretweet%20since%3A2026-01-18%20until%3A2026-01-19&src=typed_query,E-绿洗质疑,pending
https://x.com/search?q=%28lululemon%20OR%20%40lululemon%29%20%28boycott%20OR%20refund%20OR%20trust%20OR%20betrayed%20OR%20%22stop%20buying%22%29%20lang%3Aen%20-is%3Aretweet%20since%3A2026-01-18%20until%3A2026-01-19&src=typed_query,F-抵制声浪,pending
https://x.com/search?q=%28lululemon%20OR%20%40lululemon%29%20lang%3Aen%20-is%3Aretweet%20since%3A2026-01-19%20until%3A2026-01-20&src=typed_query,A-整体讨论,pending
https://x.com/search?q=%28lululemon%20OR%20%40lululemon%29%20%28PFAS%20OR%20%22forever%20chemicals%22%20OR%20toxic%20OR%20chemical%29%20lang%3Aen%20-is%3Aretweet%20since%3A2026-01-19%20until%3A2026-01-20&src=typed_query,B-化学品争议,pending
https://x.com/search?q=%28lululemon%20OR%20%40lululemon%29%20%28health%20OR%20safety%20OR%20cancer%20OR%20immune%20OR%20harmful%29%20lang%3Aen%20-is%3Aretweet%20since%3A2026-01-19%20until%3A2026-01-20&src=typed_query,C-健康安全,pending
https://x.com/search?q=%28lululemon%20OR%20%40lululemon%29%20%28transparency%20OR%20disclose%20OR%20testing%20OR%20evidence%20OR%20report%29%20lang%3Aen%20-is%3Aretweet%20since%3A2026-01-19%20until%3A2026-01-20&src=typed_query,D-透明度,pending
https://x.com/search?q=%28lululemon%20OR%20%40lululemon%29%20%28greenwashing%20OR%20sustainability%20OR%20hypocrisy%29%20lang%3Aen%20-is%3Aretweet%20since%3A2026-01-19%20until%3A2026-01-20&src=typed_query,E-绿洗质疑,pending
https://x.com/search?q=%28lululemon%20OR%20%40lululemon%29%20%28boycott%20OR%20refund%20OR%20trust%20OR%20betrayed%20OR%20%22stop%20buying%22%29%20lang%3Aen%20-is%3Aretweet%20since%3A2026-01-19%20until%3A2026-01-20&src=typed_query,F-抵制声浪,pending
https://x.com/search?q=%28lululemon%20OR%20%40lululemon%29%20lang%3Aen%20-is%3Aretweet%20since%3A2026-01-20%20until%3A2026-01-21&src=typed_query,A-整体讨论,pending
https://x.com/search?q=%28lululemon%20OR%20%40lululemon%29%20%28PFAS%20OR%20%22forever%20chemicals%22%20OR%20toxic%20OR%20chemical%29%20lang%3Aen%20-is%3Aretweet%20since%3A2026-01-20%20until%3A2026-01-21&src=typed_query,B-化学品争议,pending
https://x.com/search?q=%28lululemon%20OR%20%40lululemon%29%20%28health%20OR%20safety%20OR%20cancer%20OR%20immune%20OR%20harmful%29%20lang%3Aen%20-is%3Aretweet%20since%3A2026-01-20%20until%3A2026-01-21&src=typed_query,C-健康安全,pending
https://x.com/search?q=%28lululemon%20OR%20%40lululemon%29%20%28transparency%20OR%20disclose%20OR%20testing%20OR%20evidence%20OR%20report%29%20lang%3Aen%20-is%3Aretweet%20since%3A2026-01-20%20until%3A2026-01-21&src=typed_query,D-透明度,pending
https://x.com/search?q=%28lululemon%20OR%20%40lululemon%29%20%28greenwashing%20OR%20sustainability%20OR%20hypocrisy%29%20lang%3Aen%20-is%3Aretweet%20since%3A2026-01-20%20until%3A2026-01-21&src=typed_query,E-绿洗质疑,pending
https://x.com/search?q=%28lululemon%20OR%20%40lululemon%29%20%28boycott%20OR%20refund%20OR%20trust%20OR%20betrayed%20OR%20%22stop%20buying%22%29%20lang%3Aen%20-is%3Aretweet%20since%3A2026-01-20%20until%3A2026-01-21&src=typed_query,F-抵制声浪,pending
https://x.com/search?q=%28lululemon%20OR%20%40lululemon%29%20lang%3Aen%20-is%3Aretweet%20since%3A2026-01-21%20until%3A2026-01-22&src=typed_query,A-整体讨论,pending
https://x.com/search?q=%28lululemon%20OR%20%40lululemon%29%20%28PFAS%20OR%20%22forever%20chemicals%22%20OR%20toxic%20OR%20chemical%29%20lang%3Aen%20-is%3Aretweet%20since%3A2026-01-21%20until%3A2026-01-22&src=typed_query,B-化学品争议,pending
https://x.com/search?q=%28lululemon%20OR%20%40lululemon%29%20%28health%20OR%20safety%20OR%20cancer%20OR%20immune%20OR%20harmful%29%20lang%3Aen%20-is%3Aretweet%20since%3A2026-01-21%20until%3A2026-01-22&src=typed_query,C-健康安全,pending
https://x.com/search?q=%28lululemon%20OR%20%40lululemon%29%20%28transparency%20OR%20disclose%20OR%20testing%20OR%20evidence%20OR%20report%29%20lang%3Aen%20-is%3Aretweet%20since%3A2026-01-21%20until%3A2026-01-22&src=typed_query,D-透明度,pending
https://x.com/search?q=%28lululemon%20OR%20%40lululemon%29%20%28greenwashing%20OR%20sustainability%20OR%20hypocrisy%29%20lang%3Aen%20-is%3Aretweet%20since%3A2026-01-21%20until%3A2026-01-22&src=typed_query,E-绿洗质疑,pending
https://x.com/search?q=%28lululemon%20OR%20%40lululemon%29%20%28boycott%20OR%20refund%20OR%20trust%20OR%20betrayed%20OR%20%22stop%20buying%22%29%20lang%3Aen%20-is%3Aretweet%20since%3A2026-01-21%20until%3A2026-01-22&src=typed_query,F-抵制声浪,pending
https://x.com/search?q=%28lululemon%20OR%20%40lululemon%29%20lang%3Aen%20-is%3Aretweet%20since%3A2026-01-22%20until%3A2026-01-23&src=typed_query,A-整体讨论,pending
https://x.com/search?q=%28lululemon%20OR%20%40lululemon%29%20%28PFAS%20OR%20%22forever%20chemicals%22%20OR%20toxic%20OR%20chemical%29%20lang%3Aen%20-is%3Aretweet%20since%3A2026-01-22%20until%3A2026-01-23&src=typed_query,B-化学品争议,pending
https://x.com/search?q=%28lululemon%20OR%20%40lululemon%29%20%28health%20OR%20safety%20OR%20cancer%20OR%20immune%20OR%20harmful%29%20lang%3Aen%20-is%3Aretweet%20since%3A2026-01-22%20until%3A2026-01-23&src=typed_query,C-健康安全,pending
https://x.com/search?q=%28lululemon%20OR%20%40lululemon%29%20%28transparency%20OR%20disclose%20OR%20testing%20OR%20evidence%20OR%20report%29%20lang%3Aen%20-is%3Aretweet%20since%3A2026-01-22%20until%3A2026-01-23&src=typed_query,D-透明度,pending
https://x.com/search?q=%28lululemon%20OR%20%40lululemon%29%20%28greenwashing%20OR%20sustainability%20OR%20hypocrisy%29%20lang%3Aen%20-is%3Aretweet%20since%3A2026-01-22%20until%3A2026-01-23&src=typed_query,E-绿洗质疑,pending
https://x.com/search?q=%28lululemon%20OR%20%40lululemon%29%20%28boycott%20OR%20refund%20OR%20trust%20OR%20betrayed%20OR%20%22stop%20buying%22%29%20lang%3Aen%20-is%3Aretweet%20since%3A2026-01-22%20until%3A2026-01-23&src=typed_query,F-抵制声浪,pending
https://x.com/search?q=%28lululemon%20OR%20%40lululemon%29%20lang%3Aen%20-is%3Aretweet%20since%3A2026-01-23%20until%3A2026-01-24&src=typed_query,A-整体讨论,pending
https://x.com/search?q=%28lululemon%20OR%20%40lululemon%29%20%28PFAS%20OR%20%22forever%20chemicals%22%20OR%20toxic%20OR%20chemical%29%20lang%3Aen%20-is%3Aretweet%20since%3A2026-01-23%20until%3A2026-01-24&src=typed_query,B-化学品争议,pending
https://x.com/search?q=%28lululemon%20OR%20%40lululemon%29%20%28health%20OR%20safety%20OR%20cancer%20OR%20immune%20OR%20harmful%29%20lang%3Aen%20-is%3Aretweet%20since%3A2026-01-23%20until%3A2026-01-24&src=typed_query,C-健康安全,pending
https://x.com/search?q=%28lululemon%20OR%20%40lululemon%29%20%28transparency%20OR%20disclose%20OR%20testing%20OR%20evidence%20OR%20report%29%20lang%3Aen%20-is%3Aretweet%20since%3A2026-01-23%20until%3A2026-01-24&src=typed_query,D-透明度,pending
https://x.com/search?q=%28lululemon%20OR%20%40lululemon%29%20%28greenwashing%20OR%20sustainability%20OR%20hypocrisy%29%20lang%3Aen%20-is%3Aretweet%20since%3A2026-01-23%20until%3A2026-01-24&src=typed_query,E-绿洗质疑,pending
https://x.com/search?q=%28lululemon%20OR%20%40lululemon%29%20%28boycott%20OR%20refund%20OR%20trust%20OR%20betrayed%20OR%20%22stop%20buying%22%29%20lang%3Aen%20-is%3Aretweet%20since%3A2026-01-23%20until%3A2026-01-24&src=typed_query,F-抵制声浪,pending
https://x.com/search?q=%28lululemon%20OR%20%40lululemon%29%20lang%3Aen%20-is%3Aretweet%20since%3A2026-01-24%20until%3A2026-01-25&src=typed_query,A-整体讨论,pending
https://x.com/search?q=%28lululemon%20OR%20%40lululemon%29%20%28PFAS%20OR%20%22forever%20chemicals%22%20OR%20toxic%20OR%20chemical%29%20lang%3Aen%20-is%3Aretweet%20since%3A2026-01-24%20until%3A2026-01-25&src=typed_query,B-化学品争议,pending
https://x.com/search?q=%28lululemon%20OR%20%40lululemon%29%20%28health%20OR%20safety%20OR%20cancer%20OR%20immune%20OR%20harmful%29%20lang%3Aen%20-is%3Aretweet%20since%3A2026-01-24%20until%3A2026-01-25&src=typed_query,C-健康安全,pending
https://x.com/search?q=%28lululemon%20OR%20%40lululemon%29%20%28transparency%20OR%20disclose%20OR%20testing%20OR%20evidence%20OR%20report%29%20lang%3Aen%20-is%3Aretweet%20since%3A2026-01-24%20until%3A2026-01-25&src=typed_query,D-透明度,pending
https://x.com/search?q=%28lululemon%20OR%20%40lululemon%29%20%28greenwashing%20OR%20sustainability%20OR%20hypocrisy%29%20lang%3Aen%20-is%3Aretweet%20since%3A2026-01-24%20until%3A2026-01-25&src=typed_query,E-绿洗质疑,pending
https://x.com/search?q=%28lululemon%20OR%20%40lululemon%29%20%28boycott%20OR%20refund%20OR%20trust%20OR%20betrayed%20OR%20%22stop%20buying%22%29%20lang%3Aen%20-is%3Aretweet%20since%3A2026-01-24%20until%3A2026-01-25&src=typed_query,F-抵制声浪,pending
https://x.com/search?q=%28lululemon%20OR%20%40lululemon%29%20lang%3Aen%20-is%3Aretweet%20since%3A2026-01-25%20until%3A2026-01-26&src=typed_query,A-整体讨论,pending
https://x.com/search?q=%28lululemon%20OR%20%40lululemon%29%20%28PFAS%20OR%20%22forever%20chemicals%22%20OR%20toxic%20OR%20chemical%29%20lang%3Aen%20-is%3Aretweet%20since%3A2026-01-25%20until%3A2026-01-26&src=typed_query,B-化学品争议,pending
https://x.com/search?q=%28lululemon%20OR%20%40lululemon%29%20%28health%20OR%20safety%20OR%20cancer%20OR%20immune%20OR%20harmful%29%20lang%3Aen%20-is%3Aretweet%20since%3A2026-01-25%20until%3A2026-01-26&src=typed_query,C-健康安全,pending
https://x.com/search?q=%28lululemon%20OR%20%40lululemon%29%20%28transparency%20OR%20disclose%20OR%20testing%20OR%20evidence%20OR%20report%29%20lang%3Aen%20-is%3Aretweet%20since%3A2026-01-25%20until%3A2026-01-26&src=typed_query,D-透明度,pending
https://x.com/search?q=%28lululemon%20OR%20%40lululemon%29%20%28greenwashing%20OR%20sustainability%20OR%20hypocrisy%29%20lang%3Aen%20-is%3Aretweet%20since%3A2026-01-25%20until%3A2026-01-26&src=typed_query,E-绿洗质疑,pending
https://x.com/search?q=%28lululemon%20OR%20%40lululemon%29%20%28boycott%20OR%20refund%20OR%20trust%20OR%20betrayed%20OR%20%22stop%20buying%22%29%20lang%3Aen%20-is%3Aretweet%20since%3A2026-01-25%20until%3A2026-01-26&src=typed_query,F-抵制声浪,pending
https://x.com/search?q=%28lululemon%20OR%20%40lululemon%29%20lang%3Aen%20-is%3Aretweet%20since%3A2026-01-26%20until%3A2026-01-27&src=typed_query,A-整体讨论,pending
https://x.com/search?q=%28lululemon%20OR%20%40lululemon%29%20%28PFAS%20OR%20%22forever%20chemicals%22%20OR%20toxic%20OR%20chemical%29%20lang%3Aen%20-is%3Aretweet%20since%3A2026-01-26%20until%3A2026-01-27&src=typed_query,B-化学品争议,pending
https://x.com/search?q=%28lululemon%20OR%20%40lululemon%29%20%28health%20OR%20safety%20OR%20cancer%20OR%20immune%20OR%20harmful%29%20lang%3Aen%20-is%3Aretweet%20since%3A2026-01-26%20until%3A2026-01-27&src=typed_query,C-健康安全,pending
https://x.com/search?q=%28lululemon%20OR%20%40lululemon%29%20%28transparency%20OR%20disclose%20OR%20testing%20OR%20evidence%20OR%20report%29%20lang%3Aen%20-is%3Aretweet%20since%3A2026-01-26%20until%3A2026-01-27&src=typed_query,D-透明度,pending
https://x.com/search?q=%28lululemon%20OR%20%40lululemon%29%20%28greenwashing%20OR%20sustainability%20OR%20hypocrisy%29%20lang%3Aen%20-is%3Aretweet%20since%3A2026-01-26%20until%3A2026-01-27&src=typed_query,E-绿洗质疑,pending
https://x.com/search?q=%28lululemon%20OR%20%40lululemon%29%20%28boycott%20OR%20refund%20OR%20trust%20OR%20betrayed%20OR%20%22stop%20buying%22%29%20lang%3Aen%20-is%3Aretweet%20since%3A2026-01-26%20until%3A2026-01-27&src=typed_query,F-抵制声浪,pending
https://x.com/search?q=%28lululemon%20OR%20%40lululemon%29%20lang%3Aen%20-is%3Aretweet%20since%3A2026-01-27%20until%3A2026-01-28&src=typed_query,A-整体讨论,pending
https://x.com/search?q=%28lululemon%20OR%20%40lululemon%29%20%28PFAS%20OR%20%22forever%20chemicals%22%20OR%20toxic%20OR%20chemical%29%20lang%3Aen%20-is%3Aretweet%20since%3A2026-01-27%20until%3A2026-01-28&src=typed_query,B-化学品争议,pending
https://x.com/search?q=%28lululemon%20OR%20%40lululemon%29%20%28health%20OR%20safety%20OR%20cancer%20OR%20immune%20OR%20harmful%29%20lang%3Aen%20-is%3Aretweet%20since%3A2026-01-27%20until%3A2026-01-28&src=typed_query,C-健康安全,pending
https://x.com/search?q=%28lululemon%20OR%20%40lululemon%29%20%28transparency%20OR%20disclose%20OR%20testing%20OR%20evidence%20OR%20report%29%20lang%3Aen%20-is%3Aretweet%20since%3A2026-01-27%20until%3A2026-01-28&src=typed_query,D-透明度,pending
https://x.com/search?q=%28lululemon%20OR%20%40lululemon%29%20%28greenwashing%20OR%20sustainability%20OR%20hypocrisy%29%20lang%3Aen%20-is%3Aretweet%20since%3A2026-01-27%20until%3A2026-01-28&src=typed_query,E-绿洗质疑,pending
https://x.com/search?q=%28lululemon%20OR%20%40lululemon%29%20%28boycott%20OR%20refund%20OR%20trust%20OR%20betrayed%20OR%20%22stop%20buying%22%29%20lang%3Aen%20-is%3Aretweet%20since%3A2026-01-27%20until%3A2026-01-28&src=typed_query,F-抵制声浪,pending
https://x.com/search?q=%28lululemon%20OR%20%40lululemon%29%20lang%3Aen%20-is%3Aretweet%20since%3A2026-01-28%20until%3A2026-01-29&src=typed_query,A-整体讨论,pending
https://x.com/search?q=%28lululemon%20OR%20%40lululemon%29%20%28PFAS%20OR%20%22forever%20chemicals%22%20OR%20toxic%20OR%20chemical%29%20lang%3Aen%20-is%3Aretweet%20since%3A2026-01-28%20until%3A2026-01-29&src=typed_query,B-化学品争议,pending
https://x.com/search?q=%28lululemon%20OR%20%40lululemon%29%20%28health%20OR%20safety%20OR%20cancer%20OR%20immune%20OR%20harmful%29%20lang%3Aen%20-is%3Aretweet%20since%3A2026-01-28%20until%3A2026-01-29&src=typed_query,C-健康安全,pending
https://x.com/search?q=%28lululemon%20OR%20%40lululemon%29%20%28transparency%20OR%20disclose%20OR%20testing%20OR%20evidence%20OR%20report%29%20lang%3Aen%20-is%3Aretweet%20since%3A2026-01-28%20until%3A2026-01-29&src=typed_query,D-透明度,pending
https://x.com/search?q=%28lululemon%20OR%20%40lululemon%29%20%28greenwashing%20OR%20sustainability%20OR%20hypocrisy%29%20lang%3Aen%20-is%3Aretweet%20since%3A2026-01-28%20until%3A2026-01-29&src=typed_query,E-绿洗质疑,pending
https://x.com/search?q=%28lululemon%20OR%20%40lululemon%29%20%28boycott%20OR%20refund%20OR%20trust%20OR%20betrayed%20OR%20%22stop%20buying%22%29%20lang%3Aen%20-is%3Aretweet%20since%3A2026-01-28%20until%3A2026-01-29&src=typed_query,F-抵制声浪,pending
https://x.com/search?q=%28lululemon%20OR%20%40lululemon%29%20lang%3Aen%20-is%3Aretweet%20since%3A2026-01-29%20until%3A2026-01-30&src=typed_query,A-整体讨论,pending
https://x.com/search?q=%28lululemon%20OR%20%40lululemon%29%20%28PFAS%20OR%20%22forever%20chemicals%22%20OR%20toxic%20OR%20chemical%29%20lang%3Aen%20-is%3Aretweet%20since%3A2026-01-29%20until%3A2026-01-30&src=typed_query,B-化学品争议,pending
https://x.com/search?q=%28lululemon%20OR%20%40lululemon%29%20%28health%20OR%20safety%20OR%20cancer%20OR%20immune%20OR%20harmful%29%20lang%3Aen%20-is%3Aretweet%20since%3A2026-01-29%20until%3A2026-01-30&src=typed_query,C-健康安全,pending
https://x.com/search?q=%28lululemon%20OR%20%40lululemon%29%20%28transparency%20OR%20disclose%20OR%20testing%20OR%20evidence%20OR%20report%29%20lang%3Aen%20-is%3Aretweet%20since%3A2026-01-29%20until%3A2026-01-30&src=typed_query,D-透明度,pending
https://x.com/search?q=%28lululemon%20OR%20%40lululemon%29%20%28greenwashing%20OR%20sustainability%20OR%20hypocrisy%29%20lang%3Aen%20-is%3Aretweet%20since%3A2026-01-29%20until%3A2026-01-30&src=typed_query,E-绿洗质疑,pending
https://x.com/search?q=%28lululemon%20OR%20%40lululemon%29%20%28boycott%20OR%20refund%20OR%20trust%20OR%20betrayed%20OR%20%22stop%20buying%22%29%20lang%3Aen%20-is%3Aretweet%20since%3A2026-01-29%20until%3A2026-01-30&src=typed_query,F-抵制声浪,pending
https://x.com/search?q=%28lululemon%20OR%20%40lululemon%29%20lang%3Aen%20-is%3Aretweet%20since%3A2026-01-30%20until%3A2026-01-31&src=typed_query,A-整体讨论,pending
https://x.com/search?q=%28lululemon%20OR%20%40lululemon%29%20%28PFAS%20OR%20%22forever%20chemicals%22%20OR%20toxic%20OR%20chemical%29%20lang%3Aen%20-is%3Aretweet%20since%3A2026-01-30%20until%3A2026-01-31&src=typed_query,B-化学品争议,pending
https://x.com/search?q=%28lululemon%20OR%20%40lululemon%29%20%28health%20OR%20safety%20OR%20cancer%20OR%20immune%20OR%20harmful%29%20lang%3Aen%20-is%3Aretweet%20since%3A2026-01-30%20until%3A2026-01-31&src=typed_query,C-健康安全,pending
https://x.com/search?q=%28lululemon%20OR%20%40lululemon%29%20%28transparency%20OR%20disclose%20OR%20testing%20OR%20evidence%20OR%20report%29%20lang%3Aen%20-is%3Aretweet%20since%3A2026-01-30%20until%3A2026-01-31&src=typed_query,D-透明度,pending
https://x.com/search?q=%28lululemon%20OR%20%40lululemon%29%20%28greenwashing%20OR%20sustainability%20OR%20hypocrisy%29%20lang%3Aen%20-is%3Aretweet%20since%3A2026-01-30%20until%3A2026-01-31&src=typed_query,E-绿洗质疑,pending
https://x.com/search?q=%28lululemon%20OR%20%40lululemon%29%20%28boycott%20OR%20refund%20OR%20trust%20OR%20betrayed%20OR%20%22stop%20buying%22%29%20lang%3Aen%20-is%3Aretweet%20since%3A2026-01-30%20until%3A2026-01-31&src=typed_query,F-抵制声浪,pending
https://x.com/search?q=%28lululemon%20OR%20%40lululemon%29%20lang%3Aen%20-is%3Aretweet%20since%3A2026-01-31%20until%3A2026-02-01&src=typed_query,A-整体讨论,pending
https://x.com/search?q=%28lululemon%20OR%20%40lululemon%29%20%28PFAS%20OR%20%22forever%20chemicals%22%20OR%20toxic%20OR%20chemical%29%20lang%3Aen%20-is%3Aretweet%20since%3A2026-01-31%20until%3A2026-02-01&src=typed_query,B-化学品争议,pending
https://x.com/search?q=%28lululemon%20OR%20%40lululemon%29%20%28health%20OR%20safety%20OR%20cancer%20OR%20immune%20OR%20harmful%29%20lang%3Aen%20-is%3Aretweet%20since%3A2026-01-31%20until%3A2026-02-01&src=typed_query,C-健康安全,pending
https://x.com/search?q=%28lululemon%20OR%20%40lululemon%29%20%28transparency%20OR%20disclose%20OR%20testing%20OR%20evidence%20OR%20report%29%20lang%3Aen%20-is%3Aretweet%20since%3A2026-01-31%20until%3A2026-02-01&src=typed_query,D-透明度,pending
https://x.com/search?q=%28lululemon%20OR%20%40lululemon%29%20%28greenwashing%20OR%20sustainability%20OR%20hypocrisy%29%20lang%3Aen%20-is%3Aretweet%20since%3A2026-01-31%20until%3A2026-02-01&src=typed_query,E-绿洗质疑,pending
https://x.com/search?q=%28lululemon%20OR%20%40lululemon%29%20%28boycott%20OR%20refund%20OR%20trust%20OR%20betrayed%20OR%20%22stop%20buying%22%29%20lang%3Aen%20-is%3Aretweet%20since%3A2026-01-31%20until%3A2026-02-01&src=typed_query,F-抵制声浪,pending
https://x.com/search?q=%28lululemon%20OR%20%40lululemon%29%20lang%3Aen%20-is%3Aretweet%20since%3A2026-02-01%20until%3A2026-02-02&src=typed_query,A-整体讨论,pending
https://x.com/search?q=%28lululemon%20OR%20%40lululemon%29%20%28PFAS%20OR%20%22forever%20chemicals%22%20OR%20toxic%20OR%20chemical%29%20lang%3Aen%20-is%3Aretweet%20since%3A2026-02-01%20until%3A2026-02-02&src=typed_query,B-化学品争议,pending
https://x.com/search?q=%28lululemon%20OR%20%40lululemon%29%20%28health%20OR%20safety%20OR%20cancer%20OR%20immune%20OR%20harmful%29%20lang%3Aen%20-is%3Aretweet%20since%3A2026-02-01%20until%3A2026-02-02&src=typed_query,C-健康安全,pending
https://x.com/search?q=%28lululemon%20OR%20%40lululemon%29%20%28transparency%20OR%20disclose%20OR%20testing%20OR%20evidence%20OR%20report%29%20lang%3Aen%20-is%3Aretweet%20since%3A2026-02-01%20until%3A2026-02-02&src=typed_query,D-透明度,pending
https://x.com/search?q=%28lululemon%20OR%20%40lululemon%29%20%28greenwashing%20OR%20sustainability%20OR%20hypocrisy%29%20lang%3Aen%20-is%3Aretweet%20since%3A2026-02-01%20until%3A2026-02-02&src=typed_query,E-绿洗质疑,pending
https://x.com/search?q=%28lululemon%20OR%20%40lululemon%29%20%28boycott%20OR%20refund%20OR%20trust%20OR%20betrayed%20OR%20%22stop%20buying%22%29%20lang%3Aen%20-is%3Aretweet%20since%3A2026-02-01%20until%3A2026-02-02&src=typed_query,F-抵制声浪,pending
https://x.com/search?q=%28lululemon%20OR%20%40lululemon%29%20lang%3Aen%20-is%3Aretweet%20since%3A2026-02-02%20until%3A2026-02-03&src=typed_query,A-整体讨论,pending
https://x.com/search?q=%28lululemon%20OR%20%40lululemon%29%20%28PFAS%20OR%20%22forever%20chemicals%22%20OR%20toxic%20OR%20chemical%29%20lang%3Aen%20-is%3Aretweet%20since%3A2026-02-02%20until%3A2026-02-03&src=typed_query,B-化学品争议,pending
https://x.com/search?q=%28lululemon%20OR%20%40lululemon%29%20%28health%20OR%20safety%20OR%20cancer%20OR%20immune%20OR%20harmful%29%20lang%3Aen%20-is%3Aretweet%20since%3A2026-02-02%20until%3A2026-02-03&src=typed_query,C-健康安全,pending
https://x.com/search?q=%28lululemon%20OR%20%40lululemon%29%20%28transparency%20OR%20disclose%20OR%20testing%20OR%20evidence%20OR%20report%29%20lang%3Aen%20-is%3Aretweet%20since%3A2026-02-02%20until%3A2026-02-03&src=typed_query,D-透明度,pending
https://x.com/search?q=%28lululemon%20OR%20%40lululemon%29%20%28greenwashing%20OR%20sustainability%20OR%20hypocrisy%29%20lang%3Aen%20-is%3Aretweet%20since%3A2026-02-02%20until%3A2026-02-03&src=typed_query,E-绿洗质疑,pending
https://x.com/search?q=%28lululemon%20OR%20%40lululemon%29%20%28boycott%20OR%20refund%20OR%20trust%20OR%20betrayed%20OR%20%22stop%20buying%22%29%20lang%3Aen%20-is%3Aretweet%20since%3A2026-02-02%20until%3A2026-02-03&src=typed_query,F-抵制声浪,pending
https://x.com/search?q=%28lululemon%20OR%20%40lululemon%29%20lang%3Aen%20-is%3Aretweet%20since%3A2026-02-03%20until%3A2026-02-04&src=typed_query,A-整体讨论,pending
https://x.com/search?q=%28lululemon%20OR%20%40lululemon%29%20%28PFAS%20OR%20%22forever%20chemicals%22%20OR%20toxic%20OR%20chemical%29%20lang%3Aen%20-is%3Aretweet%20since%3A2026-02-03%20until%3A2026-02-04&src=typed_query,B-化学品争议,pending
https://x.com/search?q=%28lululemon%20OR%20%40lululemon%29%20%28health%20OR%20safety%20OR%20cancer%20OR%20immune%20OR%20harmful%29%20lang%3Aen%20-is%3Aretweet%20since%3A2026-02-03%20until%3A2026-02-04&src=typed_query,C-健康安全,pending
https://x.com/search?q=%28lululemon%20OR%20%40lululemon%29%20%28transparency%20OR%20disclose%20OR%20testing%20OR%20evidence%20OR%20report%29%20lang%3Aen%20-is%3Aretweet%20since%3A2026-02-03%20until%3A2026-02-04&src=typed_query,D-透明度,pending
https://x.com/search?q=%28lululemon%20OR%20%40lululemon%29%20%28greenwashing%20OR%20sustainability%20OR%20hypocrisy%29%20lang%3Aen%20-is%3Aretweet%20since%3A2026-02-03%20until%3A2026-02-04&src=typed_query,E-绿洗质疑,pending
https://x.com/search?q=%28lululemon%20OR%20%40lululemon%29%20%28boycott%20OR%20refund%20OR%20trust%20OR%20betrayed%20OR%20%22stop%20buying%22%29%20lang%3Aen%20-is%3Aretweet%20since%3A2026-02-03%20until%3A2026-02-04&src=typed_query,F-抵制声浪,pending
https://x.com/search?q=%28lululemon%20OR%20%40lululemon%29%20lang%3Aen%20-is%3Aretweet%20since%3A2026-02-04%20until%3A2026-02-05&src=typed_query,A-整体讨论,pending
https://x.com/search?q=%28lululemon%20OR%20%40lululemon%29%20%28PFAS%20OR%20%22forever%20chemicals%22%20OR%20toxic%20OR%20chemical%29%20lang%3Aen%20-is%3Aretweet%20since%3A2026-02-04%20until%3A2026-02-05&src=typed_query,B-化学品争议,pending
https://x.com/search?q=%28lululemon%20OR%20%40lululemon%29%20%28health%20OR%20safety%20OR%20cancer%20OR%20immune%20OR%20harmful%29%20lang%3Aen%20-is%3Aretweet%20since%3A2026-02-04%20until%3A2026-02-05&src=typed_query,C-健康安全,pending
https://x.com/search?q=%28lululemon%20OR%20%40lululemon%29%20%28transparency%20OR%20disclose%20OR%20testing%20OR%20evidence%20OR%20report%29%20lang%3Aen%20-is%3Aretweet%20since%3A2026-02-04%20until%3A2026-02-05&src=typed_query,D-透明度,pending
https://x.com/search?q=%28lululemon%20OR%20%40lululemon%29%20%28greenwashing%20OR%20sustainability%20OR%20hypocrisy%29%20lang%3Aen%20-is%3Aretweet%20since%3A2026-02-04%20until%3A2026-02-05&src=typed_query,E-绿洗质疑,pending
https://x.com/search?q=%28lululemon%20OR%20%40lululemon%29%20%28boycott%20OR%20refund%20OR%20trust%20OR%20betrayed%20OR%20%22stop%20buying%22%29%20lang%3Aen%20-is%3Aretweet%20since%3A2026-02-04%20until%3A2026-02-05&src=typed_query,F-抵制声浪,pending
https://x.com/search?q=%28lululemon%20OR%20%40lululemon%29%20lang%3Aen%20-is%3Aretweet%20since%3A2026-02-05%20until%3A2026-02-06&src=typed_query,A-整体讨论,pending
https://x.com/search?q=%28lululemon%20OR%20%40lululemon%29%20%28PFAS%20OR%20%22forever%20chemicals%22%20OR%20toxic%20OR%20chemical%29%20lang%3Aen%20-is%3Aretweet%20since%3A2026-02-05%20until%3A2026-02-06&src=typed_query,B-化学品争议,pending
https://x.com/search?q=%28lululemon%20OR%20%40lululemon%29%20%28health%20OR%20safety%20OR%20cancer%20OR%20immune%20OR%20harmful%29%20lang%3Aen%20-is%3Aretweet%20since%3A2026-02-05%20until%3A2026-02-06&src=typed_query,C-健康安全,pending
https://x.com/search?q=%28lululemon%20OR%20%40lululemon%29%20%28transparency%20OR%20disclose%20OR%20testing%20OR%20evidence%20OR%20report%29%20lang%3Aen%20-is%3Aretweet%20since%3A2026-02-05%20until%3A2026-02-06&src=typed_query,D-透明度,pending
https://x.com/search?q=%28lululemon%20OR%20%40lululemon%29%20%28greenwashing%20OR%20sustainability%20OR%20hypocrisy%29%20lang%3Aen%20-is%3Aretweet%20since%3A2026-02-05%20until%3A2026-02-06&src=typed_query,E-绿洗质疑,pending
https://x.com/search?q=%28lululemon%20OR%20%40lululemon%29%20%28boycott%20OR%20refund%20OR%20trust%20OR%20betrayed%20OR%20%22stop%20buying%22%29%20lang%3Aen%20-is%3Aretweet%20since%3A2026-02-05%20until%3A2026-02-06&src=typed_query,F-抵制声浪,pending
https://x.com/search?q=%28lululemon%20OR%20%40lululemon%29%20lang%3Aen%20-is%3Aretweet%20since%3A2026-02-06%20until%3A2026-02-07&src=typed_query,A-整体讨论,pending
https://x.com/search?q=%28lululemon%20OR%20%40lululemon%29%20%28PFAS%20OR%20%22forever%20chemicals%22%20OR%20toxic%20OR%20chemical%29%20lang%3Aen%20-is%3Aretweet%20since%3A2026-02-06%20until%3A2026-02-07&src=typed_query,B-化学品争议,pending
https://x.com/search?q=%28lululemon%20OR%20%40lululemon%29%20%28health%20OR%20safety%20OR%20cancer%20OR%20immune%20OR%20harmful%29%20lang%3Aen%20-is%3Aretweet%20since%3A2026-02-06%20until%3A2026-02-07&src=typed_query,C-健康安全,pending
https://x.com/search?q=%28lululemon%20OR%20%40lululemon%29%20%28transparency%20OR%20disclose%20OR%20testing%20OR%20evidence%20OR%20report%29%20lang%3Aen%20-is%3Aretweet%20since%3A2026-02-06%20until%3A2026-02-07&src=typed_query,D-透明度,pending
https://x.com/search?q=%28lululemon%20OR%20%40lululemon%29%20%28greenwashing%20OR%20sustainability%20OR%20hypocrisy%29%20lang%3Aen%20-is%3Aretweet%20since%3A2026-02-06%20until%3A2026-02-07&src=typed_query,E-绿洗质疑,pending
https://x.com/search?q=%28lululemon%20OR%20%40lululemon%29%20%28boycott%20OR%20refund%20OR%20trust%20OR%20betrayed%20OR%20%22stop%20buying%22%29%20lang%3Aen%20-is%3Aretweet%20since%3A2026-02-06%20until%3A2026-02-07&src=typed_query,F-抵制声浪,pending
https://x.com/search?q=%28lululemon%20OR%20%40lululemon%29%20lang%3Aen%20-is%3Aretweet%20since%3A2026-02-07%20until%3A2026-02-08&src=typed_query,A-整体讨论,pending
https://x.com/search?q=%28lululemon%20OR%20%40lululemon%29%20%28PFAS%20OR%20%22forever%20chemicals%22%20OR%20toxic%20OR%20chemical%29%20lang%3Aen%20-is%3Aretweet%20since%3A2026-02-07%20until%3A2026-02-08&src=typed_query,B-化学品争议,pending
https://x.com/search?q=%28lululemon%20OR%20%40lululemon%29%20%28health%20OR%20safety%20OR%20cancer%20OR%20immune%20OR%20harmful%29%20lang%3Aen%20-is%3Aretweet%20since%3A2026-02-07%20until%3A2026-02-08&src=typed_query,C-健康安全,pending
https://x.com/search?q=%28lululemon%20OR%20%40lululemon%29%20%28transparency%20OR%20disclose%20OR%20testing%20OR%20evidence%20OR%20report%29%20lang%3Aen%20-is%3Aretweet%20since%3A2026-02-07%20until%3A2026-02-08&src=typed_query,D-透明度,pending
https://x.com/search?q=%28lululemon%20OR%20%40lululemon%29%20%28greenwashing%20OR%20sustainability%20OR%20hypocrisy%29%20lang%3Aen%20-is%3Aretweet%20since%3A2026-02-07%20until%3A2026-02-08&src=typed_query,E-绿洗质疑,pending
https://x.com/search?q=%28lululemon%20OR%20%40lululemon%29%20%28boycott%20OR%20refund%20OR%20trust%20OR%20betrayed%20OR%20%22stop%20buying%22%29%20lang%3Aen%20-is%3Aretweet%20since%3A2026-02-07%20until%3A2026-02-08&src=typed_query,F-抵制声浪,pending
https://x.com/search?q=%28lululemon%20OR%20%40lululemon%29%20lang%3Aen%20-is%3Aretweet%20since%3A2026-02-08%20until%3A2026-02-09&src=typed_query,A-整体讨论,pending
https://x.com/search?q=%28lululemon%20OR%20%40lululemon%29%20%28PFAS%20OR%20%22forever%20chemicals%22%20OR%20toxic%20OR%20chemical%29%20lang%3Aen%20-is%3Aretweet%20since%3A2026-02-08%20until%3A2026-02-09&src=typed_query,B-化学品争议,pending
https://x.com/search?q=%28lululemon%20OR%20%40lululemon%29%20%28health%20OR%20safety%20OR%20cancer%20OR%20immune%20OR%20harmful%29%20lang%3Aen%20-is%3Aretweet%20since%3A2026-02-08%20until%3A2026-02-09&src=typed_query,C-健康安全,pending
https://x.com/search?q=%28lululemon%20OR%20%40lululemon%29%20%28transparency%20OR%20disclose%20OR%20testing%20OR%20evidence%20OR%20report%29%20lang%3Aen%20-is%3Aretweet%20since%3A2026-02-08%20until%3A2026-02-09&src=typed_query,D-透明度,pending
https://x.com/search?q=%28lululemon%20OR%20%40lululemon%29%20%28greenwashing%20OR%20sustainability%20OR%20hypocrisy%29%20lang%3Aen%20-is%3Aretweet%20since%3A2026-02-08%20until%3A2026-02-09&src=typed_query,E-绿洗质疑,pending
https://x.com/search?q=%28lululemon%20OR%20%40lululemon%29%20%28boycott%20OR%20refund%20OR%20trust%20OR%20betrayed%20OR%20%22stop%20buying%22%29%20lang%3Aen%20-is%3Aretweet%20since%3A2026-02-08%20until%3A2026-02-09&src=typed_query,F-抵制声浪,pending
https://x.com/search?q=%28lululemon%20OR%20%40lululemon%29%20lang%3Aen%20-is%3Aretweet%20since%3A2026-02-09%20until%3A2026-02-10&src=typed_query,A-整体讨论,pending
https://x.com/search?q=%28lululemon%20OR%20%40lululemon%29%20%28PFAS%20OR%20%22forever%20chemicals%22%20OR%20toxic%20OR%20chemical%29%20lang%3Aen%20-is%3Aretweet%20since%3A2026-02-09%20until%3A2026-02-10&src=typed_query,B-化学品争议,pending
https://x.com/search?q=%28lululemon%20OR%20%40lululemon%29%20%28health%20OR%20safety%20OR%20cancer%20OR%20immune%20OR%20harmful%29%20lang%3Aen%20-is%3Aretweet%20since%3A2026-02-09%20until%3A2026-02-10&src=typed_query,C-健康安全,pending
https://x.com/search?q=%28lululemon%20OR%20%40lululemon%29%20%28transparency%20OR%20disclose%20OR%20testing%20OR%20evidence%20OR%20report%29%20lang%3Aen%20-is%3Aretweet%20since%3A2026-02-09%20until%3A2026-02-10&src=typed_query,D-透明度,pending
https://x.com/search?q=%28lululemon%20OR%20%40lululemon%29%20%28greenwashing%20OR%20sustainability%20OR%20hypocrisy%29%20lang%3Aen%20-is%3Aretweet%20since%3A2026-02-09%20until%3A2026-02-10&src=typed_query,E-绿洗质疑,pending
https://x.com/search?q=%28lululemon%20OR%20%40lululemon%29%20%28boycott%20OR%20refund%20OR%20trust%20OR%20betrayed%20OR%20%22stop%20buying%22%29%20lang%3Aen%20-is%3Aretweet%20since%3A2026-02-09%20until%3A2026-02-10&src=typed_query,F-抵制声浪,pending
https://x.com/search?q=%28lululemon%20OR%20%40lululemon%29%20lang%3Aen%20-is%3Aretweet%20since%3A2026-02-10%20until%3A2026-02-11&src=typed_query,A-整体讨论,pending
https://x.com/search?q=%28lululemon%20OR%20%40lululemon%29%20%28PFAS%20OR%20%22forever%20chemicals%22%20OR%20toxic%20OR%20chemical%29%20lang%3Aen%20-is%3Aretweet%20since%3A2026-02-10%20until%3A2026-02-11&src=typed_query,B-化学品争议,pending
https://x.com/search?q=%28lululemon%20OR%20%40lululemon%29%20%28health%20OR%20safety%20OR%20cancer%20OR%20immune%20OR%20harmful%29%20lang%3Aen%20-is%3Aretweet%20since%3A2026-02-10%20until%3A2026-02-11&src=typed_query,C-健康安全,pending
https://x.com/search?q=%28lululemon%20OR%20%40lululemon%29%20%28transparency%20OR%20disclose%20OR%20testing%20OR%20evidence%20OR%20report%29%20lang%3Aen%20-is%3Aretweet%20since%3A2026-02-10%20until%3A2026-02-11&src=typed_query,D-透明度,pending
https://x.com/search?q=%28lululemon%20OR%20%40lululemon%29%20%28greenwashing%20OR%20sustainability%20OR%20hypocrisy%29%20lang%3Aen%20-is%3Aretweet%20since%3A2026-02-10%20until%3A2026-02-11&src=typed_query,E-绿洗质疑,pending
https://x.com/search?q=%28lululemon%20OR%20%40lululemon%29%20%28boycott%20OR%20refund%20OR%20trust%20OR%20betrayed%20OR%20%22stop%20buying%22%29%20lang%3Aen%20-is%3Aretweet%20since%3A2026-02-10%20until%3A2026-02-11&src=typed_query,F-抵制声浪,pending
https://x.com/search?q=%28lululemon%20OR%20%40lululemon%29%20lang%3Aen%20-is%3Aretweet%20since%3A2026-02-11%20until%3A2026-02-12&src=typed_query,A-整体讨论,pending
https://x.com/search?q=%28lululemon%20OR%20%40lululemon%29%20%28PFAS%20OR%20%22forever%20chemicals%22%20OR%20toxic%20OR%20chemical%29%20lang%3Aen%20-is%3Aretweet%20since%3A2026-02-11%20until%3A2026-02-12&src=typed_query,B-化学品争议,pending
https://x.com/search?q=%28lululemon%20OR%20%40lululemon%29%20%28health%20OR%20safety%20OR%20cancer%20OR%20immune%20OR%20harmful%29%20lang%3Aen%20-is%3Aretweet%20since%3A2026-02-11%20until%3A2026-02-12&src=typed_query,C-健康安全,pending
https://x.com/search?q=%28lululemon%20OR%20%40lululemon%29%20%28transparency%20OR%20disclose%20OR%20testing%20OR%20evidence%20OR%20report%29%20lang%3Aen%20-is%3Aretweet%20since%3A2026-02-11%20until%3A2026-02-12&src=typed_query,D-透明度,pending
https://x.com/search?q=%28lululemon%20OR%20%40lululemon%29%20%28greenwashing%20OR%20sustainability%20OR%20hypocrisy%29%20lang%3Aen%20-is%3Aretweet%20since%3A2026-02-11%20until%3A2026-02-12&src=typed_query,E-绿洗质疑,pending
https://x.com/search?q=%28lululemon%20OR%20%40lululemon%29%20%28boycott%20OR%20refund%20OR%20trust%20OR%20betrayed%20OR%20%22stop%20buying%22%29%20lang%3Aen%20-is%3Aretweet%20since%3A2026-02-11%20until%3A2026-02-12&src=typed_query,F-抵制声浪,pending
https://x.com/search?q=%28lululemon%20OR%20%40lululemon%29%20lang%3Aen%20-is%3Aretweet%20since%3A2026-02-12%20until%3A2026-02-13&src=typed_query,A-整体讨论,pending
https://x.com/search?q=%28lululemon%20OR%20%40lululemon%29%20%28PFAS%20OR%20%22forever%20chemicals%22%20OR%20toxic%20OR%20chemical%29%20lang%3Aen%20-is%3Aretweet%20since%3A2026-02-12%20until%3A2026-02-13&src=typed_query,B-化学品争议,pending
https://x.com/search?q=%28lululemon%20OR%20%40lululemon%29%20%28health%20OR%20safety%20OR%20cancer%20OR%20immune%20OR%20harmful%29%20lang%3Aen%20-is%3Aretweet%20since%3A2026-02-12%20until%3A2026-02-13&src=typed_query,C-健康安全,pending
https://x.com/search?q=%28lululemon%20OR%20%40lululemon%29%20%28transparency%20OR%20disclose%20OR%20testing%20OR%20evidence%20OR%20report%29%20lang%3Aen%20-is%3Aretweet%20since%3A2026-02-12%20until%3A2026-02-13&src=typed_query,D-透明度,pending
https://x.com/search?q=%28lululemon%20OR%20%40lululemon%29%20%28greenwashing%20OR%20sustainability%20OR%20hypocrisy%29%20lang%3Aen%20-is%3Aretweet%20since%3A2026-02-12%20until%3A2026-02-13&src=typed_query,E-绿洗质疑,pending
https://x.com/search?q=%28lululemon%20OR%20%40lululemon%29%20%28boycott%20OR%20refund%20OR%20trust%20OR%20betrayed%20OR%20%22stop%20buying%22%29%20lang%3Aen%20-is%3Aretweet%20since%3A2026-02-12%20until%3A2026-02-13&src=typed_query,F-抵制声浪,pending
https://x.com/search?q=%28lululemon%20OR%20%40lululemon%29%20lang%3Aen%20-is%3Aretweet%20since%3A2026-02-13%20until%3A2026-02-14&src=typed_query,A-整体讨论,pending
https://x.com/search?q=%28lululemon%20OR%20%40lululemon%29%20%28PFAS%20OR%20%22forever%20chemicals%22%20OR%20toxic%20OR%20chemical%29%20lang%3Aen%20-is%3Aretweet%20since%3A2026-02-13%20until%3A2026-02-14&src=typed_query,B-化学品争议,pending
https://x.com/search?q=%28lululemon%20OR%20%40lululemon%29%20%28health%20OR%20safety%20OR%20cancer%20OR%20immune%20OR%20harmful%29%20lang%3Aen%20-is%3Aretweet%20since%3A2026-02-13%20until%3A2026-02-14&src=typed_query,C-健康安全,pending
https://x.com/search?q=%28lululemon%20OR%20%40lululemon%29%20%28transparency%20OR%20disclose%20OR%20testing%20OR%20evidence%20OR%20report%29%20lang%3Aen%20-is%3Aretweet%20since%3A2026-02-13%20until%3A2026-02-14&src=typed_query,D-透明度,pending
https://x.com/search?q=%28lululemon%20OR%20%40lululemon%29%20%28greenwashing%20OR%20sustainability%20OR%20hypocrisy%29%20lang%3Aen%20-is%3Aretweet%20since%3A2026-02-13%20until%3A2026-02-14&src=typed_query,E-绿洗质疑,pending
https://x.com/search?q=%28lululemon%20OR%20%40lululemon%29%20%28boycott%20OR%20refund%20OR%20trust%20OR%20betrayed%20OR%20%22stop%20buying%22%29%20lang%3Aen%20-is%3Aretweet%20since%3A2026-02-13%20until%3A2026-02-14&src=typed_query,F-抵制声浪,pending
https://x.com/search?q=%28lululemon%20OR%20%40lululemon%29%20lang%3Aen%20-is%3Aretweet%20since%3A2026-02-14%20until%3A2026-02-15&src=typed_query,A-整体讨论,pending
https://x.com/search?q=%28lululemon%20OR%20%40lululemon%29%20%28PFAS%20OR%20%22forever%20chemicals%22%20OR%20toxic%20OR%20chemical%29%20lang%3Aen%20-is%3Aretweet%20since%3A2026-02-14%20until%3A2026-02-15&src=typed_query,B-化学品争议,pending
https://x.com/search?q=%28lululemon%20OR%20%40lululemon%29%20%28health%20OR%20safety%20OR%20cancer%20OR%20immune%20OR%20harmful%29%20lang%3Aen%20-is%3Aretweet%20since%3A2026-02-14%20until%3A2026-02-15&src=typed_query,C-健康安全,pending
https://x.com/search?q=%28lululemon%20OR%20%40lululemon%29%20%28transparency%20OR%20disclose%20OR%20testing%20OR%20evidence%20OR%20report%29%20lang%3Aen%20-is%3Aretweet%20since%3A2026-02-14%20until%3A2026-02-15&src=typed_query,D-透明度,pending
https://x.com/search?q=%28lululemon%20OR%20%40lululemon%29%20%28greenwashing%20OR%20sustainability%20OR%20hypocrisy%29%20lang%3Aen%20-is%3Aretweet%20since%3A2026-02-14%20until%3A2026-02-15&src=typed_query,E-绿洗质疑,pending
https://x.com/search?q=%28lululemon%20OR%20%40lululemon%29%20%28boycott%20OR%20refund%20OR%20trust%20OR%20betrayed%20OR%20%22stop%20buying%22%29%20lang%3Aen%20-is%3Aretweet%20since%3A2026-02-14%20until%3A2026-02-15&src=typed_query,F-抵制声浪,pending
https://x.com/search?q=%28lululemon%20OR%20%40lululemon%29%20lang%3Aen%20-is%3Aretweet%20since%3A2026-02-15%20until%3A2026-02-16&src=typed_query,A-整体讨论,pending
https://x.com/search?q=%28lululemon%20OR%20%40lululemon%29%20%28PFAS%20OR%20%22forever%20chemicals%22%20OR%20toxic%20OR%20chemical%29%20lang%3Aen%20-is%3Aretweet%20since%3A2026-02-15%20until%3A2026-02-16&src=typed_query,B-化学品争议,pending
https://x.com/search?q=%28lululemon%20OR%20%40lululemon%29%20%28health%20OR%20safety%20OR%20cancer%20OR%20immune%20OR%20harmful%29%20lang%3Aen%20-is%3Aretweet%20since%3A2026-02-15%20until%3A2026-02-16&src=typed_query,C-健康安全,pending
https://x.com/search?q=%28lululemon%20OR%20%40lululemon%29%20%28transparency%20OR%20disclose%20OR%20testing%20OR%20evidence%20OR%20report%29%20lang%3Aen%20-is%3Aretweet%20since%3A2026-02-15%20until%3A2026-02-16&src=typed_query,D-透明度,pending
https://x.com/search?q=%28lululemon%20OR%20%40lululemon%29%20%28greenwashing%20OR%20sustainability%20OR%20hypocrisy%29%20lang%3Aen%20-is%3Aretweet%20since%3A2026-02-15%20until%3A2026-02-16&src=typed_query,E-绿洗质疑,pending
https://x.com/search?q=%28lululemon%20OR%20%40lululemon%29%20%28boycott%20OR%20refund%20OR%20trust%20OR%20betrayed%20OR%20%22stop%20buying%22%29%20lang%3Aen%20-is%3Aretweet%20since%3A2026-02-15%20until%3A2026-02-16&src=typed_query,F-抵制声浪,pending
https://x.com/search?q=%28lululemon%20OR%20%40lululemon%29%20lang%3Aen%20-is%3Aretweet%20since%3A2026-02-16%20until%3A2026-02-17&src=typed_query,A-整体讨论,pending
https://x.com/search?q=%28lululemon%20OR%20%40lululemon%29%20%28PFAS%20OR%20%22forever%20chemicals%22%20OR%20toxic%20OR%20chemical%29%20lang%3Aen%20-is%3Aretweet%20since%3A2026-02-16%20until%3A2026-02-17&src=typed_query,B-化学品争议,pending
https://x.com/search?q=%28lululemon%20OR%20%40lululemon%29%20%28health%20OR%20safety%20OR%20cancer%20OR%20immune%20OR%20harmful%29%20lang%3Aen%20-is%3Aretweet%20since%3A2026-02-16%20until%3A2026-02-17&src=typed_query,C-健康安全,pending
https://x.com/search?q=%28lululemon%20OR%20%40lululemon%29%20%28transparency%20OR%20disclose%20OR%20testing%20OR%20evidence%20OR%20report%29%20lang%3Aen%20-is%3Aretweet%20since%3A2026-02-16%20until%3A2026-02-17&src=typed_query,D-透明度,pending
https://x.com/search?q=%28lululemon%20OR%20%40lululemon%29%20%28greenwashing%20OR%20sustainability%20OR%20hypocrisy%29%20lang%3Aen%20-is%3Aretweet%20since%3A2026-02-16%20until%3A2026-02-17&src=typed_query,E-绿洗质疑,pending
https://x.com/search?q=%28lululemon%20OR%20%40lululemon%29%20%28boycott%20OR%20refund%20OR%20trust%20OR%20betrayed%20OR%20%22stop%20buying%22%29%20lang%3Aen%20-is%3Aretweet%20since%3A2026-02-16%20until%3A2026-02-17&src=typed_query,F-抵制声浪,pending
https://x.com/search?q=%28lululemon%20OR%20%40lululemon%29%20lang%3Aen%20-is%3Aretweet%20since%3A2026-02-17%20until%3A2026-02-18&src=typed_query,A-整体讨论,pending
https://x.com/search?q=%28lululemon%20OR%20%40lululemon%29%20%28PFAS%20OR%20%22forever%20chemicals%22%20OR%20toxic%20OR%20chemical%29%20lang%3Aen%20-is%3Aretweet%20since%3A2026-02-17%20until%3A2026-02-18&src=typed_query,B-化学品争议,pending
https://x.com/search?q=%28lululemon%20OR%20%40lululemon%29%20%28health%20OR%20safety%20OR%20cancer%20OR%20immune%20OR%20harmful%29%20lang%3Aen%20-is%3Aretweet%20since%3A2026-02-17%20until%3A2026-02-18&src=typed_query,C-健康安全,pending
https://x.com/search?q=%28lululemon%20OR%20%40lululemon%29%20%28transparency%20OR%20disclose%20OR%20testing%20OR%20evidence%20OR%20report%29%20lang%3Aen%20-is%3Aretweet%20since%3A2026-02-17%20until%3A2026-02-18&src=typed_query,D-透明度,pending
https://x.com/search?q=%28lululemon%20OR%20%40lululemon%29%20%28greenwashing%20OR%20sustainability%20OR%20hypocrisy%29%20lang%3Aen%20-is%3Aretweet%20since%3A2026-02-17%20until%3A2026-02-18&src=typed_query,E-绿洗质疑,pending
https://x.com/search?q=%28lululemon%20OR%20%40lululemon%29%20%28boycott%20OR%20refund%20OR%20trust%20OR%20betrayed%20OR%20%22stop%20buying%22%29%20lang%3Aen%20-is%3Aretweet%20since%3A2026-02-17%20until%3A2026-02-18&src=typed_query,F-抵制声浪,pending
https://x.com/search?q=%28lululemon%20OR%20%40lululemon%29%20lang%3Aen%20-is%3Aretweet%20since%3A2026-02-18%20until%3A2026-02-19&src=typed_query,A-整体讨论,pending
https://x.com/search?q=%28lululemon%20OR%20%40lululemon%29%20%28PFAS%20OR%20%22forever%20chemicals%22%20OR%20toxic%20OR%20chemical%29%20lang%3Aen%20-is%3Aretweet%20since%3A2026-02-18%20until%3A2026-02-19&src=typed_query,B-化学品争议,pending
https://x.com/search?q=%28lululemon%20OR%20%40lululemon%29%20%28health%20OR%20safety%20OR%20cancer%20OR%20immune%20OR%20harmful%29%20lang%3Aen%20-is%3Aretweet%20since%3A2026-02-18%20until%3A2026-02-19&src=typed_query,C-健康安全,pending
https://x.com/search?q=%28lululemon%20OR%20%40lululemon%29%20%28transparency%20OR%20disclose%20OR%20testing%20OR%20evidence%20OR%20report%29%20lang%3Aen%20-is%3Aretweet%20since%3A2026-02-18%20until%3A2026-02-19&src=typed_query,D-透明度,pending
https://x.com/search?q=%28lululemon%20OR%20%40lululemon%29%20%28greenwashing%20OR%20sustainability%20OR%20hypocrisy%29%20lang%3Aen%20-is%3Aretweet%20since%3A2026-02-18%20until%3A2026-02-19&src=typed_query,E-绿洗质疑,pending
https://x.com/search?q=%28lululemon%20OR%20%40lululemon%29%20%28boycott%20OR%20refund%20OR%20trust%20OR%20betrayed%20OR%20%22stop%20buying%22%29%20lang%3Aen%20-is%3Aretweet%20since%3A2026-02-18%20until%3A2026-02-19&src=typed_query,F-抵制声浪,pending
https://x.com/search?q=%28lululemon%20OR%20%40lululemon%29%20lang%3Aen%20-is%3Aretweet%20since%3A2026-02-19%20until%3A2026-02-20&src=typed_query,A-整体讨论,pending
https://x.com/search?q=%28lululemon%20OR%20%40lululemon%29%20%28PFAS%20OR%20%22forever%20chemicals%22%20OR%20toxic%20OR%20chemical%29%20lang%3Aen%20-is%3Aretweet%20since%3A2026-02-19%20until%3A2026-02-20&src=typed_query,B-化学品争议,pending
https://x.com/search?q=%28lululemon%20OR%20%40lululemon%29%20%28health%20OR%20safety%20OR%20cancer%20OR%20immune%20OR%20harmful%29%20lang%3Aen%20-is%3Aretweet%20since%3A2026-02-19%20until%3A2026-02-20&src=typed_query,C-健康安全,pending
https://x.com/search?q=%28lululemon%20OR%20%40lululemon%29%20%28transparency%20OR%20disclose%20OR%20testing%20OR%20evidence%20OR%20report%29%20lang%3Aen%20-is%3Aretweet%20since%3A2026-02-19%20until%3A2026-02-20&src=typed_query,D-透明度,pending
https://x.com/search?q=%28lululemon%20OR%20%40lululemon%29%20%28greenwashing%20OR%20sustainability%20OR%20hypocrisy%29%20lang%3Aen%20-is%3Aretweet%20since%3A2026-02-19%20until%3A2026-02-20&src=typed_query,E-绿洗质疑,pending
https://x.com/search?q=%28lululemon%20OR%20%40lululemon%29%20%28boycott%20OR%20refund%20OR%20trust%20OR%20betrayed%20OR%20%22stop%20buying%22%29%20lang%3Aen%20-is%3Aretweet%20since%3A2026-02-19%20until%3A2026-02-20&src=typed_query,F-抵制声浪,pending
https://x.com/search?q=%28lululemon%20OR%20%40lululemon%29%20lang%3Aen%20-is%3Aretweet%20since%3A2026-02-20%20until%3A2026-02-21&src=typed_query,A-整体讨论,pending
https://x.com/search?q=%28lululemon%20OR%20%40lululemon%29%20%28PFAS%20OR%20%22forever%20chemicals%22%20OR%20toxic%20OR%20chemical%29%20lang%3Aen%20-is%3Aretweet%20since%3A2026-02-20%20until%3A2026-02-21&src=typed_query,B-化学品争议,pending
https://x.com/search?q=%28lululemon%20OR%20%40lululemon%29%20%28health%20OR%20safety%20OR%20cancer%20OR%20immune%20OR%20harmful%29%20lang%3Aen%20-is%3Aretweet%20since%3A2026-02-20%20until%3A2026-02-21&src=typed_query,C-健康安全,pending
https://x.com/search?q=%28lululemon%20OR%20%40lululemon%29%20%28transparency%20OR%20disclose%20OR%20testing%20OR%20evidence%20OR%20report%29%20lang%3Aen%20-is%3Aretweet%20since%3A2026-02-20%20until%3A2026-02-21&src=typed_query,D-透明度,pending
https://x.com/search?q=%28lululemon%20OR%20%40lululemon%29%20%28greenwashing%20OR%20sustainability%20OR%20hypocrisy%29%20lang%3Aen%20-is%3Aretweet%20since%3A2026-02-20%20until%3A2026-02-21&src=typed_query,E-绿洗质疑,pending
https://x.com/search?q=%28lululemon%20OR%20%40lululemon%29%20%28boycott%20OR%20refund%20OR%20trust%20OR%20betrayed%20OR%20%22stop%20buying%22%29%20lang%3Aen%20-is%3Aretweet%20since%3A2026-02-20%20until%3A2026-02-21&src=typed_query,F-抵制声浪,pending
https://x.com/search?q=%28lululemon%20OR%20%40lululemon%29%20lang%3Aen%20-is%3Aretweet%20since%3A2026-02-21%20until%3A2026-02-22&src=typed_query,A-整体讨论,pending
https://x.com/search?q=%28lululemon%20OR%20%40lululemon%29%20%28PFAS%20OR%20%22forever%20chemicals%22%20OR%20toxic%20OR%20chemical%29%20lang%3Aen%20-is%3Aretweet%20since%3A2026-02-21%20until%3A2026-02-22&src=typed_query,B-化学品争议,pending
https://x.com/search?q=%28lululemon%20OR%20%40lululemon%29%20%28health%20OR%20safety%20OR%20cancer%20OR%20immune%20OR%20harmful%29%20lang%3Aen%20-is%3Aretweet%20since%3A2026-02-21%20until%3A2026-02-22&src=typed_query,C-健康安全,pending
https://x.com/search?q=%28lululemon%20OR%20%40lululemon%29%20%28transparency%20OR%20disclose%20OR%20testing%20OR%20evidence%20OR%20report%29%20lang%3Aen%20-is%3Aretweet%20since%3A2026-02-21%20until%3A2026-02-22&src=typed_query,D-透明度,pending
https://x.com/search?q=%28lululemon%20OR%20%40lululemon%29%20%28greenwashing%20OR%20sustainability%20OR%20hypocrisy%29%20lang%3Aen%20-is%3Aretweet%20since%3A2026-02-21%20until%3A2026-02-22&src=typed_query,E-绿洗质疑,pending
https://x.com/search?q=%28lululemon%20OR%20%40lululemon%29%20%28boycott%20OR%20refund%20OR%20trust%20OR%20betrayed%20OR%20%22stop%20buying%22%29%20lang%3Aen%20-is%3Aretweet%20since%3A2026-02-21%20until%3A2026-02-22&src=typed_query,F-抵制声浪,pending
https://x.com/search?q=%28lululemon%20OR%20%40lululemon%29%20lang%3Aen%20-is%3Aretweet%20since%3A2026-02-22%20until%3A2026-02-23&src=typed_query,A-整体讨论,pending
https://x.com/search?q=%28lululemon%20OR%20%40lululemon%29%20%28PFAS%20OR%20%22forever%20chemicals%22%20OR%20toxic%20OR%20chemical%29%20lang%3Aen%20-is%3Aretweet%20since%3A2026-02-22%20until%3A2026-02-23&src=typed_query,B-化学品争议,pending
https://x.com/search?q=%28lululemon%20OR%20%40lululemon%29%20%28health%20OR%20safety%20OR%20cancer%20OR%20immune%20OR%20harmful%29%20lang%3Aen%20-is%3Aretweet%20since%3A2026-02-22%20until%3A2026-02-23&src=typed_query,C-健康安全,pending
https://x.com/search?q=%28lululemon%20OR%20%40lululemon%29%20%28transparency%20OR%20disclose%20OR%20testing%20OR%20evidence%20OR%20report%29%20lang%3Aen%20-is%3Aretweet%20since%3A2026-02-22%20until%3A2026-02-23&src=typed_query,D-透明度,pending
https://x.com/search?q=%28lululemon%20OR%20%40lululemon%29%20%28greenwashing%20OR%20sustainability%20OR%20hypocrisy%29%20lang%3Aen%20-is%3Aretweet%20since%3A2026-02-22%20until%3A2026-02-23&src=typed_query,E-绿洗质疑,pending
https://x.com/search?q=%28lululemon%20OR%20%40lululemon%29%20%28boycott%20OR%20refund%20OR%20trust%20OR%20betrayed%20OR%20%22stop%20buying%22%29%20lang%3Aen%20-is%3Aretweet%20since%3A2026-02-22%20until%3A2026-02-23&src=typed_query,F-抵制声浪,pending
https://x.com/search?q=%28lululemon%20OR%20%40lululemon%29%20lang%3Aen%20-is%3Aretweet%20since%3A2026-02-23%20until%3A2026-02-24&src=typed_query,A-整体讨论,pending
https://x.com/search?q=%28lululemon%20OR%20%40lululemon%29%20%28PFAS%20OR%20%22forever%20chemicals%22%20OR%20toxic%20OR%20chemical%29%20lang%3Aen%20-is%3Aretweet%20since%3A2026-02-23%20until%3A2026-02-24&src=typed_query,B-化学品争议,pending
https://x.com/search?q=%28lululemon%20OR%20%40lululemon%29%20%28health%20OR%20safety%20OR%20cancer%20OR%20immune%20OR%20harmful%29%20lang%3Aen%20-is%3Aretweet%20since%3A2026-02-23%20until%3A2026-02-24&src=typed_query,C-健康安全,pending
https://x.com/search?q=%28lululemon%20OR%20%40lululemon%29%20%28transparency%20OR%20disclose%20OR%20testing%20OR%20evidence%20OR%20report%29%20lang%3Aen%20-is%3Aretweet%20since%3A2026-02-23%20until%3A2026-02-24&src=typed_query,D-透明度,pending
https://x.com/search?q=%28lululemon%20OR%20%40lululemon%29%20%28greenwashing%20OR%20sustainability%20OR%20hypocrisy%29%20lang%3Aen%20-is%3Aretweet%20since%3A2026-02-23%20until%3A2026-02-24&src=typed_query,E-绿洗质疑,pending
https://x.com/search?q=%28lululemon%20OR%20%40lululemon%29%20%28boycott%20OR%20refund%20OR%20trust%20OR%20betrayed%20OR%20%22stop%20buying%22%29%20lang%3Aen%20-is%3Aretweet%20since%3A2026-02-23%20until%3A2026-02-24&src=typed_query,F-抵制声浪,pending
https://x.com/search?q=%28lululemon%20OR%20%40lululemon%29%20lang%3Aen%20-is%3Aretweet%20since%3A2026-02-24%20until%3A2026-02-25&src=typed_query,A-整体讨论,pending
https://x.com/search?q=%28lululemon%20OR%20%40lululemon%29%20%28PFAS%20OR%20%22forever%20chemicals%22%20OR%20toxic%20OR%20chemical%29%20lang%3Aen%20-is%3Aretweet%20since%3A2026-02-24%20until%3A2026-02-25&src=typed_query,B-化学品争议,pending
https://x.com/search?q=%28lululemon%20OR%20%40lululemon%29%20%28health%20OR%20safety%20OR%20cancer%20OR%20immune%20OR%20harmful%29%20lang%3Aen%20-is%3Aretweet%20since%3A2026-02-24%20until%3A2026-02-25&src=typed_query,C-健康安全,pending
https://x.com/search?q=%28lululemon%20OR%20%40lululemon%29%20%28transparency%20OR%20disclose%20OR%20testing%20OR%20evidence%20OR%20report%29%20lang%3Aen%20-is%3Aretweet%20since%3A2026-02-24%20until%3A2026-02-25&src=typed_query,D-透明度,pending
https://x.com/search?q=%28lululemon%20OR%20%40lululemon%29%20%28greenwashing%20OR%20sustainability%20OR%20hypocrisy%29%20lang%3Aen%20-is%3Aretweet%20since%3A2026-02-24%20until%3A2026-02-25&src=typed_query,E-绿洗质疑,pending
https://x.com/search?q=%28lululemon%20OR%20%40lululemon%29%20%28boycott%20OR%20refund%20OR%20trust%20OR%20betrayed%20OR%20%22stop%20buying%22%29%20lang%3Aen%20-is%3Aretweet%20since%3A2026-02-24%20until%3A2026-02-25&src=typed_query,F-抵制声浪,pending
https://x.com/search?q=%28lululemon%20OR%20%40lululemon%29%20lang%3Aen%20-is%3Aretweet%20since%3A2026-02-25%20until%3A2026-02-26&src=typed_query,A-整体讨论,pending
https://x.com/search?q=%28lululemon%20OR%20%40lululemon%29%20%28PFAS%20OR%20%22forever%20chemicals%22%20OR%20toxic%20OR%20chemical%29%20lang%3Aen%20-is%3Aretweet%20since%3A2026-02-25%20until%3A2026-02-26&src=typed_query,B-化学品争议,pending
https://x.com/search?q=%28lululemon%20OR%20%40lululemon%29%20%28health%20OR%20safety%20OR%20cancer%20OR%20immune%20OR%20harmful%29%20lang%3Aen%20-is%3Aretweet%20since%3A2026-02-25%20until%3A2026-02-26&src=typed_query,C-健康安全,pending
https://x.com/search?q=%28lululemon%20OR%20%40lululemon%29%20%28transparency%20OR%20disclose%20OR%20testing%20OR%20evidence%20OR%20report%29%20lang%3Aen%20-is%3Aretweet%20since%3A2026-02-25%20until%3A2026-02-26&src=typed_query,D-透明度,pending
https://x.com/search?q=%28lululemon%20OR%20%40lululemon%29%20%28greenwashing%20OR%20sustainability%20OR%20hypocrisy%29%20lang%3Aen%20-is%3Aretweet%20since%3A2026-02-25%20until%3A2026-02-26&src=typed_query,E-绿洗质疑,pending
https://x.com/search?q=%28lululemon%20OR%20%40lululemon%29%20%28boycott%20OR%20refund%20OR%20trust%20OR%20betrayed%20OR%20%22stop%20buying%22%29%20lang%3Aen%20-is%3Aretweet%20since%3A2026-02-25%20until%3A2026-02-26&src=typed_query,F-抵制声浪,pending
https://x.com/search?q=%28lululemon%20OR%20%40lululemon%29%20lang%3Aen%20-is%3Aretweet%20since%3A2026-02-26%20until%3A2026-02-27&src=typed_query,A-整体讨论,pending
https://x.com/search?q=%28lululemon%20OR%20%40lululemon%29%20%28PFAS%20OR%20%22forever%20chemicals%22%20OR%20toxic%20OR%20chemical%29%20lang%3Aen%20-is%3Aretweet%20since%3A2026-02-26%20until%3A2026-02-27&src=typed_query,B-化学品争议,pending
https://x.com/search?q=%28lululemon%20OR%20%40lululemon%29%20%28health%20OR%20safety%20OR%20cancer%20OR%20immune%20OR%20harmful%29%20lang%3Aen%20-is%3Aretweet%20since%3A2026-02-26%20until%3A2026-02-27&src=typed_query,C-健康安全,pending
https://x.com/search?q=%28lululemon%20OR%20%40lululemon%29%20%28transparency%20OR%20disclose%20OR%20testing%20OR%20evidence%20OR%20report%29%20lang%3Aen%20-is%3Aretweet%20since%3A2026-02-26%20until%3A2026-02-27&src=typed_query,D-透明度,pending
https://x.com/search?q=%28lululemon%20OR%20%40lululemon%29%20%28greenwashing%20OR%20sustainability%20OR%20hypocrisy%29%20lang%3Aen%20-is%3Aretweet%20since%3A2026-02-26%20until%3A2026-02-27&src=typed_query,E-绿洗质疑,pending
https://x.com/search?q=%28lululemon%20OR%20%40lululemon%29%20%28boycott%20OR%20refund%20OR%20trust%20OR%20betrayed%20OR%20%22stop%20buying%22%29%20lang%3Aen%20-is%3Aretweet%20since%3A2026-02-26%20until%3A2026-02-27&src=typed_query,F-抵制声浪,pending
https://x.com/search?q=%28lululemon%20OR%20%40lululemon%29%20lang%3Aen%20-is%3Aretweet%20since%3A2026-02-27%20until%3A2026-02-28&src=typed_query,A-整体讨论,pending
https://x.com/search?q=%28lululemon%20OR%20%40lululemon%29%20%28PFAS%20OR%20%22forever%20chemicals%22%20OR%20toxic%20OR%20chemical%29%20lang%3Aen%20-is%3Aretweet%20since%3A2026-02-27%20until%3A2026-02-28&src=typed_query,B-化学品争议,pending
https://x.com/search?q=%28lululemon%20OR%20%40lululemon%29%20%28health%20OR%20safety%20OR%20cancer%20OR%20immune%20OR%20harmful%29%20lang%3Aen%20-is%3Aretweet%20since%3A2026-02-27%20until%3A2026-02-28&src=typed_query,C-健康安全,pending
https://x.com/search?q=%28lululemon%20OR%20%40lululemon%29%20%28transparency%20OR%20disclose%20OR%20testing%20OR%20evidence%20OR%20report%29%20lang%3Aen%20-is%3Aretweet%20since%3A2026-02-27%20until%3A2026-02-28&src=typed_query,D-透明度,pending
https://x.com/search?q=%28lululemon%20OR%20%40lululemon%29%20%28greenwashing%20OR%20sustainability%20OR%20hypocrisy%29%20lang%3Aen%20-is%3Aretweet%20since%3A2026-02-27%20until%3A2026-02-28&src=typed_query,E-绿洗质疑,pending
https://x.com/search?q=%28lululemon%20OR%20%40lululemon%29%20%28boycott%20OR%20refund%20OR%20trust%20OR%20betrayed%20OR%20%22stop%20buying%22%29%20lang%3Aen%20-is%3Aretweet%20since%3A2026-02-27%20until%3A2026-02-28&src=typed_query,F-抵制声浪,pending
https://x.com/search?q=%28lululemon%20OR%20%40lululemon%29%20lang%3Aen%20-is%3Aretweet%20since%3A2026-02-28%20until%3A2026-03-01&src=typed_query,A-整体讨论,pending
https://x.com/search?q=%28lululemon%20OR%20%40lululemon%29%20%28PFAS%20OR%20%22forever%20chemicals%22%20OR%20toxic%20OR%20chemical%29%20lang%3Aen%20-is%3Aretweet%20since%3A2026-02-28%20until%3A2026-03-01&src=typed_query,B-化学品争议,pending
https://x.com/search?q=%28lululemon%20OR%20%40lululemon%29%20%28health%20OR%20safety%20OR%20cancer%20OR%20immune%20OR%20harmful%29%20lang%3Aen%20-is%3Aretweet%20since%3A2026-02-28%20until%3A2026-03-01&src=typed_query,C-健康安全,pending
https://x.com/search?q=%28lululemon%20OR%20%40lululemon%29%20%28transparency%20OR%20disclose%20OR%20testing%20OR%20evidence%20OR%20report%29%20lang%3Aen%20-is%3Aretweet%20since%3A2026-02-28%20until%3A2026-03-01&src=typed_query,D-透明度,pending
https://x.com/search?q=%28lululemon%20OR%20%40lululemon%29%20%28greenwashing%20OR%20sustainability%20OR%20hypocrisy%29%20lang%3Aen%20-is%3Aretweet%20since%3A2026-02-28%20until%3A2026-03-01&src=typed_query,E-绿洗质疑,pending
https://x.com/search?q=%28lululemon%20OR%20%40lululemon%29%20%28boycott%20OR%20refund%20OR%20trust%20OR%20betrayed%20OR%20%22stop%20buying%22%29%20lang%3Aen%20-is%3Aretweet%20since%3A2026-02-28%20until%3A2026-03-01&src=typed_query,F-抵制声浪,pending
https://x.com/search?q=%28lululemon%20OR%20%40lululemon%29%20lang%3Aen%20-is%3Aretweet%20since%3A2026-03-01%20until%3A2026-03-02&src=typed_query,A-整体讨论,pending
https://x.com/search?q=%28lululemon%20OR%20%40lululemon%29%20%28PFAS%20OR%20%22forever%20chemicals%22%20OR%20toxic%20OR%20chemical%29%20lang%3Aen%20-is%3Aretweet%20since%3A2026-03-01%20until%3A2026-03-02&src=typed_query,B-化学品争议,pending
https://x.com/search?q=%28lululemon%20OR%20%40lululemon%29%20%28health%20OR%20safety%20OR%20cancer%20OR%20immune%20OR%20harmful%29%20lang%3Aen%20-is%3Aretweet%20since%3A2026-03-01%20until%3A2026-03-02&src=typed_query,C-健康安全,pending
https://x.com/search?q=%28lululemon%20OR%20%40lululemon%29%20%28transparency%20OR%20disclose%20OR%20testing%20OR%20evidence%20OR%20report%29%20lang%3Aen%20-is%3Aretweet%20since%3A2026-03-01%20until%3A2026-03-02&src=typed_query,D-透明度,pending
https://x.com/search?q=%28lululemon%20OR%20%40lululemon%29%20%28greenwashing%20OR%20sustainability%20OR%20hypocrisy%29%20lang%3Aen%20-is%3Aretweet%20since%3A2026-03-01%20until%3A2026-03-02&src=typed_query,E-绿洗质疑,pending
https://x.com/search?q=%28lululemon%20OR%20%40lululemon%29%20%28boycott%20OR%20refund%20OR%20trust%20OR%20betrayed%20OR%20%22stop%20buying%22%29%20lang%3Aen%20-is%3Aretweet%20since%3A2026-03-01%20until%3A2026-03-02&src=typed_query,F-抵制声浪,pending
https://x.com/search?q=%28lululemon%20OR%20%40lululemon%29%20lang%3Aen%20-is%3Aretweet%20since%3A2026-03-02%20until%3A2026-03-03&src=typed_query,A-整体讨论,pending
https://x.com/search?q=%28lululemon%20OR%20%40lululemon%29%20%28PFAS%20OR%20%22forever%20chemicals%22%20OR%20toxic%20OR%20chemical%29%20lang%3Aen%20-is%3Aretweet%20since%3A2026-03-02%20until%3A2026-03-03&src=typed_query,B-化学品争议,pending
https://x.com/search?q=%28lululemon%20OR%20%40lululemon%29%20%28health%20OR%20safety%20OR%20cancer%20OR%20immune%20OR%20harmful%29%20lang%3Aen%20-is%3Aretweet%20since%3A2026-03-02%20until%3A2026-03-03&src=typed_query,C-健康安全,pending
https://x.com/search?q=%28lululemon%20OR%20%40lululemon%29%20%28transparency%20OR%20disclose%20OR%20testing%20OR%20evidence%20OR%20report%29%20lang%3Aen%20-is%3Aretweet%20since%3A2026-03-02%20until%3A2026-03-03&src=typed_query,D-透明度,pending
https://x.com/search?q=%28lululemon%20OR%20%40lululemon%29%20%28greenwashing%20OR%20sustainability%20OR%20hypocrisy%29%20lang%3Aen%20-is%3Aretweet%20since%3A2026-03-02%20until%3A2026-03-03&src=typed_query,E-绿洗质疑,pending
https://x.com/search?q=%28lululemon%20OR%20%40lululemon%29%20%28boycott%20OR%20refund%20OR%20trust%20OR%20betrayed%20OR%20%22stop%20buying%22%29%20lang%3Aen%20-is%3Aretweet%20since%3A2026-03-02%20until%3A2026-03-03&src=typed_query,F-抵制声浪,pending
https://x.com/search?q=%28lululemon%20OR%20%40lululemon%29%20lang%3Aen%20-is%3Aretweet%20since%3A2026-03-03%20until%3A2026-03-04&src=typed_query,A-整体讨论,pending
https://x.com/search?q=%28lululemon%20OR%20%40lululemon%29%20%28PFAS%20OR%20%22forever%20chemicals%22%20OR%20toxic%20OR%20chemical%29%20lang%3Aen%20-is%3Aretweet%20since%3A2026-03-03%20until%3A2026-03-04&src=typed_query,B-化学品争议,pending
https://x.com/search?q=%28lululemon%20OR%20%40lululemon%29%20%28health%20OR%20safety%20OR%20cancer%20OR%20immune%20OR%20harmful%29%20lang%3Aen%20-is%3Aretweet%20since%3A2026-03-03%20until%3A2026-03-04&src=typed_query,C-健康安全,pending
https://x.com/search?q=%28lululemon%20OR%20%40lululemon%29%20%28transparency%20OR%20disclose%20OR%20testing%20OR%20evidence%20OR%20report%29%20lang%3Aen%20-is%3Aretweet%20since%3A2026-03-03%20until%3A2026-03-04&src=typed_query,D-透明度,pending
https://x.com/search?q=%28lululemon%20OR%20%40lululemon%29%20%28greenwashing%20OR%20sustainability%20OR%20hypocrisy%29%20lang%3Aen%20-is%3Aretweet%20since%3A2026-03-03%20until%3A2026-03-04&src=typed_query,E-绿洗质疑,pending
https://x.com/search?q=%28lululemon%20OR%20%40lululemon%29%20%28boycott%20OR%20refund%20OR%20trust%20OR%20betrayed%20OR%20%22stop%20buying%22%29%20lang%3Aen%20-is%3Aretweet%20since%3A2026-03-03%20until%3A2026-03-04&src=typed_query,F-抵制声浪,pending
https://x.com/search?q=%28lululemon%20OR%20%40lululemon%29%20lang%3Aen%20-is%3Aretweet%20since%3A2026-03-04%20until%3A2026-03-05&src=typed_query,A-整体讨论,pending
https://x.com/search?q=%28lululemon%20OR%20%40lululemon%29%20%28PFAS%20OR%20%22forever%20chemicals%22%20OR%20toxic%20OR%20chemical%29%20lang%3Aen%20-is%3Aretweet%20since%3A2026-03-04%20until%3A2026-03-05&src=typed_query,B-化学品争议,pending
https://x.com/search?q=%28lululemon%20OR%20%40lululemon%29%20%28health%20OR%20safety%20OR%20cancer%20OR%20immune%20OR%20harmful%29%20lang%3Aen%20-is%3Aretweet%20since%3A2026-03-04%20until%3A2026-03-05&src=typed_query,C-健康安全,pending
https://x.com/search?q=%28lululemon%20OR%20%40lululemon%29%20%28transparency%20OR%20disclose%20OR%20testing%20OR%20evidence%20OR%20report%29%20lang%3Aen%20-is%3Aretweet%20since%3A2026-03-04%20until%3A2026-03-05&src=typed_query,D-透明度,pending
https://x.com/search?q=%28lululemon%20OR%20%40lululemon%29%20%28greenwashing%20OR%20sustainability%20OR%20hypocrisy%29%20lang%3Aen%20-is%3Aretweet%20since%3A2026-03-04%20until%3A2026-03-05&src=typed_query,E-绿洗质疑,pending
https://x.com/search?q=%28lululemon%20OR%20%40lululemon%29%20%28boycott%20OR%20refund%20OR%20trust%20OR%20betrayed%20OR%20%22stop%20buying%22%29%20lang%3Aen%20-is%3Aretweet%20since%3A2026-03-04%20until%3A2026-03-05&src=typed_query,F-抵制声浪,pending
https://x.com/search?q=%28lululemon%20OR%20%40lululemon%29%20lang%3Aen%20-is%3Aretweet%20since%3A2026-03-05%20until%3A2026-03-06&src=typed_query,A-整体讨论,pending
https://x.com/search?q=%28lululemon%20OR%20%40lululemon%29%20%28PFAS%20OR%20%22forever%20chemicals%22%20OR%20toxic%20OR%20chemical%29%20lang%3Aen%20-is%3Aretweet%20since%3A2026-03-05%20until%3A2026-03-06&src=typed_query,B-化学品争议,pending
https://x.com/search?q=%28lululemon%20OR%20%40lululemon%29%20%28health%20OR%20safety%20OR%20cancer%20OR%20immune%20OR%20harmful%29%20lang%3Aen%20-is%3Aretweet%20since%3A2026-03-05%20until%3A2026-03-06&src=typed_query,C-健康安全,pending
https://x.com/search?q=%28lululemon%20OR%20%40lululemon%29%20%28transparency%20OR%20disclose%20OR%20testing%20OR%20evidence%20OR%20report%29%20lang%3Aen%20-is%3Aretweet%20since%3A2026-03-05%20until%3A2026-03-06&src=typed_query,D-透明度,pending
https://x.com/search?q=%28lululemon%20OR%20%40lululemon%29%20%28greenwashing%20OR%20sustainability%20OR%20hypocrisy%29%20lang%3Aen%20-is%3Aretweet%20since%3A2026-03-05%20until%3A2026-03-06&src=typed_query,E-绿洗质疑,pending
https://x.com/search?q=%28lululemon%20OR%20%40lululemon%29%20%28boycott%20OR%20refund%20OR%20trust%20OR%20betrayed%20OR%20%22stop%20buying%22%29%20lang%3Aen%20-is%3Aretweet%20since%3A2026-03-05%20until%3A2026-03-06&src=typed_query,F-抵制声浪,pending
https://x.com/search?q=%28lululemon%20OR%20%40lululemon%29%20lang%3Aen%20-is%3Aretweet%20since%3A2026-03-06%20until%3A2026-03-07&src=typed_query,A-整体讨论,pending
https://x.com/search?q=%28lululemon%20OR%20%40lululemon%29%20%28PFAS%20OR%20%22forever%20chemicals%22%20OR%20toxic%20OR%20chemical%29%20lang%3Aen%20-is%3Aretweet%20since%3A2026-03-06%20until%3A2026-03-07&src=typed_query,B-化学品争议,pending
https://x.com/search?q=%28lululemon%20OR%20%40lululemon%29%20%28health%20OR%20safety%20OR%20cancer%20OR%20immune%20OR%20harmful%29%20lang%3Aen%20-is%3Aretweet%20since%3A2026-03-06%20until%3A2026-03-07&src=typed_query,C-健康安全,pending
https://x.com/search?q=%28lululemon%20OR%20%40lululemon%29%20%28transparency%20OR%20disclose%20OR%20testing%20OR%20evidence%20OR%20report%29%20lang%3Aen%20-is%3Aretweet%20since%3A2026-03-06%20until%3A2026-03-07&src=typed_query,D-透明度,pending
https://x.com/search?q=%28lululemon%20OR%20%40lululemon%29%20%28greenwashing%20OR%20sustainability%20OR%20hypocrisy%29%20lang%3Aen%20-is%3Aretweet%20since%3A2026-03-06%20until%3A2026-03-07&src=typed_query,E-绿洗质疑,pending
https://x.com/search?q=%28lululemon%20OR%20%40lululemon%29%20%28boycott%20OR%20refund%20OR%20trust%20OR%20betrayed%20OR%20%22stop%20buying%22%29%20lang%3Aen%20-is%3Aretweet%20since%3A2026-03-06%20until%3A2026-03-07&src=typed_query,F-抵制声浪,pending
https://x.com/search?q=%28lululemon%20OR%20%40lululemon%29%20lang%3Aen%20-is%3Aretweet%20since%3A2026-03-07%20until%3A2026-03-08&src=typed_query,A-整体讨论,pending
https://x.com/search?q=%28lululemon%20OR%20%40lululemon%29%20%28PFAS%20OR%20%22forever%20chemicals%22%20OR%20toxic%20OR%20chemical%29%20lang%3Aen%20-is%3Aretweet%20since%3A2026-03-07%20until%3A2026-03-08&src=typed_query,B-化学品争议,pending
https://x.com/search?q=%28lululemon%20OR%20%40lululemon%29%20%28health%20OR%20safety%20OR%20cancer%20OR%20immune%20OR%20harmful%29%20lang%3Aen%20-is%3Aretweet%20since%3A2026-03-07%20until%3A2026-03-08&src=typed_query,C-健康安全,pending
https://x.com/search?q=%28lululemon%20OR%20%40lululemon%29%20%28transparency%20OR%20disclose%20OR%20testing%20OR%20evidence%20OR%20report%29%20lang%3Aen%20-is%3Aretweet%20since%3A2026-03-07%20until%3A2026-03-08&src=typed_query,D-透明度,pending
https://x.com/search?q=%28lululemon%20OR%20%40lululemon%29%20%28greenwashing%20OR%20sustainability%20OR%20hypocrisy%29%20lang%3Aen%20-is%3Aretweet%20since%3A2026-03-07%20until%3A2026-03-08&src=typed_query,E-绿洗质疑,pending
https://x.com/search?q=%28lululemon%20OR%20%40lululemon%29%20%28boycott%20OR%20refund%20OR%20trust%20OR%20betrayed%20OR%20%22stop%20buying%22%29%20lang%3Aen%20-is%3Aretweet%20since%3A2026-03-07%20until%3A2026-03-08&src=typed_query,F-抵制声浪,pending
https://x.com/search?q=%28lululemon%20OR%20%40lululemon%29%20lang%3Aen%20-is%3Aretweet%20since%3A2026-03-08%20until%3A2026-03-09&src=typed_query,A-整体讨论,pending
https://x.com/search?q=%28lululemon%20OR%20%40lululemon%29%20%28PFAS%20OR%20%22forever%20chemicals%22%20OR%20toxic%20OR%20chemical%29%20lang%3Aen%20-is%3Aretweet%20since%3A2026-03-08%20until%3A2026-03-09&src=typed_query,B-化学品争议,pending
https://x.com/search?q=%28lululemon%20OR%20%40lululemon%29%20%28health%20OR%20safety%20OR%20cancer%20OR%20immune%20OR%20harmful%29%20lang%3Aen%20-is%3Aretweet%20since%3A2026-03-08%20until%3A2026-03-09&src=typed_query,C-健康安全,pending
https://x.com/search?q=%28lululemon%20OR%20%40lululemon%29%20%28transparency%20OR%20disclose%20OR%20testing%20OR%20evidence%20OR%20report%29%20lang%3Aen%20-is%3Aretweet%20since%3A2026-03-08%20until%3A2026-03-09&src=typed_query,D-透明度,pending
https://x.com/search?q=%28lululemon%20OR%20%40lululemon%29%20%28greenwashing%20OR%20sustainability%20OR%20hypocrisy%29%20lang%3Aen%20-is%3Aretweet%20since%3A2026-03-08%20until%3A2026-03-09&src=typed_query,E-绿洗质疑,pending
https://x.com/search?q=%28lululemon%20OR%20%40lululemon%29%20%28boycott%20OR%20refund%20OR%20trust%20OR%20betrayed%20OR%20%22stop%20buying%22%29%20lang%3Aen%20-is%3Aretweet%20since%3A2026-03-08%20until%3A2026-03-09&src=typed_query,F-抵制声浪,pending
https://x.com/search?q=%28lululemon%20OR%20%40lululemon%29%20lang%3Aen%20-is%3Aretweet%20since%3A2026-03-09%20until%3A2026-03-10&src=typed_query,A-整体讨论,pending
https://x.com/search?q=%28lululemon%20OR%20%40lululemon%29%20%28PFAS%20OR%20%22forever%20chemicals%22%20OR%20toxic%20OR%20chemical%29%20lang%3Aen%20-is%3Aretweet%20since%3A2026-03-09%20until%3A2026-03-10&src=typed_query,B-化学品争议,pending
https://x.com/search?q=%28lululemon%20OR%20%40lululemon%29%20%28health%20OR%20safety%20OR%20cancer%20OR%20immune%20OR%20harmful%29%20lang%3Aen%20-is%3Aretweet%20since%3A2026-03-09%20until%3A2026-03-10&src=typed_query,C-健康安全,pending
https://x.com/search?q=%28lululemon%20OR%20%40lululemon%29%20%28transparency%20OR%20disclose%20OR%20testing%20OR%20evidence%20OR%20report%29%20lang%3Aen%20-is%3Aretweet%20since%3A2026-03-09%20until%3A2026-03-10&src=typed_query,D-透明度,pending
https://x.com/search?q=%28lululemon%20OR%20%40lululemon%29%20%28greenwashing%20OR%20sustainability%20OR%20hypocrisy%29%20lang%3Aen%20-is%3Aretweet%20since%3A2026-03-09%20until%3A2026-03-10&src=typed_query,E-绿洗质疑,pending
https://x.com/search?q=%28lululemon%20OR%20%40lululemon%29%20%28boycott%20OR%20refund%20OR%20trust%20OR%20betrayed%20OR%20%22stop%20buying%22%29%20lang%3Aen%20-is%3Aretweet%20since%3A2026-03-09%20until%3A2026-03-10&src=typed_query,F-抵制声浪,pending
https://x.com/search?q=%28lululemon%20OR%20%40lululemon%29%20lang%3Aen%20-is%3Aretweet%20since%3A2026-03-10%20until%3A2026-03-11&src=typed_query,A-整体讨论,pending
https://x.com/search?q=%28lululemon%20OR%20%40lululemon%29%20%28PFAS%20OR%20%22forever%20chemicals%22%20OR%20toxic%20OR%20chemical%29%20lang%3Aen%20-is%3Aretweet%20since%3A2026-03-10%20until%3A2026-03-11&src=typed_query,B-化学品争议,pending
https://x.com/search?q=%28lululemon%20OR%20%40lululemon%29%20%28health%20OR%20safety%20OR%20cancer%20OR%20immune%20OR%20harmful%29%20lang%3Aen%20-is%3Aretweet%20since%3A2026-03-10%20until%3A2026-03-11&src=typed_query,C-健康安全,pending
https://x.com/search?q=%28lululemon%20OR%20%40lululemon%29%20%28transparency%20OR%20disclose%20OR%20testing%20OR%20evidence%20OR%20report%29%20lang%3Aen%20-is%3Aretweet%20since%3A2026-03-10%20until%3A2026-03-11&src=typed_query,D-透明度,pending
https://x.com/search?q=%28lululemon%20OR%20%40lululemon%29%20%28greenwashing%20OR%20sustainability%20OR%20hypocrisy%29%20lang%3Aen%20-is%3Aretweet%20since%3A2026-03-10%20until%3A2026-03-11&src=typed_query,E-绿洗质疑,pending
https://x.com/search?q=%28lululemon%20OR%20%40lululemon%29%20%28boycott%20OR%20refund%20OR%20trust%20OR%20betrayed%20OR%20%22stop%20buying%22%29%20lang%3Aen%20-is%3Aretweet%20since%3A2026-03-10%20until%3A2026-03-11&src=typed_query,F-抵制声浪,pending
https://x.com/search?q=%28lululemon%20OR%20%40lululemon%29%20lang%3Aen%20-is%3Aretweet%20since%3A2026-03-11%20until%3A2026-03-12&src=typed_query,A-整体讨论,pending
https://x.com/search?q=%28lululemon%20OR%20%40lululemon%29%20%28PFAS%20OR%20%22forever%20chemicals%22%20OR%20toxic%20OR%20chemical%29%20lang%3Aen%20-is%3Aretweet%20since%3A2026-03-11%20until%3A2026-03-12&src=typed_query,B-化学品争议,pending
https://x.com/search?q=%28lululemon%20OR%20%40lululemon%29%20%28health%20OR%20safety%20OR%20cancer%20OR%20immune%20OR%20harmful%29%20lang%3Aen%20-is%3Aretweet%20since%3A2026-03-11%20until%3A2026-03-12&src=typed_query,C-健康安全,pending
https://x.com/search?q=%28lululemon%20OR%20%40lululemon%29%20%28transparency%20OR%20disclose%20OR%20testing%20OR%20evidence%20OR%20report%29%20lang%3Aen%20-is%3Aretweet%20since%3A2026-03-11%20until%3A2026-03-12&src=typed_query,D-透明度,pending
https://x.com/search?q=%28lululemon%20OR%20%40lululemon%29%20%28greenwashing%20OR%20sustainability%20OR%20hypocrisy%29%20lang%3Aen%20-is%3Aretweet%20since%3A2026-03-11%20until%3A2026-03-12&src=typed_query,E-绿洗质疑,pending
https://x.com/search?q=%28lululemon%20OR%20%40lululemon%29%20%28boycott%20OR%20refund%20OR%20trust%20OR%20betrayed%20OR%20%22stop%20buying%22%29%20lang%3Aen%20-is%3Aretweet%20since%3A2026-03-11%20until%3A2026-03-12&src=typed_query,F-抵制声浪,pending
https://x.com/search?q=%28lululemon%20OR%20%40lululemon%29%20lang%3Aen%20-is%3Aretweet%20since%3A2026-03-12%20until%3A2026-03-13&src=typed_query,A-整体讨论,pending
https://x.com/search?q=%28lululemon%20OR%20%40lululemon%29%20%28PFAS%20OR%20%22forever%20chemicals%22%20OR%20toxic%20OR%20chemical%29%20lang%3Aen%20-is%3Aretweet%20since%3A2026-03-12%20until%3A2026-03-13&src=typed_query,B-化学品争议,pending
https://x.com/search?q=%28lululemon%20OR%20%40lululemon%29%20%28health%20OR%20safety%20OR%20cancer%20OR%20immune%20OR%20harmful%29%20lang%3Aen%20-is%3Aretweet%20since%3A2026-03-12%20until%3A2026-03-13&src=typed_query,C-健康安全,pending
https://x.com/search?q=%28lululemon%20OR%20%40lululemon%29%20%28transparency%20OR%20disclose%20OR%20testing%20OR%20evidence%20OR%20report%29%20lang%3Aen%20-is%3Aretweet%20since%3A2026-03-12%20until%3A2026-03-13&src=typed_query,D-透明度,pending
https://x.com/search?q=%28lululemon%20OR%20%40lululemon%29%20%28greenwashing%20OR%20sustainability%20OR%20hypocrisy%29%20lang%3Aen%20-is%3Aretweet%20since%3A2026-03-12%20until%3A2026-03-13&src=typed_query,E-绿洗质疑,pending
https://x.com/search?q=%28lululemon%20OR%20%40lululemon%29%20%28boycott%20OR%20refund%20OR%20trust%20OR%20betrayed%20OR%20%22stop%20buying%22%29%20lang%3Aen%20-is%3Aretweet%20since%3A2026-03-12%20until%3A2026-03-13&src=typed_query,F-抵制声浪,pending
https://x.com/search?q=%28lululemon%20OR%20%40lululemon%29%20lang%3Aen%20-is%3Aretweet%20since%3A2026-03-13%20until%3A2026-03-14&src=typed_query,A-整体讨论,pending
https://x.com/search?q=%28lululemon%20OR%20%40lululemon%29%20%28PFAS%20OR%20%22forever%20chemicals%22%20OR%20toxic%20OR%20chemical%29%20lang%3Aen%20-is%3Aretweet%20since%3A2026-03-13%20until%3A2026-03-14&src=typed_query,B-化学品争议,pending
https://x.com/search?q=%28lululemon%20OR%20%40lululemon%29%20%28health%20OR%20safety%20OR%20cancer%20OR%20immune%20OR%20harmful%29%20lang%3Aen%20-is%3Aretweet%20since%3A2026-03-13%20until%3A2026-03-14&src=typed_query,C-健康安全,pending
https://x.com/search?q=%28lululemon%20OR%20%40lululemon%29%20%28transparency%20OR%20disclose%20OR%20testing%20OR%20evidence%20OR%20report%29%20lang%3Aen%20-is%3Aretweet%20since%3A2026-03-13%20until%3A2026-03-14&src=typed_query,D-透明度,pending
https://x.com/search?q=%28lululemon%20OR%20%40lululemon%29%20%28greenwashing%20OR%20sustainability%20OR%20hypocrisy%29%20lang%3Aen%20-is%3Aretweet%20since%3A2026-03-13%20until%3A2026-03-14&src=typed_query,E-绿洗质疑,pending
https://x.com/search?q=%28lululemon%20OR%20%40lululemon%29%20%28boycott%20OR%20refund%20OR%20trust%20OR%20betrayed%20OR%20%22stop%20buying%22%29%20lang%3Aen%20-is%3Aretweet%20since%3A2026-03-13%20until%3A2026-03-14&src=typed_query,F-抵制声浪,pending
https://x.com/search?q=%28lululemon%20OR%20%40lululemon%29%20lang%3Aen%20-is%3Aretweet%20since%3A2026-03-14%20until%3A2026-03-15&src=typed_query,A-整体讨论,pending
https://x.com/search?q=%28lululemon%20OR%20%40lululemon%29%20%28PFAS%20OR%20%22forever%20chemicals%22%20OR%20toxic%20OR%20chemical%29%20lang%3Aen%20-is%3Aretweet%20since%3A2026-03-14%20until%3A2026-03-15&src=typed_query,B-化学品争议,pending
https://x.com/search?q=%28lululemon%20OR%20%40lululemon%29%20%28health%20OR%20safety%20OR%20cancer%20OR%20immune%20OR%20harmful%29%20lang%3Aen%20-is%3Aretweet%20since%3A2026-03-14%20until%3A2026-03-15&src=typed_query,C-健康安全,pending
https://x.com/search?q=%28lululemon%20OR%20%40lululemon%29%20%28transparency%20OR%20disclose%20OR%20testing%20OR%20evidence%20OR%20report%29%20lang%3Aen%20-is%3Aretweet%20since%3A2026-03-14%20until%3A2026-03-15&src=typed_query,D-透明度,pending
https://x.com/search?q=%28lululemon%20OR%20%40lululemon%29%20%28greenwashing%20OR%20sustainability%20OR%20hypocrisy%29%20lang%3Aen%20-is%3Aretweet%20since%3A2026-03-14%20until%3A2026-03-15&src=typed_query,E-绿洗质疑,pending
https://x.com/search?q=%28lululemon%20OR%20%40lululemon%29%20%28boycott%20OR%20refund%20OR%20trust%20OR%20betrayed%20OR%20%22stop%20buying%22%29%20lang%3Aen%20-is%3Aretweet%20since%3A2026-03-14%20until%3A2026-03-15&src=typed_query,F-抵制声浪,pending
https://x.com/search?q=%28lululemon%20OR%20%40lululemon%29%20lang%3Aen%20-is%3Aretweet%20since%3A2026-03-15%20until%3A2026-03-16&src=typed_query,A-整体讨论,pending
https://x.com/search?q=%28lululemon%20OR%20%40lululemon%29%20%28PFAS%20OR%20%22forever%20chemicals%22%20OR%20toxic%20OR%20chemical%29%20lang%3Aen%20-is%3Aretweet%20since%3A2026-03-15%20until%3A2026-03-16&src=typed_query,B-化学品争议,pending
https://x.com/search?q=%28lululemon%20OR%20%40lululemon%29%20%28health%20OR%20safety%20OR%20cancer%20OR%20immune%20OR%20harmful%29%20lang%3Aen%20-is%3Aretweet%20since%3A2026-03-15%20until%3A2026-03-16&src=typed_query,C-健康安全,pending
https://x.com/search?q=%28lululemon%20OR%20%40lululemon%29%20%28transparency%20OR%20disclose%20OR%20testing%20OR%20evidence%20OR%20report%29%20lang%3Aen%20-is%3Aretweet%20since%3A2026-03-15%20until%3A2026-03-16&src=typed_query,D-透明度,pending
https://x.com/search?q=%28lululemon%20OR%20%40lululemon%29%20%28greenwashing%20OR%20sustainability%20OR%20hypocrisy%29%20lang%3Aen%20-is%3Aretweet%20since%3A2026-03-15%20until%3A2026-03-16&src=typed_query,E-绿洗质疑,pending
https://x.com/search?q=%28lululemon%20OR%20%40lululemon%29%20%28boycott%20OR%20refund%20OR%20trust%20OR%20betrayed%20OR%20%22stop%20buying%22%29%20lang%3Aen%20-is%3Aretweet%20since%3A2026-03-15%20until%3A2026-03-16&src=typed_query,F-抵制声浪,pending
https://x.com/search?q=%28lululemon%20OR%20%40lululemon%29%20lang%3Aen%20-is%3Aretweet%20since%3A2026-03-16%20until%3A2026-03-17&src=typed_query,A-整体讨论,pending
https://x.com/search?q=%28lululemon%20OR%20%40lululemon%29%20%28PFAS%20OR%20%22forever%20chemicals%22%20OR%20toxic%20OR%20chemical%29%20lang%3Aen%20-is%3Aretweet%20since%3A2026-03-16%20until%3A2026-03-17&src=typed_query,B-化学品争议,pending
https://x.com/search?q=%28lululemon%20OR%20%40lululemon%29%20%28health%20OR%20safety%20OR%20cancer%20OR%20immune%20OR%20harmful%29%20lang%3Aen%20-is%3Aretweet%20since%3A2026-03-16%20until%3A2026-03-17&src=typed_query,C-健康安全,pending
https://x.com/search?q=%28lululemon%20OR%20%40lululemon%29%20%28transparency%20OR%20disclose%20OR%20testing%20OR%20evidence%20OR%20report%29%20lang%3Aen%20-is%3Aretweet%20since%3A2026-03-16%20until%3A2026-03-17&src=typed_query,D-透明度,pending
https://x.com/search?q=%28lululemon%20OR%20%40lululemon%29%20%28greenwashing%20OR%20sustainability%20OR%20hypocrisy%29%20lang%3Aen%20-is%3Aretweet%20since%3A2026-03-16%20until%3A2026-03-17&src=typed_query,E-绿洗质疑,pending
https://x.com/search?q=%28lululemon%20OR%20%40lululemon%29%20%28boycott%20OR%20refund%20OR%20trust%20OR%20betrayed%20OR%20%22stop%20buying%22%29%20lang%3Aen%20-is%3Aretweet%20since%3A2026-03-16%20until%3A2026-03-17&src=typed_query,F-抵制声浪,pending
https://x.com/search?q=%28lululemon%20OR%20%40lululemon%29%20lang%3Aen%20-is%3Aretweet%20since%3A2026-03-17%20until%3A2026-03-18&src=typed_query,A-整体讨论,pending
https://x.com/search?q=%28lululemon%20OR%20%40lululemon%29%20%28PFAS%20OR%20%22forever%20chemicals%22%20OR%20toxic%20OR%20chemical%29%20lang%3Aen%20-is%3Aretweet%20since%3A2026-03-17%20until%3A2026-03-18&src=typed_query,B-化学品争议,pending
https://x.com/search?q=%28lululemon%20OR%20%40lululemon%29%20%28health%20OR%20safety%20OR%20cancer%20OR%20immune%20OR%20harmful%29%20lang%3Aen%20-is%3Aretweet%20since%3A2026-03-17%20until%3A2026-03-18&src=typed_query,C-健康安全,pending
https://x.com/search?q=%28lululemon%20OR%20%40lululemon%29%20%28transparency%20OR%20disclose%20OR%20testing%20OR%20evidence%20OR%20report%29%20lang%3Aen%20-is%3Aretweet%20since%3A2026-03-17%20until%3A2026-03-18&src=typed_query,D-透明度,pending
https://x.com/search?q=%28lululemon%20OR%20%40lululemon%29%20%28greenwashing%20OR%20sustainability%20OR%20hypocrisy%29%20lang%3Aen%20-is%3Aretweet%20since%3A2026-03-17%20until%3A2026-03-18&src=typed_query,E-绿洗质疑,pending
https://x.com/search?q=%28lululemon%20OR%20%40lululemon%29%20%28boycott%20OR%20refund%20OR%20trust%20OR%20betrayed%20OR%20%22stop%20buying%22%29%20lang%3Aen%20-is%3Aretweet%20since%3A2026-03-17%20until%3A2026-03-18&src=typed_query,F-抵制声浪,pending
https://x.com/search?q=%28lululemon%20OR%20%40lululemon%29%20lang%3Aen%20-is%3Aretweet%20since%3A2026-03-18%20until%3A2026-03-19&src=typed_query,A-整体讨论,pending
https://x.com/search?q=%28lululemon%20OR%20%40lululemon%29%20%28PFAS%20OR%20%22forever%20chemicals%22%20OR%20toxic%20OR%20chemical%29%20lang%3Aen%20-is%3Aretweet%20since%3A2026-03-18%20until%3A2026-03-19&src=typed_query,B-化学品争议,pending
https://x.com/search?q=%28lululemon%20OR%20%40lululemon%29%20%28health%20OR%20safety%20OR%20cancer%20OR%20immune%20OR%20harmful%29%20lang%3Aen%20-is%3Aretweet%20since%3A2026-03-18%20until%3A2026-03-19&src=typed_query,C-健康安全,pending
https://x.com/search?q=%28lululemon%20OR%20%40lululemon%29%20%28transparency%20OR%20disclose%20OR%20testing%20OR%20evidence%20OR%20report%29%20lang%3Aen%20-is%3Aretweet%20since%3A2026-03-18%20until%3A2026-03-19&src=typed_query,D-透明度,pending
https://x.com/search?q=%28lululemon%20OR%20%40lululemon%29%20%28greenwashing%20OR%20sustainability%20OR%20hypocrisy%29%20lang%3Aen%20-is%3Aretweet%20since%3A2026-03-18%20until%3A2026-03-19&src=typed_query,E-绿洗质疑,pending
https://x.com/search?q=%28lululemon%20OR%20%40lululemon%29%20%28boycott%20OR%20refund%20OR%20trust%20OR%20betrayed%20OR%20%22stop%20buying%22%29%20lang%3Aen%20-is%3Aretweet%20since%3A2026-03-18%20until%3A2026-03-19&src=typed_query,F-抵制声浪,pending
https://x.com/search?q=%28lululemon%20OR%20%40lululemon%29%20lang%3Aen%20-is%3Aretweet%20since%3A2026-03-19%20until%3A2026-03-20&src=typed_query,A-整体讨论,pending
https://x.com/search?q=%28lululemon%20OR%20%40lululemon%29%20%28PFAS%20OR%20%22forever%20chemicals%22%20OR%20toxic%20OR%20chemical%29%20lang%3Aen%20-is%3Aretweet%20since%3A2026-03-19%20until%3A2026-03-20&src=typed_query,B-化学品争议,pending
https://x.com/search?q=%28lululemon%20OR%20%40lululemon%29%20%28health%20OR%20safety%20OR%20cancer%20OR%20immune%20OR%20harmful%29%20lang%3Aen%20-is%3Aretweet%20since%3A2026-03-19%20until%3A2026-03-20&src=typed_query,C-健康安全,pending
https://x.com/search?q=%28lululemon%20OR%20%40lululemon%29%20%28transparency%20OR%20disclose%20OR%20testing%20OR%20evidence%20OR%20report%29%20lang%3Aen%20-is%3Aretweet%20since%3A2026-03-19%20until%3A2026-03-20&src=typed_query,D-透明度,pending
https://x.com/search?q=%28lululemon%20OR%20%40lululemon%29%20%28greenwashing%20OR%20sustainability%20OR%20hypocrisy%29%20lang%3Aen%20-is%3Aretweet%20since%3A2026-03-19%20until%3A2026-03-20&src=typed_query,E-绿洗质疑,pending
https://x.com/search?q=%28lululemon%20OR%20%40lululemon%29%20%28boycott%20OR%20refund%20OR%20trust%20OR%20betrayed%20OR%20%22stop%20buying%22%29%20lang%3Aen%20-is%3Aretweet%20since%3A2026-03-19%20until%3A2026-03-20&src=typed_query,F-抵制声浪,pending
https://x.com/search?q=%28lululemon%20OR%20%40lululemon%29%20lang%3Aen%20-is%3Aretweet%20since%3A2026-03-20%20until%3A2026-03-21&src=typed_query,A-整体讨论,pending
https://x.com/search?q=%28lululemon%20OR%20%40lululemon%29%20%28PFAS%20OR%20%22forever%20chemicals%22%20OR%20toxic%20OR%20chemical%29%20lang%3Aen%20-is%3Aretweet%20since%3A2026-03-20%20until%3A2026-03-21&src=typed_query,B-化学品争议,pending
https://x.com/search?q=%28lululemon%20OR%20%40lululemon%29%20%28health%20OR%20safety%20OR%20cancer%20OR%20immune%20OR%20harmful%29%20lang%3Aen%20-is%3Aretweet%20since%3A2026-03-20%20until%3A2026-03-21&src=typed_query,C-健康安全,pending
https://x.com/search?q=%28lululemon%20OR%20%40lululemon%29%20%28transparency%20OR%20disclose%20OR%20testing%20OR%20evidence%20OR%20report%29%20lang%3Aen%20-is%3Aretweet%20since%3A2026-03-20%20until%3A2026-03-21&src=typed_query,D-透明度,pending
https://x.com/search?q=%28lululemon%20OR%20%40lululemon%29%20%28greenwashing%20OR%20sustainability%20OR%20hypocrisy%29%20lang%3Aen%20-is%3Aretweet%20since%3A2026-03-20%20until%3A2026-03-21&src=typed_query,E-绿洗质疑,pending
https://x.com/search?q=%28lululemon%20OR%20%40lululemon%29%20%28boycott%20OR%20refund%20OR%20trust%20OR%20betrayed%20OR%20%22stop%20buying%22%29%20lang%3Aen%20-is%3Aretweet%20since%3A2026-03-20%20until%3A2026-03-21&src=typed_query,F-抵制声浪,pending
https://x.com/search?q=%28lululemon%20OR%20%40lululemon%29%20lang%3Aen%20-is%3Aretweet%20since%3A2026-03-21%20until%3A2026-03-22&src=typed_query,A-整体讨论,pending
https://x.com/search?q=%28lululemon%20OR%20%40lululemon%29%20%28PFAS%20OR%20%22forever%20chemicals%22%20OR%20toxic%20OR%20chemical%29%20lang%3Aen%20-is%3Aretweet%20since%3A2026-03-21%20until%3A2026-03-22&src=typed_query,B-化学品争议,pending
https://x.com/search?q=%28lululemon%20OR%20%40lululemon%29%20%28health%20OR%20safety%20OR%20cancer%20OR%20immune%20OR%20harmful%29%20lang%3Aen%20-is%3Aretweet%20since%3A2026-03-21%20until%3A2026-03-22&src=typed_query,C-健康安全,pending
https://x.com/search?q=%28lululemon%20OR%20%40lululemon%29%20%28transparency%20OR%20disclose%20OR%20testing%20OR%20evidence%20OR%20report%29%20lang%3Aen%20-is%3Aretweet%20since%3A2026-03-21%20until%3A2026-03-22&src=typed_query,D-透明度,pending
https://x.com/search?q=%28lululemon%20OR%20%40lululemon%29%20%28greenwashing%20OR%20sustainability%20OR%20hypocrisy%29%20lang%3Aen%20-is%3Aretweet%20since%3A2026-03-21%20until%3A2026-03-22&src=typed_query,E-绿洗质疑,pending
https://x.com/search?q=%28lululemon%20OR%20%40lululemon%29%20%28boycott%20OR%20refund%20OR%20trust%20OR%20betrayed%20OR%20%22stop%20buying%22%29%20lang%3Aen%20-is%3Aretweet%20since%3A2026-03-21%20until%3A2026-03-22&src=typed_query,F-抵制声浪,pending
https://x.com/search?q=%28lululemon%20OR%20%40lululemon%29%20lang%3Aen%20-is%3Aretweet%20since%3A2026-03-22%20until%3A2026-03-23&src=typed_query,A-整体讨论,pending
https://x.com/search?q=%28lululemon%20OR%20%40lululemon%29%20%28PFAS%20OR%20%22forever%20chemicals%22%20OR%20toxic%20OR%20chemical%29%20lang%3Aen%20-is%3Aretweet%20since%3A2026-03-22%20until%3A2026-03-23&src=typed_query,B-化学品争议,pending
https://x.com/search?q=%28lululemon%20OR%20%40lululemon%29%20%28health%20OR%20safety%20OR%20cancer%20OR%20immune%20OR%20harmful%29%20lang%3Aen%20-is%3Aretweet%20since%3A2026-03-22%20until%3A2026-03-23&src=typed_query,C-健康安全,pending
https://x.com/search?q=%28lululemon%20OR%20%40lululemon%29%20%28transparency%20OR%20disclose%20OR%20testing%20OR%20evidence%20OR%20report%29%20lang%3Aen%20-is%3Aretweet%20since%3A2026-03-22%20until%3A2026-03-23&src=typed_query,D-透明度,pending
https://x.com/search?q=%28lululemon%20OR%20%40lululemon%29%20%28greenwashing%20OR%20sustainability%20OR%20hypocrisy%29%20lang%3Aen%20-is%3Aretweet%20since%3A2026-03-22%20until%3A2026-03-23&src=typed_query,E-绿洗质疑,pending
https://x.com/search?q=%28lululemon%20OR%20%40lululemon%29%20%28boycott%20OR%20refund%20OR%20trust%20OR%20betrayed%20OR%20%22stop%20buying%22%29%20lang%3Aen%20-is%3Aretweet%20since%3A2026-03-22%20until%3A2026-03-23&src=typed_query,F-抵制声浪,pending
https://x.com/search?q=%28lululemon%20OR%20%40lululemon%29%20lang%3Aen%20-is%3Aretweet%20since%3A2026-03-23%20until%3A2026-03-24&src=typed_query,A-整体讨论,pending
https://x.com/search?q=%28lululemon%20OR%20%40lululemon%29%20%28PFAS%20OR%20%22forever%20chemicals%22%20OR%20toxic%20OR%20chemical%29%20lang%3Aen%20-is%3Aretweet%20since%3A2026-03-23%20until%3A2026-03-24&src=typed_query,B-化学品争议,pending
https://x.com/search?q=%28lululemon%20OR%20%40lululemon%29%20%28health%20OR%20safety%20OR%20cancer%20OR%20immune%20OR%20harmful%29%20lang%3Aen%20-is%3Aretweet%20since%3A2026-03-23%20until%3A2026-03-24&src=typed_query,C-健康安全,pending
https://x.com/search?q=%28lululemon%20OR%20%40lululemon%29%20%28transparency%20OR%20disclose%20OR%20testing%20OR%20evidence%20OR%20report%29%20lang%3Aen%20-is%3Aretweet%20since%3A2026-03-23%20until%3A2026-03-24&src=typed_query,D-透明度,pending
https://x.com/search?q=%28lululemon%20OR%20%40lululemon%29%20%28greenwashing%20OR%20sustainability%20OR%20hypocrisy%29%20lang%3Aen%20-is%3Aretweet%20since%3A2026-03-23%20until%3A2026-03-24&src=typed_query,E-绿洗质疑,pending
https://x.com/search?q=%28lululemon%20OR%20%40lululemon%29%20%28boycott%20OR%20refund%20OR%20trust%20OR%20betrayed%20OR%20%22stop%20buying%22%29%20lang%3Aen%20-is%3Aretweet%20since%3A2026-03-23%20until%3A2026-03-24&src=typed_query,F-抵制声浪,pending
https://x.com/search?q=%28lululemon%20OR%20%40lululemon%29%20lang%3Aen%20-is%3Aretweet%20since%3A2026-03-24%20until%3A2026-03-25&src=typed_query,A-整体讨论,pending
https://x.com/search?q=%28lululemon%20OR%20%40lululemon%29%20%28PFAS%20OR%20%22forever%20chemicals%22%20OR%20toxic%20OR%20chemical%29%20lang%3Aen%20-is%3Aretweet%20since%3A2026-03-24%20until%3A2026-03-25&src=typed_query,B-化学品争议,pending
https://x.com/search?q=%28lululemon%20OR%20%40lululemon%29%20%28health%20OR%20safety%20OR%20cancer%20OR%20immune%20OR%20harmful%29%20lang%3Aen%20-is%3Aretweet%20since%3A2026-03-24%20until%3A2026-03-25&src=typed_query,C-健康安全,pending
https://x.com/search?q=%28lululemon%20OR%20%40lululemon%29%20%28transparency%20OR%20disclose%20OR%20testing%20OR%20evidence%20OR%20report%29%20lang%3Aen%20-is%3Aretweet%20since%3A2026-03-24%20until%3A2026-03-25&src=typed_query,D-透明度,pending
https://x.com/search?q=%28lululemon%20OR%20%40lululemon%29%20%28greenwashing%20OR%20sustainability%20OR%20hypocrisy%29%20lang%3Aen%20-is%3Aretweet%20since%3A2026-03-24%20until%3A2026-03-25&src=typed_query,E-绿洗质疑,pending
https://x.com/search?q=%28lululemon%20OR%20%40lululemon%29%20%28boycott%20OR%20refund%20OR%20trust%20OR%20betrayed%20OR%20%22stop%20buying%22%29%20lang%3Aen%20-is%3Aretweet%20since%3A2026-03-24%20until%3A2026-03-25&src=typed_query,F-抵制声浪,pending
https://x.com/search?q=%28lululemon%20OR%20%40lululemon%29%20lang%3Aen%20-is%3Aretweet%20since%3A2026-03-25%20until%3A2026-03-26&src=typed_query,A-整体讨论,pending
https://x.com/search?q=%28lululemon%20OR%20%40lululemon%29%20%28PFAS%20OR%20%22forever%20chemicals%22%20OR%20toxic%20OR%20chemical%29%20lang%3Aen%20-is%3Aretweet%20since%3A2026-03-25%20until%3A2026-03-26&src=typed_query,B-化学品争议,pending
https://x.com/search?q=%28lululemon%20OR%20%40lululemon%29%20%28health%20OR%20safety%20OR%20cancer%20OR%20immune%20OR%20harmful%29%20lang%3Aen%20-is%3Aretweet%20since%3A2026-03-25%20until%3A2026-03-26&src=typed_query,C-健康安全,pending
https://x.com/search?q=%28lululemon%20OR%20%40lululemon%29%20%28transparency%20OR%20disclose%20OR%20testing%20OR%20evidence%20OR%20report%29%20lang%3Aen%20-is%3Aretweet%20since%3A2026-03-25%20until%3A2026-03-26&src=typed_query,D-透明度,pending
https://x.com/search?q=%28lululemon%20OR%20%40lululemon%29%20%28greenwashing%20OR%20sustainability%20OR%20hypocrisy%29%20lang%3Aen%20-is%3Aretweet%20since%3A2026-03-25%20until%3A2026-03-26&src=typed_query,E-绿洗质疑,pending
https://x.com/search?q=%28lululemon%20OR%20%40lululemon%29%20%28boycott%20OR%20refund%20OR%20trust%20OR%20betrayed%20OR%20%22stop%20buying%22%29%20lang%3Aen%20-is%3Aretweet%20since%3A2026-03-25%20until%3A2026-03-26&src=typed_query,F-抵制声浪,pending
https://x.com/search?q=%28lululemon%20OR%20%40lululemon%29%20lang%3Aen%20-is%3Aretweet%20since%3A2026-03-26%20until%3A2026-03-27&src=typed_query,A-整体讨论,pending
https://x.com/search?q=%28lululemon%20OR%20%40lululemon%29%20%28PFAS%20OR%20%22forever%20chemicals%22%20OR%20toxic%20OR%20chemical%29%20lang%3Aen%20-is%3Aretweet%20since%3A2026-03-26%20until%3A2026-03-27&src=typed_query,B-化学品争议,pending
https://x.com/search?q=%28lululemon%20OR%20%40lululemon%29%20%28health%20OR%20safety%20OR%20cancer%20OR%20immune%20OR%20harmful%29%20lang%3Aen%20-is%3Aretweet%20since%3A2026-03-26%20until%3A2026-03-27&src=typed_query,C-健康安全,pending
https://x.com/search?q=%28lululemon%20OR%20%40lululemon%29%20%28transparency%20OR%20disclose%20OR%20testing%20OR%20evidence%20OR%20report%29%20lang%3Aen%20-is%3Aretweet%20since%3A2026-03-26%20until%3A2026-03-27&src=typed_query,D-透明度,pending
https://x.com/search?q=%28lululemon%20OR%20%40lululemon%29%20%28greenwashing%20OR%20sustainability%20OR%20hypocrisy%29%20lang%3Aen%20-is%3Aretweet%20since%3A2026-03-26%20until%3A2026-03-27&src=typed_query,E-绿洗质疑,pending
https://x.com/search?q=%28lululemon%20OR%20%40lululemon%29%20%28boycott%20OR%20refund%20OR%20trust%20OR%20betrayed%20OR%20%22stop%20buying%22%29%20lang%3Aen%20-is%3Aretweet%20since%3A2026-03-26%20until%3A2026-03-27&src=typed_query,F-抵制声浪,pending
https://x.com/search?q=%28lululemon%20OR%20%40lululemon%29%20lang%3Aen%20-is%3Aretweet%20since%3A2026-03-27%20until%3A2026-03-28&src=typed_query,A-整体讨论,pending
https://x.com/search?q=%28lululemon%20OR%20%40lululemon%29%20%28PFAS%20OR%20%22forever%20chemicals%22%20OR%20toxic%20OR%20chemical%29%20lang%3Aen%20-is%3Aretweet%20since%3A2026-03-27%20until%3A2026-03-28&src=typed_query,B-化学品争议,pending
https://x.com/search?q=%28lululemon%20OR%20%40lululemon%29%20%28health%20OR%20safety%20OR%20cancer%20OR%20immune%20OR%20harmful%29%20lang%3Aen%20-is%3Aretweet%20since%3A2026-03-27%20until%3A2026-03-28&src=typed_query,C-健康安全,pending
https://x.com/search?q=%28lululemon%20OR%20%40lululemon%29%20%28transparency%20OR%20disclose%20OR%20testing%20OR%20evidence%20OR%20report%29%20lang%3Aen%20-is%3Aretweet%20since%3A2026-03-27%20until%3A2026-03-28&src=typed_query,D-透明度,pending
https://x.com/search?q=%28lululemon%20OR%20%40lululemon%29%20%28greenwashing%20OR%20sustainability%20OR%20hypocrisy%29%20lang%3Aen%20-is%3Aretweet%20since%3A2026-03-27%20until%3A2026-03-28&src=typed_query,E-绿洗质疑,pending
https://x.com/search?q=%28lululemon%20OR%20%40lululemon%29%20%28boycott%20OR%20refund%20OR%20trust%20OR%20betrayed%20OR%20%22stop%20buying%22%29%20lang%3Aen%20-is%3Aretweet%20since%3A2026-03-27%20until%3A2026-03-28&src=typed_query,F-抵制声浪,pending
https://x.com/search?q=%28lululemon%20OR%20%40lululemon%29%20lang%3Aen%20-is%3Aretweet%20since%3A2026-03-28%20until%3A2026-03-29&src=typed_query,A-整体讨论,pending
https://x.com/search?q=%28lululemon%20OR%20%40lululemon%29%20%28PFAS%20OR%20%22forever%20chemicals%22%20OR%20toxic%20OR%20chemical%29%20lang%3Aen%20-is%3Aretweet%20since%3A2026-03-28%20until%3A2026-03-29&src=typed_query,B-化学品争议,pending
https://x.com/search?q=%28lululemon%20OR%20%40lululemon%29%20%28health%20OR%20safety%20OR%20cancer%20OR%20immune%20OR%20harmful%29%20lang%3Aen%20-is%3Aretweet%20since%3A2026-03-28%20until%3A2026-03-29&src=typed_query,C-健康安全,pending
https://x.com/search?q=%28lululemon%20OR%20%40lululemon%29%20%28transparency%20OR%20disclose%20OR%20testing%20OR%20evidence%20OR%20report%29%20lang%3Aen%20-is%3Aretweet%20since%3A2026-03-28%20until%3A2026-03-29&src=typed_query,D-透明度,pending
https://x.com/search?q=%28lululemon%20OR%20%40lululemon%29%20%28greenwashing%20OR%20sustainability%20OR%20hypocrisy%29%20lang%3Aen%20-is%3Aretweet%20since%3A2026-03-28%20until%3A2026-03-29&src=typed_query,E-绿洗质疑,pending
https://x.com/search?q=%28lululemon%20OR%20%40lululemon%29%20%28boycott%20OR%20refund%20OR%20trust%20OR%20betrayed%20OR%20%22stop%20buying%22%29%20lang%3Aen%20-is%3Aretweet%20since%3A2026-03-28%20until%3A2026-03-29&src=typed_query,F-抵制声浪,pending
https://x.com/search?q=%28lululemon%20OR%20%40lululemon%29%20lang%3Aen%20-is%3Aretweet%20since%3A2026-03-29%20until%3A2026-03-30&src=typed_query,A-整体讨论,pending
https://x.com/search?q=%28lululemon%20OR%20%40lululemon%29%20%28PFAS%20OR%20%22forever%20chemicals%22%20OR%20toxic%20OR%20chemical%29%20lang%3Aen%20-is%3Aretweet%20since%3A2026-03-29%20until%3A2026-03-30&src=typed_query,B-化学品争议,pending
https://x.com/search?q=%28lululemon%20OR%20%40lululemon%29%20%28health%20OR%20safety%20OR%20cancer%20OR%20immune%20OR%20harmful%29%20lang%3Aen%20-is%3Aretweet%20since%3A2026-03-29%20until%3A2026-03-30&src=typed_query,C-健康安全,pending
https://x.com/search?q=%28lululemon%20OR%20%40lululemon%29%20%28transparency%20OR%20disclose%20OR%20testing%20OR%20evidence%20OR%20report%29%20lang%3Aen%20-is%3Aretweet%20since%3A2026-03-29%20until%3A2026-03-30&src=typed_query,D-透明度,pending
https://x.com/search?q=%28lululemon%20OR%20%40lululemon%29%20%28greenwashing%20OR%20sustainability%20OR%20hypocrisy%29%20lang%3Aen%20-is%3Aretweet%20since%3A2026-03-29%20until%3A2026-03-30&src=typed_query,E-绿洗质疑,pending
https://x.com/search?q=%28lululemon%20OR%20%40lululemon%29%20%28boycott%20OR%20refund%20OR%20trust%20OR%20betrayed%20OR%20%22stop%20buying%22%29%20lang%3Aen%20-is%3Aretweet%20since%3A2026-03-29%20until%3A2026-03-30&src=typed_query,F-抵制声浪,pending
https://x.com/search?q=%28lululemon%20OR%20%40lululemon%29%20lang%3Aen%20-is%3Aretweet%20since%3A2026-03-30%20until%3A2026-03-31&src=typed_query,A-整体讨论,pending
https://x.com/search?q=%28lululemon%20OR%20%40lululemon%29%20%28PFAS%20OR%20%22forever%20chemicals%22%20OR%20toxic%20OR%20chemical%29%20lang%3Aen%20-is%3Aretweet%20since%3A2026-03-30%20until%3A2026-03-31&src=typed_query,B-化学品争议,pending
https://x.com/search?q=%28lululemon%20OR%20%40lululemon%29%20%28health%20OR%20safety%20OR%20cancer%20OR%20immune%20OR%20harmful%29%20lang%3Aen%20-is%3Aretweet%20since%3A2026-03-30%20until%3A2026-03-31&src=typed_query,C-健康安全,pending
https://x.com/search?q=%28lululemon%20OR%20%40lululemon%29%20%28transparency%20OR%20disclose%20OR%20testing%20OR%20evidence%20OR%20report%29%20lang%3Aen%20-is%3Aretweet%20since%3A2026-03-30%20until%3A2026-03-31&src=typed_query,D-透明度,pending
https://x.com/search?q=%28lululemon%20OR%20%40lululemon%29%20%28greenwashing%20OR%20sustainability%20OR%20hypocrisy%29%20lang%3Aen%20-is%3Aretweet%20since%3A2026-03-30%20until%3A2026-03-31&src=typed_query,E-绿洗质疑,pending
https://x.com/search?q=%28lululemon%20OR%20%40lululemon%29%20%28boycott%20OR%20refund%20OR%20trust%20OR%20betrayed%20OR%20%22stop%20buying%22%29%20lang%3Aen%20-is%3Aretweet%20since%3A2026-03-30%20until%3A2026-03-31&src=typed_query,F-抵制声浪,pending
https://x.com/search?q=%28lululemon%20OR%20%40lululemon%29%20lang%3Aen%20-is%3Aretweet%20since%3A2026-03-31%20until%3A2026-04-01&src=typed_query,A-整体讨论,pending
https://x.com/search?q=%28lululemon%20OR%20%40lululemon%29%20%28PFAS%20OR%20%22forever%20chemicals%22%20OR%20toxic%20OR%20chemical%29%20lang%3Aen%20-is%3Aretweet%20since%3A2026-03-31%20until%3A2026-04-01&src=typed_query,B-化学品争议,pending
https://x.com/search?q=%28lululemon%20OR%20%40lululemon%29%20%28health%20OR%20safety%20OR%20cancer%20OR%20immune%20OR%20harmful%29%20lang%3Aen%20-is%3Aretweet%20since%3A2026-03-31%20until%3A2026-04-01&src=typed_query,C-健康安全,pending
https://x.com/search?q=%28lululemon%20OR%20%40lululemon%29%20%28transparency%20OR%20disclose%20OR%20testing%20OR%20evidence%20OR%20report%29%20lang%3Aen%20-is%3Aretweet%20since%3A2026-03-31%20until%3A2026-04-01&src=typed_query,D-透明度,pending
https://x.com/search?q=%28lululemon%20OR%20%40lululemon%29%20%28greenwashing%20OR%20sustainability%20OR%20hypocrisy%29%20lang%3Aen%20-is%3Aretweet%20since%3A2026-03-31%20until%3A2026-04-01&src=typed_query,E-绿洗质疑,pending
https://x.com/search?q=%28lululemon%20OR%20%40lululemon%29%20%28boycott%20OR%20refund%20OR%20trust%20OR%20betrayed%20OR%20%22stop%20buying%22%29%20lang%3Aen%20-is%3Aretweet%20since%3A2026-03-31%20until%3A2026-04-01&src=typed_query,F-抵制声浪,pending
https://x.com/search?q=%28lululemon%20OR%20%40lululemon%29%20lang%3Aen%20-is%3Aretweet%20since%3A2026-04-01%20until%3A2026-04-02&src=typed_query,A-整体讨论,pending
https://x.com/search?q=%28lululemon%20OR%20%40lululemon%29%20%28PFAS%20OR%20%22forever%20chemicals%22%20OR%20toxic%20OR%20chemical%29%20lang%3Aen%20-is%3Aretweet%20since%3A2026-04-01%20until%3A2026-04-02&src=typed_query,B-化学品争议,pending
https://x.com/search?q=%28lululemon%20OR%20%40lululemon%29%20%28health%20OR%20safety%20OR%20cancer%20OR%20immune%20OR%20harmful%29%20lang%3Aen%20-is%3Aretweet%20since%3A2026-04-01%20until%3A2026-04-02&src=typed_query,C-健康安全,pending
https://x.com/search?q=%28lululemon%20OR%20%40lululemon%29%20%28transparency%20OR%20disclose%20OR%20testing%20OR%20evidence%20OR%20report%29%20lang%3Aen%20-is%3Aretweet%20since%3A2026-04-01%20until%3A2026-04-02&src=typed_query,D-透明度,pending
https://x.com/search?q=%28lululemon%20OR%20%40lululemon%29%20%28greenwashing%20OR%20sustainability%20OR%20hypocrisy%29%20lang%3Aen%20-is%3Aretweet%20since%3A2026-04-01%20until%3A2026-04-02&src=typed_query,E-绿洗质疑,pending
https://x.com/search?q=%28lululemon%20OR%20%40lululemon%29%20%28boycott%20OR%20refund%20OR%20trust%20OR%20betrayed%20OR%20%22stop%20buying%22%29%20lang%3Aen%20-is%3Aretweet%20since%3A2026-04-01%20until%3A2026-04-02&src=typed_query,F-抵制声浪,pending
https://x.com/search?q=%28lululemon%20OR%20%40lululemon%29%20lang%3Aen%20-is%3Aretweet%20since%3A2026-04-02%20until%3A2026-04-03&src=typed_query,A-整体讨论,pending
https://x.com/search?q=%28lululemon%20OR%20%40lululemon%29%20%28PFAS%20OR%20%22forever%20chemicals%22%20OR%20toxic%20OR%20chemical%29%20lang%3Aen%20-is%3Aretweet%20since%3A2026-04-02%20until%3A2026-04-03&src=typed_query,B-化学品争议,pending
https://x.com/search?q=%28lululemon%20OR%20%40lululemon%29%20%28health%20OR%20safety%20OR%20cancer%20OR%20immune%20OR%20harmful%29%20lang%3Aen%20-is%3Aretweet%20since%3A2026-04-02%20until%3A2026-04-03&src=typed_query,C-健康安全,pending
https://x.com/search?q=%28lululemon%20OR%20%40lululemon%29%20%28transparency%20OR%20disclose%20OR%20testing%20OR%20evidence%20OR%20report%29%20lang%3Aen%20-is%3Aretweet%20since%3A2026-04-02%20until%3A2026-04-03&src=typed_query,D-透明度,pending
https://x.com/search?q=%28lululemon%20OR%20%40lululemon%29%20%28greenwashing%20OR%20sustainability%20OR%20hypocrisy%29%20lang%3Aen%20-is%3Aretweet%20since%3A2026-04-02%20until%3A2026-04-03&src=typed_query,E-绿洗质疑,pending
https://x.com/search?q=%28lululemon%20OR%20%40lululemon%29%20%28boycott%20OR%20refund%20OR%20trust%20OR%20betrayed%20OR%20%22stop%20buying%22%29%20lang%3Aen%20-is%3Aretweet%20since%3A2026-04-02%20until%3A2026-04-03&src=typed_query,F-抵制声浪,pending
https://x.com/search?q=%28lululemon%20OR%20%40lululemon%29%20lang%3Aen%20-is%3Aretweet%20since%3A2026-04-03%20until%3A2026-04-04&src=typed_query,A-整体讨论,pending
https://x.com/search?q=%28lululemon%20OR%20%40lululemon%29%20%28PFAS%20OR%20%22forever%20chemicals%22%20OR%20toxic%20OR%20chemical%29%20lang%3Aen%20-is%3Aretweet%20since%3A2026-04-03%20until%3A2026-04-04&src=typed_query,B-化学品争议,pending
https://x.com/search?q=%28lululemon%20OR%20%40lululemon%29%20%28health%20OR%20safety%20OR%20cancer%20OR%20immune%20OR%20harmful%29%20lang%3Aen%20-is%3Aretweet%20since%3A2026-04-03%20until%3A2026-04-04&src=typed_query,C-健康安全,pending
https://x.com/search?q=%28lululemon%20OR%20%40lululemon%29%20%28transparency%20OR%20disclose%20OR%20testing%20OR%20evidence%20OR%20report%29%20lang%3Aen%20-is%3Aretweet%20since%3A2026-04-03%20until%3A2026-04-04&src=typed_query,D-透明度,pending
https://x.com/search?q=%28lululemon%20OR%20%40lululemon%29%20%28greenwashing%20OR%20sustainability%20OR%20hypocrisy%29%20lang%3Aen%20-is%3Aretweet%20since%3A2026-04-03%20until%3A2026-04-04&src=typed_query,E-绿洗质疑,pending
https://x.com/search?q=%28lululemon%20OR%20%40lululemon%29%20%28boycott%20OR%20refund%20OR%20trust%20OR%20betrayed%20OR%20%22stop%20buying%22%29%20lang%3Aen%20-is%3Aretweet%20since%3A2026-04-03%20until%3A2026-04-04&src=typed_query,F-抵制声浪,pending
https://x.com/search?q=%28lululemon%20OR%20%40lululemon%29%20lang%3Aen%20-is%3Aretweet%20since%3A2026-04-04%20until%3A2026-04-05&src=typed_query,A-整体讨论,pending
https://x.com/search?q=%28lululemon%20OR%20%40lululemon%29%20%28PFAS%20OR%20%22forever%20chemicals%22%20OR%20toxic%20OR%20chemical%29%20lang%3Aen%20-is%3Aretweet%20since%3A2026-04-04%20until%3A2026-04-05&src=typed_query,B-化学品争议,pending
https://x.com/search?q=%28lululemon%20OR%20%40lululemon%29%20%28health%20OR%20safety%20OR%20cancer%20OR%20immune%20OR%20harmful%29%20lang%3Aen%20-is%3Aretweet%20since%3A2026-04-04%20until%3A2026-04-05&src=typed_query,C-健康安全,pending
https://x.com/search?q=%28lululemon%20OR%20%40lululemon%29%20%28transparency%20OR%20disclose%20OR%20testing%20OR%20evidence%20OR%20report%29%20lang%3Aen%20-is%3Aretweet%20since%3A2026-04-04%20until%3A2026-04-05&src=typed_query,D-透明度,pending
https://x.com/search?q=%28lululemon%20OR%20%40lululemon%29%20%28greenwashing%20OR%20sustainability%20OR%20hypocrisy%29%20lang%3Aen%20-is%3Aretweet%20since%3A2026-04-04%20until%3A2026-04-05&src=typed_query,E-绿洗质疑,pending
https://x.com/search?q=%28lululemon%20OR%20%40lululemon%29%20%28boycott%20OR%20refund%20OR%20trust%20OR%20betrayed%20OR%20%22stop%20buying%22%29%20lang%3Aen%20-is%3Aretweet%20since%3A2026-04-04%20until%3A2026-04-05&src=typed_query,F-抵制声浪,pending
https://x.com/search?q=%28lululemon%20OR%20%40lululemon%29%20lang%3Aen%20-is%3Aretweet%20since%3A2026-04-05%20until%3A2026-04-06&src=typed_query,A-整体讨论,pending
https://x.com/search?q=%28lululemon%20OR%20%40lululemon%29%20%28PFAS%20OR%20%22forever%20chemicals%22%20OR%20toxic%20OR%20chemical%29%20lang%3Aen%20-is%3Aretweet%20since%3A2026-04-05%20until%3A2026-04-06&src=typed_query,B-化学品争议,pending
https://x.com/search?q=%28lululemon%20OR%20%40lululemon%29%20%28health%20OR%20safety%20OR%20cancer%20OR%20immune%20OR%20harmful%29%20lang%3Aen%20-is%3Aretweet%20since%3A2026-04-05%20until%3A2026-04-06&src=typed_query,C-健康安全,pending
https://x.com/search?q=%28lululemon%20OR%20%40lululemon%29%20%28transparency%20OR%20disclose%20OR%20testing%20OR%20evidence%20OR%20report%29%20lang%3Aen%20-is%3Aretweet%20since%3A2026-04-05%20until%3A2026-04-06&src=typed_query,D-透明度,pending
https://x.com/search?q=%28lululemon%20OR%20%40lululemon%29%20%28greenwashing%20OR%20sustainability%20OR%20hypocrisy%29%20lang%3Aen%20-is%3Aretweet%20since%3A2026-04-05%20until%3A2026-04-06&src=typed_query,E-绿洗质疑,pending
https://x.com/search?q=%28lululemon%20OR%20%40lululemon%29%20%28boycott%20OR%20refund%20OR%20trust%20OR%20betrayed%20OR%20%22stop%20buying%22%29%20lang%3Aen%20-is%3Aretweet%20since%3A2026-04-05%20until%3A2026-04-06&src=typed_query,F-抵制声浪,pending
https://x.com/search?q=%28lululemon%20OR%20%40lululemon%29%20lang%3Aen%20-is%3Aretweet%20since%3A2026-04-06%20until%3A2026-04-07&src=typed_query,A-整体讨论,pending
https://x.com/search?q=%28lululemon%20OR%20%40lululemon%29%20%28PFAS%20OR%20%22forever%20chemicals%22%20OR%20toxic%20OR%20chemical%29%20lang%3Aen%20-is%3Aretweet%20since%3A2026-04-06%20until%3A2026-04-07&src=typed_query,B-化学品争议,pending
https://x.com/search?q=%28lululemon%20OR%20%40lululemon%29%20%28health%20OR%20safety%20OR%20cancer%20OR%20immune%20OR%20harmful%29%20lang%3Aen%20-is%3Aretweet%20since%3A2026-04-06%20until%3A2026-04-07&src=typed_query,C-健康安全,pending
https://x.com/search?q=%28lululemon%20OR%20%40lululemon%29%20%28transparency%20OR%20disclose%20OR%20testing%20OR%20evidence%20OR%20report%29%20lang%3Aen%20-is%3Aretweet%20since%3A2026-04-06%20until%3A2026-04-07&src=typed_query,D-透明度,pending
https://x.com/search?q=%28lululemon%20OR%20%40lululemon%29%20%28greenwashing%20OR%20sustainability%20OR%20hypocrisy%29%20lang%3Aen%20-is%3Aretweet%20since%3A2026-04-06%20until%3A2026-04-07&src=typed_query,E-绿洗质疑,pending
https://x.com/search?q=%28lululemon%20OR%20%40lululemon%29%20%28boycott%20OR%20refund%20OR%20trust%20OR%20betrayed%20OR%20%22stop%20buying%22%29%20lang%3Aen%20-is%3Aretweet%20since%3A2026-04-06%20until%3A2026-04-07&src=typed_query,F-抵制声浪,pending
https://x.com/search?q=%28lululemon%20OR%20%40lululemon%29%20lang%3Aen%20-is%3Aretweet%20since%3A2026-04-07%20until%3A2026-04-08&src=typed_query,A-整体讨论,pending
https://x.com/search?q=%28lululemon%20OR%20%40lululemon%29%20%28PFAS%20OR%20%22forever%20chemicals%22%20OR%20toxic%20OR%20chemical%29%20lang%3Aen%20-is%3Aretweet%20since%3A2026-04-07%20until%3A2026-04-08&src=typed_query,B-化学品争议,pending
https://x.com/search?q=%28lululemon%20OR%20%40lululemon%29%20%28health%20OR%20safety%20OR%20cancer%20OR%20immune%20OR%20harmful%29%20lang%3Aen%20-is%3Aretweet%20since%3A2026-04-07%20until%3A2026-04-08&src=typed_query,C-健康安全,pending
https://x.com/search?q=%28lululemon%20OR%20%40lululemon%29%20%28transparency%20OR%20disclose%20OR%20testing%20OR%20evidence%20OR%20report%29%20lang%3Aen%20-is%3Aretweet%20since%3A2026-04-07%20until%3A2026-04-08&src=typed_query,D-透明度,pending
https://x.com/search?q=%28lululemon%20OR%20%40lululemon%29%20%28greenwashing%20OR%20sustainability%20OR%20hypocrisy%29%20lang%3Aen%20-is%3Aretweet%20since%3A2026-04-07%20until%3A2026-04-08&src=typed_query,E-绿洗质疑,pending
https://x.com/search?q=%28lululemon%20OR%20%40lululemon%29%20%28boycott%20OR%20refund%20OR%20trust%20OR%20betrayed%20OR%20%22stop%20buying%22%29%20lang%3Aen%20-is%3Aretweet%20since%3A2026-04-07%20until%3A2026-04-08&src=typed_query,F-抵制声浪,pending
https://x.com/search?q=%28lululemon%20OR%20%40lululemon%29%20lang%3Aen%20-is%3Aretweet%20since%3A2026-04-08%20until%3A2026-04-09&src=typed_query,A-整体讨论,pending
https://x.com/search?q=%28lululemon%20OR%20%40lululemon%29%20%28PFAS%20OR%20%22forever%20chemicals%22%20OR%20toxic%20OR%20chemical%29%20lang%3Aen%20-is%3Aretweet%20since%3A2026-04-08%20until%3A2026-04-09&src=typed_query,B-化学品争议,pending
https://x.com/search?q=%28lululemon%20OR%20%40lululemon%29%20%28health%20OR%20safety%20OR%20cancer%20OR%20immune%20OR%20harmful%29%20lang%3Aen%20-is%3Aretweet%20since%3A2026-04-08%20until%3A2026-04-09&src=typed_query,C-健康安全,pending
https://x.com/search?q=%28lululemon%20OR%20%40lululemon%29%20%28transparency%20OR%20disclose%20OR%20testing%20OR%20evidence%20OR%20report%29%20lang%3Aen%20-is%3Aretweet%20since%3A2026-04-08%20until%3A2026-04-09&src=typed_query,D-透明度,pending
https://x.com/search?q=%28lululemon%20OR%20%40lululemon%29%20%28greenwashing%20OR%20sustainability%20OR%20hypocrisy%29%20lang%3Aen%20-is%3Aretweet%20since%3A2026-04-08%20until%3A2026-04-09&src=typed_query,E-绿洗质疑,pending
https://x.com/search?q=%28lululemon%20OR%20%40lululemon%29%20%28boycott%20OR%20refund%20OR%20trust%20OR%20betrayed%20OR%20%22stop%20buying%22%29%20lang%3Aen%20-is%3Aretweet%20since%3A2026-04-08%20until%3A2026-04-09&src=typed_query,F-抵制声浪,pending
https://x.com/search?q=%28lululemon%20OR%20%40lululemon%29%20lang%3Aen%20-is%3Aretweet%20since%3A2026-04-09%20until%3A2026-04-10&src=typed_query,A-整体讨论,pending
https://x.com/search?q=%28lululemon%20OR%20%40lululemon%29%20%28PFAS%20OR%20%22forever%20chemicals%22%20OR%20toxic%20OR%20chemical%29%20lang%3Aen%20-is%3Aretweet%20since%3A2026-04-09%20until%3A2026-04-10&src=typed_query,B-化学品争议,pending
https://x.com/search?q=%28lululemon%20OR%20%40lululemon%29%20%28health%20OR%20safety%20OR%20cancer%20OR%20immune%20OR%20harmful%29%20lang%3Aen%20-is%3Aretweet%20since%3A2026-04-09%20until%3A2026-04-10&src=typed_query,C-健康安全,pending
https://x.com/search?q=%28lululemon%20OR%20%40lululemon%29%20%28transparency%20OR%20disclose%20OR%20testing%20OR%20evidence%20OR%20report%29%20lang%3Aen%20-is%3Aretweet%20since%3A2026-04-09%20until%3A2026-04-10&src=typed_query,D-透明度,pending
https://x.com/search?q=%28lululemon%20OR%20%40lululemon%29%20%28greenwashing%20OR%20sustainability%20OR%20hypocrisy%29%20lang%3Aen%20-is%3Aretweet%20since%3A2026-04-09%20until%3A2026-04-10&src=typed_query,E-绿洗质疑,pending
https://x.com/search?q=%28lululemon%20OR%20%40lululemon%29%20%28boycott%20OR%20refund%20OR%20trust%20OR%20betrayed%20OR%20%22stop%20buying%22%29%20lang%3Aen%20-is%3Aretweet%20since%3A2026-04-09%20until%3A2026-04-10&src=typed_query,F-抵制声浪,pending
https://x.com/search?q=%28lululemon%20OR%20%40lululemon%29%20lang%3Aen%20-is%3Aretweet%20since%3A2026-04-10%20until%3A2026-04-11&src=typed_query,A-整体讨论,pending
https://x.com/search?q=%28lululemon%20OR%20%40lululemon%29%20%28PFAS%20OR%20%22forever%20chemicals%22%20OR%20toxic%20OR%20chemical%29%20lang%3Aen%20-is%3Aretweet%20since%3A2026-04-10%20until%3A2026-04-11&src=typed_query,B-化学品争议,pending
https://x.com/search?q=%28lululemon%20OR%20%40lululemon%29%20%28health%20OR%20safety%20OR%20cancer%20OR%20immune%20OR%20harmful%29%20lang%3Aen%20-is%3Aretweet%20since%3A2026-04-10%20until%3A2026-04-11&src=typed_query,C-健康安全,pending
https://x.com/search?q=%28lululemon%20OR%20%40lululemon%29%20%28transparency%20OR%20disclose%20OR%20testing%20OR%20evidence%20OR%20report%29%20lang%3Aen%20-is%3Aretweet%20since%3A2026-04-10%20until%3A2026-04-11&src=typed_query,D-透明度,pending
https://x.com/search?q=%28lululemon%20OR%20%40lululemon%29%20%28greenwashing%20OR%20sustainability%20OR%20hypocrisy%29%20lang%3Aen%20-is%3Aretweet%20since%3A2026-04-10%20until%3A2026-04-11&src=typed_query,E-绿洗质疑,pending
https://x.com/search?q=%28lululemon%20OR%20%40lululemon%29%20%28boycott%20OR%20refund%20OR%20trust%20OR%20betrayed%20OR%20%22stop%20buying%22%29%20lang%3Aen%20-is%3Aretweet%20since%3A2026-04-10%20until%3A2026-04-11&src=typed_query,F-抵制声浪,pending
https://x.com/search?q=%28lululemon%20OR%20%40lululemon%29%20lang%3Aen%20-is%3Aretweet%20since%3A2026-04-11%20until%3A2026-04-12&src=typed_query,A-整体讨论,pending
https://x.com/search?q=%28lululemon%20OR%20%40lululemon%29%20%28PFAS%20OR%20%22forever%20chemicals%22%20OR%20toxic%20OR%20chemical%29%20lang%3Aen%20-is%3Aretweet%20since%3A2026-04-11%20until%3A2026-04-12&src=typed_query,B-化学品争议,pending
https://x.com/search?q=%28lululemon%20OR%20%40lululemon%29%20%28health%20OR%20safety%20OR%20cancer%20OR%20immune%20OR%20harmful%29%20lang%3Aen%20-is%3Aretweet%20since%3A2026-04-11%20until%3A2026-04-12&src=typed_query,C-健康安全,pending
https://x.com/search?q=%28lululemon%20OR%20%40lululemon%29%20%28transparency%20OR%20disclose%20OR%20testing%20OR%20evidence%20OR%20report%29%20lang%3Aen%20-is%3Aretweet%20since%3A2026-04-11%20until%3A2026-04-12&src=typed_query,D-透明度,pending
https://x.com/search?q=%28lululemon%20OR%20%40lululemon%29%20%28greenwashing%20OR%20sustainability%20OR%20hypocrisy%29%20lang%3Aen%20-is%3Aretweet%20since%3A2026-04-11%20until%3A2026-04-12&src=typed_query,E-绿洗质疑,pending
https://x.com/search?q=%28lululemon%20OR%20%40lululemon%29%20%28boycott%20OR%20refund%20OR%20trust%20OR%20betrayed%20OR%20%22stop%20buying%22%29%20lang%3Aen%20-is%3Aretweet%20since%3A2026-04-11%20until%3A2026-04-12&src=typed_query,F-抵制声浪,pending
https://x.com/search?q=%28lululemon%20OR%20%40lululemon%29%20lang%3Aen%20-is%3Aretweet%20since%3A2026-04-12%20until%3A2026-04-13&src=typed_query,A-整体讨论,pending
https://x.com/search?q=%28lululemon%20OR%20%40lululemon%29%20%28PFAS%20OR%20%22forever%20chemicals%22%20OR%20toxic%20OR%20chemical%29%20lang%3Aen%20-is%3Aretweet%20since%3A2026-04-12%20until%3A2026-04-13&src=typed_query,B-化学品争议,pending
https://x.com/search?q=%28lululemon%20OR%20%40lululemon%29%20%28health%20OR%20safety%20OR%20cancer%20OR%20immune%20OR%20harmful%29%20lang%3Aen%20-is%3Aretweet%20since%3A2026-04-12%20until%3A2026-04-13&src=typed_query,C-健康安全,pending
https://x.com/search?q=%28lululemon%20OR%20%40lululemon%29%20%28transparency%20OR%20disclose%20OR%20testing%20OR%20evidence%20OR%20report%29%20lang%3Aen%20-is%3Aretweet%20since%3A2026-04-12%20until%3A2026-04-13&src=typed_query,D-透明度,pending
https://x.com/search?q=%28lululemon%20OR%20%40lululemon%29%20%28greenwashing%20OR%20sustainability%20OR%20hypocrisy%29%20lang%3Aen%20-is%3Aretweet%20since%3A2026-04-12%20until%3A2026-04-13&src=typed_query,E-绿洗质疑,pending
https://x.com/search?q=%28lululemon%20OR%20%40lululemon%29%20%28boycott%20OR%20refund%20OR%20trust%20OR%20betrayed%20OR%20%22stop%20buying%22%29%20lang%3Aen%20-is%3Aretweet%20since%3A2026-04-12%20until%3A2026-04-13&src=typed_query,F-抵制声浪,pending
https://x.com/search?q=%28lululemon%20OR%20%40lululemon%29%20lang%3Aen%20-is%3Aretweet%20since%3A2026-04-13%20until%3A2026-04-14&src=typed_query,A-整体讨论,pending
https://x.com/search?q=%28lululemon%20OR%20%40lululemon%29%20%28PFAS%20OR%20%22forever%20chemicals%22%20OR%20toxic%20OR%20chemical%29%20lang%3Aen%20-is%3Aretweet%20since%3A2026-04-13%20until%3A2026-04-14&src=typed_query,B-化学品争议,pending
https://x.com/search?q=%28lululemon%20OR%20%40lululemon%29%20%28health%20OR%20safety%20OR%20cancer%20OR%20immune%20OR%20harmful%29%20lang%3Aen%20-is%3Aretweet%20since%3A2026-04-13%20until%3A2026-04-14&src=typed_query,C-健康安全,pending
https://x.com/search?q=%28lululemon%20OR%20%40lululemon%29%20%28transparency%20OR%20disclose%20OR%20testing%20OR%20evidence%20OR%20report%29%20lang%3Aen%20-is%3Aretweet%20since%3A2026-04-13%20until%3A2026-04-14&src=typed_query,D-透明度,pending
https://x.com/search?q=%28lululemon%20OR%20%40lululemon%29%20%28greenwashing%20OR%20sustainability%20OR%20hypocrisy%29%20lang%3Aen%20-is%3Aretweet%20since%3A2026-04-13%20until%3A2026-04-14&src=typed_query,E-绿洗质疑,pending
https://x.com/search?q=%28lululemon%20OR%20%40lululemon%29%20%28boycott%20OR%20refund%20OR%20trust%20OR%20betrayed%20OR%20%22stop%20buying%22%29%20lang%3Aen%20-is%3Aretweet%20since%3A2026-04-13%20until%3A2026-04-14&src=typed_query,F-抵制声浪,pending
https://x.com/search?q=%28lululemon%20OR%20%40lululemon%29%20lang%3Aen%20-is%3Aretweet%20since%3A2026-04-14%20until%3A2026-04-15&src=typed_query,A-整体讨论,pending
https://x.com/search?q=%28lululemon%20OR%20%40lululemon%29%20%28PFAS%20OR%20%22forever%20chemicals%22%20OR%20toxic%20OR%20chemical%29%20lang%3Aen%20-is%3Aretweet%20since%3A2026-04-14%20until%3A2026-04-15&src=typed_query,B-化学品争议,pending
https://x.com/search?q=%28lululemon%20OR%20%40lululemon%29%20%28health%20OR%20safety%20OR%20cancer%20OR%20immune%20OR%20harmful%29%20lang%3Aen%20-is%3Aretweet%20since%3A2026-04-14%20until%3A2026-04-15&src=typed_query,C-健康安全,pending
https://x.com/search?q=%28lululemon%20OR%20%40lululemon%29%20%28transparency%20OR%20disclose%20OR%20testing%20OR%20evidence%20OR%20report%29%20lang%3Aen%20-is%3Aretweet%20since%3A2026-04-14%20until%3A2026-04-15&src=typed_query,D-透明度,pending
https://x.com/search?q=%28lululemon%20OR%20%40lululemon%29%20%28greenwashing%20OR%20sustainability%20OR%20hypocrisy%29%20lang%3Aen%20-is%3Aretweet%20since%3A2026-04-14%20until%3A2026-04-15&src=typed_query,E-绿洗质疑,pending
https://x.com/search?q=%28lululemon%20OR%20%40lululemon%29%20%28boycott%20OR%20refund%20OR%20trust%20OR%20betrayed%20OR%20%22stop%20buying%22%29%20lang%3Aen%20-is%3Aretweet%20since%3A2026-04-14%20until%3A2026-04-15&src=typed_query,F-抵制声浪,pending
https://x.com/search?q=%28lululemon%20OR%20%40lululemon%29%20lang%3Aen%20-is%3Aretweet%20since%3A2026-04-15%20until%3A2026-04-16&src=typed_query,A-整体讨论,pending
https://x.com/search?q=%28lululemon%20OR%20%40lululemon%29%20%28PFAS%20OR%20%22forever%20chemicals%22%20OR%20toxic%20OR%20chemical%29%20lang%3Aen%20-is%3Aretweet%20since%3A2026-04-15%20until%3A2026-04-16&src=typed_query,B-化学品争议,pending
https://x.com/search?q=%28lululemon%20OR%20%40lululemon%29%20%28health%20OR%20safety%20OR%20cancer%20OR%20immune%20OR%20harmful%29%20lang%3Aen%20-is%3Aretweet%20since%3A2026-04-15%20until%3A2026-04-16&src=typed_query,C-健康安全,pending
https://x.com/search?q=%28lululemon%20OR%20%40lululemon%29%20%28transparency%20OR%20disclose%20OR%20testing%20OR%20evidence%20OR%20report%29%20lang%3Aen%20-is%3Aretweet%20since%3A2026-04-15%20until%3A2026-04-16&src=typed_query,D-透明度,pending
https://x.com/search?q=%28lululemon%20OR%20%40lululemon%29%20%28greenwashing%20OR%20sustainability%20OR%20hypocrisy%29%20lang%3Aen%20-is%3Aretweet%20since%3A2026-04-15%20until%3A2026-04-16&src=typed_query,E-绿洗质疑,pending
https://x.com/search?q=%28lululemon%20OR%20%40lululemon%29%20%28boycott%20OR%20refund%20OR%20trust%20OR%20betrayed%20OR%20%22stop%20buying%22%29%20lang%3Aen%20-is%3Aretweet%20since%3A2026-04-15%20until%3A2026-04-16&src=typed_query,F-抵制声浪,pending
https://x.com/search?q=%28lululemon%20OR%20%40lululemon%29%20lang%3Aen%20-is%3Aretweet%20since%3A2026-04-16%20until%3A2026-04-17&src=typed_query,A-整体讨论,pending
https://x.com/search?q=%28lululemon%20OR%20%40lululemon%29%20%28PFAS%20OR%20%22forever%20chemicals%22%20OR%20toxic%20OR%20chemical%29%20lang%3Aen%20-is%3Aretweet%20since%3A2026-04-16%20until%3A2026-04-17&src=typed_query,B-化学品争议,pending
https://x.com/search?q=%28lululemon%20OR%20%40lululemon%29%20%28health%20OR%20safety%20OR%20cancer%20OR%20immune%20OR%20harmful%29%20lang%3Aen%20-is%3Aretweet%20since%3A2026-04-16%20until%3A2026-04-17&src=typed_query,C-健康安全,pending
https://x.com/search?q=%28lululemon%20OR%20%40lululemon%29%20%28transparency%20OR%20disclose%20OR%20testing%20OR%20evidence%20OR%20report%29%20lang%3Aen%20-is%3Aretweet%20since%3A2026-04-16%20until%3A2026-04-17&src=typed_query,D-透明度,pending
https://x.com/search?q=%28lululemon%20OR%20%40lululemon%29%20%28greenwashing%20OR%20sustainability%20OR%20hypocrisy%29%20lang%3Aen%20-is%3Aretweet%20since%3A2026-04-16%20until%3A2026-04-17&src=typed_query,E-绿洗质疑,pending
https://x.com/search?q=%28lululemon%20OR%20%40lululemon%29%20%28boycott%20OR%20refund%20OR%20trust%20OR%20betrayed%20OR%20%22stop%20buying%22%29%20lang%3Aen%20-is%3Aretweet%20since%3A2026-04-16%20until%3A2026-04-17&src=typed_query,F-抵制声浪,pending
https://x.com/search?q=%28lululemon%20OR%20%40lululemon%29%20lang%3Aen%20-is%3Aretweet%20since%3A2026-04-17%20until%3A2026-04-18&src=typed_query,A-整体讨论,pending
https://x.com/search?q=%28lululemon%20OR%20%40lululemon%29%20%28PFAS%20OR%20%22forever%20chemicals%22%20OR%20toxic%20OR%20chemical%29%20lang%3Aen%20-is%3Aretweet%20since%3A2026-04-17%20until%3A2026-04-18&src=typed_query,B-化学品争议,pending
https://x.com/search?q=%28lululemon%20OR%20%40lululemon%29%20%28health%20OR%20safety%20OR%20cancer%20OR%20immune%20OR%20harmful%29%20lang%3Aen%20-is%3Aretweet%20since%3A2026-04-17%20until%3A2026-04-18&src=typed_query,C-健康安全,pending
https://x.com/search?q=%28lululemon%20OR%20%40lululemon%29%20%28transparency%20OR%20disclose%20OR%20testing%20OR%20evidence%20OR%20report%29%20lang%3Aen%20-is%3Aretweet%20since%3A2026-04-17%20until%3A2026-04-18&src=typed_query,D-透明度,pending
https://x.com/search?q=%28lululemon%20OR%20%40lululemon%29%20%28greenwashing%20OR%20sustainability%20OR%20hypocrisy%29%20lang%3Aen%20-is%3Aretweet%20since%3A2026-04-17%20until%3A2026-04-18&src=typed_query,E-绿洗质疑,pending
https://x.com/search?q=%28lululemon%20OR%20%40lululemon%29%20%28boycott%20OR%20refund%20OR%20trust%20OR%20betrayed%20OR%20%22stop%20buying%22%29%20lang%3Aen%20-is%3Aretweet%20since%3A2026-04-17%20until%3A2026-04-18&src=typed_query,F-抵制声浪,pending
https://x.com/search?q=%28lululemon%20OR%20%40lululemon%29%20lang%3Aen%20-is%3Aretweet%20since%3A2026-04-18%20until%3A2026-04-19&src=typed_query,A-整体讨论,pending
https://x.com/search?q=%28lululemon%20OR%20%40lululemon%29%20%28PFAS%20OR%20%22forever%20chemicals%22%20OR%20toxic%20OR%20chemical%29%20lang%3Aen%20-is%3Aretweet%20since%3A2026-04-18%20until%3A2026-04-19&src=typed_query,B-化学品争议,pending
https://x.com/search?q=%28lululemon%20OR%20%40lululemon%29%20%28health%20OR%20safety%20OR%20cancer%20OR%20immune%20OR%20harmful%29%20lang%3Aen%20-is%3Aretweet%20since%3A2026-04-18%20until%3A2026-04-19&src=typed_query,C-健康安全,pending
https://x.com/search?q=%28lululemon%20OR%20%40lululemon%29%20%28transparency%20OR%20disclose%20OR%20testing%20OR%20evidence%20OR%20report%29%20lang%3Aen%20-is%3Aretweet%20since%3A2026-04-18%20until%3A2026-04-19&src=typed_query,D-透明度,pending
https://x.com/search?q=%28lululemon%20OR%20%40lululemon%29%20%28greenwashing%20OR%20sustainability%20OR%20hypocrisy%29%20lang%3Aen%20-is%3Aretweet%20since%3A2026-04-18%20until%3A2026-04-19&src=typed_query,E-绿洗质疑,pending
https://x.com/search?q=%28lululemon%20OR%20%40lululemon%29%20%28boycott%20OR%20refund%20OR%20trust%20OR%20betrayed%20OR%20%22stop%20buying%22%29%20lang%3Aen%20-is%3Aretweet%20since%3A2026-04-18%20until%3A2026-04-19&src=typed_query,F-抵制声浪,pending
https://x.com/search?q=%28lululemon%20OR%20%40lululemon%29%20lang%3Aen%20-is%3Aretweet%20since%3A2026-04-19%20until%3A2026-04-20&src=typed_query,A-整体讨论,pending
https://x.com/search?q=%28lululemon%20OR%20%40lululemon%29%20%28PFAS%20OR%20%22forever%20chemicals%22%20OR%20toxic%20OR%20chemical%29%20lang%3Aen%20-is%3Aretweet%20since%3A2026-04-19%20until%3A2026-04-20&src=typed_query,B-化学品争议,pending
https://x.com/search?q=%28lululemon%20OR%20%40lululemon%29%20%28health%20OR%20safety%20OR%20cancer%20OR%20immune%20OR%20harmful%29%20lang%3Aen%20-is%3Aretweet%20since%3A2026-04-19%20until%3A2026-04-20&src=typed_query,C-健康安全,pending
https://x.com/search?q=%28lululemon%20OR%20%40lululemon%29%20%28transparency%20OR%20disclose%20OR%20testing%20OR%20evidence%20OR%20report%29%20lang%3Aen%20-is%3Aretweet%20since%3A2026-04-19%20until%3A2026-04-20&src=typed_query,D-透明度,pending
https://x.com/search?q=%28lululemon%20OR%20%40lululemon%29%20%28greenwashing%20OR%20sustainability%20OR%20hypocrisy%29%20lang%3Aen%20-is%3Aretweet%20since%3A2026-04-19%20until%3A2026-04-20&src=typed_query,E-绿洗质疑,pending
https://x.com/search?q=%28lululemon%20OR%20%40lululemon%29%20%28boycott%20OR%20refund%20OR%20trust%20OR%20betrayed%20OR%20%22stop%20buying%22%29%20lang%3Aen%20-is%3Aretweet%20since%3A2026-04-19%20until%3A2026-04-20&src=typed_query,F-抵制声浪,pending
https://x.com/search?q=%28lululemon%20OR%20%40lululemon%29%20lang%3Aen%20-is%3Aretweet%20since%3A2026-04-20%20until%3A2026-04-21&src=typed_query,A-整体讨论,pending
https://x.com/search?q=%28lululemon%20OR%20%40lululemon%29%20%28PFAS%20OR%20%22forever%20chemicals%22%20OR%20toxic%20OR%20chemical%29%20lang%3Aen%20-is%3Aretweet%20since%3A2026-04-20%20until%3A2026-04-21&src=typed_query,B-化学品争议,pending
https://x.com/search?q=%28lululemon%20OR%20%40lululemon%29%20%28health%20OR%20safety%20OR%20cancer%20OR%20immune%20OR%20harmful%29%20lang%3Aen%20-is%3Aretweet%20since%3A2026-04-20%20until%3A2026-04-21&src=typed_query,C-健康安全,pending
https://x.com/search?q=%28lululemon%20OR%20%40lululemon%29%20%28transparency%20OR%20disclose%20OR%20testing%20OR%20evidence%20OR%20report%29%20lang%3Aen%20-is%3Aretweet%20since%3A2026-04-20%20until%3A2026-04-21&src=typed_query,D-透明度,pending
https://x.com/search?q=%28lululemon%20OR%20%40lululemon%29%20%28greenwashing%20OR%20sustainability%20OR%20hypocrisy%29%20lang%3Aen%20-is%3Aretweet%20since%3A2026-04-20%20until%3A2026-04-21&src=typed_query,E-绿洗质疑,pending
https://x.com/search?q=%28lululemon%20OR%20%40lululemon%29%20%28boycott%20OR%20refund%20OR%20trust%20OR%20betrayed%20OR%20%22stop%20buying%22%29%20lang%3Aen%20-is%3Aretweet%20since%3A2026-04-20%20until%3A2026-04-21&src=typed_query,F-抵制声浪,pending
https://x.com/search?q=%28lululemon%20OR%20%40lululemon%29%20lang%3Aen%20-is%3Aretweet%20since%3A2026-04-21%20until%3A2026-04-22&src=typed_query,A-整体讨论,pending
https://x.com/search?q=%28lululemon%20OR%20%40lululemon%29%20%28PFAS%20OR%20%22forever%20chemicals%22%20OR%20toxic%20OR%20chemical%29%20lang%3Aen%20-is%3Aretweet%20since%3A2026-04-21%20until%3A2026-04-22&src=typed_query,B-化学品争议,pending
https://x.com/search?q=%28lululemon%20OR%20%40lululemon%29%20%28health%20OR%20safety%20OR%20cancer%20OR%20immune%20OR%20harmful%29%20lang%3Aen%20-is%3Aretweet%20since%3A2026-04-21%20until%3A2026-04-22&src=typed_query,C-健康安全,pending
https://x.com/search?q=%28lululemon%20OR%20%40lululemon%29%20%28transparency%20OR%20disclose%20OR%20testing%20OR%20evidence%20OR%20report%29%20lang%3Aen%20-is%3Aretweet%20since%3A2026-04-21%20until%3A2026-04-22&src=typed_query,D-透明度,pending
https://x.com/search?q=%28lululemon%20OR%20%40lululemon%29%20%28greenwashing%20OR%20sustainability%20OR%20hypocrisy%29%20lang%3Aen%20-is%3Aretweet%20since%3A2026-04-21%20until%3A2026-04-22&src=typed_query,E-绿洗质疑,pending
https://x.com/search?q=%28lululemon%20OR%20%40lululemon%29%20%28boycott%20OR%20refund%20OR%20trust%20OR%20betrayed%20OR%20%22stop%20buying%22%29%20lang%3Aen%20-is%3Aretweet%20since%3A2026-04-21%20until%3A2026-04-22&src=typed_query,F-抵制声浪,pending
https://x.com/search?q=%28lululemon%20OR%20%40lululemon%29%20lang%3Aen%20-is%3Aretweet%20since%3A2026-04-22%20until%3A2026-04-23&src=typed_query,A-整体讨论,pending
https://x.com/search?q=%28lululemon%20OR%20%40lululemon%29%20%28PFAS%20OR%20%22forever%20chemicals%22%20OR%20toxic%20OR%20chemical%29%20lang%3Aen%20-is%3Aretweet%20since%3A2026-04-22%20until%3A2026-04-23&src=typed_query,B-化学品争议,pending
https://x.com/search?q=%28lululemon%20OR%20%40lululemon%29%20%28health%20OR%20safety%20OR%20cancer%20OR%20immune%20OR%20harmful%29%20lang%3Aen%20-is%3Aretweet%20since%3A2026-04-22%20until%3A2026-04-23&src=typed_query,C-健康安全,pending
https://x.com/search?q=%28lululemon%20OR%20%40lululemon%29%20%28transparency%20OR%20disclose%20OR%20testing%20OR%20evidence%20OR%20report%29%20lang%3Aen%20-is%3Aretweet%20since%3A2026-04-22%20until%3A2026-04-23&src=typed_query,D-透明度,pending
https://x.com/search?q=%28lululemon%20OR%20%40lululemon%29%20%28greenwashing%20OR%20sustainability%20OR%20hypocrisy%29%20lang%3Aen%20-is%3Aretweet%20since%3A2026-04-22%20until%3A2026-04-23&src=typed_query,E-绿洗质疑,pending
https://x.com/search?q=%28lululemon%20OR%20%40lululemon%29%20%28boycott%20OR%20refund%20OR%20trust%20OR%20betrayed%20OR%20%22stop%20buying%22%29%20lang%3Aen%20-is%3Aretweet%20since%3A2026-04-22%20until%3A2026-04-23&src=typed_query,F-抵制声浪,pending
https://x.com/search?q=%28lululemon%20OR%20%40lululemon%29%20lang%3Aen%20-is%3Aretweet%20since%3A2026-04-23%20until%3A2026-04-24&src=typed_query,A-整体讨论,pending
https://x.com/search?q=%28lululemon%20OR%20%40lululemon%29%20%28PFAS%20OR%20%22forever%20chemicals%22%20OR%20toxic%20OR%20chemical%29%20lang%3Aen%20-is%3Aretweet%20since%3A2026-04-23%20until%3A2026-04-24&src=typed_query,B-化学品争议,pending
https://x.com/search?q=%28lululemon%20OR%20%40lululemon%29%20%28health%20OR%20safety%20OR%20cancer%20OR%20immune%20OR%20harmful%29%20lang%3Aen%20-is%3Aretweet%20since%3A2026-04-23%20until%3A2026-04-24&src=typed_query,C-健康安全,pending
https://x.com/search?q=%28lululemon%20OR%20%40lululemon%29%20%28transparency%20OR%20disclose%20OR%20testing%20OR%20evidence%20OR%20report%29%20lang%3Aen%20-is%3Aretweet%20since%3A2026-04-23%20until%3A2026-04-24&src=typed_query,D-透明度,pending
https://x.com/search?q=%28lululemon%20OR%20%40lululemon%29%20%28greenwashing%20OR%20sustainability%20OR%20hypocrisy%29%20lang%3Aen%20-is%3Aretweet%20since%3A2026-04-23%20until%3A2026-04-24&src=typed_query,E-绿洗质疑,pending
https://x.com/search?q=%28lululemon%20OR%20%40lululemon%29%20%28boycott%20OR%20refund%20OR%20trust%20OR%20betrayed%20OR%20%22stop%20buying%22%29%20lang%3Aen%20-is%3Aretweet%20since%3A2026-04-23%20until%3A2026-04-24&src=typed_query,F-抵制声浪,pending
https://x.com/search?q=%28lululemon%20OR%20%40lululemon%29%20lang%3Aen%20-is%3Aretweet%20since%3A2026-04-24%20until%3A2026-04-25&src=typed_query,A-整体讨论,pending
https://x.com/search?q=%28lululemon%20OR%20%40lululemon%29%20%28PFAS%20OR%20%22forever%20chemicals%22%20OR%20toxic%20OR%20chemical%29%20lang%3Aen%20-is%3Aretweet%20since%3A2026-04-24%20until%3A2026-04-25&src=typed_query,B-化学品争议,pending
https://x.com/search?q=%28lululemon%20OR%20%40lululemon%29%20%28health%20OR%20safety%20OR%20cancer%20OR%20immune%20OR%20harmful%29%20lang%3Aen%20-is%3Aretweet%20since%3A2026-04-24%20until%3A2026-04-25&src=typed_query,C-健康安全,pending
https://x.com/search?q=%28lululemon%20OR%20%40lululemon%29%20%28transparency%20OR%20disclose%20OR%20testing%20OR%20evidence%20OR%20report%29%20lang%3Aen%20-is%3Aretweet%20since%3A2026-04-24%20until%3A2026-04-25&src=typed_query,D-透明度,pending
https://x.com/search?q=%28lululemon%20OR%20%40lululemon%29%20%28greenwashing%20OR%20sustainability%20OR%20hypocrisy%29%20lang%3Aen%20-is%3Aretweet%20since%3A2026-04-24%20until%3A2026-04-25&src=typed_query,E-绿洗质疑,pending
https://x.com/search?q=%28lululemon%20OR%20%40lululemon%29%20%28boycott%20OR%20refund%20OR%20trust%20OR%20betrayed%20OR%20%22stop%20buying%22%29%20lang%3Aen%20-is%3Aretweet%20since%3A2026-04-24%20until%3A2026-04-25&src=typed_query,F-抵制声浪,pending
https://x.com/search?q=%28lululemon%20OR%20%40lululemon%29%20lang%3Aen%20-is%3Aretweet%20since%3A2026-04-25%20until%3A2026-04-26&src=typed_query,A-整体讨论,pending
https://x.com/search?q=%28lululemon%20OR%20%40lululemon%29%20%28PFAS%20OR%20%22forever%20chemicals%22%20OR%20toxic%20OR%20chemical%29%20lang%3Aen%20-is%3Aretweet%20since%3A2026-04-25%20until%3A2026-04-26&src=typed_query,B-化学品争议,pending
https://x.com/search?q=%28lululemon%20OR%20%40lululemon%29%20%28health%20OR%20safety%20OR%20cancer%20OR%20immune%20OR%20harmful%29%20lang%3Aen%20-is%3Aretweet%20since%3A2026-04-25%20until%3A2026-04-26&src=typed_query,C-健康安全,pending
https://x.com/search?q=%28lululemon%20OR%20%40lululemon%29%20%28transparency%20OR%20disclose%20OR%20testing%20OR%20evidence%20OR%20report%29%20lang%3Aen%20-is%3Aretweet%20since%3A2026-04-25%20until%3A2026-04-26&src=typed_query,D-透明度,pending
https://x.com/search?q=%28lululemon%20OR%20%40lululemon%29%20%28greenwashing%20OR%20sustainability%20OR%20hypocrisy%29%20lang%3Aen%20-is%3Aretweet%20since%3A2026-04-25%20until%3A2026-04-26&src=typed_query,E-绿洗质疑,pending
https://x.com/search?q=%28lululemon%20OR%20%40lululemon%29%20%28boycott%20OR%20refund%20OR%20trust%20OR%20betrayed%20OR%20%22stop%20buying%22%29%20lang%3Aen%20-is%3Aretweet%20since%3A2026-04-25%20until%3A2026-04-26&src=typed_query,F-抵制声浪,pending
https://x.com/search?q=%28lululemon%20OR%20%40lululemon%29%20lang%3Aen%20-is%3Aretweet%20since%3A2026-04-26%20until%3A2026-04-27&src=typed_query,A-整体讨论,pending
https://x.com/search?q=%28lululemon%20OR%20%40lululemon%29%20%28PFAS%20OR%20%22forever%20chemicals%22%20OR%20toxic%20OR%20chemical%29%20lang%3Aen%20-is%3Aretweet%20since%3A2026-04-26%20until%3A2026-04-27&src=typed_query,B-化学品争议,pending
https://x.com/search?q=%28lululemon%20OR%20%40lululemon%29%20%28health%20OR%20safety%20OR%20cancer%20OR%20immune%20OR%20harmful%29%20lang%3Aen%20-is%3Aretweet%20since%3A2026-04-26%20until%3A2026-04-27&src=typed_query,C-健康安全,pending
https://x.com/search?q=%28lululemon%20OR%20%40lululemon%29%20%28transparency%20OR%20disclose%20OR%20testing%20OR%20evidence%20OR%20report%29%20lang%3Aen%20-is%3Aretweet%20since%3A2026-04-26%20until%3A2026-04-27&src=typed_query,D-透明度,pending
https://x.com/search?q=%28lululemon%20OR%20%40lululemon%29%20%28greenwashing%20OR%20sustainability%20OR%20hypocrisy%29%20lang%3Aen%20-is%3Aretweet%20since%3A2026-04-26%20until%3A2026-04-27&src=typed_query,E-绿洗质疑,pending
https://x.com/search?q=%28lululemon%20OR%20%40lululemon%29%20%28boycott%20OR%20refund%20OR%20trust%20OR%20betrayed%20OR%20%22stop%20buying%22%29%20lang%3Aen%20-is%3Aretweet%20since%3A2026-04-26%20until%3A2026-04-27&src=typed_query,F-抵制声浪,pending
https://x.com/search?q=%28lululemon%20OR%20%40lululemon%29%20lang%3Aen%20-is%3Aretweet%20since%3A2026-04-27%20until%3A2026-04-28&src=typed_query,A-整体讨论,pending
https://x.com/search?q=%28lululemon%20OR%20%40lululemon%29%20%28PFAS%20OR%20%22forever%20chemicals%22%20OR%20toxic%20OR%20chemical%29%20lang%3Aen%20-is%3Aretweet%20since%3A2026-04-27%20until%3A2026-04-28&src=typed_query,B-化学品争议,pending
https://x.com/search?q=%28lululemon%20OR%20%40lululemon%29%20%28health%20OR%20safety%20OR%20cancer%20OR%20immune%20OR%20harmful%29%20lang%3Aen%20-is%3Aretweet%20since%3A2026-04-27%20until%3A2026-04-28&src=typed_query,C-健康安全,pending
https://x.com/search?q=%28lululemon%20OR%20%40lululemon%29%20%28transparency%20OR%20disclose%20OR%20testing%20OR%20evidence%20OR%20report%29%20lang%3Aen%20-is%3Aretweet%20since%3A2026-04-27%20until%3A2026-04-28&src=typed_query,D-透明度,pending
https://x.com/search?q=%28lululemon%20OR%20%40lululemon%29%20%28greenwashing%20OR%20sustainability%20OR%20hypocrisy%29%20lang%3Aen%20-is%3Aretweet%20since%3A2026-04-27%20until%3A2026-04-28&src=typed_query,E-绿洗质疑,pending
https://x.com/search?q=%28lululemon%20OR%20%40lululemon%29%20%28boycott%20OR%20refund%20OR%20trust%20OR%20betrayed%20OR%20%22stop%20buying%22%29%20lang%3Aen%20-is%3Aretweet%20since%3A2026-04-27%20until%3A2026-04-28&src=typed_query,F-抵制声浪,pending
https://x.com/search?q=%28lululemon%20OR%20%40lululemon%29%20lang%3Aen%20-is%3Aretweet%20since%3A2026-04-28%20until%3A2026-04-29&src=typed_query,A-整体讨论,pending
https://x.com/search?q=%28lululemon%20OR%20%40lululemon%29%20%28PFAS%20OR%20%22forever%20chemicals%22%20OR%20toxic%20OR%20chemical%29%20lang%3Aen%20-is%3Aretweet%20since%3A2026-04-28%20until%3A2026-04-29&src=typed_query,B-化学品争议,pending
https://x.com/search?q=%28lululemon%20OR%20%40lululemon%29%20%28health%20OR%20safety%20OR%20cancer%20OR%20immune%20OR%20harmful%29%20lang%3Aen%20-is%3Aretweet%20since%3A2026-04-28%20until%3A2026-04-29&src=typed_query,C-健康安全,pending
https://x.com/search?q=%28lululemon%20OR%20%40lululemon%29%20%28transparency%20OR%20disclose%20OR%20testing%20OR%20evidence%20OR%20report%29%20lang%3Aen%20-is%3Aretweet%20since%3A2026-04-28%20until%3A2026-04-29&src=typed_query,D-透明度,pending
https://x.com/search?q=%28lululemon%20OR%20%40lululemon%29%20%28greenwashing%20OR%20sustainability%20OR%20hypocrisy%29%20lang%3Aen%20-is%3Aretweet%20since%3A2026-04-28%20until%3A2026-04-29&src=typed_query,E-绿洗质疑,pending
https://x.com/search?q=%28lululemon%20OR%20%40lululemon%29%20%28boycott%20OR%20refund%20OR%20trust%20OR%20betrayed%20OR%20%22stop%20buying%22%29%20lang%3Aen%20-is%3Aretweet%20since%3A2026-04-28%20until%3A2026-04-29&src=typed_query,F-抵制声浪,pending
https://x.com/search?q=%28lululemon%20OR%20%40lululemon%29%20lang%3Aen%20-is%3Aretweet%20since%3A2026-04-29%20until%3A2026-04-30&src=typed_query,A-整体讨论,pending
https://x.com/search?q=%28lululemon%20OR%20%40lululemon%29%20%28PFAS%20OR%20%22forever%20chemicals%22%20OR%20toxic%20OR%20chemical%29%20lang%3Aen%20-is%3Aretweet%20since%3A2026-04-29%20until%3A2026-04-30&src=typed_query,B-化学品争议,pending
https://x.com/search?q=%28lululemon%20OR%20%40lululemon%29%20%28health%20OR%20safety%20OR%20cancer%20OR%20immune%20OR%20harmful%29%20lang%3Aen%20-is%3Aretweet%20since%3A2026-04-29%20until%3A2026-04-30&src=typed_query,C-健康安全,pending
https://x.com/search?q=%28lululemon%20OR%20%40lululemon%29%20%28transparency%20OR%20disclose%20OR%20testing%20OR%20evidence%20OR%20report%29%20lang%3Aen%20-is%3Aretweet%20since%3A2026-04-29%20until%3A2026-04-30&src=typed_query,D-透明度,pending
https://x.com/search?q=%28lululemon%20OR%20%40lululemon%29%20%28greenwashing%20OR%20sustainability%20OR%20hypocrisy%29%20lang%3Aen%20-is%3Aretweet%20since%3A2026-04-29%20until%3A2026-04-30&src=typed_query,E-绿洗质疑,pending
https://x.com/search?q=%28lululemon%20OR%20%40lululemon%29%20%28boycott%20OR%20refund%20OR%20trust%20OR%20betrayed%20OR%20%22stop%20buying%22%29%20lang%3Aen%20-is%3Aretweet%20since%3A2026-04-29%20until%3A2026-04-30&src=typed_query,F-抵制声浪,pending
https://x.com/search?q=%28lululemon%20OR%20%40lululemon%29%20lang%3Aen%20-is%3Aretweet%20since%3A2026-04-30%20until%3A2026-05-01&src=typed_query,A-整体讨论,pending
https://x.com/search?q=%28lululemon%20OR%20%40lululemon%29%20%28PFAS%20OR%20%22forever%20chemicals%22%20OR%20toxic%20OR%20chemical%29%20lang%3Aen%20-is%3Aretweet%20since%3A2026-04-30%20until%3A2026-05-01&src=typed_query,B-化学品争议,pending
https://x.com/search?q=%28lululemon%20OR%20%40lululemon%29%20%28health%20OR%20safety%20OR%20cancer%20OR%20immune%20OR%20harmful%29%20lang%3Aen%20-is%3Aretweet%20since%3A2026-04-30%20until%3A2026-05-01&src=typed_query,C-健康安全,pending
https://x.com/search?q=%28lululemon%20OR%20%40lululemon%29%20%28transparency%20OR%20disclose%20OR%20testing%20OR%20evidence%20OR%20report%29%20lang%3Aen%20-is%3Aretweet%20since%3A2026-04-30%20until%3A2026-05-01&src=typed_query,D-透明度,pending
https://x.com/search?q=%28lululemon%20OR%20%40lululemon%29%20%28greenwashing%20OR%20sustainability%20OR%20hypocrisy%29%20lang%3Aen%20-is%3Aretweet%20since%3A2026-04-30%20until%3A2026-05-01&src=typed_query,E-绿洗质疑,pending
https://x.com/search?q=%28lululemon%20OR%20%40lululemon%29%20%28boycott%20OR%20refund%20OR%20trust%20OR%20betrayed%20OR%20%22stop%20buying%22%29%20lang%3Aen%20-is%3Aretweet%20since%3A2026-04-30%20until%3A2026-05-01&src=typed_query,F-抵制声浪,pending
https://x.com/search?q=%28lululemon%20OR%20%40lululemon%29%20lang%3Aen%20-is%3Aretweet%20since%3A2026-05-01%20until%3A2026-05-02&src=typed_query,A-整体讨论,pending
https://x.com/search?q=%28lululemon%20OR%20%40lululemon%29%20%28PFAS%20OR%20%22forever%20chemicals%22%20OR%20toxic%20OR%20chemical%29%20lang%3Aen%20-is%3Aretweet%20since%3A2026-05-01%20until%3A2026-05-02&src=typed_query,B-化学品争议,pending
https://x.com/search?q=%28lululemon%20OR%20%40lululemon%29%20%28health%20OR%20safety%20OR%20cancer%20OR%20immune%20OR%20harmful%29%20lang%3Aen%20-is%3Aretweet%20since%3A2026-05-01%20until%3A2026-05-02&src=typed_query,C-健康安全,pending
https://x.com/search?q=%28lululemon%20OR%20%40lululemon%29%20%28transparency%20OR%20disclose%20OR%20testing%20OR%20evidence%20OR%20report%29%20lang%3Aen%20-is%3Aretweet%20since%3A2026-05-01%20until%3A2026-05-02&src=typed_query,D-透明度,pending
https://x.com/search?q=%28lululemon%20OR%20%40lululemon%29%20%28greenwashing%20OR%20sustainability%20OR%20hypocrisy%29%20lang%3Aen%20-is%3Aretweet%20since%3A2026-05-01%20until%3A2026-05-02&src=typed_query,E-绿洗质疑,pending
https://x.com/search?q=%28lululemon%20OR%20%40lululemon%29%20%28boycott%20OR%20refund%20OR%20trust%20OR%20betrayed%20OR%20%22stop%20buying%22%29%20lang%3Aen%20-is%3Aretweet%20since%3A2026-05-01%20until%3A2026-05-02&src=typed_query,F-抵制声浪,pending
https://x.com/search?q=%28lululemon%20OR%20%40lululemon%29%20lang%3Aen%20-is%3Aretweet%20since%3A2026-05-02%20until%3A2026-05-03&src=typed_query,A-整体讨论,pending
https://x.com/search?q=%28lululemon%20OR%20%40lululemon%29%20%28PFAS%20OR%20%22forever%20chemicals%22%20OR%20toxic%20OR%20chemical%29%20lang%3Aen%20-is%3Aretweet%20since%3A2026-05-02%20until%3A2026-05-03&src=typed_query,B-化学品争议,pending
https://x.com/search?q=%28lululemon%20OR%20%40lululemon%29%20%28health%20OR%20safety%20OR%20cancer%20OR%20immune%20OR%20harmful%29%20lang%3Aen%20-is%3Aretweet%20since%3A2026-05-02%20until%3A2026-05-03&src=typed_query,C-健康安全,pending
https://x.com/search?q=%28lululemon%20OR%20%40lululemon%29%20%28transparency%20OR%20disclose%20OR%20testing%20OR%20evidence%20OR%20report%29%20lang%3Aen%20-is%3Aretweet%20since%3A2026-05-02%20until%3A2026-05-03&src=typed_query,D-透明度,pending
https://x.com/search?q=%28lululemon%20OR%20%40lululemon%29%20%28greenwashing%20OR%20sustainability%20OR%20hypocrisy%29%20lang%3Aen%20-is%3Aretweet%20since%3A2026-05-02%20until%3A2026-05-03&src=typed_query,E-绿洗质疑,pending
https://x.com/search?q=%28lululemon%20OR%20%40lululemon%29%20%28boycott%20OR%20refund%20OR%20trust%20OR%20betrayed%20OR%20%22stop%20buying%22%29%20lang%3Aen%20-is%3Aretweet%20since%3A2026-05-02%20until%3A2026-05-03&src=typed_query,F-抵制声浪,pending
https://x.com/search?q=%28lululemon%20OR%20%40lululemon%29%20lang%3Aen%20-is%3Aretweet%20since%3A2026-05-03%20until%3A2026-05-04&src=typed_query,A-整体讨论,pending
https://x.com/search?q=%28lululemon%20OR%20%40lululemon%29%20%28PFAS%20OR%20%22forever%20chemicals%22%20OR%20toxic%20OR%20chemical%29%20lang%3Aen%20-is%3Aretweet%20since%3A2026-05-03%20until%3A2026-05-04&src=typed_query,B-化学品争议,pending
https://x.com/search?q=%28lululemon%20OR%20%40lululemon%29%20%28health%20OR%20safety%20OR%20cancer%20OR%20immune%20OR%20harmful%29%20lang%3Aen%20-is%3Aretweet%20since%3A2026-05-03%20until%3A2026-05-04&src=typed_query,C-健康安全,pending
https://x.com/search?q=%28lululemon%20OR%20%40lululemon%29%20%28transparency%20OR%20disclose%20OR%20testing%20OR%20evidence%20OR%20report%29%20lang%3Aen%20-is%3Aretweet%20since%3A2026-05-03%20until%3A2026-05-04&src=typed_query,D-透明度,pending
https://x.com/search?q=%28lululemon%20OR%20%40lululemon%29%20%28greenwashing%20OR%20sustainability%20OR%20hypocrisy%29%20lang%3Aen%20-is%3Aretweet%20since%3A2026-05-03%20until%3A2026-05-04&src=typed_query,E-绿洗质疑,pending
https://x.com/search?q=%28lululemon%20OR%20%40lululemon%29%20%28boycott%20OR%20refund%20OR%20trust%20OR%20betrayed%20OR%20%22stop%20buying%22%29%20lang%3Aen%20-is%3Aretweet%20since%3A2026-05-03%20until%3A2026-05-04&src=typed_query,F-抵制声浪,pending
https://x.com/search?q=%28lululemon%20OR%20%40lululemon%29%20lang%3Aen%20-is%3Aretweet%20since%3A2026-05-04%20until%3A2026-05-05&src=typed_query,A-整体讨论,pending
https://x.com/search?q=%28lululemon%20OR%20%40lululemon%29%20%28PFAS%20OR%20%22forever%20chemicals%22%20OR%20toxic%20OR%20chemical%29%20lang%3Aen%20-is%3Aretweet%20since%3A2026-05-04%20until%3A2026-05-05&src=typed_query,B-化学品争议,pending
https://x.com/search?q=%28lululemon%20OR%20%40lululemon%29%20%28health%20OR%20safety%20OR%20cancer%20OR%20immune%20OR%20harmful%29%20lang%3Aen%20-is%3Aretweet%20since%3A2026-05-04%20until%3A2026-05-05&src=typed_query,C-健康安全,pending
https://x.com/search?q=%28lululemon%20OR%20%40lululemon%29%20%28transparency%20OR%20disclose%20OR%20testing%20OR%20evidence%20OR%20report%29%20lang%3Aen%20-is%3Aretweet%20since%3A2026-05-04%20until%3A2026-05-05&src=typed_query,D-透明度,pending
https://x.com/search?q=%28lululemon%20OR%20%40lululemon%29%20%28greenwashing%20OR%20sustainability%20OR%20hypocrisy%29%20lang%3Aen%20-is%3Aretweet%20since%3A2026-05-04%20until%3A2026-05-05&src=typed_query,E-绿洗质疑,pending
https://x.com/search?q=%28lululemon%20OR%20%40lululemon%29%20%28boycott%20OR%20refund%20OR%20trust%20OR%20betrayed%20OR%20%22stop%20buying%22%29%20lang%3Aen%20-is%3Aretweet%20since%3A2026-05-04%20until%3A2026-05-05&src=typed_query,F-抵制声浪,pending
https://x.com/search?q=%28lululemon%20OR%20%40lululemon%29%20lang%3Aen%20-is%3Aretweet%20since%3A2026-05-05%20until%3A2026-05-06&src=typed_query,A-整体讨论,pending
https://x.com/search?q=%28lululemon%20OR%20%40lululemon%29%20%28PFAS%20OR%20%22forever%20chemicals%22%20OR%20toxic%20OR%20chemical%29%20lang%3Aen%20-is%3Aretweet%20since%3A2026-05-05%20until%3A2026-05-06&src=typed_query,B-化学品争议,pending
https://x.com/search?q=%28lululemon%20OR%20%40lululemon%29%20%28health%20OR%20safety%20OR%20cancer%20OR%20immune%20OR%20harmful%29%20lang%3Aen%20-is%3Aretweet%20since%3A2026-05-05%20until%3A2026-05-06&src=typed_query,C-健康安全,pending
https://x.com/search?q=%28lululemon%20OR%20%40lululemon%29%20%28transparency%20OR%20disclose%20OR%20testing%20OR%20evidence%20OR%20report%29%20lang%3Aen%20-is%3Aretweet%20since%3A2026-05-05%20until%3A2026-05-06&src=typed_query,D-透明度,pending
https://x.com/search?q=%28lululemon%20OR%20%40lululemon%29%20%28greenwashing%20OR%20sustainability%20OR%20hypocrisy%29%20lang%3Aen%20-is%3Aretweet%20since%3A2026-05-05%20until%3A2026-05-06&src=typed_query,E-绿洗质疑,pending
https://x.com/search?q=%28lululemon%20OR%20%40lululemon%29%20%28boycott%20OR%20refund%20OR%20trust%20OR%20betrayed%20OR%20%22stop%20buying%22%29%20lang%3Aen%20-is%3Aretweet%20since%3A2026-05-05%20until%3A2026-05-06&src=typed_query,F-抵制声浪,pending
https://x.com/search?q=%28lululemon%20OR%20%40lululemon%29%20lang%3Aen%20-is%3Aretweet%20since%3A2026-05-06%20until%3A2026-05-07&src=typed_query,A-整体讨论,pending
https://x.com/search?q=%28lululemon%20OR%20%40lululemon%29%20%28PFAS%20OR%20%22forever%20chemicals%22%20OR%20toxic%20OR%20chemical%29%20lang%3Aen%20-is%3Aretweet%20since%3A2026-05-06%20until%3A2026-05-07&src=typed_query,B-化学品争议,pending
https://x.com/search?q=%28lululemon%20OR%20%40lululemon%29%20%28health%20OR%20safety%20OR%20cancer%20OR%20immune%20OR%20harmful%29%20lang%3Aen%20-is%3Aretweet%20since%3A2026-05-06%20until%3A2026-05-07&src=typed_query,C-健康安全,pending
https://x.com/search?q=%28lululemon%20OR%20%40lululemon%29%20%28transparency%20OR%20disclose%20OR%20testing%20OR%20evidence%20OR%20report%29%20lang%3Aen%20-is%3Aretweet%20since%3A2026-05-06%20until%3A2026-05-07&src=typed_query,D-透明度,pending
https://x.com/search?q=%28lululemon%20OR%20%40lululemon%29%20%28greenwashing%20OR%20sustainability%20OR%20hypocrisy%29%20lang%3Aen%20-is%3Aretweet%20since%3A2026-05-06%20until%3A2026-05-07&src=typed_query,E-绿洗质疑,pending
https://x.com/search?q=%28lululemon%20OR%20%40lululemon%29%20%28boycott%20OR%20refund%20OR%20trust%20OR%20betrayed%20OR%20%22stop%20buying%22%29%20lang%3Aen%20-is%3Aretweet%20since%3A2026-05-06%20until%3A2026-05-07&src=typed_query,F-抵制声浪,pending
https://x.com/search?q=%28lululemon%20OR%20%40lululemon%29%20lang%3Aen%20-is%3Aretweet%20since%3A2026-05-07%20until%3A2026-05-08&src=typed_query,A-整体讨论,pending
https://x.com/search?q=%28lululemon%20OR%20%40lululemon%29%20%28PFAS%20OR%20%22forever%20chemicals%22%20OR%20toxic%20OR%20chemical%29%20lang%3Aen%20-is%3Aretweet%20since%3A2026-05-07%20until%3A2026-05-08&src=typed_query,B-化学品争议,pending
https://x.com/search?q=%28lululemon%20OR%20%40lululemon%29%20%28health%20OR%20safety%20OR%20cancer%20OR%20immune%20OR%20harmful%29%20lang%3Aen%20-is%3Aretweet%20since%3A2026-05-07%20until%3A2026-05-08&src=typed_query,C-健康安全,pending
https://x.com/search?q=%28lululemon%20OR%20%40lululemon%29%20%28transparency%20OR%20disclose%20OR%20testing%20OR%20evidence%20OR%20report%29%20lang%3Aen%20-is%3Aretweet%20since%3A2026-05-07%20until%3A2026-05-08&src=typed_query,D-透明度,pending
https://x.com/search?q=%28lululemon%20OR%20%40lululemon%29%20%28greenwashing%20OR%20sustainability%20OR%20hypocrisy%29%20lang%3Aen%20-is%3Aretweet%20since%3A2026-05-07%20until%3A2026-05-08&src=typed_query,E-绿洗质疑,pending
https://x.com/search?q=%28lululemon%20OR%20%40lululemon%29%20%28boycott%20OR%20refund%20OR%20trust%20OR%20betrayed%20OR%20%22stop%20buying%22%29%20lang%3Aen%20-is%3Aretweet%20since%3A2026-05-07%20until%3A2026-05-08&src=typed_query,F-抵制声浪,pending
https://x.com/search?q=%28lululemon%20OR%20%40lululemon%29%20lang%3Aen%20-is%3Aretweet%20since%3A2026-05-08%20until%3A2026-05-09&src=typed_query,A-整体讨论,pending
https://x.com/search?q=%28lululemon%20OR%20%40lululemon%29%20%28PFAS%20OR%20%22forever%20chemicals%22%20OR%20toxic%20OR%20chemical%29%20lang%3Aen%20-is%3Aretweet%20since%3A2026-05-08%20until%3A2026-05-09&src=typed_query,B-化学品争议,pending
https://x.com/search?q=%28lululemon%20OR%20%40lululemon%29%20%28health%20OR%20safety%20OR%20cancer%20OR%20immune%20OR%20harmful%29%20lang%3Aen%20-is%3Aretweet%20since%3A2026-05-08%20until%3A2026-05-09&src=typed_query,C-健康安全,pending
https://x.com/search?q=%28lululemon%20OR%20%40lululemon%29%20%28transparency%20OR%20disclose%20OR%20testing%20OR%20evidence%20OR%20report%29%20lang%3Aen%20-is%3Aretweet%20since%3A2026-05-08%20until%3A2026-05-09&src=typed_query,D-透明度,pending
https://x.com/search?q=%28lululemon%20OR%20%40lululemon%29%20%28greenwashing%20OR%20sustainability%20OR%20hypocrisy%29%20lang%3Aen%20-is%3Aretweet%20since%3A2026-05-08%20until%3A2026-05-09&src=typed_query,E-绿洗质疑,pending
https://x.com/search?q=%28lululemon%20OR%20%40lululemon%29%20%28boycott%20OR%20refund%20OR%20trust%20OR%20betrayed%20OR%20%22stop%20buying%22%29%20lang%3Aen%20-is%3Aretweet%20since%3A2026-05-08%20until%3A2026-05-09&src=typed_query,F-抵制声浪,pending
https://x.com/search?q=%28lululemon%20OR%20%40lululemon%29%20lang%3Aen%20-is%3Aretweet%20since%3A2026-05-09%20until%3A2026-05-10&src=typed_query,A-整体讨论,pending
https://x.com/search?q=%28lululemon%20OR%20%40lululemon%29%20%28PFAS%20OR%20%22forever%20chemicals%22%20OR%20toxic%20OR%20chemical%29%20lang%3Aen%20-is%3Aretweet%20since%3A2026-05-09%20until%3A2026-05-10&src=typed_query,B-化学品争议,pending
https://x.com/search?q=%28lululemon%20OR%20%40lululemon%29%20%28health%20OR%20safety%20OR%20cancer%20OR%20immune%20OR%20harmful%29%20lang%3Aen%20-is%3Aretweet%20since%3A2026-05-09%20until%3A2026-05-10&src=typed_query,C-健康安全,pending
https://x.com/search?q=%28lululemon%20OR%20%40lululemon%29%20%28transparency%20OR%20disclose%20OR%20testing%20OR%20evidence%20OR%20report%29%20lang%3Aen%20-is%3Aretweet%20since%3A2026-05-09%20until%3A2026-05-10&src=typed_query,D-透明度,pending
https://x.com/search?q=%28lululemon%20OR%20%40lululemon%29%20%28greenwashing%20OR%20sustainability%20OR%20hypocrisy%29%20lang%3Aen%20-is%3Aretweet%20since%3A2026-05-09%20until%3A2026-05-10&src=typed_query,E-绿洗质疑,pending
https://x.com/search?q=%28lululemon%20OR%20%40lululemon%29%20%28boycott%20OR%20refund%20OR%20trust%20OR%20betrayed%20OR%20%22stop%20buying%22%29%20lang%3Aen%20-is%3Aretweet%20since%3A2026-05-09%20until%3A2026-05-10&src=typed_query,F-抵制声浪,pending
https://x.com/search?q=%28lululemon%20OR%20%40lululemon%29%20lang%3Aen%20-is%3Aretweet%20since%3A2026-05-10%20until%3A2026-05-11&src=typed_query,A-整体讨论,pending
https://x.com/search?q=%28lululemon%20OR%20%40lululemon%29%20%28PFAS%20OR%20%22forever%20chemicals%22%20OR%20toxic%20OR%20chemical%29%20lang%3Aen%20-is%3Aretweet%20since%3A2026-05-10%20until%3A2026-05-11&src=typed_query,B-化学品争议,pending
https://x.com/search?q=%28lululemon%20OR%20%40lululemon%29%20%28health%20OR%20safety%20OR%20cancer%20OR%20immune%20OR%20harmful%29%20lang%3Aen%20-is%3Aretweet%20since%3A2026-05-10%20until%3A2026-05-11&src=typed_query,C-健康安全,pending
https://x.com/search?q=%28lululemon%20OR%20%40lululemon%29%20%28transparency%20OR%20disclose%20OR%20testing%20OR%20evidence%20OR%20report%29%20lang%3Aen%20-is%3Aretweet%20since%3A2026-05-10%20until%3A2026-05-11&src=typed_query,D-透明度,pending
https://x.com/search?q=%28lululemon%20OR%20%40lululemon%29%20%28greenwashing%20OR%20sustainability%20OR%20hypocrisy%29%20lang%3Aen%20-is%3Aretweet%20since%3A2026-05-10%20until%3A2026-05-11&src=typed_query,E-绿洗质疑,pending
https://x.com/search?q=%28lululemon%20OR%20%40lululemon%29%20%28boycott%20OR%20refund%20OR%20trust%20OR%20betrayed%20OR%20%22stop%20buying%22%29%20lang%3Aen%20-is%3Aretweet%20since%3A2026-05-10%20until%3A2026-05-11&src=typed_query,F-抵制声浪,pending
https://x.com/search?q=%28lululemon%20OR%20%40lululemon%29%20lang%3Aen%20-is%3Aretweet%20since%3A2026-05-11%20until%3A2026-05-12&src=typed_query,A-整体讨论,pending
https://x.com/search?q=%28lululemon%20OR%20%40lululemon%29%20%28PFAS%20OR%20%22forever%20chemicals%22%20OR%20toxic%20OR%20chemical%29%20lang%3Aen%20-is%3Aretweet%20since%3A2026-05-11%20until%3A2026-05-12&src=typed_query,B-化学品争议,pending
https://x.com/search?q=%28lululemon%20OR%20%40lululemon%29%20%28health%20OR%20safety%20OR%20cancer%20OR%20immune%20OR%20harmful%29%20lang%3Aen%20-is%3Aretweet%20since%3A2026-05-11%20until%3A2026-05-12&src=typed_query,C-健康安全,pending
https://x.com/search?q=%28lululemon%20OR%20%40lululemon%29%20%28transparency%20OR%20disclose%20OR%20testing%20OR%20evidence%20OR%20report%29%20lang%3Aen%20-is%3Aretweet%20since%3A2026-05-11%20until%3A2026-05-12&src=typed_query,D-透明度,pending
https://x.com/search?q=%28lululemon%20OR%20%40lululemon%29%20%28greenwashing%20OR%20sustainability%20OR%20hypocrisy%29%20lang%3Aen%20-is%3Aretweet%20since%3A2026-05-11%20until%3A2026-05-12&src=typed_query,E-绿洗质疑,pending
https://x.com/search?q=%28lululemon%20OR%20%40lululemon%29%20%28boycott%20OR%20refund%20OR%20trust%20OR%20betrayed%20OR%20%22stop%20buying%22%29%20lang%3Aen%20-is%3Aretweet%20since%3A2026-05-11%20until%3A2026-05-12&src=typed_query,F-抵制声浪,pending
https://x.com/search?q=%28lululemon%20OR%20%40lululemon%29%20lang%3Aen%20-is%3Aretweet%20since%3A2026-05-12%20until%3A2026-05-13&src=typed_query,A-整体讨论,pending
https://x.com/search?q=%28lululemon%20OR%20%40lululemon%29%20%28PFAS%20OR%20%22forever%20chemicals%22%20OR%20toxic%20OR%20chemical%29%20lang%3Aen%20-is%3Aretweet%20since%3A2026-05-12%20until%3A2026-05-13&src=typed_query,B-化学品争议,pending
https://x.com/search?q=%28lululemon%20OR%20%40lululemon%29%20%28health%20OR%20safety%20OR%20cancer%20OR%20immune%20OR%20harmful%29%20lang%3Aen%20-is%3Aretweet%20since%3A2026-05-12%20until%3A2026-05-13&src=typed_query,C-健康安全,pending
https://x.com/search?q=%28lululemon%20OR%20%40lululemon%29%20%28transparency%20OR%20disclose%20OR%20testing%20OR%20evidence%20OR%20report%29%20lang%3Aen%20-is%3Aretweet%20since%3A2026-05-12%20until%3A2026-05-13&src=typed_query,D-透明度,pending
https://x.com/search?q=%28lululemon%20OR%20%40lululemon%29%20%28greenwashing%20OR%20sustainability%20OR%20hypocrisy%29%20lang%3Aen%20-is%3Aretweet%20since%3A2026-05-12%20until%3A2026-05-13&src=typed_query,E-绿洗质疑,pending
https://x.com/search?q=%28lululemon%20OR%20%40lululemon%29%20%28boycott%20OR%20refund%20OR%20trust%20OR%20betrayed%20OR%20%22stop%20buying%22%29%20lang%3Aen%20-is%3Aretweet%20since%3A2026-05-12%20until%3A2026-05-13&src=typed_query,F-抵制声浪,pending
https://x.com/search?q=%28lululemon%20OR%20%40lululemon%29%20lang%3Aen%20-is%3Aretweet%20since%3A2026-05-13%20until%3A2026-05-14&src=typed_query,A-整体讨论,pending
https://x.com/search?q=%28lululemon%20OR%20%40lululemon%29%20%28PFAS%20OR%20%22forever%20chemicals%22%20OR%20toxic%20OR%20chemical%29%20lang%3Aen%20-is%3Aretweet%20since%3A2026-05-13%20until%3A2026-05-14&src=typed_query,B-化学品争议,pending
https://x.com/search?q=%28lululemon%20OR%20%40lululemon%29%20%28health%20OR%20safety%20OR%20cancer%20OR%20immune%20OR%20harmful%29%20lang%3Aen%20-is%3Aretweet%20since%3A2026-05-13%20until%3A2026-05-14&src=typed_query,C-健康安全,pending
https://x.com/search?q=%28lululemon%20OR%20%40lululemon%29%20%28transparency%20OR%20disclose%20OR%20testing%20OR%20evidence%20OR%20report%29%20lang%3Aen%20-is%3Aretweet%20since%3A2026-05-13%20until%3A2026-05-14&src=typed_query,D-透明度,pending
https://x.com/search?q=%28lululemon%20OR%20%40lululemon%29%20%28greenwashing%20OR%20sustainability%20OR%20hypocrisy%29%20lang%3Aen%20-is%3Aretweet%20since%3A2026-05-13%20until%3A2026-05-14&src=typed_query,E-绿洗质疑,pending
https://x.com/search?q=%28lululemon%20OR%20%40lululemon%29%20%28boycott%20OR%20refund%20OR%20trust%20OR%20betrayed%20OR%20%22stop%20buying%22%29%20lang%3Aen%20-is%3Aretweet%20since%3A2026-05-13%20until%3A2026-05-14&src=typed_query,F-抵制声浪,pending
https://x.com/search?q=%28lululemon%20OR%20%40lululemon%29%20lang%3Aen%20-is%3Aretweet%20since%3A2026-05-14%20until%3A2026-05-15&src=typed_query,A-整体讨论,pending
https://x.com/search?q=%28lululemon%20OR%20%40lululemon%29%20%28PFAS%20OR%20%22forever%20chemicals%22%20OR%20toxic%20OR%20chemical%29%20lang%3Aen%20-is%3Aretweet%20since%3A2026-05-14%20until%3A2026-05-15&src=typed_query,B-化学品争议,pending
https://x.com/search?q=%28lululemon%20OR%20%40lululemon%29%20%28health%20OR%20safety%20OR%20cancer%20OR%20immune%20OR%20harmful%29%20lang%3Aen%20-is%3Aretweet%20since%3A2026-05-14%20until%3A2026-05-15&src=typed_query,C-健康安全,pending
https://x.com/search?q=%28lululemon%20OR%20%40lululemon%29%20%28transparency%20OR%20disclose%20OR%20testing%20OR%20evidence%20OR%20report%29%20lang%3Aen%20-is%3Aretweet%20since%3A2026-05-14%20until%3A2026-05-15&src=typed_query,D-透明度,pending
https://x.com/search?q=%28lululemon%20OR%20%40lululemon%29%20%28greenwashing%20OR%20sustainability%20OR%20hypocrisy%29%20lang%3Aen%20-is%3Aretweet%20since%3A2026-05-14%20until%3A2026-05-15&src=typed_query,E-绿洗质疑,pending
https://x.com/search?q=%28lululemon%20OR%20%40lululemon%29%20%28boycott%20OR%20refund%20OR%20trust%20OR%20betrayed%20OR%20%22stop%20buying%22%29%20lang%3Aen%20-is%3Aretweet%20since%3A2026-05-14%20until%3A2026-05-15&src=typed_query,F-抵制声浪,pending
https://x.com/search?q=%28lululemon%20OR%20%40lululemon%29%20lang%3Aen%20-is%3Aretweet%20since%3A2026-05-15%20until%3A2026-05-16&src=typed_query,A-整体讨论,pending
https://x.com/search?q=%28lululemon%20OR%20%40lululemon%29%20%28PFAS%20OR%20%22forever%20chemicals%22%20OR%20toxic%20OR%20chemical%29%20lang%3Aen%20-is%3Aretweet%20since%3A2026-05-15%20until%3A2026-05-16&src=typed_query,B-化学品争议,pending
https://x.com/search?q=%28lululemon%20OR%20%40lululemon%29%20%28health%20OR%20safety%20OR%20cancer%20OR%20immune%20OR%20harmful%29%20lang%3Aen%20-is%3Aretweet%20since%3A2026-05-15%20until%3A2026-05-16&src=typed_query,C-健康安全,pending
https://x.com/search?q=%28lululemon%20OR%20%40lululemon%29%20%28transparency%20OR%20disclose%20OR%20testing%20OR%20evidence%20OR%20report%29%20lang%3Aen%20-is%3Aretweet%20since%3A2026-05-15%20until%3A2026-05-16&src=typed_query,D-透明度,pending
https://x.com/search?q=%28lululemon%20OR%20%40lululemon%29%20%28greenwashing%20OR%20sustainability%20OR%20hypocrisy%29%20lang%3Aen%20-is%3Aretweet%20since%3A2026-05-15%20until%3A2026-05-16&src=typed_query,E-绿洗质疑,pending
https://x.com/search?q=%28lululemon%20OR%20%40lululemon%29%20%28boycott%20OR%20refund%20OR%20trust%20OR%20betrayed%20OR%20%22stop%20buying%22%29%20lang%3Aen%20-is%3Aretweet%20since%3A2026-05-15%20until%3A2026-05-16&src=typed_query,F-抵制声浪,pending
https://x.com/search?q=%28lululemon%20OR%20%40lululemon%29%20lang%3Aen%20-is%3Aretweet%20since%3A2026-05-16%20until%3A2026-05-17&src=typed_query,A-整体讨论,pending
https://x.com/search?q=%28lululemon%20OR%20%40lululemon%29%20%28PFAS%20OR%20%22forever%20chemicals%22%20OR%20toxic%20OR%20chemical%29%20lang%3Aen%20-is%3Aretweet%20since%3A2026-05-16%20until%3A2026-05-17&src=typed_query,B-化学品争议,pending
https://x.com/search?q=%28lululemon%20OR%20%40lululemon%29%20%28health%20OR%20safety%20OR%20cancer%20OR%20immune%20OR%20harmful%29%20lang%3Aen%20-is%3Aretweet%20since%3A2026-05-16%20until%3A2026-05-17&src=typed_query,C-健康安全,pending
https://x.com/search?q=%28lululemon%20OR%20%40lululemon%29%20%28transparency%20OR%20disclose%20OR%20testing%20OR%20evidence%20OR%20report%29%20lang%3Aen%20-is%3Aretweet%20since%3A2026-05-16%20until%3A2026-05-17&src=typed_query,D-透明度,pending
https://x.com/search?q=%28lululemon%20OR%20%40lululemon%29%20%28greenwashing%20OR%20sustainability%20OR%20hypocrisy%29%20lang%3Aen%20-is%3Aretweet%20since%3A2026-05-16%20until%3A2026-05-17&src=typed_query,E-绿洗质疑,pending
https://x.com/search?q=%28lululemon%20OR%20%40lululemon%29%20%28boycott%20OR%20refund%20OR%20trust%20OR%20betrayed%20OR%20%22stop%20buying%22%29%20lang%3Aen%20-is%3Aretweet%20since%3A2026-05-16%20until%3A2026-05-17&src=typed_query,F-抵制声浪,pending
https://x.com/search?q=%28lululemon%20OR%20%40lululemon%29%20lang%3Aen%20-is%3Aretweet%20since%3A2026-05-17%20until%3A2026-05-18&src=typed_query,A-整体讨论,pending
https://x.com/search?q=%28lululemon%20OR%20%40lululemon%29%20%28PFAS%20OR%20%22forever%20chemicals%22%20OR%20toxic%20OR%20chemical%29%20lang%3Aen%20-is%3Aretweet%20since%3A2026-05-17%20until%3A2026-05-18&src=typed_query,B-化学品争议,pending
https://x.com/search?q=%28lululemon%20OR%20%40lululemon%29%20%28health%20OR%20safety%20OR%20cancer%20OR%20immune%20OR%20harmful%29%20lang%3Aen%20-is%3Aretweet%20since%3A2026-05-17%20until%3A2026-05-18&src=typed_query,C-健康安全,pending
https://x.com/search?q=%28lululemon%20OR%20%40lululemon%29%20%28transparency%20OR%20disclose%20OR%20testing%20OR%20evidence%20OR%20report%29%20lang%3Aen%20-is%3Aretweet%20since%3A2026-05-17%20until%3A2026-05-18&src=typed_query,D-透明度,pending
https://x.com/search?q=%28lululemon%20OR%20%40lululemon%29%20%28greenwashing%20OR%20sustainability%20OR%20hypocrisy%29%20lang%3Aen%20-is%3Aretweet%20since%3A2026-05-17%20until%3A2026-05-18&src=typed_query,E-绿洗质疑,pending
https://x.com/search?q=%28lululemon%20OR%20%40lululemon%29%20%28boycott%20OR%20refund%20OR%20trust%20OR%20betrayed%20OR%20%22stop%20buying%22%29%20lang%3Aen%20-is%3Aretweet%20since%3A2026-05-17%20until%3A2026-05-18&src=typed_query,F-抵制声浪,pending
https://x.com/search?q=%28lululemon%20OR%20%40lululemon%29%20lang%3Aen%20-is%3Aretweet%20since%3A2026-05-18%20until%3A2026-05-19&src=typed_query,A-整体讨论,pending
https://x.com/search?q=%28lululemon%20OR%20%40lululemon%29%20%28PFAS%20OR%20%22forever%20chemicals%22%20OR%20toxic%20OR%20chemical%29%20lang%3Aen%20-is%3Aretweet%20since%3A2026-05-18%20until%3A2026-05-19&src=typed_query,B-化学品争议,pending
https://x.com/search?q=%28lululemon%20OR%20%40lululemon%29%20%28health%20OR%20safety%20OR%20cancer%20OR%20immune%20OR%20harmful%29%20lang%3Aen%20-is%3Aretweet%20since%3A2026-05-18%20until%3A2026-05-19&src=typed_query,C-健康安全,pending
https://x.com/search?q=%28lululemon%20OR%20%40lululemon%29%20%28transparency%20OR%20disclose%20OR%20testing%20OR%20evidence%20OR%20report%29%20lang%3Aen%20-is%3Aretweet%20since%3A2026-05-18%20until%3A2026-05-19&src=typed_query,D-透明度,pending
https://x.com/search?q=%28lululemon%20OR%20%40lululemon%29%20%28greenwashing%20OR%20sustainability%20OR%20hypocrisy%29%20lang%3Aen%20-is%3Aretweet%20since%3A2026-05-18%20until%3A2026-05-19&src=typed_query,E-绿洗质疑,pending
https://x.com/search?q=%28lululemon%20OR%20%40lululemon%29%20%28boycott%20OR%20refund%20OR%20trust%20OR%20betrayed%20OR%20%22stop%20buying%22%29%20lang%3Aen%20-is%3Aretweet%20since%3A2026-05-18%20until%3A2026-05-19&src=typed_query,F-抵制声浪,pending
https://x.com/search?q=%28lululemon%20OR%20%40lululemon%29%20lang%3Aen%20-is%3Aretweet%20since%3A2026-05-19%20until%3A2026-05-20&src=typed_query,A-整体讨论,pending
https://x.com/search?q=%28lululemon%20OR%20%40lululemon%29%20%28PFAS%20OR%20%22forever%20chemicals%22%20OR%20toxic%20OR%20chemical%29%20lang%3Aen%20-is%3Aretweet%20since%3A2026-05-19%20until%3A2026-05-20&src=typed_query,B-化学品争议,pending
https://x.com/search?q=%28lululemon%20OR%20%40lululemon%29%20%28health%20OR%20safety%20OR%20cancer%20OR%20immune%20OR%20harmful%29%20lang%3Aen%20-is%3Aretweet%20since%3A2026-05-19%20until%3A2026-05-20&src=typed_query,C-健康安全,pending
https://x.com/search?q=%28lululemon%20OR%20%40lululemon%29%20%28transparency%20OR%20disclose%20OR%20testing%20OR%20evidence%20OR%20report%29%20lang%3Aen%20-is%3Aretweet%20since%3A2026-05-19%20until%3A2026-05-20&src=typed_query,D-透明度,pending
https://x.com/search?q=%28lululemon%20OR%20%40lululemon%29%20%28greenwashing%20OR%20sustainability%20OR%20hypocrisy%29%20lang%3Aen%20-is%3Aretweet%20since%3A2026-05-19%20until%3A2026-05-20&src=typed_query,E-绿洗质疑,pending
https://x.com/search?q=%28lululemon%20OR%20%40lululemon%29%20%28boycott%20OR%20refund%20OR%20trust%20OR%20betrayed%20OR%20%22stop%20buying%22%29%20lang%3Aen%20-is%3Aretweet%20since%3A2026-05-19%20until%3A2026-05-20&src=typed_query,F-抵制声浪,pending
https://x.com/search?q=%28lululemon%20OR%20%40lululemon%29%20lang%3Aen%20-is%3Aretweet%20since%3A2026-05-20%20until%3A2026-05-21&src=typed_query,A-整体讨论,pending
https://x.com/search?q=%28lululemon%20OR%20%40lululemon%29%20%28PFAS%20OR%20%22forever%20chemicals%22%20OR%20toxic%20OR%20chemical%29%20lang%3Aen%20-is%3Aretweet%20since%3A2026-05-20%20until%3A2026-05-21&src=typed_query,B-化学品争议,pending
https://x.com/search?q=%28lululemon%20OR%20%40lululemon%29%20%28health%20OR%20safety%20OR%20cancer%20OR%20immune%20OR%20harmful%29%20lang%3Aen%20-is%3Aretweet%20since%3A2026-05-20%20until%3A2026-05-21&src=typed_query,C-健康安全,pending
https://x.com/search?q=%28lululemon%20OR%20%40lululemon%29%20%28transparency%20OR%20disclose%20OR%20testing%20OR%20evidence%20OR%20report%29%20lang%3Aen%20-is%3Aretweet%20since%3A2026-05-20%20until%3A2026-05-21&src=typed_query,D-透明度,pending
https://x.com/search?q=%28lululemon%20OR%20%40lululemon%29%20%28greenwashing%20OR%20sustainability%20OR%20hypocrisy%29%20lang%3Aen%20-is%3Aretweet%20since%3A2026-05-20%20until%3A2026-05-21&src=typed_query,E-绿洗质疑,pending
https://x.com/search?q=%28lululemon%20OR%20%40lululemon%29%20%28boycott%20OR%20refund%20OR%20trust%20OR%20betrayed%20OR%20%22stop%20buying%22%29%20lang%3Aen%20-is%3Aretweet%20since%3A2026-05-20%20until%3A2026-05-21&src=typed_query,F-抵制声浪,pending
https://x.com/search?q=%28lululemon%20OR%20%40lululemon%29%20lang%3Aen%20-is%3Aretweet%20since%3A2026-05-21%20until%3A2026-05-22&src=typed_query,A-整体讨论,pending
https://x.com/search?q=%28lululemon%20OR%20%40lululemon%29%20%28PFAS%20OR%20%22forever%20chemicals%22%20OR%20toxic%20OR%20chemical%29%20lang%3Aen%20-is%3Aretweet%20since%3A2026-05-21%20until%3A2026-05-22&src=typed_query,B-化学品争议,pending
https://x.com/search?q=%28lululemon%20OR%20%40lululemon%29%20%28health%20OR%20safety%20OR%20cancer%20OR%20immune%20OR%20harmful%29%20lang%3Aen%20-is%3Aretweet%20since%3A2026-05-21%20until%3A2026-05-22&src=typed_query,C-健康安全,pending
https://x.com/search?q=%28lululemon%20OR%20%40lululemon%29%20%28transparency%20OR%20disclose%20OR%20testing%20OR%20evidence%20OR%20report%29%20lang%3Aen%20-is%3Aretweet%20since%3A2026-05-21%20until%3A2026-05-22&src=typed_query,D-透明度,pending
https://x.com/search?q=%28lululemon%20OR%20%40lululemon%29%20%28greenwashing%20OR%20sustainability%20OR%20hypocrisy%29%20lang%3Aen%20-is%3Aretweet%20since%3A2026-05-21%20until%3A2026-05-22&src=typed_query,E-绿洗质疑,pending
https://x.com/search?q=%28lululemon%20OR%20%40lululemon%29%20%28boycott%20OR%20refund%20OR%20trust%20OR%20betrayed%20OR%20%22stop%20buying%22%29%20lang%3Aen%20-is%3Aretweet%20since%3A2026-05-21%20until%3A2026-05-22&src=typed_query,F-抵制声浪,pending
https://x.com/search?q=%28lululemon%20OR%20%40lululemon%29%20lang%3Aen%20-is%3Aretweet%20since%3A2026-05-22%20until%3A2026-05-23&src=typed_query,A-整体讨论,pending
https://x.com/search?q=%28lululemon%20OR%20%40lululemon%29%20%28PFAS%20OR%20%22forever%20chemicals%22%20OR%20toxic%20OR%20chemical%29%20lang%3Aen%20-is%3Aretweet%20since%3A2026-05-22%20until%3A2026-05-23&src=typed_query,B-化学品争议,pending
https://x.com/search?q=%28lululemon%20OR%20%40lululemon%29%20%28health%20OR%20safety%20OR%20cancer%20OR%20immune%20OR%20harmful%29%20lang%3Aen%20-is%3Aretweet%20since%3A2026-05-22%20until%3A2026-05-23&src=typed_query,C-健康安全,pending
https://x.com/search?q=%28lululemon%20OR%20%40lululemon%29%20%28transparency%20OR%20disclose%20OR%20testing%20OR%20evidence%20OR%20report%29%20lang%3Aen%20-is%3Aretweet%20since%3A2026-05-22%20until%3A2026-05-23&src=typed_query,D-透明度,pending
https://x.com/search?q=%28lululemon%20OR%20%40lululemon%29%20%28greenwashing%20OR%20sustainability%20OR%20hypocrisy%29%20lang%3Aen%20-is%3Aretweet%20since%3A2026-05-22%20until%3A2026-05-23&src=typed_query,E-绿洗质疑,pending
https://x.com/search?q=%28lululemon%20OR%20%40lululemon%29%20%28boycott%20OR%20refund%20OR%20trust%20OR%20betrayed%20OR%20%22stop%20buying%22%29%20lang%3Aen%20-is%3Aretweet%20since%3A2026-05-22%20until%3A2026-05-23&src=typed_query,F-抵制声浪,pending
https://x.com/search?q=%28lululemon%20OR%20%40lululemon%29%20lang%3Aen%20-is%3Aretweet%20since%3A2026-05-23%20until%3A2026-05-24&src=typed_query,A-整体讨论,pending
https://x.com/search?q=%28lululemon%20OR%20%40lululemon%29%20%28PFAS%20OR%20%22forever%20chemicals%22%20OR%20toxic%20OR%20chemical%29%20lang%3Aen%20-is%3Aretweet%20since%3A2026-05-23%20until%3A2026-05-24&src=typed_query,B-化学品争议,pending
https://x.com/search?q=%28lululemon%20OR%20%40lululemon%29%20%28health%20OR%20safety%20OR%20cancer%20OR%20immune%20OR%20harmful%29%20lang%3Aen%20-is%3Aretweet%20since%3A2026-05-23%20until%3A2026-05-24&src=typed_query,C-健康安全,pending
https://x.com/search?q=%28lululemon%20OR%20%40lululemon%29%20%28transparency%20OR%20disclose%20OR%20testing%20OR%20evidence%20OR%20report%29%20lang%3Aen%20-is%3Aretweet%20since%3A2026-05-23%20until%3A2026-05-24&src=typed_query,D-透明度,pending
https://x.com/search?q=%28lululemon%20OR%20%40lululemon%29%20%28greenwashing%20OR%20sustainability%20OR%20hypocrisy%29%20lang%3Aen%20-is%3Aretweet%20since%3A2026-05-23%20until%3A2026-05-24&src=typed_query,E-绿洗质疑,pending
https://x.com/search?q=%28lululemon%20OR%20%40lululemon%29%20%28boycott%20OR%20refund%20OR%20trust%20OR%20betrayed%20OR%20%22stop%20buying%22%29%20lang%3Aen%20-is%3Aretweet%20since%3A2026-05-23%20until%3A2026-05-24&src=typed_query,F-抵制声浪,pending
https://x.com/search?q=%28lululemon%20OR%20%40lululemon%29%20lang%3Aen%20-is%3Aretweet%20since%3A2026-05-24%20until%3A2026-05-25&src=typed_query,A-整体讨论,pending
https://x.com/search?q=%28lululemon%20OR%20%40lululemon%29%20%28PFAS%20OR%20%22forever%20chemicals%22%20OR%20toxic%20OR%20chemical%29%20lang%3Aen%20-is%3Aretweet%20since%3A2026-05-24%20until%3A2026-05-25&src=typed_query,B-化学品争议,pending
https://x.com/search?q=%28lululemon%20OR%20%40lululemon%29%20%28health%20OR%20safety%20OR%20cancer%20OR%20immune%20OR%20harmful%29%20lang%3Aen%20-is%3Aretweet%20since%3A2026-05-24%20until%3A2026-05-25&src=typed_query,C-健康安全,pending
https://x.com/search?q=%28lululemon%20OR%20%40lululemon%29%20%28transparency%20OR%20disclose%20OR%20testing%20OR%20evidence%20OR%20report%29%20lang%3Aen%20-is%3Aretweet%20since%3A2026-05-24%20until%3A2026-05-25&src=typed_query,D-透明度,pending
https://x.com/search?q=%28lululemon%20OR%20%40lululemon%29%20%28greenwashing%20OR%20sustainability%20OR%20hypocrisy%29%20lang%3Aen%20-is%3Aretweet%20since%3A2026-05-24%20until%3A2026-05-25&src=typed_query,E-绿洗质疑,pending
https://x.com/search?q=%28lululemon%20OR%20%40lululemon%29%20%28boycott%20OR%20refund%20OR%20trust%20OR%20betrayed%20OR%20%22stop%20buying%22%29%20lang%3Aen%20-is%3Aretweet%20since%3A2026-05-24%20until%3A2026-05-25&src=typed_query,F-抵制声浪,pending
https://x.com/search?q=%28lululemon%20OR%20%40lululemon%29%20lang%3Aen%20-is%3Aretweet%20since%3A2026-05-25%20until%3A2026-05-26&src=typed_query,A-整体讨论,pending
https://x.com/search?q=%28lululemon%20OR%20%40lululemon%29%20%28PFAS%20OR%20%22forever%20chemicals%22%20OR%20toxic%20OR%20chemical%29%20lang%3Aen%20-is%3Aretweet%20since%3A2026-05-25%20until%3A2026-05-26&src=typed_query,B-化学品争议,pending
https://x.com/search?q=%28lululemon%20OR%20%40lululemon%29%20%28health%20OR%20safety%20OR%20cancer%20OR%20immune%20OR%20harmful%29%20lang%3Aen%20-is%3Aretweet%20since%3A2026-05-25%20until%3A2026-05-26&src=typed_query,C-健康安全,pending
https://x.com/search?q=%28lululemon%20OR%20%40lululemon%29%20%28transparency%20OR%20disclose%20OR%20testing%20OR%20evidence%20OR%20report%29%20lang%3Aen%20-is%3Aretweet%20since%3A2026-05-25%20until%3A2026-05-26&src=typed_query,D-透明度,pending
https://x.com/search?q=%28lululemon%20OR%20%40lululemon%29%20%28greenwashing%20OR%20sustainability%20OR%20hypocrisy%29%20lang%3Aen%20-is%3Aretweet%20since%3A2026-05-25%20until%3A2026-05-26&src=typed_query,E-绿洗质疑,pending
https://x.com/search?q=%28lululemon%20OR%20%40lululemon%29%20%28boycott%20OR%20refund%20OR%20trust%20OR%20betrayed%20OR%20%22stop%20buying%22%29%20lang%3Aen%20-is%3Aretweet%20since%3A2026-05-25%20until%3A2026-05-26&src=typed_query,F-抵制声浪,pending
https://x.com/search?q=%28lululemon%20OR%20%40lululemon%29%20lang%3Aen%20-is%3Aretweet%20since%3A2026-05-26%20until%3A2026-05-27&src=typed_query,A-整体讨论,pending
https://x.com/search?q=%28lululemon%20OR%20%40lululemon%29%20%28PFAS%20OR%20%22forever%20chemicals%22%20OR%20toxic%20OR%20chemical%29%20lang%3Aen%20-is%3Aretweet%20since%3A2026-05-26%20until%3A2026-05-27&src=typed_query,B-化学品争议,pending
https://x.com/search?q=%28lululemon%20OR%20%40lululemon%29%20%28health%20OR%20safety%20OR%20cancer%20OR%20immune%20OR%20harmful%29%20lang%3Aen%20-is%3Aretweet%20since%3A2026-05-26%20until%3A2026-05-27&src=typed_query,C-健康安全,pending
https://x.com/search?q=%28lululemon%20OR%20%40lululemon%29%20%28transparency%20OR%20disclose%20OR%20testing%20OR%20evidence%20OR%20report%29%20lang%3Aen%20-is%3Aretweet%20since%3A2026-05-26%20until%3A2026-05-27&src=typed_query,D-透明度,pending
https://x.com/search?q=%28lululemon%20OR%20%40lululemon%29%20%28greenwashing%20OR%20sustainability%20OR%20hypocrisy%29%20lang%3Aen%20-is%3Aretweet%20since%3A2026-05-26%20until%3A2026-05-27&src=typed_query,E-绿洗质疑,pending
https://x.com/search?q=%28lululemon%20OR%20%40lululemon%29%20%28boycott%20OR%20refund%20OR%20trust%20OR%20betrayed%20OR%20%22stop%20buying%22%29%20lang%3Aen%20-is%3Aretweet%20since%3A2026-05-26%20until%3A2026-05-27&src=typed_query,F-抵制声浪,pending
https://x.com/search?q=%28lululemon%20OR%20%40lululemon%29%20lang%3Aen%20-is%3Aretweet%20since%3A2026-05-27%20until%3A2026-05-28&src=typed_query,A-整体讨论,pending
https://x.com/search?q=%28lululemon%20OR%20%40lululemon%29%20%28PFAS%20OR%20%22forever%20chemicals%22%20OR%20toxic%20OR%20chemical%29%20lang%3Aen%20-is%3Aretweet%20since%3A2026-05-27%20until%3A2026-05-28&src=typed_query,B-化学品争议,pending
https://x.com/search?q=%28lululemon%20OR%20%40lululemon%29%20%28health%20OR%20safety%20OR%20cancer%20OR%20immune%20OR%20harmful%29%20lang%3Aen%20-is%3Aretweet%20since%3A2026-05-27%20until%3A2026-05-28&src=typed_query,C-健康安全,pending
https://x.com/search?q=%28lululemon%20OR%20%40lululemon%29%20%28transparency%20OR%20disclose%20OR%20testing%20OR%20evidence%20OR%20report%29%20lang%3Aen%20-is%3Aretweet%20since%3A2026-05-27%20until%3A2026-05-28&src=typed_query,D-透明度,pending
https://x.com/search?q=%28lululemon%20OR%20%40lululemon%29%20%28greenwashing%20OR%20sustainability%20OR%20hypocrisy%29%20lang%3Aen%20-is%3Aretweet%20since%3A2026-05-27%20until%3A2026-05-28&src=typed_query,E-绿洗质疑,pending
https://x.com/search?q=%28lululemon%20OR%20%40lululemon%29%20%28boycott%20OR%20refund%20OR%20trust%20OR%20betrayed%20OR%20%22stop%20buying%22%29%20lang%3Aen%20-is%3Aretweet%20since%3A2026-05-27%20until%3A2026-05-28&src=typed_query,F-抵制声浪,pending
https://x.com/search?q=%28lululemon%20OR%20%40lululemon%29%20lang%3Aen%20-is%3Aretweet%20since%3A2026-05-28%20until%3A2026-05-29&src=typed_query,A-整体讨论,pending
https://x.com/search?q=%28lululemon%20OR%20%40lululemon%29%20%28PFAS%20OR%20%22forever%20chemicals%22%20OR%20toxic%20OR%20chemical%29%20lang%3Aen%20-is%3Aretweet%20since%3A2026-05-28%20until%3A2026-05-29&src=typed_query,B-化学品争议,pending
https://x.com/search?q=%28lululemon%20OR%20%40lululemon%29%20%28health%20OR%20safety%20OR%20cancer%20OR%20immune%20OR%20harmful%29%20lang%3Aen%20-is%3Aretweet%20since%3A2026-05-28%20until%3A2026-05-29&src=typed_query,C-健康安全,pending
https://x.com/search?q=%28lululemon%20OR%20%40lululemon%29%20%28transparency%20OR%20disclose%20OR%20testing%20OR%20evidence%20OR%20report%29%20lang%3Aen%20-is%3Aretweet%20since%3A2026-05-28%20until%3A2026-05-29&src=typed_query,D-透明度,pending
https://x.com/search?q=%28lululemon%20OR%20%40lululemon%29%20%28greenwashing%20OR%20sustainability%20OR%20hypocrisy%29%20lang%3Aen%20-is%3Aretweet%20since%3A2026-05-28%20until%3A2026-05-29&src=typed_query,E-绿洗质疑,pending
https://x.com/search?q=%28lululemon%20OR%20%40lululemon%29%20%28boycott%20OR%20refund%20OR%20trust%20OR%20betrayed%20OR%20%22stop%20buying%22%29%20lang%3Aen%20-is%3Aretweet%20since%3A2026-05-28%20until%3A2026-05-29&src=typed_query,F-抵制声浪,pending
https://x.com/search?q=%28lululemon%20OR%20%40lululemon%29%20lang%3Aen%20-is%3Aretweet%20since%3A2026-05-29%20until%3A2026-05-30&src=typed_query,A-整体讨论,pending
https://x.com/search?q=%28lululemon%20OR%20%40lululemon%29%20%28PFAS%20OR%20%22forever%20chemicals%22%20OR%20toxic%20OR%20chemical%29%20lang%3Aen%20-is%3Aretweet%20since%3A2026-05-29%20until%3A2026-05-30&src=typed_query,B-化学品争议,pending
https://x.com/search?q=%28lululemon%20OR%20%40lululemon%29%20%28health%20OR%20safety%20OR%20cancer%20OR%20immune%20OR%20harmful%29%20lang%3Aen%20-is%3Aretweet%20since%3A2026-05-29%20until%3A2026-05-30&src=typed_query,C-健康安全,pending
https://x.com/search?q=%28lululemon%20OR%20%40lululemon%29%20%28transparency%20OR%20disclose%20OR%20testing%20OR%20evidence%20OR%20report%29%20lang%3Aen%20-is%3Aretweet%20since%3A2026-05-29%20until%3A2026-05-30&src=typed_query,D-透明度,pending
https://x.com/search?q=%28lululemon%20OR%20%40lululemon%29%20%28greenwashing%20OR%20sustainability%20OR%20hypocrisy%29%20lang%3Aen%20-is%3Aretweet%20since%3A2026-05-29%20until%3A2026-05-30&src=typed_query,E-绿洗质疑,pending
https://x.com/search?q=%28lululemon%20OR%20%40lululemon%29%20%28boycott%20OR%20refund%20OR%20trust%20OR%20betrayed%20OR%20%22stop%20buying%22%29%20lang%3Aen%20-is%3Aretweet%20since%3A2026-05-29%20until%3A2026-05-30&src=typed_query,F-抵制声浪,pending
https://x.com/search?q=%28lululemon%20OR%20%40lululemon%29%20lang%3Aen%20-is%3Aretweet%20since%3A2026-05-30%20until%3A2026-05-31&src=typed_query,A-整体讨论,pending
https://x.com/search?q=%28lululemon%20OR%20%40lululemon%29%20%28PFAS%20OR%20%22forever%20chemicals%22%20OR%20toxic%20OR%20chemical%29%20lang%3Aen%20-is%3Aretweet%20since%3A2026-05-30%20until%3A2026-05-31&src=typed_query,B-化学品争议,pending
https://x.com/search?q=%28lululemon%20OR%20%40lululemon%29%20%28health%20OR%20safety%20OR%20cancer%20OR%20immune%20OR%20harmful%29%20lang%3Aen%20-is%3Aretweet%20since%3A2026-05-30%20until%3A2026-05-31&src=typed_query,C-健康安全,pending
https://x.com/search?q=%28lululemon%20OR%20%40lululemon%29%20%28transparency%20OR%20disclose%20OR%20testing%20OR%20evidence%20OR%20report%29%20lang%3Aen%20-is%3Aretweet%20since%3A2026-05-30%20until%3A2026-05-31&src=typed_query,D-透明度,pending
https://x.com/search?q=%28lululemon%20OR%20%40lululemon%29%20%28greenwashing%20OR%20sustainability%20OR%20hypocrisy%29%20lang%3Aen%20-is%3Aretweet%20since%3A2026-05-30%20until%3A2026-05-31&src=typed_query,E-绿洗质疑,pending
https://x.com/search?q=%28lululemon%20OR%20%40lululemon%29%20%28boycott%20OR%20refund%20OR%20trust%20OR%20betrayed%20OR%20%22stop%20buying%22%29%20lang%3Aen%20-is%3Aretweet%20since%3A2026-05-30%20until%3A2026-05-31&src=typed_query,F-抵制声浪,pending
https://x.com/search?q=%28lululemon%20OR%20%40lululemon%29%20lang%3Aen%20-is%3Aretweet%20since%3A2026-05-31%20until%3A2026-06-01&src=typed_query,A-整体讨论,pending
https://x.com/search?q=%28lululemon%20OR%20%40lululemon%29%20%28PFAS%20OR%20%22forever%20chemicals%22%20OR%20toxic%20OR%20chemical%29%20lang%3Aen%20-is%3Aretweet%20since%3A2026-05-31%20until%3A2026-06-01&src=typed_query,B-化学品争议,pending
https://x.com/search?q=%28lululemon%20OR%20%40lululemon%29%20%28health%20OR%20safety%20OR%20cancer%20OR%20immune%20OR%20harmful%29%20lang%3Aen%20-is%3Aretweet%20since%3A2026-05-31%20until%3A2026-06-01&src=typed_query,C-健康安全,pending
https://x.com/search?q=%28lululemon%20OR%20%40lululemon%29%20%28transparency%20OR%20disclose%20OR%20testing%20OR%20evidence%20OR%20report%29%20lang%3Aen%20-is%3Aretweet%20since%3A2026-05-31%20until%3A2026-06-01&src=typed_query,D-透明度,pending
https://x.com/search?q=%28lululemon%20OR%20%40lululemon%29%20%28greenwashing%20OR%20sustainability%20OR%20hypocrisy%29%20lang%3Aen%20-is%3Aretweet%20since%3A2026-05-31%20until%3A2026-06-01&src=typed_query,E-绿洗质疑,pending
https://x.com/search?q=%28lululemon%20OR%20%40lululemon%29%20%28boycott%20OR%20refund%20OR%20trust%20OR%20betrayed%20OR%20%22stop%20buying%22%29%20lang%3Aen%20-is%3Aretweet%20since%3A2026-05-31%20until%3A2026-06-01&src=typed_query,F-抵制声浪,pending
https://x.com/search?q=%28lululemon%20OR%20%40lululemon%29%20lang%3Aen%20-is%3Aretweet%20since%3A2026-06-01%20until%3A2026-06-02&src=typed_query,A-整体讨论,pending
https://x.com/search?q=%28lululemon%20OR%20%40lululemon%29%20%28PFAS%20OR%20%22forever%20chemicals%22%20OR%20toxic%20OR%20chemical%29%20lang%3Aen%20-is%3Aretweet%20since%3A2026-06-01%20until%3A2026-06-02&src=typed_query,B-化学品争议,pending
https://x.com/search?q=%28lululemon%20OR%20%40lululemon%29%20%28health%20OR%20safety%20OR%20cancer%20OR%20immune%20OR%20harmful%29%20lang%3Aen%20-is%3Aretweet%20since%3A2026-06-01%20until%3A2026-06-02&src=typed_query,C-健康安全,pending
https://x.com/search?q=%28lululemon%20OR%20%40lululemon%29%20%28transparency%20OR%20disclose%20OR%20testing%20OR%20evidence%20OR%20report%29%20lang%3Aen%20-is%3Aretweet%20since%3A2026-06-01%20until%3A2026-06-02&src=typed_query,D-透明度,pending
https://x.com/search?q=%28lululemon%20OR%20%40lululemon%29%20%28greenwashing%20OR%20sustainability%20OR%20hypocrisy%29%20lang%3Aen%20-is%3Aretweet%20since%3A2026-06-01%20until%3A2026-06-02&src=typed_query,E-绿洗质疑,pending
https://x.com/search?q=%28lululemon%20OR%20%40lululemon%29%20%28boycott%20OR%20refund%20OR%20trust%20OR%20betrayed%20OR%20%22stop%20buying%22%29%20lang%3Aen%20-is%3Aretweet%20since%3A2026-06-01%20until%3A2026-06-02&src=typed_query,F-抵制声浪,pending
https://x.com/search?q=%28lululemon%20OR%20%40lululemon%29%20lang%3Aen%20-is%3Aretweet%20since%3A2026-06-02%20until%3A2026-06-03&src=typed_query,A-整体讨论,pending
https://x.com/search?q=%28lululemon%20OR%20%40lululemon%29%20%28PFAS%20OR%20%22forever%20chemicals%22%20OR%20toxic%20OR%20chemical%29%20lang%3Aen%20-is%3Aretweet%20since%3A2026-06-02%20until%3A2026-06-03&src=typed_query,B-化学品争议,pending
https://x.com/search?q=%28lululemon%20OR%20%40lululemon%29%20%28health%20OR%20safety%20OR%20cancer%20OR%20immune%20OR%20harmful%29%20lang%3Aen%20-is%3Aretweet%20since%3A2026-06-02%20until%3A2026-06-03&src=typed_query,C-健康安全,pending
https://x.com/search?q=%28lululemon%20OR%20%40lululemon%29%20%28transparency%20OR%20disclose%20OR%20testing%20OR%20evidence%20OR%20report%29%20lang%3Aen%20-is%3Aretweet%20since%3A2026-06-02%20until%3A2026-06-03&src=typed_query,D-透明度,pending
https://x.com/search?q=%28lululemon%20OR%20%40lululemon%29%20%28greenwashing%20OR%20sustainability%20OR%20hypocrisy%29%20lang%3Aen%20-is%3Aretweet%20since%3A2026-06-02%20until%3A2026-06-03&src=typed_query,E-绿洗质疑,pending
https://x.com/search?q=%28lululemon%20OR%20%40lululemon%29%20%28boycott%20OR%20refund%20OR%20trust%20OR%20betrayed%20OR%20%22stop%20buying%22%29%20lang%3Aen%20-is%3Aretweet%20since%3A2026-06-02%20until%3A2026-06-03&src=typed_query,F-抵制声浪,pending
https://x.com/search?q=%28lululemon%20OR%20%40lululemon%29%20lang%3Aen%20-is%3Aretweet%20since%3A2026-06-03%20until%3A2026-06-04&src=typed_query,A-整体讨论,pending
https://x.com/search?q=%28lululemon%20OR%20%40lululemon%29%20%28PFAS%20OR%20%22forever%20chemicals%22%20OR%20toxic%20OR%20chemical%29%20lang%3Aen%20-is%3Aretweet%20since%3A2026-06-03%20until%3A2026-06-04&src=typed_query,B-化学品争议,pending
https://x.com/search?q=%28lululemon%20OR%20%40lululemon%29%20%28health%20OR%20safety%20OR%20cancer%20OR%20immune%20OR%20harmful%29%20lang%3Aen%20-is%3Aretweet%20since%3A2026-06-03%20until%3A2026-06-04&src=typed_query,C-健康安全,pending
https://x.com/search?q=%28lululemon%20OR%20%40lululemon%29%20%28transparency%20OR%20disclose%20OR%20testing%20OR%20evidence%20OR%20report%29%20lang%3Aen%20-is%3Aretweet%20since%3A2026-06-03%20until%3A2026-06-04&src=typed_query,D-透明度,pending
https://x.com/search?q=%28lululemon%20OR%20%40lululemon%29%20%28greenwashing%20OR%20sustainability%20OR%20hypocrisy%29%20lang%3Aen%20-is%3Aretweet%20since%3A2026-06-03%20until%3A2026-06-04&src=typed_query,E-绿洗质疑,pending
https://x.com/search?q=%28lululemon%20OR%20%40lululemon%29%20%28boycott%20OR%20refund%20OR%20trust%20OR%20betrayed%20OR%20%22stop%20buying%22%29%20lang%3Aen%20-is%3Aretweet%20since%3A2026-06-03%20until%3A2026-06-04&src=typed_query,F-抵制声浪,pending
https://x.com/search?q=%28lululemon%20OR%20%40lululemon%29%20lang%3Aen%20-is%3Aretweet%20since%3A2026-06-04%20until%3A2026-06-05&src=typed_query,A-整体讨论,pending
https://x.com/search?q=%28lululemon%20OR%20%40lululemon%29%20%28PFAS%20OR%20%22forever%20chemicals%22%20OR%20toxic%20OR%20chemical%29%20lang%3Aen%20-is%3Aretweet%20since%3A2026-06-04%20until%3A2026-06-05&src=typed_query,B-化学品争议,pending
https://x.com/search?q=%28lululemon%20OR%20%40lululemon%29%20%28health%20OR%20safety%20OR%20cancer%20OR%20immune%20OR%20harmful%29%20lang%3Aen%20-is%3Aretweet%20since%3A2026-06-04%20until%3A2026-06-05&src=typed_query,C-健康安全,pending
https://x.com/search?q=%28lululemon%20OR%20%40lululemon%29%20%28transparency%20OR%20disclose%20OR%20testing%20OR%20evidence%20OR%20report%29%20lang%3Aen%20-is%3Aretweet%20since%3A2026-06-04%20until%3A2026-06-05&src=typed_query,D-透明度,pending
https://x.com/search?q=%28lululemon%20OR%20%40lululemon%29%20%28greenwashing%20OR%20sustainability%20OR%20hypocrisy%29%20lang%3Aen%20-is%3Aretweet%20since%3A2026-06-04%20until%3A2026-06-05&src=typed_query,E-绿洗质疑,pending
https://x.com/search?q=%28lululemon%20OR%20%40lululemon%29%20%28boycott%20OR%20refund%20OR%20trust%20OR%20betrayed%20OR%20%22stop%20buying%22%29%20lang%3Aen%20-is%3Aretweet%20since%3A2026-06-04%20until%3A2026-06-05&src=typed_query,F-抵制声浪,pending
https://x.com/search?q=%28lululemon%20OR%20%40lululemon%29%20lang%3Aen%20-is%3Aretweet%20since%3A2026-06-05%20until%3A2026-06-06&src=typed_query,A-整体讨论,pending
https://x.com/search?q=%28lululemon%20OR%20%40lululemon%29%20%28PFAS%20OR%20%22forever%20chemicals%22%20OR%20toxic%20OR%20chemical%29%20lang%3Aen%20-is%3Aretweet%20since%3A2026-06-05%20until%3A2026-06-06&src=typed_query,B-化学品争议,pending
https://x.com/search?q=%28lululemon%20OR%20%40lululemon%29%20%28health%20OR%20safety%20OR%20cancer%20OR%20immune%20OR%20harmful%29%20lang%3Aen%20-is%3Aretweet%20since%3A2026-06-05%20until%3A2026-06-06&src=typed_query,C-健康安全,pending
https://x.com/search?q=%28lululemon%20OR%20%40lululemon%29%20%28transparency%20OR%20disclose%20OR%20testing%20OR%20evidence%20OR%20report%29%20lang%3Aen%20-is%3Aretweet%20since%3A2026-06-05%20until%3A2026-06-06&src=typed_query,D-透明度,pending
https://x.com/search?q=%28lululemon%20OR%20%40lululemon%29%20%28greenwashing%20OR%20sustainability%20OR%20hypocrisy%29%20lang%3Aen%20-is%3Aretweet%20since%3A2026-06-05%20until%3A2026-06-06&src=typed_query,E-绿洗质疑,pending
https://x.com/search?q=%28lululemon%20OR%20%40lululemon%29%20%28boycott%20OR%20refund%20OR%20trust%20OR%20betrayed%20OR%20%22stop%20buying%22%29%20lang%3Aen%20-is%3Aretweet%20since%3A2026-06-05%20until%3A2026-06-06&src=typed_query,F-抵制声浪,pending
https://x.com/search?q=%28lululemon%20OR%20%40lululemon%29%20lang%3Aen%20-is%3Aretweet%20since%3A2026-06-06%20until%3A2026-06-07&src=typed_query,A-整体讨论,pending
https://x.com/search?q=%28lululemon%20OR%20%40lululemon%29%20%28PFAS%20OR%20%22forever%20chemicals%22%20OR%20toxic%20OR%20chemical%29%20lang%3Aen%20-is%3Aretweet%20since%3A2026-06-06%20until%3A2026-06-07&src=typed_query,B-化学品争议,pending
https://x.com/search?q=%28lululemon%20OR%20%40lululemon%29%20%28health%20OR%20safety%20OR%20cancer%20OR%20immune%20OR%20harmful%29%20lang%3Aen%20-is%3Aretweet%20since%3A2026-06-06%20until%3A2026-06-07&src=typed_query,C-健康安全,pending
https://x.com/search?q=%28lululemon%20OR%20%40lululemon%29%20%28transparency%20OR%20disclose%20OR%20testing%20OR%20evidence%20OR%20report%29%20lang%3Aen%20-is%3Aretweet%20since%3A2026-06-06%20until%3A2026-06-07&src=typed_query,D-透明度,pending
https://x.com/search?q=%28lululemon%20OR%20%40lululemon%29%20%28greenwashing%20OR%20sustainability%20OR%20hypocrisy%29%20lang%3Aen%20-is%3Aretweet%20since%3A2026-06-06%20until%3A2026-06-07&src=typed_query,E-绿洗质疑,pending
https://x.com/search?q=%28lululemon%20OR%20%40lululemon%29%20%28boycott%20OR%20refund%20OR%20trust%20OR%20betrayed%20OR%20%22stop%20buying%22%29%20lang%3Aen%20-is%3Aretweet%20since%3A2026-06-06%20until%3A2026-06-07&src=typed_query,F-抵制声浪,pending
https://x.com/search?q=%28lululemon%20OR%20%40lululemon%29%20lang%3Aen%20-is%3Aretweet%20since%3A2026-06-07%20until%3A2026-06-08&src=typed_query,A-整体讨论,pending
https://x.com/search?q=%28lululemon%20OR%20%40lululemon%29%20%28PFAS%20OR%20%22forever%20chemicals%22%20OR%20toxic%20OR%20chemical%29%20lang%3Aen%20-is%3Aretweet%20since%3A2026-06-07%20until%3A2026-06-08&src=typed_query,B-化学品争议,pending
https://x.com/search?q=%28lululemon%20OR%20%40lululemon%29%20%28health%20OR%20safety%20OR%20cancer%20OR%20immune%20OR%20harmful%29%20lang%3Aen%20-is%3Aretweet%20since%3A2026-06-07%20until%3A2026-06-08&src=typed_query,C-健康安全,pending
https://x.com/search?q=%28lululemon%20OR%20%40lululemon%29%20%28transparency%20OR%20disclose%20OR%20testing%20OR%20evidence%20OR%20report%29%20lang%3Aen%20-is%3Aretweet%20since%3A2026-06-07%20until%3A2026-06-08&src=typed_query,D-透明度,pending
https://x.com/search?q=%28lululemon%20OR%20%40lululemon%29%20%28greenwashing%20OR%20sustainability%20OR%20hypocrisy%29%20lang%3Aen%20-is%3Aretweet%20since%3A2026-06-07%20until%3A2026-06-08&src=typed_query,E-绿洗质疑,pending
https://x.com/search?q=%28lululemon%20OR%20%40lululemon%29%20%28boycott%20OR%20refund%20OR%20trust%20OR%20betrayed%20OR%20%22stop%20buying%22%29%20lang%3Aen%20-is%3Aretweet%20since%3A2026-06-07%20until%3A2026-06-08&src=typed_query,F-抵制声浪,pending
https://x.com/search?q=%28lululemon%20OR%20%40lululemon%29%20lang%3Aen%20-is%3Aretweet%20since%3A2026-06-08%20until%3A2026-06-09&src=typed_query,A-整体讨论,pending
https://x.com/search?q=%28lululemon%20OR%20%40lululemon%29%20%28PFAS%20OR%20%22forever%20chemicals%22%20OR%20toxic%20OR%20chemical%29%20lang%3Aen%20-is%3Aretweet%20since%3A2026-06-08%20until%3A2026-06-09&src=typed_query,B-化学品争议,pending
https://x.com/search?q=%28lululemon%20OR%20%40lululemon%29%20%28health%20OR%20safety%20OR%20cancer%20OR%20immune%20OR%20harmful%29%20lang%3Aen%20-is%3Aretweet%20since%3A2026-06-08%20until%3A2026-06-09&src=typed_query,C-健康安全,pending
https://x.com/search?q=%28lululemon%20OR%20%40lululemon%29%20%28transparency%20OR%20disclose%20OR%20testing%20OR%20evidence%20OR%20report%29%20lang%3Aen%20-is%3Aretweet%20since%3A2026-06-08%20until%3A2026-06-09&src=typed_query,D-透明度,pending
https://x.com/search?q=%28lululemon%20OR%20%40lululemon%29%20%28greenwashing%20OR%20sustainability%20OR%20hypocrisy%29%20lang%3Aen%20-is%3Aretweet%20since%3A2026-06-08%20until%3A2026-06-09&src=typed_query,E-绿洗质疑,pending
https://x.com/search?q=%28lululemon%20OR%20%40lululemon%29%20%28boycott%20OR%20refund%20OR%20trust%20OR%20betrayed%20OR%20%22stop%20buying%22%29%20lang%3Aen%20-is%3Aretweet%20since%3A2026-06-08%20until%3A2026-06-09&src=typed_query,F-抵制声浪,pending
https://x.com/search?q=%28lululemon%20OR%20%40lululemon%29%20lang%3Aen%20-is%3Aretweet%20since%3A2026-06-09%20until%3A2026-06-10&src=typed_query,A-整体讨论,pending
https://x.com/search?q=%28lululemon%20OR%20%40lululemon%29%20%28PFAS%20OR%20%22forever%20chemicals%22%20OR%20toxic%20OR%20chemical%29%20lang%3Aen%20-is%3Aretweet%20since%3A2026-06-09%20until%3A2026-06-10&src=typed_query,B-化学品争议,pending
https://x.com/search?q=%28lululemon%20OR%20%40lululemon%29%20%28health%20OR%20safety%20OR%20cancer%20OR%20immune%20OR%20harmful%29%20lang%3Aen%20-is%3Aretweet%20since%3A2026-06-09%20until%3A2026-06-10&src=typed_query,C-健康安全,pending
https://x.com/search?q=%28lululemon%20OR%20%40lululemon%29%20%28transparency%20OR%20disclose%20OR%20testing%20OR%20evidence%20OR%20report%29%20lang%3Aen%20-is%3Aretweet%20since%3A2026-06-09%20until%3A2026-06-10&src=typed_query,D-透明度,pending
https://x.com/search?q=%28lululemon%20OR%20%40lululemon%29%20%28greenwashing%20OR%20sustainability%20OR%20hypocrisy%29%20lang%3Aen%20-is%3Aretweet%20since%3A2026-06-09%20until%3A2026-06-10&src=typed_query,E-绿洗质疑,pending
https://x.com/search?q=%28lululemon%20OR%20%40lululemon%29%20%28boycott%20OR%20refund%20OR%20trust%20OR%20betrayed%20OR%20%22stop%20buying%22%29%20lang%3Aen%20-is%3Aretweet%20since%3A2026-06-09%20until%3A2026-06-10&src=typed_query,F-抵制声浪,pending
https://x.com/search?q=%28lululemon%20OR%20%40lululemon%29%20lang%3Aen%20-is%3Aretweet%20since%3A2026-06-10%20until%3A2026-06-11&src=typed_query,A-整体讨论,pending
https://x.com/search?q=%28lululemon%20OR%20%40lululemon%29%20%28PFAS%20OR%20%22forever%20chemicals%22%20OR%20toxic%20OR%20chemical%29%20lang%3Aen%20-is%3Aretweet%20since%3A2026-06-10%20until%3A2026-06-11&src=typed_query,B-化学品争议,pending
https://x.com/search?q=%28lululemon%20OR%20%40lululemon%29%20%28health%20OR%20safety%20OR%20cancer%20OR%20immune%20OR%20harmful%29%20lang%3Aen%20-is%3Aretweet%20since%3A2026-06-10%20until%3A2026-06-11&src=typed_query,C-健康安全,pending
https://x.com/search?q=%28lululemon%20OR%20%40lululemon%29%20%28transparency%20OR%20disclose%20OR%20testing%20OR%20evidence%20OR%20report%29%20lang%3Aen%20-is%3Aretweet%20since%3A2026-06-10%20until%3A2026-06-11&src=typed_query,D-透明度,pending
https://x.com/search?q=%28lululemon%20OR%20%40lululemon%29%20%28greenwashing%20OR%20sustainability%20OR%20hypocrisy%29%20lang%3Aen%20-is%3Aretweet%20since%3A2026-06-10%20until%3A2026-06-11&src=typed_query,E-绿洗质疑,pending
https://x.com/search?q=%28lululemon%20OR%20%40lululemon%29%20%28boycott%20OR%20refund%20OR%20trust%20OR%20betrayed%20OR%20%22stop%20buying%22%29%20lang%3Aen%20-is%3Aretweet%20since%3A2026-06-10%20until%3A2026-06-11&src=typed_query,F-抵制声浪,pending
https://x.com/search?q=%28lululemon%20OR%20%40lululemon%29%20lang%3Aen%20-is%3Aretweet%20since%3A2026-06-11%20until%3A2026-06-12&src=typed_query,A-整体讨论,pending
https://x.com/search?q=%28lululemon%20OR%20%40lululemon%29%20%28PFAS%20OR%20%22forever%20chemicals%22%20OR%20toxic%20OR%20chemical%29%20lang%3Aen%20-is%3Aretweet%20since%3A2026-06-11%20until%3A2026-06-12&src=typed_query,B-化学品争议,pending
https://x.com/search?q=%28lululemon%20OR%20%40lululemon%29%20%28health%20OR%20safety%20OR%20cancer%20OR%20immune%20OR%20harmful%29%20lang%3Aen%20-is%3Aretweet%20since%3A2026-06-11%20until%3A2026-06-12&src=typed_query,C-健康安全,pending
https://x.com/search?q=%28lululemon%20OR%20%40lululemon%29%20%28transparency%20OR%20disclose%20OR%20testing%20OR%20evidence%20OR%20report%29%20lang%3Aen%20-is%3Aretweet%20since%3A2026-06-11%20until%3A2026-06-12&src=typed_query,D-透明度,pending
https://x.com/search?q=%28lululemon%20OR%20%40lululemon%29%20%28greenwashing%20OR%20sustainability%20OR%20hypocrisy%29%20lang%3Aen%20-is%3Aretweet%20since%3A2026-06-11%20until%3A2026-06-12&src=typed_query,E-绿洗质疑,pending
https://x.com/search?q=%28lululemon%20OR%20%40lululemon%29%20%28boycott%20OR%20refund%20OR%20trust%20OR%20betrayed%20OR%20%22stop%20buying%22%29%20lang%3Aen%20-is%3Aretweet%20since%3A2026-06-11%20until%3A2026-06-12&src=typed_query,F-抵制声浪,pending
https://x.com/search?q=%28lululemon%20OR%20%40lululemon%29%20lang%3Aen%20-is%3Aretweet%20since%3A2026-06-12%20until%3A2026-06-13&src=typed_query,A-整体讨论,pending
https://x.com/search?q=%28lululemon%20OR%20%40lululemon%29%20%28PFAS%20OR%20%22forever%20chemicals%22%20OR%20toxic%20OR%20chemical%29%20lang%3Aen%20-is%3Aretweet%20since%3A2026-06-12%20until%3A2026-06-13&src=typed_query,B-化学品争议,pending
https://x.com/search?q=%28lululemon%20OR%20%40lululemon%29%20%28health%20OR%20safety%20OR%20cancer%20OR%20immune%20OR%20harmful%29%20lang%3Aen%20-is%3Aretweet%20since%3A2026-06-12%20until%3A2026-06-13&src=typed_query,C-健康安全,pending
https://x.com/search?q=%28lululemon%20OR%20%40lululemon%29%20%28transparency%20OR%20disclose%20OR%20testing%20OR%20evidence%20OR%20report%29%20lang%3Aen%20-is%3Aretweet%20since%3A2026-06-12%20until%3A2026-06-13&src=typed_query,D-透明度,pending
https://x.com/search?q=%28lululemon%20OR%20%40lululemon%29%20%28greenwashing%20OR%20sustainability%20OR%20hypocrisy%29%20lang%3Aen%20-is%3Aretweet%20since%3A2026-06-12%20until%3A2026-06-13&src=typed_query,E-绿洗质疑,pending
https://x.com/search?q=%28lululemon%20OR%20%40lululemon%29%20%28boycott%20OR%20refund%20OR%20trust%20OR%20betrayed%20OR%20%22stop%20buying%22%29%20lang%3Aen%20-is%3Aretweet%20since%3A2026-06-12%20until%3A2026-06-13&src=typed_query,F-抵制声浪,pending
https://x.com/search?q=%28lululemon%20OR%20%40lululemon%29%20lang%3Aen%20-is%3Aretweet%20since%3A2026-06-13%20until%3A2026-06-14&src=typed_query,A-整体讨论,pending
https://x.com/search?q=%28lululemon%20OR%20%40lululemon%29%20%28PFAS%20OR%20%22forever%20chemicals%22%20OR%20toxic%20OR%20chemical%29%20lang%3Aen%20-is%3Aretweet%20since%3A2026-06-13%20until%3A2026-06-14&src=typed_query,B-化学品争议,pending
https://x.com/search?q=%28lululemon%20OR%20%40lululemon%29%20%28health%20OR%20safety%20OR%20cancer%20OR%20immune%20OR%20harmful%29%20lang%3Aen%20-is%3Aretweet%20since%3A2026-06-13%20until%3A2026-06-14&src=typed_query,C-健康安全,pending
https://x.com/search?q=%28lululemon%20OR%20%40lululemon%29%20%28transparency%20OR%20disclose%20OR%20testing%20OR%20evidence%20OR%20report%29%20lang%3Aen%20-is%3Aretweet%20since%3A2026-06-13%20until%3A2026-06-14&src=typed_query,D-透明度,pending
https://x.com/search?q=%28lululemon%20OR%20%40lululemon%29%20%28greenwashing%20OR%20sustainability%20OR%20hypocrisy%29%20lang%3Aen%20-is%3Aretweet%20since%3A2026-06-13%20until%3A2026-06-14&src=typed_query,E-绿洗质疑,pending
https://x.com/search?q=%28lululemon%20OR%20%40lululemon%29%20%28boycott%20OR%20refund%20OR%20trust%20OR%20betrayed%20OR%20%22stop%20buying%22%29%20lang%3Aen%20-is%3Aretweet%20since%3A2026-06-13%20until%3A2026-06-14&src=typed_query,F-抵制声浪,pending
https://x.com/search?q=%28lululemon%20OR%20%40lululemon%29%20lang%3Aen%20-is%3Aretweet%20since%3A2026-06-14%20until%3A2026-06-15&src=typed_query,A-整体讨论,pending
https://x.com/search?q=%28lululemon%20OR%20%40lululemon%29%20%28PFAS%20OR%20%22forever%20chemicals%22%20OR%20toxic%20OR%20chemical%29%20lang%3Aen%20-is%3Aretweet%20since%3A2026-06-14%20until%3A2026-06-15&src=typed_query,B-化学品争议,pending
https://x.com/search?q=%28lululemon%20OR%20%40lululemon%29%20%28health%20OR%20safety%20OR%20cancer%20OR%20immune%20OR%20harmful%29%20lang%3Aen%20-is%3Aretweet%20since%3A2026-06-14%20until%3A2026-06-15&src=typed_query,C-健康安全,pending
https://x.com/search?q=%28lululemon%20OR%20%40lululemon%29%20%28transparency%20OR%20disclose%20OR%20testing%20OR%20evidence%20OR%20report%29%20lang%3Aen%20-is%3Aretweet%20since%3A2026-06-14%20until%3A2026-06-15&src=typed_query,D-透明度,pending
https://x.com/search?q=%28lululemon%20OR%20%40lululemon%29%20%28greenwashing%20OR%20sustainability%20OR%20hypocrisy%29%20lang%3Aen%20-is%3Aretweet%20since%3A2026-06-14%20until%3A2026-06-15&src=typed_query,E-绿洗质疑,pending
https://x.com/search?q=%28lululemon%20OR%20%40lululemon%29%20%28boycott%20OR%20refund%20OR%20trust%20OR%20betrayed%20OR%20%22stop%20buying%22%29%20lang%3Aen%20-is%3Aretweet%20since%3A2026-06-14%20until%3A2026-06-15&src=typed_query,F-抵制声浪,pending
https://x.com/search?q=%28lululemon%20OR%20%40lululemon%29%20lang%3Aen%20-is%3Aretweet%20since%3A2026-06-15%20until%3A2026-06-16&src=typed_query,A-整体讨论,pending
https://x.com/search?q=%28lululemon%20OR%20%40lululemon%29%20%28PFAS%20OR%20%22forever%20chemicals%22%20OR%20toxic%20OR%20chemical%29%20lang%3Aen%20-is%3Aretweet%20since%3A2026-06-15%20until%3A2026-06-16&src=typed_query,B-化学品争议,pending
https://x.com/search?q=%28lululemon%20OR%20%40lululemon%29%20%28health%20OR%20safety%20OR%20cancer%20OR%20immune%20OR%20harmful%29%20lang%3Aen%20-is%3Aretweet%20since%3A2026-06-15%20until%3A2026-06-16&src=typed_query,C-健康安全,pending
https://x.com/search?q=%28lululemon%20OR%20%40lululemon%29%20%28transparency%20OR%20disclose%20OR%20testing%20OR%20evidence%20OR%20report%29%20lang%3Aen%20-is%3Aretweet%20since%3A2026-06-15%20until%3A2026-06-16&src=typed_query,D-透明度,pending
https://x.com/search?q=%28lululemon%20OR%20%40lululemon%29%20%28greenwashing%20OR%20sustainability%20OR%20hypocrisy%29%20lang%3Aen%20-is%3Aretweet%20since%3A2026-06-15%20until%3A2026-06-16&src=typed_query,E-绿洗质疑,pending
https://x.com/search?q=%28lululemon%20OR%20%40lululemon%29%20%28boycott%20OR%20refund%20OR%20trust%20OR%20betrayed%20OR%20%22stop%20buying%22%29%20lang%3Aen%20-is%3Aretweet%20since%3A2026-06-15%20until%3A2026-06-16&src=typed_query,F-抵制声浪,pending
https://x.com/search?q=%28lululemon%20OR%20%40lululemon%29%20lang%3Aen%20-is%3Aretweet%20since%3A2026-06-16%20until%3A2026-06-17&src=typed_query,A-整体讨论,pending
https://x.com/search?q=%28lululemon%20OR%20%40lululemon%29%20%28PFAS%20OR%20%22forever%20chemicals%22%20OR%20toxic%20OR%20chemical%29%20lang%3Aen%20-is%3Aretweet%20since%3A2026-06-16%20until%3A2026-06-17&src=typed_query,B-化学品争议,pending
https://x.com/search?q=%28lululemon%20OR%20%40lululemon%29%20%28health%20OR%20safety%20OR%20cancer%20OR%20immune%20OR%20harmful%29%20lang%3Aen%20-is%3Aretweet%20since%3A2026-06-16%20until%3A2026-06-17&src=typed_query,C-健康安全,pending
https://x.com/search?q=%28lululemon%20OR%20%40lululemon%29%20%28transparency%20OR%20disclose%20OR%20testing%20OR%20evidence%20OR%20report%29%20lang%3Aen%20-is%3Aretweet%20since%3A2026-06-16%20until%3A2026-06-17&src=typed_query,D-透明度,pending
https://x.com/search?q=%28lululemon%20OR%20%40lululemon%29%20%28greenwashing%20OR%20sustainability%20OR%20hypocrisy%29%20lang%3Aen%20-is%3Aretweet%20since%3A2026-06-16%20until%3A2026-06-17&src=typed_query,E-绿洗质疑,pending
https://x.com/search?q=%28lululemon%20OR%20%40lululemon%29%20%28boycott%20OR%20refund%20OR%20trust%20OR%20betrayed%20OR%20%22stop%20buying%22%29%20lang%3Aen%20-is%3Aretweet%20since%3A2026-06-16%20until%3A2026-06-17&src=typed_query,F-抵制声浪,pending
https://x.com/search?q=%28lululemon%20OR%20%40lululemon%29%20lang%3Aen%20-is%3Aretweet%20since%3A2026-06-17%20until%3A2026-06-18&src=typed_query,A-整体讨论,pending
https://x.com/search?q=%28lululemon%20OR%20%40lululemon%29%20%28PFAS%20OR%20%22forever%20chemicals%22%20OR%20toxic%20OR%20chemical%29%20lang%3Aen%20-is%3Aretweet%20since%3A2026-06-17%20until%3A2026-06-18&src=typed_query,B-化学品争议,pending
https://x.com/search?q=%28lululemon%20OR%20%40lululemon%29%20%28health%20OR%20safety%20OR%20cancer%20OR%20immune%20OR%20harmful%29%20lang%3Aen%20-is%3Aretweet%20since%3A2026-06-17%20until%3A2026-06-18&src=typed_query,C-健康安全,pending
https://x.com/search?q=%28lululemon%20OR%20%40lululemon%29%20%28transparency%20OR%20disclose%20OR%20testing%20OR%20evidence%20OR%20report%29%20lang%3Aen%20-is%3Aretweet%20since%3A2026-06-17%20until%3A2026-06-18&src=typed_query,D-透明度,pending
https://x.com/search?q=%28lululemon%20OR%20%40lululemon%29%20%28greenwashing%20OR%20sustainability%20OR%20hypocrisy%29%20lang%3Aen%20-is%3Aretweet%20since%3A2026-06-17%20until%3A2026-06-18&src=typed_query,E-绿洗质疑,pending
https://x.com/search?q=%28lululemon%20OR%20%40lululemon%29%20%28boycott%20OR%20refund%20OR%20trust%20OR%20betrayed%20OR%20%22stop%20buying%22%29%20lang%3Aen%20-is%3Aretweet%20since%3A2026-06-17%20until%3A2026-06-18&src=typed_query,F-抵制声浪,pending
https://x.com/search?q=%28lululemon%20OR%20%40lululemon%29%20lang%3Aen%20-is%3Aretweet%20since%3A2026-06-18%20until%3A2026-06-19&src=typed_query,A-整体讨论,pending
https://x.com/search?q=%28lululemon%20OR%20%40lululemon%29%20%28PFAS%20OR%20%22forever%20chemicals%22%20OR%20toxic%20OR%20chemical%29%20lang%3Aen%20-is%3Aretweet%20since%3A2026-06-18%20until%3A2026-06-19&src=typed_query,B-化学品争议,pending
https://x.com/search?q=%28lululemon%20OR%20%40lululemon%29%20%28health%20OR%20safety%20OR%20cancer%20OR%20immune%20OR%20harmful%29%20lang%3Aen%20-is%3Aretweet%20since%3A2026-06-18%20until%3A2026-06-19&src=typed_query,C-健康安全,pending
https://x.com/search?q=%28lululemon%20OR%20%40lululemon%29%20%28transparency%20OR%20disclose%20OR%20testing%20OR%20evidence%20OR%20report%29%20lang%3Aen%20-is%3Aretweet%20since%3A2026-06-18%20until%3A2026-06-19&src=typed_query,D-透明度,pending
https://x.com/search?q=%28lululemon%20OR%20%40lululemon%29%20%28greenwashing%20OR%20sustainability%20OR%20hypocrisy%29%20lang%3Aen%20-is%3Aretweet%20since%3A2026-06-18%20until%3A2026-06-19&src=typed_query,E-绿洗质疑,pending
https://x.com/search?q=%28lululemon%20OR%20%40lululemon%29%20%28boycott%20OR%20refund%20OR%20trust%20OR%20betrayed%20OR%20%22stop%20buying%22%29%20lang%3Aen%20-is%3Aretweet%20since%3A2026-06-18%20until%3A2026-06-19&src=typed_query,F-抵制声浪,pending
https://x.com/search?q=%28lululemon%20OR%20%40lululemon%29%20lang%3Aen%20-is%3Aretweet%20since%3A2026-06-19%20until%3A2026-06-20&src=typed_query,A-整体讨论,pending
https://x.com/search?q=%28lululemon%20OR%20%40lululemon%29%20%28PFAS%20OR%20%22forever%20chemicals%22%20OR%20toxic%20OR%20chemical%29%20lang%3Aen%20-is%3Aretweet%20since%3A2026-06-19%20until%3A2026-06-20&src=typed_query,B-化学品争议,pending
https://x.com/search?q=%28lululemon%20OR%20%40lululemon%29%20%28health%20OR%20safety%20OR%20cancer%20OR%20immune%20OR%20harmful%29%20lang%3Aen%20-is%3Aretweet%20since%3A2026-06-19%20until%3A2026-06-20&src=typed_query,C-健康安全,pending
https://x.com/search?q=%28lululemon%20OR%20%40lululemon%29%20%28transparency%20OR%20disclose%20OR%20testing%20OR%20evidence%20OR%20report%29%20lang%3Aen%20-is%3Aretweet%20since%3A2026-06-19%20until%3A2026-06-20&src=typed_query,D-透明度,pending
https://x.com/search?q=%28lululemon%20OR%20%40lululemon%29%20%28greenwashing%20OR%20sustainability%20OR%20hypocrisy%29%20lang%3Aen%20-is%3Aretweet%20since%3A2026-06-19%20until%3A2026-06-20&src=typed_query,E-绿洗质疑,pending
https://x.com/search?q=%28lululemon%20OR%20%40lululemon%29%20%28boycott%20OR%20refund%20OR%20trust%20OR%20betrayed%20OR%20%22stop%20buying%22%29%20lang%3Aen%20-is%3Aretweet%20since%3A2026-06-19%20until%3A2026-06-20&src=typed_query,F-抵制声浪,pending
https://x.com/search?q=%28lululemon%20OR%20%40lululemon%29%20lang%3Aen%20-is%3Aretweet%20since%3A2026-06-20%20until%3A2026-06-21&src=typed_query,A-整体讨论,pending
https://x.com/search?q=%28lululemon%20OR%20%40lululemon%29%20%28PFAS%20OR%20%22forever%20chemicals%22%20OR%20toxic%20OR%20chemical%29%20lang%3Aen%20-is%3Aretweet%20since%3A2026-06-20%20until%3A2026-06-21&src=typed_query,B-化学品争议,pending
https://x.com/search?q=%28lululemon%20OR%20%40lululemon%29%20%28health%20OR%20safety%20OR%20cancer%20OR%20immune%20OR%20harmful%29%20lang%3Aen%20-is%3Aretweet%20since%3A2026-06-20%20until%3A2026-06-21&src=typed_query,C-健康安全,pending
https://x.com/search?q=%28lululemon%20OR%20%40lululemon%29%20%28transparency%20OR%20disclose%20OR%20testing%20OR%20evidence%20OR%20report%29%20lang%3Aen%20-is%3Aretweet%20since%3A2026-06-20%20until%3A2026-06-21&src=typed_query,D-透明度,pending
https://x.com/search?q=%28lululemon%20OR%20%40lululemon%29%20%28greenwashing%20OR%20sustainability%20OR%20hypocrisy%29%20lang%3Aen%20-is%3Aretweet%20since%3A2026-06-20%20until%3A2026-06-21&src=typed_query,E-绿洗质疑,pending
https://x.com/search?q=%28lululemon%20OR%20%40lululemon%29%20%28boycott%20OR%20refund%20OR%20trust%20OR%20betrayed%20OR%20%22stop%20buying%22%29%20lang%3Aen%20-is%3Aretweet%20since%3A2026-06-20%20until%3A2026-06-21&src=typed_query,F-抵制声浪,pending
https://x.com/search?q=%28lululemon%20OR%20%40lululemon%29%20lang%3Aen%20-is%3Aretweet%20since%3A2026-06-21%20until%3A2026-06-22&src=typed_query,A-整体讨论,pending
https://x.com/search?q=%28lululemon%20OR%20%40lululemon%29%20%28PFAS%20OR%20%22forever%20chemicals%22%20OR%20toxic%20OR%20chemical%29%20lang%3Aen%20-is%3Aretweet%20since%3A2026-06-21%20until%3A2026-06-22&src=typed_query,B-化学品争议,pending
https://x.com/search?q=%28lululemon%20OR%20%40lululemon%29%20%28health%20OR%20safety%20OR%20cancer%20OR%20immune%20OR%20harmful%29%20lang%3Aen%20-is%3Aretweet%20since%3A2026-06-21%20until%3A2026-06-22&src=typed_query,C-健康安全,pending
https://x.com/search?q=%28lululemon%20OR%20%40lululemon%29%20%28transparency%20OR%20disclose%20OR%20testing%20OR%20evidence%20OR%20report%29%20lang%3Aen%20-is%3Aretweet%20since%3A2026-06-21%20until%3A2026-06-22&src=typed_query,D-透明度,pending
https://x.com/search?q=%28lululemon%20OR%20%40lululemon%29%20%28greenwashing%20OR%20sustainability%20OR%20hypocrisy%29%20lang%3Aen%20-is%3Aretweet%20since%3A2026-06-21%20until%3A2026-06-22&src=typed_query,E-绿洗质疑,pending
https://x.com/search?q=%28lululemon%20OR%20%40lululemon%29%20%28boycott%20OR%20refund%20OR%20trust%20OR%20betrayed%20OR%20%22stop%20buying%22%29%20lang%3Aen%20-is%3Aretweet%20since%3A2026-06-21%20until%3A2026-06-22&src=typed_query,F-抵制声浪,pending
https://x.com/search?q=%28lululemon%20OR%20%40lululemon%29%20lang%3Aen%20-is%3Aretweet%20since%3A2026-06-22%20until%3A2026-06-23&src=typed_query,A-整体讨论,pending
https://x.com/search?q=%28lululemon%20OR%20%40lululemon%29%20%28PFAS%20OR%20%22forever%20chemicals%22%20OR%20toxic%20OR%20chemical%29%20lang%3Aen%20-is%3Aretweet%20since%3A2026-06-22%20until%3A2026-06-23&src=typed_query,B-化学品争议,pending
https://x.com/search?q=%28lululemon%20OR%20%40lululemon%29%20%28health%20OR%20safety%20OR%20cancer%20OR%20immune%20OR%20harmful%29%20lang%3Aen%20-is%3Aretweet%20since%3A2026-06-22%20until%3A2026-06-23&src=typed_query,C-健康安全,pending
https://x.com/search?q=%28lululemon%20OR%20%40lululemon%29%20%28transparency%20OR%20disclose%20OR%20testing%20OR%20evidence%20OR%20report%29%20lang%3Aen%20-is%3Aretweet%20since%3A2026-06-22%20until%3A2026-06-23&src=typed_query,D-透明度,pending
https://x.com/search?q=%28lululemon%20OR%20%40lululemon%29%20%28greenwashing%20OR%20sustainability%20OR%20hypocrisy%29%20lang%3Aen%20-is%3Aretweet%20since%3A2026-06-22%20until%3A2026-06-23&src=typed_query,E-绿洗质疑,pending
https://x.com/search?q=%28lululemon%20OR%20%40lululemon%29%20%28boycott%20OR%20refund%20OR%20trust%20OR%20betrayed%20OR%20%22stop%20buying%22%29%20lang%3Aen%20-is%3Aretweet%20since%3A2026-06-22%20until%3A2026-06-23&src=typed_query,F-抵制声浪,pending
https://x.com/search?q=%28lululemon%20OR%20%40lululemon%29%20lang%3Aen%20-is%3Aretweet%20since%3A2026-06-23%20until%3A2026-06-24&src=typed_query,A-整体讨论,pending
https://x.com/search?q=%28lululemon%20OR%20%40lululemon%29%20%28PFAS%20OR%20%22forever%20chemicals%22%20OR%20toxic%20OR%20chemical%29%20lang%3Aen%20-is%3Aretweet%20since%3A2026-06-23%20until%3A2026-06-24&src=typed_query,B-化学品争议,pending
https://x.com/search?q=%28lululemon%20OR%20%40lululemon%29%20%28health%20OR%20safety%20OR%20cancer%20OR%20immune%20OR%20harmful%29%20lang%3Aen%20-is%3Aretweet%20since%3A2026-06-23%20until%3A2026-06-24&src=typed_query,C-健康安全,pending
https://x.com/search?q=%28lululemon%20OR%20%40lululemon%29%20%28transparency%20OR%20disclose%20OR%20testing%20OR%20evidence%20OR%20report%29%20lang%3Aen%20-is%3Aretweet%20since%3A2026-06-23%20until%3A2026-06-24&src=typed_query,D-透明度,pending
https://x.com/search?q=%28lululemon%20OR%20%40lululemon%29%20%28greenwashing%20OR%20sustainability%20OR%20hypocrisy%29%20lang%3Aen%20-is%3Aretweet%20since%3A2026-06-23%20until%3A2026-06-24&src=typed_query,E-绿洗质疑,pending
https://x.com/search?q=%28lululemon%20OR%20%40lululemon%29%20%28boycott%20OR%20refund%20OR%20trust%20OR%20betrayed%20OR%20%22stop%20buying%22%29%20lang%3Aen%20-is%3Aretweet%20since%3A2026-06-23%20until%3A2026-06-24&src=typed_query,F-抵制声浪,pending
https://x.com/search?q=%28lululemon%20OR%20%40lululemon%29%20lang%3Aen%20-is%3Aretweet%20since%3A2026-06-24%20until%3A2026-06-25&src=typed_query,A-整体讨论,pending
https://x.com/search?q=%28lululemon%20OR%20%40lululemon%29%20%28PFAS%20OR%20%22forever%20chemicals%22%20OR%20toxic%20OR%20chemical%29%20lang%3Aen%20-is%3Aretweet%20since%3A2026-06-24%20until%3A2026-06-25&src=typed_query,B-化学品争议,pending
https://x.com/search?q=%28lululemon%20OR%20%40lululemon%29%20%28health%20OR%20safety%20OR%20cancer%20OR%20immune%20OR%20harmful%29%20lang%3Aen%20-is%3Aretweet%20since%3A2026-06-24%20until%3A2026-06-25&src=typed_query,C-健康安全,pending
https://x.com/search?q=%28lululemon%20OR%20%40lululemon%29%20%28transparency%20OR%20disclose%20OR%20testing%20OR%20evidence%20OR%20report%29%20lang%3Aen%20-is%3Aretweet%20since%3A2026-06-24%20until%3A2026-06-25&src=typed_query,D-透明度,pending
https://x.com/search?q=%28lululemon%20OR%20%40lululemon%29%20%28greenwashing%20OR%20sustainability%20OR%20hypocrisy%29%20lang%3Aen%20-is%3Aretweet%20since%3A2026-06-24%20until%3A2026-06-25&src=typed_query,E-绿洗质疑,pending
https://x.com/search?q=%28lululemon%20OR%20%40lululemon%29%20%28boycott%20OR%20refund%20OR%20trust%20OR%20betrayed%20OR%20%22stop%20buying%22%29%20lang%3Aen%20-is%3Aretweet%20since%3A2026-06-24%20until%3A2026-06-25&src=typed_query,F-抵制声浪,pending
https://x.com/search?q=%28lululemon%20OR%20%40lululemon%29%20lang%3Aen%20-is%3Aretweet%20since%3A2026-06-25%20until%3A2026-06-26&src=typed_query,A-整体讨论,pending
https://x.com/search?q=%28lululemon%20OR%20%40lululemon%29%20%28PFAS%20OR%20%22forever%20chemicals%22%20OR%20toxic%20OR%20chemical%29%20lang%3Aen%20-is%3Aretweet%20since%3A2026-06-25%20until%3A2026-06-26&src=typed_query,B-化学品争议,pending
https://x.com/search?q=%28lululemon%20OR%20%40lululemon%29%20%28health%20OR%20safety%20OR%20cancer%20OR%20immune%20OR%20harmful%29%20lang%3Aen%20-is%3Aretweet%20since%3A2026-06-25%20until%3A2026-06-26&src=typed_query,C-健康安全,pending
https://x.com/search?q=%28lululemon%20OR%20%40lululemon%29%20%28transparency%20OR%20disclose%20OR%20testing%20OR%20evidence%20OR%20report%29%20lang%3Aen%20-is%3Aretweet%20since%3A2026-06-25%20until%3A2026-06-26&src=typed_query,D-透明度,pending
https://x.com/search?q=%28lululemon%20OR%20%40lululemon%29%20%28greenwashing%20OR%20sustainability%20OR%20hypocrisy%29%20lang%3Aen%20-is%3Aretweet%20since%3A2026-06-25%20until%3A2026-06-26&src=typed_query,E-绿洗质疑,pending
https://x.com/search?q=%28lululemon%20OR%20%40lululemon%29%20%28boycott%20OR%20refund%20OR%20trust%20OR%20betrayed%20OR%20%22stop%20buying%22%29%20lang%3Aen%20-is%3Aretweet%20since%3A2026-06-25%20until%3A2026-06-26&src=typed_query,F-抵制声浪,pending
https://x.com/search?q=%28lululemon%20OR%20%40lululemon%29%20lang%3Aen%20-is%3Aretweet%20since%3A2026-06-26%20until%3A2026-06-27&src=typed_query,A-整体讨论,pending
https://x.com/search?q=%28lululemon%20OR%20%40lululemon%29%20%28PFAS%20OR%20%22forever%20chemicals%22%20OR%20toxic%20OR%20chemical%29%20lang%3Aen%20-is%3Aretweet%20since%3A2026-06-26%20until%3A2026-06-27&src=typed_query,B-化学品争议,pending
https://x.com/search?q=%28lululemon%20OR%20%40lululemon%29%20%28health%20OR%20safety%20OR%20cancer%20OR%20immune%20OR%20harmful%29%20lang%3Aen%20-is%3Aretweet%20since%3A2026-06-26%20until%3A2026-06-27&src=typed_query,C-健康安全,pending
https://x.com/search?q=%28lululemon%20OR%20%40lululemon%29%20%28transparency%20OR%20disclose%20OR%20testing%20OR%20evidence%20OR%20report%29%20lang%3Aen%20-is%3Aretweet%20since%3A2026-06-26%20until%3A2026-06-27&src=typed_query,D-透明度,pending
https://x.com/search?q=%28lululemon%20OR%20%40lululemon%29%20%28greenwashing%20OR%20sustainability%20OR%20hypocrisy%29%20lang%3Aen%20-is%3Aretweet%20since%3A2026-06-26%20until%3A2026-06-27&src=typed_query,E-绿洗质疑,pending
https://x.com/search?q=%28lululemon%20OR%20%40lululemon%29%20%28boycott%20OR%20refund%20OR%20trust%20OR%20betrayed%20OR%20%22stop%20buying%22%29%20lang%3Aen%20-is%3Aretweet%20since%3A2026-06-26%20until%3A2026-06-27&src=typed_query,F-抵制声浪,pending
https://x.com/search?q=%28lululemon%20OR%20%40lululemon%29%20lang%3Aen%20-is%3Aretweet%20since%3A2026-06-27%20until%3A2026-06-28&src=typed_query,A-整体讨论,pending
https://x.com/search?q=%28lululemon%20OR%20%40lululemon%29%20%28PFAS%20OR%20%22forever%20chemicals%22%20OR%20toxic%20OR%20chemical%29%20lang%3Aen%20-is%3Aretweet%20since%3A2026-06-27%20until%3A2026-06-28&src=typed_query,B-化学品争议,pending
https://x.com/search?q=%28lululemon%20OR%20%40lululemon%29%20%28health%20OR%20safety%20OR%20cancer%20OR%20immune%20OR%20harmful%29%20lang%3Aen%20-is%3Aretweet%20since%3A2026-06-27%20until%3A2026-06-28&src=typed_query,C-健康安全,pending
https://x.com/search?q=%28lululemon%20OR%20%40lululemon%29%20%28transparency%20OR%20disclose%20OR%20testing%20OR%20evidence%20OR%20report%29%20lang%3Aen%20-is%3Aretweet%20since%3A2026-06-27%20until%3A2026-06-28&src=typed_query,D-透明度,pending
https://x.com/search?q=%28lululemon%20OR%20%40lululemon%29%20%28greenwashing%20OR%20sustainability%20OR%20hypocrisy%29%20lang%3Aen%20-is%3Aretweet%20since%3A2026-06-27%20until%3A2026-06-28&src=typed_query,E-绿洗质疑,pending
https://x.com/search?q=%28lululemon%20OR%20%40lululemon%29%20%28boycott%20OR%20refund%20OR%20trust%20OR%20betrayed%20OR%20%22stop%20buying%22%29%20lang%3Aen%20-is%3Aretweet%20since%3A2026-06-27%20until%3A2026-06-28&src=typed_query,F-抵制声浪,pending
https://x.com/search?q=%28lululemon%20OR%20%40lululemon%29%20lang%3Aen%20-is%3Aretweet%20since%3A2026-06-28%20until%3A2026-06-29&src=typed_query,A-整体讨论,pending
https://x.com/search?q=%28lululemon%20OR%20%40lululemon%29%20%28PFAS%20OR%20%22forever%20chemicals%22%20OR%20toxic%20OR%20chemical%29%20lang%3Aen%20-is%3Aretweet%20since%3A2026-06-28%20until%3A2026-06-29&src=typed_query,B-化学品争议,pending
https://x.com/search?q=%28lululemon%20OR%20%40lululemon%29%20%28health%20OR%20safety%20OR%20cancer%20OR%20immune%20OR%20harmful%29%20lang%3Aen%20-is%3Aretweet%20since%3A2026-06-28%20until%3A2026-06-29&src=typed_query,C-健康安全,pending
https://x.com/search?q=%28lululemon%20OR%20%40lululemon%29%20%28transparency%20OR%20disclose%20OR%20testing%20OR%20evidence%20OR%20report%29%20lang%3Aen%20-is%3Aretweet%20since%3A2026-06-28%20until%3A2026-06-29&src=typed_query,D-透明度,pending
https://x.com/search?q=%28lululemon%20OR%20%40lululemon%29%20%28greenwashing%20OR%20sustainability%20OR%20hypocrisy%29%20lang%3Aen%20-is%3Aretweet%20since%3A2026-06-28%20until%3A2026-06-29&src=typed_query,E-绿洗质疑,pending
https://x.com/search?q=%28lululemon%20OR%20%40lululemon%29%20%28boycott%20OR%20refund%20OR%20trust%20OR%20betrayed%20OR%20%22stop%20buying%22%29%20lang%3Aen%20-is%3Aretweet%20since%3A2026-06-28%20until%3A2026-06-29&src=typed_query,F-抵制声浪,pending
https://x.com/search?q=%28lululemon%20OR%20%40lululemon%29%20lang%3Aen%20-is%3Aretweet%20since%3A2026-06-29%20until%3A2026-06-30&src=typed_query,A-整体讨论,pending
https://x.com/search?q=%28lululemon%20OR%20%40lululemon%29%20%28PFAS%20OR%20%22forever%20chemicals%22%20OR%20toxic%20OR%20chemical%29%20lang%3Aen%20-is%3Aretweet%20since%3A2026-06-29%20until%3A2026-06-30&src=typed_query,B-化学品争议,pending
https://x.com/search?q=%28lululemon%20OR%20%40lululemon%29%20%28health%20OR%20safety%20OR%20cancer%20OR%20immune%20OR%20harmful%29%20lang%3Aen%20-is%3Aretweet%20since%3A2026-06-29%20until%3A2026-06-30&src=typed_query,C-健康安全,pending
https://x.com/search?q=%28lululemon%20OR%20%40lululemon%29%20%28transparency%20OR%20disclose%20OR%20testing%20OR%20evidence%20OR%20report%29%20lang%3Aen%20-is%3Aretweet%20since%3A2026-06-29%20until%3A2026-06-30&src=typed_query,D-透明度,pending
https://x.com/search?q=%28lululemon%20OR%20%40lululemon%29%20%28greenwashing%20OR%20sustainability%20OR%20hypocrisy%29%20lang%3Aen%20-is%3Aretweet%20since%3A2026-06-29%20until%3A2026-06-30&src=typed_query,E-绿洗质疑,pending
https://x.com/search?q=%28lululemon%20OR%20%40lululemon%29%20%28boycott%20OR%20refund%20OR%20trust%20OR%20betrayed%20OR%20%22stop%20buying%22%29%20lang%3Aen%20-is%3Aretweet%20since%3A2026-06-29%20until%3A2026-06-30&src=typed_query,F-抵制声浪,pending
https://x.com/search?q=%28lululemon%20OR%20%40lululemon%29%20lang%3Aen%20-is%3Aretweet%20since%3A2026-06-30%20until%3A2026-07-01&src=typed_query,A-整体讨论,pending
https://x.com/search?q=%28lululemon%20OR%20%40lululemon%29%20%28PFAS%20OR%20%22forever%20chemicals%22%20OR%20toxic%20OR%20chemical%29%20lang%3Aen%20-is%3Aretweet%20since%3A2026-06-30%20until%3A2026-07-01&src=typed_query,B-化学品争议,pending
https://x.com/search?q=%28lululemon%20OR%20%40lululemon%29%20%28health%20OR%20safety%20OR%20cancer%20OR%20immune%20OR%20harmful%29%20lang%3Aen%20-is%3Aretweet%20since%3A2026-06-30%20until%3A2026-07-01&src=typed_query,C-健康安全,pending
https://x.com/search?q=%28lululemon%20OR%20%40lululemon%29%20%28transparency%20OR%20disclose%20OR%20testing%20OR%20evidence%20OR%20report%29%20lang%3Aen%20-is%3Aretweet%20since%3A2026-06-30%20until%3A2026-07-01&src=typed_query,D-透明度,pending
https://x.com/search?q=%28lululemon%20OR%20%40lululemon%29%20%28greenwashing%20OR%20sustainability%20OR%20hypocrisy%29%20lang%3Aen%20-is%3Aretweet%20since%3A2026-06-30%20until%3A2026-07-01&src=typed_query,E-绿洗质疑,pending
https://x.com/search?q=%28lululemon%20OR%20%40lululemon%29%20%28boycott%20OR%20refund%20OR%20trust%20OR%20betrayed%20OR%20%22stop%20buying%22%29%20lang%3Aen%20-is%3Aretweet%20since%3A2026-06-30%20until%3A2026-07-01&src=typed_query,F-抵制声浪,pending
https://x.com/search?q=%28lululemon%20OR%20%40lululemon%29%20lang%3Aen%20-is%3Aretweet%20since%3A2026-07-01%20until%3A2026-07-02&src=typed_query,A-整体讨论,pending
https://x.com/search?q=%28lululemon%20OR%20%40lululemon%29%20%28PFAS%20OR%20%22forever%20chemicals%22%20OR%20toxic%20OR%20chemical%29%20lang%3Aen%20-is%3Aretweet%20since%3A2026-07-01%20until%3A2026-07-02&src=typed_query,B-化学品争议,pending
https://x.com/search?q=%28lululemon%20OR%20%40lululemon%29%20%28health%20OR%20safety%20OR%20cancer%20OR%20immune%20OR%20harmful%29%20lang%3Aen%20-is%3Aretweet%20since%3A2026-07-01%20until%3A2026-07-02&src=typed_query,C-健康安全,pending
https://x.com/search?q=%28lululemon%20OR%20%40lululemon%29%20%28transparency%20OR%20disclose%20OR%20testing%20OR%20evidence%20OR%20report%29%20lang%3Aen%20-is%3Aretweet%20since%3A2026-07-01%20until%3A2026-07-02&src=typed_query,D-透明度,pending
https://x.com/search?q=%28lululemon%20OR%20%40lululemon%29%20%28greenwashing%20OR%20sustainability%20OR%20hypocrisy%29%20lang%3Aen%20-is%3Aretweet%20since%3A2026-07-01%20until%3A2026-07-02&src=typed_query,E-绿洗质疑,pending
https://x.com/search?q=%28lululemon%20OR%20%40lululemon%29%20%28boycott%20OR%20refund%20OR%20trust%20OR%20betrayed%20OR%20%22stop%20buying%22%29%20lang%3Aen%20-is%3Aretweet%20since%3A2026-07-01%20until%3A2026-07-02&src=typed_query,F-抵制声浪,pending
https://x.com/search?q=%28lululemon%20OR%20%40lululemon%29%20lang%3Aen%20-is%3Aretweet%20since%3A2026-07-02%20until%3A2026-07-03&src=typed_query,A-整体讨论,pending
https://x.com/search?q=%28lululemon%20OR%20%40lululemon%29%20%28PFAS%20OR%20%22forever%20chemicals%22%20OR%20toxic%20OR%20chemical%29%20lang%3Aen%20-is%3Aretweet%20since%3A2026-07-02%20until%3A2026-07-03&src=typed_query,B-化学品争议,pending
https://x.com/search?q=%28lululemon%20OR%20%40lululemon%29%20%28health%20OR%20safety%20OR%20cancer%20OR%20immune%20OR%20harmful%29%20lang%3Aen%20-is%3Aretweet%20since%3A2026-07-02%20until%3A2026-07-03&src=typed_query,C-健康安全,pending
https://x.com/search?q=%28lululemon%20OR%20%40lululemon%29%20%28transparency%20OR%20disclose%20OR%20testing%20OR%20evidence%20OR%20report%29%20lang%3Aen%20-is%3Aretweet%20since%3A2026-07-02%20until%3A2026-07-03&src=typed_query,D-透明度,pending
https://x.com/search?q=%28lululemon%20OR%20%40lululemon%29%20%28greenwashing%20OR%20sustainability%20OR%20hypocrisy%29%20lang%3Aen%20-is%3Aretweet%20since%3A2026-07-02%20until%3A2026-07-03&src=typed_query,E-绿洗质疑,pending
https://x.com/search?q=%28lululemon%20OR%20%40lululemon%29%20%28boycott%20OR%20refund%20OR%20trust%20OR%20betrayed%20OR%20%22stop%20buying%22%29%20lang%3Aen%20-is%3Aretweet%20since%3A2026-07-02%20until%3A2026-07-03&src=typed_query,F-抵制声浪,pending
https://x.com/search?q=%28lululemon%20OR%20%40lululemon%29%20lang%3Aen%20-is%3Aretweet%20since%3A2026-07-03%20until%3A2026-07-04&src=typed_query,A-整体讨论,pending
https://x.com/search?q=%28lululemon%20OR%20%40lululemon%29%20%28PFAS%20OR%20%22forever%20chemicals%22%20OR%20toxic%20OR%20chemical%29%20lang%3Aen%20-is%3Aretweet%20since%3A2026-07-03%20until%3A2026-07-04&src=typed_query,B-化学品争议,pending
https://x.com/search?q=%28lululemon%20OR%20%40lululemon%29%20%28health%20OR%20safety%20OR%20cancer%20OR%20immune%20OR%20harmful%29%20lang%3Aen%20-is%3Aretweet%20since%3A2026-07-03%20until%3A2026-07-04&src=typed_query,C-健康安全,pending
https://x.com/search?q=%28lululemon%20OR%20%40lululemon%29%20%28transparency%20OR%20disclose%20OR%20testing%20OR%20evidence%20OR%20report%29%20lang%3Aen%20-is%3Aretweet%20since%3A2026-07-03%20until%3A2026-07-04&src=typed_query,D-透明度,pending
https://x.com/search?q=%28lululemon%20OR%20%40lululemon%29%20%28greenwashing%20OR%20sustainability%20OR%20hypocrisy%29%20lang%3Aen%20-is%3Aretweet%20since%3A2026-07-03%20until%3A2026-07-04&src=typed_query,E-绿洗质疑,pending
https://x.com/search?q=%28lululemon%20OR%20%40lululemon%29%20%28boycott%20OR%20refund%20OR%20trust%20OR%20betrayed%20OR%20%22stop%20buying%22%29%20lang%3Aen%20-is%3Aretweet%20since%3A2026-07-03%20until%3A2026-07-04&src=typed_query,F-抵制声浪,pending
https://x.com/search?q=%28lululemon%20OR%20%40lululemon%29%20lang%3Aen%20-is%3Aretweet%20since%3A2026-07-04%20until%3A2026-07-05&src=typed_query,A-整体讨论,pending
https://x.com/search?q=%28lululemon%20OR%20%40lululemon%29%20%28PFAS%20OR%20%22forever%20chemicals%22%20OR%20toxic%20OR%20chemical%29%20lang%3Aen%20-is%3Aretweet%20since%3A2026-07-04%20until%3A2026-07-05&src=typed_query,B-化学品争议,pending
https://x.com/search?q=%28lululemon%20OR%20%40lululemon%29%20%28health%20OR%20safety%20OR%20cancer%20OR%20immune%20OR%20harmful%29%20lang%3Aen%20-is%3Aretweet%20since%3A2026-07-04%20until%3A2026-07-05&src=typed_query,C-健康安全,pending
https://x.com/search?q=%28lululemon%20OR%20%40lululemon%29%20%28transparency%20OR%20disclose%20OR%20testing%20OR%20evidence%20OR%20report%29%20lang%3Aen%20-is%3Aretweet%20since%3A2026-07-04%20until%3A2026-07-05&src=typed_query,D-透明度,pending
https://x.com/search?q=%28lululemon%20OR%20%40lululemon%29%20%28greenwashing%20OR%20sustainability%20OR%20hypocrisy%29%20lang%3Aen%20-is%3Aretweet%20since%3A2026-07-04%20until%3A2026-07-05&src=typed_query,E-绿洗质疑,pending
https://x.com/search?q=%28lululemon%20OR%20%40lululemon%29%20%28boycott%20OR%20refund%20OR%20trust%20OR%20betrayed%20OR%20%22stop%20buying%22%29%20lang%3Aen%20-is%3Aretweet%20since%3A2026-07-04%20until%3A2026-07-05&src=typed_query,F-抵制声浪,pending
https://x.com/search?q=%28lululemon%20OR%20%40lululemon%29%20lang%3Aen%20-is%3Aretweet%20since%3A2026-07-05%20until%3A2026-07-06&src=typed_query,A-整体讨论,pending
https://x.com/search?q=%28lululemon%20OR%20%40lululemon%29%20%28PFAS%20OR%20%22forever%20chemicals%22%20OR%20toxic%20OR%20chemical%29%20lang%3Aen%20-is%3Aretweet%20since%3A2026-07-05%20until%3A2026-07-06&src=typed_query,B-化学品争议,pending
https://x.com/search?q=%28lululemon%20OR%20%40lululemon%29%20%28health%20OR%20safety%20OR%20cancer%20OR%20immune%20OR%20harmful%29%20lang%3Aen%20-is%3Aretweet%20since%3A2026-07-05%20until%3A2026-07-06&src=typed_query,C-健康安全,pending
https://x.com/search?q=%28lululemon%20OR%20%40lululemon%29%20%28transparency%20OR%20disclose%20OR%20testing%20OR%20evidence%20OR%20report%29%20lang%3Aen%20-is%3Aretweet%20since%3A2026-07-05%20until%3A2026-07-06&src=typed_query,D-透明度,pending
https://x.com/search?q=%28lululemon%20OR%20%40lululemon%29%20%28greenwashing%20OR%20sustainability%20OR%20hypocrisy%29%20lang%3Aen%20-is%3Aretweet%20since%3A2026-07-05%20until%3A2026-07-06&src=typed_query,E-绿洗质疑,pending
https://x.com/search?q=%28lululemon%20OR%20%40lululemon%29%20%28boycott%20OR%20refund%20OR%20trust%20OR%20betrayed%20OR%20%22stop%20buying%22%29%20lang%3Aen%20-is%3Aretweet%20since%3A2026-07-05%20until%3A2026-07-06&src=typed_query,F-抵制声浪,pending
https://x.com/search?q=%28lululemon%20OR%20%40lululemon%29%20lang%3Aen%20-is%3Aretweet%20since%3A2026-07-06%20until%3A2026-07-07&src=typed_query,A-整体讨论,pending
https://x.com/search?q=%28lululemon%20OR%20%40lululemon%29%20%28PFAS%20OR%20%22forever%20chemicals%22%20OR%20toxic%20OR%20chemical%29%20lang%3Aen%20-is%3Aretweet%20since%3A2026-07-06%20until%3A2026-07-07&src=typed_query,B-化学品争议,pending
https://x.com/search?q=%28lululemon%20OR%20%40lululemon%29%20%28health%20OR%20safety%20OR%20cancer%20OR%20immune%20OR%20harmful%29%20lang%3Aen%20-is%3Aretweet%20since%3A2026-07-06%20until%3A2026-07-07&src=typed_query,C-健康安全,pending
https://x.com/search?q=%28lululemon%20OR%20%40lululemon%29%20%28transparency%20OR%20disclose%20OR%20testing%20OR%20evidence%20OR%20report%29%20lang%3Aen%20-is%3Aretweet%20since%3A2026-07-06%20until%3A2026-07-07&src=typed_query,D-透明度,pending
https://x.com/search?q=%28lululemon%20OR%20%40lululemon%29%20%28greenwashing%20OR%20sustainability%20OR%20hypocrisy%29%20lang%3Aen%20-is%3Aretweet%20since%3A2026-07-06%20until%3A2026-07-07&src=typed_query,E-绿洗质疑,pending
https://x.com/search?q=%28lululemon%20OR%20%40lululemon%29%20%28boycott%20OR%20refund%20OR%20trust%20OR%20betrayed%20OR%20%22stop%20buying%22%29%20lang%3Aen%20-is%3Aretweet%20since%3A2026-07-06%20until%3A2026-07-07&src=typed_query,F-抵制声浪,pending
https://x.com/search?q=%28lululemon%20OR%20%40lululemon%29%20lang%3Aen%20-is%3Aretweet%20since%3A2026-07-07%20until%3A2026-07-08&src=typed_query,A-整体讨论,pending
https://x.com/search?q=%28lululemon%20OR%20%40lululemon%29%20%28PFAS%20OR%20%22forever%20chemicals%22%20OR%20toxic%20OR%20chemical%29%20lang%3Aen%20-is%3Aretweet%20since%3A2026-07-07%20until%3A2026-07-08&src=typed_query,B-化学品争议,pending
https://x.com/search?q=%28lululemon%20OR%20%40lululemon%29%20%28health%20OR%20safety%20OR%20cancer%20OR%20immune%20OR%20harmful%29%20lang%3Aen%20-is%3Aretweet%20since%3A2026-07-07%20until%3A2026-07-08&src=typed_query,C-健康安全,pending
https://x.com/search?q=%28lululemon%20OR%20%40lululemon%29%20%28transparency%20OR%20disclose%20OR%20testing%20OR%20evidence%20OR%20report%29%20lang%3Aen%20-is%3Aretweet%20since%3A2026-07-07%20until%3A2026-07-08&src=typed_query,D-透明度,pending
https://x.com/search?q=%28lululemon%20OR%20%40lululemon%29%20%28greenwashing%20OR%20sustainability%20OR%20hypocrisy%29%20lang%3Aen%20-is%3Aretweet%20since%3A2026-07-07%20until%3A2026-07-08&src=typed_query,E-绿洗质疑,pending
https://x.com/search?q=%28lululemon%20OR%20%40lululemon%29%20%28boycott%20OR%20refund%20OR%20trust%20OR%20betrayed%20OR%20%22stop%20buying%22%29%20lang%3Aen%20-is%3Aretweet%20since%3A2026-07-07%20until%3A2026-07-08&src=typed_query,F-抵制声浪,pending
https://x.com/search?q=%28lululemon%20OR%20%40lululemon%29%20lang%3Aen%20-is%3Aretweet%20since%3A2026-07-08%20until%3A2026-07-09&src=typed_query,A-整体讨论,pending
https://x.com/search?q=%28lululemon%20OR%20%40lululemon%29%20%28PFAS%20OR%20%22forever%20chemicals%22%20OR%20toxic%20OR%20chemical%29%20lang%3Aen%20-is%3Aretweet%20since%3A2026-07-08%20until%3A2026-07-09&src=typed_query,B-化学品争议,pending
https://x.com/search?q=%28lululemon%20OR%20%40lululemon%29%20%28health%20OR%20safety%20OR%20cancer%20OR%20immune%20OR%20harmful%29%20lang%3Aen%20-is%3Aretweet%20since%3A2026-07-08%20until%3A2026-07-09&src=typed_query,C-健康安全,pending
https://x.com/search?q=%28lululemon%20OR%20%40lululemon%29%20%28transparency%20OR%20disclose%20OR%20testing%20OR%20evidence%20OR%20report%29%20lang%3Aen%20-is%3Aretweet%20since%3A2026-07-08%20until%3A2026-07-09&src=typed_query,D-透明度,pending
https://x.com/search?q=%28lululemon%20OR%20%40lululemon%29%20%28greenwashing%20OR%20sustainability%20OR%20hypocrisy%29%20lang%3Aen%20-is%3Aretweet%20since%3A2026-07-08%20until%3A2026-07-09&src=typed_query,E-绿洗质疑,pending
https://x.com/search?q=%28lululemon%20OR%20%40lululemon%29%20%28boycott%20OR%20refund%20OR%20trust%20OR%20betrayed%20OR%20%22stop%20buying%22%29%20lang%3Aen%20-is%3Aretweet%20since%3A2026-07-08%20until%3A2026-07-09&src=typed_query,F-抵制声浪,pending
https://x.com/search?q=%28lululemon%20OR%20%40lululemon%29%20lang%3Aen%20-is%3Aretweet%20since%3A2026-07-09%20until%3A2026-07-10&src=typed_query,A-整体讨论,pending
https://x.com/search?q=%28lululemon%20OR%20%40lululemon%29%20%28PFAS%20OR%20%22forever%20chemicals%22%20OR%20toxic%20OR%20chemical%29%20lang%3Aen%20-is%3Aretweet%20since%3A2026-07-09%20until%3A2026-07-10&src=typed_query,B-化学品争议,pending
https://x.com/search?q=%28lululemon%20OR%20%40lululemon%29%20%28health%20OR%20safety%20OR%20cancer%20OR%20immune%20OR%20harmful%29%20lang%3Aen%20-is%3Aretweet%20since%3A2026-07-09%20until%3A2026-07-10&src=typed_query,C-健康安全,pending
https://x.com/search?q=%28lululemon%20OR%20%40lululemon%29%20%28transparency%20OR%20disclose%20OR%20testing%20OR%20evidence%20OR%20report%29%20lang%3Aen%20-is%3Aretweet%20since%3A2026-07-09%20until%3A2026-07-10&src=typed_query,D-透明度,pending
https://x.com/search?q=%28lululemon%20OR%20%40lululemon%29%20%28greenwashing%20OR%20sustainability%20OR%20hypocrisy%29%20lang%3Aen%20-is%3Aretweet%20since%3A2026-07-09%20until%3A2026-07-10&src=typed_query,E-绿洗质疑,pending
https://x.com/search?q=%28lululemon%20OR%20%40lululemon%29%20%28boycott%20OR%20refund%20OR%20trust%20OR%20betrayed%20OR%20%22stop%20buying%22%29%20lang%3Aen%20-is%3Aretweet%20since%3A2026-07-09%20until%3A2026-07-10&src=typed_query,F-抵制声浪,pending
https://x.com/search?q=%28lululemon%20OR%20%40lululemon%29%20lang%3Aen%20-is%3Aretweet%20since%3A2026-07-10%20until%3A2026-07-11&src=typed_query,A-整体讨论,pending
https://x.com/search?q=%28lululemon%20OR%20%40lululemon%29%20%28PFAS%20OR%20%22forever%20chemicals%22%20OR%20toxic%20OR%20chemical%29%20lang%3Aen%20-is%3Aretweet%20since%3A2026-07-10%20until%3A2026-07-11&src=typed_query,B-化学品争议,pending
https://x.com/search?q=%28lululemon%20OR%20%40lululemon%29%20%28health%20OR%20safety%20OR%20cancer%20OR%20immune%20OR%20harmful%29%20lang%3Aen%20-is%3Aretweet%20since%3A2026-07-10%20until%3A2026-07-11&src=typed_query,C-健康安全,pending
https://x.com/search?q=%28lululemon%20OR%20%40lululemon%29%20%28transparency%20OR%20disclose%20OR%20testing%20OR%20evidence%20OR%20report%29%20lang%3Aen%20-is%3Aretweet%20since%3A2026-07-10%20until%3A2026-07-11&src=typed_query,D-透明度,pending
https://x.com/search?q=%28lululemon%20OR%20%40lululemon%29%20%28greenwashing%20OR%20sustainability%20OR%20hypocrisy%29%20lang%3Aen%20-is%3Aretweet%20since%3A2026-07-10%20until%3A2026-07-11&src=typed_query,E-绿洗质疑,pending
https://x.com/search?q=%28lululemon%20OR%20%40lululemon%29%20%28boycott%20OR%20refund%20OR%20trust%20OR%20betrayed%20OR%20%22stop%20buying%22%29%20lang%3Aen%20-is%3Aretweet%20since%3A2026-07-10%20until%3A2026-07-11&src=typed_query,F-抵制声浪,pending
https://x.com/search?q=%28lululemon%20OR%20%40lululemon%29%20lang%3Aen%20-is%3Aretweet%20since%3A2026-07-11%20until%3A2026-07-12&src=typed_query,A-整体讨论,pending
https://x.com/search?q=%28lululemon%20OR%20%40lululemon%29%20%28PFAS%20OR%20%22forever%20chemicals%22%20OR%20toxic%20OR%20chemical%29%20lang%3Aen%20-is%3Aretweet%20since%3A2026-07-11%20until%3A2026-07-12&src=typed_query,B-化学品争议,pending
https://x.com/search?q=%28lululemon%20OR%20%40lululemon%29%20%28health%20OR%20safety%20OR%20cancer%20OR%20immune%20OR%20harmful%29%20lang%3Aen%20-is%3Aretweet%20since%3A2026-07-11%20until%3A2026-07-12&src=typed_query,C-健康安全,pending
https://x.com/search?q=%28lululemon%20OR%20%40lululemon%29%20%28transparency%20OR%20disclose%20OR%20testing%20OR%20evidence%20OR%20report%29%20lang%3Aen%20-is%3Aretweet%20since%3A2026-07-11%20until%3A2026-07-12&src=typed_query,D-透明度,pending
https://x.com/search?q=%28lululemon%20OR%20%40lululemon%29%20%28greenwashing%20OR%20sustainability%20OR%20hypocrisy%29%20lang%3Aen%20-is%3Aretweet%20since%3A2026-07-11%20until%3A2026-07-12&src=typed_query,E-绿洗质疑,pending
https://x.com/search?q=%28lululemon%20OR%20%40lululemon%29%20%28boycott%20OR%20refund%20OR%20trust%20OR%20betrayed%20OR%20%22stop%20buying%22%29%20lang%3Aen%20-is%3Aretweet%20since%3A2026-07-11%20until%3A2026-07-12&src=typed_query,F-抵制声浪,pending
https://x.com/search?q=%28lululemon%20OR%20%40lululemon%29%20lang%3Aen%20-is%3Aretweet%20since%3A2026-07-12%20until%3A2026-07-13&src=typed_query,A-整体讨论,pending
https://x.com/search?q=%28lululemon%20OR%20%40lululemon%29%20%28PFAS%20OR%20%22forever%20chemicals%22%20OR%20toxic%20OR%20chemical%29%20lang%3Aen%20-is%3Aretweet%20since%3A2026-07-12%20until%3A2026-07-13&src=typed_query,B-化学品争议,pending
https://x.com/search?q=%28lululemon%20OR%20%40lululemon%29%20%28health%20OR%20safety%20OR%20cancer%20OR%20immune%20OR%20harmful%29%20lang%3Aen%20-is%3Aretweet%20since%3A2026-07-12%20until%3A2026-07-13&src=typed_query,C-健康安全,pending
https://x.com/search?q=%28lululemon%20OR%20%40lululemon%29%20%28transparency%20OR%20disclose%20OR%20testing%20OR%20evidence%20OR%20report%29%20lang%3Aen%20-is%3Aretweet%20since%3A2026-07-12%20until%3A2026-07-13&src=typed_query,D-透明度,pending
https://x.com/search?q=%28lululemon%20OR%20%40lululemon%29%20%28greenwashing%20OR%20sustainability%20OR%20hypocrisy%29%20lang%3Aen%20-is%3Aretweet%20since%3A2026-07-12%20until%3A2026-07-13&src=typed_query,E-绿洗质疑,pending
https://x.com/search?q=%28lululemon%20OR%20%40lululemon%29%20%28boycott%20OR%20refund%20OR%20trust%20OR%20betrayed%20OR%20%22stop%20buying%22%29%20lang%3Aen%20-is%3Aretweet%20since%3A2026-07-12%20until%3A2026-07-13&src=typed_query,F-抵制声浪,pending
https://x.com/search?q=%28lululemon%20OR%20%40lululemon%29%20lang%3Aen%20-is%3Aretweet%20since%3A2026-07-13%20until%3A2026-07-14&src=typed_query,A-整体讨论,pending
https://x.com/search?q=%28lululemon%20OR%20%40lululemon%29%20%28PFAS%20OR%20%22forever%20chemicals%22%20OR%20toxic%20OR%20chemical%29%20lang%3Aen%20-is%3Aretweet%20since%3A2026-07-13%20until%3A2026-07-14&src=typed_query,B-化学品争议,pending
https://x.com/search?q=%28lululemon%20OR%20%40lululemon%29%20%28health%20OR%20safety%20OR%20cancer%20OR%20immune%20OR%20harmful%29%20lang%3Aen%20-is%3Aretweet%20since%3A2026-07-13%20until%3A2026-07-14&src=typed_query,C-健康安全,pending
https://x.com/search?q=%28lululemon%20OR%20%40lululemon%29%20%28transparency%20OR%20disclose%20OR%20testing%20OR%20evidence%20OR%20report%29%20lang%3Aen%20-is%3Aretweet%20since%3A2026-07-13%20until%3A2026-07-14&src=typed_query,D-透明度,pending
https://x.com/search?q=%28lululemon%20OR%20%40lululemon%29%20%28greenwashing%20OR%20sustainability%20OR%20hypocrisy%29%20lang%3Aen%20-is%3Aretweet%20since%3A2026-07-13%20until%3A2026-07-14&src=typed_query,E-绿洗质疑,pending
https://x.com/search?q=%28lululemon%20OR%20%40lululemon%29%20%28boycott%20OR%20refund%20OR%20trust%20OR%20betrayed%20OR%20%22stop%20buying%22%29%20lang%3Aen%20-is%3Aretweet%20since%3A2026-07-13%20until%3A2026-07-14&src=typed_query,F-抵制声浪,pending
https://x.com/search?q=%28lululemon%20OR%20%40lululemon%29%20lang%3Aen%20-is%3Aretweet%20since%3A2026-07-14%20until%3A2026-07-15&src=typed_query,A-整体讨论,pending
https://x.com/search?q=%28lululemon%20OR%20%40lululemon%29%20%28PFAS%20OR%20%22forever%20chemicals%22%20OR%20toxic%20OR%20chemical%29%20lang%3Aen%20-is%3Aretweet%20since%3A2026-07-14%20until%3A2026-07-15&src=typed_query,B-化学品争议,pending
https://x.com/search?q=%28lululemon%20OR%20%40lululemon%29%20%28health%20OR%20safety%20OR%20cancer%20OR%20immune%20OR%20harmful%29%20lang%3Aen%20-is%3Aretweet%20since%3A2026-07-14%20until%3A2026-07-15&src=typed_query,C-健康安全,pending
https://x.com/search?q=%28lululemon%20OR%20%40lululemon%29%20%28transparency%20OR%20disclose%20OR%20testing%20OR%20evidence%20OR%20report%29%20lang%3Aen%20-is%3Aretweet%20since%3A2026-07-14%20until%3A2026-07-15&src=typed_query,D-透明度,pending
https://x.com/search?q=%28lululemon%20OR%20%40lululemon%29%20%28greenwashing%20OR%20sustainability%20OR%20hypocrisy%29%20lang%3Aen%20-is%3Aretweet%20since%3A2026-07-14%20until%3A2026-07-15&src=typed_query,E-绿洗质疑,pending
https://x.com/search?q=%28lululemon%20OR%20%40lululemon%29%20%28boycott%20OR%20refund%20OR%20trust%20OR%20betrayed%20OR%20%22stop%20buying%22%29%20lang%3Aen%20-is%3Aretweet%20since%3A2026-07-14%20until%3A2026-07-15&src=typed_query,F-抵制声浪,pending
https://x.com/search?q=%28lululemon%20OR%20%40lululemon%29%20lang%3Aen%20-is%3Aretweet%20since%3A2026-07-15%20until%3A2026-07-16&src=typed_query,A-整体讨论,pending
https://x.com/search?q=%28lululemon%20OR%20%40lululemon%29%20%28PFAS%20OR%20%22forever%20chemicals%22%20OR%20toxic%20OR%20chemical%29%20lang%3Aen%20-is%3Aretweet%20since%3A2026-07-15%20until%3A2026-07-16&src=typed_query,B-化学品争议,pending
https://x.com/search?q=%28lululemon%20OR%20%40lululemon%29%20%28health%20OR%20safety%20OR%20cancer%20OR%20immune%20OR%20harmful%29%20lang%3Aen%20-is%3Aretweet%20since%3A2026-07-15%20until%3A2026-07-16&src=typed_query,C-健康安全,pending
https://x.com/search?q=%28lululemon%20OR%20%40lululemon%29%20%28transparency%20OR%20disclose%20OR%20testing%20OR%20evidence%20OR%20report%29%20lang%3Aen%20-is%3Aretweet%20since%3A2026-07-15%20until%3A2026-07-16&src=typed_query,D-透明度,pending
https://x.com/search?q=%28lululemon%20OR%20%40lululemon%29%20%28greenwashing%20OR%20sustainability%20OR%20hypocrisy%29%20lang%3Aen%20-is%3Aretweet%20since%3A2026-07-15%20until%3A2026-07-16&src=typed_query,E-绿洗质疑,pending
https://x.com/search?q=%28lululemon%20OR%20%40lululemon%29%20%28boycott%20OR%20refund%20OR%20trust%20OR%20betrayed%20OR%20%22stop%20buying%22%29%20lang%3Aen%20-is%3Aretweet%20since%3A2026-07-15%20until%3A2026-07-16&src=typed_query,F-抵制声浪,pending
https://x.com/search?q=%28lululemon%20OR%20%40lululemon%29%20lang%3Aen%20-is%3Aretweet%20since%3A2026-07-16%20until%3A2026-07-17&src=typed_query,A-整体讨论,pending
https://x.com/search?q=%28lululemon%20OR%20%40lululemon%29%20%28PFAS%20OR%20%22forever%20chemicals%22%20OR%20toxic%20OR%20chemical%29%20lang%3Aen%20-is%3Aretweet%20since%3A2026-07-16%20until%3A2026-07-17&src=typed_query,B-化学品争议,pending
https://x.com/search?q=%28lululemon%20OR%20%40lululemon%29%20%28health%20OR%20safety%20OR%20cancer%20OR%20immune%20OR%20harmful%29%20lang%3Aen%20-is%3Aretweet%20since%3A2026-07-16%20until%3A2026-07-17&src=typed_query,C-健康安全,pending
https://x.com/search?q=%28lululemon%20OR%20%40lululemon%29%20%28transparency%20OR%20disclose%20OR%20testing%20OR%20evidence%20OR%20report%29%20lang%3Aen%20-is%3Aretweet%20since%3A2026-07-16%20until%3A2026-07-17&src=typed_query,D-透明度,pending
https://x.com/search?q=%28lululemon%20OR%20%40lululemon%29%20%28greenwashing%20OR%20sustainability%20OR%20hypocrisy%29%20lang%3Aen%20-is%3Aretweet%20since%3A2026-07-16%20until%3A2026-07-17&src=typed_query,E-绿洗质疑,pending
https://x.com/search?q=%28lululemon%20OR%20%40lululemon%29%20%28boycott%20OR%20refund%20OR%20trust%20OR%20betrayed%20OR%20%22stop%20buying%22%29%20lang%3Aen%20-is%3Aretweet%20since%3A2026-07-16%20until%3A2026-07-17&src=typed_query,F-抵制声浪,pending
https://x.com/search?q=%28lululemon%20OR%20%40lululemon%29%20lang%3Aen%20-is%3Aretweet%20since%3A2026-07-17%20until%3A2026-07-18&src=typed_query,A-整体讨论,pending
https://x.com/search?q=%28lululemon%20OR%20%40lululemon%29%20%28PFAS%20OR%20%22forever%20chemicals%22%20OR%20toxic%20OR%20chemical%29%20lang%3Aen%20-is%3Aretweet%20since%3A2026-07-17%20until%3A2026-07-18&src=typed_query,B-化学品争议,pending
https://x.com/search?q=%28lululemon%20OR%20%40lululemon%29%20%28health%20OR%20safety%20OR%20cancer%20OR%20immune%20OR%20harmful%29%20lang%3Aen%20-is%3Aretweet%20since%3A2026-07-17%20until%3A2026-07-18&src=typed_query,C-健康安全,pending
https://x.com/search?q=%28lululemon%20OR%20%40lululemon%29%20%28transparency%20OR%20disclose%20OR%20testing%20OR%20evidence%20OR%20report%29%20lang%3Aen%20-is%3Aretweet%20since%3A2026-07-17%20until%3A2026-07-18&src=typed_query,D-透明度,pending
https://x.com/search?q=%28lululemon%20OR%20%40lululemon%29%20%28greenwashing%20OR%20sustainability%20OR%20hypocrisy%29%20lang%3Aen%20-is%3Aretweet%20since%3A2026-07-17%20until%3A2026-07-18&src=typed_query,E-绿洗质疑,pending
https://x.com/search?q=%28lululemon%20OR%20%40lululemon%29%20%28boycott%20OR%20refund%20OR%20trust%20OR%20betrayed%20OR%20%22stop%20buying%22%29%20lang%3Aen%20-is%3Aretweet%20since%3A2026-07-17%20until%3A2026-07-18&src=typed_query,F-抵制声浪,pending
https://x.com/search?q=%28lululemon%20OR%20%40lululemon%29%20lang%3Aen%20-is%3Aretweet%20since%3A2026-07-18%20until%3A2026-07-19&src=typed_query,A-整体讨论,pending
https://x.com/search?q=%28lululemon%20OR%20%40lululemon%29%20%28PFAS%20OR%20%22forever%20chemicals%22%20OR%20toxic%20OR%20chemical%29%20lang%3Aen%20-is%3Aretweet%20since%3A2026-07-18%20until%3A2026-07-19&src=typed_query,B-化学品争议,pending
https://x.com/search?q=%28lululemon%20OR%20%40lululemon%29%20%28health%20OR%20safety%20OR%20cancer%20OR%20immune%20OR%20harmful%29%20lang%3Aen%20-is%3Aretweet%20since%3A2026-07-18%20until%3A2026-07-19&src=typed_query,C-健康安全,pending
https://x.com/search?q=%28lululemon%20OR%20%40lululemon%29%20%28transparency%20OR%20disclose%20OR%20testing%20OR%20evidence%20OR%20report%29%20lang%3Aen%20-is%3Aretweet%20since%3A2026-07-18%20until%3A2026-07-19&src=typed_query,D-透明度,pending
https://x.com/search?q=%28lululemon%20OR%20%40lululemon%29%20%28greenwashing%20OR%20sustainability%20OR%20hypocrisy%29%20lang%3Aen%20-is%3Aretweet%20since%3A2026-07-18%20until%3A2026-07-19&src=typed_query,E-绿洗质疑,pending
https://x.com/search?q=%28lululemon%20OR%20%40lululemon%29%20%28boycott%20OR%20refund%20OR%20trust%20OR%20betrayed%20OR%20%22stop%20buying%22%29%20lang%3Aen%20-is%3Aretweet%20since%3A2026-07-18%20until%3A2026-07-19&src=typed_query,F-抵制声浪,pending
https://x.com/search?q=%28lululemon%20OR%20%40lululemon%29%20lang%3Aen%20-is%3Aretweet%20since%3A2026-07-19%20until%3A2026-07-20&src=typed_query,A-整体讨论,pending
https://x.com/search?q=%28lululemon%20OR%20%40lululemon%29%20%28PFAS%20OR%20%22forever%20chemicals%22%20OR%20toxic%20OR%20chemical%29%20lang%3Aen%20-is%3Aretweet%20since%3A2026-07-19%20until%3A2026-07-20&src=typed_query,B-化学品争议,pending
https://x.com/search?q=%28lululemon%20OR%20%40lululemon%29%20%28health%20OR%20safety%20OR%20cancer%20OR%20immune%20OR%20harmful%29%20lang%3Aen%20-is%3Aretweet%20since%3A2026-07-19%20until%3A2026-07-20&src=typed_query,C-健康安全,pending
https://x.com/search?q=%28lululemon%20OR%20%40lululemon%29%20%28transparency%20OR%20disclose%20OR%20testing%20OR%20evidence%20OR%20report%29%20lang%3Aen%20-is%3Aretweet%20since%3A2026-07-19%20until%3A2026-07-20&src=typed_query,D-透明度,pending
https://x.com/search?q=%28lululemon%20OR%20%40lululemon%29%20%28greenwashing%20OR%20sustainability%20OR%20hypocrisy%29%20lang%3Aen%20-is%3Aretweet%20since%3A2026-07-19%20until%3A2026-07-20&src=typed_query,E-绿洗质疑,pending
https://x.com/search?q=%28lululemon%20OR%20%40lululemon%29%20%28boycott%20OR%20refund%20OR%20trust%20OR%20betrayed%20OR%20%22stop%20buying%22%29%20lang%3Aen%20-is%3Aretweet%20since%3A2026-07-19%20until%3A2026-07-20&src=typed_query,F-抵制声浪,pending
https://x.com/search?q=%28lululemon%20OR%20%40lululemon%29%20lang%3Aen%20-is%3Aretweet%20since%3A2026-07-20%20until%3A2026-07-21&src=typed_query,A-整体讨论,pending
https://x.com/search?q=%28lululemon%20OR%20%40lululemon%29%20%28PFAS%20OR%20%22forever%20chemicals%22%20OR%20toxic%20OR%20chemical%29%20lang%3Aen%20-is%3Aretweet%20since%3A2026-07-20%20until%3A2026-07-21&src=typed_query,B-化学品争议,pending
https://x.com/search?q=%28lululemon%20OR%20%40lululemon%29%20%28health%20OR%20safety%20OR%20cancer%20OR%20immune%20OR%20harmful%29%20lang%3Aen%20-is%3Aretweet%20since%3A2026-07-20%20until%3A2026-07-21&src=typed_query,C-健康安全,pending
https://x.com/search?q=%28lululemon%20OR%20%40lululemon%29%20%28transparency%20OR%20disclose%20OR%20testing%20OR%20evidence%20OR%20report%29%20lang%3Aen%20-is%3Aretweet%20since%3A2026-07-20%20until%3A2026-07-21&src=typed_query,D-透明度,pending
https://x.com/search?q=%28lululemon%20OR%20%40lululemon%29%20%28greenwashing%20OR%20sustainability%20OR%20hypocrisy%29%20lang%3Aen%20-is%3Aretweet%20since%3A2026-07-20%20until%3A2026-07-21&src=typed_query,E-绿洗质疑,pending
https://x.com/search?q=%28lululemon%20OR%20%40lululemon%29%20%28boycott%20OR%20refund%20OR%20trust%20OR%20betrayed%20OR%20%22stop%20buying%22%29%20lang%3Aen%20-is%3Aretweet%20since%3A2026-07-20%20until%3A2026-07-21&src=typed_query,F-抵制声浪,pending
https://x.com/search?q=%28lululemon%20OR%20%40lululemon%29%20lang%3Aen%20-is%3Aretweet%20since%3A2026-07-21%20until%3A2026-07-22&src=typed_query,A-整体讨论,pending
https://x.com/search?q=%28lululemon%20OR%20%40lululemon%29%20%28PFAS%20OR%20%22forever%20chemicals%22%20OR%20toxic%20OR%20chemical%29%20lang%3Aen%20-is%3Aretweet%20since%3A2026-07-21%20until%3A2026-07-22&src=typed_query,B-化学品争议,pending
https://x.com/search?q=%28lululemon%20OR%20%40lululemon%29%20%28health%20OR%20safety%20OR%20cancer%20OR%20immune%20OR%20harmful%29%20lang%3Aen%20-is%3Aretweet%20since%3A2026-07-21%20until%3A2026-07-22&src=typed_query,C-健康安全,pending
https://x.com/search?q=%28lululemon%20OR%20%40lululemon%29%20%28transparency%20OR%20disclose%20OR%20testing%20OR%20evidence%20OR%20report%29%20lang%3Aen%20-is%3Aretweet%20since%3A2026-07-21%20until%3A2026-07-22&src=typed_query,D-透明度,pending
https://x.com/search?q=%28lululemon%20OR%20%40lululemon%29%20%28greenwashing%20OR%20sustainability%20OR%20hypocrisy%29%20lang%3Aen%20-is%3Aretweet%20since%3A2026-07-21%20until%3A2026-07-22&src=typed_query,E-绿洗质疑,pending
https://x.com/search?q=%28lululemon%20OR%20%40lululemon%29%20%28boycott%20OR%20refund%20OR%20trust%20OR%20betrayed%20OR%20%22stop%20buying%22%29%20lang%3Aen%20-is%3Aretweet%20since%3A2026-07-21%20until%3A2026-07-22&src=typed_query,F-抵制声浪,pending
https://x.com/search?q=%28lululemon%20OR%20%40lululemon%29%20lang%3Aen%20-is%3Aretweet%20since%3A2026-07-22%20until%3A2026-07-23&src=typed_query,A-整体讨论,pending
https://x.com/search?q=%28lululemon%20OR%20%40lululemon%29%20%28PFAS%20OR%20%22forever%20chemicals%22%20OR%20toxic%20OR%20chemical%29%20lang%3Aen%20-is%3Aretweet%20since%3A2026-07-22%20until%3A2026-07-23&src=typed_query,B-化学品争议,pending
https://x.com/search?q=%28lululemon%20OR%20%40lululemon%29%20%28health%20OR%20safety%20OR%20cancer%20OR%20immune%20OR%20harmful%29%20lang%3Aen%20-is%3Aretweet%20since%3A2026-07-22%20until%3A2026-07-23&src=typed_query,C-健康安全,pending
https://x.com/search?q=%28lululemon%20OR%20%40lululemon%29%20%28transparency%20OR%20disclose%20OR%20testing%20OR%20evidence%20OR%20report%29%20lang%3Aen%20-is%3Aretweet%20since%3A2026-07-22%20until%3A2026-07-23&src=typed_query,D-透明度,pending
https://x.com/search?q=%28lululemon%20OR%20%40lululemon%29%20%28greenwashing%20OR%20sustainability%20OR%20hypocrisy%29%20lang%3Aen%20-is%3Aretweet%20since%3A2026-07-22%20until%3A2026-07-23&src=typed_query,E-绿洗质疑,pending
https://x.com/search?q=%28lululemon%20OR%20%40lululemon%29%20%28boycott%20OR%20refund%20OR%20trust%20OR%20betrayed%20OR%20%22stop%20buying%22%29%20lang%3Aen%20-is%3Aretweet%20since%3A2026-07-22%20until%3A2026-07-23&src=typed_query,F-抵制声浪,pending
https://x.com/search?q=%28lululemon%20OR%20%40lululemon%29%20lang%3Aen%20-is%3Aretweet%20since%3A2026-07-23%20until%3A2026-07-24&src=typed_query,A-整体讨论,pending
https://x.com/search?q=%28lululemon%20OR%20%40lululemon%29%20%28PFAS%20OR%20%22forever%20chemicals%22%20OR%20toxic%20OR%20chemical%29%20lang%3Aen%20-is%3Aretweet%20since%3A2026-07-23%20until%3A2026-07-24&src=typed_query,B-化学品争议,pending
https://x.com/search?q=%28lululemon%20OR%20%40lululemon%29%20%28health%20OR%20safety%20OR%20cancer%20OR%20immune%20OR%20harmful%29%20lang%3Aen%20-is%3Aretweet%20since%3A2026-07-23%20until%3A2026-07-24&src=typed_query,C-健康安全,pending
https://x.com/search?q=%28lululemon%20OR%20%40lululemon%29%20%28transparency%20OR%20disclose%20OR%20testing%20OR%20evidence%20OR%20report%29%20lang%3Aen%20-is%3Aretweet%20since%3A2026-07-23%20until%3A2026-07-24&src=typed_query,D-透明度,pending
https://x.com/search?q=%28lululemon%20OR%20%40lululemon%29%20%28greenwashing%20OR%20sustainability%20OR%20hypocrisy%29%20lang%3Aen%20-is%3Aretweet%20since%3A2026-07-23%20until%3A2026-07-24&src=typed_query,E-绿洗质疑,pending
https://x.com/search?q=%28lululemon%20OR%20%40lululemon%29%20%28boycott%20OR%20refund%20OR%20trust%20OR%20betrayed%20OR%20%22stop%20buying%22%29%20lang%3Aen%20-is%3Aretweet%20since%3A2026-07-23%20until%3A2026-07-24&src=typed_query,F-抵制声浪,pending
https://x.com/search?q=%28lululemon%20OR%20%40lululemon%29%20lang%3Aen%20-is%3Aretweet%20since%3A2026-07-24%20until%3A2026-07-25&src=typed_query,A-整体讨论,pending
https://x.com/search?q=%28lululemon%20OR%20%40lululemon%29%20%28PFAS%20OR%20%22forever%20chemicals%22%20OR%20toxic%20OR%20chemical%29%20lang%3Aen%20-is%3Aretweet%20since%3A2026-07-24%20until%3A2026-07-25&src=typed_query,B-化学品争议,pending
https://x.com/search?q=%28lululemon%20OR%20%40lululemon%29%20%28health%20OR%20safety%20OR%20cancer%20OR%20immune%20OR%20harmful%29%20lang%3Aen%20-is%3Aretweet%20since%3A2026-07-24%20until%3A2026-07-25&src=typed_query,C-健康安全,pending
https://x.com/search?q=%28lululemon%20OR%20%40lululemon%29%20%28transparency%20OR%20disclose%20OR%20testing%20OR%20evidence%20OR%20report%29%20lang%3Aen%20-is%3Aretweet%20since%3A2026-07-24%20until%3A2026-07-25&src=typed_query,D-透明度,pending
https://x.com/search?q=%28lululemon%20OR%20%40lululemon%29%20%28greenwashing%20OR%20sustainability%20OR%20hypocrisy%29%20lang%3Aen%20-is%3Aretweet%20since%3A2026-07-24%20until%3A2026-07-25&src=typed_query,E-绿洗质疑,pending
https://x.com/search?q=%28lululemon%20OR%20%40lululemon%29%20%28boycott%20OR%20refund%20OR%20trust%20OR%20betrayed%20OR%20%22stop%20buying%22%29%20lang%3Aen%20-is%3Aretweet%20since%3A2026-07-24%20until%3A2026-07-25&src=typed_query,F-抵制声浪,pending
https://x.com/search?q=%28lululemon%20OR%20%40lululemon%29%20lang%3Aen%20-is%3Aretweet%20since%3A2026-07-25%20until%3A2026-07-26&src=typed_query,A-整体讨论,pending
https://x.com/search?q=%28lululemon%20OR%20%40lululemon%29%20%28PFAS%20OR%20%22forever%20chemicals%22%20OR%20toxic%20OR%20chemical%29%20lang%3Aen%20-is%3Aretweet%20since%3A2026-07-25%20until%3A2026-07-26&src=typed_query,B-化学品争议,pending
https://x.com/search?q=%28lululemon%20OR%20%40lululemon%29%20%28health%20OR%20safety%20OR%20cancer%20OR%20immune%20OR%20harmful%29%20lang%3Aen%20-is%3Aretweet%20since%3A2026-07-25%20until%3A2026-07-26&src=typed_query,C-健康安全,pending
https://x.com/search?q=%28lululemon%20OR%20%40lululemon%29%20%28transparency%20OR%20disclose%20OR%20testing%20OR%20evidence%20OR%20report%29%20lang%3Aen%20-is%3Aretweet%20since%3A2026-07-25%20until%3A2026-07-26&src=typed_query,D-透明度,pending
https://x.com/search?q=%28lululemon%20OR%20%40lululemon%29%20%28greenwashing%20OR%20sustainability%20OR%20hypocrisy%29%20lang%3Aen%20-is%3Aretweet%20since%3A2026-07-25%20until%3A2026-07-26&src=typed_query,E-绿洗质疑,pending
https://x.com/search?q=%28lululemon%20OR%20%40lululemon%29%20%28boycott%20OR%20refund%20OR%20trust%20OR%20betrayed%20OR%20%22stop%20buying%22%29%20lang%3Aen%20-is%3Aretweet%20since%3A2026-07-25%20until%3A2026-07-26&src=typed_query,F-抵制声浪,pending
https://x.com/search?q=%28lululemon%20OR%20%40lululemon%29%20lang%3Aen%20-is%3Aretweet%20since%3A2026-07-26%20until%3A2026-07-27&src=typed_query,A-整体讨论,pending
https://x.com/search?q=%28lululemon%20OR%20%40lululemon%29%20%28PFAS%20OR%20%22forever%20chemicals%22%20OR%20toxic%20OR%20chemical%29%20lang%3Aen%20-is%3Aretweet%20since%3A2026-07-26%20until%3A2026-07-27&src=typed_query,B-化学品争议,pending
https://x.com/search?q=%28lululemon%20OR%20%40lululemon%29%20%28health%20OR%20safety%20OR%20cancer%20OR%20immune%20OR%20harmful%29%20lang%3Aen%20-is%3Aretweet%20since%3A2026-07-26%20until%3A2026-07-27&src=typed_query,C-健康安全,pending
https://x.com/search?q=%28lululemon%20OR%20%40lululemon%29%20%28transparency%20OR%20disclose%20OR%20testing%20OR%20evidence%20OR%20report%29%20lang%3Aen%20-is%3Aretweet%20since%3A2026-07-26%20until%3A2026-07-27&src=typed_query,D-透明度,pending
https://x.com/search?q=%28lululemon%20OR%20%40lululemon%29%20%28greenwashing%20OR%20sustainability%20OR%20hypocrisy%29%20lang%3Aen%20-is%3Aretweet%20since%3A2026-07-26%20until%3A2026-07-27&src=typed_query,E-绿洗质疑,pending
https://x.com/search?q=%28lululemon%20OR%20%40lululemon%29%20%28boycott%20OR%20refund%20OR%20trust%20OR%20betrayed%20OR%20%22stop%20buying%22%29%20lang%3Aen%20-is%3Aretweet%20since%3A2026-07-26%20until%3A2026-07-27&src=typed_query,F-抵制声浪,pending
https://x.com/search?q=%28lululemon%20OR%20%40lululemon%29%20lang%3Aen%20-is%3Aretweet%20since%3A2026-07-27%20until%3A2026-07-28&src=typed_query,A-整体讨论,pending
https://x.com/search?q=%28lululemon%20OR%20%40lululemon%29%20%28PFAS%20OR%20%22forever%20chemicals%22%20OR%20toxic%20OR%20chemical%29%20lang%3Aen%20-is%3Aretweet%20since%3A2026-07-27%20until%3A2026-07-28&src=typed_query,B-化学品争议,pending
https://x.com/search?q=%28lululemon%20OR%20%40lululemon%29%20%28health%20OR%20safety%20OR%20cancer%20OR%20immune%20OR%20harmful%29%20lang%3Aen%20-is%3Aretweet%20since%3A2026-07-27%20until%3A2026-07-28&src=typed_query,C-健康安全,pending
https://x.com/search?q=%28lululemon%20OR%20%40lululemon%29%20%28transparency%20OR%20disclose%20OR%20testing%20OR%20evidence%20OR%20report%29%20lang%3Aen%20-is%3Aretweet%20since%3A2026-07-27%20until%3A2026-07-28&src=typed_query,D-透明度,pending
https://x.com/search?q=%28lululemon%20OR%20%40lululemon%29%20%28greenwashing%20OR%20sustainability%20OR%20hypocrisy%29%20lang%3Aen%20-is%3Aretweet%20since%3A2026-07-27%20until%3A2026-07-28&src=typed_query,E-绿洗质疑,pending
https://x.com/search?q=%28lululemon%20OR%20%40lululemon%29%20%28boycott%20OR%20refund%20OR%20trust%20OR%20betrayed%20OR%20%22stop%20buying%22%29%20lang%3Aen%20-is%3Aretweet%20since%3A2026-07-27%20until%3A2026-07-28&src=typed_query,F-抵制声浪,pending
https://x.com/search?q=%28lululemon%20OR%20%40lululemon%29%20lang%3Aen%20-is%3Aretweet%20since%3A2026-07-28%20until%3A2026-07-29&src=typed_query,A-整体讨论,pending
https://x.com/search?q=%28lululemon%20OR%20%40lululemon%29%20%28PFAS%20OR%20%22forever%20chemicals%22%20OR%20toxic%20OR%20chemical%29%20lang%3Aen%20-is%3Aretweet%20since%3A2026-07-28%20until%3A2026-07-29&src=typed_query,B-化学品争议,pending
https://x.com/search?q=%28lululemon%20OR%20%40lululemon%29%20%28health%20OR%20safety%20OR%20cancer%20OR%20immune%20OR%20harmful%29%20lang%3Aen%20-is%3Aretweet%20since%3A2026-07-28%20until%3A2026-07-29&src=typed_query,C-健康安全,pending
https://x.com/search?q=%28lululemon%20OR%20%40lululemon%29%20%28transparency%20OR%20disclose%20OR%20testing%20OR%20evidence%20OR%20report%29%20lang%3Aen%20-is%3Aretweet%20since%3A2026-07-28%20until%3A2026-07-29&src=typed_query,D-透明度,pending
https://x.com/search?q=%28lululemon%20OR%20%40lululemon%29%20%28greenwashing%20OR%20sustainability%20OR%20hypocrisy%29%20lang%3Aen%20-is%3Aretweet%20since%3A2026-07-28%20until%3A2026-07-29&src=typed_query,E-绿洗质疑,pending
https://x.com/search?q=%28lululemon%20OR%20%40lululemon%29%20%28boycott%20OR%20refund%20OR%20trust%20OR%20betrayed%20OR%20%22stop%20buying%22%29%20lang%3Aen%20-is%3Aretweet%20since%3A2026-07-28%20until%3A2026-07-29&src=typed_query,F-抵制声浪,pending
https://x.com/search?q=%28lululemon%20OR%20%40lululemon%29%20lang%3Aen%20-is%3Aretweet%20since%3A2026-07-29%20until%3A2026-07-30&src=typed_query,A-整体讨论,pending
https://x.com/search?q=%28lululemon%20OR%20%40lululemon%29%20%28PFAS%20OR%20%22forever%20chemicals%22%20OR%20toxic%20OR%20chemical%29%20lang%3Aen%20-is%3Aretweet%20since%3A2026-07-29%20until%3A2026-07-30&src=typed_query,B-化学品争议,pending
https://x.com/search?q=%28lululemon%20OR%20%40lululemon%29%20%28health%20OR%20safety%20OR%20cancer%20OR%20immune%20OR%20harmful%29%20lang%3Aen%20-is%3Aretweet%20since%3A2026-07-29%20until%3A2026-07-30&src=typed_query,C-健康安全,pending
https://x.com/search?q=%28lululemon%20OR%20%40lululemon%29%20%28transparency%20OR%20disclose%20OR%20testing%20OR%20evidence%20OR%20report%29%20lang%3Aen%20-is%3Aretweet%20since%3A2026-07-29%20until%3A2026-07-30&src=typed_query,D-透明度,pending
https://x.com/search?q=%28lululemon%20OR%20%40lululemon%29%20%28greenwashing%20OR%20sustainability%20OR%20hypocrisy%29%20lang%3Aen%20-is%3Aretweet%20since%3A2026-07-29%20until%3A2026-07-30&src=typed_query,E-绿洗质疑,pending
https://x.com/search?q=%28lululemon%20OR%20%40lululemon%29%20%28boycott%20OR%20refund%20OR%20trust%20OR%20betrayed%20OR%20%22stop%20buying%22%29%20lang%3Aen%20-is%3Aretweet%20since%3A2026-07-29%20until%3A2026-07-30&src=typed_query,F-抵制声浪,pending
https://x.com/search?q=%28lululemon%20OR%20%40lululemon%29%20lang%3Aen%20-is%3Aretweet%20since%3A2026-07-30%20until%3A2026-07-31&src=typed_query,A-整体讨论,pending
https://x.com/search?q=%28lululemon%20OR%20%40lululemon%29%20%28PFAS%20OR%20%22forever%20chemicals%22%20OR%20toxic%20OR%20chemical%29%20lang%3Aen%20-is%3Aretweet%20since%3A2026-07-30%20until%3A2026-07-31&src=typed_query,B-化学品争议,pending
https://x.com/search?q=%28lululemon%20OR%20%40lululemon%29%20%28health%20OR%20safety%20OR%20cancer%20OR%20immune%20OR%20harmful%29%20lang%3Aen%20-is%3Aretweet%20since%3A2026-07-30%20until%3A2026-07-31&src=typed_query,C-健康安全,pending
https://x.com/search?q=%28lululemon%20OR%20%40lululemon%29%20%28transparency%20OR%20disclose%20OR%20testing%20OR%20evidence%20OR%20report%29%20lang%3Aen%20-is%3Aretweet%20since%3A2026-07-30%20until%3A2026-07-31&src=typed_query,D-透明度,pending
https://x.com/search?q=%28lululemon%20OR%20%40lululemon%29%20%28greenwashing%20OR%20sustainability%20OR%20hypocrisy%29%20lang%3Aen%20-is%3Aretweet%20since%3A2026-07-30%20until%3A2026-07-31&src=typed_query,E-绿洗质疑,pending
https://x.com/search?q=%28lululemon%20OR%20%40lululemon%29%20%28boycott%20OR%20refund%20OR%20trust%20OR%20betrayed%20OR%20%22stop%20buying%22%29%20lang%3Aen%20-is%3Aretweet%20since%3A2026-07-30%20until%3A2026-07-31&src=typed_query,F-抵制声浪,pending
https://x.com/search?q=%28lululemon%20OR%20%40lululemon%29%20lang%3Aen%20-is%3Aretweet%20since%3A2026-07-31%20until%3A2026-08-01&src=typed_query,A-整体讨论,pending
https://x.com/search?q=%28lululemon%20OR%20%40lululemon%29%20%28PFAS%20OR%20%22forever%20chemicals%22%20OR%20toxic%20OR%20chemical%29%20lang%3Aen%20-is%3Aretweet%20since%3A2026-07-31%20until%3A2026-08-01&src=typed_query,B-化学品争议,pending
https://x.com/search?q=%28lululemon%20OR%20%40lululemon%29%20%28health%20OR%20safety%20OR%20cancer%20OR%20immune%20OR%20harmful%29%20lang%3Aen%20-is%3Aretweet%20since%3A2026-07-31%20until%3A2026-08-01&src=typed_query,C-健康安全,pending
https://x.com/search?q=%28lululemon%20OR%20%40lululemon%29%20%28transparency%20OR%20disclose%20OR%20testing%20OR%20evidence%20OR%20report%29%20lang%3Aen%20-is%3Aretweet%20since%3A2026-07-31%20until%3A2026-08-01&src=typed_query,D-透明度,pending
https://x.com/search?q=%28lululemon%20OR%20%40lululemon%29%20%28greenwashing%20OR%20sustainability%20OR%20hypocrisy%29%20lang%3Aen%20-is%3Aretweet%20since%3A2026-07-31%20until%3A2026-08-01&src=typed_query,E-绿洗质疑,pending
https://x.com/search?q=%28lululemon%20OR%20%40lululemon%29%20%28boycott%20OR%20refund%20OR%20trust%20OR%20betrayed%20OR%20%22stop%20buying%22%29%20lang%3Aen%20-is%3Aretweet%20since%3A2026-07-31%20until%3A2026-08-01&src=typed_query,F-抵制声浪,pending
