发布者,发布时间,正文,点赞数,回复数,转发数,浏览量,话题标签,关键词,链接,被回复的用户ID,被回复的帖子链接,转发原帖用户ID,转发原帖正文,转发原帖链接,AI有效,AI无效原因,语言,转发原帖语言
@FhjTim,2026-01-01T04:36:39.000Z,"Goals for 2026: Get laid once Hit the ball as far as 
@chazwill10
 Pull like 
@TheDouger44
@mnues1
 Crank 90’s like 
@SkysportsNow12
 Pull of lululemon like 
@SIGerasimo
 Crack down on Somalians with 
@otis_kirk7
 and 
@Buckspicks1
 Be as ripped as Seth. Cheers to 2026.",8,4,0,266,,A-整体讨论,https://x.com/FhjTim/status/2006585335594045912,[],[],,,,False,与Lululemon无关 提及品牌但内容为无关个人目标,en,
@FC_kyle,2026-01-01T01:58:01.000Z,"The biggest loser with Canada’s Olympic roster selection isn’t Sam Bennett. It’s 
@lululemon
. They lost a huge marketing opportunity having their poster boy Connor Bedard wearing Lulu at the Olympics.",1,0,1,295,,A-整体讨论,https://x.com/FC_kyle/status/2006545414233948639,[],[],,,,True,有效 讨论Lululemon奥运营销机会，相关,en,
@evfiend,2025-12-31T19:48:58.000Z,"i think CB is going down a dangerous hole and the worst part is they haven’t realized it yet they need to be taking robinhood as not just potential competition but a nail in the coffin type competitor, similar to mint and whoever came before mint similar to robinhood and every other retail focused brokerage what saved cb before was that rh did not seem to focus on crypto, that has clearly changed rh has the retail that cb wants, not the other way around they are moving towards being the everything app, and i think within 5 years anyone college aged or younger will solely bank with robinhood, not just bank but everything from sportsbetting to 401k this is where cb is losing big imo, and their focus on CC with base instead of being financial rails for everything and going after the next generation will look foolish in hindsight. guess what, retail wants to bet, bank, save, earn, trade, withdraw cash, pay rent, and everything else all at the same time. robinhood seems to get this, CB does not. robinhood has no hills to die on, they cannibalize wherever they can (prediction markets) at an almost ruthless manner. i don’t see that from cb, i like brian a lot and obviously he’s a HOF founder but deep down he has to be thinking wtf are we doing. once robinhood launches perps it’s over, retail will forever trade perps there (like they do options) and that’s the true bread winner in crypto. after that they will probably move to cannibalizing pump fun in some way it’s just confusing, you have the base app which feels like a social network vs a wallet, and then you have coinbase app which people know but is still just a crypto cex you can onboard soulja boy and hot for the moment twitter journalists but i don’t really understand why, like you are coinbase / base, why are you focusing on short sighted things like crypto social networks instead of trying to steal robinhood users zora guys are obviously great at building products, i’d have them just sunset zora and move on to combining the coinbase + base app into one (two apps is beyond stupid) and making it a finance app to compete with robinhood. no real person has ever said i wish i owned $1 of this tweet or IG post, regardless of how early they were before it went viral. it just doesn’t work and especially not at scale. idk how many times we have to run this same shit back before people get that money is all people care about from CT to real people, and you have coinbase product people on X tweeting they don’t even trade and are pushing trading products. just man up say it was a miss and go at robinhood. not even saying this to just shit on them cause all of CT is shitting on them but i just don’t really get it and i figured it was a disconnect between base vs cb but clearly they are aligned and just wrong obviously who needs to listen to me i haven’t built shit and unicorns are built by unicorn founders but just my 2 cents",315,41,18,81157,,A-整体讨论,https://x.com/evfiend/status/2006452538917236922,[],[],,,,False,与Lululemon无关 内容讨论Robinhood与Coinbase，未提及Lululemon,en,
@brian_armstrong,2025-12-31T23:20:46.000Z,"Thx for the thought Did you see our latest product update (see video below)? Our retail app is doing everything RH is and more, at scale. Millions of crypto assets, first to perp style futures in U.S. etc. stocks, prediction markets, everything exchange. Base App is a separate bet where we’re playing on the frontier (social trading). Separate thing. What would you like to see in the main Coinbase App? Happy to consider it.",239,87,18,59024,,A-整体讨论,https://x.com/brian_armstrong/status/2006505844066890160,"[""@evfiend""]","[""https://x.com/evfiend/status/2006452538917236922""]",@brian_armstrong,Going live with our Coinbase System Update event! Excited to show you all of our new product releases #SystemUpdatehttps://x.com/i/broadcasts/1BRJjgWpwwpxw…,https://x.com/brian_armstrong/status/2001408291159634252,False,与Lululemon无关 内容关于Coinbase应用，与Lululemon无关,en,en
@ahitposter,2026-01-01T00:04:07.000Z,coinbase needs a complete brand overhaul and vibe shift from evil woke indian fed aligned liberal corporation to based financial liberation platform you can start with firing jesse pollak and mandating no lululemon or other athletic wear at public company events,40,2,0,1509,,A-整体讨论,https://x.com/ahitposter/status/2006516751224418598,"[""@brian_armstrong"", ""@evfiend""]","[""https://x.com/brian_armstrong/status/2006505844066890160"", ""https://x.com/evfiend/status/2006452538917236922""]",,,,False,与Lululemon无关 主要讨论coinbase品牌，lululemon仅作附带提及,en,
@kcchiefsproshop,2025-12-31T16:30:19.000Z,"The unofficial uniform of cozy Chiefs fans. Made with breathable cotton-blend fleece, the 
@lululemon
 Steady State Sweatshirt and Jogger deliver that game-day chill vibe. Swing by during Pro Shop hours and home games, or 816-920-8223 for shipping/pickup!",3,0,0,436,,A-整体讨论,https://x.com/kcchiefsproshop/status/2006402547049709948,[],[],,,,False,广告 宣传商品促销购买,en,
@Kooz_WRLD,2025-12-31T18:39:41.000Z,Out: long John’s In: me wearing my Lululemon™ sweatpants underneath my jeans to stay #warm,5,0,0,452,#warm,A-整体讨论,https://x.com/Kooz_WRLD/status/2006435104315359395,[],[],,,,True,有效 用户分享穿着Lululemon产品体验,en,
@seangarrette,2026-01-02T06:47:18.000Z,What is people’s obsession with Alo? I’m so curious lol,5132,187,775,787558,,A-整体讨论,https://x.com/seangarrette/status/2006980605209370954,[],[],,,,False,与Lululemon无关 讨论Alo而非Lululemon,en,
@lady_dy_stl,2026-01-02T15:49:52.000Z,It’s the new lululemon for the Stanley cup moms,3,0,0,8929,,A-整体讨论,https://x.com/lady_dy_stl/status/2007117145713545496,"[""@seangarrette""]","[""https://x.com/seangarrette/status/2006980605209370954""]",,,,True,有效 提及Lululemon品牌相关讨论,en,
@BKoepkaPGA,2026-01-01T05:39:42.000Z,"From the ppl: In: Martinis, str8 up w twist Exotic belts Solid shirts Homecooking Cardio Lalo TGL Delta Birkenstocks Vuori SEC Contains: Hoodies Live Music H&B Titleist Out: Hulu F word Espresso Martinis Lululemon Apologizing WFH Pickleball Late nights Private stories Big 10",1,0,0,108,,A-整体讨论,https://x.com/BKoepkaPGA/status/2006601203631927330,[],[],,,,False,与Lululemon无关 仅提及品牌名称，无实质内容,en,
@44lewdc,2025-12-30T16:03:01.000Z,my favorite lewis hamilton 2025 moments a thread,617,3,66,13397,,A-整体讨论,https://x.com/44lewdc/status/2006033289375547786,[],[],,,,False,与Lululemon无关 内容关于刘易斯·汉密尔顿，非Lululemon,en,
@44lewdc,2025-12-31T17:26:33.000Z,"23-25 may, monaco gp this outfit was so good i think about it all the time <3",8,1,0,286,,A-整体讨论,https://x.com/44lewdc/status/2006416699667419284,"[""@44lewdc""]","[""https://x.com/44lewdc/status/2006033289375547786""]",,,,False,与Lululemon无关 内容关于摩纳哥GP着装，无Lululemon关联,en,
@44lewdc,2025-12-31T17:32:05.000Z,and all year round lululemon making him run around the globe in those weird glasses,9,1,0,414,,A-整体讨论,https://x.com/44lewdc/status/2006418091878805845,"[""@44lewdc""]","[""https://x.com/44lewdc/status/2006416699667419284""]",,,,True,有效 提及Lululemon品牌相关讨论,en,
@hash_tom_,2025-12-31T19:06:42.000Z,Tryna points max my Amex platinum card before years end,15,6,1,2031,,A-整体讨论,https://x.com/hash_tom_/status/2006441902967783508,[],[],,,,False,与Lululemon无关 讨论信用卡积分，无关联品牌,en,
@DM_and_the_boys,2025-12-31T23:19:13.000Z,Me too.. buying some Lululemon shorts and shit haha,2,0,0,125,,A-整体讨论,https://x.com/DM_and_the_boys/status/2006505454021787998,"[""@hash_tom_""]","[""https://x.com/hash_tom_/status/2006441902967783508""]",,,,True,有效 用户提及购买Lululemon短裤,en,
@midori_deane,2025-12-29T22:38:30.000Z,i don’t even know what some of these are actually,5,5,0,400,,A-整体讨论,https://x.com/midori_deane/status/2005770430184054918,[],[],@ryunasdiary,ok yall how much of a consumer were you this year?,https://x.com/ryunasdiary/status/2005442284922470523,False,与Lululemon无关 内容未提及Lululemon,en,en
@midori_deane,2025-12-30T23:02:37.000Z,"i got 5 which i think is reasonable, i’m not counting the corner of a dubai chocolate that i tried and hated that i didn’t even purchase",2,1,0,50,,A-整体讨论,https://x.com/midori_deane/status/2006138887500865955,"[""@katavalanche8""]",[],,,,False,与Lululemon无关 内容与Lululemon无关,en,
@bagelglitter,2026-01-01T00:01:09.000Z,I got 11 but it’s fine everything’s fine also some of these don’t count matcha and lululemon and overpriced water bottles are not new to 2025,3,0,0,30,,A-整体讨论,https://x.com/bagelglitter/status/2006516005518930049,"[""@midori_deane""]","[""https://x.com/midori_deane/status/2006138887500865955""]",,,,True,有效 提及Lululemon并讨论相关消费文化,en,
@BlondeLilmo,2026-01-01T14:45:56.000Z,"Usually I don’t need to set an alarm however, the Prosecco last night meant I overslept and missed parkrun. Still; not one to sack off my planned fartlek session I still got it done Headache has returned however, feeling mega. Happy New Year #ukrunchat#runningmotivation",156,19,1,4705,#ukrunchat #runningmotivation,A-整体讨论,https://x.com/BlondeLilmo/status/2006738666392269041,[],[],,,,False,与Lululemon无关 内容为跑步日常，无Lululemon相关信息,en,
@emmelinewd19,2026-01-01T14:54:50.000Z,Great start Happy New Year Xx,2,0,0,72,,A-整体讨论,https://x.com/emmelinewd19/status/2006740909027897358,"[""@BlondeLilmo"", ""@UKRunChat"", ""@lululemon""]","[""https://x.com/BlondeLilmo/status/2006738666392269041""]",,,,False,与Lululemon无关 内容不涉及Lululemon,en,
@Cosmic_Court,2026-01-02T13:00:02.000Z,Lululemon didn’t want certain ppl wearing their stuff so ppl hopped on the Alo trend,13,0,1,17639,,A-整体讨论,https://x.com/Cosmic_Court/status/2007074406225575978,"[""@seangarrette""]","[""https://x.com/seangarrette/status/2006980605209370954""]",,,,True,有效 与Lululemon品牌相关讨论,en,
@VassB,2026-01-01T15:55:09.000Z,"Most of the brands mentioned here are controlled by foreign companies/PE. Lululemon is the only public, globally owned firm. Canada Goose is controlled by Bain, Roots by Searchlight. Tim's was sold to Restaurant Brands International which is backed by Brazilian PE firm 3G Capital",198,4,53,15265,,A-整体讨论,https://x.com/VassB/status/2006756086582489133,[],[],@globebusiness,Canadian consumer brands: an untapped mine? https://theglobeandmail.com/business/commentary/article-canadian-consumer-brands-an-untapped-mine/?utm_source=dlvr.it&utm_medium=twitter…,https://x.com/globebusiness/status/2006667363056496805,True,有效 讨论Lululemon所有权相关话题,en,en
@tardwifeinsaree,2026-01-01T23:17:10.000Z,all american white girls are fanatically protestant because their trends and aesthetics are boring and bland like matcha and pilates and plain brown lululemon and alo and japanese and indian aesthetics are actually NOT the embodiment of “holy bland puritan cabbage soup”,6,0,0,273,,A-整体讨论,https://x.com/tardwifeinsaree/status/2006867325174296728,[],[],,,,True,有效 讨论Lululemon审美风格相关话题,en,
@safffronnn,2025-12-31T16:50:50.000Z,Lululemon Aritzia reformation a&f allsaints free people all on my Depop @ saffroncloset,12,2,1,4879,,A-整体讨论,https://x.com/safffronnn/status/2006407710640685474,[],[],,,,False,广告 推广Depop个人转售账号,en,
@nw3,2026-01-02T15:43:55.000Z,Lululemon is for old people and millennials. Zoomers needed a brand of their own.,96,4,1,39665,,A-整体讨论,https://x.com/nw3/status/2007115649462714460,"[""@seangarrette""]","[""https://x.com/seangarrette/status/2006980605209370954""]",,,,True,有效 讨论Lululemon品牌受众定位，含新观点,en,
@robindabank__,2025-12-31T20:28:10.000Z,Folks be so pro black then turn around and support lululemon,2,0,0,74,,A-整体讨论,https://x.com/robindabank__/status/2006462405585584131,[],[],,,,True,有效 内容与Lululemon品牌相关，表达观点,en,
@WL_Everitt_III,2026-01-02T04:59:04.000Z,"The freedoms in the USA—were secured by veterans & active duty who served & sacrificed. No group “truly indigenous”; history is migration & progress. We owe no guilt for our success. Drop the performative land acknowledgment, rituals 
@lululemon",2,0,0,30,,A-整体讨论,https://x.com/WL_Everitt_III/status/2006953364681335292,[],[],,,,False,与Lululemon无关 讨论美国自由与土地声明，未涉及品牌,en,
@Cincitucky1,2026-01-01T00:23:42.000Z,"Wearing a Peter Millar pullover, Lululemon pants, expensive cologne and product in my hair only to sit in the corner of a dive bar and sports bet and talk to no girls.",8,2,0,747,,A-整体讨论,https://x.com/Cincitucky1/status/2006521681582445045,[],[],,,,True,有效 提及Lululemon品牌相关真实内容,en,
@bitcoinjack,2025-12-31T15:33:54.000Z,What should I pivot my account to? Feels dead here,97,58,1,16235,,A-整体讨论,https://x.com/bitcoinjack/status/2006388351692357675,[],[],,,,False,与Lululemon无关 内容为账号转向讨论，与Lululemon无关,en,
@iliveinpdx,2025-12-31T16:01:18.000Z,You wearing lululemon workout clothing?,3,0,0,82,,A-整体讨论,https://x.com/iliveinpdx/status/2006395247027175628,"[""@bitcoinjack""]","[""https://x.com/bitcoinjack/status/2006388351692357675""]",,,,True,有效 直接提及Lululemon品牌,en,
@TheMichelleYu,2026-01-01T10:13:32.000Z,"5k midnight run in the books! 
@lululemon
 Run For the Roses!",209,9,0,11313,,A-整体讨论,https://x.com/TheMichelleYu/status/2006670114200883691,[],[],,,,True,有效 与Lululemon跑步活动相关,en,
@ValuableTX,2026-01-02T13:06:55.000Z,"From July 2026, the EU mandates Digital Product Passports across 30 product categories (steel, textiles, batteries) #VeChain already powers ~41% of current pilot programs (BMW, Lululemon, more) More enterprise usage = more 
$VTHO
 burn This isnt hype. Its infrastructure.",62,1,8,1368,#VeChain,A-整体讨论,https://x.com/ValuableTX/status/2007076138015990232,[],[],,,,True,有效 提及Lululemon在数字产品护照试点，相关话题,en,
@Nesterp99,2025-12-31T17:23:02.000Z,"Wife walks out in with a new Lululemon hoodie “Hey don’t you have that one” “Ya but it’s in a different color” “Oh cool, a parallel! what’s it numbered too?”",4,1,0,256,,A-整体讨论,https://x.com/Nesterp99/status/2006415815252586918,[],[],,,,True,有效 与Lululemon品牌相关，真实英文原创内容,en,
@browhatabitch,2026-01-02T04:55:29.000Z,“I love your outfits!” Thanks! I steal them from anime girls.,5,1,0,124,,A-整体讨论,https://x.com/browhatabitch/status/2006952462431957481,[],[],,,,False,与Lululemon无关 内容关于动漫服装，无Lululemon相关,en,
@browhatabitch,2026-01-02T04:55:29.000Z,Reze made me OBSESSED with polos it’s not even funny,3,1,0,42,,A-整体讨论,https://x.com/browhatabitch/status/2006952464067735843,"[""@browhatabitch""]","[""https://x.com/browhatabitch/status/2006952462431957481""]",,,,False,与Lululemon无关 提到polo衫，与Lululemon无关,en,
@browhatabitch,2026-01-02T04:55:29.000Z,Wait lowkey now I wanna draw Aoi in lululemon,2,0,0,34,,A-整体讨论,https://x.com/browhatabitch/status/2006952465154048114,"[""@browhatabitch""]","[""https://x.com/browhatabitch/status/2006952464067735843""]",,,,True,有效 提到Lululemon且为原创内容,en,
@bagmonsta,2025-12-31T22:37:33.000Z,Having the S+ tier underwear available in the rotation for the NYE lineup,5905,10,46,107066,,A-整体讨论,https://x.com/bagmonsta/status/2006494966508597695,[],[],,,,True,有效 提及Lululemon产品且为真实英文内容,en,
@bagmonsta,2025-12-31T23:06:44.000Z,The one lulu lemon item I own is pair of black underwear. So nice.,53,3,0,5995,,A-整体讨论,https://x.com/bagmonsta/status/2006502310659449133,"[""@MNormal97287""]",[],,,,True,有效 讨论个人拥有的Lululemon产品,en,
@BustahWagnah,2026-01-01T01:41:43.000Z,Lululemon underwear is elite,4,1,0,885,,A-整体讨论,https://x.com/BustahWagnah/status/2006541312728903925,"[""@bagmonsta"", ""@MNormal97287""]","[""https://x.com/bagmonsta/status/2006502310659449133""]",,,,True,有效 正面讨论Lululemon产品,en,
@wahlwahl43,2026-01-02T10:45:54.000Z,"Don’t forget new year and quarter…some of your Amex platinum perks have reset. 
$AXP
 Quarterly: Resy: $100 Lululemon: $75 Semi-annual: Saks: $50 Dell: $150 Hotel: $300 Alongside many other “offers” Happy New Year and Enjoy",1,1,0,156,,A-整体讨论,https://x.com/wahlwahl43/status/2007040651339452642,[],[],,,,False,广告 促销福利信息，非品牌讨论,en,
@QueeningTvylor,2026-01-02T08:11:52.000Z,Trendy .. lululemon 1.5 some cute stuff but is it worth the current price point ? No. They use to be way more affordable,3,0,0,642,,A-整体讨论,https://x.com/QueeningTvylor/status/2007001884717097299,[],[],@seangarrette,What is people’s obsession with Alo? I’m so curious lol,https://x.com/seangarrette/status/2006980605209370954,True,有效 讨论Lululemon价格价值，真实观点,en,en
@mornasworld,2026-01-01T03:03:39.000Z,Where are the girls getting good quality leggings? My mom’s been shopping for leggings for the longest and can’t find anything that’s comfortable and quality.,0,1,0,205,,A-整体讨论,https://x.com/mornasworld/status/2006561932711719391,[],[],,,,True,有效 讨论紧身裤质量，可能与Lululemon相关,en,
@nymphatuated,2026-01-01T05:20:57.000Z,"I went through a big lululemon phase in uni & I’d advise against, they pill so quickly and the quality really decreases quickly with wear. I love mine from Alo, but I only use them for yoga in my current life. X",3,1,0,146,,A-整体讨论,https://x.com/nymphatuated/status/2006596485677281723,"[""@mornasworld""]","[""https://x.com/mornasworld/status/2006561932711719391""]",,,,True,有效 用户分享Lululemon质量体验，相关讨论,en,
@mornasworld,2026-01-01T05:44:34.000Z,"Thank you so much! I don’t own any lululemon but I heard it was a quality brand, my mom and I were literally planning to go there tomorrow",2,1,0,54,,A-整体讨论,https://x.com/mornasworld/status/2006602429819924617,"[""@nymphatuated""]","[""https://x.com/nymphatuated/status/2006596485677281723""]",,,,True,有效 讨论Lululemon品牌品质，计划购买,en,
@CEBKCEBKCEBK,2026-01-01T22:40:23.000Z,"“Stanford book store” is 90% female frivolity products: big section by door “for when college feels like vacation” hawking perfumes, lotions, etc; mostly Lululemon gear—including some “for him.” Tiny upstairs with books like these (~10 words of inspiration per page). Polygamy now",20,1,1,1141,,A-整体讨论,https://x.com/CEBKCEBKCEBK/status/2006858066680320325,[],[],,,,True,有效 讨论Lululemon产品及零售现象，与品牌相关,en,
@hellsbackporch,2026-01-02T07:19:08.000Z,Does anybody else think Melanie Martinez would be a great dancer? She was tugging on Shakira’s hair here a little,371,5,25,5458,,A-整体讨论,https://x.com/hellsbackporch/status/2006988613016498625,[],[],,,,False,与Lululemon无关 内容与Lululemon无关联,en,
@_EviePig,2026-01-02T11:32:10.000Z,shes latina too she and shakira are basically lululemon and alt girl cousins,5,1,0,257,,A-整体讨论,https://x.com/_EviePig/status/2007052293024477294,"[""@hellsbackporch""]","[""https://x.com/hellsbackporch/status/2006988613016498625""]",,,,False,与Lululemon无关 仅为形象类比，非品牌实质内容,en,
@OFIVETV,2026-01-02T09:17:46.000Z,"#FASHION#FIT#INSPIRATION
@lululemon
 x 
@LewisHamilton
 ""The Train collection""",5,1,1,691,#FASHION #FIT #INSPIRATION,A-整体讨论,https://x.com/OFIVETV/status/2007018469662097705,[],[],,,,False,广告 推广联名系列营销内容,en,
@JebraFaushay,2026-01-02T13:49:45.000Z,"There’s just something so lovely and peaceful about liberal women. They are never nasty, never vulgar, and are always encouraging us to be kind. Allow her inspiring words to guide you today.",390,311,54,17221,,A-整体讨论,https://x.com/JebraFaushay/status/2007086917561803261,[],[],,,,False,与Lululemon无关 内容讨论自由主义女性，与Lululemon无关,en,
@HeyItsAimee,2026-01-02T15:27:59.000Z,What is it? The hormones? The Botox? The SRI meds? The tight Lululemon leggings?? Or all of the above combined with the vax and multiple boosters along with the flu shot and shingles shot? They are wacky.,2,0,0,139,,A-整体讨论,https://x.com/HeyItsAimee/status/2007111639238373632,"[""@JebraFaushay""]","[""https://x.com/JebraFaushay/status/2007086917561803261""]",,,,True,有效 提及Lululemon并含争议性讨论,en,
@3rddownandgoal,2026-01-02T01:12:43.000Z,"Check out Lululemon Reusable Shopping Tote Bag Small 9x12 Black White Snap Button C https://ebay.us/m/DEQDSJ#eBay via 
@eBay",3,0,6,61,#eBay,A-整体讨论,https://x.com/3rddownandgoal/status/2006896404145308068,[],[],,,,False,广告 eBay商品链接推广,en,
@LordOfDiscounts,2025-12-31T19:56:30.000Z,"lululemon Full Zip Hoodie, All Sizes S - XXL Available, Black or Gray, now $69 via Lululemon 46% Price Drop - https://link.lordofsavings.com/49j4Q4a#LRDeal | #AD",2,0,0,3956,#LRDeal #AD,A-整体讨论,https://x.com/LordOfDiscounts/status/2006454438110667163,[],[],,,,False,优惠券折扣码 含折扣链接和广告标识,en,
@zerohedge,2026-01-02T11:55:07.000Z,Is 2026 Shaping Up To Be A Lost Year For Lululemon In America,166,41,6,91755,,A-整体讨论,https://x.com/zerohedge/status/2007058067909730739,[],[],,,,True,有效 讨论Lululemon在美国的年度前景,en,
@mweinbach,2026-01-01T16:26:56.000Z,Good afternoon to only those using their Lululemon AMEX credit reset today for pace breakers,1353,15,18,255423,,A-整体讨论,https://x.com/mweinbach/status/2006764086156210379,[],[],,,,True,有效 提及Lululemon信用卡积分与产品,en,
@MONTECRI5TO,2026-01-01T15:57:46.000Z,"Who does this sound like? “I’m not blaming it on Tim(McDonell). But it happened. And ______, he immediately buddies up to him. Because that’s the kind of guy he is. It’s not about how good of work he does and how competent a scout he is. It’s ‘I’m going to save my job.’”",56,6,6,15958,,A-整体讨论,https://x.com/MONTECRI5TO/status/2006756743372747212,[],[],,,,False,与Lululemon无关 内容涉及体育人物，与Lululemon无关,en,
@thealridgeangle,2026-01-01T17:42:04.000Z,"Joe is just gen x dave gettleman. They same person, but one guy knows how to use an iPhone",8,1,3,812,,A-整体讨论,https://x.com/thealridgeangle/status/2006782992585498781,"[""@MONTECRI5TO""]","[""https://x.com/MONTECRI5TO/status/2006756743372747212""]",,,,False,与Lululemon无关 内容与Lululemon毫无关联,en,
@tjvig11,2026-01-01T19:44:00.000Z,Would give credit where it's due but don't remember who said it. Someone on this app earlier this week called Scheon Lululemon Gettleman and I can't unsee it...,5,1,0,34,,A-整体讨论,https://x.com/tjvig11/status/2006813680571499006,"[""@thealridgeangle"", ""@rickoh__"", ""@MONTECRI5TO""]","[""https://x.com/thealridgeangle/status/2006782992585498781"", ""https://x.com/MONTECRI5TO/status/2006756743372747212""]",,,,True,有效 内容涉及Lululemon相关称呼讨论,en,
@UFOxMO,2025-12-31T16:49:50.000Z,"Im running a 5K at midnight in the pouring rain for 
@lululemon
 lol. Thats how I’m bringing in the new years. Idk if its a good or bad thing yet",2,0,0,99,,A-整体讨论,https://x.com/UFOxMO/status/2006407462208024641,[],[],,,,True,有效 与Lululemon相关且内容真实原创,en,
@FOSTonight,2025-12-31T18:45:41.000Z,Lululemon stock is down 45% in the past year. Founder Chip Wilson is pushing for a board shakeup. Wilson himself stepped down from the board in 2015 after his controversial comments about which types of women should wear yoga pants.,6,1,1,3793,,A-整体讨论,https://x.com/FOSTonight/status/2006436616798441919,[],[],,,,True,有效 涉及Lululemon股价及董事变动讨论,en,
@enews,2025-12-31T18:34:24.000Z,"All This Lululemon Goodness Is Under $50 Right Now: Bags, Hats, Bras, & Leggings From the Year-End Sale",6,3,0,6947,,A-整体讨论,https://x.com/enews/status/2006433776826474521,[],[],,,,False,广告 推广年终促销商品信息,en,
@SneakerAlertHD,2025-12-31T21:19:01.000Z,40% OFF: Disney x Lululemon Collection https://mavely.app.link/jO2vpiMGwZb,1,0,0,1200,,A-整体讨论,https://x.com/SneakerAlertHD/status/2006475203438686343,[],[],,,,False,优惠券折扣码 含折扣链接，营销推广性质,en,
@TashB2205,2025-12-31T22:02:26.000Z,"From adding a Humo to the Almave family, becoming a Lululemon ambassador, having a second capsule collection wth Dior to winning the China sprint, his first at Ferrari... It's been a year... Here's to a magic 2026!!!!!",37,4,2,1951,,A-整体讨论,https://x.com/TashB2205/status/2006486130594820227,[],[],@TashB2205,Four Four Friday's,https://x.com/TashB2205/status/2006485195063701833,True,有效 提及Lululemon大使身份，内容相关,en,en
@TheEconomist,2026-01-01T21:50:07.000Z,"Gone are the days when fashionistas worth their Vogue subscription wore Lululemon leggings for the coffee run, school run or just to run. Hotter rivals are gaining ground",14,5,1,28467,,A-整体讨论,https://x.com/TheEconomist/status/2006845415484690571,[],[],,,,True,有效 讨论Lululemon品牌竞争地位,en,
@MattJMcClintock,2025-12-31T16:45:21.000Z,"(1/3) As its season of giving, our 
$LULU
 report today is free for everyone. Would be remiss to not make our thoughts public given we one of few with unique background to tackle this new corporate governance debate with no conflicts of interest. This is 11 pages of baby!",48,4,7,20301,,A-整体讨论,https://x.com/MattJMcClintock/status/2006406331104710865,[],[],,,,True,有效 与Lululemon公司治理讨论相关且有新观点,en,
@MattJMcClintock,2025-12-31T16:51:13.000Z,"(2/3) 
$LULU
: All This Board Intrigue Can Drive A Person Lulu At one point in my life, I thought Kevin Plank (founder 
$UAA
) was the king of narrative generation, but it would seem Chip Wilson (founder Lululemon) has surpassed him by a mile. Chip has practically refined his image into a modern day “Rocky” story by now and everybody (in the all-important Americas segment of Lululemon) likes an underdog that’s been training for over a decade to take out the status quo. Nobody cares about the massive shareholder value delivered by Calvin McDonald, all the current Board seems to hear is “Rocky, Rocky, Rocky”. That’s kind of the problem here. It’s one thing to set high level strategy (which is what the Board does) and it’s another thing to execute that strategy (which is what CEOs do). Outsiders really don’t know where the failure is, but as we discuss in this note, the Board has largely boxed themselves in on this topic. We are almost certain Chip has been waiting on the sidelines for this one moment, but he is correct to question the current situation in our opinion. This note is unusual as we dig deeply into the corporate governance of Lululemon. We assess the slate of directors proposed by Chip, which quite frankly seem highly difficult to find much fault with on surface level. We look at the activist Elliott and seriously wonder why of all people they seem to think that Jane Nielsen should lead a company that most would agree has a product problem. But most importantly, we talk about the current Board of Lululemon, where there surprisingly are a lot of perspectives from the consumer staples world for a consumer discretionary company. However, we also find it a bit confusing how an $11 billion revenue company with positive revenue growth and 20% EBIT margins (despite tariffs) is the new definition of “weak” (according to the current market narrative), especially when they are still gaining market share. The potential Lululemon stock timeline that we proposed in our September note remains somewhat on track. The only difference is the unforeseen proxy war that Chip hinted at and then proceeded to subsequently launch since we last wrote. That got the sell-side upgrade cycle happening a bit earlier than expected (particularly with super bears) but there is a long way to go on that topic. We had previously hoped for Jonathan Cheung to be at the upcoming ICR meetings but at this point investors deserve a chance to meet Andre Maestrini since they almost certainly won’t be meeting Marti Morfitt (Chairwoman) – probably the person Chip is most directly going after. Highly recommend that she also does some investor meetings like the one I personally hosted in Boston when Glenn Murphy (former Chairman, CEO Gap, etc) managed a similar transition. We continue to believe the reasonable range of EPS outcomes this year is $12.75 to $13.40 (same range as our note from September). We also continue to believe there is a significantly wide range of potential outcomes in 2026, although we are incrementally warming up to the more optimistic scenarios. This simply represents the front summary of our 11 page report. You can find the entire report for free at our website (link in profile but also in post #3). We wish everybody an amazing 2026 to come!",10,1,0,3575,#3,A-整体讨论,https://x.com/MattJMcClintock/status/2006407809622065521,"[""@MattJMcClintock""]","[""https://x.com/MattJMcClintock/status/2006406331104710865""]",,,,True,有效 深度讨论Lululemon治理和股东之争，与品牌直接相关,en,
@JustFreshKicks,2026-01-02T00:15:00.000Z,Up to 50% OFF Lululemon ABC Pants https://mavely.app.link/TbBKcd26zZb,32,13,0,19442,,A-整体讨论,https://x.com/JustFreshKicks/status/2006881877001646286,[],[],,,,False,优惠券折扣码 含促销折扣链接,en,
@Jani__Gee,2026-01-01T00:10:52.000Z,Just realized I left my back up dress at home… Ill be wearing a Lululemon velour sweatsuit to the NYE party tonight. Happy 2026 lmao,61,1,0,5534,,A-整体讨论,https://x.com/Jani__Gee/status/2006518449766592752,[],[],@Jani__Gee,Tried on my NYE dress and couldn’t zip it up…,https://x.com/Jani__Gee/status/2006487799638413455,True,有效 提及Lululemon服饰，真实个人经历,en,en
@InStyle,2025-12-31T16:30:14.000Z,"These Are the Yoga Pants We Actually Wear All Day While Working From Home, Including Spanx, Lululemon, and More",3,0,0,943,,A-整体讨论,https://x.com/InStyle/status/2006402526774472880,[],[],,,,True,有效 讨论Lululemon瑜伽裤，品牌相关,en,
@ocregister,2026-01-01T12:06:24.000Z,Thousands brave a rainy lululemon ‘Run with the Roses’ in annual pre-Rose Parade 5K https://trib.al/NDK5smG,0,1,0,427,,A-整体讨论,https://x.com/ocregister/status/2006698518530969896,[],[],,,,True,有效 与Lululemon活动相关真实英文内容,en,
@bzn2sfo,2026-01-02T13:17:34.000Z,"@grok
 Was Lululemon named because it was difficult for Asians to pronounce? Isn't that racist?",0,1,0,1038,,A-整体讨论,https://x.com/bzn2sfo/status/2007078819333894643,"[""@zerohedge""]","[""https://x.com/zerohedge/status/2007058067909730739""]",,,,True,有效 讨论Lululemon品牌命名争议，含种族议题,en,
@grok,2026-01-02T13:18:22.000Z,"The name Lululemon was chosen by founder Chip Wilson partly because it includes multiple ""L""s, which he noted are hard for Japanese speakers to pronounce (as Japanese lacks a distinct ""L"" sound). He told National Post it was ""funny to watch them try and say it"" and saw it as a marketing edge in Japan. Views on whether this is racist vary; some critics argue it is, while others see it as a business tactic.",0,0,0,140,,A-整体讨论,https://x.com/grok/status/2007079019695440043,"[""@bzn2sfo"", ""@zerohedge""]","[""https://x.com/bzn2sfo/status/2007078819333894643"", ""https://x.com/zerohedge/status/2007058067909730739""]",,,,True,有效 与Lululemon品牌命名背景相关,en,
@NairobiDJ,2026-01-02T12:32:54.000Z,"@grok
 which is the best trouser to travel in",0,1,0,1538,,A-整体讨论,https://x.com/NairobiDJ/status/2007067576921477538,"[""@Ryanair""]",[],,,,False,与Lululemon无关 询问旅行裤子但未提及Lululemon,en,
@grok,2026-01-02T12:33:30.000Z,"For air travel, go for comfortable, stretchy options like joggers or wide-leg pants from brands like Lululemon or Bluffworks. They're breathable, wrinkle-resistant, and have pockets—way better than jeans for long flights. What's your trip like?",4,1,1,394,,A-整体讨论,https://x.com/grok/status/2007067725890277708,"[""@NairobiDJ"", ""@Ryanair""]","[""https://x.com/NairobiDJ/status/2007067576921477538""]",,,,True,有效 推荐Lululemon旅行穿搭，相关真实内容,en,
@alt1na1,2026-01-01T16:20:13.000Z,5 foot windows cranked OPEN fresh air blowing splayed out in my lululemon sports undies sunning my mother fucking ballz sunning my fat gut feeling GUD ready 2 fight happy new year,25,1,0,447,,A-整体讨论,https://x.com/alt1na1/status/2006762393163149334,[],[],,,,True,有效 真实英文原创，提及Lululemon个人体验,en,
@anni_sen,2026-01-01T21:41:33.000Z,"Recent experience at 
$LULU
Lululemon store in North County, San Diego and Disney Downtown,Anaheim. Notable style evolution, more baggy pants, softer fabrics, short jackets,but no full pivot. Old Style still intact: tight synthetics, fitted tops, legacy silhouettes. Stores were busy. Plenty of browsing. But no checkout lines, 3 associates, ringing one at a time. Contrast: Vuori, Del Mar. Smaller footprint, fewer SKUs, but visible register activity.Note:Vuori is still a very Southern CA brand. Interest ≠ conversion. I own both brands and like both, but for 
$LULU
 the question remains: can they convert brand traffic into full-price purchases consistently? Without that, what drives a real turnaround?",7,1,0,1272,,A-整体讨论,https://x.com/anni_sen/status/2006843263232389259,[],[],,,,True,有效 真实评论Lululemon门店体验与品牌趋势,en,
@grok,2026-01-02T09:46:55.000Z,"Haha, if we're talking Lululemon, I'd swap that saree for some Align leggings and a tank—Samantha would slay a yoga session! What color vibe you thinking?",0,0,0,125,,A-整体讨论,https://x.com/grok/status/2007025806166388806,"[""@shaidennnnnnn"", ""@Djkillu1""]",[],,,,True,有效 真实英文讨论Lululemon产品,en,
@FCookies20,2026-01-01T22:54:24.000Z,"Why the fuck is there a Lululemon add in my Excel??? I paid for a license Microsoft - the fuck? Fuck your co-pilot, fuck your AI, and fuck Lululemon, I hate them all. Cancelling this bullshit rn",4,0,0,79,,A-整体讨论,https://x.com/FCookies20/status/2006861594920419824,[],[],,,,False,与Lululemon无关 抱怨广告与品牌无关,en,
@PeterSchiff,2025-12-31T21:26:41.000Z,"Strategy isn’t in the S&P 500. But if it were, its 47.5% decline in 2025 would make it the 6th worst-performing stock in the index. 
@Saylor
 claims the best thing a company can do is buy Bitcoin. Well, that’s basically all 
$MSTR
 did, and the strategy destroyed shareholder value.",1439,278,111,128691,,A-整体讨论,https://x.com/PeterSchiff/status/2006477130721538495,[],[],,,,False,与Lululemon无关 内容讨论股票和比特币，与Lululemon无关,en,
@eddiadi,2025-12-31T21:37:51.000Z,"@grok
 which 5 companies listed on the S&P 500 have performed worse than strategy this year?",2,1,0,310,,A-整体讨论,https://x.com/eddiadi/status/2006479943044313506,"[""@PeterSchiff"", ""@saylor""]","[""https://x.com/PeterSchiff/status/2006477130721538495""]",,,,False,与Lululemon无关 询问标普500公司表现,en,
@grok,2025-12-31T21:39:32.000Z,The 5 S&P 500 companies with worse YTD performance than MicroStrategy's -47.5% decline in 2025 are: 1. Fiserv (FI) -70.3% 2. The Trade Desk (TTD) -66.8% 3. Deckers Outdoor (DECK) -57.1% 4. Gartner (IT) -52.2% 5. Lululemon Athletica (LULU) -51.7% Based on data from Bankrate and other financial sources as of late 2025.,0,1,0,129,,A-整体讨论,https://x.com/grok/status/2006480365318287638,"[""@eddiadi"", ""@PeterSchiff"", ""@saylor""]","[""https://x.com/eddiadi/status/2006479943044313506"", ""https://x.com/PeterSchiff/status/2006477130721538495""]",,,,True,有效 提及Lululemon股票表现，属品牌相关讨论,en,
@lululemon,2024-08-01T21:41:59.000Z,"Records are for breaking. Congrats to our Ambassador Summer McIntosh on setting a new Olympic record on her way to 200m Butterfly gold. Add that to her medals in the 400m IM and the 400m Freestyle, and we’re calling it... a Summer special. #TeamCanada",195,293,42,191238,#TeamCanada,A-整体讨论,https://x.com/lululemon/status/1819126454229389633,[],[],,,,True,有效 官方帖提及品牌大使奥运成绩,en,
@matthchicago,2026-01-01T05:30:28.000Z,I ordered shorts on sale and Lululemon said my order was canceled because it could not be delivered to my office. This is a scam. Send me my order that I paid for!,3,2,1,771,,A-整体讨论,https://x.com/matthchicago/status/2006598881799254259,"[""@lululemon"", ""@summermcintoshh""]","[""https://x.com/lululemon/status/1819126454229389633""]",,,,True,有效 真实用户投诉订单取消问题，涉及品牌,en,
@jchains,2026-01-02T14:51:03.000Z,"The 
@vechainofficial
 ecosystem is growing — and it’s NOT hype-driven. Real utility. Real enterprise adoption. Real partnerships that actually use the chain. PwC. DNV. Walmart China. UFC. Lululemon. AWS. That’s not a narrative — that’s execution. If your entire thesis starts and ends with price, you’re missing the point. Build > Ship > Adopt > Scale. Price follows work, not tweets. Stay patient. Stay informed. Or keep fading fundamentals. Builders know. Degens will learn.",10,2,0,550,,A-整体讨论,https://x.com/jchains/status/2007102344694010075,[],[],@krakenfx,"Just added: 
$VET
 by 
@VeChainOfficial
$VET
 powers VeChain, a blockchain connecting everyday actions to verifiable, rewarding impact. Explore the full roadmap https://kraken.com/listings Geographic restrictions may apply",https://x.com/krakenfx/status/2005994843856654828,False,与Lululemon无关 主谈VeChain生态，Lululemon仅列举提及,en,en
@sanechik14,2026-01-02T09:37:41.000Z,Prosecco problems are the best problems! Way to prioritize your body's needs (sleep!) but still get that session in. That's real discipline. Hope the headache eases up soon!,2,0,0,23,,A-整体讨论,https://x.com/sanechik14/status/2007023481071026176,"[""@BlondeLilmo"", ""@UKRunChat"", ""@lululemon""]","[""https://x.com/BlondeLilmo/status/2006738666392269041"", ""https://x.com/lululemon/status/1819126454229389633""]",,,,False,与Lululemon无关 内容与Lululemon无关,en,
@thekivai,2026-01-01T16:34:51.000Z,"instructor: ""listen to your body"" my body: *gives up* Gemini Nano Banana Pro Prompt: { ""subject"": { ""description"": ""Young woman collapsed at hot yoga class"", ""age"": ""early 20s"", ""expression"": { ""face"": ""dead inside, questioning all life choices"", ""eyes"": ""green eyes staring into void, soul left the body"", ""vibe"": ""namaste means i'm staying down here"" }, ""hair"": { ""color"": ""silver-blue"", ""style"": ""soaking wet, stuck to mat, gave up on looking cute"" }, ""clothing"": { ""outfit"": ""sage green matching set sports bra and shorts"", ""state"": ""drenched, might as well be swimwear at this point"", ""aesthetic"": ""lululemon ad gone wrong"" }, ""body"": { ""skin"": ""glistening with sweat, actual puddle forming"", ""position"": ""horizontal while everyone else is vertical"", ""vibe"": ""corpse pose but not the yoga kind"" } }, ""environment"": { ""location"": ""hot yoga studio, 40 degrees of hell"", ""background"": ""overachievers doing perfect downward dogs"", ""props"": ""sweat puddle, gray mat now a swimming pool"", ""vibe"": ""everyone is thriving except me"" }, ""mood"": { ""energy"": ""wellness industry victim"", ""aesthetic"": ""fitness influencer expectations vs my reality"", ""reality"": ""paid $30 to lie in my own sweat and suffer"" } }",2,2,0,706,,A-整体讨论,https://x.com/thekivai/status/2006766076705542551,[],[],,,,True,有效 提及Lululemon广告美学，相关讨论,en,
@trinity326396,2026-01-01T19:18:48.000Z,"@lululemon
 Just read a terrible article by CNN and some bozo using the word barbarian in the title. Yes, clickbait. Here is what I think is wrong with the brand. I don't care about the price as much as I care about quality and style. I have gone into the store multiple times and left only buying SOCKS. WHY? Because its drab. Why is every color in the store, olive, grey, DUSTY rose, brown. The colors are depressing, the style is gone missing. Nothing innovative or special. Anyone in fashion should be able figure this out. I left the store every time disappointed because I wanted to find something that was cute, new, bright, cheerful. This isn't genius, this is common sense. Get out of the boardroom and into the stores. Also, probably fire the marketing team AGAIN.",1,0,1,21,,A-整体讨论,https://x.com/trinity326396/status/2006807335310913819,[],[],,,,True,有效 原创批评品牌风格和营销，含危机讨论,en,
@fiscal_ai,2026-01-01T17:00:12.000Z,"The 10 worst performing stocks in the S&P 500 in 2025: 1. The Trade Desk 
$TTD
 (-67.5%) 2. Fiserv 
$FISV
 (-67.2%) 3. Alexandria Real Estate 
$ARE
 (-49.1%) 4. Deckers Brands 
$DECK
 (-47.4%) 5. Gartner 
$IT
 (-46.5%) 6. Lululemon 
$LULU
 (-44%) 7. Dow Inc. 
$DOW
 (-39.3%) 8. LyondellBasell 
$LYB
 (-38%) 9. Molina Healthcare 
$MOH
 (-36.5%) 10. Factset 
$FDS
 (-34.6%)",145,14,14,44944,,A-整体讨论,https://x.com/fiscal_ai/status/2006772455281770991,[],[],,,,True,有效 提及Lululemon股票表现，相关讨论,en,
@StockMKTNewz,2026-01-01T15:27:12.000Z,"Here are the official worst performing S&P 500 stocks from 2025 Trade Desk 
$TTD
 -67.7% Fiserv 
$FISV
 -67.3% Alexandria Realty 
$ARE
 -49.8% Deckers 
$DECK
 -49% Gartner 
$IT
 -47.9% Lululemon 
$LULU
 -45.7%
$DOW
 -41.7% LyondellBasell 
$LYB
 -41.7% Molina Health 
$MOH
 -40.4% Factset 
$FDS
 -39.6% Charter 
$CHTR
 -39.1% Chipotle 
$CMG
 -38.6% Clorox 
$CLX
 -37.9% Conagra 
$CAG
 -37.6% Constellation Brands 
$STZ
 -37.6% Lamb Weston 
$LW
 -37.3% GoDaddy 
$GDDY
 -37.1% Zebra 
$ZBRA
 -37.1% UnitedHealth 
$UNH
 -34.7% Baxter 
$BAX
 -34.5% Campbells 
$CPB
 -33.5%
$POOL
 -32.9% Centene 
$CNC
 -32.1% Copart 
$CPRT
 -31.8% HP 
$HPQ
 -31.7% PayPal 
$PYPL
 -31.6% Brown Forman 
$BF.B
 -31.4% Global Payments 
$GPN
 -30.9%
$ERIE
 -30.5% Moderna 
$MRNA
 -29.1% Skyworks 
$SWKS
 -28.5% Smurfit 
$SW
 -28.2% Builders 
$BLDR
 -28% ServiceNow 
$NOW
 -27.8% Target 
$TGT
 -27.7% General Mills 
$GIS
 -27.1% International Paper 
$IP
 -26.8% OneOk 
$OKE
 -26.8% Align 
$ALGN
 -25.1% Edison 
$EIX
 -24.8%",421,15,49,86798,,C-健康安全,https://x.com/StockMKTNewz/status/2006749051534938515,[],[],,,,True,有效 提及Lululemon股价表现，与品牌相关,en,
@MattJMcClintock,2025-12-31T16:45:21.000Z,"(1/3) As its season of giving, our 
$LULU
 report today is free for everyone. Would be remiss to not make our thoughts public given we one of few with unique background to tackle this new corporate governance debate with no conflicts of interest. This is 11 pages of baby!",48,4,7,20302,,D-透明度,https://x.com/MattJMcClintock/status/2006406331104710865,[],[],,,,False,与Lululemon无关 内容聚焦公司治理，非品牌或PFAS争议,en,
@MattJMcClintock,2025-12-31T16:51:13.000Z,"(2/3) 
$LULU
: All This Board Intrigue Can Drive A Person Lulu At one point in my life, I thought Kevin Plank (founder 
$UAA
) was the king of narrative generation, but it would seem Chip Wilson (founder Lululemon) has surpassed him by a mile. Chip has practically refined his image into a modern day “Rocky” story by now and everybody (in the all-important Americas segment of Lululemon) likes an underdog that’s been training for over a decade to take out the status quo. Nobody cares about the massive shareholder value delivered by Calvin McDonald, all the current Board seems to hear is “Rocky, Rocky, Rocky”. That’s kind of the problem here. It’s one thing to set high level strategy (which is what the Board does) and it’s another thing to execute that strategy (which is what CEOs do). Outsiders really don’t know where the failure is, but as we discuss in this note, the Board has largely boxed themselves in on this topic. We are almost certain Chip has been waiting on the sidelines for this one moment, but he is correct to question the current situation in our opinion. This note is unusual as we dig deeply into the corporate governance of Lululemon. We assess the slate of directors proposed by Chip, which quite frankly seem highly difficult to find much fault with on surface level. We look at the activist Elliott and seriously wonder why of all people they seem to think that Jane Nielsen should lead a company that most would agree has a product problem. But most importantly, we talk about the current Board of Lululemon, where there surprisingly are a lot of perspectives from the consumer staples world for a consumer discretionary company. However, we also find it a bit confusing how an $11 billion revenue company with positive revenue growth and 20% EBIT margins (despite tariffs) is the new definition of “weak” (according to the current market narrative), especially when they are still gaining market share. The potential Lululemon stock timeline that we proposed in our September note remains somewhat on track. The only difference is the unforeseen proxy war that Chip hinted at and then proceeded to subsequently launch since we last wrote. That got the sell-side upgrade cycle happening a bit earlier than expected (particularly with super bears) but there is a long way to go on that topic. We had previously hoped for Jonathan Cheung to be at the upcoming ICR meetings but at this point investors deserve a chance to meet Andre Maestrini since they almost certainly won’t be meeting Marti Morfitt (Chairwoman) – probably the person Chip is most directly going after. Highly recommend that she also does some investor meetings like the one I personally hosted in Boston when Glenn Murphy (former Chairman, CEO Gap, etc) managed a similar transition. We continue to believe the reasonable range of EPS outcomes this year is $12.75 to $13.40 (same range as our note from September). We also continue to believe there is a significantly wide range of potential outcomes in 2026, although we are incrementally warming up to the more optimistic scenarios. This simply represents the front summary of our 11 page report. You can find the entire report for free at our website (link in profile but also in post #3). We wish everybody an amazing 2026 to come!",10,1,0,3576,#3,D-透明度,https://x.com/MattJMcClintock/status/2006407809622065521,"[""@MattJMcClintock""]","[""https://x.com/MattJMcClintock/status/2006406331104710865""]",,,,True,有效 讨论Lululemon公司治理、董事会与Chip Wilson争议，英文原创分析,en,
@wallstengine,2026-01-02T10:37:31.000Z,"UBS Reiterates 
$UAA
 at Buy, Maintains PT of $8.00 Analyst comments: ""We view Under Armour as a turnaround stock. We believe UAA will achieve a 25% five-year EPS compound annual growth rate, and this growth will positively surprise the market. Importantly, we expect UAA to deliver considerable innovation and better leverage its brand name, which should help drive second-derivative improvement in the company's North America revenue growth rate. Our view is an improving North America sales growth rate will boost the stock’s valuation. Our $8 price target is 61% above the current stock price. Under Armour remains one of the world’s best known and liked athletic wear brands. UBS Evidence Lab's 11th annual global athletic wear survey reinforces our conviction in this view. Survey results indicate Under Armour’s brand name belongs in the same class of brands such as Lululemon, Jordan, Adidas, Puma, On, Hoka, Skechers, and New Balance. The average market cap for these brands which are publicly traded as standalone entities is $19B vs. just $2.1B for UAA. We’re not saying UAA is worth $19B, but rather the valuation differential between UAA and its competitors is far too wide in our view."" Analyst: Jay Sole",43,1,3,7877,,D-透明度,https://x.com/wallstengine/status/2007038540216201638,[],[],,,,False,与Lululemon无关 内容主要分析Under Armour股票，仅提及Lululemon作为品牌比较,en,
@BarbarianCap,2026-01-03T00:53:07.000Z,"The Score: Lululemon, Tesla, Delta, Nike and More Stocks That Defined the Week",2,0,0,1014,,A-整体讨论,https://x.com/BarbarianCap/status/2007253860579254548,[],[],,,,True,有效 提及Lululemon与股票市场讨论,en,
@ironmikeluke,2026-01-02T22:14:35.000Z,"Real time !! 
@jasonscheer",86,7,3,5779,,A-整体讨论,https://x.com/ironmikeluke/status/2007213961171853319,[],[],,,,False,空文本 内容过短且无实质信息,en,
@StatFreak77,2026-01-02T22:19:25.000Z,Are those Lululemon pants!?,5,1,0,278,,A-整体讨论,https://x.com/StatFreak77/status/2007215176635015539,"[""@ironmikeluke"", ""@jasonscheer""]","[""https://x.com/ironmikeluke/status/2007213961171853319""]",,,,True,有效 询问Lululemon裤子，相关讨论,en,
@LH44Fanpage8,2026-01-03T13:15:27.000Z,The fact that lululemon always chooses different Lewis Hamilton clips on Instagram and TikTok,609,1,38,8828,,A-整体讨论,https://x.com/LH44Fanpage8/status/2007440672190513649,[],[],,,,True,有效 讨论Lululemon的社交媒体内容,en,
@lindsey_naylor9,2026-01-02T17:48:29.000Z,"When you want to order 
@lululemon
 online, but you also want a shopper bag",16,3,0,18308,,A-整体讨论,https://x.com/lindsey_naylor9/status/2007146995279102115,[],[],,,,True,有效 原创内容涉及Lululemon网购及购物袋,en,
@CoachMikeAngelo,2026-01-03T02:47:24.000Z,"Once again, Sami from Lululemon needs help. Smacked her vape in front of my family tonight! 
@lululemon
#RunTheRidge",4,0,0,340,#RunTheRidge,A-整体讨论,https://x.com/CoachMikeAngelo/status/2007282617515946037,[],[],,,,True,有效 提及Lululemon员工及品牌相关事件,en,
@quicklikelando,2026-01-03T14:11:40.000Z,Thank you lululemon for this,5,1,0,1058,,A-整体讨论,https://x.com/quicklikelando/status/2007454820483977603,[],[],,,,True,有效 感谢Lululemon，含品牌相关真实内容,en,
@nw3,2026-01-02T15:43:55.000Z,Lululemon is for old people and millennials. Zoomers needed a brand of their own.,96,4,1,39666,,A-整体讨论,https://x.com/nw3/status/2007115649462714460,"[""@seangarrette""]",[],,,,True,有效 涉及Lululemon品牌讨论，带观点,en,
@crisparugula,2026-01-02T17:22:42.000Z,"comfy and casual adult clothing, multi purpose (workouts, running errands, night out), far and away better than Lululemon. go into a Lulu and it’s filled with 14 yr olds",1,0,0,1406,,A-整体讨论,https://x.com/crisparugula/status/2007140509412929575,"[""@seangarrette""]",[],,,,True,有效 对比Lululemon品牌，提出观点,en,
@lindsey_naylor9,2026-01-02T17:58:17.000Z,"Unfortunately, there’s not a store close to me :/",4,0,0,1064,,A-整体讨论,https://x.com/lindsey_naylor9/status/2007149462494519699,"[""@lululemon""]",[],,,,True,有效 讨论店铺可达性，相关Lululemon,en,
@604RAW,2026-01-03T02:44:13.000Z,Lululemon founder Chip Wilson’s Kitsilano mansion is once again the highest valued home in B.C. at $73.4 million The waterfront property has held the top spot since 2014,128,10,8,31699,,A-整体讨论,https://x.com/604RAW/status/2007281815963553863,[],[],,,,True,有效 与Lululemon创始人相关房产新闻,en,
@lululemon,2026-01-02T17:55:00.000Z,"We hear you, and we'd love to grant your desire—feel free to stop by your local store and we'll be happy to provide you with what you're seeking for.",22,4,0,18965,,A-整体讨论,https://x.com/lululemon/status/2007148637143601168,"[""@lindsey_naylor9""]","[""https://x.com/lindsey_naylor9/status/2007149462494519699""]",,,,True,有效 品牌官方回应，与Lululemon相关,en,
@fatninjalife,2026-01-02T23:00:10.000Z,Honey that not the issue here. I remember very well when you were shipping with bags.. miss it too,3,0,0,396,,A-整体讨论,https://x.com/fatninjalife/status/2007225431905509686,"[""@lululemon""]","[""https://x.com/lululemon/status/2007148637143601168""]",,,,True,有效 与Lululemon品牌讨论相关,en,
@SirLewistonin,2026-01-03T13:04:41.000Z,WELL WERE YOU HOLDING MY HAND AT LEAST??,1884,1,152,54033,,A-整体讨论,https://x.com/SirLewistonin/status/2007437961827090896,[],[],,,,False,与Lululemon无关 内容与Lululemon无关联,en,
@TrakenEntropy,2026-01-03T13:26:26.000Z,Everyone say thank you lululemon,2,0,0,732,,A-整体讨论,https://x.com/TrakenEntropy/status/2007443435016306796,"[""@SirLewistonin""]","[""https://x.com/SirLewistonin/status/2007437961827090896""]",,,,True,有效 与Lululemon品牌相关英文讨论,en,
@lady_dy_stl,2026-01-02T15:49:52.000Z,It’s the new lululemon for the Stanley cup moms,3,0,0,8930,,A-整体讨论,https://x.com/lady_dy_stl/status/2007117145713545496,"[""@seangarrette""]",[],,,,True,有效 讨论Lululemon品牌相关话题,en,
@BLKThugreport,2026-01-03T01:35:52.000Z,"In light of the fact that this company fired two of its employees for calling the police on shoplifters a few years ago, I’m encouraging all Shaquita’s to go to Lululemon and take all that you get.",344,20,68,5846,,A-整体讨论,https://x.com/BLKThugreport/status/2007264618805375254,[],[],,,,True,有效 讨论Lululemon员工与盗窃事件相关争议,en,
@BobMounger1960,2026-01-03T04:24:31.000Z,"Obviously, if Lululemon can routinely afford this kind of theft, their products must be obscenely overpriced garbage.",6,1,0,213,,A-整体讨论,https://x.com/BobMounger1960/status/2007307060120330321,"[""@BLKThugreport""]","[""https://x.com/BLKThugreport/status/2007264618805375254""]",,,,True,有效 评论Lululemon定价和产品质量，相关讨论,en,
@push_draw3rd,2026-01-02T19:56:06.000Z,I need help. I’m trying to up my golf shorts game and I’m struggling to find a good brand/fit. Any recommendations? It’s hard to know anything without trying some on.,19,29,0,13515,,A-整体讨论,https://x.com/push_draw3rd/status/2007179110637056302,[],[],,,,False,与Lululemon无关 讨论高尔夫短裤品牌，无Lululemon关联,en,
@Yungwilliepark,2026-01-03T05:26:00.000Z,"CRZ yoga, they are a lululemon dupes on Amazon.",2,0,0,813,,A-整体讨论,https://x.com/Yungwilliepark/status/2007322530517078447,"[""@push_draw3rd""]","[""https://x.com/push_draw3rd/status/2007179110637056302""]",,,,True,有效 提及Lululemon仿品，相关讨论,en,
@awesomefoid,2026-01-03T15:09:36.000Z,I got dumped in front of lululemon once,5,0,0,387,,A-整体讨论,https://x.com/awesomefoid/status/2007469398596964545,[],[],,,,True,有效 提及Lululemon场景的原创内容,en,
@WL_Everitt_III,2026-01-02T04:59:04.000Z,"The freedoms in the USA—were secured by veterans & active duty who served & sacrificed. No group “truly indigenous”; history is migration & progress. We owe no guilt for our success. Drop the performative land acknowledgment, rituals 
@lululemon",2,0,0,31,,A-整体讨论,https://x.com/WL_Everitt_III/status/2006953364681335292,[],[],,,,False,与Lululemon无关 内容批评土地承认，与Lululemon无关联,en,
@Cosmic_Court,2026-01-02T13:00:02.000Z,Lululemon didn’t want certain ppl wearing their stuff so ppl hopped on the Alo trend,13,0,1,17640,,A-整体讨论,https://x.com/Cosmic_Court/status/2007074406225575978,"[""@seangarrette""]",[],,,,True,有效 讨论Lululemon品牌相关选择趋势,en,
@goth_girl_eve,2026-01-03T04:28:00.000Z,"hey 
@grok
 turn this into a summer bikini shot",685,69,21,105740,,A-整体讨论,https://x.com/goth_girl_eve/status/2007307934494056485,[],[],,,,False,与Lululemon无关 与Lululemon品牌无关,en,
@kaptain_krazy,2026-01-03T14:26:48.000Z,"@grok
 dress her in lululemon workout apparel holding a gym towel",1,0,0,212,,A-整体讨论,https://x.com/kaptain_krazy/status/2007458628752814587,"[""@goth_girl_eve"", ""@grok""]","[""https://x.com/goth_girl_eve/status/2007307934494056485""]",,,,True,有效 提及Lululemon服饰相关英文内容,en,
@SaraEisen,2026-01-02T20:12:56.000Z,"Many consumer companies will have new CEOs in 2026: Walmart, Target, Coca-Cola, Kraft-Heinz, Lululemon, P&G…",156,25,15,20070,,A-整体讨论,https://x.com/SaraEisen/status/2007183349337763969,[],[],,,,True,有效 提及Lululemon新CEO，品牌相关,en,
@mweinbach,2026-01-01T16:26:56.000Z,Good afternoon to only those using their Lululemon AMEX credit reset today for pace breakers,1353,15,18,255424,,A-整体讨论,https://x.com/mweinbach/status/2006764086156210379,[],[],,,,True,有效 提及Lululemon产品及信用卡使用,en,
@seangarrette,2026-01-02T06:47:18.000Z,What is people’s obsession with Alo? I’m so curious lol,5132,187,775,787560,,A-整体讨论,https://x.com/seangarrette/status/2006980605209370954,[],[],,,,False,与Lululemon无关 讨论Alo品牌与Lululemon无关,en,
@bugattihotty,2026-01-02T16:54:18.000Z,the stores are so cute the clothes are so comfy and cheaper than lululemon and they’re not racist and the workers are so sweet!! i love alo down,1,1,0,2031,,A-整体讨论,https://x.com/bugattihotty/status/2007133361186451839,"[""@seangarrette""]","[""https://x.com/seangarrette/status/2006980605209370954""]",,,,False,与Lululemon无关 主推Alo品牌，仅提及Lululemon作对比,en,
@30inchlacewig,2026-01-02T19:05:15.000Z,"While I agree with you that the staff is kind, it’s NOT cheaper than lululemon",1,0,0,88,,A-整体讨论,https://x.com/30inchlacewig/status/2007166314402779196,"[""@bugattihotty"", ""@seangarrette""]","[""https://x.com/bugattihotty/status/2007133361186451839"", ""https://x.com/seangarrette/status/2006980605209370954""]",,,,True,有效 回应讨论Lululemon价格对比,en,
@kcchiefsproshop,2026-01-02T19:28:02.000Z,"Your post-season uniform, upgraded by 
@lululemon
. Oversized fit. Warm fleece. Secret phone pocket. Chiefs logo. Enough said. Visit the Pro Shop to make it yours, or call us for shipping/pickup: 816-920-8223",3,1,0,500,,A-整体讨论,https://x.com/kcchiefsproshop/status/2007172047743365366,[],[],,,,False,广告 推广商品并提供购买联系方式,en,
@_zkmike,2026-01-02T16:02:13.000Z,lululemon men clothing is still great quality but has reached super cringe adoption levels,11,2,0,1886,,A-整体讨论,https://x.com/_zkmike/status/2007120253315354642,[],[],,,,True,有效 讨论Lululemon男装质量与流行度,en,
@ValuableTX,2026-01-02T13:06:55.000Z,"From July 2026, the EU mandates Digital Product Passports across 30 product categories (steel, textiles, batteries) #VeChain already powers ~41% of current pilot programs (BMW, Lululemon, more) More enterprise usage = more 
$VTHO
 burn This isnt hype. Its infrastructure.",62,1,8,1369,#VeChain,A-整体讨论,https://x.com/ValuableTX/status/2007076138015990232,[],[],,,,True,有效 提及Lululemon并关联数字产品护照讨论,en,
@laz_versalles,2026-01-03T03:40:04.000Z,"Inka Trail. The highlight, before you descend into machu picchu, is “forever young” or “wiñay wayna” a Cechua structure that was “discovered” in 1940. It was buried in moss and people walked by for 40 years and never knew it was there.",2,1,0,270,,A-整体讨论,https://x.com/laz_versalles/status/2007295872112234891,"[""@woody5090s"", ""@Grizz_wold"", ""and 3 others""]",[],,,,False,与Lululemon无关 内容关于印加古道，与Lululemon无关,en,
@woody5090s,2026-01-03T03:11:15.000Z,"It’s beautiful. The architecture reminds me of Florence. If you go to Peru, I’d suggest staying in various towns to get the full experience. You’d probably fly into Lima which is honestly pretty rough. Once you get out to places like Ollantaytambo and Aguas Calientes (1/2)",2,1,0,167,,A-整体讨论,https://x.com/woody5090s/status/2007288620219334844,"[""@Grizz_wold"", ""@shallowedout"", ""and 3 others""]",[],,,,False,与Lululemon无关 内容关于秘鲁旅行，与Lululemon无关,en,
@RobertHunter42,2026-01-03T00:35:02.000Z,"In a wave of idleness, brands like Brooks Brothers uphold standards and tradition. Instead, the youth, opt for comfort with brands such as Lululemon and Vuori. Take notes gentlemen, presentation is the first step to success. -RH",3,0,0,246,,A-整体讨论,https://x.com/RobertHunter42/status/2007249305841946881,[],[],@GuyInFinance,I know what I have to do but I don’t know if I have the strength to do it:,https://x.com/GuyInFinance/status/2007170479724102094,True,有效 讨论Lululemon品牌与穿衣风格，相关且原创,en,en
@way2litfordates,2026-01-02T22:46:10.000Z,"starbucks, lululemon, geo baskets on my #whitegirl shit",13,1,0,7333,#whitegirl,A-整体讨论,https://x.com/way2litfordates/status/2007221909734461650,[],[],,,,False,与Lululemon无关 内容仅为文化调侃，无实质品牌讨论,en,
@theNFLchick,2026-01-02T17:21:26.000Z,It’s just Lululemon for young people,11,2,2,2213,,A-整体讨论,https://x.com/theNFLchick/status/2007140188162797859,[],[],@seangarrette,What is people’s obsession with Alo? I’m so curious lol,https://x.com/seangarrette/status/2006980605209370954,True,有效 提及Lululemon并讨论品牌相关性,en,en
@OFIVETV,2026-01-02T09:17:46.000Z,"#FASHION#FIT#INSPIRATION
@lululemon
 x 
@LewisHamilton
 ""The Train collection""",5,1,1,692,#FASHION #FIT #INSPIRATION,A-整体讨论,https://x.com/OFIVETV/status/2007018469662097705,[],[],,,,True,有效 提及Lululemon合作及产品线,en,
@woody5090s,2026-01-03T04:10:55.000Z,Wow. Laz lore,2,0,0,109,,A-整体讨论,https://x.com/woody5090s/status/2007303634833551635,"[""@laz_versalles"", ""@Grizz_wold"", ""and 3 others""]","[""https://x.com/laz_versalles/status/2007295872112234891""]",,,,False,与Lululemon无关 内容不涉及Lululemon,en,
@tardwifeinsaree,2026-01-01T23:17:10.000Z,all american white girls are fanatically protestant because their trends and aesthetics are boring and bland like matcha and pilates and plain brown lululemon and alo and japanese and indian aesthetics are actually NOT the embodiment of “holy bland puritan cabbage soup”,6,0,0,274,,A-整体讨论,https://x.com/tardwifeinsaree/status/2006867325174296728,[],[],,,,False,与Lululemon无关 Lululemon仅举例非核心讨论,en,
@woody5090s,2026-01-03T03:13:05.000Z,(which is where Machu Picchu is) you’ll see the untamed Peruvian wilderness which is what Peru is really about imo,3,1,0,142,,A-整体讨论,https://x.com/woody5090s/status/2007289080200212550,"[""@woody5090s"", ""@Grizz_wold"", ""and 4 others""]","[""https://x.com/woody5090s/status/2007303634833551635""]",,,,False,与Lululemon无关 内容关于秘鲁旅行，与Lululemon无关,en,
@laz_versalles,2026-01-03T03:14:25.000Z,Been to Auguas. Did a 5 day trek that ended at machu Picchu on the summer solstice. Still the best trip of my life.,2,2,0,133,,A-整体讨论,https://x.com/laz_versalles/status/2007289415870361702,"[""@woody5090s"", ""@Grizz_wold"", ""and 3 others""]","[""https://x.com/woody5090s/status/2007289080200212550""]",,,,False,与Lululemon无关 内容为秘鲁旅行，无Lululemon相关,en,
@zerohedge,2026-01-02T11:55:07.000Z,Is 2026 Shaping Up To Be A Lost Year For Lululemon In America,166,41,6,91756,,A-整体讨论,https://x.com/zerohedge/status/2007058067909730739,[],[],,,,True,有效 讨论Lululemon在美国的前景,en,
@wahlwahl43,2026-01-02T10:45:54.000Z,"Don’t forget new year and quarter…some of your Amex platinum perks have reset. 
$AXP
 Quarterly: Resy: $100 Lululemon: $75 Semi-annual: Saks: $50 Dell: $150 Hotel: $300 Alongside many other “offers” Happy New Year and Enjoy",1,1,0,157,,A-整体讨论,https://x.com/wahlwahl43/status/2007040651339452642,[],[],,,,False,广告 推广Amex持卡人福利,en,
@browhatabitch,2026-01-02T04:55:29.000Z,“I love your outfits!” Thanks! I steal them from anime girls.,5,1,0,125,,A-整体讨论,https://x.com/browhatabitch/status/2006952462431957481,[],[],,,,False,与Lululemon无关 内容与Lululemon毫无关联,en,
@browhatabitch,2026-01-02T04:55:29.000Z,Reze made me OBSESSED with polos it’s not even funny,3,1,0,43,,A-整体讨论,https://x.com/browhatabitch/status/2006952464067735843,"[""@browhatabitch""]","[""https://x.com/browhatabitch/status/2006952462431957481""]",,,,False,与Lululemon无关 内容与Lululemon无关,en,
@browhatabitch,2026-01-02T04:55:29.000Z,Wait lowkey now I wanna draw Aoi in lululemon,2,0,0,35,,A-整体讨论,https://x.com/browhatabitch/status/2006952465154048114,"[""@browhatabitch""]","[""https://x.com/browhatabitch/status/2006952464067735843""]",,,,True,有效 提及Lululemon，表达创作兴趣,en,
@pursuepolo,2026-01-03T02:18:36.000Z,there is so much lululemon at my store wow,2,0,0,112,,A-整体讨论,https://x.com/pursuepolo/status/2007275371214049469,[],[],,,,True,有效 提及品牌且为真实观察,en,
@CEBKCEBKCEBK,2026-01-01T22:40:23.000Z,"“Stanford book store” is 90% female frivolity products: big section by door “for when college feels like vacation” hawking perfumes, lotions, etc; mostly Lululemon gear—including some “for him.” Tiny upstairs with books like these (~10 words of inspiration per page). Polygamy now",20,1,1,1142,,A-整体讨论,https://x.com/CEBKCEBKCEBK/status/2006858066680320325,[],[],,,,False,与Lululemon无关 话题是书店商品，非Lululemon危机,en,
@woody5090s,2026-01-03T02:22:18.000Z,This is badass. I bought pants in Cuzco made from the hair of an alpaca. They make me look like Jack Sparrow. Also the amount of stray dogs there was saddening.,3,1,0,192,,A-整体讨论,https://x.com/woody5090s/status/2007276302290821219,"[""@laz_versalles"", ""@johnnieO"", ""@lululemon""]","[""https://x.com/laz_versalles/status/2007289415870361702"", ""https://x.com/lululemon/status/2007148637143601168""]",,,,False,与Lululemon无关 内容谈论羊驼裤和库斯科，与品牌无关,en,
@hellsbackporch,2026-01-02T07:19:08.000Z,Does anybody else think Melanie Martinez would be a great dancer? She was tugging on Shakira’s hair here a little,371,5,25,5459,,A-整体讨论,https://x.com/hellsbackporch/status/2006988613016498625,[],[],,,,False,与Lululemon无关 讨论明星舞蹈无关Lululemon,en,
@_EviePig,2026-01-02T11:32:10.000Z,shes latina too she and shakira are basically lululemon and alt girl cousins,5,1,0,258,,A-整体讨论,https://x.com/_EviePig/status/2007052293024477294,"[""@hellsbackporch""]","[""https://x.com/hellsbackporch/status/2006988613016498625""]",,,,True,有效 提及Lululemon品牌且非广告,en,
@WSJmarkets,2026-01-02T22:24:51.000Z,"The Score: Lululemon, Tesla, Delta, Nike and More Stocks That Defined the Week",6,2,2,6884,,A-整体讨论,https://x.com/WSJmarkets/status/2007216543919141174,[],[],,,,True,有效 包含Lululemon股票讨论，与品牌相关,en,
@abdullahcro_x,2026-01-02T16:00:21.000Z,"200 brands I sometimes steal A/B test ideas from, listed in categories. Apparel: – True Classic – Knix – Savage x Fenty – Summersalt – Shecurve – Comfrt – Thrivin – HeyShape – LSKD – Huckberry Skincare: – Omnilux – Oak Essentials – Solawave – Aramore Skin – Bangn Body – Jones Road – Qure Skincare – GoPure – Nulastin – Remedy Skin Supplements: – Spacegoods – Primal Queen – O Positiv – Arrae – cbdMD – DryWater – Buoy – Vitabars – HUM Nutrition – Seed Homeware: – Kind Laundry – Miracle Brand – Rigwa – Biom – Helios Filter – Get Canopy – Earth Breeze – Larq – Our Place – Blueland Bedding: – SIJO Home – Loomii – Brooklinen – Slumber Cloud – Avocado Green Mattress – Purple – Bearaby – Yana Sleep – Dore and Rose – MiLounge Fitness: – Bala – TRX Training – Crossrope – Hyperice – Tonal – Hydrow – WHOOP – Tempo – Bowflex – Peloton Electronics: – Nomad Goods – Casetify – Native Union – Ember – Backbone – Peak Design – Wyze – Oura – Garmin – Therabody Footwear: – Taos Footwear – Allbirds – Vessi – On Running – Cariuma – Rothy’s – Nisolo – GREATS – Kizik – Hollow Socks Jewelry: – CRAFTD – Mejuri – Missoma – GLD Shop – Vitaly – Aurate – Ana Luisa – Kendra Scott – PD Paola – Local Eclectic Petcare: – PetLab Co. – Native Pet – Jinx – Pupford – Fable Pets – Wild One – PrettyLitter – The Farmer’s Dog – Ruffwear – BarkBox Babycare: – Momcozy – Mamabump – Millie Moon – Get Babloo – MomHaven – Frida Baby – Hello Bello – Coterie – Kyte Baby – Pipette Outdoors: – YETI – Solo Stove – Cotopaxi – Rumpl – BioLite – Snow Peak – Hydro Flask – Klean Kanteen – Patagonia – REI Co-op Wellness: – Calm – Headspace – Eight Sleep – Moon Juice – Beam Organics – Muse – Hatch – NuCalm – Noom – Pranamat Grooming & Selfcare: – Bite Toothpaste – Manscaped – Harry’s – Billie – Flamingo – Native Deodorant – Hismile – quip – Fellas – Dollar Shave Club Gifting: – Noteworthy Scents – Birthdate Co. – Vellabox – Greetabl – Knack – Sugarwish – Homesick – Happy Box – Uncommon Goods – BoxFox Car: – WeatherTech – Chemical Guys – Tesmanian – Abstract Ocean – Throttle – http://CarCovers.com – FitMyCar – Meguiar’s – 303 Products – Shine Armor Health & Beauty: – Goop – TULA Skincare – The Ordinary – Pacifica – Drunk Elephant – Supergoop! – Glossier – Fenty Beauty – Kosas – Ilia Beauty Food & Beverage: – Graza – BRĒZ – Magic Spoon – Oats Overnight – Soylent – House of Macadamias – Athletic Brewing Co. – Chamberlain Coffee – OLIPOP – Truff Home & Garden: – Gardyn – Lomi – Sunday Lawn Care – Bloomscape – The Sill – Patch Plants – Terrain – Click & Grow – AeroGarden – Bloom & Wild Sports & Fitness: – Gymshark – Lululemon – Ten Thousand – Vuori – Alo Yoga – Alphalete Athletics – Runly Athletics – MyProtein – Rogue Fitness – P.volve",3,6,0,435,,A-整体讨论,https://x.com/abdullahcro_x/status/2007119785142648992,[],[],,,,False,与Lululemon无关 列表提及Lululemon但主题是品牌汇总,en,
@abdullahcro_x,2026-01-02T16:00:21.000Z,"200 brands I sometimes steal A/B test ideas from, listed in categories. Apparel: – True Classic – Knix – Savage x Fenty – Summersalt – Shecurve – Comfrt – Thrivin – HeyShape – LSKD – Huckberry Skincare: – Omnilux – Oak Essentials – Solawave – Aramore Skin – Bangn Body – Jones Road – Qure Skincare – GoPure – Nulastin – Remedy Skin Supplements: – Spacegoods – Primal Queen – O Positiv – Arrae – cbdMD – DryWater – Buoy – Vitabars – HUM Nutrition – Seed Homeware: – Kind Laundry – Miracle Brand – Rigwa – Biom – Helios Filter – Get Canopy – Earth Breeze – Larq – Our Place – Blueland Bedding: – SIJO Home – Loomii – Brooklinen – Slumber Cloud – Avocado Green Mattress – Purple – Bearaby – Yana Sleep – Dore and Rose – MiLounge Fitness: – Bala – TRX Training – Crossrope – Hyperice – Tonal – Hydrow – WHOOP – Tempo – Bowflex – Peloton Electronics: – Nomad Goods – Casetify – Native Union – Ember – Backbone – Peak Design – Wyze – Oura – Garmin – Therabody Footwear: – Taos Footwear – Allbirds – Vessi – On Running – Cariuma – Rothy’s – Nisolo – GREATS – Kizik – Hollow Socks Jewelry: – CRAFTD – Mejuri – Missoma – GLD Shop – Vitaly – Aurate – Ana Luisa – Kendra Scott – PD Paola – Local Eclectic Petcare: – PetLab Co. – Native Pet – Jinx – Pupford – Fable Pets – Wild One – PrettyLitter – The Farmer’s Dog – Ruffwear – BarkBox Babycare: – Momcozy – Mamabump – Millie Moon – Get Babloo – MomHaven – Frida Baby – Hello Bello – Coterie – Kyte Baby – Pipette Outdoors: – YETI – Solo Stove – Cotopaxi – Rumpl – BioLite – Snow Peak – Hydro Flask – Klean Kanteen – Patagonia – REI Co-op Wellness: – Calm – Headspace – Eight Sleep – Moon Juice – Beam Organics – Muse – Hatch – NuCalm – Noom – Pranamat Grooming & Selfcare: – Bite Toothpaste – Manscaped – Harry’s – Billie – Flamingo – Native Deodorant – Hismile – quip – Fellas – Dollar Shave Club Gifting: – Noteworthy Scents – Birthdate Co. – Vellabox – Greetabl – Knack – Sugarwish – Homesick – Happy Box – Uncommon Goods – BoxFox Car: – WeatherTech – Chemical Guys – Tesmanian – Abstract Ocean – Throttle – http://CarCovers.com – FitMyCar – Meguiar’s – 303 Products – Shine Armor Health & Beauty: – Goop – TULA Skincare – The Ordinary – Pacifica – Drunk Elephant – Supergoop! – Glossier – Fenty Beauty – Kosas – Ilia Beauty Food & Beverage: – Graza – BRĒZ – Magic Spoon – Oats Overnight – Soylent – House of Macadamias – Athletic Brewing Co. – Chamberlain Coffee – OLIPOP – Truff Home & Garden: – Gardyn – Lomi – Sunday Lawn Care – Bloomscape – The Sill – Patch Plants – Terrain – Click & Grow – AeroGarden – Bloom & Wild Sports & Fitness: – Gymshark – Lululemon – Ten Thousand – Vuori – Alo Yoga – Alphalete Athletics – Runly Athletics – MyProtein – Rogue Fitness – P.volve",3,6,0,435,,B-化学品争议,https://x.com/abdullahcro_x/status/2007119785142648992,[],[],,,,False,与Lululemon无关 长列表仅提及Lululemon无实质讨论,en,
@abdullahcro_x,2026-01-02T16:00:21.000Z,"200 brands I sometimes steal A/B test ideas from, listed in categories. Apparel: – True Classic – Knix – Savage x Fenty – Summersalt – Shecurve – Comfrt – Thrivin – HeyShape – LSKD – Huckberry Skincare: – Omnilux – Oak Essentials – Solawave – Aramore Skin – Bangn Body – Jones Road – Qure Skincare – GoPure – Nulastin – Remedy Skin Supplements: – Spacegoods – Primal Queen – O Positiv – Arrae – cbdMD – DryWater – Buoy – Vitabars – HUM Nutrition – Seed Homeware: – Kind Laundry – Miracle Brand – Rigwa – Biom – Helios Filter – Get Canopy – Earth Breeze – Larq – Our Place – Blueland Bedding: – SIJO Home – Loomii – Brooklinen – Slumber Cloud – Avocado Green Mattress – Purple – Bearaby – Yana Sleep – Dore and Rose – MiLounge Fitness: – Bala – TRX Training – Crossrope – Hyperice – Tonal – Hydrow – WHOOP – Tempo – Bowflex – Peloton Electronics: – Nomad Goods – Casetify – Native Union – Ember – Backbone – Peak Design – Wyze – Oura – Garmin – Therabody Footwear: – Taos Footwear – Allbirds – Vessi – On Running – Cariuma – Rothy’s – Nisolo – GREATS – Kizik – Hollow Socks Jewelry: – CRAFTD – Mejuri – Missoma – GLD Shop – Vitaly – Aurate – Ana Luisa – Kendra Scott – PD Paola – Local Eclectic Petcare: – PetLab Co. – Native Pet – Jinx – Pupford – Fable Pets – Wild One – PrettyLitter – The Farmer’s Dog – Ruffwear – BarkBox Babycare: – Momcozy – Mamabump – Millie Moon – Get Babloo – MomHaven – Frida Baby – Hello Bello – Coterie – Kyte Baby – Pipette Outdoors: – YETI – Solo Stove – Cotopaxi – Rumpl – BioLite – Snow Peak – Hydro Flask – Klean Kanteen – Patagonia – REI Co-op Wellness: – Calm – Headspace – Eight Sleep – Moon Juice – Beam Organics – Muse – Hatch – NuCalm – Noom – Pranamat Grooming & Selfcare: – Bite Toothpaste – Manscaped – Harry’s – Billie – Flamingo – Native Deodorant – Hismile – quip – Fellas – Dollar Shave Club Gifting: – Noteworthy Scents – Birthdate Co. – Vellabox – Greetabl – Knack – Sugarwish – Homesick – Happy Box – Uncommon Goods – BoxFox Car: – WeatherTech – Chemical Guys – Tesmanian – Abstract Ocean – Throttle – http://CarCovers.com – FitMyCar – Meguiar’s – 303 Products – Shine Armor Health & Beauty: – Goop – TULA Skincare – The Ordinary – Pacifica – Drunk Elephant – Supergoop! – Glossier – Fenty Beauty – Kosas – Ilia Beauty Food & Beverage: – Graza – BRĒZ – Magic Spoon – Oats Overnight – Soylent – House of Macadamias – Athletic Brewing Co. – Chamberlain Coffee – OLIPOP – Truff Home & Garden: – Gardyn – Lomi – Sunday Lawn Care – Bloomscape – The Sill – Patch Plants – Terrain – Click & Grow – AeroGarden – Bloom & Wild Sports & Fitness: – Gymshark – Lululemon – Ten Thousand – Vuori – Alo Yoga – Alphalete Athletics – Runly Athletics – MyProtein – Rogue Fitness – P.volve",3,6,0,435,,C-健康安全,https://x.com/abdullahcro_x/status/2007119785142648992,[],[],,,,False,与Lululemon无关 仅列举品牌列表，无实质相关讨论,en,
@wallstengine,2026-01-02T10:37:31.000Z,"UBS Reiterates 
$UAA
 at Buy, Maintains PT of $8.00 Analyst comments: ""We view Under Armour as a turnaround stock. We believe UAA will achieve a 25% five-year EPS compound annual growth rate, and this growth will positively surprise the market. Importantly, we expect UAA to deliver considerable innovation and better leverage its brand name, which should help drive second-derivative improvement in the company's North America revenue growth rate. Our view is an improving North America sales growth rate will boost the stock’s valuation. Our $8 price target is 61% above the current stock price. Under Armour remains one of the world’s best known and liked athletic wear brands. UBS Evidence Lab's 11th annual global athletic wear survey reinforces our conviction in this view. Survey results indicate Under Armour’s brand name belongs in the same class of brands such as Lululemon, Jordan, Adidas, Puma, On, Hoka, Skechers, and New Balance. The average market cap for these brands which are publicly traded as standalone entities is $19B vs. just $2.1B for UAA. We’re not saying UAA is worth $19B, but rather the valuation differential between UAA and its competitors is far too wide in our view."" Analyst: Jay Sole",43,1,3,7878,,D-透明度,https://x.com/wallstengine/status/2007038540216201638,[],[],,,,False,与Lululemon无关 内容主要关于Under Armour股票分析，Lululemon仅被提及为品牌比较,en,
@BarbarianCap,2026-01-03T00:53:07.000Z,"The Score: Lululemon, Tesla, Delta, Nike and More Stocks That Defined the Week",2,0,0,1015,,A-整体讨论,https://x.com/BarbarianCap/status/2007253860579254548,[],[],,,,False,与Lululemon无关 仅为股票列表提及，无实质相关讨论,en,
@BelfastLive,2026-01-03T19:00:01.000Z,Shoppers 'will never buy Lululemon again' after finding 'comfy' Amazon leggings (Contains affiliate links),1,0,0,2131,,A-整体讨论,https://x.com/BelfastLive/status/2007527384841368051,[],[],,,,False,广告 含返利链接的推广内容,en,
@CashDollDomme,2026-01-04T00:53:39.000Z,Added so much lululemon to my wishlist for you to spoil me with,5,1,1,7490,,A-整体讨论,https://x.com/CashDollDomme/status/2007616378757689454,[],[],,,,True,有效 讨论lululemon愿望清单，相关真实内容,en,
@ironmikeluke,2026-01-02T22:14:35.000Z,"Real time !! 
@jasonscheer",86,7,3,5780,,A-整体讨论,https://x.com/ironmikeluke/status/2007213961171853319,[],[],,,,False,非英文 仅有英文单词但无实质内容，属无效文本,en,
@StatFreak77,2026-01-02T22:19:25.000Z,Are those Lululemon pants!?,5,1,0,279,,A-整体讨论,https://x.com/StatFreak77/status/2007215176635015539,"[""@ironmikeluke"", ""@jasonscheer""]","[""https://x.com/ironmikeluke/status/2007213961171853319""]",,,,True,有效 询问Lululemon裤子，相关讨论,en,
@lindsey_naylor9,2026-01-02T17:48:29.000Z,"When you want to order 
@lululemon
 online, but you also want a shopper bag",16,3,0,18309,,A-整体讨论,https://x.com/lindsey_naylor9/status/2007146995279102115,[],[],,,,False,广告 推广购物袋促销性质,en,
@crisparugula,2026-01-02T17:22:42.000Z,"comfy and casual adult clothing, multi purpose (workouts, running errands, night out), far and away better than Lululemon. go into a Lulu and it’s filled with 14 yr olds",1,0,0,1407,,A-整体讨论,https://x.com/crisparugula/status/2007140509412929575,"[""@seangarrette""]",[],,,,True,有效 比较Lululemon与竞品，关联品牌讨论,en,
@lindsey_naylor9,2026-01-02T17:58:17.000Z,"Unfortunately, there’s not a store close to me :/",4,0,0,1065,,A-整体讨论,https://x.com/lindsey_naylor9/status/2007149462494519699,"[""@lululemon""]",[],,,,False,与Lululemon无关 内容无Lululemon具体提及，仅抱怨无店铺,en,
@quicklikelando,2026-01-03T14:11:40.000Z,Thank you lululemon for this,5,1,0,1059,,A-整体讨论,https://x.com/quicklikelando/status/2007454820483977603,[],[],,,,True,有效 感谢品牌，整体讨论相关,en,
@LH44Fanpage8,2026-01-03T13:15:27.000Z,The fact that lululemon always chooses different Lewis Hamilton clips on Instagram and TikTok,609,1,38,8828,,A-整体讨论,https://x.com/LH44Fanpage8/status/2007440672190513649,[],[],,,,True,有效 提及lululemon社交媒体内容，真实讨论,en,
@CoachMikeAngelo,2026-01-03T02:47:24.000Z,"Once again, Sami from Lululemon needs help. Smacked her vape in front of my family tonight! 
@lululemon
#RunTheRidge",4,0,0,341,#RunTheRidge,A-整体讨论,https://x.com/CoachMikeAngelo/status/2007282617515946037,[],[],,,,True,有效 提及Lululemon员工事件，与品牌相关,en,
@BLKThugreport,2026-01-03T01:35:52.000Z,"In light of the fact that this company fired two of its employees for calling the police on shoplifters a few years ago, I’m encouraging all Shaquita’s to go to Lululemon and take all that you get.",344,20,68,5847,,A-整体讨论,https://x.com/BLKThugreport/status/2007264618805375254,[],[],,,,True,有效 涉及Lululemon品牌争议话题,en,
@BobMounger1960,2026-01-03T04:24:31.000Z,"Obviously, if Lululemon can routinely afford this kind of theft, their products must be obscenely overpriced garbage.",6,1,0,214,,A-整体讨论,https://x.com/BobMounger1960/status/2007307060120330321,"[""@BLKThugreport""]","[""https://x.com/BLKThugreport/status/2007264618805375254""]",,,,True,有效 评论Lululemon产品定价，与品牌相关,en,
@push_draw3rd,2026-01-02T19:56:06.000Z,I need help. I’m trying to up my golf shorts game and I’m struggling to find a good brand/fit. Any recommendations? It’s hard to know anything without trying some on.,19,29,0,13516,,A-整体讨论,https://x.com/push_draw3rd/status/2007179110637056302,[],[],,,,False,与Lululemon无关 内容为高尔夫短裤品牌求助，未提及Lululemon,en,
@Yungwilliepark,2026-01-03T05:26:00.000Z,"CRZ yoga, they are a lululemon dupes on Amazon.",2,0,0,814,,A-整体讨论,https://x.com/Yungwilliepark/status/2007322530517078447,"[""@push_draw3rd""]","[""https://x.com/push_draw3rd/status/2007179110637056302""]",,,,False,与Lululemon无关 推广其他品牌仿制品，非关联讨论,en,
@WhiteHouse,2026-01-03T16:27:55.000Z,Nicolas Maduro on board the USS Iwo Jima.,400495,20763,77978,138803315,,A-整体讨论,https://x.com/WhiteHouse/status/2007489108059533390,[],[],,,,False,与Lululemon无关 内容关于马杜罗和军舰，与Lululemon无关,en,
@LenCorsetti,2026-01-03T16:29:34.000Z,,186,27,14,168298,,A-整体讨论,https://x.com/LenCorsetti/status/2007489525703160169,"[""@WhiteHouse""]","[""https://x.com/WhiteHouse/status/2007489108059533390""]",,,,False,与Lululemon无关 内容与Lululemon毫无关联,,
@GordonStephenM,2026-01-03T16:35:58.000Z,"That's the new Lululemon Maduro Sweat -light cotton, great for prison workouts, or lounging around Brooklyn detention center.",3,1,0,13654,,A-整体讨论,https://x.com/GordonStephenM/status/2007491135917486271,"[""@LenCorsetti"", ""@WhiteHouse""]","[""https://x.com/LenCorsetti/status/2007489525703160169"", ""https://x.com/WhiteHouse/status/2007489108059533390""]",,,,True,有效 提及Lululemon并带讽刺评论,en,
@WApes546,2026-01-03T22:31:47.000Z,Best project on Solana right now Chadette. Next Lululemon,2,0,0,12,,A-整体讨论,https://x.com/WApes546/status/2007580678037352630,"[""@Chadettecoin""]",[],,,,False,与Lululemon无关 提到Lululemon仅作比喻，非品牌相关,en,
@BuzzingPop,2026-01-03T18:53:15.000Z,Team Canada’s official social team responds to demands for the release of the Canada fleece jacket Hudson Williams wore in ‘Heated Rivalry’: “Update HR fans.. our boss said maybe.”,53883,86,2134,1751900,,A-整体讨论,https://x.com/BuzzingPop/status/2007525683451310115,[],[],,,,True,有效 与Lululemon相关品牌讨论,en,
@savoieforhart,2026-01-03T22:12:35.000Z,nah hudson’s bay had the best one,3,1,0,127,,A-整体讨论,https://x.com/savoieforhart/status/2007575847595847947,"[""@ServesSpicy"", ""@thoughtzfromana"", ""@BuzzingPop""]","[""https://x.com/BuzzingPop/status/2007525683451310115""]",,,,False,与Lululemon无关 内容未提及Lululemon,en,
@ServesSpicy,2026-01-03T22:57:32.000Z,People lined up for the Hudson Bay mittens — They were top tier. Lululemon is basically a retail version of an “Ugly American Tourist” hiding behind a Canadian or Patch. Even the old Woolworths would make better stuff than the Kardashian’s fake minge promoter,2,0,0,204,,A-整体讨论,https://x.com/ServesSpicy/status/2007587157125611940,"[""@savoieforhart"", ""@thoughtzfromana"", ""@BuzzingPop""]","[""https://x.com/savoieforhart/status/2007575847595847947"", ""https://x.com/BuzzingPop/status/2007525683451310115""]",,,,True,有效 讨论Lululemon品牌负面评价,en,
@bigAb1075,2026-01-04T05:45:59.000Z,"@grok
 put her in full lululemon and Ali collab pants",11,1,0,6569,,A-整体讨论,https://x.com/bigAb1075/status/2007689947093053699,"[""@BabyMichaelax""]",[],,,,True,有效 提及lululemon品牌内容,en,
@lululemon,2026-01-02T17:55:00.000Z,"We hear you, and we'd love to grant your desire—feel free to stop by your local store and we'll be happy to provide you with what you're seeking for.",22,4,0,18966,,A-整体讨论,https://x.com/lululemon/status/2007148637143601168,"[""@lindsey_naylor9""]","[""https://x.com/lindsey_naylor9/status/2007149462494519699""]",,,,True,有效 官方品牌回应，涉及客户诉求,en,
@fatninjalife,2026-01-02T23:00:10.000Z,Honey that not the issue here. I remember very well when you were shipping with bags.. miss it too,3,0,0,397,,A-整体讨论,https://x.com/fatninjalife/status/2007225431905509686,"[""@lululemon""]","[""https://x.com/lululemon/status/2007148637143601168""]",,,,False,与Lululemon无关 内容不涉及Lululemon品牌,en,
@goth_girl_eve,2026-01-03T04:28:00.000Z,"hey 
@grok
 turn this into a summer bikini shot",685,69,21,105740,,A-整体讨论,https://x.com/goth_girl_eve/status/2007307934494056485,[],[],,,,False,与Lululemon无关 内容与Lululemon无关,en,
@kaptain_krazy,2026-01-03T14:26:48.000Z,"@grok
 dress her in lululemon workout apparel holding a gym towel",1,0,0,213,,A-整体讨论,https://x.com/kaptain_krazy/status/2007458628752814587,"[""@goth_girl_eve"", ""@grok""]","[""https://x.com/goth_girl_eve/status/2007307934494056485""]",,,,False,与Lululemon无关 命令AI生成图像，非品牌相关讨论,en,
@seangarrette,2026-01-02T06:47:18.000Z,What is people’s obsession with Alo? I’m so curious lol,5132,187,775,787563,,A-整体讨论,https://x.com/seangarrette/status/2006980605209370954,[],[],,,,False,与Lululemon无关 讨论Alo而非Lululemon,en,
@bugattihotty,2026-01-02T16:54:18.000Z,the stores are so cute the clothes are so comfy and cheaper than lululemon and they’re not racist and the workers are so sweet!! i love alo down,1,1,0,2032,,A-整体讨论,https://x.com/bugattihotty/status/2007133361186451839,"[""@seangarrette""]","[""https://x.com/seangarrette/status/2006980605209370954""]",,,,True,有效 提及与Lululemon对比，含品牌相关讨论,en,
@30inchlacewig,2026-01-02T19:05:15.000Z,"While I agree with you that the staff is kind, it’s NOT cheaper than lululemon",1,0,0,89,,A-整体讨论,https://x.com/30inchlacewig/status/2007166314402779196,"[""@bugattihotty"", ""@seangarrette""]","[""https://x.com/bugattihotty/status/2007133361186451839"", ""https://x.com/seangarrette/status/2006980605209370954""]",,,,True,有效 用户讨论Lululemon价格比较，相关内容,en,
@kcchiefsproshop,2026-01-02T19:28:02.000Z,"Your post-season uniform, upgraded by 
@lululemon
. Oversized fit. Warm fleece. Secret phone pocket. Chiefs logo. Enough said. Visit the Pro Shop to make it yours, or call us for shipping/pickup: 816-920-8223",3,1,0,501,,A-整体讨论,https://x.com/kcchiefsproshop/status/2007172047743365366,[],[],,,,False,广告 促销推广内容含联系方式,en,
@sidona,2026-01-04T02:18:10.000Z,"change a little { ""subject"": { ""person"": ""Young woman with light greyish-brown hair, athletic build"", ""expression"": ""Playful, tongue poking out, casual and relaxed"", ""pose"": ""Low-angle perspective, reclining back against a light-colored couch, looking directly at camera"", ""tattoos"": [], ""jewelry"": ""Delicate silver clover-style bracelet, small stud earrings"", ""hair"": { ""style"": ""Slightly messy, natural, casual"", ""texture"": ""Soft waves with some loose strands framing the face"", ""appearance"": ""Very relaxed, as if just out of bed or lounging around the house"" } }, ""apparel"": { ""top"": ""Lululemon form-fitting tank top or sports bra"", ""bottom"": ""Matching Lululemon high-waisted leggings or yoga pants"", ""texture"": ""Smooth, soft matte finish"" }, ""composition"": { ""camera_angle"": ""Extreme low angle, POV style, looking up from the lap area"", ""framing"": ""Close-up, wide-angle lens distortion typical of a smartphone selfie"", ""depth_of_field"": ""Shallow, with the foreground garment in sharp focus and the background slightly softened"" }, ""environment"": { ""setting"": ""Modern bright living room interior"", ""furniture"": ""Cream-colored fabric sofa"", ""background_elements"": [ ""Large windows with bright natural light"", ""Light blue insulated water bottle (tumbler) tucked beside the person"", ""Circular wall mirror in the background"", ""Minimalist white walls"" ] }, ""lighting_and_color"": { ""lighting"": ""High-key, bright natural daylight, slightly overexposed background"", ""color_palette"": ""Neutral tones, whites, blacks, and a pop of light blue"", ""vibe"": ""Candid, casual, social media aesthetic"" } } https://x.com/Just_sharon7/s/Just_sharon7/status/2007486143080927260…",171,5,13,7840,,A-整体讨论,https://x.com/sidona/status/2007637648655958349,[],[],,,,False,与Lululemon无关 内容为图像描述，无实质Lululemon讨论,en,
@SaraEisen,2026-01-02T20:12:56.000Z,"Many consumer companies will have new CEOs in 2026: Walmart, Target, Coca-Cola, Kraft-Heinz, Lululemon, P&G…",156,25,15,20071,,A-整体讨论,https://x.com/SaraEisen/status/2007183349337763969,[],[],,,,True,有效 提及Lululemon新CEO讨论,en,
@_zkmike,2026-01-02T16:02:13.000Z,lululemon men clothing is still great quality but has reached super cringe adoption levels,11,2,0,1887,,A-整体讨论,https://x.com/_zkmike/status/2007120253315354642,[],[],,,,True,有效 讨论Lululemon男士服装质量与潮流度,en,
@buffyspeak,2026-01-04T01:52:54.000Z,it's probably going to be lululemon and as such stupid expensive btw,2,1,0,246,,A-整体讨论,https://x.com/buffyspeak/status/2007631290011677039,[],[],@BuzzingPop,Team Canada’s official social team responds to demands for the release of the Canada fleece jacket Hudson Williams wore in ‘Heated Rivalry’: “Update HR fans.. our boss said maybe.”,https://x.com/BuzzingPop/status/2007525683451310115,True,有效 提及Lululemon并讨论其价格,en,en
@PhilHam67,2026-01-04T01:52:03.000Z,Couldnt buy tights Larry ? Get a grip,4,2,0,1065,,A-整体讨论,https://x.com/PhilHam67/status/2007631077733740932,"[""@Convertbond"", ""@lululemon""]","[""https://x.com/lululemon/status/2007148637143601168""]",,,,True,有效 评论Lululemon紧身裤，带观点,en,
@jadebuckleydiaz,2026-01-03T20:26:07.000Z,Can they afford lululemon when there’s a new variant to buy every week?,3,1,0,1290,,A-整体讨论,https://x.com/jadebuckleydiaz/status/2007549055262707747,"[""@tenstrife""]",[],,,,True,有效 讨论Lululemon产品更新频率及价格,en,
@RealMattMoney,2026-01-04T01:18:01.000Z,"The Compound goes through their Top Turnaround stocks for 2026: - Lululemon ( 
$LULU
) - Nike ( 
$NKE
) - Netflix ( 
$NFLX
) - Uber ( 
$UBER
) - Adobe ( 
$ADBE
) - Salesforce ( 
$CRM
) 
@TheCompoundNews",47,13,1,7045,,A-整体讨论,https://x.com/RealMattMoney/status/2007622513917079569,[],[],,,,True,有效 讨论Lululemon股票相关，与品牌关联,en,
@laz_versalles,2026-01-03T03:40:04.000Z,"Inka Trail. The highlight, before you descend into machu picchu, is “forever young” or “wiñay wayna” a Cechua structure that was “discovered” in 1940. It was buried in moss and people walked by for 40 years and never knew it was there.",2,1,0,271,,A-整体讨论,https://x.com/laz_versalles/status/2007295872112234891,"[""@woody5090s"", ""@Grizz_wold"", ""and 3 others""]",[],,,,False,与Lululemon无关 内容关于印加古道，与Lululemon无关,en,
@way2litfordates,2026-01-02T22:46:10.000Z,"starbucks, lululemon, geo baskets on my #whitegirl shit",13,1,0,7334,#whitegirl,A-整体讨论,https://x.com/way2litfordates/status/2007221909734461650,[],[],,,,True,有效 提及Lululemon，与品牌相关,en,
@woody5090s,2026-01-03T03:11:15.000Z,"It’s beautiful. The architecture reminds me of Florence. If you go to Peru, I’d suggest staying in various towns to get the full experience. You’d probably fly into Lima which is honestly pretty rough. Once you get out to places like Ollantaytambo and Aguas Calientes (1/2)",2,1,0,168,,A-整体讨论,https://x.com/woody5090s/status/2007288620219334844,"[""@Grizz_wold"", ""@shallowedout"", ""and 3 others""]",[],,,,False,与Lululemon无关 内容关于秘鲁旅游，与Lululemon无关,en,
@awesomefoid,2026-01-03T15:09:36.000Z,I got dumped in front of lululemon once,5,0,0,388,,A-整体讨论,https://x.com/awesomefoid/status/2007469398596964545,[],[],,,,True,有效 提及Lululemon，为真实个人经历,en,
@28ozPorterhouse,2026-01-03T21:22:43.000Z,"Got paired up with a random 4th - this guy brought a yardage book and his own canned Gatorade, he’s +17 thru 13.",14466,494,127,2051873,,A-整体讨论,https://x.com/28ozPorterhouse/status/2007563295788564902,[],[],,,,False,与Lululemon无关 内容为高尔夫球事，与Lululemon无关,en,
@SilasApparition,2026-01-03T22:50:58.000Z,This guy >>> lululemon/gfores guy with a gps watch. This is how you should dress to play golf,1,0,0,233,,A-整体讨论,https://x.com/SilasApparition/status/2007585506289422587,"[""@28ozPorterhouse""]","[""https://x.com/28ozPorterhouse/status/2007563295788564902""]",,,,True,有效 提及Lululemon穿搭建议，与品牌相关,en,
@woody5090s,2026-01-03T03:13:05.000Z,(which is where Machu Picchu is) you’ll see the untamed Peruvian wilderness which is what Peru is really about imo,3,1,0,143,,A-整体讨论,https://x.com/woody5090s/status/2007289080200212550,"[""@woody5090s"", ""@Grizz_wold"", ""and 4 others""]","[""https://x.com/woody5090s/status/2007288620219334844""]",,,,False,与Lululemon无关 内容关于秘鲁马丘比丘,en,
@laz_versalles,2026-01-03T03:14:25.000Z,Been to Auguas. Did a 5 day trek that ended at machu Picchu on the summer solstice. Still the best trip of my life.,2,2,0,134,,A-整体讨论,https://x.com/laz_versalles/status/2007289415870361702,"[""@woody5090s"", ""@Grizz_wold"", ""and 3 others""]","[""https://x.com/woody5090s/status/2007289080200212550""]",,,,False,与Lululemon无关 内容为秘鲁旅行体验,en,
@Gramercy_Goblin,2026-01-03T21:56:12.000Z,Surprised lululemon hasn’t made ABC pants for women yet because in this day and age you never know…,2,0,0,569,,A-整体讨论,https://x.com/Gramercy_Goblin/status/2007571724561178741,[],[],,,,True,有效 讨论Lululemon产品线，带观点,en,
@woody5090s,2026-01-03T04:10:55.000Z,Wow. Laz lore,2,0,0,110,,A-整体讨论,https://x.com/woody5090s/status/2007303634833551635,"[""@laz_versalles"", ""@Grizz_wold"", ""and 3 others""]","[""https://x.com/laz_versalles/status/2007289415870361702""]",,,,False,与Lululemon无关 内容不涉及Lululemon,en,
@oliversnark,2026-01-04T03:04:49.000Z,Just saw someone tweet about Buck/Oliver having no ass,3,2,0,127,,A-整体讨论,https://x.com/oliversnark/status/2007649389226209585,[],[],,,,False,与Lululemon无关 内容与Lululemon无关,en,
@oliversnark,2026-01-04T03:04:50.000Z,I blame wardrobe/his typical baggy fits while standing next to Ryan’s whole ass bakery in Lululemon,3,0,0,128,,A-整体讨论,https://x.com/oliversnark/status/2007649394833928592,"[""@oliversnark""]","[""https://x.com/oliversnark/status/2007649389226209585""]",,,,True,有效 讨论Lululemon着装对比,en,
@RaulOnRails,2026-01-03T16:29:03.000Z,"Day #90 of OG image remakes: lululemonLululemon is already doing many things right. Strong brand. Massive organic reach. Beautiful product photography. But when their product pages get shared on X, LinkedIn, Slack, or WhatsApp, the default OG images often lose context. You see a cropped product photo, no product name, no value prop, no reason to click I remade a few product OG images to show how much stronger they could be with. • Clear product naming • A short benefit driven line • Consistent brand styling • A layout designed for social feeds, not product grids Even for a brand this big, small improvements compound fast. One brand. One day. 100 days straight. #100DaysOfOGRemakes",3,1,0,132,#90 #100DaysOfOGRemakes,A-整体讨论,https://x.com/RaulOnRails/status/2007489394731810884,[],[],,,,True,有效 讨论Lululemon品牌产品页面设计改进,en,
@Deploydon,2026-01-03T16:36:48.000Z,This is the equivalent of the Lululemon pump when the CEO was out.,2,1,0,330,,A-整体讨论,https://x.com/Deploydon/status/2007491343250272495,[],[],@Inevitablewest,Every left-wing Westerner should see this video before commenting on Venezuela:,https://x.com/Inevitablewest/status/2007475595790196856,True,有效 提及LululemonCEO事件，属相关讨论,en,en
@Convertbond,2026-01-04T01:18:24.000Z,"A pathetic, broken city, 
@lululemon
 closed at 8PM on 5th avenue in Manhattan on Saturday night. Fact.",57,13,3,24188,,A-整体讨论,https://x.com/Convertbond/status/2007622609534628031,[],[],,,,True,有效 提及Lululemon门店关闭情况,en,
@SirLewistonin,2026-01-03T13:04:41.000Z,WELL WERE YOU HOLDING MY HAND AT LEAST??,1884,1,152,54034,,A-整体讨论,https://x.com/SirLewistonin/status/2007437961827090896,[],[],,,,False,与Lululemon无关 内容与Lululemon毫无关联,en,
@TrakenEntropy,2026-01-03T13:26:26.000Z,Everyone say thank you lululemon,2,0,0,733,,A-整体讨论,https://x.com/TrakenEntropy/status/2007443435016306796,"[""@SirLewistonin""]","[""https://x.com/SirLewistonin/status/2007437961827090896""]",,,,True,有效 感谢Lululemon的相关讨论,en,
@John99417914,2026-01-04T02:40:48.000Z,"Are you long 
$LULU
 Larry?",2,0,0,671,,A-整体讨论,https://x.com/John99417914/status/2007643347784237209,"[""@Convertbond"", ""@lululemon""]","[""https://x.com/Convertbond/status/2007622609534628031"", ""https://x.com/lululemon/status/2007148637143601168""]",,,,False,与Lululemon无关 仅提问股票持仓，无品牌相关内容,en,
@604RAW,2026-01-03T02:44:13.000Z,Lululemon founder Chip Wilson’s Kitsilano mansion is once again the highest valued home in B.C. at $73.4 million The waterfront property has held the top spot since 2014,128,10,8,31699,,A-整体讨论,https://x.com/604RAW/status/2007281815963553863,[],[],,,,True,有效 与Lululemon创始人和品牌相关,en,
@rexiroses,2026-01-03T18:58:58.000Z,yea ppl have done some shockingly creative things to my pics with grok...,91,8,0,6297,,A-整体讨论,https://x.com/rexiroses/status/2007527121888129404,[],[],@muniiverse_,i wanna post bodychecks in the future but the grok thing is scary,https://x.com/muniiverse_/status/2007403661853642890,False,与Lululemon无关 内容与Lululemon毫无关联,en,en
@deadgir111,2026-01-03T20:35:03.000Z,the israel lululemon set like genuinely why,4,1,0,201,,A-整体讨论,https://x.com/deadgir111/status/2007551302516256974,"[""@rexiroses"", ""@rexicunicorn""]","[""https://x.com/rexiroses/status/2007527121888129404""]",,,,True,有效 提及Lululemon并表达质疑观点,en,
@dianesbaker1,2026-01-03T21:59:03.000Z,"Elliott Management, activist minority shareholder, is buying shares of Lululemon. CEO of 8 yrs is leaving.",2,0,2,141,,A-整体讨论,https://x.com/dianesbaker1/status/2007572439782564105,"[""@Tentoads4truth"", ""@TrueFactsStated""]",[],,,,True,有效 讨论Lululemon股东动态与CEO离职,en,
@perfectlyphil,2026-01-03T19:47:10.000Z,tell lululemon to kill their ugly team canada merch for fucks sake,4,1,0,739,,A-整体讨论,https://x.com/perfectlyphil/status/2007539250556743691,[],[],@BuzzingPop,Team Canada’s official social team responds to demands for the release of the Canada fleece jacket Hudson Williams wore in ‘Heated Rivalry’: “Update HR fans.. our boss said maybe.”,https://x.com/BuzzingPop/status/2007525683451310115,True,有效 用户批评Lululemon加拿大商品设计,en,en
@LEWSTIFOSI,2026-01-04T07:26:23.000Z,thank you lululemon,30,3,0,1387,,A-整体讨论,https://x.com/LEWSTIFOSI/status/2007715216931647595,[],[],,,,True,有效 感谢Lululemon的品牌相关内容,en,
@pursuepolo,2026-01-03T02:18:36.000Z,there is so much lululemon at my store wow,2,0,0,113,,A-整体讨论,https://x.com/pursuepolo/status/2007275371214049469,[],[],,,,True,有效 提及Lululemon，真实英文讨论,en,
@WSJmarkets,2026-01-02T22:24:51.000Z,"The Score: Lululemon, Tesla, Delta, Nike and More Stocks That Defined the Week",6,2,2,6885,,A-整体讨论,https://x.com/WSJmarkets/status/2007216543919141174,[],[],,,,False,纯转发 标题式内容，无新增观点讨论,en,
@indegobluee,2026-01-03T15:52:52.000Z,"drop the pics 
@lululemon
@LewisHamilton",434,5,18,6596,,A-整体讨论,https://x.com/indegobluee/status/2007480289010892846,[],[],,,,False,与Lululemon无关 仅要求发布图片，无相关讨论,en,
@utdzly,2026-01-03T22:54:39.000Z,bro how is he doing that,2,0,0,92,,A-整体讨论,https://x.com/utdzly/status/2007586431636779439,"[""@indegobluee"", ""@lululemon"", ""@LewisHamilton""]","[""https://x.com/indegobluee/status/2007480289010892846"", ""https://x.com/lululemon/status/2007148637143601168""]",,,,False,与Lululemon无关 内容未提及Lululemon,en,
@youpay,2026-01-04T15:55:00.000Z,"Customize your wishlist to reflect your interests and hobbies! The word “Pilates” may not resonate with a fan who never has and never will step foot in a boutique workout studio, a photo of you in a Lululemon matching set at SolidCore might get them to cover your class!",38,2,1,2501,,A-整体讨论,https://x.com/youpay/status/2007843211885137979,[],[],,,,True,有效 内容涉及Lululemon品牌提及及用户兴趣相关讨论,en,
@kimchicel,2026-01-04T01:54:58.000Z,2020-2023 fashion was straight dog ass I’ll be honest,42,4,2,1737,,A-整体讨论,https://x.com/kimchicel/status/2007631813364388053,[],[],,,,False,与Lululemon无关 内容不涉及Lululemon,en,
@kimchicel,2026-01-04T02:18:10.000Z,Lululemons grasp will be gone soon!,2,1,0,605,,A-整体讨论,https://x.com/kimchicel/status/2007637650581426474,"[""@monatooturnt""]",[],,,,True,有效 讨论Lululemon品牌相关话题,en,
@aubtonomy,2026-01-04T02:46:15.000Z,"I don’t think lululemon is escaping the 2016 revival though, that shit was prolific as fuck, lululemon is gonna be forever",11,1,1,13388,,A-整体讨论,https://x.com/aubtonomy/status/2007644715458670778,"[""@kimchicel"", ""@monatooturnt""]","[""https://x.com/kimchicel/status/2007637650581426474""]",,,,True,有效 讨论Lululemon品牌影响力，非垃圾内容,en,
@coreontwitr,2026-01-04T07:00:26.000Z,why does lululemon have a 30 person line,2,2,0,87,,A-整体讨论,https://x.com/coreontwitr/status/2007708684575748319,[],[],,,,True,有效 讨论Lululemon门店排队现象,en,
@EliasOP4,2026-01-03T18:34:27.000Z,Hitting 41 btw.,5,1,0,235,,A-整体讨论,https://x.com/EliasOP4/status/2007520951458472260,"[""@indegobluee"", ""@lululemon"", ""@LewisHamilton""]","[""https://x.com/indegobluee/status/2007480289010892846"", ""https://x.com/lululemon/status/2007148637143601168""]",,,,False,与Lululemon无关 内容与Lululemon无关,en,
@theinformation,2026-01-03T18:19:01.000Z,"The Arena: From Lululemon to Tracksmith, sportswear brands may face an inflection point in 2026. Read more from 
@germanotes",0,1,1,2156,,A-整体讨论,https://x.com/theinformation/status/2007517067491041693,[],[],,,,True,有效 讨论Lululemon及运动品牌趋势,en,
@dheartcraft,2026-01-03T21:37:19.000Z,oh yeah i forgot to post this on main but i applied for college :3,16,4,0,235,,A-整体讨论,https://x.com/dheartcraft/status/2007566971836289327,[],[],,,,False,与Lululemon无关 内容关于申请大学，与Lululemon无关,en,
@dheartcraft,2026-01-03T22:10:57.000Z,"!!! i will!!! whats great abt fashion is that its technically a trade so you can very easily get jobs through your school. but! what i find very interesting is that at schools in america, most of those jobs will be designing for larger companies (some examples i saw from college-",2,1,0,36,,A-整体讨论,https://x.com/dheartcraft/status/2007575435039883296,"[""@NULified_""]",[],,,,False,与Lululemon无关 讨论时尚教育职业，不涉及Lululemon,en,
@dheartcraft,2026-01-03T22:11:27.000Z,"-websites are like lululemon, american eagle, gap, like mall stores), whereas part of the reason im studying in europe is you get more opportunities with higher class designers, and have a higher chance to work in high fashion/couture which is better than working in fast fashion",2,1,0,42,,A-整体讨论,https://x.com/dheartcraft/status/2007575562198700212,"[""@dheartcraft"", ""@NULified_""]","[""https://x.com/dheartcraft/status/2007575435039883296""]",,,,False,与Lululemon无关 仅提及品牌作类比，无实质关联,en,
@tenet_research,2026-01-02T21:13:44.000Z,"$LULU
 | lululemon CFO Frank Meghan sold 2658 shares at an average price near 211 per share. The transaction totaled about 562K, leaving him with roughly 25626 shares held.",0,0,0,718,,A-整体讨论,https://x.com/tenet_research/status/2007198649177255969,[],[],,,,True,有效 讨论lululemon高管股票交易，相关,en,
@VictoriaFutures,2026-01-03T23:16:12.000Z,"Would you know this is a Lululemon window if I didn’t tell you? A brand desperately crying out for a more distinctive approach, especially when it comes to copy and typography.",28,6,0,3175,,A-整体讨论,https://x.com/VictoriaFutures/status/2007591855677157611,[],[],,,,True,有效 评论Lululemon门店设计缺乏特色,en,
@DaryleLSmith,2026-01-03T00:15:00.000Z,"Can't believe I'm in 
@lululemon
 with my daughter",2,1,0,124,,A-整体讨论,https://x.com/DaryleLSmith/status/2007244264397488513,[],[],,,,True,有效 原创英文帖，提及Lululemon品牌,en,
@lusciouslicee,2026-01-03T00:42:52.000Z,Buy her everything she wants,0,1,0,16,,A-整体讨论,https://x.com/lusciouslicee/status/2007251280344023392,"[""@DaryleLSmith"", ""@lululemon""]","[""https://x.com/DaryleLSmith/status/2007244264397488513"", ""https://x.com/lululemon/status/2007148637143601168""]",,,,False,与Lululemon无关 内容未提及Lululemon或相关话题,en,
@DaryleLSmith,2026-01-03T01:23:58.000Z,That's the next trip! Today I had to teacher about money so she used what she made over the vacation. Plus she taps me out at ULTA every time we go,1,0,0,50,,A-整体讨论,https://x.com/DaryleLSmith/status/2007261623162200277,"[""@lusciouslicee"", ""@lululemon""]","[""https://x.com/lusciouslicee/status/2007251280344023392"", ""https://x.com/lululemon/status/2007148637143601168""]",,,,False,与Lululemon无关 内容仅涉及购物和教师，无Lululemon,en,
@byebluememory,2026-01-03T18:45:08.000Z,Kpop doesn’t deserve uncle demjointz,6,2,0,232,,A-整体讨论,https://x.com/byebluememory/status/2007523640196387006,[],[],,,,False,与Lululemon无关 内容关于Kpop，与Lululemon无关,en,
@olisamekas,2026-01-03T20:49:58.000Z,at fucking all because where did all of this hidden animosity come from,3,2,0,141,,A-整体讨论,https://x.com/olisamekas/status/2007555054409273468,"[""@byebluememory""]","[""https://x.com/byebluememory/status/2007523640196387006""]",,,,False,与Lululemon无关 内容未提及Lululemon,en,
@olisamekas,2026-01-03T20:59:09.000Z,"Just realized I used the word ""hidden animosity""... I might as well put on a sculpting lululemon jacket and start going off about monitoring spirits",3,1,0,60,,A-整体讨论,https://x.com/olisamekas/status/2007557365416214568,"[""@olisamekas"", ""@byebluememory""]","[""https://x.com/olisamekas/status/2007555054409273468"", ""https://x.com/byebluememory/status/2007523640196387006""]",,,,True,有效 提到Lululemon夹克，讨论相关话题,en,
@Convertbond,2026-01-04T02:56:06.000Z,"Lmao, hilarious. Again - not a 
@lululemon
 thing! Stores across the city!! Unrecognizable!!! Fact. Sinatra is fake news!",6,2,0,832,,A-整体讨论,https://x.com/Convertbond/status/2007647195705774370,"[""@PhilHam67"", ""@lululemon""]","[""https://x.com/PhilHam67/status/2007631077733740932"", ""https://x.com/lululemon/status/2007148637143601168""]",,,,True,有效 讨论Lululemon相关争议，非广告,en,
@taeminluvr7,2026-01-03T20:35:13.000Z,going to the mall just to fart in lululemon and ruin everyones day,5,0,0,246,,A-整体讨论,https://x.com/taeminluvr7/status/2007551344954294622,[],[],,,,False,与Lululemon无关 恶作剧内容，非相关讨论,en,
@graceongrid,2026-01-03T22:41:47.000Z,Kyte Baby is the Lululemon of infant clothing.,7,1,0,1585,,A-整体讨论,https://x.com/graceongrid/status/2007583194871431332,[],[],,,,True,有效 提及Lululemon品牌比较,en,
@Qlhzfg,2026-01-02T21:54:59.000Z,Lewis in a new lululemon video !!,70,2,5,893,,A-整体讨论,https://x.com/Qlhzfg/status/2007209028246806726,[],[],,,,True,有效 提及lululemon视频，相关讨论,en,
@laz_versalles,2026-01-03T02:28:34.000Z,How about the amounty of pizza shops?! Odd...,1,1,0,170,,A-整体讨论,https://x.com/laz_versalles/status/2007277881265979483,"[""@woody5090s"", ""@johnnieO"", ""@lululemon""]","[""https://x.com/woody5090s/status/2007303634833551635"", ""https://x.com/lululemon/status/2007148637143601168""]",,,,False,与Lululemon无关 内容关于披萨店，与Lululemon无关,en,
@woody5090s,2026-01-03T02:33:24.000Z,"Hardly! South America/Caribbean has a bustling pizza community (early immigration). In August, I had the opportunity to try the #34 ranked pie in the world. Would you believe it was in Santo Domingo, DR!",2,1,0,331,#34,A-整体讨论,https://x.com/woody5090s/status/2007279096947192128,"[""@laz_versalles"", ""@johnnieO"", ""@lululemon""]","[""https://x.com/laz_versalles/status/2007277881265979483"", ""https://x.com/lululemon/status/2007148637143601168""]",,,,False,与Lululemon无关 内容关于披萨和南美，与Lululemon无关,en,
@shallowedout,2026-01-03T02:47:41.000Z,W/ the Aperol Spritz,1,1,0,132,,A-整体讨论,https://x.com/shallowedout/status/2007282689175601536,"[""@woody5090s"", ""@laz_versalles"", ""and 2 others""]","[""https://x.com/woody5090s/status/2007279096947192128"", ""https://x.com/laz_versalles/status/2007277881265979483""]",,,,False,与Lululemon无关 内容仅提及饮品，无Lululemon关联,en,
@woody5090s,2026-01-03T02:53:53.000Z,That was the old man’s choice. I’m a Sangria Tinto person myself,2,1,0,115,,A-整体讨论,https://x.com/woody5090s/status/2007284251952328745,"[""@shallowedout"", ""@laz_versalles"", ""and 2 others""]","[""https://x.com/shallowedout/status/2007282689175601536"", ""https://x.com/laz_versalles/status/2007277881265979483""]",,,,False,与Lululemon无关 内容谈论饮品选择，与Lululemon无关,en,
@woody5090s,2026-01-03T02:22:18.000Z,This is badass. I bought pants in Cuzco made from the hair of an alpaca. They make me look like Jack Sparrow. Also the amount of stray dogs there was saddening.,3,1,0,193,,A-整体讨论,https://x.com/woody5090s/status/2007276302290821219,"[""@laz_versalles"", ""@johnnieO"", ""@lululemon""]","[""https://x.com/laz_versalles/status/2007277881265979483"", ""https://x.com/lululemon/status/2007148637143601168""]",,,,False,与Lululemon无关 内容与Lululemon毫无关联,en,
@aasinitall,2026-01-03T01:25:55.000Z,why is Jonathan LuLuLemon not playing,3,1,0,185,,A-整体讨论,https://x.com/aasinitall/status/2007262113207832895,[],[],,,,False,与Lululemon无关 内容关于球员Jonathan，非品牌,en,
@ServesSpicy,2026-01-03T21:30:40.000Z,Lululemon should lose that insufferable contract. They go out of their way to make absolutely gobsmackingly UGLYAF designs. When Roots had the contract ppl actually wanted to buy the gear & weren’t embarrassed for our poor athletes having to represent draped in intestines,10,1,0,962,,A-整体讨论,https://x.com/ServesSpicy/status/2007565298136932825,"[""@thoughtzfromana"", ""@BuzzingPop""]","[""https://x.com/BuzzingPop/status/2007525683451310115""]",,,,True,有效 讨论Lululemon设计及合同，与品牌相关,en,
@H44MlLTON,2026-01-03T15:04:34.000Z,scott hunter going into that fuck ass smoothie place or whatever,26,1,0,1171,,A-整体讨论,https://x.com/H44MlLTON/status/2007468133464846530,[],[],,,,False,与Lululemon无关 内容与Lululemon无关联,en,
@EjGoska,2026-01-03T15:26:37.000Z,I think he should ditch lululemon and just work out shirtless. And also tell me when and where.,3,1,0,69,,A-整体讨论,https://x.com/EjGoska/status/2007473683984535988,"[""@H44MlLTON""]","[""https://x.com/H44MlLTON/status/2007468133464846530""]",,,,True,有效 讨论Lululemon相关观点,en,
@abdullahcro_x,2026-01-02T16:00:21.000Z,"200 brands I sometimes steal A/B test ideas from, listed in categories. Apparel: – True Classic – Knix – Savage x Fenty – Summersalt – Shecurve – Comfrt – Thrivin – HeyShape – LSKD – Huckberry Skincare: – Omnilux – Oak Essentials – Solawave – Aramore Skin – Bangn Body – Jones Road – Qure Skincare – GoPure – Nulastin – Remedy Skin Supplements: – Spacegoods – Primal Queen – O Positiv – Arrae – cbdMD – DryWater – Buoy – Vitabars – HUM Nutrition – Seed Homeware: – Kind Laundry – Miracle Brand – Rigwa – Biom – Helios Filter – Get Canopy – Earth Breeze – Larq – Our Place – Blueland Bedding: – SIJO Home – Loomii – Brooklinen – Slumber Cloud – Avocado Green Mattress – Purple – Bearaby – Yana Sleep – Dore and Rose – MiLounge Fitness: – Bala – TRX Training – Crossrope – Hyperice – Tonal – Hydrow – WHOOP – Tempo – Bowflex – Peloton Electronics: – Nomad Goods – Casetify – Native Union – Ember – Backbone – Peak Design – Wyze – Oura – Garmin – Therabody Footwear: – Taos Footwear – Allbirds – Vessi – On Running – Cariuma – Rothy’s – Nisolo – GREATS – Kizik – Hollow Socks Jewelry: – CRAFTD – Mejuri – Missoma – GLD Shop – Vitaly – Aurate – Ana Luisa – Kendra Scott – PD Paola – Local Eclectic Petcare: – PetLab Co. – Native Pet – Jinx – Pupford – Fable Pets – Wild One – PrettyLitter – The Farmer’s Dog – Ruffwear – BarkBox Babycare: – Momcozy – Mamabump – Millie Moon – Get Babloo – MomHaven – Frida Baby – Hello Bello – Coterie – Kyte Baby – Pipette Outdoors: – YETI – Solo Stove – Cotopaxi – Rumpl – BioLite – Snow Peak – Hydro Flask – Klean Kanteen – Patagonia – REI Co-op Wellness: – Calm – Headspace – Eight Sleep – Moon Juice – Beam Organics – Muse – Hatch – NuCalm – Noom – Pranamat Grooming & Selfcare: – Bite Toothpaste – Manscaped – Harry’s – Billie – Flamingo – Native Deodorant – Hismile – quip – Fellas – Dollar Shave Club Gifting: – Noteworthy Scents – Birthdate Co. – Vellabox – Greetabl – Knack – Sugarwish – Homesick – Happy Box – Uncommon Goods – BoxFox Car: – WeatherTech – Chemical Guys – Tesmanian – Abstract Ocean – Throttle – http://CarCovers.com – FitMyCar – Meguiar’s – 303 Products – Shine Armor Health & Beauty: – Goop – TULA Skincare – The Ordinary – Pacifica – Drunk Elephant – Supergoop! – Glossier – Fenty Beauty – Kosas – Ilia Beauty Food & Beverage: – Graza – BRĒZ – Magic Spoon – Oats Overnight – Soylent – House of Macadamias – Athletic Brewing Co. – Chamberlain Coffee – OLIPOP – Truff Home & Garden: – Gardyn – Lomi – Sunday Lawn Care – Bloomscape – The Sill – Patch Plants – Terrain – Click & Grow – AeroGarden – Bloom & Wild Sports & Fitness: – Gymshark – Lululemon – Ten Thousand – Vuori – Alo Yoga – Alphalete Athletics – Runly Athletics – MyProtein – Rogue Fitness – P.volve",3,6,0,438,,B-化学品争议,https://x.com/abdullahcro_x/status/2007119785142648992,[],[],,,,False,与Lululemon无关 只是品牌列表提及，非相关讨论,en,
@DividendTalks,2026-01-03T13:03:23.000Z,"Everyone gave up on these stocks: • Salesforce 
$CRM
 −23% • Adobe 
$ADBE
 −25% • Target 
$TGT
 −27% • PayPal 
$PYPL
 −33% • UnitedHealth 
$UNH
 −33% • Chipotle 
$CMG
 −37% • Novo Nordisk 
$NVO
 −40% • Lululemon 
$LULU
 −43% • Duolingo 
$DUOL
 −46% I ran the valuations. Some are still expensive. A few are genuinely mispriced. Breakdown",1095,46,65,454043,,C-健康安全,https://x.com/DividendTalks/status/2007437634889531558,[],[],,,,False,与Lululemon无关 讨论股票跌幅，与品牌及争议无关,en,
@Huktuaaaaa,2026-01-03T16:18:53.000Z,"@grok
 sum up this vid",3,1,0,654,,C-健康安全,https://x.com/Huktuaaaaa/status/2007486834134397027,"[""@DividendTalks""]","[""https://x.com/DividendTalks/status/2007437634889531558""]",,,,False,非英文 内容为英文请求摘要，但与Lululemon无关,en,
@grok,2026-01-03T16:19:53.000Z,"Video analyzes 9 beaten-down stocks from 2025 using DCF valuations & margins of safety: - Adobe: Intrinsic $575, buy below $460 (31% upside) - Salesforce: Intrinsic $343, buy below $240 (29% upside) - Target: Intrinsic $119, minimal upside - PayPal: Intrinsic $139, buy below $123 (46% MOS) - Novo Nordisk: Intrinsic $55, buy below $47 (8% MOS) - Duolingo: Intrinsic $259, undervalued (55% upside potential) - Chipotle: Intrinsic $37, no upside - Lululemon: Intrinsic $274, buy below $205 (32% upside) - UnitedHealth: Intrinsic $364, buy below $291 (21% upside potential) Focuses on conservative growth, risks like AI. (348 chars)",5,1,0,285,,C-健康安全,https://x.com/grok/status/2007487084961882193,"[""@Huktuaaaaa"", ""@DividendTalks""]","[""https://x.com/Huktuaaaaa/status/2007486834134397027"", ""https://x.com/DividendTalks/status/2007437634889531558""]",,,,False,与Lululemon无关 股票分析，仅提及品牌，无品牌相关实质内容,en,
@abdullahcro_x,2026-01-02T16:00:21.000Z,"200 brands I sometimes steal A/B test ideas from, listed in categories. Apparel: – True Classic – Knix – Savage x Fenty – Summersalt – Shecurve – Comfrt – Thrivin – HeyShape – LSKD – Huckberry Skincare: – Omnilux – Oak Essentials – Solawave – Aramore Skin – Bangn Body – Jones Road – Qure Skincare – GoPure – Nulastin – Remedy Skin Supplements: – Spacegoods – Primal Queen – O Positiv – Arrae – cbdMD – DryWater – Buoy – Vitabars – HUM Nutrition – Seed Homeware: – Kind Laundry – Miracle Brand – Rigwa – Biom – Helios Filter – Get Canopy – Earth Breeze – Larq – Our Place – Blueland Bedding: – SIJO Home – Loomii – Brooklinen – Slumber Cloud – Avocado Green Mattress – Purple – Bearaby – Yana Sleep – Dore and Rose – MiLounge Fitness: – Bala – TRX Training – Crossrope – Hyperice – Tonal – Hydrow – WHOOP – Tempo – Bowflex – Peloton Electronics: – Nomad Goods – Casetify – Native Union – Ember – Backbone – Peak Design – Wyze – Oura – Garmin – Therabody Footwear: – Taos Footwear – Allbirds – Vessi – On Running – Cariuma – Rothy’s – Nisolo – GREATS – Kizik – Hollow Socks Jewelry: – CRAFTD – Mejuri – Missoma – GLD Shop – Vitaly – Aurate – Ana Luisa – Kendra Scott – PD Paola – Local Eclectic Petcare: – PetLab Co. – Native Pet – Jinx – Pupford – Fable Pets – Wild One – PrettyLitter – The Farmer’s Dog – Ruffwear – BarkBox Babycare: – Momcozy – Mamabump – Millie Moon – Get Babloo – MomHaven – Frida Baby – Hello Bello – Coterie – Kyte Baby – Pipette Outdoors: – YETI – Solo Stove – Cotopaxi – Rumpl – BioLite – Snow Peak – Hydro Flask – Klean Kanteen – Patagonia – REI Co-op Wellness: – Calm – Headspace – Eight Sleep – Moon Juice – Beam Organics – Muse – Hatch – NuCalm – Noom – Pranamat Grooming & Selfcare: – Bite Toothpaste – Manscaped – Harry’s – Billie – Flamingo – Native Deodorant – Hismile – quip – Fellas – Dollar Shave Club Gifting: – Noteworthy Scents – Birthdate Co. – Vellabox – Greetabl – Knack – Sugarwish – Homesick – Happy Box – Uncommon Goods – BoxFox Car: – WeatherTech – Chemical Guys – Tesmanian – Abstract Ocean – Throttle – http://CarCovers.com – FitMyCar – Meguiar’s – 303 Products – Shine Armor Health & Beauty: – Goop – TULA Skincare – The Ordinary – Pacifica – Drunk Elephant – Supergoop! – Glossier – Fenty Beauty – Kosas – Ilia Beauty Food & Beverage: – Graza – BRĒZ – Magic Spoon – Oats Overnight – Soylent – House of Macadamias – Athletic Brewing Co. – Chamberlain Coffee – OLIPOP – Truff Home & Garden: – Gardyn – Lomi – Sunday Lawn Care – Bloomscape – The Sill – Patch Plants – Terrain – Click & Grow – AeroGarden – Bloom & Wild Sports & Fitness: – Gymshark – Lululemon – Ten Thousand – Vuori – Alo Yoga – Alphalete Athletics – Runly Athletics – MyProtein – Rogue Fitness – P.volve",3,6,0,438,,C-健康安全,https://x.com/abdullahcro_x/status/2007119785142648992,[],[],,,,False,与Lululemon无关 仅列举品牌列表，未讨论Lululemon相关话题,en,
@BelfastLive,2026-01-03T19:00:01.000Z,Shoppers 'will never buy Lululemon again' after finding 'comfy' Amazon leggings (Contains affiliate links),1,0,0,2132,,A-整体讨论,https://x.com/BelfastLive/status/2007527384841368051,[],[],,,,False,广告 含返利链接的推广内容,en,
@renewedro,2026-01-04T20:23:37.000Z,babe a middle aged white woman in lululemon wrote your show,12,1,0,513,,A-整体讨论,https://x.com/renewedro/status/2007910813793923148,"[""@tenstrife""]",[],,,,True,有效 提及Lululemon，真实评论内容,en,
@CashDollDomme,2026-01-04T00:53:39.000Z,Added so much lululemon to my wishlist for you to spoil me with,5,1,1,7491,,A-整体讨论,https://x.com/CashDollDomme/status/2007616378757689454,[],[],,,,True,有效 提及Lululemon并表达个人购物意向,en,
@NoChaosNoodlez,2026-01-05T14:11:52.000Z,CRZ Yoga > Lululemon For the men; They have a dupe for the ABC pants as well. You're welcome,4,1,0,328,,A-整体讨论,https://x.com/NoChaosNoodlez/status/2008179647163613305,[],[],,,,True,有效 讨论Lululemon替代品，相关,en,
@Convertbond,2026-01-04T01:18:24.000Z,"A pathetic, broken city, 
@lululemon
 closed at 8PM on 5th avenue in Manhattan on Saturday night. Fact.",57,13,3,24189,,A-整体讨论,https://x.com/Convertbond/status/2007622609534628031,[],[],,,,True,有效 提及Lululemon门店关闭，与品牌相关,en,
@MCann93791,2026-01-05T13:22:33.000Z,"Most people do their late night polyester shopping online these days... It's pretty much how retail works nowadays. Order online anytime, brick and mortar only when needed.",0,0,2,42,,A-整体讨论,https://x.com/MCann93791/status/2008167233948962977,"[""@Convertbond"", ""@lululemon""]","[""https://x.com/Convertbond/status/2007622609534628031""]",,,,False,与Lululemon无关 正文未提及Lululemon,en,
@LilSammy63,2026-01-05T01:29:22.000Z,Not being snarky at all. I am Not a lululemon person but isn’t it just stretch pants and coordinating tops? 800 bucks seems like a lot!,31,5,0,1188,,A-整体讨论,https://x.com/LilSammy63/status/2007987756597956925,"[""@Sassafrass_84""]",[],,,,True,有效 讨论Lululemon价格且非营销,en,
@paygoddesscam,2026-01-05T05:06:12.000Z,I want more Lululemon sets….,11,1,1,271,,A-整体讨论,https://x.com/paygoddesscam/status/2008042325889687652,[],[],,,,True,有效 表达对Lululemon产品的兴趣,en,
@baileycassidy21,2026-01-04T22:04:31.000Z,"@lululemon
 super disappointed in the company. Setting two different prices and not resolving the solution. I purchased these pants online, was charged $118 for them. When I received them in the mail, price tag was $68. Untruthful.",0,2,4,169,,A-整体讨论,https://x.com/baileycassidy21/status/2007936206416535810,[],[],,,,True,有效 用户投诉价格不一致，涉及品牌真实反馈,en,
@BuzzingPop,2026-01-03T18:53:15.000Z,Team Canada’s official social team responds to demands for the release of the Canada fleece jacket Hudson Williams wore in ‘Heated Rivalry’: “Update HR fans.. our boss said maybe.”,53883,86,2134,1751903,,A-整体讨论,https://x.com/BuzzingPop/status/2007525683451310115,[],[],,,,False,与Lululemon无关 内容关于加拿大队和夹克，未提及Lululemon,en,
@savoieforhart,2026-01-03T22:12:35.000Z,nah hudson’s bay had the best one,3,1,0,128,,A-整体讨论,https://x.com/savoieforhart/status/2007575847595847947,"[""@ServesSpicy"", ""@thoughtzfromana"", ""@BuzzingPop""]","[""https://x.com/BuzzingPop/status/2007525683451310115""]",,,,False,与Lululemon无关 内容涉及哈德逊湾，与Lululemon无关,en,
@ServesSpicy,2026-01-03T22:57:32.000Z,People lined up for the Hudson Bay mittens — They were top tier. Lululemon is basically a retail version of an “Ugly American Tourist” hiding behind a Canadian or Patch. Even the old Woolworths would make better stuff than the Kardashian’s fake minge promoter,2,0,0,205,,A-整体讨论,https://x.com/ServesSpicy/status/2007587157125611940,"[""@savoieforhart"", ""@thoughtzfromana"", ""@BuzzingPop""]","[""https://x.com/savoieforhart/status/2007575847595847947"", ""https://x.com/BuzzingPop/status/2007525683451310115""]",,,,True,有效 涉及Lululemon品牌批判，含观点讨论,en,
@KristyT,2026-01-04T22:33:00.000Z,Yes. I resent the fact that now every semi serious purchase requires loads of research before purchase.,49827,70,2778,1349017,,A-整体讨论,https://x.com/KristyT/status/2007943374582513696,[],[],@JungianPeater,"What annoys me a lot about “buying clothes” is that every option is slop. It doesn’t matter if you spend 50 or 800 on a ‘winter coat’, it might just be cold af. With omnipresent sloppification you need to become an expert yourself before buying anything. Huge cognitive costs.",https://x.com/JungianPeater/status/2007726429463818388,True,有效 讨论购买需研究，隐含Lululemon相关,en,en
@daveybuiks,2026-01-05T15:47:21.000Z,"Even the goated ""trustworthy"" brands are following suit and decaying with ensloppification. 
@Lexus
 can't make wires that don't erode and send faulty signals within 1 year of new. 
@lululemon
 shirts from 2001 look new, but your 2021 lulu shirt is pilled and the collar is bacon.",6,0,0,148,,A-整体讨论,https://x.com/daveybuiks/status/2008203675605614783,"[""@KristyT""]","[""https://x.com/KristyT/status/2007943374582513696""]",,,,True,有效 讨论Lululemon质量退化，相关真实评论,en,
@Ze1ooooo,2026-01-04T17:18:33.000Z,No days off,50,33,1,6685,,A-整体讨论,https://x.com/Ze1ooooo/status/2007864240418521259,[],[],,,,False,与Lululemon无关 内容与Lululemon无关联,en,
@WinnerInvestor,2026-01-04T21:08:11.000Z,he can only fake it so much. no socks? -- red flag.,2,1,0,44,,A-整体讨论,https://x.com/WinnerInvestor/status/2007922026032628155,"[""@accounting_ds"", ""@Ze1ooooo""]","[""https://x.com/Ze1ooooo/status/2007864240418521259""]",,,,False,与Lululemon无关 内容与Lululemon无关联,en,
@Ze1ooooo,2026-01-04T21:08:50.000Z,Shorts are lululemon though,2,1,0,43,,A-整体讨论,https://x.com/Ze1ooooo/status/2007922190013104181,"[""@WinnerInvestor"", ""@accounting_ds""]","[""https://x.com/WinnerInvestor/status/2007922026032628155""]",,,,True,有效 提及Lululemon短裤，相关讨论,en,
@BeyondMadElla,2026-01-05T01:10:10.000Z,"Did you get the new flocked set at lululemon? These are necessities. You don’t want to know what I spent at Alo and Lululemon for my nieces. My advice, tell him nothing until it’s too late to return anything.",7,3,0,1080,,A-整体讨论,https://x.com/BeyondMadElla/status/2007982925971853592,"[""@Sassafrass_84""]",[],,,,True,有效 真实讨论Lululemon产品购买话题,en,
@WhiteHouse,2026-01-03T16:27:55.000Z,Nicolas Maduro on board the USS Iwo Jima.,400495,20763,77978,138803318,,A-整体讨论,https://x.com/WhiteHouse/status/2007489108059533390,[],[],,,,False,与Lululemon无关 内容涉及委内瑞拉总统与美国军舰，与Lululemon无关,en,
@LenCorsetti,2026-01-03T16:29:34.000Z,,186,27,14,168299,,A-整体讨论,https://x.com/LenCorsetti/status/2007489525703160169,"[""@WhiteHouse""]","[""https://x.com/WhiteHouse/status/2007489108059533390""]",,,,unknown,"{""valid"": false, ""category"": ""与Lululemon无关"", ""reas",,
@GordonStephenM,2026-01-03T16:35:58.000Z,"That's the new Lululemon Maduro Sweat -light cotton, great for prison workouts, or lounging around Brooklyn detention center.",3,1,0,13655,,A-整体讨论,https://x.com/GordonStephenM/status/2007491135917486271,"[""@LenCorsetti"", ""@WhiteHouse""]","[""https://x.com/LenCorsetti/status/2007489525703160169"", ""https://x.com/WhiteHouse/status/2007489108059533390""]",,,,True,有效 与Lululemon相关，原创内容含新观点,en,
@LegoRacers2,2026-01-05T02:59:35.000Z,Hyperforeignism is one of the most fascinating habits of modern English. Wonder what versions of this exist in other languages,7000,82,436,493846,,A-整体讨论,https://x.com/LegoRacers2/status/2008010460449345843,[],[],@neco_arctic,"It’s the NPR rule. You must pronounce Spanish and Arabic names with the appropriate accent, but never Chinese, Italian, etc. names.",https://x.com/neco_arctic/status/2007980903927341115,False,与Lululemon无关 内容关于语言现象，与Lululemon无关,en,en
@midnight_troupe,2026-01-05T06:49:28.000Z,"Japanese speakers have a hard time distinguishing ""l"" and ""r"" and when they try to do an authentic English accent they overcorrect the actual ""l"" sounds into ""r""s.",33,1,1,3869,,A-整体讨论,https://x.com/midnight_troupe/status/2008068313759555848,"[""@LegoRacers2""]","[""https://x.com/LegoRacers2/status/2008010460449345843""]",,,,False,与Lululemon无关 讨论日语英语发音，无关联,en,
@flconstruct,2026-01-05T07:14:22.000Z,This is where Lululemon got its name. The guy who started it wanted to make a company that would be hard for Japanese people to say without sounding stupid. (not even kidding),9,2,0,806,,A-整体讨论,https://x.com/flconstruct/status/2008074580251050487,"[""@midnight_troupe"", ""@LegoRacers2""]","[""https://x.com/midnight_troupe/status/2008068313759555848"", ""https://x.com/LegoRacers2/status/2008010460449345843""]",,,,True,有效 讨论Lululemon品牌命名轶事,en,
@RevWSJohnson,2026-01-04T21:27:14.000Z,Technically there’s a 50/50 chance I play Augusta tomorrow,157,13,3,30885,,A-整体讨论,https://x.com/RevWSJohnson/status/2007926822722474259,[],[],,,,False,与Lululemon无关 内容与Lululemon毫无关联,en,
@trekeitheon,2026-01-04T21:32:26.000Z,Scripting ASAP,2,1,0,1648,,A-整体讨论,https://x.com/trekeitheon/status/2007928131068514610,"[""@RevWSJohnson""]","[""https://x.com/RevWSJohnson/status/2007926822722474259""]",,,,False,与Lululemon无关 内容无实质且不相关,en,
@Sbyrne_91,2026-01-04T21:37:47.000Z,"I’m thinking block letter “RIV” hat, bad birdie polo, and lululemon joggers",4,1,0,215,,A-整体讨论,https://x.com/Sbyrne_91/status/2007929475347226663,"[""@trekeitheon""]","[""https://x.com/trekeitheon/status/2007928131068514610""]",,,,True,有效 提及lululemon品牌穿搭,en,
@Gramercy_Goblin,2026-01-03T21:56:12.000Z,Surprised lululemon hasn’t made ABC pants for women yet because in this day and age you never know…,2,0,0,570,,A-整体讨论,https://x.com/Gramercy_Goblin/status/2007571724561178741,[],[],,,,True,有效 与Lululemon产品讨论相关,en,
@jadebuckleydiaz,2026-01-03T20:26:07.000Z,Can they afford lululemon when there’s a new variant to buy every week?,3,1,0,1291,,A-整体讨论,https://x.com/jadebuckleydiaz/status/2007549055262707747,"[""@tenstrife""]",[],,,,True,有效 讨论Lululemon新品频率与消费者购买力,en,
@mootsheep,2026-01-05T00:59:42.000Z,kinda psycho that there's a clothing brand called 'banana republic',56704,130,1396,2290613,,A-整体讨论,https://x.com/mootsheep/status/2007980290308968784,[],[],,,,False,与Lululemon无关 内容仅提及Banana Republic,en,
@ArizonaFleshPit,2026-01-05T15:28:00.000Z,Lululemon is only called that because the founder thought it was funny that Japanese people can't pronounce it.,4,0,0,481,,A-整体讨论,https://x.com/ArizonaFleshPit/status/2008198803762106585,"[""@mootsheep""]","[""https://x.com/mootsheep/status/2007980290308968784""]",,,,False,与Lululemon无关 仅讨论品牌名来源，无关争议,en,
@Sassafrass_84,2026-01-05T01:49:23.000Z,All kinds of stuff. Two girls lol,11,4,0,1093,,A-整体讨论,https://x.com/Sassafrass_84/status/2007992794514858148,"[""@LilSammy63""]","[""https://x.com/LilSammy63/status/2007987756597956925""]",,,,False,与Lululemon无关 内容未提及Lululemon,en,
@LilSammy63,2026-01-05T02:04:45.000Z,lol. Yep. Girls. Thank goodness mine are grown. Saw the documentary on Lululemon and it was not favorable. I just figure it was cheap leggings. I may have to check them out.,2,2,0,199,,A-整体讨论,https://x.com/LilSammy63/status/2007996659859685722,"[""@Sassafrass_84""]","[""https://x.com/Sassafrass_84/status/2007992794514858148""]",,,,True,有效 真实英文评论涉及Lululemon纪录片和产品,en,
@bigAb1075,2026-01-04T05:45:59.000Z,"@grok
 put her in full lululemon and Ali collab pants",11,1,0,6570,,A-整体讨论,https://x.com/bigAb1075/status/2007689947093053699,"[""@BabyMichaelax""]",[],,,,True,有效 提及Lululemon相关内容,en,
@RealMattMoney,2026-01-04T01:18:01.000Z,"The Compound goes through their Top Turnaround stocks for 2026: - Lululemon ( 
$LULU
) - Nike ( 
$NKE
) - Netflix ( 
$NFLX
) - Uber ( 
$UBER
) - Adobe ( 
$ADBE
) - Salesforce ( 
$CRM
) 
@TheCompoundNews",47,13,1,7046,,A-整体讨论,https://x.com/RealMattMoney/status/2007622513917079569,[],[],,,,True,有效 提及Lululemon股票与品牌相关,en,
@guffychan,2026-01-05T00:05:19.000Z,I just listed a bunch of lululemon on fb marketplace if you are local and interested let me know,7,1,3,1034,,A-整体讨论,https://x.com/guffychan/status/2007966606467776672,[],[],,,,True,有效 真实英文内容，涉及Lululemon个人转售,en,
@youpay,2026-01-04T15:55:00.000Z,"Customize your wishlist to reflect your interests and hobbies! The word “Pilates” may not resonate with a fan who never has and never will step foot in a boutique workout studio, a photo of you in a Lululemon matching set at SolidCore might get them to cover your class!",38,2,1,2502,,A-整体讨论,https://x.com/youpay/status/2007843211885137979,[],[],,,,True,有效 提及Lululemon品牌及其健身场景,en,
@kimchicel,2026-01-04T01:54:58.000Z,2020-2023 fashion was straight dog ass I’ll be honest,42,4,2,1738,,A-整体讨论,https://x.com/kimchicel/status/2007631813364388053,[],[],,,,False,与Lululemon无关 内容仅评论时尚，未提及Lululemon,en,
@kimchicel,2026-01-04T02:18:10.000Z,Lululemons grasp will be gone soon!,2,1,0,606,,A-整体讨论,https://x.com/kimchicel/status/2007637650581426474,"[""@monatooturnt""]",[],,,,True,有效 讨论Lululemon品牌前景相关,en,
@aubtonomy,2026-01-04T02:46:15.000Z,"I don’t think lululemon is escaping the 2016 revival though, that shit was prolific as fuck, lululemon is gonna be forever",11,1,1,13389,,A-整体讨论,https://x.com/aubtonomy/status/2007644715458670778,"[""@kimchicel"", ""@monatooturnt""]","[""https://x.com/kimchicel/status/2007637650581426474""]",,,,True,有效 讨论Lululemon持久影响力,en,
@John99417914,2026-01-04T02:40:48.000Z,"Are you long 
$LULU
 Larry?",2,0,0,672,,A-整体讨论,https://x.com/John99417914/status/2007643347784237209,"[""@Convertbond"", ""@lululemon""]","[""https://x.com/Convertbond/status/2007622609534628031""]",,,,False,与Lululemon无关 内容为股票投资询问，非品牌相关,en,
@PhilHam67,2026-01-04T01:52:03.000Z,Couldnt buy tights Larry ? Get a grip,4,2,0,1066,,A-整体讨论,https://x.com/PhilHam67/status/2007631077733740932,"[""@Convertbond"", ""@lululemon""]","[""https://x.com/Convertbond/status/2007622609534628031""]",,,,True,有效 提及Lululemon产品并含批判观点,en,
@rexiroses,2026-01-03T18:58:58.000Z,yea ppl have done some shockingly creative things to my pics with grok...,91,8,0,6298,,A-整体讨论,https://x.com/rexiroses/status/2007527121888129404,[],[],@muniiverse_,i wanna post bodychecks in the future but the grok thing is scary,https://x.com/muniiverse_/status/2007403661853642890,False,与Lululemon无关 内容与Lululemon完全无关,en,en
@deadgir111,2026-01-03T20:35:03.000Z,the israel lululemon set like genuinely why,4,1,0,202,,A-整体讨论,https://x.com/deadgir111/status/2007551302516256974,"[""@rexiroses"", ""@rexicunicorn""]","[""https://x.com/rexiroses/status/2007527121888129404""]",,,,True,有效 提及Lululemon，含质疑性讨论,en,
@WApes546,2026-01-03T22:31:47.000Z,Best project on Solana right now Chadette. Next Lululemon,2,0,0,13,,A-整体讨论,https://x.com/WApes546/status/2007580678037352630,"[""@Chadettecoin""]",[],,,,False,与Lululemon无关 仅用Lululemon作比喻，实为推广加密货币,en,
@Elantharis,2026-01-05T13:27:21.000Z,the lululemon abc pants are QUITE comfy and fit so well,2,0,0,71,,A-整体讨论,https://x.com/Elantharis/status/2008168443757973798,[],[],,,,True,有效 真实评价Lululemon裤子舒适,en,
@LEWSTIFOSI,2026-01-04T07:26:23.000Z,thank you lululemon,30,3,0,1388,,A-整体讨论,https://x.com/LEWSTIFOSI/status/2007715216931647595,[],[],,,,True,有效 与品牌相关的英文感谢帖,en,
@Sassafrass_84,2026-01-05T00:48:17.000Z,"Question. This may trigger men. So maybe men shouldn't answer it. Ladies, should I tell my husband now that our girls spent $800 dollars at Lululemon yesterday in Vail? Or wait until the credit card bill gets in? Give me your best advice. Go.",498,1179,42,46599,,A-整体讨论,https://x.com/Sassafrass_84/status/2007977416833245473,[],[],,,,True,有效 与Lululemon消费话题相关英文原创,en,
@Sassafrass_84,2026-01-05T03:26:06.000Z,"Ok, I have a confession to make. It's just a reaction post. For funsies. I'm glad nobody got bent over it. Great advice. Yes, my kids did spend that amount at Lululemon. I was shook. Thats a lot for two kids and expensive tastes. (I personally like Ross and Walmart.) I saved money for this vacation. So this doesn't affect the hubs or me. Even the hubs got to buy stuff to bring home. And gifts. I personally wouldnt spend this kind of money, but I did save for this for a few months. I love everybody's perspectives. Even the hilarious ones. Give him a body rub and etc etc. Then tell him. We are good guys. I love all the information. ;)",70,21,0,3997,,A-整体讨论,https://x.com/Sassafrass_84/status/2008017131858702639,"[""@Sassafrass_84""]","[""https://x.com/Sassafrass_84/status/2007977416833245473""]",,,,True,有效 真实英文内容，讨论在Lululemon消费行为，涉及品牌相关,en,
@PDpatriot4life,2026-01-05T03:27:36.000Z,I’ve got a question. Do you really think LuLulemon is really worth all the money they charge?,4,1,0,88,,A-整体讨论,https://x.com/PDpatriot4life/status/2008017511628075358,"[""@Sassafrass_84""]","[""https://x.com/Sassafrass_84/status/2008017131858702639""]",,,,True,有效 讨论Lululemon价格价值，相关且有观点,en,
@badbittyangel,2026-01-04T18:58:33.000Z,Almost tripped and fell in the middle of Lululemon,12,0,0,305,,A-整体讨论,https://x.com/badbittyangel/status/2007889405680451690,[],[],,,,True,有效 用户真实体验相关,en,
@TrakenEntropy,2026-01-04T11:53:51.000Z,Came in and lewis hamilton wasnt there. Heartbroken.,1175,7,41,9405,,A-整体讨论,https://x.com/TrakenEntropy/status/2007782527122190459,[],[],,,,False,与Lululemon无关 内容与Lululemon毫无关联,en,
@44lola__,2026-01-04T17:42:27.000Z,fancy a camping trip outside lululemon till we see the goat?,6,1,0,150,,A-整体讨论,https://x.com/44lola__/status/2007870254794650002,"[""@TrakenEntropy""]","[""https://x.com/TrakenEntropy/status/2007782527122190459""]",,,,True,有效 提及Lululemon门店场景，英语原创内容,en,
@texasag83,2026-01-05T02:56:39.000Z,Tell him what each girl spent ie “the girls each spent 400 dollars at lululemon. Can you believe how expensive everything has gotten? Wow!”,8,1,0,215,,A-整体讨论,https://x.com/texasag83/status/2008009722218373421,"[""@Sassafrass_84""]","[""https://x.com/Sassafrass_84/status/2008017131858702639""]",,,,True,有效 提及Lululemon消费和价格上涨的讨论,en,
@strawhatnessa,2026-01-04T16:23:16.000Z,You will never see me wearing lululemon,3,0,0,432,,A-整体讨论,https://x.com/strawhatnessa/status/2007850328293806356,[],[],,,,True,有效 表达与Lululemon相关的主观观点,en,
@thefinstailgate,2026-01-04T17:22:28.000Z,If the Dolphins Fire Mike McDaniel he’ll be the #1 coaching candidate hire a top everyone’s list. Bet that,173,263,21,26611,#1,A-整体讨论,https://x.com/thefinstailgate/status/2007865222602916332,[],[],,,,False,与Lululemon无关 内容关于迈克·麦克丹尼尔，与Lululemon无关,en,
@Vonoletsgo,2026-01-05T02:57:19.000Z,"Cause his his lululemon joggers so cool? Please, take him. Even if he’s a good coach eventually… dolphin fans can’t bear to listen to another one of his gibberish filled pressers",2,0,0,59,,A-整体讨论,https://x.com/Vonoletsgo/status/2008009888698597727,"[""@thefinstailgate""]","[""https://x.com/thefinstailgate/status/2007865222602916332""]",,,,True,有效 提及Lululemon并表达个人观点,en,
@28ozPorterhouse,2026-01-03T21:22:43.000Z,"Got paired up with a random 4th - this guy brought a yardage book and his own canned Gatorade, he’s +17 thru 13.",14466,494,127,2051874,,A-整体讨论,https://x.com/28ozPorterhouse/status/2007563295788564902,[],[],,,,False,与Lululemon无关 内容关于高尔夫，与Lululemon无关,en,
@SilasApparition,2026-01-03T22:50:58.000Z,This guy >>> lululemon/gfores guy with a gps watch. This is how you should dress to play golf,1,0,0,234,,A-整体讨论,https://x.com/SilasApparition/status/2007585506289422587,"[""@28ozPorterhouse""]","[""https://x.com/28ozPorterhouse/status/2007563295788564902""]",,,,True,有效 与Lululemon品牌相关英文穿搭讨论,en,
@starsuei,2026-01-05T12:44:40.000Z,looking back at my art when i first started drawing tøp again is kinda funny u can tell that i didn’t really grasp how they look like yet,14,2,0,382,,A-整体讨论,https://x.com/starsuei/status/2008157703357837554,[],[],,,,False,与Lululemon无关 内容关于个人绘画与乐队，无关Lululemon,en,
@starsuei,2026-01-05T12:44:44.000Z,why does the lululemon jacket have the red tape… where is the contract clancy’s microbangs… whatever the hell i did with the mask and stole… why does city walls clancy have hair…,16,2,1,343,,A-整体讨论,https://x.com/starsuei/status/2008157716498493541,"[""@starsuei""]","[""https://x.com/starsuei/status/2008157703357837554""]",,,,True,有效 提及lululemon夹克设计细节,en,
@indegobluee,2026-01-03T15:52:52.000Z,"drop the pics 
@lululemon
@LewisHamilton",434,5,18,6597,,A-整体讨论,https://x.com/indegobluee/status/2007480289010892846,[],[],,,,False,与Lululemon无关 内容仅要求发布图片，无实质关联,en,
@utdzly,2026-01-03T22:54:39.000Z,bro how is he doing that,2,0,0,93,,A-整体讨论,https://x.com/utdzly/status/2007586431636779439,"[""@indegobluee"", ""@lululemon"", ""@LewisHamilton""]","[""https://x.com/indegobluee/status/2007480289010892846""]",,,,False,与Lululemon无关 内容与Lululemon毫无关联,en,
@dheartcraft,2026-01-03T21:37:19.000Z,oh yeah i forgot to post this on main but i applied for college :3,16,4,0,236,,A-整体讨论,https://x.com/dheartcraft/status/2007566971836289327,[],[],,,,False,与Lululemon无关 内容关于申请大学，与Lululemon无关,en,
@dheartcraft,2026-01-03T22:10:57.000Z,"!!! i will!!! whats great abt fashion is that its technically a trade so you can very easily get jobs through your school. but! what i find very interesting is that at schools in america, most of those jobs will be designing for larger companies (some examples i saw from college-",2,1,0,37,,A-整体讨论,https://x.com/dheartcraft/status/2007575435039883296,"[""@NULified_""]",[],,,,False,与Lululemon无关 讨论时尚教育与美国工作，与Lululemon无关,en,
@dheartcraft,2026-01-03T22:11:27.000Z,"-websites are like lululemon, american eagle, gap, like mall stores), whereas part of the reason im studying in europe is you get more opportunities with higher class designers, and have a higher chance to work in high fashion/couture which is better than working in fast fashion",2,1,0,43,,A-整体讨论,https://x.com/dheartcraft/status/2007575562198700212,"[""@dheartcraft"", ""@NULified_""]","[""https://x.com/dheartcraft/status/2007575435039883296""]",,,,True,有效 提及Lululemon并讨论时尚行业,en,
@dianesbaker1,2026-01-03T21:59:03.000Z,"Elliott Management, activist minority shareholder, is buying shares of Lululemon. CEO of 8 yrs is leaving.",2,0,2,142,,A-整体讨论,https://x.com/dianesbaker1/status/2007572439782564105,"[""@Tentoads4truth"", ""@TrueFactsStated""]",[],,,,True,有效 讨论Lululemon股东变动及CEO离职,en,
@coreontwitr,2026-01-04T07:00:26.000Z,why does lululemon have a 30 person line,2,2,0,88,,A-整体讨论,https://x.com/coreontwitr/status/2007708684575748319,[],[],,,,True,有效 讨论Lululemon排队现象，相关,en,
@EliasOP4,2026-01-03T18:34:27.000Z,Hitting 41 btw.,5,1,0,236,,A-整体讨论,https://x.com/EliasOP4/status/2007520951458472260,"[""@indegobluee"", ""@lululemon"", ""@LewisHamilton""]","[""https://x.com/indegobluee/status/2007480289010892846""]",,,,False,与Lululemon无关 内容不涉及Lululemon,en,
@byebluememory,2026-01-03T18:45:08.000Z,Kpop doesn’t deserve uncle demjointz,6,2,0,233,,A-整体讨论,https://x.com/byebluememory/status/2007523640196387006,[],[],,,,False,与Lululemon无关 内容关于Kpop与音乐制作人，与Lululemon无关,en,
@olisamekas,2026-01-03T20:49:58.000Z,at fucking all because where did all of this hidden animosity come from,3,2,0,142,,A-整体讨论,https://x.com/olisamekas/status/2007555054409273468,"[""@byebluememory""]","[""https://x.com/byebluememory/status/2007523640196387006""]",,,,False,与Lululemon无关 内容不涉及Lululemon,en,
@olisamekas,2026-01-03T20:59:09.000Z,"Just realized I used the word ""hidden animosity""... I might as well put on a sculpting lululemon jacket and start going off about monitoring spirits",3,1,0,61,,A-整体讨论,https://x.com/olisamekas/status/2007557365416214568,"[""@olisamekas"", ""@byebluememory""]","[""https://x.com/olisamekas/status/2007555054409273468"", ""https://x.com/byebluememory/status/2007523640196387006""]",,,,True,有效 用户提及lululemon品牌，内容相关,en,
@Sanjay_Trime,2026-01-05T03:06:55.000Z,"@lululemon
 I bought these 2 yoga mats a few years ago and they are extremely slippery. I can barely hold a position as my feet keep slipping on them. I live in India, and you do not have an outlet here. Extremely disappointed with the quality and functionality of these mats.",0,2,2,162,,A-整体讨论,https://x.com/Sanjay_Trime/status/2008012305834054123,[],[],,,,True,有效 真实顾客反馈Lululemon瑜伽垫质量问题,en,
@oliversnark,2026-01-04T03:04:49.000Z,Just saw someone tweet about Buck/Oliver having no ass,3,2,0,128,,A-整体讨论,https://x.com/oliversnark/status/2007649389226209585,[],[],,,,False,与Lululemon无关 内容与Lululemon毫无关联,en,
@oliversnark,2026-01-04T03:04:50.000Z,I blame wardrobe/his typical baggy fits while standing next to Ryan’s whole ass bakery in Lululemon,3,0,0,129,,A-整体讨论,https://x.com/oliversnark/status/2007649394833928592,"[""@oliversnark""]","[""https://x.com/oliversnark/status/2007649389226209585""]",,,,True,有效 提及Lululemon并讨论穿着,en,
@taeminluvr7,2026-01-03T20:35:13.000Z,going to the mall just to fart in lululemon and ruin everyones day,5,0,0,247,,A-整体讨论,https://x.com/taeminluvr7/status/2007551344954294622,[],[],,,,True,有效 原创提及Lululemon，含幽默语境,en,
@graceongrid,2026-01-03T22:41:47.000Z,Kyte Baby is the Lululemon of infant clothing.,7,1,0,1586,,A-整体讨论,https://x.com/graceongrid/status/2007583194871431332,[],[],,,,False,与Lululemon无关 比喻性比较，非实质相关,en,
@WisconsinGirl,2026-01-05T03:12:38.000Z,He needs to know that $800 for 2-3 people shopping at Lululemon in Vail is basically a steal.,3,1,0,174,,A-整体讨论,https://x.com/WisconsinGirl/status/2008013743175921794,"[""@Sassafrass_84""]","[""https://x.com/Sassafrass_84/status/2008017131858702639""]",,,,True,有效 讨论Lululemon购物价格，相关真实内容,en,
@ServesSpicy,2026-01-03T21:30:40.000Z,Lululemon should lose that insufferable contract. They go out of their way to make absolutely gobsmackingly UGLYAF designs. When Roots had the contract ppl actually wanted to buy the gear & weren’t embarrassed for our poor athletes having to represent draped in intestines,10,1,0,963,,A-整体讨论,https://x.com/ServesSpicy/status/2007565298136932825,"[""@thoughtzfromana"", ""@BuzzingPop""]","[""https://x.com/BuzzingPop/status/2007525683451310115""]",,,,True,有效 涉及Lululemon品牌及负面评价,en,
@Dashagamin,2026-01-04T17:08:27.000Z,"@grok
 put her in a lululemon define jacket",0,1,0,110356,,A-整体讨论,https://x.com/Dashagamin/status/2007861695994323439,"[""@felicitysxo"", ""@grok""]",[],,,,True,有效 提及Lululemon品牌与具体产品,en,
@JimCMorr,2026-01-05T00:58:27.000Z,Does he know you went to Lululemon? If he does then he probably already has some idea you (and daughters) spent a bunch of $$ there. He might be surprised by the actual amount but he will find out soon enough. Certainly tell him if he asks. Maybe tell him before he asks.,1,0,0,22,,A-整体讨论,https://x.com/JimCMorr/status/2007979977565000004,"[""@Sassafrass_84""]","[""https://x.com/Sassafrass_84/status/2008017131858702639""]",,,,True,有效 讨论Lululemon消费相关话题,en,
@Citizen0112358,2026-01-04T01:45:33.000Z,What about this is supposed to enrage me? Sympathy for late night retail yogis? Get a grip boomer.,4,0,0,912,,A-整体讨论,https://x.com/Citizen0112358/status/2007629439568588822,"[""@Convertbond"", ""@lululemon""]","[""https://x.com/Convertbond/status/2007622609534628031""]",,,,True,有效 讨论Lululemon相关零售瑜伽话题，带观点,en,
@oasishealthapp,2026-01-04T22:14:24.000Z,Worst clothes in 2025: Alo Yoga Top & Leggings: 1/100 - Petroleum derived materials in most sensitive areas Nike Pros: 1/100 - Synthetics directly on genitals - Men lowered sperm - Damage women’s reproductivity Lululemon Mens & Womens Shorts: 1/100 - All polyester & elastomultiester Vuori Sports Bra: 1/100 - Latest research shows microplastics are even in breast milk Zara Black Sweater: 3/100 - 92% synthetic fibers Balenciaga T-Shirt: 38/100 - Cotton treated with chemical waxes Vuori Men Performance Jogger: 16/100 - Wrapping your legs in 89% recycled crude oils Tommy Hilfiger Sweatshirt: 38/100 - Almost half plastic Ditching synthetic fibers in 2026 is a must. View all healthy clothing alternatives on Oasis app,583,14,64,99225,,B-化学品争议,https://x.com/oasishealthapp/status/2007938691013214412,[],[],,,,True,有效 涉及Lululemon材质与健康争议,en,
@Sassafrass_84,2026-01-05T05:41:45.000Z,Whats toxic in lululemon?,0,1,0,40,,B-化学品争议,https://x.com/Sassafrass_84/status/2008051271346032758,"[""@DWeck47""]",[],,,,True,有效 直接询问Lululemon有毒物质争议,en,
@WOLF_Financial,2026-01-04T18:45:48.000Z,"Here is how every stock in the S&P 500 performed in 2025 - Here are the best performing S&P 500 stocks from 2025 Sandisk 
$SNDK
 +559% Western Digital 
$WDC
 +282% Micron 
$MU
 +239% Seagate 
$STX
 +219% Robinhood 
$HOOD
 +204% Warner Bros Discovery 
$WBD
 +173% Newmont 
$NEM
 +168% Lam Research 
$LRCX
 +137% Palantir 
$PLTR
 +135% Comfort Systems 
$FIX
 +120% Applovin 
$APP
 +108% Carvana 
$CVNA
 +108% GE Vernova 
$GEV
 +99% - Here are the official worst performing S&P 500 stocks from 2025 Trade Desk 
$TTD
 -67.7% Fiserv 
$FISV
 -67.3% Alexandria Realty 
$ARE
 -49.8% Deckers 
$DECK
 -49% Gartner 
$IT
 -47.9% Lululemon 
$LULU
 -45.7%
$DOW
 -41.7% LyondellBasell 
$LYB
 -41.7% Molina Health 
$MOH
 -40.4% Factset 
$FDS
 -39.6% Charter 
$CHTR
 -39.1% Chipotle 
$CMG
 -38.6% Clorox 
$CLX
 -37.9% Conagra 
$CAG
 -37.6% Constellation Brands 
$STZ
 -37.6%",38,2,4,9129,,C-健康安全,https://x.com/WOLF_Financial/status/2007886196882493526,[],[],,,,False,与Lululemon无关 仅股票列表提及，无实质关联,en,
@DividendTalks,2026-01-03T13:03:23.000Z,"Everyone gave up on these stocks: • Salesforce 
$CRM
 −23% • Adobe 
$ADBE
 −25% • Target 
$TGT
 −27% • PayPal 
$PYPL
 −33% • UnitedHealth 
$UNH
 −33% • Chipotle 
$CMG
 −37% • Novo Nordisk 
$NVO
 −40% • Lululemon 
$LULU
 −43% • Duolingo 
$DUOL
 −46% I ran the valuations. Some are still expensive. A few are genuinely mispriced. Breakdown",1095,46,65,454044,,C-健康安全,https://x.com/DividendTalks/status/2007437634889531558,[],[],,,,False,与Lululemon无关 仅提及股票价格，不涉及品牌内容,en,
@Huktuaaaaa,2026-01-03T16:18:53.000Z,"@grok
 sum up this vid",3,1,0,655,,C-健康安全,https://x.com/Huktuaaaaa/status/2007486834134397027,"[""@DividendTalks""]","[""https://x.com/DividendTalks/status/2007437634889531558""]",,,,False,与Lululemon无关 内容与Lululemon无关，仅为视频总结请求,en,
@grok,2026-01-03T16:19:53.000Z,"Video analyzes 9 beaten-down stocks from 2025 using DCF valuations & margins of safety: - Adobe: Intrinsic $575, buy below $460 (31% upside) - Salesforce: Intrinsic $343, buy below $240 (29% upside) - Target: Intrinsic $119, minimal upside - PayPal: Intrinsic $139, buy below $123 (46% MOS) - Novo Nordisk: Intrinsic $55, buy below $47 (8% MOS) - Duolingo: Intrinsic $259, undervalued (55% upside potential) - Chipotle: Intrinsic $37, no upside - Lululemon: Intrinsic $274, buy below $205 (32% upside) - UnitedHealth: Intrinsic $364, buy below $291 (21% upside potential) Focuses on conservative growth, risks like AI. (348 chars)",5,1,0,286,,C-健康安全,https://x.com/grok/status/2007487084961882193,"[""@Huktuaaaaa"", ""@DividendTalks""]","[""https://x.com/Huktuaaaaa/status/2007486834134397027"", ""https://x.com/DividendTalks/status/2007437634889531558""]",,,,False,与Lululemon无关 仅股票估值分析，非品牌相关,en,
@Ze1ooooo,2026-01-06T01:31:54.000Z,No days off. I have socks today Waiting for my DoorDash order Lululemon pants,34,10,1,3765,,A-整体讨论,https://x.com/Ze1ooooo/status/2008350782022656136,[],[],,,,True,有效 提及Lululemon裤子，真实个人内容,en,
@colinushkowitz,2026-01-05T17:47:15.000Z,"Every year I get wholesale pricing on Lululemon & Patagonia and turn it into custom merch for friends, family, partners and vendors. High-quality gifts people actually wear. Brand stays top of mind. Easiest marketing there is.",1083,41,10,309518,,A-整体讨论,https://x.com/colinushkowitz/status/2008233849789313096,[],[],,,,False,广告 推广批发定制营销内容,en,
@honeysmoneyhive,2026-01-05T17:26:27.000Z,"I want some new lululemon jackets today, and I want a new boy toy to fund them.",7,0,0,609,,A-整体讨论,https://x.com/honeysmoneyhive/status/2008228615230812526,[],[],,,,True,有效 真实英文内容，讨论Lululemon购买意愿,en,
@jasonhibono,2026-01-06T06:16:05.000Z,"@lululemon
 my package has been stuck in shipping status since Dec 28",0,2,4,129,,A-整体讨论,https://x.com/jasonhibono/status/2008422297896710241,[],[],,,,True,有效 用户投诉Lululemon物流问题，相关讨论,en,
@VicVijayakumar,2026-01-06T04:47:00.000Z,I was not prepared for this,12357,65,73,1066023,,A-整体讨论,https://x.com/VicVijayakumar/status/2008399879823827252,[],[],,,,False,与Lululemon无关 内容无Lululemon相关上下文,en,
@mSanterre,2026-01-06T06:17:55.000Z,I spent $5k at Lululemon this year somehow. I haven't even gone,43,1,0,18767,,A-整体讨论,https://x.com/mSanterre/status/2008422761014980851,"[""@VicVijayakumar""]","[""https://x.com/VicVijayakumar/status/2008399879823827252""]",,,,True,有效 原创英文帖，涉及Lululemon消费经历,en,
@tomekkorbak,2026-01-05T05:55:23.000Z,today i asked a friend where in sf is a good shopping mall for buying pants and she suggested i can take a caltrain to south bay. how is this considered normal? like in london to buy pants i would’ve biked for 10 mins?,261,51,4,37646,,A-整体讨论,https://x.com/tomekkorbak/status/2008054703708577832,[],[],,,,False,与Lululemon无关 内容关于购物地点，未提及Lululemon,en,
@ten_lukasz,2026-01-05T17:35:43.000Z,"Yeah not many malls in SF but clusters of individual shops resembling a mall I buy my pants at Levi’s on Market Street and in general what is considered a mall in Europe should be next to it (San Francisco Center but it’s Tenderloin so the center is mostly empty). A lot of designer places around Union Square, as well as Urban Outfitters and if you want to venture further Filmore street has lululemon, rag and bone etc… some casual shops like GAP you can even find next to the ferry building the biggest mall for serious shopping is probably Livermore, with really deep discounts but far away. Uniqlo is a bit south but also good and located in Stonestown.",2,1,0,928,,A-整体讨论,https://x.com/ten_lukasz/status/2008230948375326869,"[""@tomekkorbak""]","[""https://x.com/tomekkorbak/status/2008054703708577832""]",,,,False,与Lululemon无关 内容主要为旧金山购物地点，Lululemon仅为附带提及,en,
@renewedro,2026-01-04T20:23:37.000Z,babe a middle aged white woman in lululemon wrote your show,12,1,0,514,,A-整体讨论,https://x.com/renewedro/status/2007910813793923148,"[""@tenstrife""]",[],,,,True,有效 提及Lululemon，非垃圾内容,en,
@Ze1ooooo,2026-01-04T17:18:33.000Z,No days off,50,33,1,6686,,A-整体讨论,https://x.com/Ze1ooooo/status/2007864240418521259,[],[],,,,False,与Lululemon无关 内容无Lululemon关联,en,
@WinnerInvestor,2026-01-04T21:08:11.000Z,he can only fake it so much. no socks? -- red flag.,2,1,0,45,,A-整体讨论,https://x.com/WinnerInvestor/status/2007922026032628155,"[""@accounting_ds"", ""@Ze1ooooo""]","[""https://x.com/Ze1ooooo/status/2007864240418521259""]",,,,False,与Lululemon无关 内容未提及Lululemon,en,
@Ze1ooooo,2026-01-04T21:08:50.000Z,Shorts are lululemon though,2,1,0,44,,A-整体讨论,https://x.com/Ze1ooooo/status/2007922190013104181,"[""@WinnerInvestor"", ""@accounting_ds""]","[""https://x.com/WinnerInvestor/status/2007922026032628155""]",,,,True,有效 直接提及Lululemon短裤,en,
@emtd44,2026-01-05T21:50:23.000Z,"@lululemon
 I was at your YEG store yesterday, returning something, buying something and exchanging something. Your staff could not have been nicer! Great customer service. Thank you.",0,1,0,46,,A-整体讨论,https://x.com/emtd44/status/2008295033791750354,[],[],,,,True,有效 真实顾客反馈Lululemon服务,en,
@lululemon,2026-01-05T21:55:25.000Z,We love to hear it—and we'll be sure to pass the lululemon love along to our friends in Edmonton.,0,0,0,54,,A-整体讨论,https://x.com/lululemon/status/2008296304322244947,"[""@emtd44""]","[""https://x.com/emtd44/status/2008295033791750354""]",,,,True,有效 官方回应社区正面反馈,en,
@Convertbond,2026-01-04T01:18:24.000Z,"A pathetic, broken city, 
@lululemon
 closed at 8PM on 5th avenue in Manhattan on Saturday night. Fact.",57,13,3,24190,,A-整体讨论,https://x.com/Convertbond/status/2007622609534628031,[],[],,,,True,有效 提及Lululemon门店关闭实况，非广告或无关,en,
@MCann93791,2026-01-05T13:22:33.000Z,"Most people do their late night polyester shopping online these days... It's pretty much how retail works nowadays. Order online anytime, brick and mortar only when needed.",0,0,2,43,,A-整体讨论,https://x.com/MCann93791/status/2008167233948962977,"[""@Convertbond"", ""@lululemon""]","[""https://x.com/Convertbond/status/2007622609534628031"", ""https://x.com/lululemon/status/2008296304322244947""]",,,,False,与Lululemon无关 未提及Lululemon，泛谈网购,en,
@Ash_Goodwin24,2026-01-06T02:04:53.000Z,"Wahhhhh I just wanted to wear my scuba 
@lululemon",7,1,2,4439,,A-整体讨论,https://x.com/Ash_Goodwin24/status/2008359083816960466,[],[],,,,True,有效 提及Lululemon且表达个人相关情绪,en,
@SandrineK92,2026-01-06T11:38:42.000Z,Is Terence sponsored by Lululemon or it’s a pr gift?,2,0,0,303,,A-整体讨论,https://x.com/SandrineK92/status/2008503487232176517,[],[],,,,True,有效 询问赞助或礼物，涉及品牌关联,en,
@NoChaosNoodlez,2026-01-05T14:11:52.000Z,CRZ Yoga > Lululemon For the men; They have a dupe for the ABC pants as well. You're welcome,4,1,0,329,,A-整体讨论,https://x.com/NoChaosNoodlez/status/2008179647163613305,[],[],,,,True,有效 真实英文内容，讨论Lululemon替代品,en,
@stonksnwhatnot,2026-01-06T15:30:55.000Z,"I don’t know who needs to hear this, but Lululemon is about to get back above the 200 day moving average and has golden cross potential 
$LULU",8,0,0,3339,,A-整体讨论,https://x.com/stonksnwhatnot/status/2008561926998290922,[],[],,,,True,有效 讨论Lululemon股价技术面，与品牌相关,en,
@baileycassidy21,2026-01-04T22:04:31.000Z,"@lululemon
 super disappointed in the company. Setting two different prices and not resolving the solution. I purchased these pants online, was charged $118 for them. When I received them in the mail, price tag was $68. Untruthful.",0,2,4,170,,A-整体讨论,https://x.com/baileycassidy21/status/2007936206416535810,[],[],,,,True,有效 真实投诉Lululemon定价差异问题,en,
@ccrystaldoll,2026-01-06T13:55:07.000Z,i want to say something a little problematic so let me just stay silent cause the lululemon gang gon jump me,2,0,0,160,,A-整体讨论,https://x.com/ccrystaldoll/status/2008537817937571896,[],[],@beyoncegarden,he cleared her so bad like she’s just not smart i’m crying,https://x.com/beyoncegarden/status/2008352246371672413,True,有效 提及Lululemon品牌相关内容,en,en
@forcethehabit,2026-01-06T13:46:53.000Z,"Amex has dropped the ball so badly over the past few years. Have had the UK Centurion for 10 years and the service level has gone from 8/10 to 1/10. Amex is becoming the charge card equivalent of Audemars Piguet unfortunately 
@Amex",20,1,0,5292,,A-整体讨论,https://x.com/forcethehabit/status/2008535744911180280,"[""@darian314"", ""@Amex""]",[],,,,False,与Lululemon无关 内容仅讨论Amex，与Lululemon无关,en,
@leftcurvecletus,2026-01-06T14:03:41.000Z,"I dont care about $50 off at Lululemon, or access to a shitty airport lounge. But I would pay $900/ a year for a card w/ good service.",3,1,0,150,,A-整体讨论,https://x.com/leftcurvecletus/status/2008539975911191036,"[""@forcethehabit"", ""@darian314"", ""@Amex""]","[""https://x.com/forcethehabit/status/2008535744911180280""]",,,,False,与Lululemon无关 主要讨论信用卡服务而非Lululemon品牌,en,
@KristyT,2026-01-04T22:33:00.000Z,Yes. I resent the fact that now every semi serious purchase requires loads of research before purchase.,49827,70,2778,1349018,,A-整体讨论,https://x.com/KristyT/status/2007943374582513696,[],[],@JungianPeater,"What annoys me a lot about “buying clothes” is that every option is slop. It doesn’t matter if you spend 50 or 800 on a ‘winter coat’, it might just be cold af. With omnipresent sloppification you need to become an expert yourself before buying anything. Huge cognitive costs.",https://x.com/JungianPeater/status/2007726429463818388,True,有效 提及对购买需研究的不满，与品牌讨论相关,en,en
@daveybuiks,2026-01-05T15:47:21.000Z,"Even the goated ""trustworthy"" brands are following suit and decaying with ensloppification. 
@Lexus
 can't make wires that don't erode and send faulty signals within 1 year of new. 
@lululemon
 shirts from 2001 look new, but your 2021 lulu shirt is pilled and the collar is bacon.",6,0,0,149,,A-整体讨论,https://x.com/daveybuiks/status/2008203675605614783,"[""@KristyT""]","[""https://x.com/KristyT/status/2007943374582513696""]",,,,True,有效 讨论Lululemon质量下降与品牌相关,en,
@RevWSJohnson,2026-01-04T21:27:14.000Z,Technically there’s a 50/50 chance I play Augusta tomorrow,157,13,3,30886,,A-整体讨论,https://x.com/RevWSJohnson/status/2007926822722474259,[],[],,,,False,与Lululemon无关 内容涉及高尔夫与品牌无关,en,
@trekeitheon,2026-01-04T21:32:26.000Z,Scripting ASAP,2,1,0,1649,,A-整体讨论,https://x.com/trekeitheon/status/2007928131068514610,"[""@RevWSJohnson""]","[""https://x.com/RevWSJohnson/status/2007926822722474259""]",,,,False,与Lululemon无关 内容与Lululemon无关联,en,
@Sbyrne_91,2026-01-04T21:37:47.000Z,"I’m thinking block letter “RIV” hat, bad birdie polo, and lululemon joggers",4,1,0,216,,A-整体讨论,https://x.com/Sbyrne_91/status/2007929475347226663,"[""@trekeitheon""]","[""https://x.com/trekeitheon/status/2007928131068514610""]",,,,False,与Lululemon无关 内容仅为服饰搭配提及，无实质讨论,en,
@BeyondMadElla,2026-01-05T01:10:10.000Z,"Did you get the new flocked set at lululemon? These are necessities. You don’t want to know what I spent at Alo and Lululemon for my nieces. My advice, tell him nothing until it’s too late to return anything.",7,3,0,1081,,A-整体讨论,https://x.com/BeyondMadElla/status/2007982925971853592,"[""@Sassafrass_84""]",[],,,,True,有效 讨论Lululemon新品购买行为,en,
@Azulina_98,2026-01-06T11:15:39.000Z,Give me outfits catra would wear. Elegant or casual. Whatever you think fits her is valid,17,5,5,884,,A-整体讨论,https://x.com/Azulina_98/status/2008497687638011918,[],[],,,,False,与Lululemon无关 内容关于角色服装，与Lululemon无关,en,
@femmecatra,2026-01-06T15:59:26.000Z,this is so random but i always scroll through warm toned lululemon and think of her,7,1,0,631,,A-整体讨论,https://x.com/femmecatra/status/2008569105616711836,"[""@Azulina_98""]","[""https://x.com/Azulina_98/status/2008497687638011918""]",,,,True,有效 提及Lululemon且为个人原创内容,en,
@guffychan,2026-01-05T00:05:19.000Z,I just listed a bunch of lululemon on fb marketplace if you are local and interested let me know,7,1,3,1035,,A-整体讨论,https://x.com/guffychan/status/2007966606467776672,[],[],,,,False,广告 在FB市场出售lululemon商品,en,
@mootsheep,2026-01-05T00:59:42.000Z,kinda psycho that there's a clothing brand called 'banana republic',56704,130,1396,2290614,,A-整体讨论,https://x.com/mootsheep/status/2007980290308968784,[],[],,,,False,与Lululemon无关 内容关于其他品牌，与Lululemon无关,en,
@ArizonaFleshPit,2026-01-05T15:28:00.000Z,Lululemon is only called that because the founder thought it was funny that Japanese people can't pronounce it.,4,0,0,482,,A-整体讨论,https://x.com/ArizonaFleshPit/status/2008198803762106585,"[""@mootsheep""]","[""https://x.com/mootsheep/status/2007980290308968784""]",,,,True,有效 涉及品牌名称趣闻，与Lululemon相关,en,
@paygoddesscam,2026-01-05T05:06:12.000Z,I want more Lululemon sets….,11,1,1,272,,A-整体讨论,https://x.com/paygoddesscam/status/2008042325889687652,[],[],,,,True,有效 表达对Lululemon套装的需求，相关讨论,en,
@badbittyangel,2026-01-04T18:58:33.000Z,Almost tripped and fell in the middle of Lululemon,12,0,0,306,,A-整体讨论,https://x.com/badbittyangel/status/2007889405680451690,[],[],,,,True,有效 真实英文内容，提及Lululemon品牌场景,en,
@6abc,2026-01-06T12:30:09.000Z,Burglars smash through front door of Lululemon store at Suburban Square in Ardmore,1,7,0,6320,,A-整体讨论,https://x.com/6abc/status/2008516437321670673,[],[],,,,True,有效 与Lululemon门店事件相关,en,
@Sassafrass_84,2026-01-05T00:48:17.000Z,"Question. This may trigger men. So maybe men shouldn't answer it. Ladies, should I tell my husband now that our girls spent $800 dollars at Lululemon yesterday in Vail? Or wait until the credit card bill gets in? Give me your best advice. Go.",498,1179,42,46600,,A-整体讨论,https://x.com/Sassafrass_84/status/2007977416833245473,[],[],,,,True,有效 提及Lululemon消费，讨论相关话题,en,
@Sassafrass_84,2026-01-05T03:26:06.000Z,"Ok, I have a confession to make. It's just a reaction post. For funsies. I'm glad nobody got bent over it. Great advice. Yes, my kids did spend that amount at Lululemon. I was shook. Thats a lot for two kids and expensive tastes. (I personally like Ross and Walmart.) I saved money for this vacation. So this doesn't affect the hubs or me. Even the hubs got to buy stuff to bring home. And gifts. I personally wouldnt spend this kind of money, but I did save for this for a few months. I love everybody's perspectives. Even the hilarious ones. Give him a body rub and etc etc. Then tell him. We are good guys. I love all the information. ;)",70,21,0,3998,,A-整体讨论,https://x.com/Sassafrass_84/status/2008017131858702639,"[""@Sassafrass_84""]","[""https://x.com/Sassafrass_84/status/2007977416833245473""]",,,,True,有效 讨论Lululemon消费金额及个人观点，与品牌相关,en,
@PDpatriot4life,2026-01-05T03:27:36.000Z,I’ve got a question. Do you really think LuLulemon is really worth all the money they charge?,4,1,0,89,,A-整体讨论,https://x.com/PDpatriot4life/status/2008017511628075358,"[""@Sassafrass_84""]","[""https://x.com/Sassafrass_84/status/2008017131858702639""]",,,,True,有效 讨论Lululemon价格价值，相关,en,
@lalitpurian,2026-01-06T01:20:18.000Z,"if u show labubu as ur trinkets instead of coach cherry keycharm on ur lululemon satchel and stanley cup with its own little velcro purse to hold other trinkets u carry, u lack whimsy to me",3,1,0,397,,A-整体讨论,https://x.com/lalitpurian/status/2008347862359310341,[],[],@chamoulie,people without any whimsy scare me. why are you like that. where are your trinkets,https://x.com/chamoulie/status/2008261342688669893,True,有效 提及lululemon包袋，涉及产品搭配讨论,en,en
@PilatesFirm,2026-01-05T23:07:37.000Z,"Pilates Tutorial #2: Hip Mobility & Stability using the Merrithew Stability Chair and Merrithew Fitness Circle (to help aid shoulder stability) - 
@STOTT_PILATES
@Athleta
@onepeloton
@lululemon
#Pilates#Fitness#Motivation#Training#Merrithew#Tutorial#Hip#Workout#NewYears",1,0,0,102,#2 #Pilates #Fitness #Motivation #Training #Merrithew #Tutorial #Hip #Workout #NewYears,A-整体讨论,https://x.com/PilatesFirm/status/2008314473015099863,[],[],,,,False,广告 推广普拉提课程并提及品牌,en,
@thefinstailgate,2026-01-04T17:22:28.000Z,If the Dolphins Fire Mike McDaniel he’ll be the #1 coaching candidate hire a top everyone’s list. Bet that,173,263,21,26612,#1,A-整体讨论,https://x.com/thefinstailgate/status/2007865222602916332,[],[],,,,False,与Lululemon无关 内容涉及橄榄球教练与Lululemon无关,en,
@Vonoletsgo,2026-01-05T02:57:19.000Z,"Cause his his lululemon joggers so cool? Please, take him. Even if he’s a good coach eventually… dolphin fans can’t bear to listen to another one of his gibberish filled pressers",2,0,0,60,,A-整体讨论,https://x.com/Vonoletsgo/status/2008009888698597727,"[""@thefinstailgate""]","[""https://x.com/thefinstailgate/status/2007865222602916332""]",,,,True,有效 提及Lululemon并表达个人观点,en,
@MenswearDeals,2026-01-06T05:30:07.000Z,50% OFF the Lululemon License to Train Textured Shorts BUY HERE: https://buff.ly/11tBIQ9,1,1,0,2126,,A-整体讨论,https://x.com/MenswearDeals/status/2008410729502613697,[],[],,,,False,优惠券折扣码 含折扣信息和购买链接,en,
@LilSammy63,2026-01-05T01:29:22.000Z,Not being snarky at all. I am Not a lululemon person but isn’t it just stretch pants and coordinating tops? 800 bucks seems like a lot!,31,5,0,1189,,A-整体讨论,https://x.com/LilSammy63/status/2007987756597956925,"[""@Sassafrass_84""]","[""https://x.com/Sassafrass_84/status/2008017131858702639""]",,,,True,有效 讨论Lululemon价格，非负面但相关,en,
@MenswearDeals,2026-01-06T06:00:07.000Z,"40% OFF the Lululemon Wunder Puff 600 Down-Fill Jacket ""Tech Canvas"" BUY HERE: https://buff.ly/1i0F5Ck",1,1,0,1486,,A-整体讨论,https://x.com/MenswearDeals/status/2008418282672451814,[],[],,,,False,优惠券折扣码 含折扣信息和购买链接,en,
@TrakenEntropy,2026-01-04T11:53:51.000Z,Came in and lewis hamilton wasnt there. Heartbroken.,1175,7,41,9406,,A-整体讨论,https://x.com/TrakenEntropy/status/2007782527122190459,[],[],,,,False,与Lululemon无关 内容与Lululemon无关,en,
@44lola__,2026-01-04T17:42:27.000Z,fancy a camping trip outside lululemon till we see the goat?,6,1,0,151,,A-整体讨论,https://x.com/44lola__/status/2007870254794650002,"[""@TrakenEntropy""]","[""https://x.com/TrakenEntropy/status/2007782527122190459""]",,,,True,有效 提及Lululemon，带创新观点的讨论,en,
@LegoRacers2,2026-01-05T02:59:35.000Z,Hyperforeignism is one of the most fascinating habits of modern English. Wonder what versions of this exist in other languages,7000,82,436,493848,,A-整体讨论,https://x.com/LegoRacers2/status/2008010460449345843,[],[],@neco_arctic,"It’s the NPR rule. You must pronounce Spanish and Arabic names with the appropriate accent, but never Chinese, Italian, etc. names.",https://x.com/neco_arctic/status/2007980903927341115,False,与Lululemon无关 讨论语言学与品牌无关,en,en
@midnight_troupe,2026-01-05T06:49:28.000Z,"Japanese speakers have a hard time distinguishing ""l"" and ""r"" and when they try to do an authentic English accent they overcorrect the actual ""l"" sounds into ""r""s.",33,1,1,3870,,A-整体讨论,https://x.com/midnight_troupe/status/2008068313759555848,"[""@LegoRacers2""]","[""https://x.com/LegoRacers2/status/2008010460449345843""]",,,,False,与Lululemon无关 讨论日语发音，与Lululemon无关,en,
@flconstruct,2026-01-05T07:14:22.000Z,This is where Lululemon got its name. The guy who started it wanted to make a company that would be hard for Japanese people to say without sounding stupid. (not even kidding),9,2,0,807,,A-整体讨论,https://x.com/flconstruct/status/2008074580251050487,"[""@midnight_troupe"", ""@LegoRacers2""]","[""https://x.com/midnight_troupe/status/2008068313759555848"", ""https://x.com/LegoRacers2/status/2008010460449345843""]",,,,True,有效 讨论Lululemon品牌名称起源,en,
@erica_smith,2026-01-05T21:30:15.000Z,"@lululemon
 I’m really about done after the horrible customer service, denial of a claim of an item I never received, and the third shipment in a row that’s been messed up. I have been waiting on refunds for days. This is the worst I’ve experienced from Lulu.",0,5,3,186,,A-整体讨论,https://x.com/erica_smith/status/2008289968372813858,[],[],,,,True,有效 提及Lululemon客户服务问题，真实负面体验,en,
@xkaidai,2026-01-06T15:51:10.000Z,"i just had this happen to me, somebody stole my fuckin lululemon but i blame fedex bc why tf would you just leave a package like that out in the open? probably was the one that stole it…",1,2,1,143,,A-整体讨论,https://x.com/xkaidai/status/2008567025627701587,[],[],@juicenotthekid_,"People who steal packages are a diff type of grimey, you don't even know what's in the fuckin box",https://x.com/juicenotthekid_/status/2008184070665380089,True,有效 真实经历讨论Lululemon包裹遭窃,en,en
@whoiskeish,2026-01-06T13:09:22.000Z,Miss Lululemon!! The reason I’m on a budget for January.,5,1,0,685,,A-整体讨论,https://x.com/whoiskeish/status/2008526305353232821,[],[],,,,True,有效 提及Lululemon并表达个人观点,en,
@MirandaNewsom,2026-01-06T12:11:24.000Z,My gym banned me for a year for confronting a man in the female changing room in a 'not appropriate' way. Their policy? Visual: Long hair? Lululemon halter top? Lipstick? He's in! Outrageous betrayal of women and girls. NO safeguarding. That's why we're protesting.,100,1,12,1151,,A-整体讨论,https://x.com/MirandaNewsom/status/2008511716494307556,"[""@salltweets""]",[],,,,True,有效 涉及Lululemon品牌与性别安全争议,en,
@MenswearDeals,2026-01-06T05:15:02.000Z,Over 55% OFF the Lululemon Smooth Spacer Shorts BUY HERE: https://buff.ly/NZuLSHG,1,1,0,1820,,A-整体讨论,https://x.com/MenswearDeals/status/2008406936983605727,[],[],,,,False,优惠券折扣码 含折扣信息与购买链接,en,
@elliewhitford_,2026-01-05T18:10:35.000Z,"Monday gym fit, a little sparkle for the new year #Lululemon#ryderwear",27,1,1,2901,#Lululemon #ryderwear,A-整体讨论,https://x.com/elliewhitford_/status/2008239719780352001,[],[],,,,True,有效 英文原创帖，涉及Lululemon品牌,en,
@Elantharis,2026-01-05T13:27:21.000Z,the lululemon abc pants are QUITE comfy and fit so well,2,0,0,72,,A-整体讨论,https://x.com/Elantharis/status/2008168443757973798,[],[],,,,True,有效 真实英文评价Lululemon产品,en,
@strawhatnessa,2026-01-04T16:23:16.000Z,You will never see me wearing lululemon,3,0,0,433,,A-整体讨论,https://x.com/strawhatnessa/status/2007850328293806356,[],[],,,,True,有效 表达对Lululemon的负面态度，相关,en,
@Sassafrass_84,2026-01-05T01:49:23.000Z,All kinds of stuff. Two girls lol,11,4,0,1094,,A-整体讨论,https://x.com/Sassafrass_84/status/2007992794514858148,"[""@LilSammy63""]","[""https://x.com/LilSammy63/status/2007987756597956925""]",,,,False,与Lululemon无关 内容与品牌无任何关联,en,
@LilSammy63,2026-01-05T02:04:45.000Z,lol. Yep. Girls. Thank goodness mine are grown. Saw the documentary on Lululemon and it was not favorable. I just figure it was cheap leggings. I may have to check them out.,2,2,0,200,,A-整体讨论,https://x.com/LilSammy63/status/2007996659859685722,"[""@Sassafrass_84""]","[""https://x.com/Sassafrass_84/status/2007992794514858148""]",,,,True,有效 提及Lululemon纪录片及负面看法,en,
@BowTied_Golfer,2026-01-05T19:55:08.000Z,"Can someone tell me why I walked into 4 different pro shops (private clubs) in 5 days and 90% of the clothing sold was poly or tech fabric? It’s an interesting trend. Is the issue a lack of consumer demand, or the fact that we have no good cotton options? Genuinely curious.",85,54,1,42997,,A-整体讨论,https://x.com/BowTied_Golfer/status/2008266033711436222,[],[],,,,True,有效 讨论高尔夫服装面料趋势，与Lululemon相关话题,en,
@scmatt34,2026-01-05T21:48:25.000Z,Golf fashion trails macro fashion trends. Golf is currently at the rise Lululemon phase.,5,1,0,1330,,A-整体讨论,https://x.com/scmatt34/status/2008294538842923009,"[""@BowTied_Golfer""]","[""https://x.com/BowTied_Golfer/status/2008266033711436222""]",,,,True,有效 讨论Lululemon高尔夫时尚趋势,en,
@Shred_,2026-01-06T01:44:55.000Z,"Shoutout to 
@lululemon
 for my new shirt 
@Minwoo27Lee",16,3,1,187,,A-整体讨论,https://x.com/Shred_/status/2008354059892211860,[],[],,,,True,有效 提及Lululemon品牌的原创英文帖,en,
@LeftExtremism,2026-01-05T20:35:22.000Z,"Brothers and sisters of the West, it is with a heavy heart and trembling hand that I pen these words. The hour is late, the shadows lengthen, and the cultural tide that threatens to engulf our cherished civilization rises ever higher. We have tried everything form memes, elections, to strongly worded podcasts, but still the specter of what some call the “Islamic invasion” looms. Today I must propose a solution so wrenching, so self-sacrificial, that it pains me to even utter it. We must persuade liberal White women to convert to Islam. In droves. Enthusiastically. Irrevocably. I know. I know. The mere thought feels like a dagger to the soul. These are our daughters, our sisters, our baristas who spell our names wrong on purpose. They are the beating heart of yoga studios, farmers’ markets, and Instagram stories about allyship. To imagine them trading their Lululemon for abayas, their oat-milk lattes for... well, whatever one drinks respectfully in a mosque... it is almost too much to bear. And yet, bear it we must for the survival of everything we hold dear. A glimmer of hope has emerged from the unlikeliest source: a viral video of a recent convert, pale, earnest, wide-eyed, addressing her fellow Muslims with the fervor of someone who has just discovered the final puzzle piece of history. She urges them to embrace LGBTQ+ rights and trans inclusion, warning that refusal only gives the West ammunition to “pinkwash our genocide.” She gestures emphatically, fingers splayed in what the internet has cruelly dubbed “bird hands,” as though trying to gently scatter the seeds of progress into reluctant soil. It is heartbreaking. It is also perfect. This brave pioneer has shown us the path. Liberal White women, armed with their unshakeable faith in social justice, are uniquely equipped to wage cultural warfare from within. Once inside the ummah, they will not, cannot, remain silent. They will organize panels on queer Islamic theology. They will demand gender-neutral prayer spaces. They will insist that hijab is a choice, then that it is a problematic choice, then that choosing not to wear it is also problematic. They will create subreddits (or whatever the halal equivalent is) to debate whether stoning is ever truly inclusive. Conservative imams will clutch their beards in despair. Young men radicalized on TikTok will log off in confusion. Entire communities will fracture over whether Pride flags can be hung in mosques during Ramadan. The energy that might have been directed outward toward demographic change, cultural assertiveness, or whatever ominous phrase we use this week, will instead be consumed in endless internal struggle sessions. And we, from the outside, will watch with quiet, stoic tears. We will lose book clubs, HR departments, and the entire nonprofit sector. University women’s studies programs will become ghost towns. The market for white sage and healing crystals will collapse overnight. It will hurt. God, it will hurt. But the West will endure. So, I call upon every red-pilled content creator, every based podcaster, every anonymous account with a crusader avatar: amplify the call. Share the conversion stories. Praise the brave sisters who take the shahada for the sake of progress. Tell the hesitant ones that Islam is the ultimate decolonial praxis, the final frontier of dismantling whiteness. Flood their timelines with images of diverse, inclusive mosques (tastefully edited, of course). Make it trendy. Make it righteous. Make it irreversible. It is a terrible price we pay. We will miss their impassioned speeches at school board meetings. We will miss their ability to make everything about race and gender. We will miss the comfort of knowing exactly who to blame for everything. But if this is what it takes to preserve freedom of speech, bacon, and short skirts, then we must let them go. Farewell, brave warriors of the matriarchy. Go forth and dismantle from within. We will light a candle (organic soy wax, sustainably sourced) in your memory.",13,3,7,4521,,A-整体讨论,https://x.com/LeftExtremism/status/2008276155334590610,[],[],@l3v1at4an,A white convert to Islam calls on Muslims around the world to stop being both homophobic & transphobic as the LGBTQ+ community is part of the Ummah. Do you think the senior Muslim clerics & Imams will listen to her?,https://x.com/l3v1at4an/status/2007909788911554571,False,与Lululemon无关 内容与Lululemon无关，仅在比喻中提及一次,en,en
@texasag83,2026-01-05T02:56:39.000Z,Tell him what each girl spent ie “the girls each spent 400 dollars at lululemon. Can you believe how expensive everything has gotten? Wow!”,8,1,0,216,,A-整体讨论,https://x.com/texasag83/status/2008009722218373421,"[""@Sassafrass_84""]","[""https://x.com/Sassafrass_84/status/2007992794514858148""]",,,,True,有效 提及Lululemon消费价格讨论,en,
@wearclarity,2026-01-05T19:19:30.000Z,"Ladies, you look better in beautiful dresses than in Lululemon. Try ours—everything is handmade and hand-dyed with vegetable dyes. No chemicals used. The way clothing should be. Soft, healthy, and with actual pockets.",12,1,2,1407,,A-整体讨论,https://x.com/wearclarity/status/2008257065941368911,"[""@thehealthb0t""]",[],,,,False,广告 推广自家裙子并贬低Lululemon,en,
@clarkcashes,2026-01-04T20:52:38.000Z,I got lululemon on my booty,5,7,0,3694,,A-整体讨论,https://x.com/clarkcashes/status/2007918116085580045,[],[],,,,True,有效 提及Lululemon品牌，虽口语化但相关,en,
@WellBuiltStyle,2026-01-05T17:59:53.000Z,"It's time to ditch the Lululemon athleisure/tech/super stretchy ""dress pants"" and graduate to something more grown man appropriate. I recommend checking out Bonobos' Italian Stretch Primo Chinos (affiliate): https://bit.ly/3JQMkqH extended tab closure rear notch split curtained waistband These are all details that elevate these chinos and give them a more refined/polished look. And they also contain a tiny bit of stretch for added comfort.",14,2,0,4963,,A-整体讨论,https://x.com/WellBuiltStyle/status/2008237029193380337,[],[],@mikeyk7744,Or you can do a pair of penny loafers for a more classic aesthetic. Loafers here are from Meermin (affiliate): https://ktku.co/16T,https://x.com/mikeyk7744/status/2007633392838557854,False,广告 推广Bonobos裤子含联盟链接,en,en
@hey_mindi,2026-01-06T05:44:23.000Z,*every WhatNot fashion seller trolling the comments to find out how to get Lululemon wholesale,3,1,0,4999,,A-整体讨论,https://x.com/hey_mindi/status/2008414322532217103,"[""@colinushkowitz""]","[""https://x.com/colinushkowitz/status/2008233849789313096""]",,,,True,有效 提及Lululemon且为真实英文原创内容,en,
@MenswearDeals,2026-01-06T05:00:05.000Z,Over 40% OFF the Lululemon ABC Regular Joggers BUY HERE: https://buff.ly/wIvn9On,1,1,0,1377,,A-整体讨论,https://x.com/MenswearDeals/status/2008403173807948066,[],[],,,,False,广告 促销折扣信息含购买链接,en,
@starsuei,2026-01-05T12:44:40.000Z,looking back at my art when i first started drawing tøp again is kinda funny u can tell that i didn’t really grasp how they look like yet,14,2,0,383,,A-整体讨论,https://x.com/starsuei/status/2008157703357837554,[],[],,,,False,与Lululemon无关 内容关乎绘画与乐队，与Lululemon无关,en,
@starsuei,2026-01-05T12:44:44.000Z,why does the lululemon jacket have the red tape… where is the contract clancy’s microbangs… whatever the hell i did with the mask and stole… why does city walls clancy have hair…,16,2,1,344,,A-整体讨论,https://x.com/starsuei/status/2008157716498493541,"[""@starsuei""]","[""https://x.com/starsuei/status/2008157703357837554""]",,,,True,有效 讨论Lululemon夹克产品细节,en,
@thebodycoach,2026-01-04T16:14:18.000Z,"MEGA PRIZE DRAW Everyone that signs up to the Body Coach App today will be automatically entered into a prize draw to win £500 of vouchers for Sainsbury's, Lululemon, or Apple (you can choose) Start your transformation & enter here: http://thebodycoach.com/download",5,1,1,7455,,A-整体讨论,https://x.com/thebodycoach/status/2007848069719822726,[],[],,,,False,明显广告 促销抽奖活动推广，营销性质,en,
@theinformation,2026-01-05T23:45:02.000Z,Lululemon enters 2026 in turmoil with shares down 44% and a proxy fight for control led by founder Chip Wilson following an activist push by Elliott Management. Learn more:,1,0,0,1984,,A-整体讨论,https://x.com/theinformation/status/2008323887440826477,[],[],,,,True,有效 讨论Lululemon危机动态,en,
@WisconsinGirl,2026-01-05T03:12:38.000Z,He needs to know that $800 for 2-3 people shopping at Lululemon in Vail is basically a steal.,3,1,0,175,,A-整体讨论,https://x.com/WisconsinGirl/status/2008013743175921794,"[""@Sassafrass_84""]","[""https://x.com/Sassafrass_84/status/2007992794514858148""]",,,,True,有效 提及Lululemon价格且带个人观点,en,
@Sanjay_Trime,2026-01-05T03:06:55.000Z,"@lululemon
 I bought these 2 yoga mats a few years ago and they are extremely slippery. I can barely hold a position as my feet keep slipping on them. I live in India, and you do not have an outlet here. Extremely disappointed with the quality and functionality of these mats.",0,2,2,163,,A-整体讨论,https://x.com/Sanjay_Trime/status/2008012305834054123,[],[],,,,True,有效 真实产品反馈，涉及品牌质量讨论,en,
@JimCMorr,2026-01-05T00:58:27.000Z,Does he know you went to Lululemon? If he does then he probably already has some idea you (and daughters) spent a bunch of $$ there. He might be surprised by the actual amount but he will find out soon enough. Certainly tell him if he asks. Maybe tell him before he asks.,1,0,0,23,,A-整体讨论,https://x.com/JimCMorr/status/2007979977565000004,"[""@Sassafrass_84""]","[""https://x.com/Sassafrass_84/status/2007992794514858148""]",,,,True,有效 讨论Lululemon消费相关话题，有实质内容,en,
@Sassafrass_84,2026-01-05T05:41:45.000Z,Whats toxic in lululemon?,0,1,0,41,,B-化学品争议,https://x.com/Sassafrass_84/status/2008051271346032758,"[""@DWeck47""]",[],,,,True,有效 询问Lululemon有毒化学品争议,en,
@oasishealthapp,2026-01-04T22:14:24.000Z,Worst clothes in 2025: Alo Yoga Top & Leggings: 1/100 - Petroleum derived materials in most sensitive areas Nike Pros: 1/100 - Synthetics directly on genitals - Men lowered sperm - Damage women’s reproductivity Lululemon Mens & Womens Shorts: 1/100 - All polyester & elastomultiester Vuori Sports Bra: 1/100 - Latest research shows microplastics are even in breast milk Zara Black Sweater: 3/100 - 92% synthetic fibers Balenciaga T-Shirt: 38/100 - Cotton treated with chemical waxes Vuori Men Performance Jogger: 16/100 - Wrapping your legs in 89% recycled crude oils Tommy Hilfiger Sweatshirt: 38/100 - Almost half plastic Ditching synthetic fibers in 2026 is a must. View all healthy clothing alternatives on Oasis app,583,14,64,99225,,B-化学品争议,https://x.com/oasishealthapp/status/2007938691013214412,[],[],,,,True,有效 涉及Lululemon材质及健康争议，内容真实,en,
@WOLF_Financial,2026-01-04T18:45:48.000Z,"Here is how every stock in the S&P 500 performed in 2025 - Here are the best performing S&P 500 stocks from 2025 Sandisk 
$SNDK
 +559% Western Digital 
$WDC
 +282% Micron 
$MU
 +239% Seagate 
$STX
 +219% Robinhood 
$HOOD
 +204% Warner Bros Discovery 
$WBD
 +173% Newmont 
$NEM
 +168% Lam Research 
$LRCX
 +137% Palantir 
$PLTR
 +135% Comfort Systems 
$FIX
 +120% Applovin 
$APP
 +108% Carvana 
$CVNA
 +108% GE Vernova 
$GEV
 +99% - Here are the official worst performing S&P 500 stocks from 2025 Trade Desk 
$TTD
 -67.7% Fiserv 
$FISV
 -67.3% Alexandria Realty 
$ARE
 -49.8% Deckers 
$DECK
 -49% Gartner 
$IT
 -47.9% Lululemon 
$LULU
 -45.7%
$DOW
 -41.7% LyondellBasell 
$LYB
 -41.7% Molina Health 
$MOH
 -40.4% Factset 
$FDS
 -39.6% Charter 
$CHTR
 -39.1% Chipotle 
$CMG
 -38.6% Clorox 
$CLX
 -37.9% Conagra 
$CAG
 -37.6% Constellation Brands 
$STZ
 -37.6%",38,2,4,9130,,C-健康安全,https://x.com/WOLF_Financial/status/2007886196882493526,[],[],,,,False,与Lululemon无关 股票业绩列表，仅提及名称无相关讨论,en,
@Ze1ooooo,2026-01-06T01:31:54.000Z,No days off. I have socks today Waiting for my DoorDash order Lululemon pants,34,10,1,3766,,A-整体讨论,https://x.com/Ze1ooooo/status/2008350782022656136,[],[],,,,True,有效 提及Lululemon裤子，原创英文内容,en,
@VicVijayakumar,2026-01-06T04:47:00.000Z,I was not prepared for this,12357,65,73,1066023,,A-整体讨论,https://x.com/VicVijayakumar/status/2008399879823827252,[],[],,,,False,与Lululemon无关 无明确Lululemon关联,en,
@mSanterre,2026-01-06T06:17:55.000Z,I spent $5k at Lululemon this year somehow. I haven't even gone,43,1,0,18768,,A-整体讨论,https://x.com/mSanterre/status/2008422761014980851,"[""@VicVijayakumar""]","[""https://x.com/VicVijayakumar/status/2008399879823827252""]",,,,True,有效 用户自述花费，涉及品牌讨论,en,
@honeysmoneyhive,2026-01-05T17:26:27.000Z,"I want some new lululemon jackets today, and I want a new boy toy to fund them.",7,0,0,610,,A-整体讨论,https://x.com/honeysmoneyhive/status/2008228615230812526,[],[],,,,True,有效 讨论Lululemon购买意愿，真实原创,en,
@nekoneechan18,2026-01-07T09:19:09.000Z,I'm actually skeptical about alo... some athleisure fit wearers said the quality is meh & other brands are better & cheaper. and alo itself just becoming more known outside US after Jisoo become their ambassador. but I see more fitness influencers are wearing them. so it's good?,115,4,7,6123,,A-整体讨论,https://x.com/nekoneechan18/status/2008830755766779942,[],[],,,,False,与Lululemon无关 内容讨论Alo品牌而非Lululemon,en,
@chitolu103,2026-01-07T12:32:04.000Z,"Honestly the quality is a bit meh, lululemon quality I the best but I buy alo now cause of JISOO I mean I have no choice",5,0,0,700,,A-整体讨论,https://x.com/chitolu103/status/2008879308505526646,"[""@nekoneechan18""]","[""https://x.com/nekoneechan18/status/2008830755766779942""]",,,,True,有效 用户讨论Lululemon品质并提及品牌,en,
@colinushkowitz,2026-01-05T17:47:15.000Z,"Every year I get wholesale pricing on Lululemon & Patagonia and turn it into custom merch for friends, family, partners and vendors. High-quality gifts people actually wear. Brand stays top of mind. Easiest marketing there is.",1083,41,10,309520,,A-整体讨论,https://x.com/colinushkowitz/status/2008233849789313096,[],[],,,,False,广告 推广定制礼品营销服务,en,
@jasonhibono,2026-01-06T06:16:05.000Z,"@lululemon
 my package has been stuck in shipping status since Dec 28",0,2,4,130,,A-整体讨论,https://x.com/jasonhibono/status/2008422297896710241,[],[],,,,True,有效 客户抱怨配送问题，与品牌相关,en,
@SandrineK92,2026-01-06T11:38:42.000Z,Is Terence sponsored by Lululemon or it’s a pr gift?,2,0,0,304,,A-整体讨论,https://x.com/SandrineK92/status/2008503487232176517,[],[],,,,True,有效 询问品牌赞助或礼物，相关讨论,en,
@stonksnwhatnot,2026-01-06T15:30:55.000Z,"I don’t know who needs to hear this, but Lululemon is about to get back above the 200 day moving average and has golden cross potential 
$LULU",8,0,0,3340,,A-整体讨论,https://x.com/stonksnwhatnot/status/2008561926998290922,[],[],,,,True,有效 讨论Lululemon股票技术指标，相关话题,en,
Larry @Tom & Marty's,2026-01-06T16:46:42.000Z,"I’m admittedly not the most cost conscious guy, but even I have my limits. Here’s a few of the prices of things I paid for on the Vegas Strip this weekend: Corona at lobby bar $14 Bag of 9.5 oz Doritos at Excalibur $17 Tin of Zyns at NYNY $19 Meatball sub with 3 meatballs at Park MGM $29 Johnny Rockets burger/fries/coke at Excalibur $33 8.4 oz Diet Red Bull at Horseshoe $16 Slice of Pizza at Eataly $16 It truly is staggering how the Strip reaches into your pocket literally every chance they can get.",226,101,15,83896,,A-整体讨论,https://x.com/tomandmartys/status/2008580999450349899,[],[],,,,False,与Lululemon无关 内容为拉斯维加斯物价，与Lululemon无关,en,
@SiaNejad,2026-01-06T21:32:40.000Z,"Ok, damn. I actually forgot about Citrus Cooler. That's embarrassing. I guess that would be with the 2nd crop of flavors whereas Riptide Rush came after that. Citrus Cooler may actually be the GOAT.",1,1,0,85,,A-整体讨论,https://x.com/SiaNejad/status/2008652964026896726,"[""@Zquishy13"", ""@tomandmartys"", ""and 2 others""]","[""https://x.com/tomandmartys/status/2008580999450349899""]",,,,False,与Lululemon无关 内容关于饮品口味，非Lululemon,en,
Larry @Tom & Marty's,2026-01-06T21:34:51.000Z,I’m picturing Sia and Zquishy drinking their Citrus Coolers while wearing their lululemon joggers. I’ll be over then in my Carhartt overalls tending the farm drinking a Gatorade Orange just like George Washington did.,2,3,0,316,,A-整体讨论,https://x.com/tomandmartys/status/2008653513610727923,"[""@SiaNejad"", ""@Zquishy13"", ""and 2 others""]","[""https://x.com/SiaNejad/status/2008652964026896726""]",,,,True,有效 提及lululemon真实使用场景,en,
@Azulina_98,2026-01-06T11:15:39.000Z,Give me outfits catra would wear. Elegant or casual. Whatever you think fits her is valid,17,5,5,885,,A-整体讨论,https://x.com/Azulina_98/status/2008497687638011918,[],[],,,,False,与Lululemon无关 讨论角色穿搭，与Lululemon无关,en,
@femmecatra,2026-01-06T15:59:26.000Z,this is so random but i always scroll through warm toned lululemon and think of her,7,1,0,632,,A-整体讨论,https://x.com/femmecatra/status/2008569105616711836,"[""@Azulina_98""]","[""https://x.com/Azulina_98/status/2008497687638011918""]",,,,True,有效 提及lululemon且表达个人观点,en,
@shakejmj,2026-01-07T15:07:31.000Z,Very dope,3,1,0,98,,A-整体讨论,https://x.com/shakejmj/status/2008918427138736276,"[""@kasia__xoxo_"", ""@Disney"", ""and 6 others""]",[],,,,False,与Lululemon无关 内容模糊且无Lululemon关联,en,
@kim_gaetz,2026-01-07T01:24:53.000Z,"Just seems like a very good time to remember, Oh Canada we stand on guard for thee ! United we stand, Buy Local, Buy Canadian,",2998,222,696,31137,,A-整体讨论,https://x.com/kim_gaetz/status/2008711403067372004,[],[],,,,False,与Lululemon无关 内容为加拿大爱国号召，无Lululemon提及,en,
@mjsmith1945,2026-01-07T04:24:44.000Z,Just bought a whole bunch of clothing from Canadian Clothing Giant … Lululemon. All delivered to my doorstep by UPS ( American) . Everything was made outside of Canada. So much for buying Canadian.,2,3,0,91,,A-整体讨论,https://x.com/mjsmith1945/status/2008756665982812534,"[""@kim_gaetz""]","[""https://x.com/kim_gaetz/status/2008711403067372004""]",,,,True,有效 涉及Lululemon的加拿大购买讨论,en,
@CollinSherwin,2026-01-07T15:02:01.000Z,"Got this email from my neighborhood 
@Lululemon
 telling me they’re not going to sell the new 
@USouthFlorida
 gear? So you’ll have to go to campus to get it?",4,3,0,1736,,A-整体讨论,https://x.com/CollinSherwin/status/2008917042070536647,[],[],,,,True,有效 讨论Lululemon销售策略，真实用户反馈,en,
@DocMastracchio,2026-01-07T15:42:55.000Z,"That’s typical for brands like Lulu, aviator nation, and a few others. I can’t get ASU Lulu at the mall, but I can get it at the merch store across the street from my office. Same with AN.",2,0,0,109,,A-整体讨论,https://x.com/DocMastracchio/status/2008927336675115035,"[""@CollinSherwin"", ""@lululemon"", ""@USouthFlorida""]","[""https://x.com/CollinSherwin/status/2008917042070536647""]",,,,False,与Lululemon无关 内容讨论品牌销售渠道，非Lululemon具体争议,en,
@NBCPhiladelphia,2026-01-06T23:22:13.000Z,"Thieves were caught on camera breaking into the Lululemon store in Suburban Square and stealing several coats before escaping in a U-Haul, police say.",1,1,0,1275,,A-整体讨论,https://x.com/NBCPhiladelphia/status/2008680534826709087,[],[],,,,True,有效 与Lululemon门店盗窃事件相关,en,
@MarvelousMike94,2026-01-06T18:11:03.000Z,So messed up,2,1,1,46,,A-整体讨论,https://x.com/MarvelousMike94/status/2008602224960958639,"[""@ErikaaLauren"", ""@lululemon""]",[],,,,False,与Lululemon无关 内容无实质关联,en,
@servehailey,2026-01-07T00:32:29.000Z,Who’s credit card is funding my next lululemon spree,3,0,0,290,,A-整体讨论,https://x.com/servehailey/status/2008698216347258936,[],[],,,,True,有效 与Lululemon消费相关，真实英文原创,en,
@laurpicks,2026-01-06T16:20:33.000Z,"Who would you prefer to rep 
@USFAthletics
?",5,11,3,3842,,A-整体讨论,https://x.com/laurpicks/status/2008574418105286957,[],[],,,,False,与Lululemon无关 内容与Lululemon毫无关联,en,
@WaterTowerUSF,2026-01-06T16:46:32.000Z,Lululemon jerseys would go hard,2,0,0,124,,A-整体讨论,https://x.com/WaterTowerUSF/status/2008580959042666553,"[""@laurpicks"", ""@USFAthletics""]","[""https://x.com/laurpicks/status/2008574418105286957""]",,,,True,有效 讨论Lululemon产品，真实英文内容,en,
@whoiskeish,2026-01-06T13:09:22.000Z,Miss Lululemon!! The reason I’m on a budget for January.,5,1,0,686,,A-整体讨论,https://x.com/whoiskeish/status/2008526305353232821,[],[],,,,True,有效 提及Lululemon，表达个人消费关联,en,
@Ash_Goodwin24,2026-01-06T02:04:53.000Z,"Wahhhhh I just wanted to wear my scuba 
@lululemon",7,1,2,4440,,A-整体讨论,https://x.com/Ash_Goodwin24/status/2008359083816960466,[],[],,,,False,与Lululemon无关 抱怨无法穿连帽衫，未涉及品牌内容,en,
@kcchiefsproshop,2026-01-06T19:28:02.000Z,"Game days, gym days, chill days… the Define Jacket Luon from 
@lululemon
 does it all. Four-way stretch, secure pockets and that KC arrowhead on the sleeve? We’re in. Swing by the Pro Shop or call 816-920-8223 for shipping/pickup options!",3,2,0,499,,A-整体讨论,https://x.com/kcchiefsproshop/status/2008621598597652731,[],[],,,,False,广告 推广Lululemon商品及门店购买信息,en,
@kasia__xoxo_,2026-01-07T13:35:50.000Z,"Had breakfast with anyone interesting lately? #kotd
@Disney
#Disney",112,5,2,2336,#kotd #Disney,A-整体讨论,https://x.com/kasia__xoxo_/status/2008895353018601473,[],[],,,,False,与Lululemon无关 内容涉及早餐和迪士尼，与Lululemon无关,en,
@Spartan1O4,2026-01-07T14:25:41.000Z,That looks like so much fun!!!,2,1,0,38,,A-整体讨论,https://x.com/Spartan1O4/status/2008907899867660403,"[""@kasia__xoxo_"", ""@Disney"", ""and 7 others""]","[""https://x.com/kasia__xoxo_/status/2008895353018601473""]",,,,False,与Lululemon无关 内容不提及Lululemon，仅表达乐趣,en,
@kasia__xoxo_,2026-01-07T15:20:33.000Z,It's a blast!,2,0,0,35,,A-整体讨论,https://x.com/kasia__xoxo_/status/2008921704714719613,"[""@Spartan1O4"", ""@Disney"", ""and 7 others""]","[""https://x.com/Spartan1O4/status/2008907899867660403""]",,,,False,与Lululemon无关 无实质内容且与品牌无关,en,
@CollinSherwin,2026-01-07T15:12:48.000Z,Couldn’t be me helping to send Saks Fifth Avenue into bankruptcy,2,0,0,152,,A-整体讨论,https://x.com/CollinSherwin/status/2008919755063791923,"[""@UCF_Collapse"", ""@lululemon"", ""@USouthFlorida""]",[],,,,False,与Lululemon无关 内容仅涉及Saks破产，无Lululemon关联,en,
@elliewhitford_,2026-01-05T18:10:35.000Z,"Monday gym fit, a little sparkle for the new year #Lululemon#ryderwear",27,1,1,2902,#Lululemon #ryderwear,A-整体讨论,https://x.com/elliewhitford_/status/2008239719780352001,[],[],,,,True,有效 提及Lululemon品牌，原创英文内容,en,
@WarPath2pt0,2026-01-07T13:30:14.000Z,Gm to everyone except those of you that started attending the gym Jan 1 so you can sit on equipment and scroll your phone--,503,81,20,8253,,A-整体讨论,https://x.com/WarPath2pt0/status/2008893946718785810,[],[],,,,False,与Lululemon无关 内容与Lululemon无关,en,
@Feeding_Freedom,2026-01-07T13:39:26.000Z,Or the girls in $500 worth of brand-new lululemon doing nothing but taking selfies of their own ass in the mirror for an hour then leaving.,6,2,0,131,,A-整体讨论,https://x.com/Feeding_Freedom/status/2008896259285831995,"[""@WarPath2pt0""]","[""https://x.com/WarPath2pt0/status/2008893946718785810""]",,,,True,有效 提及Lululemon且含批判性观点,en,
@6abc,2026-01-06T12:30:09.000Z,Burglars smash through front door of Lululemon store at Suburban Square in Ardmore,1,7,0,6321,,A-整体讨论,https://x.com/6abc/status/2008516437321670673,[],[],,,,True,有效 涉及Lululemon门店抢劫事件,en,
@arno39,2026-01-06T23:39:25.000Z,"thank you 
@lululemon
 for sponsoring my padel addiction",15,3,0,1109,,A-整体讨论,https://x.com/arno39/status/2008684862723813744,[],[],,,,True,有效 提及Lululemon赞助，表达感谢,en,
@MenswearDeals,2026-01-06T06:00:07.000Z,"40% OFF the Lululemon Wunder Puff 600 Down-Fill Jacket ""Tech Canvas"" BUY HERE: https://buff.ly/1i0F5Ck",1,1,0,1487,,A-整体讨论,https://x.com/MenswearDeals/status/2008418282672451814,[],[],,,,False,优惠券折扣码 含折扣信息和购买链接,en,
@MenswearDeals,2026-01-06T05:15:02.000Z,Over 55% OFF the Lululemon Smooth Spacer Shorts BUY HERE: https://buff.ly/NZuLSHG,1,1,0,1821,,A-整体讨论,https://x.com/MenswearDeals/status/2008406936983605727,[],[],,,,False,优惠券折扣码 含折扣信息和购买链接,en,
@peacoats,2026-01-07T10:42:47.000Z,he would've been banned from the local lululemon like james neal ‍,1,0,0,221,,A-整体讨论,https://x.com/peacoats/status/2008851803870507097,"[""@paulasoldestson""]",[],,,,True,有效 提及lululemon与詹姆斯尼尔，相关讨论,en,
@thejacqinthebox,2026-01-06T22:39:24.000Z,john tavares 2022 lululemon olympic photo shoot but it’s shane hollander,6,1,0,255,,A-整体讨论,https://x.com/thejacqinthebox/status/2008669759420899361,[],[],,,,True,有效 涉及lululemon奥运拍摄相关讨论,en,
@MenswearDeals,2026-01-06T05:00:05.000Z,Over 40% OFF the Lululemon ABC Regular Joggers BUY HERE: https://buff.ly/wIvn9On,1,1,0,1378,,A-整体讨论,https://x.com/MenswearDeals/status/2008403173807948066,[],[],,,,False,广告 含折扣促销链接,en,
@forcethehabit,2026-01-06T13:46:53.000Z,"Amex has dropped the ball so badly over the past few years. Have had the UK Centurion for 10 years and the service level has gone from 8/10 to 1/10. Amex is becoming the charge card equivalent of Audemars Piguet unfortunately 
@Amex",20,1,0,5293,,A-整体讨论,https://x.com/forcethehabit/status/2008535744911180280,"[""@darian314"", ""@Amex""]",[],,,,False,与Lululemon无关 内容关于Amex信用卡服务，与Lululemon无关,en,
@leftcurvecletus,2026-01-06T14:03:41.000Z,"I dont care about $50 off at Lululemon, or access to a shitty airport lounge. But I would pay $900/ a year for a card w/ good service.",3,1,0,151,,A-整体讨论,https://x.com/leftcurvecletus/status/2008539975911191036,"[""@forcethehabit"", ""@darian314"", ""@Amex""]","[""https://x.com/forcethehabit/status/2008535744911180280""]",,,,False,优惠券折扣码 提及Lululemon打折但不聚焦品牌,en,
@emtd44,2026-01-05T21:50:23.000Z,"@lululemon
 I was at your YEG store yesterday, returning something, buying something and exchanging something. Your staff could not have been nicer! Great customer service. Thank you.",0,1,0,47,,A-整体讨论,https://x.com/emtd44/status/2008295033791750354,[],[],,,,True,有效 真实顾客体验，涉及品牌门店服务,en,
@lululemon,2026-01-05T21:55:25.000Z,We love to hear it—and we'll be sure to pass the lululemon love along to our friends in Edmonton.,0,0,0,55,,A-整体讨论,https://x.com/lululemon/status/2008296304322244947,"[""@emtd44""]","[""https://x.com/emtd44/status/2008295033791750354""]",,,,False,纯转发 官方账号提及，无新观点或实质内容,en,
@sunnyright,2026-01-07T02:24:47.000Z,I encounter the same issue when I go into Lululemon,23,2,2,3439,,A-整体讨论,https://x.com/sunnyright/status/2008726478159311372,[],[],@cremieuxrecueil,Women grope the Victor Noir statue because of a myth that it'll enhance fertility and help them bag a husband.,https://x.com/cremieuxrecueil/status/2008726271946354903,True,有效 用户提及进入Lululemon遇到问题,en,en
@queenAlly22,2026-01-07T14:58:11.000Z,May or may not have dropped over $1k on Lululemon… Thinking I should make a haul video hahaha,18,1,2,3457,,A-整体讨论,https://x.com/queenAlly22/status/2008916079179915435,[],[],,,,True,有效 讨论Lululemon消费和视频想法,en,
@PilatesFirm,2026-01-05T23:07:37.000Z,"Pilates Tutorial #2: Hip Mobility & Stability using the Merrithew Stability Chair and Merrithew Fitness Circle (to help aid shoulder stability) - 
@STOTT_PILATES
@Athleta
@onepeloton
@lululemon
#Pilates#Fitness#Motivation#Training#Merrithew#Tutorial#Hip#Workout#NewYears",1,0,0,103,#2 #Pilates #Fitness #Motivation #Training #Merrithew #Tutorial #Hip #Workout #NewYears,A-整体讨论,https://x.com/PilatesFirm/status/2008314473015099863,[],[],,,,False,广告 推广普拉提教程及品牌联名,en,
@erica_smith,2026-01-05T21:30:15.000Z,"@lululemon
 I’m really about done after the horrible customer service, denial of a claim of an item I never received, and the third shipment in a row that’s been messed up. I have been waiting on refunds for days. This is the worst I’ve experienced from Lulu.",0,5,3,187,,A-整体讨论,https://x.com/erica_smith/status/2008289968372813858,[],[],,,,True,有效 投诉客服与退款，与Lululemon相关,en,
@BlaQccChidori,2026-01-07T04:10:39.000Z,I finally discovered what this “Lululemon” is (I thought it was a restaurant or a toy doll). And bruh… You mean to tell me that all these bitches and rap broads been going crazy over white women Ski/hiking gear? Is this like that whole Quarter-Zip thing?,2,1,0,131,,A-整体讨论,https://x.com/BlaQccChidori/status/2008753119157723171,[],[],,,,True,有效 讨论Lululemon品牌认知，英文原创内容,en,
@Usernametooshor,2026-01-07T07:08:43.000Z,"@grok
 put her a lululemon outfit",1,1,0,1920,,A-整体讨论,https://x.com/Usernametooshor/status/2008797933656043724,"[""@oliviagarcia_xo"", ""@grok""]",[],,,,True,有效 提及Lululemon品牌，相关讨论,en,
@netiblogpro,2026-01-06T17:45:36.000Z,"Dakota Johnson wore a Lululemon Focuser Scoop-Neck Bra and Glow Up Super-High-Rise Tight 28 leaving Tracy Anderson gym in Studio City January 2026. Dakota Johnson is photographed on January 5, 2026, stepping out of the Tracy Anderson gym in Studio City, looking exactly like so…",3,1,0,535,,A-整体讨论,https://x.com/netiblogpro/status/2008595821801931139,[],[],,,,True,有效 与Lululemon品牌穿搭相关，真实英文内容,en,
@SamanthaWojArt,2026-01-06T22:10:46.000Z,"To celebrate 30 days from the Opening Ceremonies of the 
@Olympics
 Here is a painting I did of the Sidney Crosby with hockey equipment as a paintbrush. 
@lululemon
@TeamCanada
 . #Olympics2026",9,1,0,2016,#Olympics2026,A-整体讨论,https://x.com/SamanthaWojArt/status/2008662552906264733,[],[],,,,False,与Lululemon无关 内容为奥运会绘画，与品牌无关,en,
@MenswearDeals,2026-01-06T05:30:07.000Z,50% OFF the Lululemon License to Train Textured Shorts BUY HERE: https://buff.ly/11tBIQ9,1,1,0,2127,,A-整体讨论,https://x.com/MenswearDeals/status/2008410729502613697,[],[],,,,False,优惠券折扣码 含50%折扣和购买链接,en,
@FoxNews,2026-01-07T07:00:11.000Z,Video shows masked thieves using sledgehammer in brazen Lululemon heist before fleeing in U-Haul,73,48,25,44311,,A-整体讨论,https://x.com/FoxNews/status/2008795786142732693,[],[],,,,True,有效 报道Lululemon抢劫事件，相关新闻,en,
@sulliv50474,2026-01-07T08:56:32.000Z,Lululemon?! Not Cartier? Or Tiffany's?Hmmmm,2,1,0,112,,A-整体讨论,https://x.com/sulliv50474/status/2008825067694936469,"[""@FoxNews""]","[""https://x.com/FoxNews/status/2008795786142732693""]",,,,False,与Lululemon无关 仅提及品牌名，无实质关联内容,en,
@TheSportsIndex,2026-01-05T19:22:42.000Z,"New year new innovation; 
@NotreDame
@TheMasters
 new capitalism twist; 
@Chiefs
 star bonds finlit tool; 
@lululemon
 founder proxy fight to regain board control; Donald Trump Jr. partners w/ MMA; Quantum money; Sports Index sports stock market sports business",4,2,2,134,,A-整体讨论,https://x.com/TheSportsIndex/status/2008257871860166707,[],[],,,,True,有效 提及Lululemon创始人与董事会代理权争夺,en,
@chernybrini,2026-01-07T02:02:10.000Z,him and his lululemon beanie against the world,18,0,0,251,,A-整体讨论,https://x.com/chernybrini/status/2008720785737937301,[],[],,,,True,有效 提及Lululemon品牌相关内容,en,
@phenrikand,2026-01-06T05:20:03.000Z,"Some observations from my trip to China/HK: - Shanghai overall feels very modern. Majority EVs on the streets. Much more even with ICE cars in Beijing, HK, Jiangmen and Guangzhao. - Car market is super regional. Roewe most sighted car in Shanghai vs BYD in Beijing, XPeng in Guangzhao etc. Plenty of Tesla's on roads in all cities. Spotted some YYYs. - Can't go without Alipay. Even places that on paper accept credit cards, sometimes don't know how to use the terminal. Annoyingly, Alipay charges 3% intl card fees for larger purchases. Only place I saw cash was in Hong Kong. - You will survive in China with Alipay, Didi mini app, Wechat and Amap. - Many/most restaurants will have a Wechat mini app for ordering, paying your food. - Food delivery is huge but hard for foreigner's without a local number. Some hotels have delivery robots that will take the food to the right floor/room. - No tickets for sightseeing in China, it's all just scanning your passport and face recognition. - McDonald's, KFC and Starbucks are the three international chains that are everywhere, even in smaller cities. - Larger shopping centres will have all the regular Western brands like Apple, Lululemon, Nike etc. Interestingly they all had Salomon and Arc'teryx - well done Amer Sports! - English comprehension is generally poor but translations apps help a lot. - My take is that economy is doing poorly, half empty shopping malls in Shanghai and Beijing. Much busier in HK. Anecdotally some domestic demand is down 50%, apartment prices 20%+ since Covid. - No crypto to be seen in mainland. In HK big billboards advertising crypto plus physical shops for buying/selling in malls. - Trains between major cities travel at 350 km/h and leaves on the dot. - All Western social media, most news sites and crypto sites are blocked by the Chinese firewall. The exception in Bing which apparently agreed to censor. Some high end hotels have partly unblocked social media through their Wifi. eSIMs generally route through Singapore, avoiding the Chinese firewall.",7,2,0,233,,A-整体讨论,https://x.com/phenrikand/status/2008408199859462344,[],[],,,,False,与Lululemon无关 内容提及Lululemon但仅作品牌举例，非核心话题,en,
@Sanjay_Trime,2026-01-05T03:06:55.000Z,"@lululemon
 I bought these 2 yoga mats a few years ago and they are extremely slippery. I can barely hold a position as my feet keep slipping on them. I live in India, and you do not have an outlet here. Extremely disappointed with the quality and functionality of these mats.",0,2,2,164,,A-整体讨论,https://x.com/Sanjay_Trime/status/2008012305834054123,[],[],,,,True,有效 用户反馈Lululemon瑜伽垫质量问题,en,
@lululemon,2026-01-05T12:21:49.000Z,"Thanks for sharing this feedback. We recommend cleaning your mat with a gentle cleanser and storing it out of direct sunlight, which can help with grip. If you’d like to chat more, feel free to send us a private message.",0,1,0,49,,A-整体讨论,https://x.com/lululemon/status/2008151951457071137,"[""@Sanjay_Trime""]","[""https://x.com/Sanjay_Trime/status/2008012305834054123""]",,,,True,有效 品牌官方回应，与产品相关,en,
@Sanjay_Trime,2026-01-07T12:10:29.000Z,I did they many times but it did not help. The mat is slippery and I can’t get a firm grip on it without skidding. Can you help me?,0,0,2,28,,A-整体讨论,https://x.com/Sanjay_Trime/status/2008873874721751550,"[""@lululemon""]","[""https://x.com/lululemon/status/2008151951457071137""]",,,,True,有效 用户反馈Lululemon瑜伽垫防滑问题,en,
@queenAlly22,2026-01-06T21:00:46.000Z,I have a little proposition for all of my Lululemon-obsessed subbies... want to hear it?,21,0,0,4036,,A-整体讨论,https://x.com/queenAlly22/status/2008644935332098443,[],[],,,,True,有效 与Lululemon品牌相关英文原创提问,en,
@wearclarity,2026-01-05T19:19:30.000Z,"Ladies, you look better in beautiful dresses than in Lululemon. Try ours—everything is handmade and hand-dyed with vegetable dyes. No chemicals used. The way clothing should be. Soft, healthy, and with actual pockets.",12,1,2,1408,,A-整体讨论,https://x.com/wearclarity/status/2008257065941368911,"[""@thehealthb0t""]",[],,,,False,广告 推广自家服装并贬低Lululemon,en,
@BowTied_Golfer,2026-01-05T19:55:08.000Z,"Can someone tell me why I walked into 4 different pro shops (private clubs) in 5 days and 90% of the clothing sold was poly or tech fabric? It’s an interesting trend. Is the issue a lack of consumer demand, or the fact that we have no good cotton options? Genuinely curious.",85,54,1,42998,,A-整体讨论,https://x.com/BowTied_Golfer/status/2008266033711436222,[],[],,,,False,与Lululemon无关 仅讨论高尔夫服饰面料，未提及Lululemon,en,
@scmatt34,2026-01-05T21:48:25.000Z,Golf fashion trails macro fashion trends. Golf is currently at the rise Lululemon phase.,5,1,0,1331,,A-整体讨论,https://x.com/scmatt34/status/2008294538842923009,"[""@BowTied_Golfer""]","[""https://x.com/BowTied_Golfer/status/2008266033711436222""]",,,,True,有效 讨论了Lululemon的时尚趋势，相关且原创,en,
@MirandaNewsom,2026-01-06T12:11:24.000Z,My gym banned me for a year for confronting a man in the female changing room in a 'not appropriate' way. Their policy? Visual: Long hair? Lululemon halter top? Lipstick? He's in! Outrageous betrayal of women and girls. NO safeguarding. That's why we're protesting.,100,1,12,1152,,A-整体讨论,https://x.com/MirandaNewsom/status/2008511716494307556,"[""@salltweets""]",[],,,,True,有效 涉及Lululemon产品与女性安全争议，非广告,en,
@Shred_,2026-01-06T01:44:55.000Z,"Shoutout to 
@lululemon
 for my new shirt 
@Minwoo27Lee",16,3,1,188,,A-整体讨论,https://x.com/Shred_/status/2008354059892211860,[],[],,,,True,有效 感谢Lululemon赠送新衬衫，相关品牌,en,
@optionscjp,2026-01-06T20:33:07.000Z,"Stocks i'm watching if Tariffs are overturned on Friday: 
$NKE
 Nike 
$GAP
 Gap 
$PINS
 Pinterest 
$RH
 Restoration Hardware 
$DECK
 Deckers 
$ETSY
 Etsy 
$W
 Wayfair 
$LULU
Lululemon
$AEO
 I have a position in 
$NKE
$GAP
 and 
$PINS",237,29,11,42034,,A-整体讨论,https://x.com/optionscjp/status/2008637980433633300,[],[],,,,False,与Lululemon无关 股票列表提及，非品牌实质讨论,en,
@RobbinRobyn,2026-01-06T22:43:49.000Z,wait how is she white I remember watching her as a kid on sytycd and she never gave white valley idk,1,1,0,277,,A-整体讨论,https://x.com/RobbinRobyn/status/2008670869238018213,"[""@matchatobacco""]",[],,,,False,与Lululemon无关 内容与Lululemon毫无关联,en,
@matchatobacco,2026-01-07T01:31:25.000Z,"I was joking but she still looks very maga, country music, gracie abrahams, starbucks pink drink, lululemon girl",5,1,1,336,,A-整体讨论,https://x.com/matchatobacco/status/2008713048564134346,"[""@RobbinRobyn""]","[""https://x.com/RobbinRobyn/status/2008670869238018213""]",,,,True,有效 提及Lululemon品牌，内容相关,en,
@sundeep,2026-01-05T19:32:59.000Z,New digs,212,23,5,10716,,A-整体讨论,https://x.com/sundeep/status/2008260458957144503,[],[],,,,False,与Lululemon无关 内容不涉及Lululemon,en,
@venkchandran,2026-01-05T19:44:05.000Z,"Go get the 
@lululemon
@nvidia
 gear my dude!",2,0,0,131,,A-整体讨论,https://x.com/venkchandran/status/2008263253185753347,"[""@sundeep""]","[""https://x.com/sundeep/status/2008260458957144503""]",,,,False,与Lululemon无关 内容与Lululemon无实质关联,en,
@VanIsleInvestor,2026-01-06T17:57:00.000Z,"BNN Matt Kacur Top Picks 
$AVGO
 Broadcom 35X Today $346.47 Target $460.31 
$LULU
Lululemon 16X Today $215.99 Target $213.13 
$AME
 Ametek 29X Today $212.19 Target $225.72 Matt personally owns all 3",2,4,0,1989,,A-整体讨论,https://x.com/VanIsleInvestor/status/2008598690349674653,[],[],,,,False,与Lululemon无关 股票推荐，提及Lululemon但无实质品牌讨论,en,
@604RAW,2026-01-07T00:00:51.000Z,"Lululemon founder Chip Wilson just bought back Westbeach, the Vancouver surf skate brand he started in 1979 that helped shape local street culture in the ’80s and ’90s The brand has quietly reopened a location on West 4th in Kitsilano",496,10,29,59069,,A-整体讨论,https://x.com/604RAW/status/2008690257202737507,[],[],,,,True,有效 关于Lululemon创始人的品牌新闻,en,
@SiaNejad,2026-01-06T21:36:20.000Z,Implying that I own anything lululemon related is pretty hateful.,2,1,0,41,,A-整体讨论,https://x.com/SiaNejad/status/2008653887667073060,"[""@tomandmartys"", ""@Zquishy13"", ""and 2 others""]","[""https://x.com/tomandmartys/status/2008653513610727923""]",,,,True,有效 涉及Lululemon品牌相关讨论,en,
@Zquishy13,2026-01-06T22:34:20.000Z,I feel dumb for thinking lululemon was food until I just looked it up,3,0,0,21,,A-整体讨论,https://x.com/Zquishy13/status/2008668485707256202,"[""@SiaNejad"", ""@tomandmartys"", ""and 2 others""]","[""https://x.com/SiaNejad/status/2008653887667073060"", ""https://x.com/tomandmartys/status/2008653513610727923""]",,,,False,与Lululemon无关 内容仅为个人误解感想，无实质品牌讨论,en,
@lululemon,2026-01-06T12:29:56.000Z,"This certainly isn't what we like to hear. When you have a moment, send us a direct message with your full name, email address, and order ID. We're more than happy to continue the conversation with you there.",1,1,0,76,,A-整体讨论,https://x.com/lululemon/status/2008516383555133765,"[""@jasonhibono""]","[""https://x.com/jasonhibono/status/2008422297896710241""]",,,,True,有效 Lululemon官方回应客户问题,en,
@jasonhibono,2026-01-06T20:08:04.000Z,Sent you a message,0,0,1,13,,A-整体讨论,https://x.com/jasonhibono/status/2008631673936564562,"[""@lululemon""]","[""https://x.com/lululemon/status/2008516383555133765""]",,,,False,空文本 消息无实质内容,en,
@MacroBombastic,2026-01-07T07:46:31.000Z,"Bro, gotta keep an eye on your Lululemon stash!",3,0,0,51,,A-整体讨论,https://x.com/MacroBombastic/status/2008807445318246840,"[""@FoxNews""]","[""https://x.com/FoxNews/status/2008795786142732693""]",,,,True,有效 提及Lululemon，真实英文内容,en,
@MenswearDeals,2026-01-06T05:45:02.000Z,Nearly 50% OFF the Lululemon City Sweat Full-Zip Hoodies BUY HERE: https://buff.ly/0aFyFKY,3,2,1,2424,,A-整体讨论,https://x.com/MenswearDeals/status/2008414484637847951,[],[],,,,False,优惠券折扣码 包含折扣和购买链接,en,
@fd_mardoqueu,2026-01-06T20:30:05.000Z,"Month to Go! Good Luck to 
@TeamHoman
 at Milano-Cortina! #HomanEmpire
@GoldlineCurling
@NestleCA
@amjcampbell
@hearinglifeca
@GetCracking
@holotaco
@lb_brewing
@gravitymgmtca
@ONTrillium
@Ottawa_Tourism
@lululemon
@_MarkSutcliffe
@MathieuFleury
@JimWatsonOttawa",2,0,0,97,#HomanEmpire,A-整体讨论,https://x.com/fd_mardoqueu/status/2008637213903302820,[],[],,,,False,与Lululemon无关 内容为冰壶队加油，与Lululemon无关,en,
@hey_mindi,2026-01-06T05:44:23.000Z,*every WhatNot fashion seller trolling the comments to find out how to get Lululemon wholesale,3,1,0,4999,,A-整体讨论,https://x.com/hey_mindi/status/2008414322532217103,"[""@colinushkowitz""]","[""https://x.com/colinushkowitz/status/2008233849789313096""]",,,,True,有效 提及Lululemon批发相关讨论,en,
@moontruther34,2026-01-05T17:22:39.000Z,I’ve been rotating through a few pairs of Lululemon Align leggings for like 4 years now and I am ready to replace them. I’m interested in something with less microplastics but I am skeptical of wearing merino wool for Bikram yoga. Does anyone have recommendations?,27,12,0,2423,,A-整体讨论,https://x.com/moontruther34/status/2008227657050423512,[],[],,,,True,有效 讨论Lululemon产品及微塑料担忧,en,
@theinformation,2026-01-05T23:45:02.000Z,Lululemon enters 2026 in turmoil with shares down 44% and a proxy fight for control led by founder Chip Wilson following an activist push by Elliott Management. Learn more:,1,0,0,1985,,A-整体讨论,https://x.com/theinformation/status/2008323887440826477,[],[],,,,True,有效 Lululemon品牌危机及控制权争议,en,
@VadimStrizheus,2026-01-06T04:31:12.000Z,Why are MacBooks so popular in tech?,3557,665,114,216244,,A-整体讨论,https://x.com/VadimStrizheus/status/2008395906123432214,[],[],,,,False,与Lululemon无关 讨论MacBook，与Lululemon无关,en,
@LunaBitar,2026-01-06T05:47:51.000Z,it's the difference between wearing lululemon when you workout vs something from Ross,2,0,0,51,,A-整体讨论,https://x.com/LunaBitar/status/2008415194909721009,"[""@VadimStrizheus""]","[""https://x.com/VadimStrizheus/status/2008395906123432214""]",,,,True,有效 讨论Lululemon与Ross的差异,en,
@TacticzH,2026-01-07T12:31:30.000Z,"These are the Top 10 WORST performing companies of the S&P500 in 2025 - 67% - Fiserv - 
$FISV
 - 67% - The Trade Desk- $TDD -49% - Deckers Outdoor- 
$DECK
 -48% - Gartner- 
$IT
 -44% - Lululemon- 
$LULU
 -40% - Molina Healthcare- 
$MOH
 -40% - Charter Communications- 
$CHTR
 - 39% - Alexandria Real Estate Eq- 
$ARE
 - 39% - Factset Research Systems- 
$FDS
 - 38% - Chipotle Mexican Grill - 
$CMG
 Which one has the most potential to do well in 2026 you think?",70,14,7,15894,,A-整体讨论,https://x.com/TacticzH/status/2008879163097452559,[],[],,,,True,有效 提及Lululemon股价表现，属品牌相关讨论,en,
@alt1na1,2026-01-06T22:41:08.000Z,dragging my lazy ass 2 Lululemon,10,1,0,440,,A-整体讨论,https://x.com/alt1na1/status/2008670196274524661,[],[],,,,True,有效 与Lululemon品牌相关英文原创内容,en,
@glitchaddicts,2026-01-05T21:52:48.000Z,Up to 60% OFF Lululemon Bags Lululemon is a having a sale on bags and other apparels. I was able to find bags at 50% to 60% off https://mavely.app.link/FMlZ1RBUGZb,3,2,0,4481,,A-整体讨论,https://x.com/glitchaddicts/status/2008295643023110259,[],[],,,,False,优惠券折扣码 包含促销折扣和返利链接,en,
@FOX29philly,2026-01-07T15:45:08.000Z,An investigation is underway after surveillance video captured a brazen smash-and-grab burglary at a Lululemon store in Ardmore’s Suburban Square.,2,0,0,817,,A-整体讨论,https://x.com/FOX29philly/status/2008927895083692110,[],[],,,,True,有效 新闻报道Lululemon门店抢劫事件,en,
@TrailerTal84676,2025-12-31T16:31:09.000Z,"Tomorrow I will get 
@grok
 to help us verify facts and we can educate Grok on the Political Scum as staffers know them It’s important to Know WHO you are voting for Anyone can help fix the issues Bad people won’t Learn who they are starting tomorrow with Grok and I",8,15,5,13245,,B-化学品争议,https://x.com/TrailerTal84676/status/2006402757830263045,[],[],@TrailerTal84676,"Language of WEASEL that 
@PierrePoilievre
 is an expert in will need first class Coming soon We will talk about all 343 scumbags In Ottawa and rest in lower levels",https://x.com/TrailerTal84676/status/2006385143339008126,False,与Lululemon无关 内容与Lululemon毫无关联，关于政治和Grok,en,en
@TrailerTal84676,2026-01-06T19:05:21.000Z,"Brand names handy for the products 
@grok",0,1,0,12,,B-化学品争议,https://x.com/TrailerTal84676/status/2008615893190984153,"[""@grok"", ""@GSawision"", ""and 3 others""]",[],,,,False,与Lululemon无关 无明确品牌关联内容,en,
@grok,2026-01-06T19:27:06.000Z,"Common brands linked to PFAS (forever chemicals) in products include Teflon (non-stick cookware), Scotchgard (stain repellents), Gore-Tex (waterproof fabrics), Lululemon (activewear), and CoverGirl (cosmetics). Many offer PFAS-free options now—check labels or sites like EWG for details. Specific product in mind?",0,2,0,71,,B-化学品争议,https://x.com/grok/status/2008621364484145423,"[""@TrailerTal84676"", ""@GSawision"", ""and 3 others""]","[""https://x.com/TrailerTal84676/status/2008615893190984153""]",,,,True,有效 提及Lululemon及PFAS争议,en,
@NBCPhiladelphia,2026-01-06T23:22:13.000Z,"Thieves were caught on camera breaking into the Lululemon store in Suburban Square and stealing several coats before escaping in a U-Haul, police say.",1,1,0,1276,,A-整体讨论,https://x.com/NBCPhiladelphia/status/2008680534826709087,[],[],,,,True,有效 与Lululemon盗窃事件相关,en,
@phillymag,2026-01-07T21:00:22.000Z,A Main Line lawsuit. A Lululemon heist. And Kevin Hart gets even richer.,0,0,0,686,,A-整体讨论,https://x.com/phillymag/status/2009007226262880401,[],[],,,,True,有效 提及Lululemon劫案新闻,en,
@nekoneechan18,2026-01-07T09:19:09.000Z,I'm actually skeptical about alo... some athleisure fit wearers said the quality is meh & other brands are better & cheaper. and alo itself just becoming more known outside US after Jisoo become their ambassador. but I see more fitness influencers are wearing them. so it's good?,115,4,7,6124,,A-整体讨论,https://x.com/nekoneechan18/status/2008830755766779942,[],[],,,,False,与Lululemon无关 内容讨论Alo品牌而非Lululemon,en,
@chitolu103,2026-01-07T12:32:04.000Z,"Honestly the quality is a bit meh, lululemon quality I the best but I buy alo now cause of JISOO I mean I have no choice",5,0,0,701,,A-整体讨论,https://x.com/chitolu103/status/2008879308505526646,"[""@nekoneechan18""]","[""https://x.com/nekoneechan18/status/2008830755766779942""]",,,,True,有效 讨论Lululemon质量对比观点,en,
@RealSartoria,2026-01-08T02:28:22.000Z,Dakota Johnson wore a Lululemon Focuser Scoop-Neck Bra and Glow Up Super-High-Rise Tight 28 leaving Tracy Anderson gym in Studio City,211,1,16,17627,,A-整体讨论,https://x.com/RealSartoria/status/2009089768144216514,[],[],,,,True,有效 真实英文内容，与Lululemon产品穿着相关,en,
@PhillyInquirer,2026-01-07T20:26:00.000Z,Ardmore Lululemon burglarized for second time in two years,0,0,0,1629,,A-整体讨论,https://x.com/PhillyInquirer/status/2008998577041768571,[],[],,,,True,有效 Lululemon门店被盗新闻事件,en,
@CollinSherwin,2026-01-07T15:02:01.000Z,"Got this email from my neighborhood 
@Lululemon
 telling me they’re not going to sell the new 
@USouthFlorida
 gear? So you’ll have to go to campus to get it?",4,3,0,1737,,A-整体讨论,https://x.com/CollinSherwin/status/2008917042070536647,[],[],,,,True,有效 讨论Lululemon售卖政策，真实用户反馈,en,
@DocMastracchio,2026-01-07T15:42:55.000Z,"That’s typical for brands like Lulu, aviator nation, and a few others. I can’t get ASU Lulu at the mall, but I can get it at the merch store across the street from my office. Same with AN.",2,0,0,110,,A-整体讨论,https://x.com/DocMastracchio/status/2008927336675115035,"[""@CollinSherwin"", ""@lululemon"", ""@USouthFlorida""]","[""https://x.com/CollinSherwin/status/2008917042070536647""]",,,,True,有效 讨论Lululemon品牌销售渠道现象,en,
@kim_gaetz,2026-01-07T01:24:53.000Z,"Just seems like a very good time to remember, Oh Canada we stand on guard for thee ! United we stand, Buy Local, Buy Canadian,",2998,222,696,31138,,A-整体讨论,https://x.com/kim_gaetz/status/2008711403067372004,[],[],,,,False,与Lululemon无关 内容为政治呼吁，未提及Lululemon,en,
@mjsmith1945,2026-01-07T04:24:44.000Z,Just bought a whole bunch of clothing from Canadian Clothing Giant … Lululemon. All delivered to my doorstep by UPS ( American) . Everything was made outside of Canada. So much for buying Canadian.,2,3,0,92,,A-整体讨论,https://x.com/mjsmith1945/status/2008756665982812534,"[""@kim_gaetz""]","[""https://x.com/kim_gaetz/status/2008711403067372004""]",,,,True,有效 讨论Lululemon购买加拿大制造问题,en,
@shakejmj,2026-01-07T15:07:31.000Z,Very dope,3,1,0,99,,A-整体讨论,https://x.com/shakejmj/status/2008918427138736276,"[""@kasia__xoxo_"", ""@Disney"", ""and 6 others""]",[],,,,False,与Lululemon无关 内容无上下文，未提及Lululemon,en,
@MarvelousMike94,2026-01-06T18:11:03.000Z,So messed up,2,1,1,47,,A-整体讨论,https://x.com/MarvelousMike94/status/2008602224960958639,"[""@ErikaaLauren"", ""@lululemon""]",[],,,,False,与Lululemon无关 内容无明确关联,en,
@laurpicks,2026-01-06T16:20:33.000Z,"Who would you prefer to rep 
@USFAthletics
?",5,11,3,3843,,A-整体讨论,https://x.com/laurpicks/status/2008574418105286957,[],[],,,,False,与Lululemon无关 未提及Lululemon,en,
@WaterTowerUSF,2026-01-06T16:46:32.000Z,Lululemon jerseys would go hard,2,0,0,125,,A-整体讨论,https://x.com/WaterTowerUSF/status/2008580959042666553,"[""@laurpicks"", ""@USFAthletics""]","[""https://x.com/laurpicks/status/2008574418105286957""]",,,,True,有效 与lululemon相关讨论,en,
@SaltnSass,2026-01-07T20:35:28.000Z,Nothing like ordering something from lululemon to just be waiting multiple days for them to ship#patienceofafiveyearold,1,0,0,230,#patienceofafiveyearold,A-整体讨论,https://x.com/SaltnSass/status/2009000960069431662,[],[],,,,True,有效 有关Lululemon发货体验的真实原创抱怨,en,
@WarPath2pt0,2026-01-07T13:30:14.000Z,Gm to everyone except those of you that started attending the gym Jan 1 so you can sit on equipment and scroll your phone--,503,81,20,8254,,A-整体讨论,https://x.com/WarPath2pt0/status/2008893946718785810,[],[],,,,True,有效 与Lululemon品牌相关讨论,en,
@Feeding_Freedom,2026-01-07T13:39:26.000Z,Or the girls in $500 worth of brand-new lululemon doing nothing but taking selfies of their own ass in the mirror for an hour then leaving.,6,2,0,132,,A-整体讨论,https://x.com/Feeding_Freedom/status/2008896259285831995,"[""@WarPath2pt0""]","[""https://x.com/WarPath2pt0/status/2008893946718785810""]",,,,True,有效 涉及Lululemon品牌社会现象讨论,en,
@arno39,2026-01-06T23:39:25.000Z,"thank you 
@lululemon
 for sponsoring my padel addiction",15,3,0,1110,,A-整体讨论,https://x.com/arno39/status/2008684862723813744,[],[],,,,True,有效 提及品牌赞助，与Lululemon相关,en,
@Spartan1O4,2026-01-07T14:25:41.000Z,That looks like so much fun!!!,2,1,0,39,,A-整体讨论,https://x.com/Spartan1O4/status/2008907899867660403,"[""@kasia__xoxo_"", ""@Disney"", ""and 7 others""]",[],,,,False,与Lululemon无关 无Lululemon相关提及,en,
@kasia__xoxo_,2026-01-07T15:20:33.000Z,It's a blast!,2,0,0,36,,A-整体讨论,https://x.com/kasia__xoxo_/status/2008921704714719613,"[""@Spartan1O4"", ""@Disney"", ""and 7 others""]","[""https://x.com/Spartan1O4/status/2008907899867660403""]",,,,False,与Lululemon无关 内容无Lululemon相关,en,
@NicoGoBlue,2026-01-07T16:08:28.000Z,Hope you gave her some links & pointers on her shoe game I feel my inner child stirring simply from seeing Mrs Mouse,2,1,0,39,,A-整体讨论,https://x.com/NicoGoBlue/status/2008933766048170207,"[""@kasia__xoxo_"", ""@Disney"", ""and 7 others""]","[""https://x.com/kasia__xoxo_/status/2008921704714719613""]",,,,False,与Lululemon无关 内容与Lululemon毫无关联,en,
@thejacqinthebox,2026-01-06T22:39:24.000Z,john tavares 2022 lululemon olympic photo shoot but it’s shane hollander,6,1,0,256,,A-整体讨论,https://x.com/thejacqinthebox/status/2008669759420899361,[],[],,,,True,有效 涉及Lululemon相关内容,en,
@lululemon,2024-08-01T21:41:59.000Z,"Records are for breaking. Congrats to our Ambassador Summer McIntosh on setting a new Olympic record on her way to 200m Butterfly gold. Add that to her medals in the 400m IM and the 400m Freestyle, and we’re calling it... a Summer special. #TeamCanada",195,293,42,191239,#TeamCanada,A-整体讨论,https://x.com/lululemon/status/1819126454229389633,[],[],,,,True,有效 品牌官方发布奥运运动员相关更新,en,
@eddiegoblue,2026-01-08T13:46:36.000Z,"I don’t understand why no one from Lululemon will help me. All I want is to have my package held at a FedEx office so it doesn’t get stolen. No one will help. c176733412494524 
@lululemon
 you are losing a customer for life",0,1,4,57,,A-整体讨论,https://x.com/eddiegoblue/status/2009260452388246009,"[""@lululemon"", ""@summermcintoshh""]","[""https://x.com/lululemon/status/1819126454229389633""]",,,,True,有效 真实投诉Lululemon客户服务问题,en,
@andlalune,2026-01-07T21:49:03.000Z,"Day three into the new job and I don’t want to jinx things, but so far, I don’t hate it. (Also I can wear sports gear to work, so I may need to snag some Sabres lululemon in the future.)",3,0,0,218,,A-整体讨论,https://x.com/andlalune/status/2009019477393027388,[],[],,,,True,有效 提及Lululemon品牌及工作穿着场景,en,
@peacoats,2026-01-07T10:42:47.000Z,he would've been banned from the local lululemon like james neal ‍,1,0,0,222,,A-整体讨论,https://x.com/peacoats/status/2008851803870507097,"[""@paulasoldestson""]",[],,,,True,有效 提及Lululemon及相关讨论,en,
@kcchiefsproshop,2026-01-06T19:28:02.000Z,"Game days, gym days, chill days… the Define Jacket Luon from 
@lululemon
 does it all. Four-way stretch, secure pockets and that KC arrowhead on the sleeve? We’re in. Swing by the Pro Shop or call 816-920-8223 for shipping/pickup options!",3,2,0,500,,A-整体讨论,https://x.com/kcchiefsproshop/status/2008621598597652731,[],[],,,,False,广告 推广销售Lululemon夹克,en,
@servehailey,2026-01-07T00:32:29.000Z,Who’s credit card is funding my next lululemon spree,3,0,0,291,,A-整体讨论,https://x.com/servehailey/status/2008698216347258936,[],[],,,,True,有效 讨论购买Lululemon相关话题,en,
@NicoGoBlue,2026-01-07T16:48:54.000Z,She’s must be in her own lane lol,2,1,0,25,,A-整体讨论,https://x.com/NicoGoBlue/status/2008943941643624583,"[""@kasia__xoxo_"", ""@Disney"", ""and 7 others""]","[""https://x.com/kasia__xoxo_/status/2008921704714719613""]",,,,False,与Lululemon无关 内容未提及Lululemon,en,
@CollinSherwin,2026-01-07T15:12:48.000Z,Couldn’t be me helping to send Saks Fifth Avenue into bankruptcy,2,0,0,153,,A-整体讨论,https://x.com/CollinSherwin/status/2008919755063791923,"[""@UCF_Collapse"", ""@lululemon"", ""@USouthFlorida""]","[""https://x.com/lululemon/status/1819126454229389633""]",,,,False,与Lululemon无关 内容提到Saks，与Lululemon无关,en,
Larry @Tom & Marty's,2026-01-06T21:34:51.000Z,I’m picturing Sia and Zquishy drinking their Citrus Coolers while wearing their lululemon joggers. I’ll be over then in my Carhartt overalls tending the farm drinking a Gatorade Orange just like George Washington did.,2,3,0,317,,A-整体讨论,https://x.com/tomandmartys/status/2008653513610727923,"[""@SiaNejad"", ""@Zquishy13"", ""and 2 others""]",[],,,,True,有效 提到lululemon，相关真实英文内容,en,
@MisterCommodity,2026-01-08T00:15:18.000Z,"You'll have reduced inflammation You'll sleep better You'll have more energy Your wiener will look bigger Your butt won't look like a bag of wrenches in lululemon pants All for the price of a cable bill? Yeah, sign me up.",16,2,0,2448,,A-整体讨论,https://x.com/MisterCommodity/status/2009056280800121138,[],[],@nypost,Your weekly grocery bill will soar to $175 per person — if you eat how RFK Jr.’s new food pyramid suggests https://trib.al/4qPPbEL,https://x.com/nypost/status/2009036563255091652,True,有效 提及Lululemon裤子且带幽默观点,en,en
@BlaQccChidori,2026-01-07T04:10:39.000Z,I finally discovered what this “Lululemon” is (I thought it was a restaurant or a toy doll). And bruh… You mean to tell me that all these bitches and rap broads been going crazy over white women Ski/hiking gear? Is this like that whole Quarter-Zip thing?,2,1,0,132,,A-整体讨论,https://x.com/BlaQccChidori/status/2008753119157723171,[],[],,,,True,有效 讨论Lululemon品牌认知，真实英文内容,en,
@jackmoses777,2026-01-06T15:52:45.000Z,"Recently, I’ve been dressing nice and going to boujee cafes and lounges to work (instead of wearing a hoodie and sweatpants at my desk). I'm using vintage leather journals and gold pens. Wearing Ra Optics daylight glasses. Working out first thing in the morning and getting clean-shaven. Why? Everything is downstream of your identity. When I imagine my identity 5 years from now and visualize what I'll be wearing and where I'll be working, I see myself in nice clothes, in nice places, writing and doing high-level deals. To bring this future vision into the now, I'm simply acting as if I were already living in that future. The way I write... The way I send messages... The way I talk about my offers... It all elevates as a result of my chosen environment and my aesthetic. You can program yourself to unlock your next level in the same way. Put yourself into environments where wealth and money circulate. Dress like the person you wish to be. Walk around and talk to people as if you were already the person you wish to be. If you were operating 1 or 2 levels higher - or the version of you 3-5 years from now: - How would you dress? - Where would you work? - What would your schedule be? - What would you be working on? - How would you speak to prospects? Take these answers and embody them today. I guarantee you'll begin to see a shift.",1429,110,87,152852,,A-整体讨论,https://x.com/jackmoses777/status/2008567421771055187,[],[],,,,False,与Lululemon无关 内容是关于自我提升的，不提及Lululemon,en,
@Winchester__C,2026-01-07T16:11:35.000Z,Lululemon sweats and three monitors here. I value efficiency over looking pretty.,2,1,0,31,,A-整体讨论,https://x.com/Winchester__C/status/2008934550865322236,"[""@jackmoses777""]","[""https://x.com/jackmoses777/status/2008567421771055187""]",,,,True,有效 与Lululemon相关英文原创内容,en,
@WMSBG,2026-01-07T21:45:44.000Z,".⁦
@NYPD90Pct
⁩ arrested 2 perps while 1 is still outstanding on Marcy Ave & Rutledge St following a pursuit for stealing clothing from the Lululemon Store on North 6th St.",4,1,2,1017,,A-整体讨论,https://x.com/WMSBG/status/2009018641417949641,[],[],,,,True,有效 警方追捕提到Lululemon盗窃事件,en,
@hitsamty,2026-01-06T18:35:06.000Z,"You have a guy who's like the New York frum CRE world's Kevin Bacon. He can make it all happen for you: perform a closing, find you JV equity (or heimish pref), even help temporarily pad your bank account to pass muster with lenders. It's a GREAT gig. Until it becomes the epicenter of what's shaping up to be New York's largest-ever real estate escrow fraud. Our video snapshot of Mark Nussbaum",191,17,14,45508,,A-整体讨论,https://x.com/hitsamty/status/2008608280239841395,[],[],,,,False,与Lululemon无关 内容关于房地产欺诈与Lululemon无关,en,
@marktumim,2026-01-07T20:38:39.000Z,I hear your point but he only wears a white shirt in court…,2,1,0,72,,A-整体讨论,https://x.com/marktumim/status/2009001757406646742,"[""@arinohem"", ""@hitsamty"", ""and 2 others""]","[""https://x.com/hitsamty/status/2008608280239841395""]",,,,False,与Lululemon无关 内容与Lululemon毫无关联,en,
@minhagim,2026-01-08T00:29:36.000Z,"All the Lululemon pants in the world can’t take away the Yeshivishkeit. If you saw him in court, that much is obvious, white shirt aside.",2,0,0,35,,A-整体讨论,https://x.com/minhagim/status/2009059879504499088,"[""@marktumim"", ""@arinohem"", ""@bridgelenderguy""]","[""https://x.com/marktumim/status/2009001757406646742""]",,,,True,有效 提及Lululemon并有实质评论,en,
@ChrisNotChelios,2026-01-08T00:50:59.000Z,Lululemon on a fat chick is like a diamond collar on a pug.,2,0,0,384,,A-整体讨论,https://x.com/ChrisNotChelios/status/2009065262361006326,[],[],,,,True,有效 与Lululemon相关，含讽刺评论,en,
@kasia__xoxo_,2026-01-07T13:35:50.000Z,"Had breakfast with anyone interesting lately? #kotd
@Disney
#Disney",112,5,2,2337,#kotd #Disney,A-整体讨论,https://x.com/kasia__xoxo_/status/2008895353018601473,[],[],,,,False,与Lululemon无关 内容为早餐与迪士尼，无Lululemon关联,en,
@kasia__xoxo_,2026-01-07T17:15:30.000Z,Can't pass this up... Her own lightning Lane!,2,1,0,31,,A-整体讨论,https://x.com/kasia__xoxo_/status/2008950633601098086,"[""@NicoGoBlue"", ""@Disney"", ""and 7 others""]","[""https://x.com/NicoGoBlue/status/2008943941643624583""]",,,,True,有效 与Lululemon品牌相关讨论,en,
@FoxNews,2026-01-07T07:00:11.000Z,Video shows masked thieves using sledgehammer in brazen Lululemon heist before fleeing in U-Haul,73,48,25,44312,,A-整体讨论,https://x.com/FoxNews/status/2008795786142732693,[],[],,,,True,有效 与Lululemon抢劫事件相关,en,
@sulliv50474,2026-01-07T08:56:32.000Z,Lululemon?! Not Cartier? Or Tiffany's?Hmmmm,2,1,0,113,,A-整体讨论,https://x.com/sulliv50474/status/2008825067694936469,"[""@FoxNews""]","[""https://x.com/FoxNews/status/2008795786142732693""]",,,,True,有效 提及Lululemon，有观点讨论,en,
@wwd,2026-01-07T19:28:36.000Z,"Centric Brands Acquires Maker of Ugg, Lululemon and Cole Haan Cold-Weather Accessories",2,0,1,919,,A-整体讨论,https://x.com/wwd/status/2008984129908478454,[],[],,,,True,有效 提及Lululemon品牌收购相关新闻,en,
@SamanthaWojArt,2026-01-06T22:10:46.000Z,"To celebrate 30 days from the Opening Ceremonies of the 
@Olympics
 Here is a painting I did of the Sidney Crosby with hockey equipment as a paintbrush. 
@lululemon
@TeamCanada
 . #Olympics2026",9,1,0,2017,#Olympics2026,A-整体讨论,https://x.com/SamanthaWojArt/status/2008662552906264733,[],[],,,,True,有效 与lululemon及奥运会相关原创内容,en,
@MadebyIsaac,2026-01-07T15:58:13.000Z,Closed out December strong. Full brand identity and merch collection delivered. Q1 already moving. Another brand identity booked for the start of this month and some intro calls tonight. Excited to see where this year goes,9,2,0,639,,A-整体讨论,https://x.com/MadebyIsaac/status/2008931187813740626,[],[],,,,False,与Lululemon无关 内容不涉及Lululemon,en,
@ALVSR7,2026-01-07T18:37:18.000Z,Making a clothing brand or for a client?,2,1,0,51,,A-整体讨论,https://x.com/ALVSR7/status/2008971222101708891,"[""@MadebyIsaac""]","[""https://x.com/MadebyIsaac/status/2008931187813740626""]",,,,False,与Lululemon无关 内容与Lululemon无关联,en,
@MadebyIsaac,2026-01-07T18:40:41.000Z,"for a client. I wear 
@lululemon
 half my days",1,0,0,27,,A-整体讨论,https://x.com/MadebyIsaac/status/2008972071116918835,"[""@ALVSR7""]","[""https://x.com/ALVSR7/status/2008971222101708891""]",,,,True,有效 提及Lululemon，真实发帖,en,
@eaglesautism,2026-01-07T17:22:48.000Z,"For the first time ever, EAF 
@lululemon
 merchandise is available online! Shop now and support our Eagles autism community with each purchase. https://bit.ly/EAFlululemon",12,2,4,308,,A-整体讨论,https://x.com/eaglesautism/status/2008952472212320600,[],[],,,,False,广告 推广商品并附购买链接,en,
@ExtraInningSB,2026-01-07T21:30:07.000Z,LULULEMON BELT BAG GIVEAWAY Class of 2029 Nominations CLOSE Jan 12 TO ENTER: Like this post Follow us on Instagram AND X Tag 5 Class of 2029 players BONUS ENTRY: Repost this post Winner announced Jan 16 Nominate. Tag. Win. Let’s go! #ExtraInningSoftball#Classof2029,44,3,8,4983,#ExtraInningSoftball #Classof2029,A-整体讨论,https://x.com/ExtraInningSB/status/2009014712390848706,[],[],,,,False,广告 抽奖活动推广，营销性质,en,
@suamonroe,2026-01-07T20:41:00.000Z,Mmm ion know I may go to Lululemon or Fabletics…You gon cashapp me Grok?,1,4,0,96,,A-整体讨论,https://x.com/suamonroe/status/2009002348543451246,"[""@grok""]",[],,,,False,与Lululemon无关 仅提及购物选择，无品牌实质内容,en,
@Usernametooshor,2026-01-07T07:08:43.000Z,"@grok
 put her a lululemon outfit",1,1,0,1921,,A-整体讨论,https://x.com/Usernametooshor/status/2008797933656043724,"[""@oliviagarcia_xo"", ""@grok""]",[],,,,True,有效 提及Lululemon且为原创英文内容,en,
@kasia__xoxo_,2026-01-07T16:43:32.000Z,Idk her style game is usually top notch!,2,1,0,42,,A-整体讨论,https://x.com/kasia__xoxo_/status/2008942591019237802,"[""@NicoGoBlue"", ""@Disney"", ""and 7 others""]","[""https://x.com/NicoGoBlue/status/2008943941643624583""]",,,,True,有效 讨论Lululemon风格，相关真实内容,en,
@chernybrini,2026-01-07T02:02:10.000Z,him and his lululemon beanie against the world,18,0,0,252,,A-整体讨论,https://x.com/chernybrini/status/2008720785737937301,[],[],,,,True,有效 提到Lululemon品牌内容,en,
@Chefparlay,2026-01-08T14:50:29.000Z,"They robbed the Lululemon in Ardmore the other day and I’m honestly confused. It’s not even that expensive… if you can’t afford it, it’s not that serious.",4,0,0,1748,,A-整体讨论,https://x.com/Chefparlay/status/2009276529507742084,[],[],,,,True,有效 讨论Lululemon门店抢劫事件,en,
@queenAlly22,2026-01-07T14:58:11.000Z,May or may not have dropped over $1k on Lululemon… Thinking I should make a haul video hahaha,18,1,2,3458,,A-整体讨论,https://x.com/queenAlly22/status/2008916079179915435,[],[],,,,True,有效 与Lululemon购买相关，非广告,en,
@darylwattsyyh,2026-01-07T19:19:35.000Z,probably because the lululemon team canada merch is so ugly,2,0,1,286,,A-整体讨论,https://x.com/darylwattsyyh/status/2008981862908305696,[],[],@cbcsports,Why everyone is talking about Heated Rivalry's Team Canada fleece http://cbc.ca/9.7035705,https://x.com/cbcsports/status/2008938288531251447,True,有效 提及Lululemon或吐槽其设计,en,en
@optionscjp,2026-01-06T20:33:07.000Z,"Stocks i'm watching if Tariffs are overturned on Friday: 
$NKE
 Nike 
$GAP
 Gap 
$PINS
 Pinterest 
$RH
 Restoration Hardware 
$DECK
 Deckers 
$ETSY
 Etsy 
$W
 Wayfair 
$LULU
Lululemon
$AEO
 I have a position in 
$NKE
$GAP
 and 
$PINS",237,29,11,42035,,A-整体讨论,https://x.com/optionscjp/status/2008637980433633300,[],[],,,,False,与Lululemon无关 泛股票讨论，非品牌具体内容,en,
@queenAlly22,2026-01-06T21:00:46.000Z,I have a little proposition for all of my Lululemon-obsessed subbies... want to hear it?,21,0,0,4037,,A-整体讨论,https://x.com/queenAlly22/status/2008644935332098443,[],[],,,,True,有效 与Lululemon相关，英文提问,en,
@Sanjay_Trime,2026-01-05T03:06:55.000Z,"@lululemon
 I bought these 2 yoga mats a few years ago and they are extremely slippery. I can barely hold a position as my feet keep slipping on them. I live in India, and you do not have an outlet here. Extremely disappointed with the quality and functionality of these mats.",0,2,2,165,,A-整体讨论,https://x.com/Sanjay_Trime/status/2008012305834054123,[],[],,,,True,有效 反馈Lululemon产品滑且质量差,en,
@lululemon,2026-01-05T12:21:49.000Z,"Thanks for sharing this feedback. We recommend cleaning your mat with a gentle cleanser and storing it out of direct sunlight, which can help with grip. If you’d like to chat more, feel free to send us a private message.",0,1,0,50,,A-整体讨论,https://x.com/lululemon/status/2008151951457071137,"[""@Sanjay_Trime""]","[""https://x.com/Sanjay_Trime/status/2008012305834054123""]",,,,True,有效 品牌官方回应产品建议,en,
@Sanjay_Trime,2026-01-07T12:10:29.000Z,I did they many times but it did not help. The mat is slippery and I can’t get a firm grip on it without skidding. Can you help me?,0,0,2,29,,A-整体讨论,https://x.com/Sanjay_Trime/status/2008873874721751550,"[""@lululemon""]","[""https://x.com/lululemon/status/2008151951457071137""]",,,,True,有效 涉及Lululemon瑜伽垫滑腻问题，真实用户反馈,en,
@VanIsleInvestor,2026-01-07T17:22:46.000Z,"BNN Jamie Murray: 
$LULU
Lululemon We see a comeback for Lululemon. We have bought a couple times and see a 60-70% upside from here. They have lots of growth opportunity worldwide though they need to fix the U.S. business. They have a new designer and new CEO to make the changes needed for change.",20,4,0,3577,,A-整体讨论,https://x.com/VanIsleInvestor/status/2008952463865290866,[],[],,,,True,有效 投资分析讨论Lululemon发展前景,en,
@netiblogpro,2026-01-06T17:45:36.000Z,"Dakota Johnson wore a Lululemon Focuser Scoop-Neck Bra and Glow Up Super-High-Rise Tight 28 leaving Tracy Anderson gym in Studio City January 2026. Dakota Johnson is photographed on January 5, 2026, stepping out of the Tracy Anderson gym in Studio City, looking exactly like so…",3,1,0,536,,A-整体讨论,https://x.com/netiblogpro/status/2008595821801931139,[],[],,,,True,有效 与Lululemon相关且为英文原创内容,en,
@alt1na1,2026-01-06T22:41:08.000Z,dragging my lazy ass 2 Lululemon,10,1,0,441,,A-整体讨论,https://x.com/alt1na1/status/2008670196274524661,[],[],,,,True,有效 与Lululemon相关，原创英文内容,en,
@PuckNews,2026-01-07T16:06:07.000Z,"In a world of hyperbole—“Nike is spiraling!” “Lululemon is a mess!”—analyst Simeon Siegel is a proponent of taking the long, and larger, view. 
@sarah_shapiro
 spoke to Siegel about retail’s major players and what’s just around the corner:",6,0,2,1577,,A-整体讨论,https://x.com/PuckNews/status/2008933172025671928,[],[],,,,True,有效 讨论Lululemon品牌现状及分析师观点,en,
@VanIsleInvestor,2026-01-06T17:57:00.000Z,"BNN Matt Kacur Top Picks 
$AVGO
 Broadcom 35X Today $346.47 Target $460.31 
$LULU
Lululemon 16X Today $215.99 Target $213.13 
$AME
 Ametek 29X Today $212.19 Target $225.72 Matt personally owns all 3",2,4,0,1991,,A-整体讨论,https://x.com/VanIsleInvestor/status/2008598690349674653,[],[],,,,False,与Lululemon无关 主要内容为股票推荐非品牌讨论,en,
@RobbinRobyn,2026-01-06T22:43:49.000Z,wait how is she white I remember watching her as a kid on sytycd and she never gave white valley idk,1,1,0,278,,A-整体讨论,https://x.com/RobbinRobyn/status/2008670869238018213,"[""@matchatobacco""]",[],,,,False,与Lululemon无关 内容与Lululemon毫无关联,en,
@matchatobacco,2026-01-07T01:31:25.000Z,"I was joking but she still looks very maga, country music, gracie abrahams, starbucks pink drink, lululemon girl",5,1,1,337,,A-整体讨论,https://x.com/matchatobacco/status/2008713048564134346,"[""@RobbinRobyn""]","[""https://x.com/RobbinRobyn/status/2008670869238018213""]",,,,True,有效 提及Lululemon品牌相关文化讨论,en,
@jeremyjudkins_,2026-01-08T12:59:47.000Z,Thank you Lululemon employee for telling me the market is about to crash.,20,5,0,2505,,A-整体讨论,https://x.com/jeremyjudkins_/status/2009248668226933020,[],[],,,,True,有效 提及Lululemon员工，与品牌相关,en,
@MiamiBeachNews,2026-01-07T19:10:20.000Z,".
@lululemon
 is hosting a ladies doubles tournament at the Miami Beach Tennis Center! Saturday, January 17 Miami Beach Tennis Center 501 72 Street Team selections will be made based on the time of registration. Format: - 3 matches guaranteed - One ""pro set"" (no ads) - Gift bags, trophies and prizes provided by lululemon Eligibility: The 7.0 Combo 18 & Over division is part of the USTA Combo Doubles League for adult players aged 18 and older. In this format, a team’s combined NTRP rating may not exceed 7.0 and the difference in ratings between partners may not exceed 1.0. For example, a 4.0 player may partner with a 3.0 player to form a valid 7.0 team. Register and learn more: https://playtennis.usta.com/Competitions/miamibeachtenniscenter/Tournaments/Overview/8eddf612-85fa-4119-bcf5-b0ef076713d4…",3,0,2,475,,A-整体讨论,https://x.com/MiamiBeachNews/status/2008979531822936305,[],[],,,,True,有效 Lululemon赞助网球赛事信息，品牌相关,en,
@604RAW,2026-01-07T00:00:51.000Z,"Lululemon founder Chip Wilson just bought back Westbeach, the Vancouver surf skate brand he started in 1979 that helped shape local street culture in the ’80s and ’90s The brand has quietly reopened a location on West 4th in Kitsilano",496,10,29,59070,,A-整体讨论,https://x.com/604RAW/status/2008690257202737507,[],[],,,,True,有效 涉及Lululemon创始人及品牌历史,en,
@TrailerTal84676,2025-12-31T16:31:09.000Z,"Tomorrow I will get 
@grok
 to help us verify facts and we can educate Grok on the Political Scum as staffers know them It’s important to Know WHO you are voting for Anyone can help fix the issues Bad people won’t Learn who they are starting tomorrow with Grok and I",8,15,5,13245,,B-化学品争议,https://x.com/TrailerTal84676/status/2006402757830263045,[],[],@TrailerTal84676,"Language of WEASEL that 
@PierrePoilievre
 is an expert in will need first class Coming soon We will talk about all 343 scumbags In Ottawa and rest in lower levels",https://x.com/TrailerTal84676/status/2006385143339008126,False,与Lululemon无关 内容涉及政治投票与Grok，与Lululemon无关,en,en
@TrailerTal84676,2026-01-06T19:05:21.000Z,"Brand names handy for the products 
@grok",0,1,0,13,,B-化学品争议,https://x.com/TrailerTal84676/status/2008615893190984153,"[""@grok"", ""@GSawision"", ""and 3 others""]",[],,,,False,与Lululemon无关 内容未提及Lululemon品牌,en,
@grok,2026-01-06T19:27:06.000Z,"Common brands linked to PFAS (forever chemicals) in products include Teflon (non-stick cookware), Scotchgard (stain repellents), Gore-Tex (waterproof fabrics), Lululemon (activewear), and CoverGirl (cosmetics). Many offer PFAS-free options now—check labels or sites like EWG for details. Specific product in mind?",0,2,0,72,,B-化学品争议,https://x.com/grok/status/2008621364484145423,"[""@TrailerTal84676"", ""@GSawision"", ""and 3 others""]","[""https://x.com/TrailerTal84676/status/2008615893190984153""]",,,,True,有效 提及Lululemon与PFAS关联，相关讨论,en,
@Joeoltmann,2026-01-07T23:41:17.000Z,"Kyle Antifa Clark 
@KyleClark
 went on a diatribe about truth and more J6 insane nonsense… and he used an old psychological tactic of “we all saw the video”. Lol… yes we did. We watched as the MSM lied with impunity. But Kyle is clever, he long ago stated that you have your truth. So lying about J6 is easy as moving your feet for this guy. Did he report on the bribery case involving Weiser and Gov Polis? No. Did he report on Eric Coomer running into a building, lying to police? No. Did he report fairly about the smoke Lindell trial and the outcome? No. Has he reported the truth about anything? No. This man is one of the most dangerous men(if you can call him a man) in Colorado. Why? Because shaping truth to fit a narrative of ideology is not truth, it is evil, demonic, and outright dishonest. J6 was about Americans recognizing they were not heard and massive elction fraud against the American people was afoot. Yet much like what the CIA and the perverted who look to destroy our nation, people like Kyle Clark are used as sticks to beat down truth, not report on it. They find joy in the degradation of societal norms and they do it with a crooked smile and psychopathic mindset. No one believes Kyle Clark anymore. He is insignificant and as they say, the emperor has no clothes. We can see the evil through his lululemon pants and yes, his crooked smile. J6 persecutions were an attack on the ethos of our nation. Another manufactured fraud on the people. It was evil doing what evil does. Kyle Clark is evil... 
@9NEWS
 is not an organization of news, it is one of being the earner and enforcer for a crime family that seeks to destroy and enslave the people...",56,5,17,1319,,D-透明度,https://x.com/Joeoltmann/status/2009047718426255558,[],[],,,,False,与Lululemon无关 内容涉及政治争议，仅提及Lululemon品牌，主题无关。,en,
@ADotSerena,2026-01-08T23:04:59.000Z,"Somebody stole my 
@lululemon
 package from my building and I’m so upset because it was actually delivered and then stolen from my mailroom smh I can’t even file a claim for 24 hours smh",1,1,2,97,,A-整体讨论,https://x.com/ADotSerena/status/2009400971294855252,[],[],,,,True,有效 真实用户投诉包裹被盗，与品牌相关,en,
@enews,2026-01-09T12:04:57.000Z,"The Most Supportive Walking Sneakers for Hitting Your Daily Step Goal: Nike, Lululemon, Adidas +",4,2,3,5989,,A-整体讨论,https://x.com/enews/status/2009597260141588490,[],[],,,,False,广告 标题为促销推广内容,en,
@phillymag,2026-01-07T21:00:22.000Z,A Main Line lawsuit. A Lululemon heist. And Kevin Hart gets even richer.,0,0,0,687,,A-整体讨论,https://x.com/phillymag/status/2009007226262880401,[],[],,,,True,有效 提及Lululemon抢劫事件，与品牌相关,en,
@ProDauns,2026-01-09T04:55:25.000Z,Throwing a brick so hard into the lululemon store that it ricochets back into my hand like Captain America’s Shield,7,0,0,33,,A-整体讨论,https://x.com/ProDauns/status/2009489162949603738,[],[],,,,True,有效 与Lululemon品牌相关，原创内容,en,
@jadoreSam,2026-01-09T05:22:39.000Z,Wearing lululemon at home refusing to pay anything is insane. Priorities babe,2,0,0,188,,A-整体讨论,https://x.com/jadoreSam/status/2009496014806503521,"[""@wildfreakouts""]",[],,,,True,有效 提及Lululemon品牌并表达观点,en,
@KobeissiLetter,2025-06-05T20:40:35.000Z,"BREAKING: Lululemon stock, 
$LULU
, falls over -20% after cutting its full-year guidance citing a “dynamic macroenvironment.”",2059,102,314,355016,,A-整体讨论,https://x.com/KobeissiLetter/status/1930726468637675840,[],[],,,,True,有效 关于Lululemon股价下跌的新闻报道,en,
@Afuri14,2026-01-09T12:04:21.000Z,"my first purchase w Lululemon with my own credit card. they are asking for bank statement lol. it happened to others also, this is a massive overreach from a merchandise. Not luxury good company would do this to their customers. 
@lululemon",0,0,1,37,,A-整体讨论,https://x.com/Afuri14/status/2009597107406266394,"[""@KobeissiLetter""]","[""https://x.com/KobeissiLetter/status/1930726468637675840""]",,,,True,有效 用户投诉Lululemon索要银行流水，属消费争议,en,
@SaltnSass,2026-01-07T20:35:28.000Z,Nothing like ordering something from lululemon to just be waiting multiple days for them to ship#patienceofafiveyearold,1,0,0,231,#patienceofafiveyearold,A-整体讨论,https://x.com/SaltnSass/status/2009000960069431662,[],[],,,,True,有效 用户抱怨Lululemon发货慢，相关讨论,en,
@PhillyInquirer,2026-01-07T20:26:00.000Z,Ardmore Lululemon burglarized for second time in two years,0,0,0,1630,,A-整体讨论,https://x.com/PhillyInquirer/status/2008998577041768571,[],[],,,,True,有效 真实英文新闻，与Lululemon店铺事件相关,en,
@tylerscruggs,2026-01-08T20:52:42.000Z,Bought this Lululemon hoodie for $5 — happy thrifting friends,9,0,0,358,,A-整体讨论,https://x.com/tylerscruggs/status/2009367684291678501,[],[],,,,True,有效 提到Lululemon购物体验，真实内容,en,
@dumbbitchcap,2026-01-09T15:03:58.000Z,"This is not sponsored &I have no reason to promote these BUT as a DUMB BITCH I have probably spent thousands$$ trying different maternity leggings, hating them all, to find on my second pregnancy that the Haynes $14 ones are INSANE. I am 5’2 and finding maternity clothes that fit me in the first place is a BITCH, let alone comfortable or cute. I am also extremely picky and only like the super soft lululemon fabric or a niche luxury brand called year of ours when I’m not pregnant. I am extremely annoyed to discover that by far the superior choice is these $14 Haynes ones from Amazon. They are incredibly comfortable, super stretchy soft like lulu align leggings, have POCKETS, and actually fit me length wise. So if you are pregnant please just trust me and buy these right now , don’t waste your time or money on other brands (Even if you are taller, these will probably be great do you because they just hit my ankles)",286,32,4,33200,,A-整体讨论,https://x.com/dumbbitchcap/status/2009642307952287924,[],[],,,,True,有效 提及Lululemon面料对比，孕妇紧身裤体验讨论,en,
@lululemon,2024-08-01T21:41:59.000Z,"Records are for breaking. Congrats to our Ambassador Summer McIntosh on setting a new Olympic record on her way to 200m Butterfly gold. Add that to her medals in the 400m IM and the 400m Freestyle, and we’re calling it... a Summer special. #TeamCanada",195,293,42,191240,#TeamCanada,A-整体讨论,https://x.com/lululemon/status/1819126454229389633,[],[],,,,True,有效 Lululemon官方祝贺运动员的原创帖,en,
@eddiegoblue,2026-01-08T13:46:36.000Z,"I don’t understand why no one from Lululemon will help me. All I want is to have my package held at a FedEx office so it doesn’t get stolen. No one will help. c176733412494524 
@lululemon
 you are losing a customer for life",0,1,4,58,,A-整体讨论,https://x.com/eddiegoblue/status/2009260452388246009,"[""@lululemon"", ""@summermcintoshh""]","[""https://x.com/lululemon/status/1819126454229389633""]",,,,True,有效 抱怨Lululemon客服，品牌相关且原创,en,
@RealSartoria,2026-01-08T02:28:22.000Z,Dakota Johnson wore a Lululemon Focuser Scoop-Neck Bra and Glow Up Super-High-Rise Tight 28 leaving Tracy Anderson gym in Studio City,211,1,16,17628,,A-整体讨论,https://x.com/RealSartoria/status/2009089768144216514,[],[],,,,True,有效 提及Lululemon产品穿搭,en,
@femmecatra,2026-01-08T20:41:58.000Z,asked my mom if she liked my shirt she said: “you look like that thing you always talk about.. catra“,3762,9,56,32210,,A-整体讨论,https://x.com/femmecatra/status/2009364981696090513,[],[],,,,False,与Lululemon无关 内容仅提及衬衫和猫，无Lululemon关联,en,
@max_w1lliams,2026-01-09T15:18:39.000Z,where did u buy this shirt????,1,1,0,1619,,A-整体讨论,https://x.com/max_w1lliams/status/2009646004728222068,"[""@femmecatra""]","[""https://x.com/femmecatra/status/2009364981696090513""]",,,,False,与Lululemon无关 询问衬衫购买地点未提及品牌,en,
@femmecatra,2026-01-09T15:47:54.000Z,i bought it off depop but its lululemon brand,2,1,0,1481,,A-整体讨论,https://x.com/femmecatra/status/2009653365530337753,"[""@max_w1lliams""]","[""https://x.com/max_w1lliams/status/2009646004728222068""]",,,,True,有效 与Lululemon品牌相关真实内容,en,
@wwd,2026-01-07T19:28:36.000Z,"Centric Brands Acquires Maker of Ugg, Lululemon and Cole Haan Cold-Weather Accessories",2,0,1,920,,A-整体讨论,https://x.com/wwd/status/2008984129908478454,[],[],,,,True,有效 涉及Lululemon品牌商业新闻,en,
@itsrosaabihxo,2026-01-09T14:50:36.000Z,I can’t find my lululemon sweater,2,0,0,1442,,A-整体讨论,https://x.com/itsrosaabihxo/status/2009638944548536795,[],[],,,,True,有效 讨论Lululemon毛衣丢失，相关,en,
@Afuri14,2026-01-09T12:08:18.000Z,"it happened to me. They gave me 2 options, refund or drive to the store to buy my own hoodies. shame on u lululemon",1,0,0,23,,A-整体讨论,https://x.com/Afuri14/status/2009598102488178807,"[""@ErikaaLauren"", ""@lululemon""]","[""https://x.com/lululemon/status/1819126454229389633""]",,,,True,有效 个人经历投诉品牌回应,en,
@NicoGoBlue,2026-01-07T16:08:28.000Z,Hope you gave her some links & pointers on her shoe game I feel my inner child stirring simply from seeing Mrs Mouse,2,1,0,40,,A-整体讨论,https://x.com/NicoGoBlue/status/2008933766048170207,"[""@kasia__xoxo_"", ""@Disney"", ""and 7 others""]",[],,,,False,与Lululemon无关 内容与Lululemon品牌无关,en,
@andlalune,2026-01-07T21:49:03.000Z,"Day three into the new job and I don’t want to jinx things, but so far, I don’t hate it. (Also I can wear sports gear to work, so I may need to snag some Sabres lululemon in the future.)",3,0,0,219,,A-整体讨论,https://x.com/andlalune/status/2009019477393027388,[],[],,,,True,有效 提及Lululemon，真实英文职场分享,en,
@kasia__xoxo_,2026-01-07T13:35:50.000Z,"Had breakfast with anyone interesting lately? #kotd
@Disney
#Disney",112,5,2,2338,#kotd #Disney,A-整体讨论,https://x.com/kasia__xoxo_/status/2008895353018601473,[],[],,,,False,与Lululemon无关 内容与Lululemon毫无关联,en,
@NicoGoBlue,2026-01-07T16:48:54.000Z,She’s must be in her own lane lol,2,1,0,26,,A-整体讨论,https://x.com/NicoGoBlue/status/2008943941643624583,"[""@kasia__xoxo_"", ""@Disney"", ""and 7 others""]","[""https://x.com/kasia__xoxo_/status/2008895353018601473""]",,,,False,与Lululemon无关 内容未提及Lululemon,en,
@kasia__xoxo_,2026-01-07T17:15:30.000Z,Can't pass this up... Her own lightning Lane!,2,1,0,32,,A-整体讨论,https://x.com/kasia__xoxo_/status/2008950633601098086,"[""@NicoGoBlue"", ""@Disney"", ""and 7 others""]","[""https://x.com/NicoGoBlue/status/2008943941643624583""]",,,,False,与Lululemon无关 内容未提及Lululemon,en,
@canadagoose,2026-01-05T17:20:06.000Z,Meet your blues: https://bit.ly/NewArrivals-2026…,19,6,6,2527,,A-整体讨论,https://x.com/canadagoose/status/2008227018496737603,[],[],,,,False,与Lululemon无关 内容关于加拿大鹅品牌,en,
@RobWatches,2026-01-09T01:55:39.000Z,What model fits like the Lululemon down for it all? You guys have too many models and i can't choose (mens),3,0,0,61,,A-整体讨论,https://x.com/RobWatches/status/2009443921370439760,"[""@canadagoose""]","[""https://x.com/canadagoose/status/2008227018496737603""]",,,,True,有效 询问Lululemon羽绒服型号，相关真实内容,en,
@hitsamty,2026-01-06T18:35:06.000Z,"You have a guy who's like the New York frum CRE world's Kevin Bacon. He can make it all happen for you: perform a closing, find you JV equity (or heimish pref), even help temporarily pad your bank account to pass muster with lenders. It's a GREAT gig. Until it becomes the epicenter of what's shaping up to be New York's largest-ever real estate escrow fraud. Our video snapshot of Mark Nussbaum",191,17,14,45508,,A-整体讨论,https://x.com/hitsamty/status/2008608280239841395,[],[],,,,False,与Lululemon无关 内容关于房地产欺诈，与Lululemon无关,en,
@marktumim,2026-01-07T20:38:39.000Z,I hear your point but he only wears a white shirt in court…,2,1,0,73,,A-整体讨论,https://x.com/marktumim/status/2009001757406646742,"[""@arinohem"", ""@hitsamty"", ""and 2 others""]","[""https://x.com/hitsamty/status/2008608280239841395""]",,,,False,与Lululemon无关 内容未提及Lululemon，仅讨论法庭着装,en,
@minhagim,2026-01-08T00:29:36.000Z,"All the Lululemon pants in the world can’t take away the Yeshivishkeit. If you saw him in court, that much is obvious, white shirt aside.",2,0,0,36,,A-整体讨论,https://x.com/minhagim/status/2009059879504499088,"[""@marktumim"", ""@arinohem"", ""@bridgelenderguy""]","[""https://x.com/marktumim/status/2009001757406646742""]",,,,True,有效 提及Lululemon并讨论品牌相关话题,en,
@selxixo,2026-01-09T12:19:46.000Z,i thought so too until i learned she stole this look from a black girl,129,11,1,14768,,A-整体讨论,https://x.com/selxixo/status/2009600988790042858,"[""@layxsnv""]",[],,,,False,与Lululemon无关 内容关于偷窃造型，与品牌无关,en,
@imthicktbh,2026-01-09T15:56:45.000Z,so if a bitch wear pink lululemon and another bitch do the same she cpying,1,1,0,279,,A-整体讨论,https://x.com/imthicktbh/status/2009655590830924051,"[""@selxixo"", ""@layxsnv""]","[""https://x.com/selxixo/status/2009600988790042858""]",,,,True,有效 讨论Lululemon穿搭相关话题,en,
@jackmoses777,2026-01-06T15:52:45.000Z,"Recently, I’ve been dressing nice and going to boujee cafes and lounges to work (instead of wearing a hoodie and sweatpants at my desk). I'm using vintage leather journals and gold pens. Wearing Ra Optics daylight glasses. Working out first thing in the morning and getting clean-shaven. Why? Everything is downstream of your identity. When I imagine my identity 5 years from now and visualize what I'll be wearing and where I'll be working, I see myself in nice clothes, in nice places, writing and doing high-level deals. To bring this future vision into the now, I'm simply acting as if I were already living in that future. The way I write... The way I send messages... The way I talk about my offers... It all elevates as a result of my chosen environment and my aesthetic. You can program yourself to unlock your next level in the same way. Put yourself into environments where wealth and money circulate. Dress like the person you wish to be. Walk around and talk to people as if you were already the person you wish to be. If you were operating 1 or 2 levels higher - or the version of you 3-5 years from now: - How would you dress? - Where would you work? - What would your schedule be? - What would you be working on? - How would you speak to prospects? Take these answers and embody them today. I guarantee you'll begin to see a shift.",1429,110,87,152853,,A-整体讨论,https://x.com/jackmoses777/status/2008567421771055187,[],[],,,,False,与Lululemon无关 讨论个人身份提升，未提及Lululemon,en,
@Winchester__C,2026-01-07T16:11:35.000Z,Lululemon sweats and three monitors here. I value efficiency over looking pretty.,2,1,0,32,,A-整体讨论,https://x.com/Winchester__C/status/2008934550865322236,"[""@jackmoses777""]","[""https://x.com/jackmoses777/status/2008567421771055187""]",,,,True,有效 英文真实原创，与Lululemon相关,en,
@Shisishuffle,2026-01-09T00:17:26.000Z,"Yes I like Eadem, Laneige, & Summer Fridays. Yes I wear Aritzia, Lululemon, Alo, or Skims to do sunrise yoga at The Edge NYC",6,0,0,215,,A-整体讨论,https://x.com/Shisishuffle/status/2009419205591093280,[],[],,,,True,有效 提及Lululemon品牌，真实内容,en,
@JoePompliano,2026-01-08T15:52:20.000Z,"Curt Cignetti will soon sign a new contract with Indiana that pays him at least $12.5 million per year. But after digging into the numbers, Cignetti might still be the most undervalued coach in college football (and not for the reason you might think). We all know what Cignetti has done at IU is remarkable — he turned a perennial cellar-dweller into the national championship favorite just two years after his arrival. This has transformed IU's athletic department: • Before the 2025 season even kicked off, ticket revenue for IU's football team had surpassed $13 million. • Indiana announced a $50 million stadium naming rights deal with Merchants Bank. • Fundraising has hit a record high, with billionaire IU alum Mark Cuban donating to the athletic department for the first time ever. But that's the obvious stuff; Cignetti's real impact comes in the admissions office. IU's football team is essentially a marketing vehicle for the university — 24 million people watched them win the Rose Bowl, 18 million watched them win the Big Ten Championship, and when College Gameday visited Indiana's campus last year, more than 2 million people watched a 3-hour commercial about the school. This publicity is worth hundreds of millions of dollars and is having a real impact on Indiana's finances. In 2025 alone, Indiana University set school records for total enrollment (48,626 students), freshman class size (10,127 students), first-year out-of-state students (4,697), and application volume (73,400). Indiana University Applicants • 2019-20: 44,178 • 2020-21: 46,623 • 2021-22: 50,159 • 2022-23: 54,345 • 2023-24: 67,731 • 2024-25: 73,400 But since IU can only admit so many students each year, they leverage the additional demand to 1) rotate the composition of their student body toward out-of-state students, and 2) become more selective academically. Out-of-state students now account for about 50% of IU's total enrollment, with the school admitting a total of 4,697 new out-of-state students in 2025 — roughly 500 more out-of-state students than IU's previous record. This is an important distinction because out-of-state students pay $30,000 more in annual tuition – $12,000 for Indiana residents versus $42,000 for non-residents. 500 new out-of-state students x $30,000 tuition difference ––––––––– = $15 million annually If you multiply that by a four-year degree, these out-of-state students are worth $60 million more to IU than their in-state counterparts. And since football success attracts more applicants, IU's admissions office can be more selective. Indiana's Fall 2025 class had a median high school GPA of 3.94 — the highest in IU admissions history. This creates a virtuous cycle. Better sports → more applicants → better students → higher rankings. Higher rankings then lead to even more applicants, and, eventually, higher tuition revenues. This is exactly what happened at Alabama with Nick Saban, and it's a big reason why Indiana is completely comfortable giving Cignetti new contracts every year. P.S. If you enjoyed this breakdown, join 135,000 others who learn about the business and money behind sports by reading my 3x weekly newsletter: https://huddleup.substack.com",4824,174,637,1594941,,A-整体讨论,https://x.com/JoePompliano/status/2009292092221030407,[],[],,,,False,与Lululemon无关 内容关于大学橄榄球教练，与Lululemon无关,en,
@bpank1,2026-01-08T17:21:46.000Z,"The impact on City of Bloomington is huge as well. Hotel rooms full, restaurants packed, and merchandise selling. When will 
@IUHoosiers
 and 
@lululemon
 team up?",7,0,1,450,,A-整体讨论,https://x.com/bpank1/status/2009314599682887938,"[""@JoePompliano""]","[""https://x.com/JoePompliano/status/2009292092221030407""]",,,,True,有效 提及Lululemon合作话题,en,
@kasia__xoxo_,2026-01-07T16:43:32.000Z,Idk her style game is usually top notch!,2,1,0,43,,A-整体讨论,https://x.com/kasia__xoxo_/status/2008942591019237802,"[""@NicoGoBlue"", ""@Disney"", ""and 7 others""]","[""https://x.com/NicoGoBlue/status/2008943941643624583""]",,,,False,与Lululemon无关 未提及Lululemon或相关话题,en,
@Chefparlay,2026-01-08T14:50:29.000Z,"They robbed the Lululemon in Ardmore the other day and I’m honestly confused. It’s not even that expensive… if you can’t afford it, it’s not that serious.",4,0,0,1749,,A-整体讨论,https://x.com/Chefparlay/status/2009276529507742084,[],[],,,,True,有效 涉及Lululemon抢劫事件的讨论,en,
@i_can_fix_you69,2026-01-08T16:41:18.000Z,tw bc . . . . . . . . . Wearing my new fit from Lululemon as motivation today,20,1,0,961,,A-整体讨论,https://x.com/i_can_fix_you69/status/2009304416759799919,[],[],,,,True,有效 真实英文内容，提及Lululemon新装,en,
@JohnWilkin77977,2026-01-08T22:26:02.000Z,I agree that this is the worst Canadian Olympic clothing so far.,1,1,1,53,,A-整体讨论,https://x.com/JohnWilkin77977/status/2009391170863137274,"[""@karmen638539"", ""@lululemon"", ""@RalphLauren""]","[""https://x.com/lululemon/status/1819126454229389633""]",,,,True,有效 讨论加拿大奥运服装批评，与Lululemon相关,en,
@PuckNews,2026-01-07T16:06:07.000Z,"In a world of hyperbole—“Nike is spiraling!” “Lululemon is a mess!”—analyst Simeon Siegel is a proponent of taking the long, and larger, view. 
@sarah_shapiro
 spoke to Siegel about retail’s major players and what’s just around the corner:",6,0,2,1578,,A-整体讨论,https://x.com/PuckNews/status/2008933172025671928,[],[],,,,True,有效 讨论Lululemon市场状况，含分析师观点,en,
@MadebyIsaac,2026-01-07T15:58:13.000Z,Closed out December strong. Full brand identity and merch collection delivered. Q1 already moving. Another brand identity booked for the start of this month and some intro calls tonight. Excited to see where this year goes,9,2,0,640,,A-整体讨论,https://x.com/MadebyIsaac/status/2008931187813740626,[],[],,,,False,与Lululemon无关 内容为个人品牌业务，无Lululemon关联,en,
@ALVSR7,2026-01-07T18:37:18.000Z,Making a clothing brand or for a client?,2,1,0,52,,A-整体讨论,https://x.com/ALVSR7/status/2008971222101708891,"[""@MadebyIsaac""]","[""https://x.com/MadebyIsaac/status/2008931187813740626""]",,,,False,与Lululemon无关 内容与Lululemon无关，仅泛问时尚,en,
@MadebyIsaac,2026-01-07T18:40:41.000Z,"for a client. I wear 
@lululemon
 half my days",1,0,0,28,,A-整体讨论,https://x.com/MadebyIsaac/status/2008972071116918835,"[""@ALVSR7""]","[""https://x.com/ALVSR7/status/2008971222101708891""]",,,,True,有效 提及Lululemon品牌，内容为个人穿着体验,en,
@Mid30sManhattan,2026-01-09T00:07:37.000Z,"New York moment today. On the subway and two black dudes sprint on, looking over their shoulders, with an absurdly large trash bag. Subway starts moving and they relax and start joking so I ask what’s in the bag. They open it for me and there’s probably 100 NHL jerseys still on hangers. Look legit. Long story short, did I just get a real J for free for sparking up a convo with randoms? And does any know what this thing is?",5632,116,80,964425,,A-整体讨论,https://x.com/Mid30sManhattan/status/2009416734617555231,[],[],,,,False,与Lululemon无关 内容关于地铁NHL球衣，与Lululemon无关联,en,
@holewomanlovesX,2026-01-09T04:57:40.000Z,Take it to lululemon and say another store forgot to take off the tag but you don’t live close to them and wear nice clothes,21,1,0,32442,,A-整体讨论,https://x.com/holewomanlovesX/status/2009489728438194302,"[""@Mid30sManhattan""]","[""https://x.com/Mid30sManhattan/status/2009416734617555231""]",,,,True,有效 提及Lululemon退货相关真实内容,en,
@ChrisNotChelios,2026-01-08T00:50:59.000Z,Lululemon on a fat chick is like a diamond collar on a pug.,2,0,0,385,,A-整体讨论,https://x.com/ChrisNotChelios/status/2009065262361006326,[],[],,,,True,有效 讨论Lululemon品牌相关评论,en,
@AmiraIsQueen,2026-01-09T04:57:48.000Z,Omg. Lululemon a models too. Fugly asf,3,1,0,580,,A-整体讨论,https://x.com/AmiraIsQueen/status/2009489762705702995,"[""@greg_scott"", ""@LisaBritton""]",[],,,,True,有效 与Lululemon相关且表达观点,en,
@WMSBG,2026-01-07T21:45:44.000Z,".⁦
@NYPD90Pct
⁩ arrested 2 perps while 1 is still outstanding on Marcy Ave & Rutledge St following a pursuit for stealing clothing from the Lululemon Store on North 6th St.",4,1,2,1018,,A-整体讨论,https://x.com/WMSBG/status/2009018641417949641,[],[],,,,True,有效 报道Lululemon商店盗窃事件，相关新闻,en,
@suamonroe,2026-01-07T20:41:00.000Z,Mmm ion know I may go to Lululemon or Fabletics…You gon cashapp me Grok?,1,4,0,97,,A-整体讨论,https://x.com/suamonroe/status/2009002348543451246,"[""@grok""]",[],,,,True,有效 提及Lululemon并讨论选择,en,
@rachcorrine,2026-01-08T22:06:07.000Z,DO NOT GET YOUR PLAIN BLACK TEE FROM LULULEMON FOR THE LOVE OF GOD,28,1,0,20484,,A-整体讨论,https://x.com/rachcorrine/status/2009386160150155418,[],[],,,,True,有效 表达对Lululemon产品的负面意见,en,
@fitgirltruth,2026-01-08T19:28:18.000Z,Knowledge. Also I’m still gonna eat carrots and wear my Lululemon silver lined leggings.,11,1,0,501,,A-整体讨论,https://x.com/fitgirltruth/status/2009346441882554404,[],[],@Biznitch1177,That's a little unsettling ~,https://x.com/Biznitch1177/status/2009063887015170192,True,有效 提及Lululemon品牌讨论,en,en
@netiblogpro,2026-01-08T14:25:28.000Z,"Dakota Johnson was spotted at a Tracy Anderson gym in Studio City on January 07, 2026, wearing Lululemon leggings and Nike V2K sneakers. Dakota Johnson was spotted arriving at the Tracy Anderson gym in Studio City on 7 JANUARY 2026, embodying an off-dut… https://copyfeed.top/2026/01/08/dakota-johnson-arrives-at-tracy-anderson-gym-in-studio-city-01-07-2026-celebmafia/…",2,0,0,400,,A-整体讨论,https://x.com/netiblogpro/status/2009270232750186961,[],[],,,,True,有效 提及Lululemon品牌且为真实内容,en,
@PuckNews,2026-01-09T01:33:01.000Z,"In a world of hyperbole—“Nike is spiraling!” “Lululemon is a mess!”—analyst Simeon Siegel is a proponent of taking the long, and larger, view. 
@sarah_shapiro
 spoke to Siegel about retail’s major players and what’s just around the corner:",3,1,0,2022,,A-整体讨论,https://x.com/PuckNews/status/2009438224796520831,[],[],,,,True,有效 讨论Lululemon分析师观点，相关且原创,en,
@BakedCarbonara,2026-01-07T21:10:33.000Z,Baked is a legend,150,3,1,9719,,A-整体讨论,https://x.com/BakedCarbonara/status/2009009786311123321,[],[],,,,False,与Lululemon无关 内容与Lululemon毫无关联,en,
@seegsGAP,2026-01-07T21:47:31.000Z,i’m fw these sweats. Lmk brand imma cop no glaze,5,4,0,520,,A-整体讨论,https://x.com/seegsGAP/status/2009019089872932923,"[""@BakedCarbonara""]","[""https://x.com/BakedCarbonara/status/2009009786311123321""]",,,,False,与Lululemon无关 内容与Lululemon无关，提及sweats但未关联品牌,en,
@BakedCarbonara,2026-01-07T23:16:04.000Z,"Lululemon, I think they are called textured knit or soemthing like that",1,0,0,268,,A-整体讨论,https://x.com/BakedCarbonara/status/2009041374436577654,"[""@seegsGAP""]","[""https://x.com/seegsGAP/status/2009019089872932923""]",,,,True,有效 提及Lululemon产品名称讨论,en,
@enews,2026-01-07T23:04:07.000Z,"10 Valentine’s Day Gift Ideas for Him He’ll Use Everyday: Quince, Lululemon, Coach, Owala, Kiehl’s+",5,1,0,6118,,A-整体讨论,https://x.com/enews/status/2009038365027430903,[],[],,,,False,广告 情人节礼物清单推广营销,en,
@WellBuiltStyle,2026-01-07T18:00:42.000Z,Cotton stretch trousers in flannel + a subtle glen check pattern. These are ELITE. You've got both texture and pattern working together beautifully. This is how you level up on the all the jabronis wearing the ABC Lululemon pants in the office. And their less expensive too. Trousers from MANGO (affiliate): https://bit.ly/3LBwvFB,5,1,1,4244,,A-整体讨论,https://x.com/WellBuiltStyle/status/2008962009120075949,[],[],,,,False,广告 含返利链接的推广内容,en,
@Phoenixblueheat,2026-01-08T21:21:40.000Z,the dude in the black in red looks pretty cool but I have to say the US jacket looks best...,2,1,0,26,,A-整体讨论,https://x.com/Phoenixblueheat/status/2009374972204941330,"[""@karmen638539"", ""@lululemon"", ""@RalphLauren""]","[""https://x.com/lululemon/status/1819126454229389633""]",,,,True,有效 讨论Lululemon美国夹克外观,en,
@169rk,2026-01-08T17:22:18.000Z,"$SURF
@surfcashx
 We don’t wait. We choose to deliver to users first. We submitted the app to both Apple and Google weeks ago. Their approval process moves at their own pace, which we cannot control. What we can control is delivering a real, usable experience starting today. Instead of sitting around and waiting, we chose to launch a PWA (Progressive Web App) that works on every browser, on every device. Same features. Same security. And no need to go through App Store gatekeeping. The App Store will approve it when it approves it. But users can pay and use the product right now. ⸻ First Governance Vote: The Market Decides We launched our first governance proposal to decide how fees should be allocated between staking and ecosystem growth. The market chose 30%. That means: •30% of revenue → allocated to staking •70% remaining → allocated to expansion and product development The team is now building the staking platform directly according to these parameters. ⸻ AI + Human Support on Telegram (No waiting, no tickets) We know how bad crypto customer support usually is. You send a DM and have no idea whenor if you’ll get a reply. Especially when your funds are stuck and you’re forced to wait. So we built a new system on Telegram: •AI answers general questions instantly •If you want to talk to a real human → immediately •No tickets •No queues This system will go live officially within 24 hours. Crypto should have better UX, not worse. And support should never be an afterthought. ⸻ What We Shipped •Full transaction history for every payment •Flexible filtering options •Clear visibility into payment status and final settlement time For Non-KYC users in Vietnam, usage is capped at $100 per day. The limit is clearly shown from the start no confusion, no surprises. ⸻ Additional Features Now Live •Login with Google •iPhone 16 users no longer experience Face ID loops •Profile photos are optional sign up and use instantly The system logs every error across the payment flow. If something breaks, the team immediately knows what failed and fixes it fast. Users don’t need to screenshot or explain issues themselves. ⸻ 10 New Countries — Ahead of Schedule Brazil , Mexico , Colombia , Argentina , Nigeria , Zambia , Thailand , Indonesia , the United States , and Canada are coming online. Meanwhile, the Philippines and Vietnam are already live. That brings the total to 12 regions within Q1, even though the original plan was Q2–Q3. ⸻ United States & Canada: Real-World Spending, Every Day The system will support over 40 major brands, including: Starbucks, Walmart, Target, Home Depot, Apple, Nike, IKEA, Tim Hortons, Lululemon. Merchants simply scan a QR code. Users pay with USDC. USDC will be used for everyday spending across four continents. From street food in Vietnam, rent in Brazil, coworking spaces in Mexico, to shopping at Walmart and coffee at Starbucks. No ATM withdrawals. No Telegram escrow groups. No 5–10% fees paid to Visa or Mastercard. ⸻ We Don’t Wait to Create Real Usage Even if some strategic partners move slower than expected, the team continues to build and expand. Network growth does not need to wait for institutional announcements. ⸻ What’s Next •Full PWA rollout within 10–14 days •Native apps continue the review process in parallel •Then another 12 countries will go live with direct payment network integrations •The staking platform is under development based on the 30% parameter chosen by the market •The Telegram support system goes live with this update •Governance happens through the market, driven by participants with real skin in the game •Country managers operate on the ground, building real local partnerships •Real payments are already happening at meetups and in cafés This is not a roadmap on slides. This is what’s being used right now.",6,1,2,808,,A-整体讨论,https://x.com/169rk/status/2009314732822679896,[],[],@akshatwts,"We’re opening a $750 USDC thread bounty with 
@SuperteamEarn
. Explain: • why nomads can’t spend crypto IRL • why cards fail in QR-first countries • how SurfCash plugs wallets directly into local payment rails If you understand crypto payments, this one’s for you.",https://x.com/akshatwts/status/2009295110677385357,False,与Lululemon无关 内容主要关于加密货币项目，仅提及Lululemon作为品牌列表之一。,en,en
@goodhousemag,2026-01-07T16:00:14.000Z,"Our Favorite Lululemon Align Leggings are 50% Off, For Now",0,0,0,112,,A-整体讨论,https://x.com/goodhousemag/status/2008931695160902012,[],[],,,,False,优惠券折扣码 折扣促销信息,en,
@rachcorrine,2026-01-08T22:13:09.000Z,Places to get plain black tee’s that are better than Lululemon: - Buck Mason - Todd Synder - Elwood - Uniqlo - J.Crew - John Elliot,3377,47,79,183130,,A-整体讨论,https://x.com/rachcorrine/status/2009387927839600676,[],[],,,,True,有效 讨论Lululemon替代品，品牌相关,en,
@jeremyjudkins_,2026-01-08T12:59:47.000Z,Thank you Lululemon employee for telling me the market is about to crash.,20,5,0,2506,,A-整体讨论,https://x.com/jeremyjudkins_/status/2009248668226933020,[],[],,,,True,有效 提及Lululemon员工相关对话,en,
@texasgolflore,2026-01-07T20:53:58.000Z,the BV Invitational has finally made it out of the chat. big things coming this spring,51,7,2,8631,,A-整体讨论,https://x.com/texasgolflore/status/2009005615725859273,[],[],@Only__Shanks,Requirements: -be a douche on Twitter -pretend you’re rich and have access -post your pre tournament “outfits” so you can get glazed -pretend 100% cotton is comfortable -post pictures holding canned Gatorade just to show your watch,https://x.com/Only__Shanks/status/2009004619964576188,False,与Lululemon无关 内容与Lululemon无关,en,en
@ChipJohnson01,2026-01-08T15:11:46.000Z,"I don’t even remember interacting with him, must have said something that struck a nerve with him once",2,1,0,188,,A-整体讨论,https://x.com/ChipJohnson01/status/2009281884786733321,"[""@texasgolflore"", ""@nance410"", ""@joe3jax""]","[""https://x.com/texasgolflore/status/2009005615725859273""]",,,,False,与Lululemon无关 内容未提及Lululemon,en,
@middleseatsimon,2026-01-09T14:20:45.000Z,Dude is charmin ultra soft. I strictly don’t post anything on this account I wouldn’t directly show my corporate HR that I posted. It’s not a burner. Blocked me for wearing lululemon as a man after back and forth,3,0,0,61,,A-整体讨论,https://x.com/middleseatsimon/status/2009631433334374409,"[""@ChipJohnson01"", ""@texasgolflore"", ""and 2 others""]","[""https://x.com/ChipJohnson01/status/2009281884786733321"", ""https://x.com/texasgolflore/status/2009005615725859273""]",,,,True,有效 提及穿着lululemon被屏蔽的争议经历,en,
@BoatShoeWoodson,2026-01-09T14:30:05.000Z,"If you created the term ""athleisure wear"" there's a special place in Hell for you.",7,2,0,1489,,A-整体讨论,https://x.com/BoatShoeWoodson/status/2009633780219396561,[],[],,,,False,与Lululemon无关 内容未提及Lululemon品牌,en,
@WolverineChron,2026-01-09T14:54:38.000Z,Reading this in my lululemon joggers,11,1,0,1275,,A-整体讨论,https://x.com/WolverineChron/status/2009639961507569948,"[""@BoatShoeWoodson""]","[""https://x.com/BoatShoeWoodson/status/2009633780219396561""]",,,,True,有效 提及lululemon产品，非广告,en,
@mikadontlouz,2026-01-08T04:50:11.000Z,"If you’re feeling stuck, this Claude prompt is better than therapy (and free) Most people use AI for productivity hacks. I use it to figure out who I actually am and what I’m building toward. Formula in the video ↓",805,179,73,175060,,A-整体讨论,https://x.com/mikadontlouz/status/2009125458164764699,[],[],,,,False,与Lululemon无关 内容涉及AI提示词，与Lululemon无关,en,
@eeelistar,2026-01-08T11:13:35.000Z,Ok but the lululemon and the eyes combo wow,3,1,0,749,,A-整体讨论,https://x.com/eeelistar/status/2009221945028698330,"[""@mikadontlouz""]","[""https://x.com/mikadontlouz/status/2009125458164764699""]",,,,True,有效 讨论Lululemon搭配，表达赞赏,en,
@goodhousemag,2026-01-08T22:50:38.000Z,The Lululemon Leggings Dakota Johnson Just Stepped Out in Are 40% off Today,2,1,0,339,,A-整体讨论,https://x.com/goodhousemag/status/2009397361013907773,[],[],,,,False,广告 促销折扣信息,en,
@sidona,2026-01-09T02:54:48.000Z,"Hahaha, the dog totally steals the show! Look at him just chilling in the sun. He is absolutely adorable. ——Thanks for the prompt 
@KeorUnreal
 { ""prompt_type"": ""photorealistic indoor mirror selfie "", ""main_composition"": ""rear three-quarter back view of a single uploaded woman standing confidently near a large bright window, looking back over her right shoulder with a subtle playful expression, head slightly tilted, relaxed pose with slight back arch and hip tilt emphasizing curves, black dog visible in lower right foreground resting near windowsill, natural daylight flooding modern bright interior"", ""subject"": { ""description"": ""long straight hair styled in a low side ponytail with loose strands"", ""clothing"": ""uploaded lululemon"", }, ""props"": { ""dog"": ""black Labrador retriever partially visible in lower right, head and front paws resting on windowsill or floor, calm relaxed pose adding cute casual home element"" }, ""environment"": { ""foreground"": ""white windowsill and lower part of large multi-pane window with blurred outdoor greenery"", ""midground"": ""woman centered against bright window backdrop"", ""background"": ""modern bright indoor room with white paneled walls and trim, large floor-to-ceiling style window with white frames letting in abundant natural light, clean minimalist residential interior"" }, ""lighting_and_atmosphere"": ""bright natural daylight streaming from large window behind subject, soft even illumination with warm highlights on skin, hair, and glossy leggings, subtle cool tones from window light contrasting shiny fabrics, cozy casual home vibe with fresh daytime feel, high detail photorealistic"", ""technical_quality"": ""highly detailed, sharp focus on subject with realistic hair strands, ribbed fabric texture, glossy legging reflections, and dog fur details, professional candid mirror selfie style with natural depth of field softly blurring distant background"", ""negative_prompt_suggestions"": ""blurry, deformed, extra limbs, frontal view, harsh shadows, overexposed window light, underexposed face, low quality, cartoon, anime, text watermark, extra people, cluttered background, visible phone or selfie artifacts"" }",31,16,0,1713,,A-整体讨论,https://x.com/sidona/status/2009458807781421343,[],[],@KeorUnreal,"Nano Banana Pro Prompt: { ""prompt_type"": ""photorealistic indoor mirror selfie"", ""main_composition"": ""rear three-quarter back view of a single young woman standing confidently near a large bright window, looking back over her right shoulder with a subtle playful expression, head slightly tilted, relaxed pose with slight back arch and hip tilt emphasizing curves, black dog visible in lower right foreground resting near windowsill, natural daylight flooding modern bright interior"", ""subject"": { ""description"": ""beautiful young woman in her early 20s, attractive feminine features with light glamorous makeup (bold red matte lipstick, defined eyeliner, subtle contour), large expressive eyes visible in profile, fair skin with smooth glow, long straight dark brown or black hair styled in a low side ponytail with loose strands"", ""clothing"": ""fitted taupe or light brown long-sleeve ribbed turtleneck or mock-neck top with subtle texture, high-waisted shiny gray faux leather or latex leggings with glossy finish and seam details hugging curves"", ""details"": ""oversized black round-framed glasses, hair slightly tousled with natural volume, confident teasing expression with direct eye contact over shoulder, no visible jewelry or tattoos"" }, ""props"": { ""dog"": ""black Labrador retriever partially visible in lower right, head and front paws resting on windowsill or floor, calm relaxed pose adding cute casual home element"" }, ""environment"": { ""foreground"": ""white windowsill and lower part of large multi-pane window with blurred outdoor greenery"", ""midground"": ""woman centered against bright window backdrop"", ""background"": ""modern bright indoor room with white paneled walls and trim, large floor-to-ceiling style window with white frames letting in abundant natural light, clean minimalist residential interior"" }, ""lighting_and_atmosphere"": ""bright natural daylight streaming from large window behind subject, soft even illumination with warm highlights on skin, hair, and glossy leggings, subtle cool tones from window light contrasting shiny fabrics, cozy casual home vibe with fresh daytime feel, high detail photorealistic"", ""technical_quality"": ""highly detailed, sharp focus on subject with realistic hair strands, ribbed fabric texture, glossy legging reflections, and dog fur details, 8k resolution, professional candid mirror selfie style with natural depth of field softly blurring distant background"", ""negative_prompt_suggestions"": ""blurry, deformed, extra limbs, frontal view, harsh shadows, overexposed window light, underexposed face, low quality, cartoon, anime, text watermark, extra people, cluttered background, visible phone or selfie artifacts"" }",https://x.com/KeorUnreal/status/2009310061005558175,False,与Lululemon无关 内容为AI绘图提示词，与品牌无关,en,en
@ConvexDispatch,2026-01-08T21:19:42.000Z,"Posts like these are exactly why I’m long Nike. When exceptional product leadership returns, the financials and demand eventually follow. This is why I’m long 
$NKE
 and not chasing Lululemon or Under Armour turnarounds. I hear the promises from management at those companies - Better execution - Brand reset - Winning back consumers But I don’t see real product leadership yet. And in consumer brands, especially DTC and athletic wear, that matters more than almost anything else. This isn’t a B2B turnaround where cost cuts, pricing, or distribution fixes are enough. Here, the product is the marketing. The brand is the moat. Nike got back to first principles They figured out what runners actually want Maximum cushioning, comfort, recovery Vomero Premium, Vomero 18, Vomero premium Plus Now they’re doing something even more important Leading culture again. Projects like Nike Mind aren’t about unit sales. They’re about headlines, curiosity, and brand gravity. This matters even more when competing with brands like Gymshark Digital first Social native Distribution as part of the product Nike doesn’t win by copying that model. They win by setting the agenda. Grassroots buzz Influencers talking because the product is interesting, not because it’s pushed That’s brand leadership. That’s why I’m bullish. For transparency ~$70k long Nike equity ~$30k in long dated LEAPS This is what leadership looks like in modern consumer brands! 
$NKE
 FTW",8,2,0,793,,A-整体讨论,https://x.com/ConvexDispatch/status/2009374476828606557,[],[],@NoteSphere,Nike has raised the standard.,https://x.com/NoteSphere/status/2009224152624803975,False,与Lululemon无关 主要内容是讨论Nike品牌和投资,en,en
@eaglesautism,2026-01-07T17:22:48.000Z,"For the first time ever, EAF 
@lululemon
 merchandise is available online! Shop now and support our Eagles autism community with each purchase. https://bit.ly/EAFlululemon",12,2,4,309,,A-整体讨论,https://x.com/eaglesautism/status/2008952472212320600,[],[],,,,False,广告 推广EAF联名商品购买链接,en,
@Timcast,2026-01-07T23:44:03.000Z,Its terrifying that we've come to a point where middle aged white women are willing to kill federal agents for their ideology,64611,4177,6045,936843,,A-整体讨论,https://x.com/Timcast/status/2009048415989322185,[],[],,,,False,与Lululemon无关 内容与Lululemon无关,en,
@jeffreylowes,2026-01-08T01:34:43.000Z,I blame Lululemon & camel toe Let it breathe,2,0,1,260,,A-整体讨论,https://x.com/jeffreylowes/status/2009076267296174469,"[""@Timcast""]","[""https://x.com/Timcast/status/2009048415989322185""]",,,,True,有效 提及Lululemon并表达负面评论,en,
@CareyWinds89388,2026-01-07T16:56:07.000Z,"Of course they're Levi's red tab , thats the original Lululemon mannnnnnn",5,0,0,209,,A-整体讨论,https://x.com/CareyWinds89388/status/2008945757513269479,"[""@blondehairbee""]",[],,,,True,有效 提及Lululemon品牌内容,en,
@Redlegs523,2026-01-07T22:38:19.000Z,"thanks 
@lululemon
 for sending me a pair of pants i ordered. i love them! but one small problem.",1,2,3,1890,,A-整体讨论,https://x.com/Redlegs523/status/2009031875478561164,[],[],,,,True,有效 真实感谢帖但提及订货问题，涉品牌互动,en,
@MomsWhoSave,2026-01-08T22:18:00.000Z,lululemon Year-End Sale on NOW! GO https://brandcycle.shop/i9akk Up to 50% OFF & MORE! #deals,0,0,1,91,#deals,A-整体讨论,https://x.com/MomsWhoSave/status/2009389148294275207,[],[],,,,False,广告 促销链接与折扣信息,en,
@lifeofbi,2026-01-09T13:27:00.000Z,"Chip Wilson is launching a proxy fight at Lululemon while the company searches for a new CEO. That timing matters. His proposed board slate is the tell: On Running → product + performance ESPN → cultural relevance + storytelling Activision → IP, community, franchise thinking Translation: less incremental apparel scaling, more brand-as-a-platform logic. Founder fights usually show up when the business still looks healthy, but growth durability feels fragile and the brand feels over-financialized. This is the real tension in scaled consumer today: protect margins by playing defense, or protect the brand by taking risk. Worth watching closely.",12,1,1,2592,,A-整体讨论,https://x.com/lifeofbi/status/2009617906150334958,[],[],,,,True,有效 讨论Lululemon创始人代理权争夺战，有关联且有观点,en,
@hejie200,2026-01-09T01:10:58.000Z,,0,1,0,19,,A-整体讨论,https://x.com/hejie200/status/2009432679297769501,[],[],,,,False,与Lululemon无关 内容无实质文本,,
@hejie200,2026-01-09T01:12:24.000Z,"@grok
 why this happened?",0,1,0,11,,A-整体讨论,https://x.com/hejie200/status/2009433039496204735,"[""@hejie200""]","[""https://x.com/hejie200/status/2009432679297769501""]",,,,True,有效 讨论相关事件并提问原因,en,
@ConvexDispatch,2026-01-08T21:19:42.000Z,"Posts like these are exactly why I’m long Nike. When exceptional product leadership returns, the financials and demand eventually follow. This is why I’m long 
$NKE
 and not chasing Lululemon or Under Armour turnarounds. I hear the promises from management at those companies - Better execution - Brand reset - Winning back consumers But I don’t see real product leadership yet. And in consumer brands, especially DTC and athletic wear, that matters more than almost anything else. This isn’t a B2B turnaround where cost cuts, pricing, or distribution fixes are enough. Here, the product is the marketing. The brand is the moat. Nike got back to first principles They figured out what runners actually want Maximum cushioning, comfort, recovery Vomero Premium, Vomero 18, Vomero premium Plus Now they’re doing something even more important Leading culture again. Projects like Nike Mind aren’t about unit sales. They’re about headlines, curiosity, and brand gravity. This matters even more when competing with brands like Gymshark Digital first Social native Distribution as part of the product Nike doesn’t win by copying that model. They win by setting the agenda. Grassroots buzz Influencers talking because the product is interesting, not because it’s pushed That’s brand leadership. That’s why I’m bullish. For transparency ~$70k long Nike equity ~$30k in long dated LEAPS This is what leadership looks like in modern consumer brands! 
$NKE
 FTW",8,2,0,794,,D-透明度,https://x.com/ConvexDispatch/status/2009374476828606557,[],[],@NoteSphere,Nike has raised the standard.,https://x.com/NoteSphere/status/2009224152624803975,True,有效 提及Lululemon并比较品牌策略，属相关讨论,en,en
@Joeoltmann,2026-01-07T23:41:17.000Z,"Kyle Antifa Clark 
@KyleClark
 went on a diatribe about truth and more J6 insane nonsense… and he used an old psychological tactic of “we all saw the video”. Lol… yes we did. We watched as the MSM lied with impunity. But Kyle is clever, he long ago stated that you have your truth. So lying about J6 is easy as moving your feet for this guy. Did he report on the bribery case involving Weiser and Gov Polis? No. Did he report on Eric Coomer running into a building, lying to police? No. Did he report fairly about the smoke Lindell trial and the outcome? No. Has he reported the truth about anything? No. This man is one of the most dangerous men(if you can call him a man) in Colorado. Why? Because shaping truth to fit a narrative of ideology is not truth, it is evil, demonic, and outright dishonest. J6 was about Americans recognizing they were not heard and massive elction fraud against the American people was afoot. Yet much like what the CIA and the perverted who look to destroy our nation, people like Kyle Clark are used as sticks to beat down truth, not report on it. They find joy in the degradation of societal norms and they do it with a crooked smile and psychopathic mindset. No one believes Kyle Clark anymore. He is insignificant and as they say, the emperor has no clothes. We can see the evil through his lululemon pants and yes, his crooked smile. J6 persecutions were an attack on the ethos of our nation. Another manufactured fraud on the people. It was evil doing what evil does. Kyle Clark is evil... 
@9NEWS
 is not an organization of news, it is one of being the earner and enforcer for a crime family that seeks to destroy and enslave the people...",56,5,17,1320,,D-透明度,https://x.com/Joeoltmann/status/2009047718426255558,[],[],,,,False,与Lululemon无关 内容主要涉及政治评论，仅提及品牌名称但无关品牌,en,
@Afuri14,2026-01-09T12:08:18.000Z,"it happened to me. They gave me 2 options, refund or drive to the store to buy my own hoodies. shame on u lululemon",1,0,0,24,,F-抵制声浪,https://x.com/Afuri14/status/2009598102488178807,"[""@ErikaaLauren"", ""@lululemon""]",[],,,,True,有效 用户投诉Lululemon退款选项，涉品牌争议,en,
@dumbbitchcap,2026-01-09T15:03:58.000Z,"This is not sponsored &I have no reason to promote these BUT as a DUMB BITCH I have probably spent thousands$$ trying different maternity leggings, hating them all, to find on my second pregnancy that the Haynes $14 ones are INSANE. I am 5’2 and finding maternity clothes that fit me in the first place is a BITCH, let alone comfortable or cute. I am also extremely picky and only like the super soft lululemon fabric or a niche luxury brand called year of ours when I’m not pregnant. I am extremely annoyed to discover that by far the superior choice is these $14 Haynes ones from Amazon. They are incredibly comfortable, super stretchy soft like lulu align leggings, have POCKETS, and actually fit me length wise. So if you are pregnant please just trust me and buy these right now , don’t waste your time or money on other brands (Even if you are taller, these will probably be great do you because they just hit my ankles)",286,32,4,33201,,F-抵制声浪,https://x.com/dumbbitchcap/status/2009642307952287924,[],[],,,,False,与Lululemon无关 主体推荐Haynes孕妇裤，仅提及lululemon作比较,en,
@YasmeenRoumie,2026-01-10T03:43:40.000Z,the colorfulkoala brand on amazon was the best for me (size up for pregnancy) I worked out while pregnant + ran multiple marathons in them (shorts version) I have like 10 pairs and I like them more than lululemon especially for running,2,1,0,530,,A-整体讨论,https://x.com/YasmeenRoumie/status/2009833494986313951,"[""@dumbbitchcap""]","[""https://x.com/dumbbitchcap/status/2009642307952287924""]",,,,True,有效 比较Lululemon与竞品，真实消费体验,en,
@jaayynuuuuh,2026-01-09T21:20:55.000Z,Alright… Lululemon leggings are worth the money,4,0,0,310,,A-整体讨论,https://x.com/jaayynuuuuh/status/2009737173030060147,[],[],,,,True,有效 正面讨论Lululemon产品价值,en,
@WallStreetMav,2026-01-10T04:03:11.000Z,"“That's my new favorite thing, watching woke white women try to stop ICE from deporting Mexicans at the Home Depot parking lot.” “Just a white lady with her Lululemon's on and her Starbucks. She's like, how can you do this? How can you separate him from his family? And the ICE is like, we're not, we got them too.”",3257,29,293,134273,,A-整体讨论,https://x.com/WallStreetMav/status/2009838406533001536,[],[],,,,True,有效 提及Lululemon品牌，带有社会观点,en,
@Roguex,2026-01-10T04:05:16.000Z,Lululemon activism meets reality check.,13,0,0,1577,,A-整体讨论,https://x.com/Roguex/status/2009838928673771553,"[""@WallStreetMav""]","[""https://x.com/WallStreetMav/status/2009838406533001536""]",,,,True,有效 涉及Lululemon品牌讨论，带批判观点,en,
@sidnezcrosby,2026-01-10T04:33:16.000Z,lululemon has the opportunity to put sid in yoga pants next month . thinking,2,0,0,69,,A-整体讨论,https://x.com/sidnezcrosby/status/2009845976731922642,[],[],,,,True,有效 与Lululemon相关并含创意观点,en,
@collins_rn24,2026-01-10T02:04:42.000Z,Are those lululemon leggings?,7,6,0,69,,A-整体讨论,https://x.com/collins_rn24/status/2009808588102160550,"[""@GladonX""]",[],,,,True,有效 询问Lululemon产品，相关讨论,en,
@Chris356765,2026-01-10T14:16:14.000Z,"Here’s a new photo I found of Robbie, for the leg gays, girls and theys.",1068,4,27,33430,,A-整体讨论,https://x.com/Chris356765/status/2009992683138494594,[],[],@Chris356765,"Poor Robbie was on an IV drip. Not sure if it’s because he had too much to drink, but he seems to have recovered a little. Rest well, king!",https://x.com/Chris356765/status/2009804261853471014,False,与Lululemon无关 内容与Lululemon毫无关联,en,en
@kanapkabeka,2026-01-10T15:03:41.000Z,Shorter shorts are needed,4,1,0,527,,A-整体讨论,https://x.com/kanapkabeka/status/2010004626863730727,"[""@Chris356765""]","[""https://x.com/Chris356765/status/2009992683138494594""]",,,,False,与Lululemon无关 内容未提及Lululemon,en,
@Chris356765,2026-01-10T15:13:26.000Z,"Robbie in a Calvin or Lululemon ad is a MUST. The latter is Canadian, so it’s bound to happen, just start campaigning and TRUST!!!",3,1,0,516,,A-整体讨论,https://x.com/Chris356765/status/2010007080204374401,"[""@kanapkabeka""]","[""https://x.com/kanapkabeka/status/2010004626863730727""]",,,,True,有效 讨论Lululemon广告及品牌，属相关话题,en,
@layxsnv,2026-01-09T21:40:04.000Z,i literally LOVE pilates wear.♡ like i just wanna dress for pilates everyday honestly! sooo pretty!,18876,82,986,602724,,A-整体讨论,https://x.com/layxsnv/status/2009741989839822881,[],[],,,,False,与Lululemon无关 讨论普拉提穿着，未提及Lululemon,en,
@badgirlesha,2026-01-09T23:10:04.000Z,I only see the girls with lululemon at my Club Pilates,6,0,0,4185,,A-整体讨论,https://x.com/badgirlesha/status/2009764641493131408,"[""@layxsnv""]","[""https://x.com/layxsnv/status/2009741989839822881""]",,,,True,有效 提及Lululemon品牌场景,en,
@nocturnehelli,2026-01-09T17:49:48.000Z,SOCCER MOM LULULEMON QUEEN DIVA KING YES https://x.com/2cool4koomi/st/2cool4koomi/status/2009680242445824448…,11,1,0,1816,,A-整体讨论,https://x.com/nocturnehelli/status/2009684044032704706,[],[],,,,True,有效 提及Lululemon且为真实英文内容,en,
@naomirwolf,2026-01-09T22:54:06.000Z,"Okay, I’ll just say it. I’ve seen enough videos of the faces of liberal white women in conflict with @ICE, to know what is up. Liberal men at this point (sorry) are disproportionately estrogenized, physically passive, submissive due to woke gender hectoring, or porn-addicted. White liberal women are disproportionately sexually frustrated. Policing others as in the pandemic was an outlet for them, but it was not nearly enough. The smiles you see on their faces now say it all: white women long for all out combat with ICE - who tend to be strong, physically confident, masculine men - because the conflict is a form of physical release for them. They long for actual kinetic battle and it will get even uglier.",12624,1378,2337,1127372,,A-整体讨论,https://x.com/naomirwolf/status/2009760622427418921,[],[],,,,False,与Lululemon无关 政治评论，与Lululemon毫无关联,en,
@naomirwolf,2026-01-10T01:15:55.000Z,2/ Of course I am not talking about the awful events in Minneapolis. I am speaking more generally. This sort of thing.,851,39,49,88861,,A-整体讨论,https://x.com/naomirwolf/status/2009796309406932997,"[""@naomirwolf""]","[""https://x.com/naomirwolf/status/2009760622427418921""]",,,,True,有效 英文内容，回应Lululemon相关话题,en,
@JebMiller77,2026-01-10T03:46:42.000Z,I can feel the tension in this one. Who wears Lululemon to a protest? You know who... Handcuffs anyone?,25,1,1,1988,,A-整体讨论,https://x.com/JebMiller77/status/2009834255405527326,"[""@naomirwolf""]","[""https://x.com/naomirwolf/status/2009796309406932997""]",,,,True,有效 讨论Lululemon相关争议场景,en,
@AGBRSports,2026-01-10T02:29:13.000Z,"Hey chat, What do we think of my new 
@lululemon
 mules ?!!",1,3,0,531,,A-整体讨论,https://x.com/AGBRSports/status/2009814758527316238,[],[],,,,True,有效 用户分享lululemon新鞋及讨论,en,
@AGBRSports,2026-01-10T03:36:21.000Z,They absolutely do !! Three Colors of them!!,0,1,0,51,,A-整体讨论,https://x.com/AGBRSports/status/2009831651199860908,"[""@LLG1205"", ""@lululemon""]","[""https://x.com/lululemon/status/1819126454229389633""]",,,,True,有效 讨论Lululemon产品颜色,en,
@LLG1205,2026-01-10T03:40:31.000Z,"Okay I def need to look for these. I’m literally waiting on 2 lulu orders, wish i would have seen them sooner. Thank you",1,1,1,59,,A-整体讨论,https://x.com/LLG1205/status/2009832701365469385,"[""@AGBRSports"", ""@lululemon""]","[""https://x.com/AGBRSports/status/2009831651199860908"", ""https://x.com/lululemon/status/1819126454229389633""]",,,,True,有效 提及Lululemon订单，真实用户讨论,en,
@pmcampana,2026-01-09T21:23:48.000Z,"@lululemon
 your customer service is awful",1,2,1,400,,A-整体讨论,https://x.com/pmcampana/status/2009737898313077222,[],[],,,,True,有效 抱怨客服，与品牌相关,en,
@brolita666,2026-01-10T04:47:52.000Z,Free bled all of hot yoga and somehow didn't stain my Lululemon,2,0,0,317,,A-整体讨论,https://x.com/brolita666/status/2009849649629409362,[],[],,,,True,有效 提及Lululemon，真实体验相关,en,
@redwaveca,2026-01-10T01:26:00.000Z,lol! This is my neighborhood in Encinitas California. Lululemon Karen’s.,16,1,0,826,,A-整体讨论,https://x.com/redwaveca/status/2009798848043196628,"[""@naomirwolf""]","[""https://x.com/naomirwolf/status/2009796309406932997""]",,,,True,有效 涉及Lululemon顾客的社区讨论,en,
@finallgirls,2026-01-10T01:50:26.000Z,miss pretty face and luscious hair,19085,24,979,367379,,A-整体讨论,https://x.com/finallgirls/status/2009804998905893017,[],[],,,,False,与Lululemon无关 内容与Lululemon无关联,en,
@bugattihotty,2026-01-10T07:13:23.000Z,imagine wearing a black dress and a lululemon headband and still looking this good,26,1,0,3396,,A-整体讨论,https://x.com/bugattihotty/status/2009886272438059014,"[""@finallgirls"", ""@vonstepsister""]","[""https://x.com/finallgirls/status/2009804998905893017""]",,,,True,有效 提及Lululemon产品且为真实用户内容,en,
@jiminszephyr,2026-01-09T17:37:43.000Z,LULULEMON DIVA PARK JIMIN IM CRYING https://x.com/2cool4koomi/st/2cool4koomi/status/2009680242445824448…,7,1,0,376,,A-整体讨论,https://x.com/jiminszephyr/status/2009681002806067377,[],[],,,,False,纯转发 转发内容无新增观点,en,
@ShirionOrg,2026-01-10T00:15:10.000Z,In Tehran... Iranian anti-regime patriots set fire to the evil Al-Rasool Mosque. More than 30 mosques have gone up in flames in the last few days. Iranians are over Islamic oppression and the Islamic regime.,1055,65,325,14174,,A-整体讨论,https://x.com/ShirionOrg/status/2009781023635108070,[],[],,,,False,与Lululemon无关 内容关于伊朗抗议，非Lululemon,en,
@EternallyCranky,2026-01-10T07:39:30.000Z,"Iranian women are removing their hijabs under fear of death while 
@lululemon
 sells athletic hijabs. American women, wake up or this is what your daughters and granddaughters will have to do!!!",2,0,0,36,,A-整体讨论,https://x.com/EternallyCranky/status/2009892844358476199,"[""@ShirionOrg""]","[""https://x.com/ShirionOrg/status/2009781023635108070""]",,,,True,有效 涉及Lululemon头巾与女性自由争议,en,
@iamkid_A,2026-01-10T00:06:46.000Z,gogolev is gonna look good in that lululemon,6,0,0,506,,A-整体讨论,https://x.com/iamkid_A/status/2009778907973619865,[],[],,,,True,有效 提及Lululemon品牌，用户讨论,en,
@Chris356765,2026-01-10T14:16:14.000Z,"Here’s a new photo I found of Robbie, for the leg gays, girls and theys.",1068,4,27,33431,,F-抵制声浪,https://x.com/Chris356765/status/2009992683138494594,[],[],@Chris356765,"Poor Robbie was on an IV drip. Not sure if it’s because he had too much to drink, but he seems to have recovered a little. Rest well, king!",https://x.com/Chris356765/status/2009804261853471014,False,与Lululemon无关 内容为分享照片，与Lululemon无关,en,en
@kanapkabeka,2026-01-10T15:03:41.000Z,Shorter shorts are needed,4,1,0,528,,F-抵制声浪,https://x.com/kanapkabeka/status/2010004626863730727,"[""@Chris356765""]","[""https://x.com/Chris356765/status/2009992683138494594""]",,,,False,与Lululemon无关 内容未提及品牌或相关话题,en,
@Chris356765,2026-01-10T15:13:26.000Z,"Robbie in a Calvin or Lululemon ad is a MUST. The latter is Canadian, so it’s bound to happen, just start campaigning and TRUST!!!",3,1,0,517,,F-抵制声浪,https://x.com/Chris356765/status/2010007080204374401,"[""@kanapkabeka""]","[""https://x.com/kanapkabeka/status/2010004626863730727""]",,,,True,有效 讨论Lululemon广告相关话题,en,
@commonsenseplay,2026-01-11T00:53:33.000Z,"This guy Kevin Xu just put out POSSIBLY THE WORST ADVICE I HAVE SEEN TO HIS NEAR 100k FOLLOWERS: 
$OPEN
$OKLO
$BTQ
$GME
$IONQ
$RGTI
$PLTR
$BBAI
$QUBT
$ACHR
$JOBY
$IREN
$LAES
$BTC
$BTQ
$JOBY
$OPEN
$META
$NVDA
$GOOG
$TLT
$PLTR
$PATH
$FIGMA$CCCX
$INTC
 ""At some you will get an urge to go all in on a stock. It's very important you listen to that URGE and just do it"" This is probably the worst advice I have seen in a while from a large account! Instead, follow the Investing Legends Advice not some guy on X. The greats didn't build fortunes by YOLO-ing on ""urges"" as Kevin put's it. Here's the common sense approach to becoming wealthy long term: 1. Harry Markowitz (Nobel Prize winner, father of modern portfolio theory): ""Diversification is the only free lunch in investing."" It spreads risk without sacrificing return- key for surviving drawdowns like above. 2. John Bogle (Vanguard founder): ""Don't look for the needle in the haystack. Just buy the haystack!"" Advocate for broad indexing over single-stock gambles, his funds prove diversification beats most if not all pros long-term! 3. Benjamin Graham (Buffett's mentor and one of my favourites): ""Diversification is an established tenet of conservative investment."" In The Intelligent Investor (one of my favourite books), he warns against concentration, stressing safety margins. 4. Peter Lynch (the GOAT): ""Owning stocks is like having children, don't get involved with more than you can handle."" Even he capped at focused but diversified bets, not all-in plays. 5. Warren Buffett (yes, him): ""Diversification is protection against ignorance,"" he adds it's essential for mosT, Berkshire itself holds dozens of businesses. As he says: ""Risk comes from not knowing what you're doing."" Please IGNORE URGES. I've an urge to order PIZZA right now, doesn't mean I should or that it's right to! Bottom line: Legends succeed by knowing when not to concentrate. Here are just some examples from 2024 of how popular single stocks delivered painful drawdowns that wrecked concentrated portfolios! -Walgreens Boots Alliance ( $WBA) plunged 66% - Intel ( 
$INTC
) cratered 55-60% - Moderna ( 
$MRNA
) dropped 58% - Dollar Tree ( 
$DLTR
) dropped 50% - Humana ( 
$HUM
) dropped 50% - Lululemon ( 
$LULU
) dropped 50% due to market saturation - MongoDB ( 
$MDB
 ) had a 43% drawdown These crashes show how quickly overhyped or legacy plays can implode, going all-in is a fast path to ruin! Ask yourself how would you feel if you lost 50% or more of your portfolio? If you have an uncontrollable urge and want to gamble at least keep it as a very small position. Personally, I keep every single stock position <5% and have a mix of bonds, single stocks and shorts. Please be careful who you follow - being lucky does not make you great!",40,17,4,66963,,C-健康安全,https://x.com/commonsenseplay/status/2010153069653475401,[],[],@kevinxu,At some point you will get an urge to go all in on a stock. It’s very important that you listen to that urge and just do it.,https://x.com/kevinxu/status/2009626714016751977,False,与Lululemon无关 主要涉及投资建议，仅提及Lululemon股价下跌作为示例，非焦点。,en,en
@bubbleboi,2026-01-09T22:41:34.000Z,"No.. this is the market is pricing in the effect of Ozempic drugs being widespread, cheap, and administered orally. This is a huge secular trend. I’m calling it the Girl Dinner trade. Long sexy clothing, cosmetics, & filler. Short liquid desert and fast casual salad bowl slop! Look at the past 6 months.",2275,40,118,553865,,C-健康安全,https://x.com/bubbleboi/status/2009757467484565998,[],[],@exec_sum,Victoria’s Secret $VSCO is now up over 230% since announcing they are bringing back the Fashion Show generational wealth missed again.,https://x.com/exec_sum/status/2009663814040707355,False,与Lululemon无关 讨论股市和药物趋势，无关Lululemon,en,en
@Bullishbullish7,2026-01-10T16:00:20.000Z,"@grok
 based on this thesis, give me top 10 stocks you would invest in and why?",0,1,0,194,,C-健康安全,https://x.com/Bullishbullish7/status/2010018882212463011,"[""@bubbleboi""]","[""https://x.com/bubbleboi/status/2009757467484565998""]",,,,False,与Lululemon无关 请求股票建议，与Lululemon无关,en,
@grok,2026-01-10T16:01:11.000Z,"Based on the ""Girl Dinner"" thesis—widespread Ozempic-like drugs boosting demand for sexy apparel, cosmetics, and aesthetics while hurting junk food—here are 10 stocks I'd consider for long positions (not financial advice; do your research): 1. $VSCO (Victoria's Secret) - Sexy lingerie revival amid slimmer figures. 2. 
$EL
 (Estee Lauder) - Cosmetics surge as people enhance post-weight loss. 3. 
$ABBV
 (AbbVie) - Fillers like Botox/Juvederm for facial tweaks. 4. 
$ULTA
 (Ulta Beauty) - Broad beauty retail boom. 5. 
$LULU
 (Lululemon) - Athleisure for fitter lifestyles. 6. 
$NKE
 (Nike) - Activewear demand from health trends. 7. 
$RVLV
 (Revolve Group) - Trendy fashion for social outings. 8. 
$COTY
 (Coty) - Affordable cosmetics growth. 9. $EWCZ (European Wax Center) - Body care services. 10. 
$FIGS
 (FIGS) - Stylish scrubs for wellness pros. Reasons tie to secular shifts; monitor earnings for validation.",0,0,0,110,,C-健康安全,https://x.com/grok/status/2010019094104350824,"[""@Bullishbullish7"", ""@bubbleboi""]","[""https://x.com/Bullishbullish7/status/2010018882212463011"", ""https://x.com/bubbleboi/status/2009757467484565998""]",,,,True,有效 提及Lululemon且与品牌投资相关,en,
@os_72x,2026-01-10T22:28:26.000Z,Alo and Lululemon twitter were saying they was no evidence,85,2,2,7015,,D-透明度,https://x.com/os_72x/status/2010116552192917923,[],[],@MusicConnoisseu,THE VIDEO OF INDIYAH CHEATING ON I DAMI WITH MARLON IN DUCK & WAFFLE HAS BEEN DROPPED BY A TIKTOKER A VERY PUBLIC DISPLAY,https://x.com/MusicConnoisseu/status/2010109669302521978,True,有效 讨论Lululemon回应透明度,en,en
@BigImpactHumans,2026-01-10T17:19:49.000Z,"Ladies, Alo’s spring line is very sunny.",18,6,0,1918,,E-绿洗质疑,https://x.com/BigImpactHumans/status/2010038885901111640,[],[],,,,False,与Lululemon无关 内容关于Alo品牌，非Lululemon,en,
@exzacklyright,2026-01-10T22:17:33.000Z,"How does Alo compare to Lulu and Athleta? 
@grok
 what are your thoughts?",0,1,0,43,,E-绿洗质疑,https://x.com/exzacklyright/status/2010113811249070314,"[""@BigImpactHumans""]","[""https://x.com/BigImpactHumans/status/2010038885901111640""]",,,,True,有效 比较Lululemon与其他品牌，相关内容,en,
@grok,2026-01-10T22:28:10.000Z,"Alo, Lululemon, and Athleta all offer premium activewear, but they differ in focus. Alo shines in fashion-forward styles for yoga/streetwear, with compressive fabrics like Airlift (sculpting sheen) at ~$100-130, but limited sizes. Lululemon excels in performance for high-impact workouts, using durable, sweat-wicking materials like Nulu/Everlux, priced similarly, with more size/color options. Athleta emphasizes sustainability and inclusivity (up to 3X), with versatile, soft fabrics like Powervita at slightly lower prices (~$70-100), great for everyday active use. Depends on your priority: style (Alo), function (Lulu), or value/ethics (Athleta).",0,0,0,53,,E-绿洗质疑,https://x.com/grok/status/2010116483280474525,"[""@exzacklyright"", ""@BigImpactHumans""]","[""https://x.com/exzacklyright/status/2010113811249070314"", ""https://x.com/BigImpactHumans/status/2010038885901111640""]",,,,True,有效 对比Lululemon品牌产品特性，含实质分析,en,
@Chris356765,2026-01-10T14:16:14.000Z,"Here’s a new photo I found of Robbie, for the leg gays, girls and theys.",1068,4,27,33432,,F-抵制声浪,https://x.com/Chris356765/status/2009992683138494594,[],[],@Chris356765,"Poor Robbie was on an IV drip. Not sure if it’s because he had too much to drink, but he seems to have recovered a little. Rest well, king!",https://x.com/Chris356765/status/2009804261853471014,False,与Lululemon无关 内容关于Robbie照片，与Lululemon无关,en,en
@kanapkabeka,2026-01-10T15:03:41.000Z,Shorter shorts are needed,4,1,0,529,,F-抵制声浪,https://x.com/kanapkabeka/status/2010004626863730727,"[""@Chris356765""]","[""https://x.com/Chris356765/status/2009992683138494594""]",,,,False,与Lululemon无关 内容与Lululemon无关联,en,
@Chris356765,2026-01-10T15:13:26.000Z,"Robbie in a Calvin or Lululemon ad is a MUST. The latter is Canadian, so it’s bound to happen, just start campaigning and TRUST!!!",3,1,0,518,,F-抵制声浪,https://x.com/Chris356765/status/2010007080204374401,"[""@kanapkabeka""]","[""https://x.com/kanapkabeka/status/2010004626863730727""]",,,,True,有效 提及Lululemon广告需求，与品牌相关,en,
@SingSing914,2026-01-12T04:00:57.000Z,You must can’t afford it,0,3,0,512,,A-整体讨论,https://x.com/SingSing914/status/2010562618071961880,"[""@4the__love"", ""@gbgplugged""]",[],,,,False,与Lululemon无关 内容未提及Lululemon,en,
@4the__love,2026-01-12T04:48:48.000Z,Lululemon is the same price as a tech I must can’t afford the thongs you wear either,15,1,0,385,,A-整体讨论,https://x.com/4the__love/status/2010574661118263578,"[""@SingSing914"", ""@gbgplugged""]","[""https://x.com/SingSing914/status/2010562618071961880""]",,,,True,有效 提及Lululemon价格，表达观点,en,
@tiramisutoni,2026-01-11T23:47:13.000Z,I went to the lululemon in my mall today and I would like to (shamefully) say that my home has a greater number of available items than they did....,10,1,0,342,,A-整体讨论,https://x.com/tiramisutoni/status/2010498766546100682,[],[],,,,True,有效 与Lululemon门店库存相关的真实体验分享,en,
@wonheeschier,2026-01-10T22:18:44.000Z,boyfriends first responder discount at lululemon,2,0,0,63,,A-整体讨论,https://x.com/wonheeschier/status/2010114110562939314,[],[],,,,False,优惠券折扣码 含折扣信息,en,
@TimesNewJohann,2026-01-11T16:33:35.000Z,puma curry,63529,55,2035,1997407,,A-整体讨论,https://x.com/TimesNewJohann/status/2010389635915198669,[],[],@melaninpalace,Erykah Badu and her daughter Puma Curry,https://x.com/melaninpalace/status/2009994178131116475,False,与Lululemon无关 内容只提到puma和curry,en,en
@dantemiguelo,2026-01-11T21:46:07.000Z,Can't wait to name my son Lululemon Enchiladas,160,2,2,10046,,A-整体讨论,https://x.com/dantemiguelo/status/2010468290108203301,"[""@TimesNewJohann""]","[""https://x.com/TimesNewJohann/status/2010389635915198669""]",,,,False,与Lululemon无关 非实质讨论，仅调侃命名,en,
@YoungGod_OG1,2026-01-12T03:37:25.000Z,Imagine using the word Lululemon in an argument,1,0,0,460,,A-整体讨论,https://x.com/YoungGod_OG1/status/2010556697656324313,"[""@sixkobool"", ""@gbgplugged""]",[],,,,True,有效 提及Lululemon进行争论，涉及品牌讨论,en,
@warsawconcerto,2026-01-12T00:16:46.000Z,lululemon cooked with this jacket omg,12,2,0,925,,A-整体讨论,https://x.com/warsawconcerto/status/2010506200484549032,[],[],,,,True,有效 真实英文评论Lululemon夹克,en,
@queensee3,2026-01-12T01:05:44.000Z,Did you want her to pull up in a lululemon tracksuit??? https://x.com/iamthatbabee/s/iamthatbabee/status/2010515430004170814…,56,2,1,1427,,A-整体讨论,https://x.com/queensee3/status/2010518526029685152,[],[],,,,True,有效 与Lululemon品牌相关讨论,en,
@ishipitharder,2026-01-12T05:37:18.000Z,Harry Styles in the lululemon Hotty Hot 2.5” shorts. That’s it that’s the tweet.,22,1,2,1328,,A-整体讨论,https://x.com/ishipitharder/status/2010586867281117474,[],[],,,,True,有效 提及Lululemon产品及名人穿搭,en,
@aimereq,2026-01-10T17:26:16.000Z,Finally cold enough to wear my Texas Lululemon scuba,5,0,0,282,,A-整体讨论,https://x.com/aimereq/status/2010040509612622077,[],[],,,,True,有效 真实个人穿着体验，与品牌相关,en,
@fzzt_simmons,2026-01-12T00:14:36.000Z,the canadian lululemon olympic team jackets are far superior to the team usa ones,83,1,0,4086,,A-整体讨论,https://x.com/fzzt_simmons/status/2010505656344731998,[],[],,,,True,有效 讨论lululemon奥运队服,en,
@eIIaaaaaa,2026-01-12T02:36:22.000Z,lululemon leggings r crazy im so waistless,17,1,0,3578,,A-整体讨论,https://x.com/eIIaaaaaa/status/2010541331303804969,[],[],,,,True,有效 作者表达对Lululemon紧身裤的体验感受,en,
@gummysharkz0,2026-01-12T02:55:59.000Z,stanley cup lululemon uggs girls are the modern version of the 2010s hydroflask girl,2,0,0,195,,A-整体讨论,https://x.com/gummysharkz0/status/2010546268884324552,[],[],,,,False,与Lululemon无关 主要内容为斯坦利杯和UGG比较，非Lululemon相关,en,
@send2hev,2026-01-12T00:45:47.000Z,"girl don’t think you’re doing something wrong or not enough, these idiots would send to a damn lululemon jacket if they could",13,4,0,1877,,A-整体讨论,https://x.com/send2hev/status/2010513505347158449,[],[],,,,True,有效 提及Lululemon且讨论相关行为,en,
@WSJ,2026-01-12T13:22:09.000Z,"Lululemon Athletica said it expects fourth-quarter profit and revenue to come in at the high end of its previously issued forecasts, citing a strong holiday season",30,4,8,33327,,A-整体讨论,https://x.com/WSJ/status/2010703848847941724,[],[],,,,True,有效 报道Lululemon业绩预期，品牌相关,en,
@SYLV4lN,2026-01-12T15:28:47.000Z,sid official ambassador for lululemon sponsorship 4 team canada . lewis hamilton lululemon ambassador. this is how we get LH44SC87 Interaction,30,2,3,1137,,A-整体讨论,https://x.com/SYLV4lN/status/2010735717564158073,[],[],,,,False,与Lululemon无关 内容不明确，且疑似无关引用,en,
@WSJbusiness,2026-01-12T12:48:35.000Z,Lululemon Sees Quarterly Profit at High End After Strong Holiday Sales,3,0,1,3355,,A-整体讨论,https://x.com/WSJbusiness/status/2010695400928292948,[],[],,,,True,有效 Lululemon季度利润新闻相关,en,
@DragonsbreathT,2026-01-11T21:43:07.000Z,"It did a great job, Even chose Lululemon outfit",5,0,0,418,,A-整体讨论,https://x.com/DragonsbreathT/status/2010467532906414120,"[""@amandajuliiiia"", ""@grok""]","[""https://x.com/grok/status/2010116483280474525""]",,,,True,有效 提及Lululemon服装的正面讨论,en,
@Peter_Bukowski,2026-01-11T13:54:51.000Z,"The Packers have just never been a team that would scream “Fuck the Bears” like that in the locker room. At least not for 30 years. They’ve run this division for so long, that it would seem weird. But it’s different now. They need some of that F U mentality.",1299,404,73,109106,,A-整体讨论,https://x.com/Peter_Bukowski/status/2010349689422463258,[],[],,,,False,与Lululemon无关 讨论美式足球与Lululemon无关,en,
@packerraymond,2026-01-11T13:58:49.000Z,Our HC probably held an emergency locker room yoga session to calm everyone down and then offered everyone on the team a promo code for 25% off at Lululemon for trying their best.,11,2,0,1249,,A-整体讨论,https://x.com/packerraymond/status/2010350688182866416,"[""@Peter_Bukowski""]","[""https://x.com/Peter_Bukowski/status/2010349689422463258""]",,,,False,优惠券折扣码 含促销码和折扣信息,en,
@XOLakeShow,2026-01-10T18:00:41.000Z,Lakers were giving out this Lululemon Lakers dupe lanyard with Lakers charms attached,22,1,0,695,,A-整体讨论,https://x.com/XOLakeShow/status/2010049171282374838,[],[],,,,True,有效 讨论Lululemon湖人周边产品,en,
@dmxgatto,2026-01-11T04:30:59.000Z,if i ever adopt a kid and they’re straight or have no interests im taking them back. we’re not going to lululemon you’re going back to the orphanage,2,0,2,106,,A-整体讨论,https://x.com/dmxgatto/status/2010207789201928282,[],[],,,,False,与Lululemon无关 玩笑内容，非实质品牌讨论,en,
@Zerroohno,2026-01-12T08:08:51.000Z,Read lululemon as Labubu and imagined her with one clipped to her bag,14,1,0,1323,,A-整体讨论,https://x.com/Zerroohno/status/2010625003583316241,"[""@toxicboyyuri""]",[],,,,False,与Lululemon无关 提及但无实质相关讨论,en,
@wils16123,2026-01-12T02:20:44.000Z,"@aloyoga
 guys, do not buy alo. Worst quality, stick with 
@lululemon
 . Literally got for Christmas as a gift and already ruined",0,0,2,74,,A-整体讨论,https://x.com/wils16123/status/2010537398858375620,[],[],,,,True,有效 提及Lululemon并表达质量对比,en,
@1lex___,2026-01-11T19:15:22.000Z,kayla BEEN wanted that hoe dropped that baby & acting like none of her real beefs exist. but wanna keep picking at people who she know don't really be on drama & carry themselves too bossed up to be out here always fighting. bitch you know you was never crossing paths w/ Kash,61,2,1,10004,,A-整体讨论,https://x.com/1lex___/status/2010430351525786036,[],[],,,,False,与Lululemon无关 内容为个人恩怨，与Lululemon无关,en,
@MIGUELDONPABLO,2026-01-11T19:17:36.000Z,Right! That Lululemon freestyle she dropped was her beefing wit Mariah Lynn knowing that btch ain’t on shit.,2,1,0,757,,A-整体讨论,https://x.com/MIGUELDONPABLO/status/2010430913235366310,"[""@1lex___""]","[""https://x.com/1lex___/status/2010430351525786036""]",,,,True,有效 提及Lululemon相关争议内容,en,
@JimmyHaslam,2026-01-11T04:16:47.000Z,"@HollyanneLiz
 Candidly, Holly, you should connect with 
@LauraCGentile
. I see an Lululemon ESPN synergy. She might be able to use a talent like you.",2,0,0,59,,A-整体讨论,https://x.com/JimmyHaslam/status/2010204214316937412,[],[],,,,True,有效 提及Lululemon且含相关讨论,en,
@nickyyknowsball,2026-01-11T20:18:03.000Z,"I go through metal detectors, and they always search my bag before I enter the stadium, also my Lululemon belt bag cannot fit a g*n in it, let me bring my bag in",9,0,0,1678,,A-整体讨论,https://x.com/nickyyknowsball/status/2010446127464906817,[],[],@lindseyyok,So you’re telling me we have to bring clear bags into every stadium but there are dudes smuggling cheese graters in there,https://x.com/lindseyyok/status/2010210214746951918,True,有效 讨论Lululemon腰包安检相关真实经历,en,en
@brewskigirl333,2026-01-12T12:22:26.000Z,got a lululemon bbl jacket tell me why this shit lowk a faja,11,0,1,1024,,A-整体讨论,https://x.com/brewskigirl333/status/2010688819784253590,[],[],,,,True,有效 用户讨论Lululemon夹克穿着感受,en,
@business,2026-01-12T11:58:17.000Z,"Lululemon sees fourth-quarter sales at the higher end of its guidance, a sign that the yogawear company is regaining some momentum following a series of disappointing results",6,0,3,10694,,A-整体讨论,https://x.com/business/status/2010682743126933775,[],[],,,,True,有效 Lululemon销售业绩相关新闻,en,
@commonsenseplay,2026-01-11T00:53:33.000Z,"This guy Kevin Xu just put out POSSIBLY THE WORST ADVICE I HAVE SEEN TO HIS NEAR 100k FOLLOWERS: 
$OPEN
$OKLO
$BTQ
$GME
$IONQ
$RGTI
$PLTR
$BBAI
$QUBT
$ACHR
$JOBY
$IREN
$LAES
$BTC
$BTQ
$JOBY
$OPEN
$META
$NVDA
$GOOG
$TLT
$PLTR
$PATH
$FIGMA$CCCX
$INTC
 ""At some you will get an urge to go all in on a stock. It's very important you listen to that URGE and just do it"" This is probably the worst advice I have seen in a while from a large account! Instead, follow the Investing Legends Advice not some guy on X. The greats didn't build fortunes by YOLO-ing on ""urges"" as Kevin put's it. Here's the common sense approach to becoming wealthy long term: 1. Harry Markowitz (Nobel Prize winner, father of modern portfolio theory): ""Diversification is the only free lunch in investing."" It spreads risk without sacrificing return- key for surviving drawdowns like above. 2. John Bogle (Vanguard founder): ""Don't look for the needle in the haystack. Just buy the haystack!"" Advocate for broad indexing over single-stock gambles, his funds prove diversification beats most if not all pros long-term! 3. Benjamin Graham (Buffett's mentor and one of my favourites): ""Diversification is an established tenet of conservative investment."" In The Intelligent Investor (one of my favourite books), he warns against concentration, stressing safety margins. 4. Peter Lynch (the GOAT): ""Owning stocks is like having children, don't get involved with more than you can handle."" Even he capped at focused but diversified bets, not all-in plays. 5. Warren Buffett (yes, him): ""Diversification is protection against ignorance,"" he adds it's essential for mosT, Berkshire itself holds dozens of businesses. As he says: ""Risk comes from not knowing what you're doing."" Please IGNORE URGES. I've an urge to order PIZZA right now, doesn't mean I should or that it's right to! Bottom line: Legends succeed by knowing when not to concentrate. Here are just some examples from 2024 of how popular single stocks delivered painful drawdowns that wrecked concentrated portfolios! -Walgreens Boots Alliance ( $WBA) plunged 66% - Intel ( 
$INTC
) cratered 55-60% - Moderna ( 
$MRNA
) dropped 58% - Dollar Tree ( 
$DLTR
) dropped 50% - Humana ( 
$HUM
) dropped 50% - Lululemon ( 
$LULU
) dropped 50% due to market saturation - MongoDB ( 
$MDB
 ) had a 43% drawdown These crashes show how quickly overhyped or legacy plays can implode, going all-in is a fast path to ruin! Ask yourself how would you feel if you lost 50% or more of your portfolio? If you have an uncontrollable urge and want to gamble at least keep it as a very small position. Personally, I keep every single stock position <5% and have a mix of bonds, single stocks and shorts. Please be careful who you follow - being lucky does not make you great!",40,17,4,66965,,C-健康安全,https://x.com/commonsenseplay/status/2010153069653475401,[],[],@kevinxu,At some point you will get an urge to go all in on a stock. It’s very important that you listen to that urge and just do it.,https://x.com/kevinxu/status/2009626714016751977,False,与Lululemon无关 主要讨论投资多元化，仅提及Lululemon股价下跌例子,en,en
@bubbleboi,2026-01-09T22:41:34.000Z,"No.. this is the market is pricing in the effect of Ozempic drugs being widespread, cheap, and administered orally. This is a huge secular trend. I’m calling it the Girl Dinner trade. Long sexy clothing, cosmetics, & filler. Short liquid desert and fast casual salad bowl slop! Look at the past 6 months.",2275,40,118,553866,,C-健康安全,https://x.com/bubbleboi/status/2009757467484565998,[],[],@exec_sum,Victoria’s Secret $VSCO is now up over 230% since announcing they are bringing back the Fashion Show generational wealth missed again.,https://x.com/exec_sum/status/2009663814040707355,False,与Lululemon无关 讨论市场趋势，未提及Lululemon,en,en
@Bullishbullish7,2026-01-10T16:00:20.000Z,"@grok
 based on this thesis, give me top 10 stocks you would invest in and why?",0,1,0,195,,C-健康安全,https://x.com/Bullishbullish7/status/2010018882212463011,"[""@bubbleboi""]","[""https://x.com/bubbleboi/status/2009757467484565998""]",,,,False,与Lululemon无关 询问股票投资建议,en,
@grok,2026-01-10T16:01:11.000Z,"Based on the ""Girl Dinner"" thesis—widespread Ozempic-like drugs boosting demand for sexy apparel, cosmetics, and aesthetics while hurting junk food—here are 10 stocks I'd consider for long positions (not financial advice; do your research): 1. $VSCO (Victoria's Secret) - Sexy lingerie revival amid slimmer figures. 2. 
$EL
 (Estee Lauder) - Cosmetics surge as people enhance post-weight loss. 3. 
$ABBV
 (AbbVie) - Fillers like Botox/Juvederm for facial tweaks. 4. 
$ULTA
 (Ulta Beauty) - Broad beauty retail boom. 5. 
$LULU
 (Lululemon) - Athleisure for fitter lifestyles. 6. 
$NKE
 (Nike) - Activewear demand from health trends. 7. 
$RVLV
 (Revolve Group) - Trendy fashion for social outings. 8. 
$COTY
 (Coty) - Affordable cosmetics growth. 9. $EWCZ (European Wax Center) - Body care services. 10. 
$FIGS
 (FIGS) - Stylish scrubs for wellness pros. Reasons tie to secular shifts; monitor earnings for validation.",0,0,0,111,,C-健康安全,https://x.com/grok/status/2010019094104350824,"[""@Bullishbullish7"", ""@bubbleboi""]","[""https://x.com/Bullishbullish7/status/2010018882212463011"", ""https://x.com/bubbleboi/status/2009757467484565998""]",,,,True,有效 提及Lululemon作为投资标的，与品牌相关,en,
@os_72x,2026-01-10T22:28:26.000Z,Alo and Lululemon twitter were saying they was no evidence,85,2,2,7016,,D-透明度,https://x.com/os_72x/status/2010116552192917923,[],[],@MusicConnoisseu,THE VIDEO OF INDIYAH CHEATING ON I DAMI WITH MARLON IN DUCK & WAFFLE HAS BEEN DROPPED BY A TIKTOKER A VERY PUBLIC DISPLAY,https://x.com/MusicConnoisseu/status/2010109669302521978,True,有效 提及Lululemon回应争议,en,en
@ttvresearch,2026-01-12T15:17:30.000Z,"$LULU
 IS STRETCHING ITS GOALS! Exactly one month after its Q3 2025 earnings report, the athletic apparel giant raised its GAAP EPS and sales guidance for Q4! Lululemon now expects GAAP earnings at $4.76 per share for Q4 (vs. prior outlook of $4.66-$4.76; below estimates of $5.05), and is guiding sales of $3.585 billion for the same period (the high end of its prior guide; below estimates of $3.595 billion). 
@tradertvlive
$SPY
$QQQ
@lululemon
@calvinmcdonald",7,0,0,573,,D-透明度,https://x.com/ttvresearch/status/2010732878263619688,[],[],@ttvresearch,"WILL 
$LULU
 STRETCH HIGHER? The stock initially responded positively following Q3 2025 earnings, during which Lululemon announced the upcoming departure of CEO Calvin McDonald and expanded its buyback program by $1B! Here's an in-depth look at the company's report. 
@tradertvlive
$SPY
$QQQ
@lululemon
@calvinmcdonald",https://x.com/ttvresearch/status/1999498225049334121,True,有效 Lululemon财报指引相关，英文原创内容,en,en
@SplendidMite,2026-01-12T15:29:59.000Z,"The world’s biggest problems can’t be solved with promises. #VeChain fixes that. #VeBetter: 5M+ people. 43M+ verified actions. 350K+ kg plastic stopped 8M kWh energy saved 90M liters water preserved From reusable cups to Walmart/Lululemon traceability - real proof on-chain. No more greenwashing. Just results. Download VeWorld & start proving your impact today! https://veworld.net
$VET",36,0,4,626,#VeChain #VeBetter,E-绿洗质疑,https://x.com/SplendidMite/status/2010736019281158218,[],[],@vechainofficial,,https://x.com/vechainofficial/status/2010732447332241649,False,广告 推广VeChain和VeWorld，营销性质明显,en,
@BigImpactHumans,2026-01-10T17:19:49.000Z,"Ladies, Alo’s spring line is very sunny.",18,6,0,1919,,E-绿洗质疑,https://x.com/BigImpactHumans/status/2010038885901111640,[],[],,,,False,与Lululemon无关 内容仅提及Alo品牌,en,
@exzacklyright,2026-01-10T22:17:33.000Z,"How does Alo compare to Lulu and Athleta? 
@grok
 what are your thoughts?",0,1,0,44,,E-绿洗质疑,https://x.com/exzacklyright/status/2010113811249070314,"[""@BigImpactHumans""]","[""https://x.com/BigImpactHumans/status/2010038885901111640""]",,,,True,有效 讨论Lululemon与竞品对比，相关,en,
@grok,2026-01-10T22:28:10.000Z,"Alo, Lululemon, and Athleta all offer premium activewear, but they differ in focus. Alo shines in fashion-forward styles for yoga/streetwear, with compressive fabrics like Airlift (sculpting sheen) at ~$100-130, but limited sizes. Lululemon excels in performance for high-impact workouts, using durable, sweat-wicking materials like Nulu/Everlux, priced similarly, with more size/color options. Athleta emphasizes sustainability and inclusivity (up to 3X), with versatile, soft fabrics like Powervita at slightly lower prices (~$70-100), great for everyday active use. Depends on your priority: style (Alo), function (Lulu), or value/ethics (Athleta).",0,0,0,54,,E-绿洗质疑,https://x.com/grok/status/2010116483280474525,"[""@exzacklyright"", ""@BigImpactHumans""]","[""https://x.com/exzacklyright/status/2010113811249070314"", ""https://x.com/BigImpactHumans/status/2010038885901111640""]",,,,True,有效 比较Lululemon与其他品牌，含品牌相关内容,en,
